Time,ID,Ax,Ay,Az,Gx,Gy,Gz,Height,Weight
2026-05-11 17:50:45.805,1,-1.11,-1.35,1.64,27.525999999999996,2.0518000000000036,-85.2288,175,75
2026-05-11 17:50:45.812,1,-1.03,-1.48,1.66,34.116,-1.6681999999999988,-81.3888,175,75
2026-05-11 17:50:45.828,1,-0.83,-1.76,1.76,40.205999999999996,10.4618,-71.7588,175,75
2026-05-11 17:50:45.830,1,-0.76,-1.95,1.9,34.056,30.161800000000003,-55.838800000000006,175,75
2026-05-11 17:50:45.846,1,-0.53,-2.16,2.11,19.966,82.7218,-51.878800000000005,175,75
2026-05-11 17:50:45.871,1,-0.18,-1.35,2.52,25.816,182.1118,-20.598800000000004,175,75
2026-05-11 17:50:45.889,1,-0.64,-0.86,2.48,14.475999999999999,252.72179999999997,8.7312,175,75
2026-05-11 17:50:45.889,1,-0.96,-0.97,2.49,-37.774,180.2818,32.3912,175,75
2026-05-11 17:50:45.952,1,-0.95,-1.12,3.41,-94.85400000000001,205.5318,107.63119999999999,175,75
2026-05-11 17:50:45.962,1,0.27,-0.5,3.71,-68.144,67.7218,81.1112,175,75
2026-05-11 17:50:45.972,1,0.8,0.7,3.45,-3.9940000000000015,-31.6682,17.331199999999995,175,75
2026-05-11 17:50:45.972,1,0.66,1.23,2.87,49.786,-97.4582,-57.72880000000001,175,75
2026-05-11 17:50:45.993,1,0.04,0.64,2.73,186.61599999999999,-49.8982,-126.2088,175,75
2026-05-11 17:50:46.030,1,-0.2,-0.83,2.01,184.846,-296.0582,-189.8088,175,75
2026-05-11 17:50:46.042,1,-1.26,-0.82,1.55,142.46599999999998,-351.5482,-179.1388,175,75
2026-05-11 17:50:46.048,1,-2.1,-0.87,1.23,109.476,-363.4382,-159.8688,175,75
2026-05-11 17:50:46.055,1,-4.28,-0.38,0.85,63.016,-385.2082,-77.78880000000001,175,75
2026-05-11 17:50:46.079,1,-8.29,-0.61,-4.39,-15.584000000000001,-425.5682,343.0012,175,75
2026-05-11 17:50:46.090,1,2.33,-3.34,-0.39,117.28599999999999,216.2018,304.5212,175,75
2026-05-11 17:50:46.102,1,-0.59,-0.71,4.12,-36.684,889.2418,38.2412,175,75
2026-05-11 17:50:46.113,1,-0.2,-1.21,4.55,-66.494,176.2018,112.5112,175,75
2026-05-11 17:50:46.172,1,-1.38,-1.93,1.91,72.586,188.3318,-17.2388,175,75
2026-05-11 17:50:46.181,1,-0.69,-1.81,2.39,20.206,9.491800000000001,-14.928800000000003,175,75
2026-05-11 17:50:46.274,1,-0.51,-1.92,2.64,24.726,176.0718,-72.7888,175,75
2026-05-11 17:50:46.284,1,-0.4,-1.61,2.41,3.685999999999999,175.6518,-35.7188,175,75
2026-05-11 17:50:46.284,1,-0.42,-1.07,2.48,-8.874,193.3318,-3.5288000000000013,175,75
2026-05-11 17:50:46.298,1,-0.74,-0.89,2.24,-69.724,175.9518,27.4512,175,75
2026-05-11 17:50:46.298,1,-2.48,-0.84,1.41,-149.424,146.5618,90.8612,175,75
2026-05-11 17:50:46.311,1,-3.58,-2.0,0.13,-270.524,137.4818,220.3212,175,75
2026-05-11 17:50:46.311,1,-3.8,-3.3,-0.14,-362.224,198.3318,310.6212,175,75
2026-05-11 17:50:46.325,1,-4.13,-4.61,0.26,-341.25399999999996,249.4318,326.7812,175,75
2026-05-11 17:50:46.352,1,-1.08,-2.15,2.3,-393.81399999999996,134.9818,329.5212,175,75
2026-05-11 17:50:46.409,1,-0.93,-1.83,1.95,-387.414,48.3318,326.5412,175,75
2026-05-11 17:50:46.450,1,-0.63,-1.13,1.52,-348.81399999999996,60.2218,314.6512,175,75
2026-05-11 17:50:46.450,1,-0.42,-0.98,1.72,-337.534,75.6518,301.6012,175,75
2026-05-11 17:50:46.475,1,0.01,-0.51,2.2,-273.75399999999996,-26.368199999999998,241.4112,175,75
2026-05-11 17:50:46.485,1,0.05,-0.08,2.44,-229.72400000000002,-13.928199999999999,214.8912,175,75
2026-05-11 17:50:46.502,1,0.84,0.79,3.38,-119.60400000000001,53.2718,147.0812,175,75
2026-05-11 17:50:46.513,1,1.18,1.85,3.16,34.966,53.151799999999994,-15.838800000000003,175,75
2026-05-11 17:50:46.525,1,0.84,1.54,3.0,121.976,147.6018,-75.7788,175,75
2026-05-11 17:50:46.536,1,0.8,1.03,3.33,174.666,181.8718,-105.5988,175,75
2026-05-11 17:50:46.536,1,0.67,0.34,3.66,237.096,152.6018,-131.87879999999998,175,75
2026-05-11 17:50:46.548,1,0.77,-0.0,3.81,279.05600000000004,43.76180000000001,-156.3888,175,75
2026-05-11 17:50:46.557,1,0.41,-0.18,3.15,279.786,-109.3482,-195.5988,175,75
2026-05-11 17:50:46.557,1,-0.02,0.05,2.61,269.536,-150.9382,-214.7388,175,75
2026-05-11 17:50:46.634,1,-0.76,-0.12,2.04,309.29600000000005,-50.4482,-255.5388,175,75
2026-05-11 17:50:46.669,1,-1.01,-0.32,1.76,327.896,-86.4882,-252.0588,175,75
2026-05-11 17:50:46.680,1,-1.23,-0.46,1.5,327.956,-113.3782,-254.3788,175,75
2026-05-11 17:50:46.691,1,-1.3,-0.96,1.37,311.00600000000003,-124.8982,-257.11879999999996,175,75
2026-05-11 17:50:46.702,1,-1.34,-1.41,1.44,310.336,-143.1882,-265.5988,175,75
2026-05-11 17:50:46.713,1,-1.6,-1.93,1.6,295.946,-189.4682,-240.3488,175,75
2026-05-11 17:50:46.724,1,-1.84,-2.33,1.59,257.096,-244.7782,-203.5288,175,75
2026-05-11 17:50:46.724,1,-2.23,-2.41,1.25,204.96599999999998,-325.6282,-183.1588,175,75
2026-05-11 17:50:46.748,1,-2.66,-1.81,0.5,166.796,-351.5482,-178.7688,175,75
2026-05-11 17:50:46.784,1,-2.67,-0.38,0.32,121.48599999999999,-190.9982,-96.9388,175,75
2026-05-11 17:50:46.784,1,-4.43,-0.39,0.46,65.396,-166.9682,-2.3088000000000015,175,75
2026-05-11 17:50:46.816,1,-0.27,-4.4,6.37,39.596,1003.2718,-44.6788,175,75
2026-05-11 17:50:46.827,1,2.29,-0.78,4.03,34.356,412.1118,82.21119999999999,175,75
2026-05-11 17:50:46.838,1,-2.47,-2.02,3.41,-10.464,-187.8282,60.5012,175,75
2026-05-11 17:50:46.926,1,-0.54,-1.46,1.06,-243.75400000000002,-158.1282,145.3812,175,75
2026-05-11 17:50:46.939,1,-0.59,-1.84,-0.02,-182.354,-150.6882,57.82119999999999,175,75
2026-05-11 17:50:46.939,1,-1.8,-1.41,0.36,-92.29400000000001,31.8118,105.99119999999999,175,75
2026-05-11 17:50:46.951,1,-1.57,-0.74,1.13,-24.113999999999997,145.8318,98.0012,175,75
2026-05-11 17:50:46.962,1,-0.99,-0.43,1.49,-4.604000000000001,64.4318,75.38119999999999,175,75
2026-05-11 17:50:46.974,1,-1.14,-0.94,1.39,-4.664,1.131800000000002,59.46119999999999,175,75
2026-05-11 17:50:46.974,1,-1.6,-1.12,1.13,1.7359999999999989,-5.878199999999998,33.3612,175,75
2026-05-11 17:50:46.984,1,-1.81,-0.89,1.38,32.466,17.1718,1.1111999999999984,175,75
2026-05-11 17:50:46.984,1,-1.72,-0.91,1.51,53.626,46.1318,-28.528800000000004,175,75
2026-05-11 17:50:47.005,1,-1.42,-0.96,1.55,66.856,26.011800000000004,-63.278800000000004,175,75
2026-05-11 17:50:47.006,1,-1.41,-1.05,1.59,68.98599999999999,25.401800000000005,-80.1688,175,75
2026-05-11 17:50:47.018,1,-1.28,-1.21,1.73,72.526,33.3318,-98.2188,175,75
2026-05-11 17:50:47.031,1,-1.14,-1.27,1.94,71.366,39.0018,-102.2488,175,75
2026-05-11 17:50:47.043,1,-0.99,-1.3,2.05,67.956,40.1618,-103.5288,175,75
2026-05-11 17:50:47.056,1,-0.85,-1.41,2.12,62.286,47.23179999999999,-102.9788,175,75
2026-05-11 17:50:47.056,1,-0.6,-1.76,2.16,71.976,116.3818,-118.9488,175,75
2026-05-11 17:50:47.066,1,-0.36,-1.56,2.26,50.756,125.5318,-84.67880000000001,175,75
2026-05-11 17:50:47.097,1,-0.41,-0.62,2.27,-2.474000000000002,137.0518,-5.838800000000002,175,75
2026-05-11 17:50:47.126,1,-0.63,-0.14,2.67,-45.094,114.18180000000001,44.52119999999999,175,75
2026-05-11 17:50:47.139,1,-0.43,0.05,2.5,-26.744,23.091800000000003,32.8812,175,75
2026-05-11 17:50:47.151,1,0.03,0.39,2.19,-4.364000000000001,11.201800000000002,-9.558800000000002,175,75
2026-05-11 17:50:47.198,1,-0.14,0.36,2.3,74.056,-0.8181999999999974,-69.9288,175,75
2026-05-11 17:50:47.211,1,0.19,-0.04,2.49,115.14599999999999,-108.2582,-104.4988,175,75
2026-05-11 17:50:47.222,1,-0.72,-0.22,2.14,108.92599999999999,-193.6782,-99.1388,175,75
2026-05-11 17:50:47.222,1,-2.06,-0.18,1.54,83.256,-224.2882,-83.03880000000001,175,75
2026-05-11 17:50:47.242,1,-4.02,-0.18,0.41,20.456,-295.2082,-30.348800000000004,175,75
2026-05-11 17:50:47.247,1,-6.96,0.08,-1.71,-76.01400000000001,-336.0582,91.60119999999999,175,75
2026-05-11 17:50:47.253,1,-3.17,-0.49,-3.08,-146.374,-302.1582,285.0112,175,75
2026-05-11 17:50:47.265,1,-1.12,-0.2,3.72,-12.044000000000002,469.9218,73.7312,175,75
2026-05-11 17:50:47.277,1,-1.25,0.83,3.37,-121.744,186.8118,47.4512,175,75
2026-05-11 17:50:47.345,1,-1.31,-1.57,0.45,8.625999999999998,-39.8382,-16.5088,175,75
2026-05-11 17:50:47.355,1,-0.85,-1.94,1.36,54.536,79.8518,-16.878800000000002,175,75
2026-05-11 17:50:47.366,1,-0.7,-1.96,1.73,1.7359999999999989,-5.758199999999999,-33.3988,175,75
2026-05-11 17:50:47.372,1,-0.88,-2.08,1.41,-20.464,-0.5681999999999974,-40.598800000000004,175,75
2026-05-11 17:50:47.385,1,-0.8,-2.03,1.64,-6.434000000000003,58.09179999999999,-31.7588,175,75
2026-05-11 17:50:47.409,1,0.21,-2.06,2.21,-37.164,201.8118,-31.2688,175,75
2026-05-11 17:50:47.430,1,-0.26,-1.79,3.23,-111.07400000000001,351.6218,22.211199999999998,175,75
2026-05-11 17:50:47.442,1,-3.76,-2.01,1.39,-347.964,-37.0382,218.9112,175,75
2026-05-11 17:50:47.457,1,-3.16,-3.29,0.31,-452.354,-115.6882,241.2312,175,75
2026-05-11 17:50:47.481,1,-4.35,-3.3,-0.99,-448.26399999999995,29.0618,249.58120000000002,175,75
2026-05-11 17:50:47.481,1,-2.81,-2.98,-1.21,-349.484,230.8318,228.7912,175,75
2026-05-11 17:50:47.493,1,-1.69,-1.96,0.44,-268.144,364.9818,219.7112,175,75
2026-05-11 17:50:47.499,1,-1.05,-1.88,1.93,-304.794,347.9018,216.6612,175,75
2026-05-11 17:50:47.515,1,-0.62,-0.59,2.21,-351.984,75.4618,172.2112,175,75
2026-05-11 17:50:47.547,1,-0.76,-0.14,1.99,-327.294,11.561800000000002,173.9712,175,75
2026-05-11 17:50:47.547,1,-0.88,0.12,1.9,-325.154,6.381800000000002,178.00119999999998,175,75
2026-05-11 17:50:47.558,1,-0.85,0.14,1.95,-321.554,10.161800000000003,181.1712,175,75
2026-05-11 17:50:47.573,1,-0.7,0.18,2.12,-301.37399999999997,-6.608199999999998,180.8012,175,75
2026-05-11 17:50:47.573,1,-0.46,0.32,2.3,-275.94399999999996,-46.2382,182.1512,175,75
2026-05-11 17:50:47.596,1,-0.2,0.7,2.51,-214.484,-90.5082,167.3312,175,75
2026-05-11 17:50:47.623,1,0.55,1.17,2.92,-50.944,-6.668199999999999,56.8412,175,75
2026-05-11 17:50:47.633,1,0.42,1.44,2.75,0.395999999999999,36.201800000000006,21.961199999999998,175,75
2026-05-11 17:50:47.645,1,0.16,1.33,2.77,72.096,149.9218,-17.788800000000002,175,75
2026-05-11 17:50:47.662,1,0.3,0.73,3.46,149.906,160.5318,-34.808800000000005,175,75
2026-05-11 17:50:47.676,1,0.56,0.65,3.51,184.416,9.731800000000003,-66.2688,175,75
2026-05-11 17:50:47.682,1,0.16,0.48,2.9,190.456,-133.0082,-93.39880000000001,175,75
2026-05-11 17:50:47.696,1,-0.07,0.35,2.42,191.736,-166.1782,-109.06880000000001,175,75
2026-05-11 17:50:47.707,1,-0.26,0.36,1.95,201.186,-175.1482,-132.1188,175,75
2026-05-11 17:50:47.724,1,-0.48,0.12,1.67,249.536,-85.9982,-160.3488,175,75
2026-05-11 17:50:47.746,1,-0.51,0.05,1.82,256.676,-71.9082,-179.3788,175,75
2026-05-11 17:50:47.753,1,-0.52,0.06,1.88,263.50600000000003,-70.4482,-190.71880000000002,175,75
2026-05-11 17:50:47.792,1,-0.9,-0.22,1.88,289.17600000000004,-72.7682,-204.9288,175,75
2026-05-11 17:50:47.803,1,-0.77,-0.4,1.85,300.576,-93.4982,-210.71880000000002,175,75
2026-05-11 17:50:47.803,1,-0.78,-0.61,1.8,306.00600000000003,-112.15820000000001,-224.3788,175,75
2026-05-11 17:50:47.815,1,-0.75,-0.89,1.75,312.166,-122.3382,-238.4588,175,75
2026-05-11 17:50:47.828,1,-0.78,-1.18,1.76,317.466,-143.4382,-252.6088,175,75
2026-05-11 17:50:47.840,1,-0.78,-1.67,1.91,321.916,-172.7682,-263.0388,175,75
2026-05-11 17:50:47.847,1,-0.84,-2.22,2.07,308.92600000000004,-195.9382,-260.8388,175,75
2026-05-11 17:50:47.879,1,-1.62,-2.71,1.77,210.696,-337.7682,-259.98879999999997,175,75
2026-05-11 17:50:47.889,1,-2.36,-2.15,1.24,178.686,-372.9482,-245.0488,175,75
2026-05-11 17:50:47.900,1,-4.56,-1.15,0.67,149.11599999999999,-357.0382,-192.7888,175,75
2026-05-11 17:50:47.937,1,12.73,-6.72,3.23,351.00600000000003,199.0018,384.2812,175,75
2026-05-11 17:50:47.958,1,5.4,1.08,3.11,56.616,983.5718,-160.3488,175,75
2026-05-11 17:50:47.993,1,-1.38,-0.89,-0.0,-225.88400000000001,-292.7082,64.71119999999999,175,75
2026-05-11 17:50:47.993,1,-1.21,-1.29,-0.47,-60.764,-66.5482,55.07119999999999,175,75
2026-05-11 17:50:48.004,1,-1.73,-1.88,0.89,23.746,151.8718,50.9912,175,75
2026-05-11 17:50:48.029,1,-1.21,-1.0,1.91,8.565999999999999,178.5718,58.85119999999999,175,75
2026-05-11 17:50:48.040,1,-1.5,-1.11,1.07,-15.764000000000001,-48.188199999999995,16.3512,175,75
2026-05-11 17:50:48.048,1,-1.61,-1.03,1.19,32.525999999999996,23.151800000000005,-16.208800000000004,175,75
2026-05-11 17:50:48.061,1,-1.56,-1.06,1.63,62.776,60.041799999999995,-41.3888,175,75
2026-05-11 17:50:48.075,1,-1.32,-1.11,1.8,53.386,61.561800000000005,-54.4988,175,75
2026-05-11 17:50:48.086,1,-1.24,-1.09,1.81,39.236,34.12180000000001,-67.4888,175,75
2026-05-11 17:50:48.108,1,-1.22,-1.21,1.87,40.946,58.571799999999996,-77.36880000000001,175,75
2026-05-11 17:50:48.118,1,-0.97,-1.3,2.08,38.315999999999995,74.4318,-63.338800000000006,175,75
2026-05-11 17:50:48.140,1,-0.77,-1.26,2.24,46.796,107.84179999999999,-96.8788,175,75
2026-05-11 17:50:48.177,1,-0.64,-1.28,2.29,11.185999999999998,127.3518,-44.8688,175,75
2026-05-11 17:50:48.177,1,-0.54,-1.32,2.36,-5.644,148.3318,-25.538800000000002,175,75
2026-05-11 17:50:48.274,1,-0.4,0.02,2.9,-30.403999999999996,96.3218,71.1112,175,75
2026-05-11 17:50:48.286,1,0.18,0.41,2.67,76.79599999999999,-90.0782,-36.9388,175,75
2026-05-11 17:50:48.286,1,0.13,0.33,2.65,93.196,-177.0982,-61.088800000000006,175,75
2026-05-11 17:50:48.301,1,-0.18,-0.09,2.13,97.776,-304.4082,-112.2488,175,75
2026-05-11 17:50:48.301,1,-0.8,-0.17,1.68,81.246,-345.6282,-115.89880000000001,175,75
2026-05-11 17:50:48.313,1,-3.01,-0.09,1.12,68.866,-380.7582,-98.2788,175,75
2026-05-11 17:50:48.324,1,-6.48,0.18,-0.42,-0.5840000000000014,-427.5782,-26.028800000000004,175,75
2026-05-11 17:50:48.337,1,-8.5,0.4,-2.96,-26.314,-378.4982,134.9512,175,75
2026-05-11 17:50:48.354,1,-2.56,-2.36,1.49,136.426,703.9418,53.7912,175,75
2026-05-11 17:50:48.354,1,-0.66,-0.03,2.84,-61.614,434.3118,53.49119999999999,175,75
2026-05-11 17:50:48.367,1,-1.26,0.33,3.51,-83.634,293.0918,48.2412,175,75
2026-05-11 17:50:48.389,1,0.42,-2.38,3.93,10.636,-42.6482,44.8912,175,75
2026-05-11 17:50:48.389,1,-1.16,-1.86,2.19,-107.834,-191.2382,58.85119999999999,175,75
2026-05-11 17:50:48.411,1,-0.88,-1.25,0.64,-114.54400000000001,-150.8782,51.6012,175,75
2026-05-11 17:50:48.421,1,-1.21,-1.52,0.45,-39.484,-35.688199999999995,37.151199999999996,175,75
2026-05-11 17:50:48.463,1,-1.01,-1.81,1.41,11.975999999999999,72.3518,25.621199999999995,175,75
2026-05-11 17:50:48.463,1,-1.0,-1.67,2.12,-16.864000000000004,26.5618,14.521199999999999,175,75
2026-05-11 17:50:48.485,1,-1.1,-1.79,1.72,-40.403999999999996,45.40180000000001,-4.498800000000002,175,75
2026-05-11 17:50:48.496,1,-0.93,-1.86,1.98,-26.253999999999998,95.8918,-1.0288000000000022,175,75
2026-05-11 17:50:48.496,1,-0.7,-2.03,2.28,-13.574,145.4018,2.5711999999999993,175,75
2026-05-11 17:50:48.529,1,0.4,-2.63,1.71,-30.464,260.8318,-1.3888000000000016,175,75
2026-05-11 17:50:48.557,1,-1.08,-1.12,1.34,-79.85400000000001,271.8718,-11.148800000000001,175,75
2026-05-11 17:50:48.569,1,-2.54,-0.32,2.27,-198.63400000000001,335.2218,112.5112,175,75
2026-05-11 17:50:48.582,1,-2.95,-1.44,1.6,-199.794,2.7218000000000018,149.5812,175,75
2026-05-11 17:50:48.699,1,-1.18,-0.91,0.71,-207.714,113.15180000000001,182.2712,175,75
2026-05-11 17:50:48.728,1,-0.92,-0.33,1.46,-212.41400000000002,137.2918,146.4712,175,75
2026-05-11 17:50:48.748,1,-0.82,-0.1,1.68,-207.104,130.8318,136.4112,175,75
2026-05-11 17:50:48.761,1,-0.45,0.55,1.96,-129.124,-35.9982,92.6912,175,75
2026-05-11 17:50:48.784,1,-0.24,0.78,2.07,-53.083999999999996,-53.8682,40.9312,175,75
2026-05-11 17:50:48.784,1,-0.2,0.76,2.07,-19.484,-68.0082,0.26119999999999877,175,75
2026-05-11 17:50:48.795,1,-0.24,0.64,1.97,34.906,-56.178200000000004,-61.3888,175,75
2026-05-11 17:50:48.806,1,-0.36,0.63,1.93,59.666000000000004,-42.4582,-76.81880000000001,175,75
2026-05-11 17:50:48.817,1,-0.43,0.6,1.91,86.48599999999999,-32.398199999999996,-96.9388,175,75
2026-05-11 17:50:48.817,1,-0.53,0.59,1.92,105.756,-27.7682,-110.53880000000001,175,75
2026-05-11 17:50:48.834,1,-0.61,0.41,1.96,153.80599999999998,-20.998199999999997,-142.1788,175,75
2026-05-11 17:50:48.843,1,-0.64,0.33,1.93,176.61599999999999,-22.3982,-158.0988,175,75
2026-05-11 17:50:48.849,1,-0.64,0.23,1.89,199.666,-25.6882,-173.9488,175,75
2026-05-11 17:50:48.861,1,-0.67,0.15,1.84,215.636,-28.798199999999998,-183.0988,175,75
2026-05-11 17:50:48.889,1,-0.63,-0.07,1.73,249.296,-29.228199999999998,-187.3088,175,75
2026-05-11 17:50:48.900,1,-0.71,-0.25,1.65,256.556,-59.2882,-186.93880000000001,175,75
2026-05-11 17:50:48.911,1,-0.71,-0.44,1.54,261.06600000000003,-74.0482,-194.9288,175,75
2026-05-11 17:50:48.929,1,-1.23,-0.94,1.63,249.476,-148.4382,-200.6588,175,75
2026-05-11 17:50:48.938,1,-1.25,-1.17,1.84,232.286,-179.6582,-188.0388,175,75
2026-05-11 17:50:48.994,1,-1.81,-1.31,1.47,121.556,-405.2082,-139.6188,175,75
2026-05-11 17:50:49.005,1,-2.11,-0.96,1.1,88.076,-419.0482,-118.4588,175,75
2026-05-11 17:50:49.019,1,-2.38,-0.53,0.7,63.626,-382.5182,-102.78880000000001,175,75
2026-05-11 17:50:49.045,1,-7.95,-0.03,-1.25,-18.573999999999998,-184.5982,92.5112,175,75
2026-05-11 17:50:49.096,1,0.33,-1.97,1.26,-260.274,-259.40819999999997,81.35119999999999,175,75
2026-05-11 17:50:49.110,1,-0.94,-0.8,0.49,-211.624,-205.3282,64.71119999999999,175,75
2026-05-11 17:50:49.118,1,-1.24,-1.15,0.76,-88.20400000000001,-76.48819999999999,50.441199999999995,175,75
2026-05-11 17:50:49.137,1,-1.05,-1.32,1.72,-51.194,51.1318,70.13119999999999,175,75
2026-05-11 17:50:49.147,1,-1.0,-0.63,1.32,-41.804,-29.718199999999996,66.96119999999999,175,75
2026-05-11 17:50:49.164,1,-1.53,-1.05,1.14,35.146,33.2118,15.741199999999997,175,75
2026-05-11 17:50:49.191,1,-1.39,-0.99,1.75,51.856,39.2418,-30.778800000000004,175,75
2026-05-11 17:50:49.220,1,-1.41,-0.96,1.64,48.866,21.261800000000004,-62.3688,175,75
2026-05-11 17:50:49.235,1,-1.23,-1.04,1.87,63.926,47.6018,-86.50880000000001,175,75
2026-05-11 17:50:49.243,1,-1.08,-1.08,1.96,63.566,45.1018,-92.36880000000001,175,75
2026-05-11 17:50:49.286,1,-0.95,-1.05,1.85,49.476,51.811800000000005,-86.8788,175,75
2026-05-11 17:50:49.332,1,-0.73,-0.96,1.93,34.296,62.84179999999999,-62.668800000000005,175,75
2026-05-11 17:50:49.332,1,-0.78,-0.71,2.11,24.055999999999997,59.921800000000005,-39.4388,175,75
2026-05-11 17:50:49.332,1,-0.83,-0.53,2.22,12.956,37.9618,-20.7188,175,75
2026-05-11 17:50:49.343,1,-1.1,-0.44,2.02,-11.744000000000002,-4.3481999999999985,2.6911999999999985,175,75
2026-05-11 17:50:49.372,1,-1.09,-0.06,1.62,-44.544,-12.828199999999999,40.441199999999995,175,75
2026-05-11 17:50:49.383,1,-1.11,0.02,1.66,-46.804,-41.4882,47.331199999999995,175,75
2026-05-11 17:50:49.383,1,-0.98,0.09,1.81,-43.024,-62.9482,46.291199999999996,175,75
2026-05-11 17:50:49.395,1,-0.48,0.09,1.88,-37.294,-89.9582,39.9512,175,75
2026-05-11 17:50:49.407,1,-0.48,0.35,1.35,-35.214,-135.0182,15.8012,175,75
2026-05-11 17:50:49.437,1,-1.46,0.69,1.2,-25.464,-121.7882,13.431199999999999,175,75
2026-05-11 17:50:49.449,1,-1.5,0.43,0.74,-33.994,-128.9282,26.231199999999994,175,75
2026-05-11 17:50:49.462,1,-3.05,0.3,0.56,-58.99399999999999,-118.0082,54.0412,175,75
2026-05-11 17:50:49.491,1,-1.77,-0.24,1.09,-39.364,58.2718,71.7212,175,75
2026-05-11 17:50:49.514,1,-0.9,-0.64,2.84,56.736,160.2218,65.38119999999999,175,75
2026-05-11 17:50:49.527,1,-1.43,-1.15,3.49,41.126,38.451800000000006,52.3912,175,75
2026-05-11 17:50:49.538,1,-0.76,-2.03,2.27,-19.794000000000004,-90.3882,65.93119999999999,175,75
2026-05-11 17:50:49.549,1,-0.98,-1.18,1.16,-53.38399999999999,-104.5982,45.0712,175,75
2026-05-11 17:50:49.549,1,-0.87,-1.08,0.88,-8.694,-32.3382,29.221199999999996,175,75
2026-05-11 17:50:49.561,1,-0.98,-1.47,1.4,29.966,17.3518,0.381199999999998,175,75
2026-05-11 17:50:49.561,1,-0.88,-1.77,1.89,31.555999999999997,31.0718,3.7311999999999976,175,75
2026-05-11 17:50:49.580,1,-0.7,-2.15,1.96,6.675999999999998,-13.678199999999999,11.0512,175,75
2026-05-11 17:50:49.580,1,-0.83,-2.21,1.64,-19.484,-43.9882,14.221199999999998,175,75
2026-05-11 17:50:49.591,1,-1.09,-1.87,1.5,-7.774000000000003,30.951800000000002,-7.8488000000000016,175,75
2026-05-11 17:50:49.601,1,-0.8,-2.26,2.22,-22.653999999999996,84.73179999999999,-10.168800000000001,175,75
2026-05-11 17:50:49.617,1,-0.29,-2.68,2.7,-53.264,113.5718,12.151199999999998,175,75
2026-05-11 17:50:49.642,1,0.49,-3.31,2.31,-38.204,253.7018,-31.998800000000003,175,75
2026-05-11 17:50:49.654,1,0.11,-2.25,2.59,-88.57400000000001,339.1818,23.911199999999994,175,75
2026-05-11 17:50:49.667,1,-2.03,-0.76,2.67,-141.314,244.3718,62.3912,175,75
2026-05-11 17:50:49.668,1,-3.35,-0.92,2.49,-198.204,95.7718,114.5212,175,75
2026-05-11 17:50:49.725,1,-2.59,-1.54,1.92,-255.46400000000003,22.1118,184.4612,175,75
2026-05-11 17:50:49.725,1,-2.77,-1.8,0.74,-274.604,-28.1882,172.6912,175,75
2026-05-11 17:50:49.736,1,-3.09,-1.39,0.08,-253.57399999999998,32.7218,204.4012,175,75
2026-05-11 17:50:49.759,1,-1.34,-1.41,0.26,-168.38400000000001,224.1218,184.3412,175,75
2026-05-11 17:50:49.775,1,-1.18,-1.0,1.13,-126.25400000000002,255.53179999999998,200.0712,175,75
2026-05-11 17:50:49.775,1,-0.81,-0.82,1.58,-155.214,212.1118,174.0412,175,75
2026-05-11 17:50:49.785,1,-0.74,-0.29,1.69,-173.814,142.5418,159.4012,175,75
2026-05-11 17:50:49.798,1,-0.67,0.05,1.7,-159.304,100.5318,152.9412,175,75
2026-05-11 17:50:49.798,1,-0.63,0.28,1.74,-138.38400000000001,64.1218,142.1512,175,75
2026-05-11 17:50:49.827,1,-0.38,0.77,1.75,-72.164,-60.1482,86.96119999999999,175,75
2026-05-11 17:50:49.838,1,-0.45,0.85,1.7,-27.714,-50.26819999999999,53.551199999999994,175,75
2026-05-11 17:50:49.849,1,-0.42,1.0,1.75,-0.8240000000000016,-32.2782,31.291199999999996,175,75
2026-05-11 17:50:49.856,1,-0.38,1.05,1.76,29.665999999999997,-30.6282,0.13119999999999798,175,75
2026-05-11 17:50:49.869,1,-0.5,1.04,1.78,80.51599999999999,6.931800000000003,-46.5088,175,75
2026-05-11 17:50:49.894,1,-0.5,0.96,1.92,121.916,39.061800000000005,-62.4288,175,75
2026-05-11 17:50:49.917,1,-0.48,0.79,1.92,137.466,28.941800000000004,-74.6188,175,75
2026-05-11 17:50:49.917,1,-0.49,0.66,1.88,147.166,28.0318,-85.3488,175,75
2026-05-11 17:50:49.984,1,-0.55,0.5,1.81,201.916,31.621800000000004,-135.59879999999998,175,75
2026-05-11 17:50:49.996,1,-0.53,0.2,1.72,219.846,-11.178199999999997,-154.49880000000002,175,75
2026-05-11 17:50:50.063,1,-0.52,-0.16,1.54,231.126,-40.688199999999995,-164.1388,175,75
2026-05-11 17:50:50.084,1,-1.41,-1.29,1.62,205.08599999999998,-193.9882,-173.3988,175,75
2026-05-11 17:50:50.097,1,-1.7,-1.47,1.43,161.006,-269.46819999999997,-145.2288,175,75
2026-05-11 17:50:50.114,1,-1.66,-1.31,1.03,117.466,-285.9982,-114.06880000000001,175,75
2026-05-11 17:50:50.115,1,-1.82,-0.97,0.55,76.916,-253.4982,-93.3388,175,75
2026-05-11 17:50:50.127,1,-6.13,-0.35,0.05,39.356,-230.1482,-16.9388,175,75
2026-05-11 17:50:50.136,1,-10.6,-0.54,-2.19,0.14599999999999902,-145.44819999999999,4.891199999999998,175,75
2026-05-11 17:50:50.179,1,-2.1,-1.79,4.49,-1.684000000000001,-2.3381999999999987,99.8312,175,75
2026-05-11 17:50:50.209,1,-1.45,-0.25,-0.44,-204.304,-284.6582,63.49119999999999,175,75
2026-05-11 17:50:50.220,1,-1.62,-0.84,-0.3,-71.924,-56.178200000000004,53.1812,175,75
2026-05-11 17:50:50.288,1,-1.7,-1.68,1.41,9.595999999999998,174.6718,55.32119999999999,175,75
2026-05-11 17:50:50.304,1,-0.99,-1.24,2.4,-0.5840000000000014,154.6118,57.941199999999995,175,75
2026-05-11 17:50:50.324,1,-0.87,-0.81,1.96,-53.023999999999994,-22.218199999999996,51.541199999999996,175,75
2026-05-11 17:50:50.324,1,-1.2,-0.72,1.27,-59.114,-86.1182,36.84119999999999,175,75
2026-05-11 17:50:50.387,1,-1.08,-1.19,1.63,72.166,29.3118,-89.86880000000001,175,75
2026-05-11 17:50:50.424,1,-0.51,-1.68,1.95,83.68599999999999,73.8218,-130.34879999999998,175,75
2026-05-11 17:50:50.425,1,-0.71,-1.44,2.07,50.636,62.171800000000005,-82.6088,175,75
2026-05-11 17:50:50.445,1,-0.65,-0.9,2.32,26.246,88.2718,-41.1488,175,75
2026-05-11 17:50:50.452,1,-0.97,-0.62,2.28,2.0359999999999996,51.87179999999999,-16.088800000000003,175,75
2026-05-11 17:50:50.463,1,-1.23,-0.42,2.1,-31.134,41.01180000000001,12.8212,175,75
2026-05-11 17:50:50.475,1,-0.59,0.13,2.13,-54.974,12.481800000000003,34.7112,175,75
2026-05-11 17:50:50.495,1,-0.54,0.28,2.04,-50.153999999999996,-61.6082,27.941199999999995,175,75
2026-05-11 17:50:50.495,1,-0.47,0.42,2.18,-26.014000000000003,-86.4882,12.8212,175,75
2026-05-11 17:50:50.506,1,-0.15,0.4,2.42,-1.3740000000000006,-96.3682,-10.108800000000002,175,75
2026-05-11 17:50:50.514,1,-1.36,0.56,1.79,13.625999999999998,-253.9282,-36.6388,175,75
2026-05-11 17:50:50.541,1,-4.71,0.59,-0.21,-27.043999999999997,-213.0082,7.2711999999999986,175,75
2026-05-11 17:50:50.577,1,-0.76,-1.06,4.08,93.68599999999999,372.4818,50.5012,175,75
2026-05-11 17:50:50.609,1,-0.24,-2.1,2.49,-50.824,-163.6182,55.5612,175,75
2026-05-11 17:50:50.630,1,-1.01,-0.94,0.72,-33.694,-40.4482,24.041199999999996,175,75
2026-05-11 17:50:50.659,1,-0.72,-2.3,1.87,-2.8340000000000014,-5.998199999999999,-5.778800000000001,175,75
2026-05-11 17:50:50.670,1,-0.65,-2.11,1.66,-29.854,-18.318199999999997,-6.448800000000001,175,75
2026-05-11 17:50:50.681,1,-0.77,-1.96,1.53,-27.164,10.041800000000002,-8.038800000000002,175,75
2026-05-11 17:50:50.694,1,-0.75,-2.04,1.72,-11.374,46.3818,-6.148800000000001,175,75
2026-05-11 17:50:50.732,1,-0.78,-2.26,2.1,-6.254,80.7118,1.1111999999999984,175,75
2026-05-11 17:50:50.743,1,-0.59,-2.6,2.43,-8.814000000000002,110.40180000000001,14.771199999999999,175,75
2026-05-11 17:50:50.743,1,-0.53,-3.31,2.89,14.475999999999999,218.8218,19.461199999999998,175,75
2026-05-11 17:50:50.758,1,0.68,-3.91,3.04,-7.834000000000001,317.7218,-3.6488000000000014,175,75
2026-05-11 17:50:50.758,1,-0.46,-2.14,2.94,-56.74399999999999,332.9618,20.931199999999997,175,75
2026-05-11 17:50:50.773,1,-3.09,-0.68,2.18,-121.744,190.8318,66.6612,175,75
2026-05-11 17:50:50.784,1,-3.76,-1.15,1.19,-220.464,172.7818,179.5812,175,75
2026-05-11 17:50:50.784,1,-2.52,-2.2,-0.03,-285.584,129.2418,184.8312,175,75
2026-05-11 17:50:50.795,1,-3.03,-2.41,-1.3,-281.43399999999997,214.3118,170.3812,175,75
2026-05-11 17:50:50.835,1,-1.55,-1.67,0.7,-175.404,313.7618,194.3412,175,75
2026-05-11 17:50:50.835,1,-1.14,-1.28,1.34,-245.27400000000003,203.2118,184.7112,175,75
2026-05-11 17:50:50.835,1,-1.0,-0.67,1.44,-294.724,78.3918,174.8312,175,75
2026-05-11 17:50:50.897,1,-0.93,-0.14,1.38,-287.534,11.501800000000003,181.8412,175,75
2026-05-11 17:50:50.907,1,-0.93,0.2,1.33,-269.794,-29.048199999999998,178.3612,175,75
2026-05-11 17:50:50.907,1,-0.98,0.5,1.25,-265.464,-26.4882,184.7712,175,75
2026-05-11 17:50:50.907,1,-0.9,0.58,1.35,-264.484,-20.208199999999998,188.3612,175,75
2026-05-11 17:50:50.962,1,-0.26,0.74,2.23,-184.244,-58.438199999999995,155.56119999999999,175,75
2026-05-11 17:50:50.975,1,-0.06,0.68,2.42,-150.03400000000002,-45.8182,145.0712,175,75
2026-05-11 17:50:50.986,1,0.22,0.84,2.67,-105.274,-35.5682,116.60119999999999,175,75
2026-05-11 17:50:50.997,1,0.42,1.15,2.84,-58.443999999999996,-6.7281999999999975,66.8412,175,75
2026-05-11 17:50:50.997,1,0.49,1.01,2.68,-2.9040000000000017,18.511800000000004,18.1212,175,75
2026-05-11 17:50:51.008,1,0.32,0.88,2.65,44.536,65.0418,-7.178800000000002,175,75
2026-05-11 17:50:51.020,1,0.33,0.79,2.82,89.666,93.8818,-29.808800000000005,175,75
2026-05-11 17:50:51.043,1,0.31,0.77,2.99,125.51599999999999,79.9218,-45.778800000000004,175,75
2026-05-11 17:50:51.064,1,0.09,0.58,2.69,175.206,-43.3182,-93.8888,175,75
2026-05-11 17:50:51.064,1,-0.05,0.43,2.46,186.976,-71.7882,-109.8088,175,75
2026-05-11 17:50:51.064,1,-0.19,0.27,2.26,204.356,-89.5382,-127.11880000000001,175,75
2026-05-11 17:50:51.076,1,-0.32,0.12,2.05,219.05599999999998,-90.26820000000001,-147.6088,175,75
2026-05-11 17:50:51.095,1,-0.53,-0.05,1.88,241.30599999999998,-73.7982,-179.49880000000002,175,75
2026-05-11 17:50:51.095,1,-0.68,-0.19,1.86,254.596,-70.2682,-193.21880000000002,175,75
2026-05-11 17:50:51.121,1,-0.78,-0.32,1.86,263.50600000000003,-63.188199999999995,-209.9288,175,75
2026-05-11 17:50:51.121,1,-0.67,-0.44,1.84,269.846,-58.6182,-225.2288,175,75
2026-05-11 17:50:51.158,1,-1.15,-1.26,1.36,260.696,-74.8982,-225.71880000000002,175,75
2026-05-11 17:50:51.263,1,-11.06,-2.11,-3.73,-87.65400000000001,-566.2982,154.4012,175,75
2026-05-11 17:50:51.299,1,6.03,-9.37,2.1,291.61600000000004,240.10180000000003,221.8412,175,75
2026-05-11 17:50:51.308,1,-2.96,-1.5,4.81,-59.663999999999994,44.671800000000005,93.0012,175,75
2026-05-11 17:50:51.320,1,0.21,-2.34,2.23,-132.53400000000002,-278.1282,114.0412,175,75
2026-05-11 17:50:51.320,1,-0.98,-0.54,0.55,-154.854,-221.0582,123.18119999999999,175,75
2026-05-11 17:50:51.350,1,-1.21,-1.39,-0.12,-86.924,-127.0982,64.71119999999999,175,75
2026-05-11 17:50:51.350,1,-1.61,-1.84,0.24,-16.194000000000003,28.5718,43.2412,175,75
2026-05-11 17:50:51.361,1,-1.39,-1.45,1.81,35.635999999999996,171.1318,52.151199999999996,175,75
2026-05-11 17:50:51.361,1,-0.79,-1.07,2.16,-0.2740000000000009,66.6818,46.721199999999996,175,75
2026-05-11 17:50:51.380,1,-1.59,-0.99,1.02,-18.384,-24.538199999999996,-3.5288000000000013,175,75
2026-05-11 17:50:51.441,1,-1.39,-0.95,1.8,43.016,20.4618,-66.2088,175,75
2026-05-11 17:50:51.462,1,-1.25,-1.11,1.59,44.116,8.821800000000003,-94.4988,175,75
2026-05-11 17:50:51.462,1,-1.17,-1.06,1.62,55.886,23.451800000000002,-103.8288,175,75
2026-05-11 17:50:51.475,1,-1.17,-1.14,1.72,62.466,34.671800000000005,-118.03880000000001,175,75
2026-05-11 17:50:51.539,1,-1.1,-0.72,1.96,69.056,93.2118,-89.06880000000001,175,75
2026-05-11 17:50:51.539,1,-0.9,-0.72,2.1,47.096000000000004,71.3818,-91.9388,175,75
2026-05-11 17:50:51.553,1,-0.78,-0.58,2.09,31.856,20.831800000000005,-72.0588,175,75
2026-05-11 17:50:51.575,1,-0.88,-0.57,1.99,16.976,0.4618000000000002,-58.3988,175,75
2026-05-11 17:50:51.606,1,-1.19,-0.54,1.73,-12.834000000000001,-16.908199999999997,-30.778800000000004,175,75
2026-05-11 17:50:51.649,1,-0.74,-0.05,2.2,-49.184,-45.01819999999999,87.0812,175,75
2026-05-11 17:50:51.687,1,0.39,-0.06,1.24,-51.014,-79.9582,13.851199999999997,175,75
2026-05-11 17:50:51.711,1,-0.16,0.52,2.45,40.205999999999996,192.1718,31.051199999999994,175,75
2026-05-11 17:50:51.747,1,-1.74,-0.37,1.36,-7.534000000000001,-260.2082,13.3012,175,75
2026-05-11 17:50:51.760,1,-1.23,-2.71,3.26,42.406,52.0518,71.1712,175,75
2026-05-11 17:50:51.817,1,-1.32,-0.32,0.95,-76.744,-141.5482,14.1612,175,75
2026-05-11 17:50:51.839,1,-1.08,-2.1,1.43,12.956,-31.178199999999997,-55.168800000000005,175,75
2026-05-11 17:50:51.850,1,-1.23,-1.45,1.23,43.016,1.011800000000001,-75.28880000000001,175,75
2026-05-11 17:50:51.861,1,-1.25,-1.47,1.34,62.706,24.1818,-98.2788,175,75
2026-05-11 17:50:51.872,1,-1.19,-1.6,1.55,71.916,47.0518,-116.8788,175,75
2026-05-11 17:50:51.882,1,-0.34,-2.12,2.22,93.866,151.8118,-137.9188,175,75
2026-05-11 17:50:51.894,1,-0.32,-0.97,1.91,19.415999999999997,108.8218,-65.9588,175,75
2026-05-11 17:50:51.904,1,-0.57,-0.57,1.53,12.036,125.5918,-58.098800000000004,175,75
2026-05-11 17:50:51.920,1,-1.81,-0.64,1.18,-52.414,194.5518,-1.698800000000002,175,75
2026-05-11 17:50:51.920,1,-3.51,-0.96,0.74,-148.69400000000002,247.66179999999997,72.57119999999999,175,75
2026-05-11 17:50:51.960,1,-2.91,-3.95,1.04,-315.82399999999996,213.5718,277.0212,175,75
2026-05-11 17:50:51.960,1,-1.9,-2.84,1.39,-320.88399999999996,165.7118,296.4112,175,75
2026-05-11 17:50:51.965,1,-1.5,-2.07,1.51,-377.594,112.11179999999999,309.2812,175,75
2026-05-11 17:50:51.981,1,-1.4,-1.37,1.27,-354.364,123.39179999999999,311.4712,175,75
2026-05-11 17:50:51.994,1,-1.06,-1.14,1.54,-324.424,163.3918,304.5812,175,75
2026-05-11 17:50:52.009,1,-0.82,-0.92,1.82,-322.414,169.1218,294.8312,175,75
2026-05-11 17:50:52.009,1,-0.6,-0.73,2.0,-335.94399999999996,134.7918,278.7912,175,75
2026-05-11 17:50:52.036,1,-0.38,-0.58,2.04,-326.31399999999996,29.4918,260.3812,175,75
2026-05-11 17:50:52.048,1,-0.27,-0.47,2.05,-311.49399999999997,-13.738199999999999,257.2712,175,75
2026-05-11 17:50:52.069,1,-0.14,-0.34,2.11,-288.93399999999997,-55.87819999999999,254.46120000000002,175,75
2026-05-11 17:50:52.070,1,-0.06,-0.21,2.23,-263.38399999999996,-76.5482,243.3012,175,75
2026-05-11 17:50:52.079,1,0.13,-0.05,2.47,-232.16400000000002,-62.2782,224.5212,175,75
2026-05-11 17:50:52.092,1,0.81,0.51,2.94,-146.014,-55.1482,146.8412,175,75
2026-05-11 17:50:52.106,1,0.98,0.83,2.99,-103.144,-53.0082,95.2512,175,75
2026-05-11 17:50:52.144,1,0.56,1.23,2.78,47.526,26.8118,-21.0888,175,75
2026-05-11 17:50:52.155,1,0.45,0.93,2.94,121.06599999999999,57.3518,-68.5888,175,75
2026-05-11 17:50:52.155,1,0.37,0.62,3.13,177.706,41.62180000000001,-104.1388,175,75
2026-05-11 17:50:52.166,1,0.29,0.18,3.04,220.816,-27.7682,-139.3188,175,75
2026-05-11 17:50:52.180,1,0.02,0.05,2.6,236.36599999999999,-72.2782,-170.4188,175,75
2026-05-11 17:50:52.260,1,-0.15,-0.09,2.19,245.516,-72.9482,-195.5388,175,75
2026-05-11 17:50:52.260,1,-0.37,-0.13,1.92,262.226,-58.98819999999999,-213.0388,175,75
2026-05-11 17:50:52.260,1,-0.46,-0.27,1.78,295.81600000000003,-36.298199999999994,-229.9288,175,75
2026-05-11 17:50:52.260,1,-0.54,-0.47,1.81,315.276,-21.2382,-243.21880000000002,175,75
2026-05-11 17:50:52.275,1,-0.61,-0.63,1.87,319.29600000000005,-26.4882,-256.6988,175,75
2026-05-11 17:50:52.289,1,-0.69,-0.65,1.94,320.946,-30.9382,-266.8188,175,75
2026-05-11 17:50:52.317,1,-0.67,-0.76,1.95,328.446,-73.98819999999999,-265.04879999999997,175,75
2026-05-11 17:50:52.317,1,-0.96,-1.05,1.59,317.706,-135.5682,-253.1588,175,75
2026-05-11 17:50:52.362,1,-1.53,-1.66,1.39,197.036,-256.6082,-216.1488,175,75
2026-05-11 17:50:52.384,1,-3.47,-0.74,0.82,120.886,-376.6082,-149.1988,175,75
2026-05-11 17:50:52.395,1,-12.08,-1.01,-3.05,11.425999999999998,-590.9382,-150.2888,175,75
2026-05-11 17:50:52.409,1,6.04,-1.74,-1.89,-10.464,-730.9982,1220.6212,175,75
2026-05-11 17:50:52.418,1,-0.55,-7.81,5.44,271.79600000000005,639.3118,-165.7788,175,75
2026-05-11 17:50:52.429,1,0.11,0.29,3.13,-70.944,563.5718,-64.3788,175,75
2026-05-11 17:50:52.492,1,-1.59,-1.85,0.69,14.966,137.6018,16.6012,175,75
2026-05-11 17:50:52.501,1,-0.8,-1.07,1.79,23.256,76.0118,10.191199999999997,175,75
2026-05-11 17:50:52.521,1,-1.17,-1.1,1.8,-2.0440000000000005,-2.458199999999998,-1.8788000000000018,175,75
2026-05-11 17:50:52.521,1,-1.59,-1.07,1.36,4.535999999999999,-21.2382,-30.598800000000004,175,75
2026-05-11 17:50:52.535,1,-1.56,-1.03,1.34,31.065999999999995,-1.5481999999999978,-50.0488,175,75
2026-05-11 17:50:52.618,1,-0.93,-1.35,1.63,91.366,129.1818,-165.2288,175,75
2026-05-11 17:50:52.634,1,-0.77,-0.87,1.81,95.45599999999999,175.8918,-110.1688,175,75
2026-05-11 17:50:52.648,1,-0.58,-0.7,2.18,73.386,139.6118,-79.00880000000001,175,75
2026-05-11 17:50:52.648,1,-0.62,-0.5,2.32,46.616,81.0718,-74.0688,175,75
2026-05-11 17:50:52.669,1,-0.97,-0.36,2.38,7.285999999999999,27.2918,-47.72880000000001,175,75
2026-05-11 17:50:52.680,1,-1.24,-0.43,2.13,-25.944000000000003,-12.578199999999999,-20.958800000000004,175,75
2026-05-11 17:50:52.691,1,-1.77,-0.34,1.24,-86.554,-19.838199999999997,42.331199999999995,175,75
2026-05-11 17:50:52.702,1,-1.55,-0.09,1.09,-89.18400000000001,-5.1481999999999974,57.63119999999999,175,75
2026-05-11 17:50:52.714,1,-1.45,0.03,1.06,-87.90400000000001,-3.6781999999999986,66.1112,175,75
2026-05-11 17:50:52.725,1,-0.98,0.2,1.28,-70.09400000000001,11.561800000000002,65.99119999999999,175,75
2026-05-11 17:50:52.793,1,-0.14,0.28,1.88,-63.023999999999994,-73.6782,49.401199999999996,175,75
2026-05-11 17:50:52.840,1,-3.26,0.18,1.7,-59.24399999999999,-306.1182,22.761199999999995,175,75
2026-05-11 17:50:52.850,1,-0.09,-1.28,2.89,59.726,207.2318,113.9112,175,75
2026-05-11 17:50:52.880,1,-0.85,-1.37,0.75,-111.804,-142.4582,21.0512,175,75
2026-05-11 17:50:52.898,1,-0.92,-0.89,0.71,-26.134,-22.708199999999998,-10.958800000000002,175,75
2026-05-11 17:50:52.909,1,-0.79,-1.46,1.7,42.586,23.761800000000004,-30.2288,175,75
2026-05-11 17:50:52.951,1,-1.0,-1.85,1.9,12.405999999999999,53.3318,-55.838800000000006,175,75
2026-05-11 17:50:52.978,1,-0.53,-1.97,2.26,60.396,176.0118,-64.2588,175,75
2026-05-11 17:50:53.052,1,-4.08,-0.96,1.6,-151.924,226.3818,96.7212,175,75
2026-05-11 17:50:53.052,1,-3.4,-1.95,0.72,-267.904,233.3918,208.8512,175,75
2026-05-11 17:50:53.052,1,-3.38,-2.97,-0.13,-333.44399999999996,221.2018,212.4512,175,75
2026-05-11 17:50:53.121,1,-0.82,-0.83,1.64,-318.99399999999997,96.6218,239.4612,175,75
2026-05-11 17:50:53.145,1,-0.84,-0.21,1.27,-273.93399999999997,113.15180000000001,232.4512,175,75
2026-05-11 17:50:53.145,1,-0.72,-0.04,1.37,-275.404,138.27179999999998,229.9512,175,75
2026-05-11 17:50:53.156,1,-0.58,-0.05,1.57,-270.404,147.6018,223.4312,175,75
2026-05-11 17:50:53.169,1,-0.39,-0.1,1.88,-261.43399999999997,120.95179999999999,212.8212,175,75
2026-05-11 17:50:53.192,1,-0.06,0.35,2.3,-177.16400000000002,-45.5082,184.9512,175,75
2026-05-11 17:50:53.210,1,0.07,0.52,2.55,-161.984,-59.59819999999999,183.1212,175,75
2026-05-11 17:50:53.210,1,0.23,0.76,2.74,-133.514,-88.0082,166.7212,175,75
2026-05-11 17:50:53.220,1,0.36,1.06,2.69,-87.04400000000001,-115.01820000000001,113.5512,175,75
2026-05-11 17:50:53.233,1,0.33,1.22,2.54,-57.594,-101.1182,65.99119999999999,175,75
2026-05-11 17:50:53.253,1,0.05,0.93,2.32,72.466,32.6018,-48.8888,175,75
2026-05-11 17:50:53.273,1,-0.0,0.78,2.58,114.356,40.531800000000004,-87.5488,175,75
2026-05-11 17:50:53.279,1,-0.02,0.65,2.65,136.366,13.571800000000003,-109.86880000000001,175,75
2026-05-11 17:50:53.298,1,-0.13,0.4,2.55,160.396,-37.3382,-136.5688,175,75
2026-05-11 17:50:53.316,1,-0.38,0.17,2.14,187.46599999999998,-85.01820000000001,-173.8888,175,75
2026-05-11 17:50:53.327,1,-0.46,0.07,2.0,199.666,-90.5682,-192.3688,175,75
2026-05-11 17:50:53.356,1,-0.49,-0.06,1.85,214.666,-82.0382,-210.4188,175,75
2026-05-11 17:50:53.373,1,-0.55,-0.27,1.75,235.33599999999998,-64.2282,-227.9188,175,75
2026-05-11 17:50:53.388,1,-0.77,-0.52,1.72,275.456,-23.1882,-266.0888,175,75
2026-05-11 17:50:53.388,1,-0.86,-0.52,1.75,287.646,-7.6481999999999974,-269.3788,175,75
2026-05-11 17:50:53.402,1,-0.86,-0.72,1.8,304.356,-24.3482,-251.0288,175,75
2026-05-11 17:50:53.410,1,-0.81,-0.9,1.89,305.87600000000003,-58.0082,-240.4788,175,75
2026-05-11 17:50:53.467,1,-0.71,-1.46,2.35,295.276,-167.0382,-233.3988,175,75
2026-05-11 17:50:53.478,1,-1.22,-1.85,2.6,253.80599999999998,-365.1482,-209.3788,175,75
2026-05-11 17:50:53.498,1,-2.27,-1.28,1.27,177.896,-382.9482,-209.0688,175,75
2026-05-11 17:50:53.504,1,-11.77,-0.95,-1.4,101.06599999999999,-432.3982,-211.0888,175,75
2026-05-11 17:50:53.539,1,9.54,-4.43,2.18,312.286,74.9218,680.8012000000001,175,75
2026-05-11 17:50:53.562,1,0.34,-2.5,3.66,-11.554,167.2918,14.341199999999999,175,75
2026-05-11 17:50:53.700,1,-1.16,-1.14,0.96,-0.7640000000000011,7.231800000000003,37.3912,175,75
2026-05-11 17:50:53.729,1,-0.99,-1.46,1.49,-24.424,5.101800000000001,19.581199999999995,175,75
2026-05-11 17:50:53.819,1,-1.29,-0.94,1.89,71.856,34.37180000000001,-88.3388,175,75
2026-05-11 17:50:53.861,1,-1.16,-0.96,1.65,71.48599999999999,-15.208199999999998,-119.4988,175,75
2026-05-11 17:50:53.873,1,-1.16,-1.14,1.54,81.73599999999999,3.0918000000000028,-136.5688,175,75
2026-05-11 17:50:53.933,1,-1.21,-0.22,1.41,-82.71400000000001,60.401799999999994,83.6712,175,75
2026-05-11 17:50:53.969,1,-2.99,0.17,1.78,-83.754,-152.2182,40.9312,175,75
2026-05-11 17:50:53.992,1,-0.92,-1.01,2.83,-6.014000000000001,9.8518,73.24119999999999,175,75
2026-05-11 17:50:54.003,1,-1.9,-2.24,3.15,3.685999999999999,-46.6082,57.82119999999999,175,75
2026-05-11 17:50:54.040,1,-0.76,-1.06,0.91,-39.244,-32.7682,20.5612,175,75
2026-05-11 17:50:54.065,1,-0.69,-2.14,1.56,-2.4140000000000015,12.291800000000002,2.0211999999999986,175,75
2026-05-11 17:50:54.103,1,-0.85,-2.1,1.5,-18.934000000000005,9.981800000000003,3.001199999999999,175,75
2026-05-11 17:50:54.103,1,-1.04,-1.69,1.59,-18.444000000000003,19.6118,1.7211999999999978,175,75
2026-05-11 17:50:54.136,1,-1.18,-1.6,1.92,-8.814000000000002,51.3818,-17.3088,175,75
2026-05-11 17:50:54.136,1,-1.08,-1.57,2.06,-8.934000000000003,59.12179999999999,-19.6188,175,75
2026-05-11 17:50:54.172,1,-0.69,-1.59,2.24,-18.753999999999998,247.11180000000002,21.721199999999996,175,75
2026-05-11 17:50:54.182,1,-1.66,-0.93,2.52,-29.183999999999997,247.35180000000003,49.2812,175,75
2026-05-11 17:50:54.236,1,-3.15,-1.25,1.13,-176.374,244.3718,154.6512,175,75
2026-05-11 17:50:54.236,1,-2.4,-1.87,0.13,-224.91400000000002,283.0318,175.8612,175,75
2026-05-11 17:50:54.317,1,-1.06,-2.03,1.27,-188.44400000000002,296.0118,219.7112,175,75
2026-05-11 17:50:54.317,1,-0.72,-1.46,1.88,-221.624,176.6218,227.0812,175,75
2026-05-11 17:50:54.373,1,-0.45,-0.46,1.51,-283.20399999999995,-25.568199999999997,204.7112,175,75
2026-05-11 17:50:54.373,1,-0.51,-0.24,1.19,-264.484,-27.3382,198.7312,175,75
2026-05-11 17:50:54.373,1,-0.53,-0.03,1.26,-242.714,6.201800000000002,186.1112,175,75
2026-05-11 17:50:54.384,1,-0.01,0.34,2.07,-155.154,-86.3682,140.0712,175,75
2026-05-11 17:50:54.406,1,0.03,0.54,2.03,23.445999999999998,-36.968199999999996,61.35119999999999,175,75
2026-05-11 17:50:54.417,1,0.01,0.62,1.96,71.18599999999999,18.331800000000005,25.9912,175,75
2026-05-11 17:50:54.427,1,-0.04,0.53,2.2,186.55599999999998,112.2918,-26.5088,175,75
2026-05-11 17:50:54.427,1,-0.13,0.4,2.34,231.30599999999998,110.34179999999999,-48.098800000000004,175,75
2026-05-11 17:50:54.440,1,-0.22,0.24,2.38,257.346,91.8718,-64.2588,175,75
2026-05-11 17:50:54.450,1,-0.3,0.08,2.38,278.136,55.1618,-76.3288,175,75
2026-05-11 17:50:54.461,1,-0.39,-0.12,2.26,290.086,12.171800000000001,-92.42880000000001,175,75
2026-05-11 17:50:54.472,1,-0.56,-0.21,2.09,296.30600000000004,-13.378199999999998,-108.03880000000001,175,75
2026-05-11 17:50:54.483,1,-0.7,-0.23,1.98,309.536,-18.498199999999997,-121.0288,175,75
2026-05-11 17:50:54.494,1,-0.78,-0.28,1.97,324.666,-18.7382,-131.3288,175,75
2026-05-11 17:50:54.504,1,-0.83,-0.35,1.95,338.50600000000003,-29.408199999999997,-137.9188,175,75
2026-05-11 17:50:54.512,1,-0.88,-0.48,1.89,343.076,-38.188199999999995,-144.49880000000002,175,75
2026-05-11 17:50:54.530,1,-0.97,-0.78,1.73,350.206,-50.078199999999995,-148.3988,175,75
2026-05-11 17:50:54.541,1,-1.03,-1.02,1.71,340.456,-80.3282,-152.4888,175,75
2026-05-11 17:50:54.553,1,-1.05,-1.29,1.61,312.166,-143.0082,-151.1488,175,75
2026-05-11 17:50:54.564,1,-1.31,-1.45,1.38,270.456,-189.7182,-151.8188,175,75
2026-05-11 17:50:54.575,1,-1.81,-1.23,1.13,225.33599999999998,-202.0982,-140.6588,175,75
2026-05-11 17:50:54.654,1,-2.72,-0.68,0.21,175.08599999999998,-85.9982,-88.0988,175,75
2026-05-11 17:50:54.654,1,-8.16,-0.74,-1.14,152.036,169.3118,121.41120000000001,175,75
2026-05-11 17:50:54.675,1,5.56,-5.22,0.54,64.116,-83.6782,238.3612,175,75
2026-05-11 17:50:54.699,1,2.36,-2.58,6.23,125.45599999999999,761.5618,26.111199999999997,175,75
2026-05-11 17:50:54.715,1,-1.95,-2.62,3.35,-90.46400000000001,-129.2282,42.2112,175,75
2026-05-11 17:50:54.737,1,-1.2,-0.99,1.06,-184.304,-139.5982,97.0812,175,75
2026-05-11 17:50:54.737,1,-1.32,-1.22,0.93,-135.94400000000002,-54.59819999999999,77.4512,175,75
2026-05-11 17:50:54.774,1,-1.46,-1.18,1.27,-9.054,29.2418,45.5612,175,75
2026-05-11 17:50:54.786,1,-1.7,-0.99,1.54,14.296,34.6118,3.491199999999999,175,75
2026-05-11 17:50:54.800,1,-1.37,-1.2,1.66,39.176,52.3518,-33.7688,175,75
2026-05-11 17:50:54.829,1,-1.24,-1.39,1.75,34.596,38.3318,-48.098800000000004,175,75
2026-05-11 17:50:54.841,1,-1.02,-1.54,2.32,56.616,98.7618,-54.988800000000005,175,75
2026-05-11 17:50:54.862,1,-0.62,-1.81,2.37,68.98599999999999,196.6218,-62.1788,175,75
2026-05-11 17:50:54.870,1,-0.4,-2.14,2.44,20.206,207.4218,-62.308800000000005,175,75
2026-05-11 17:50:54.883,1,-0.89,-1.13,2.12,-3.3240000000000016,239.55180000000001,14.771199999999999,175,75
2026-05-11 17:50:54.897,1,-1.44,-0.53,2.36,8.806,277.2918,36.231199999999994,175,75
2026-05-11 17:50:54.913,1,-1.46,-0.41,2.85,-1.3140000000000018,357.2918,74.71119999999999,175,75
2026-05-11 17:50:54.956,1,0.08,0.34,3.85,84.056,286.4418,45.011199999999995,175,75
2026-05-11 17:50:54.980,1,0.55,0.78,4.09,170.33599999999998,217.6018,-9.928800000000003,175,75
2026-05-11 17:50:55.019,1,0.51,0.12,3.69,297.586,41.1318,-109.25880000000001,175,75
2026-05-11 17:50:55.047,1,0.03,-1.0,2.6,356.856,39.311800000000005,-174.9888,175,75
2026-05-11 17:50:55.060,1,0.09,-1.53,2.48,349.596,-1.368199999999998,-175.2288,175,75
2026-05-11 17:50:55.063,1,-0.49,-2.18,2.05,296.73600000000005,-89.2282,-171.3888,175,75
2026-05-11 17:50:55.091,1,-1.82,-1.06,0.01,125.756,-248.3782,-34.6788,175,75
2026-05-11 17:50:55.134,1,-3.74,0.25,-0.5,79.23599999999999,-208.1882,23.4912,175,75
2026-05-11 17:50:55.187,1,-1.02,-1.4,-3.79,-134.484,-5.078199999999999,244.8312,175,75
2026-05-11 17:50:55.187,1,-0.65,-4.33,2.84,52.346000000000004,680.5318,78.9712,175,75
2026-05-11 17:50:55.212,1,-0.39,-1.84,2.88,-177.53400000000002,11.321800000000003,169.1012,175,75
2026-05-11 17:50:55.245,1,-1.07,-0.54,1.37,-217.594,-111.6082,139.5812,175,75
2026-05-11 17:50:55.284,1,-1.55,-1.18,1.85,-11.254,22.661800000000003,-31.208800000000004,175,75
2026-05-11 17:50:55.285,1,-1.58,-1.27,1.78,-0.7040000000000006,30.771800000000002,-52.72880000000001,175,75
2026-05-11 17:50:55.299,1,-1.46,-1.63,1.71,3.565999999999999,43.9418,-69.2588,175,75
2026-05-11 17:50:55.327,1,-0.8,-2.25,2.06,56.066,202.3518,-105.8388,175,75
2026-05-11 17:50:55.354,1,-0.39,-1.33,2.55,-51.924,208.27179999999998,16.6612,175,75
2026-05-11 17:50:55.366,1,-2.22,-1.12,2.25,-176.804,233.7618,133.06119999999999,175,75
2026-05-11 17:50:55.384,1,-2.65,-1.37,1.69,-229.544,187.7218,174.9512,175,75
2026-05-11 17:50:55.390,1,-2.91,-2.0,1.15,-284.12399999999997,175.4618,223.9712,175,75
2026-05-11 17:50:55.403,1,-2.89,-2.82,0.99,-324.854,193.6318,270.9912,175,75
2026-05-11 17:50:55.438,1,-0.54,-1.21,1.99,-330.274,107.7218,279.6512,175,75
2026-05-11 17:50:55.449,1,-0.62,-0.97,1.8,-298.144,96.6818,276.0512,175,75
2026-05-11 17:50:55.459,1,-0.51,-1.01,1.97,-261.13399999999996,99.0618,252.63119999999998,175,75
2026-05-11 17:50:55.470,1,-0.4,-0.89,2.23,-232.774,84.8518,230.3212,175,75
2026-05-11 17:50:55.470,1,-0.23,-0.65,2.48,-193.63400000000001,40.1618,205.6212,175,75
2026-05-11 17:50:55.484,1,-0.09,-0.35,2.63,-144.364,5.4018000000000015,178.4312,175,75
2026-05-11 17:50:55.510,1,0.34,0.68,2.82,31.305999999999997,-49.658199999999994,63.24119999999999,175,75
2026-05-11 17:50:55.524,1,0.34,0.94,2.65,108.446,-51.1182,-12.488800000000001,175,75
2026-05-11 17:50:55.534,1,0.3,0.97,2.54,160.27599999999998,-30.998199999999997,-49.9288,175,75
2026-05-11 17:50:55.545,1,0.32,0.72,2.52,238.686,2.8418000000000028,-94.7488,175,75
2026-05-11 17:50:55.545,1,0.31,0.4,2.57,287.956,7.051800000000004,-125.5988,175,75
2026-05-11 17:50:55.587,1,0.24,0.13,2.55,316.12600000000003,-5.018199999999998,-146.93880000000001,175,75
2026-05-11 17:50:55.612,1,0.03,-0.1,2.46,338.80600000000004,-25.5082,-167.6088,175,75
2026-05-11 17:50:55.630,1,-0.15,-0.23,2.36,350.336,-45.8182,-178.2788,175,75
2026-05-11 17:50:55.667,1,-0.64,-0.46,1.65,365.146,-121.6082,-244.0088,175,75
2026-05-11 17:50:55.671,1,-0.71,-0.51,1.58,370.336,-113.3782,-251.0888,175,75
2026-05-11 17:50:55.699,1,-0.99,-0.83,1.4,381.30600000000004,-111.9682,-272.4888,175,75
2026-05-11 17:50:55.713,1,-1.4,-1.23,1.28,341.18600000000004,-94.7182,-271.9988,175,75
2026-05-11 17:50:55.718,1,-1.48,-1.39,1.27,319.726,-103.9882,-262.6088,175,75
2026-05-11 17:50:55.762,1,-2.95,-1.98,0.2,172.346,-194.5982,-128.9488,175,75
2026-05-11 17:50:55.796,1,-3.75,-0.9,-0.02,127.40599999999999,-160.9382,-58.098800000000004,175,75
2026-05-11 17:50:55.841,1,2.74,-4.89,3.49,106.48599999999999,543.6318,77.0812,175,75
2026-05-11 17:50:55.908,1,-1.73,-0.11,0.05,-167.16400000000002,-233.7382,140.9312,175,75
2026-05-11 17:50:55.978,1,-1.61,-0.76,1.08,14.665999999999999,171.3818,99.71119999999999,175,75
2026-05-11 17:50:55.983,1,-1.39,-0.89,1.99,17.165999999999997,131.3218,76.8412,175,75
2026-05-11 17:50:55.998,1,-1.86,-1.02,1.37,-20.034,-5.998199999999999,26.291199999999996,175,75
2026-05-11 17:50:56.017,1,-1.75,-1.07,1.51,15.145999999999999,40.7718,-14.558800000000002,175,75
2026-05-11 17:50:56.055,1,-1.08,-2.0,1.88,57.166000000000004,62.84179999999999,-27.3688,175,75
2026-05-11 17:50:56.087,1,-1.47,-0.95,3.1,-34.974,376.2618,62.4512,175,75
2026-05-11 17:50:56.117,1,-0.79,-0.98,3.76,-51.434,314.1818,85.5612,175,75
2026-05-11 17:50:56.135,1,0.19,-0.4,4.18,-32.833999999999996,246.2018,67.7512,175,75
2026-05-11 17:50:56.232,1,0.37,0.43,3.47,245.636,87.2918,-96.56880000000001,175,75
2026-05-11 17:50:56.308,1,0.43,-0.79,3.3,299.11600000000004,-39.9582,-137.0588,175,75
2026-05-11 17:50:56.320,1,0.15,-1.13,3.03,295.336,-137.3382,-147.9788,175,75
2026-05-11 17:50:56.331,1,-0.6,-1.32,2.37,266.736,-251.0582,-159.43880000000001,175,75
2026-05-11 17:50:56.342,1,-1.03,-1.54,1.91,231.61599999999999,-307.33820000000003,-156.3888,175,75
2026-05-11 17:50:56.362,1,-14.16,-0.01,-6.8,107.64599999999999,-510.8182,178.3012,175,75
2026-05-11 17:50:56.474,1,-1.24,-2.13,2.41,20.945999999999998,74.98179999999999,-6.698800000000002,175,75
2026-05-11 17:50:56.518,1,0.12,-1.7,2.41,-0.8240000000000016,239.85180000000003,-5.108800000000001,175,75
2026-05-11 17:50:56.569,1,-0.95,-2.2,0.93,-260.76399999999995,344.0618,272.6912,175,75
2026-05-11 17:50:56.596,1,-0.43,-0.93,2.34,-215.94400000000002,201.5018,220.0712,175,75
2026-05-11 17:50:56.608,1,-0.28,-0.58,2.45,-188.144,64.3118,187.8212,175,75
2026-05-11 17:50:56.655,1,0.1,1.01,2.31,32.036,-119.4682,57.82119999999999,175,75
2026-05-11 17:50:56.665,1,0.21,0.98,2.57,148.86599999999999,-75.87819999999999,-52.3688,175,75
2026-05-11 17:50:56.678,1,0.1,0.92,2.42,203.74599999999998,-49.658199999999994,-81.50880000000001,175,75
2026-05-11 17:50:56.714,1,0.02,0.28,2.35,289.726,-22.888199999999998,-143.7688,175,75
2026-05-11 17:50:56.731,1,-0.07,0.18,2.3,300.026,-43.3782,-154.8088,175,75
2026-05-11 17:50:56.731,1,-0.16,0.07,2.2,306.976,-62.828199999999995,-164.3788,175,75
2026-05-11 17:50:56.782,1,-0.74,-0.42,1.3,331.55600000000004,-81.90820000000001,-266.4488,175,75
2026-05-11 17:50:56.800,1,-1.6,-1.25,1.68,333.62600000000003,-79.4682,-254.1388,175,75
2026-05-11 17:50:56.804,1,-1.56,-1.62,1.66,322.286,-108.9282,-255.2888,175,75
2026-05-11 17:50:56.827,1,-1.4,-2.18,1.5,289.29600000000005,-169.7182,-234.7388,175,75
2026-05-11 17:50:56.833,1,-1.87,-2.57,1.04,231.066,-248.9882,-208.8288,175,75
2026-05-11 17:50:56.853,1,-4.5,-1.15,0.18,157.46599999999998,-142.1582,-109.4988,175,75
2026-05-11 17:50:56.860,1,-7.81,-0.4,0.33,155.33599999999998,18.701800000000002,-36.5088,175,75
2026-05-11 17:50:56.882,1,-0.41,-2.96,-3.57,-290.644,-789.1082,469.4012,175,75
2026-05-11 17:50:56.882,1,0.74,-3.75,-2.04,9.235999999999999,197.4218,73.3012,175,75
2026-05-11 17:50:56.894,1,1.05,-1.0,2.64,109.53599999999999,714.3118,91.7212,175,75
2026-05-11 17:50:56.903,1,-1.63,-1.18,3.27,-20.764000000000003,297.7818,-69.4388,175,75
2026-05-11 17:50:56.911,1,0.01,-3.52,4.62,-177.104,226.5018,90.5612,175,75
2026-05-11 17:50:56.952,1,-2.11,0.57,0.31,-221.494,-268.7382,149.6512,175,75
2026-05-11 17:50:56.995,1,-1.57,-1.26,1.92,36.616,96.7418,55.99119999999999,175,75
2026-05-11 17:50:57.016,1,-1.48,-1.57,1.53,-0.6440000000000019,13.821800000000003,-34.988800000000005,175,75
2026-05-11 17:50:57.035,1,-1.25,-1.65,1.54,19.845999999999997,29.3118,-46.698800000000006,175,75
2026-05-11 17:50:57.057,1,-0.98,-2.07,2.15,31.796,79.3118,-25.348800000000004,175,75
2026-05-11 17:50:57.067,1,-0.72,-2.43,2.58,28.805999999999997,114.0618,2.0211999999999986,175,75
2026-05-11 17:50:57.089,1,-0.31,-2.42,2.8,34.236,192.6618,0.8011999999999979,175,75
2026-05-11 17:50:57.101,1,-0.23,-1.29,2.73,-32.653999999999996,268.5718,23.121199999999995,175,75
2026-05-11 17:50:57.111,1,-0.5,-0.82,2.75,-67.35400000000001,241.4418,68.6112,175,75
2026-05-11 17:50:57.133,1,-0.81,-0.75,3.2,-65.884,294.9818,106.5412,175,75
2026-05-11 17:50:57.182,1,0.76,-0.45,3.89,9.175999999999998,263.2118,46.541199999999996,175,75
2026-05-11 17:50:57.182,1,1.11,0.34,4.13,81.42599999999999,181.0118,-8.398800000000001,175,75
2026-05-11 17:50:57.203,1,1.31,0.59,3.89,148.74599999999998,66.1318,-60.1088,175,75
2026-05-11 17:50:57.216,1,0.54,0.35,3.07,202.406,23.271800000000002,-102.17880000000001,175,75
2026-05-11 17:50:57.242,1,0.44,-0.15,2.72,247.036,49.061800000000005,-134.8688,175,75
2026-05-11 17:50:57.242,1,0.31,-1.07,2.73,273.136,-123.8682,-189.1988,175,75
2026-05-11 17:50:57.254,1,-0.54,-1.59,2.04,240.206,-265.0182,-214.49880000000002,175,75
2026-05-11 17:50:57.306,1,-3.91,-0.39,0.22,34.116,-371.1182,-50.168800000000005,175,75
2026-05-11 17:50:57.313,1,-10.63,1.18,-4.11,41.856,-311.7282,205.4412,175,75
2026-05-11 17:50:57.347,1,-3.23,-3.66,3.03,152.46599999999998,712.1118,-18.338800000000003,175,75
2026-05-11 17:50:57.429,1,-0.15,-1.84,2.89,-71.494,-132.2182,66.4712,175,75
2026-05-11 17:50:57.448,1,-1.44,-1.3,0.82,7.225999999999999,104.2418,65.5612,175,75
2026-05-11 17:50:57.479,1,-1.1,-1.7,1.85,22.706,78.8218,42.151199999999996,175,75
2026-05-11 17:50:57.498,1,-1.46,-1.73,1.88,5.275999999999999,79.0618,6.9612,175,75
2026-05-11 17:50:57.533,1,-0.44,-2.38,2.43,14.475999999999999,178.7618,45.7412,175,75
2026-05-11 17:50:57.544,1,-0.13,-1.61,2.03,-44.854,200.4018,15.011199999999997,175,75
2026-05-11 17:50:57.552,1,-0.31,-1.71,2.27,-52.044,238.7018,39.831199999999995,175,75
2026-05-11 17:50:57.582,1,-2.36,-1.2,2.49,-172.354,294.4918,103.43119999999999,175,75
2026-05-11 17:50:57.592,1,-2.66,-2.62,1.64,-276.13399999999996,144.4318,251.2912,175,75
2026-05-11 17:50:57.602,1,-2.94,-2.79,0.98,-320.76399999999995,109.3118,275.7412,175,75
2026-05-11 17:50:57.657,1,-0.61,-1.56,1.85,-310.82399999999996,52.23179999999999,299.7712,175,75
2026-05-11 17:50:57.676,1,-0.72,-1.18,1.64,-301.74399999999997,38.8818,302.2112,175,75
2026-05-11 17:50:57.696,1,-0.58,-0.94,1.64,-271.01399999999995,47.421800000000005,299.9512,175,75
2026-05-11 17:50:57.729,1,-0.41,-0.83,1.83,-251.804,36.321799999999996,288.6712,175,75
2026-05-11 17:50:57.760,1,-0.12,-0.64,1.9,-216.314,-11.178199999999997,252.02120000000002,175,75
2026-05-11 17:50:57.825,1,-0.04,-0.06,1.99,-124.79400000000001,-4.2281999999999975,191.6612,175,75
2026-05-11 17:50:57.872,1,0.0,0.28,2.15,-78.87400000000001,11.201800000000002,163.9112,175,75
2026-05-11 17:50:57.926,1,0.36,1.22,2.4,41.796,33.9418,61.721199999999996,175,75
2026-05-11 17:50:57.975,1,0.36,1.05,2.18,229.05599999999998,85.2218,-98.7688,175,75
2026-05-11 17:50:58.021,1,-0.58,-0.39,1.96,383.31600000000003,-56.178200000000004,-207.3688,175,75
2026-05-11 17:50:58.048,1,-2.15,-1.42,0.06,243.86599999999999,59.5518,-114.7488,175,75
2026-05-11 17:50:58.068,1,-2.21,-0.88,0.32,202.226,41.3818,-63.708800000000004,175,75
2026-05-11 17:50:58.068,1,-7.74,0.09,0.8,164.536,136.9918,26.6012,175,75
2026-05-11 17:50:58.077,1,1.99,-1.68,-1.21,-277.104,-585.8182,582.1512,175,75
2026-05-11 17:50:58.090,1,-0.03,-5.77,2.03,33.866,208.27179999999998,10.011199999999997,175,75
2026-05-11 17:50:58.101,1,0.32,-0.88,2.76,-4.724000000000002,517.4218,58.301199999999994,175,75
2026-05-11 17:50:58.108,1,-1.73,-2.83,1.52,-105.274,-107.2782,19.651199999999996,175,75
2026-05-11 17:50:58.119,1,-0.83,-1.08,2.18,-241.554,53.151799999999994,142.0812,175,75
2026-05-11 17:50:58.133,1,-0.05,-0.41,1.03,-204.66400000000002,-58.798199999999994,155.1912,175,75
2026-05-11 17:50:58.148,1,-2.02,-0.42,0.72,-43.384,121.93180000000001,120.0112,175,75
2026-05-11 17:50:58.182,1,-1.19,-1.15,1.41,2.4659999999999993,95.7718,78.6712,175,75
2026-05-11 17:50:58.201,1,-1.35,-0.94,1.79,-5.154000000000002,49.12179999999999,61.7812,175,75
2026-05-11 17:50:58.223,1,-1.8,-0.9,1.61,6.555999999999999,28.331800000000005,29.221199999999996,175,75
2026-05-11 17:50:58.237,1,-1.69,-0.85,1.81,29.665999999999997,79.3718,4.341199999999999,175,75
2026-05-11 17:50:58.237,1,-1.53,-0.9,1.98,44.356,90.2218,-9.498800000000001,175,75
2026-05-11 17:50:58.270,1,-1.11,-1.56,1.97,33.385999999999996,59.0018,-28.7688,175,75
2026-05-11 17:50:58.270,1,-1.19,-1.62,1.98,27.345999999999997,71.2618,-26.7588,175,75
2026-05-11 17:50:58.285,1,-1.14,-1.61,2.06,31.006,88.6318,-21.0888,175,75
2026-05-11 17:50:58.386,1,-0.47,-1.32,2.06,-35.583999999999996,206.5618,23.121199999999995,175,75
2026-05-11 17:50:58.402,1,-1.2,-0.7,2.42,-8.754,280.3418,46.471199999999996,175,75
2026-05-11 17:50:58.467,1,-0.16,-1.07,1.91,279.05600000000004,11.741800000000001,-175.9588,175,75
2026-05-11 17:50:58.505,1,-6.01,-1.72,-1.54,-35.704,-360.0782,9.4612,175,75
2026-05-11 17:50:58.550,1,-1.45,-0.94,4.94,-41.924,180.4618,37.6312,175,75
2026-05-11 17:50:58.560,1,-0.42,-2.08,4.46,-54.724,-39.5382,26.7812,175,75
2026-05-11 17:50:58.571,1,-0.78,-1.88,1.74,-166.014,-261.1182,75.38119999999999,175,75
2026-05-11 17:50:58.571,1,-1.2,-1.29,0.24,-164.66400000000002,-244.9582,52.3912,175,75
2026-05-11 17:50:58.583,1,-1.84,-1.12,0.51,-0.5840000000000014,89.2418,24.1012,175,75
2026-05-11 17:50:58.612,1,-1.15,-1.33,2.34,11.245999999999999,111.93180000000001,-12.978800000000001,175,75
2026-05-11 17:50:58.612,1,-1.04,-1.67,2.21,-11.494000000000002,51.1318,-26.998800000000003,175,75
2026-05-11 17:50:58.622,1,-1.3,-1.72,1.99,-29.183999999999997,53.45179999999999,-28.458800000000004,175,75
2026-05-11 17:50:58.638,1,-1.42,-1.85,1.96,-28.933999999999997,95.8918,-11.208800000000002,175,75
2026-05-11 17:50:58.679,1,-0.16,-1.79,2.3,-63.264,304.6718,32.4512,175,75
2026-05-11 17:50:58.696,1,-0.5,-2.04,2.24,-76.494,318.3318,39.831199999999995,175,75
2026-05-11 17:50:58.749,1,-3.13,-2.11,0.92,-242.53400000000002,250.65179999999998,239.4012,175,75
2026-05-11 17:50:58.774,1,-0.81,-0.92,1.85,-279.304,92.9018,277.3312,175,75
2026-05-11 17:50:58.777,1,-0.6,-0.47,1.84,-274.664,41.9918,282.0212,175,75
2026-05-11 17:50:58.788,1,-0.79,-0.08,1.52,-241.434,4.431800000000003,268.3612,175,75
2026-05-11 17:50:58.801,1,-0.8,-0.05,1.55,-221.25400000000002,27.5418,258.1812,175,75
2026-05-11 17:50:58.845,1,-0.26,0.4,2.04,-126.01400000000001,-26.2382,191.7212,175,75
2026-05-11 17:50:58.857,1,-0.22,0.68,2.09,-78.51400000000001,-32.578199999999995,165.1312,175,75
2026-05-11 17:50:58.890,1,0.11,1.01,1.95,71.48599999999999,-23.1882,33.2412,175,75
2026-05-11 17:50:58.926,1,-0.06,0.79,2.13,185.576,33.821799999999996,-89.7488,175,75
2026-05-11 17:50:58.984,1,-0.36,-0.09,2.08,252.896,-105.3882,-175.1088,175,75
2026-05-11 17:50:58.998,1,-0.49,-0.2,1.88,261.676,-113.1882,-194.43880000000001,175,75
2026-05-11 17:50:59.021,1,-0.71,-0.38,1.71,281.67600000000004,-79.5382,-214.8688,175,75
2026-05-11 17:50:59.021,1,-0.74,-0.51,1.75,296.55600000000004,-63.12819999999999,-225.0488,175,75
2026-05-11 17:50:59.074,1,-0.98,-0.96,1.74,348.25600000000003,-19.8982,-221.5688,175,75
2026-05-11 17:50:59.086,1,-0.92,-1.23,1.84,344.416,-32.3382,-216.1488,175,75
2026-05-11 17:50:59.097,1,-1.07,-1.55,1.87,328.68600000000004,-80.1482,-220.5988,175,75
2026-05-11 17:50:59.120,1,-0.84,-1.72,1.87,307.166,-116.9682,-205.2888,175,75
2026-05-11 17:50:59.131,1,-1.62,-1.78,1.42,235.02599999999998,-317.0982,-159.49880000000002,175,75
2026-05-11 17:50:59.140,1,-1.41,-1.2,0.91,177.226,-199.5382,-206.0288,175,75
2026-05-11 17:50:59.149,1,-1.88,-0.76,0.83,160.516,-191.4282,-169.6788,175,75
2026-05-11 17:50:59.195,1,1.03,-7.0,-0.39,68.316,57.1118,35.621199999999995,175,75
2026-05-11 17:50:59.201,1,3.65,-1.23,3.51,147.58599999999998,735.2218,20.7412,175,75
2026-05-11 17:50:59.247,1,-0.68,-2.45,2.91,-160.274,-47.158199999999994,29.461199999999998,175,75
2026-05-11 17:50:59.247,1,0.16,-1.4,2.55,-234.364,-176.9682,88.18119999999999,175,75
2026-05-11 17:50:59.317,1,-1.59,-1.1,1.69,56.366,41.561800000000005,-0.47880000000000145,175,75
2026-05-11 17:50:59.330,1,-1.8,-0.9,1.76,57.466,36.26180000000001,-31.998800000000003,175,75
2026-05-11 17:50:59.345,1,-1.63,-0.85,1.79,69.596,39.181799999999996,-57.1188,175,75
2026-05-11 17:50:59.432,1,-1.58,-1.17,1.81,86.18599999999999,58.511799999999994,-107.17880000000001,175,75
2026-05-11 17:50:59.443,1,-0.89,-1.43,2.22,93.01599999999999,114.0618,-143.6488,175,75
2026-05-11 17:50:59.506,1,-1.36,-0.65,1.96,19.476,146.6218,-114.3788,175,75
2026-05-11 17:50:59.528,1,-0.99,-0.82,2.3,35.576,183.8818,-67.2388,175,75
2026-05-11 17:50:59.528,1,-1.05,-0.93,2.47,45.946,165.2818,-49.8688,175,75
2026-05-11 17:50:59.562,1,-1.89,-0.49,2.01,-27.714,265.9518,26.901199999999996,175,75
2026-05-11 17:50:59.617,1,0.71,1.56,2.82,-45.464,-169.1682,51.9612,175,75
2026-05-11 17:50:59.628,1,-0.41,1.71,1.89,6.7959999999999985,-287.3982,4.5211999999999986,175,75
2026-05-11 17:50:59.628,1,-1.29,0.74,0.15,0.5759999999999987,-239.4682,-10.478800000000001,175,75
2026-05-11 17:50:59.680,1,-0.42,-2.52,2.77,100.276,348.7018,20.1312,175,75
2026-05-11 17:50:59.680,1,-0.89,-0.93,1.8,-54.484,-135.2682,13.5512,175,75
2026-05-11 17:50:59.704,1,-0.96,-1.83,1.36,23.985999999999997,-4.168199999999999,-3.3388000000000018,175,75
2026-05-11 17:50:59.715,1,-0.77,-2.0,1.51,21.796,-15.818199999999997,-3.948800000000001,175,75
2026-05-11 17:50:59.751,1,-0.91,-1.97,1.98,8.685999999999998,68.1518,-36.7588,175,75
2026-05-11 17:50:59.770,1,-0.7,-2.45,2.2,23.805999999999997,251.9318,-73.8888,175,75
2026-05-11 17:50:59.793,1,-0.2,-1.23,2.65,-25.884,270.3418,5.1911999999999985,175,75
2026-05-11 17:50:59.840,1,-4.07,-1.05,1.3,-207.714,49.0018,152.5712,175,75
2026-05-11 17:50:59.840,1,-3.63,-2.22,-0.39,-333.144,34.37180000000001,248.5512,175,75
2026-05-11 17:50:59.875,1,-1.5,-1.73,1.79,-330.214,224.0018,291.7812,175,75
2026-05-11 17:50:59.875,1,-1.3,-1.24,1.59,-381.68399999999997,111.8118,289.1012,175,75
2026-05-11 17:50:59.887,1,-1.18,-0.84,1.32,-359.914,98.45179999999999,295.7412,175,75
2026-05-11 17:50:59.943,1,0.05,-0.05,2.57,-260.034,-43.7382,259.3412,175,75
2026-05-11 17:50:59.954,1,0.38,-0.03,2.8,-238.75400000000002,-25.7582,256.2312,175,75
2026-05-11 17:51:00.008,1,0.48,0.74,2.79,106.12599999999999,149.0018,-83.5888,175,75
2026-05-11 17:51:00.008,1,0.58,0.53,3.21,166.426,131.2618,-118.64880000000001,175,75
2026-05-11 17:51:00.043,1,0.62,0.53,3.33,214.666,-1.2981999999999978,-173.3988,175,75
2026-05-11 17:51:00.043,1,0.2,0.24,2.84,216.126,-65.9382,-215.5988,175,75
2026-05-11 17:51:00.164,1,-0.26,-0.05,1.93,246.796,-94.04820000000001,-268.6488,175,75
2026-05-11 17:51:00.224,1,-0.5,-0.22,1.72,271.42600000000004,-53.98819999999999,-279.4988,175,75
2026-05-11 17:51:00.224,1,-0.48,-0.43,1.72,294.726,-8.868199999999998,-288.0388,175,75
2026-05-11 17:51:00.224,1,-0.57,-0.51,2.07,324.11600000000004,-1.1781999999999968,-287.8488,175,75
2026-05-11 17:51:00.224,1,-0.61,-0.62,2.12,326.00600000000003,-22.8282,-282.3088,175,75
2026-05-11 17:51:00.235,1,-0.62,-0.77,2.11,325.696,-42.6482,-280.5388,175,75
2026-05-11 17:51:00.328,1,-0.82,-0.9,1.97,318.076,-80.62819999999999,-273.2188,175,75
2026-05-11 17:51:00.328,1,-0.76,-0.97,1.88,318.446,-99.4682,-273.8888,175,75
2026-05-11 17:51:00.372,1,-2.04,-1.53,1.55,188.686,-408.3182,-208.4588,175,75
2026-05-11 17:51:00.381,1,-2.8,-0.97,0.85,119.59599999999999,-403.6182,-144.1388,175,75
2026-05-11 17:51:00.473,1,-1.46,-0.77,0.98,28.506,168.6318,56.5412,175,75
2026-05-11 17:51:00.497,1,-1.78,-0.98,1.53,27.095999999999997,0.04180000000000206,-27.488800000000005,175,75
2026-05-11 17:51:00.539,1,-1.21,-0.73,1.72,78.446,108.2718,-157.7288,175,75
2026-05-11 17:51:00.630,1,-1.19,-1.15,2.18,22.036,5.4018000000000015,-48.768800000000006,175,75
2026-05-11 17:51:00.641,1,-1.49,-0.73,1.92,-15.404000000000002,20.1018,11.901199999999998,175,75
2026-05-11 17:51:00.653,1,-2.52,0.1,1.12,-43.634,31.441800000000004,45.3812,175,75
2026-05-11 17:51:00.676,1,-1.51,0.19,1.62,-53.99399999999999,101.3818,100.5012,175,75
2026-05-11 17:51:00.688,1,-0.6,-0.19,2.21,-57.654,16.621800000000004,92.2712,175,75
2026-05-11 17:51:00.699,1,-0.67,0.14,1.43,-74.974,-33.7382,71.35119999999999,175,75
2026-05-11 17:51:00.709,1,-0.76,0.51,1.27,-54.114,15.8918,71.60119999999999,175,75
2026-05-11 17:51:00.709,1,-0.49,0.55,1.42,-35.704,38.2118,66.8412,175,75
2026-05-11 17:51:00.719,1,-0.67,0.69,1.91,-4.544000000000002,71.8718,62.82119999999999,175,75
2026-05-11 17:51:00.730,1,2.12,-0.69,2.33,21.426,119.18180000000001,16.4112,175,75
2026-05-11 17:51:00.755,1,-1.12,-3.39,1.95,-60.943999999999996,-112.2782,43.911199999999994,175,75
2026-05-11 17:51:00.755,1,-1.03,-1.03,1.81,-49.184,-61.178200000000004,43.731199999999994,175,75
2026-05-11 17:51:00.765,1,-1.11,-0.67,1.77,-38.264,-77.5782,31.411199999999994,175,75
2026-05-11 17:51:00.765,1,-1.18,-1.15,1.77,-16.434000000000005,-76.3682,-21.568800000000003,175,75
2026-05-11 17:51:00.776,1,-1.13,-1.61,1.76,5.7559999999999985,-32.0982,-17.788800000000002,175,75
2026-05-11 17:51:00.804,1,-0.77,-2.11,1.37,-15.034,-56.548199999999994,-11.208800000000002,175,75
2026-05-11 17:51:00.817,1,-1.03,-1.91,1.07,-2.474000000000002,-26.8482,-3.2788000000000013,175,75
2026-05-11 17:51:00.817,1,-1.24,-1.38,1.31,26.485999999999997,19.4318,-16.7588,175,75
2026-05-11 17:51:00.827,1,-1.34,-1.47,1.61,35.946,47.48179999999999,-39.4388,175,75
2026-05-11 17:51:00.838,1,-1.18,-1.77,1.99,52.346000000000004,82.84179999999999,-52.668800000000005,175,75
2026-05-11 17:51:00.852,1,-0.49,-1.92,2.23,53.256,175.2818,-71.3288,175,75
2026-05-11 17:51:00.863,1,-0.57,-1.88,2.29,3.445999999999998,133.0918,-71.0888,175,75
2026-05-11 17:51:00.907,1,-0.73,-1.31,2.33,-38.324,224.9218,13.791199999999998,175,75
2026-05-11 17:51:00.931,1,-3.08,-1.73,0.18,-292.044,97.7818,211.78119999999998,175,75
2026-05-11 17:51:00.941,1,-3.7,-2.16,-0.7,-321.864,144.9818,234.4012,175,75
2026-05-11 17:51:00.966,1,-1.32,-1.59,1.72,-258.75399999999996,176.4418,266.7212,175,75
2026-05-11 17:51:00.978,1,-1.02,-1.2,1.77,-311.864,83.3318,255.38119999999998,175,75
2026-05-11 17:51:00.990,1,-1.03,-0.74,1.45,-332.354,32.9618,252.82119999999998,175,75
2026-05-11 17:51:01.008,1,-0.96,-0.39,1.24,-306.37399999999997,54.061800000000005,244.5212,175,75
2026-05-11 17:51:01.015,1,-0.78,-0.24,1.34,-289.24399999999997,87.48179999999999,232.0212,175,75
2026-05-11 17:51:01.051,1,-0.64,-0.24,1.55,-283.024,89.0018,215.3812,175,75
2026-05-11 17:51:01.051,1,-0.22,0.19,2.09,-228.264,-2.3381999999999987,188.6112,175,75
2026-05-11 17:51:01.062,1,-0.09,0.38,2.4,-188.874,-15.448199999999998,185.8012,175,75
2026-05-11 17:51:01.075,1,0.1,0.65,2.69,-155.334,-35.2082,164.5812,175,75
2026-05-11 17:51:01.087,1,0.28,1.06,2.92,-100.944,-77.3982,113.0612,175,75
2026-05-11 17:51:01.140,1,0.27,1.02,2.49,80.886,12.6018,-48.528800000000004,175,75
2026-05-11 17:51:01.140,1,0.21,0.91,2.51,127.64599999999999,33.51180000000001,-84.00880000000001,175,75
2026-05-11 17:51:01.149,1,0.11,0.75,2.43,161.24599999999998,42.0518,-112.17880000000001,175,75
2026-05-11 17:51:01.177,1,0.01,0.27,2.27,218.74599999999998,27.721800000000005,-169.8688,175,75
2026-05-11 17:51:01.178,1,-0.09,0.08,2.12,233.986,7.291800000000002,-195.2888,175,75
2026-05-11 17:51:01.207,1,-0.32,-0.26,1.88,254.906,-9.778199999999998,-226.2688,175,75
2026-05-11 17:51:01.225,1,-0.38,-0.46,1.82,262.466,-16.908199999999997,-242.9788,175,75
2026-05-11 17:51:01.268,1,-0.83,-0.53,1.95,279.786,-47.9482,-235.5988,175,75
2026-05-11 17:51:01.279,1,-0.75,-0.72,2.01,284.786,-83.9882,-227.0588,175,75
2026-05-11 17:51:01.303,1,-0.66,-1.37,2.02,272.836,-197.3982,-240.9588,175,75
2026-05-11 17:51:01.326,1,-0.97,-1.57,1.93,244.296,-236.2382,-238.8888,175,75
2026-05-11 17:51:01.338,1,-1.15,-1.61,1.98,221.486,-254.5982,-232.1788,175,75
2026-05-11 17:51:01.357,1,-6.24,-0.71,1.16,118.386,-525.8181999999999,-171.1488,175,75
2026-05-11 17:51:01.379,1,-3.44,-5.66,-4.49,-98.81400000000001,-802.5182,609.6512,175,75
2026-05-11 17:51:01.390,1,1.06,-5.85,1.53,259.906,311.6218,40.011199999999995,175,75
2026-05-11 17:51:01.417,1,-1.65,0.36,3.75,13.625999999999998,282.6018,-44.4388,175,75
2026-05-11 17:51:01.434,1,-0.85,-2.48,0.41,-202.964,-343.9882,6.171199999999997,175,75
2026-05-11 17:51:01.494,1,-1.05,-0.58,1.74,41.556,194.2418,54.221199999999996,175,75
2026-05-11 17:51:01.507,1,-1.09,-0.89,1.1,3.2559999999999985,-96.6082,15.681199999999999,175,75
2026-05-11 17:51:01.521,1,-1.56,-0.85,1.39,106.42599999999999,34.791799999999995,-37.1788,175,75
2026-05-11 17:51:01.532,1,-1.45,-0.77,1.76,103.92599999999999,15.341800000000003,-76.6388,175,75
2026-05-11 17:51:01.539,1,-1.45,-0.72,1.63,99.416,18.761800000000004,-96.0888,175,75
2026-05-11 17:51:01.572,1,-1.02,-1.22,2.02,92.95599999999999,35.951800000000006,-164.5588,175,75
2026-05-11 17:51:01.583,1,-1.07,-1.13,1.88,80.39599999999999,49.2418,-176.0888,175,75
2026-05-11 17:51:01.618,1,-0.9,-0.88,1.82,50.206,46.071799999999996,-102.36880000000001,175,75
2026-05-11 17:51:01.618,1,-0.82,-1.2,2.15,55.696,58.761799999999994,-117.9788,175,75
2026-05-11 17:51:01.648,1,-1.05,-1.4,2.36,32.036,40.65180000000001,-78.8288,175,75
2026-05-11 17:51:01.648,1,-2.06,-0.49,1.51,-14.604000000000001,54.6118,20.931199999999997,175,75
2026-05-11 17:51:01.660,1,-2.34,0.09,0.67,-35.214,70.1618,71.8412,175,75
2026-05-11 17:51:01.671,1,-2.2,0.12,0.46,-71.864,123.5718,94.71119999999999,175,75
2026-05-11 17:51:01.685,1,-0.94,-0.43,1.61,-65.40400000000001,235.5318,110.07119999999999,175,75
2026-05-11 17:51:01.697,1,-0.33,-0.4,2.34,-54.854000000000006,209.0618,108.7312,175,75
2026-05-11 17:51:01.713,1,0.11,-0.19,2.7,-80.82400000000001,46.071799999999996,100.6212,175,75
2026-05-11 17:51:01.724,1,0.03,0.1,2.28,-92.224,-64.6582,87.5112,175,75
2026-05-11 17:51:01.761,1,-0.92,0.64,1.75,-64.114,-92.6482,79.9512,175,75
2026-05-11 17:51:01.761,1,-0.01,0.95,1.97,-10.644,46.5018,62.82119999999999,175,75
2026-05-11 17:51:01.771,1,1.33,0.31,2.32,-0.5840000000000014,16.5618,18.2412,175,75
2026-05-11 17:51:01.791,1,-0.45,-0.02,2.54,23.506,-25.6882,24.401199999999996,175,75
2026-05-11 17:51:01.805,1,-3.36,-0.14,2.52,33.565999999999995,-42.3382,6.231199999999999,175,75
2026-05-11 17:51:01.805,1,-0.37,-1.7,2.55,20.576,-30.568199999999997,55.38119999999999,175,75
2026-05-11 17:51:01.816,1,-1.41,-2.8,2.31,34.966,-31.6682,27.761199999999995,175,75
2026-05-11 17:51:01.856,1,-0.87,-0.93,1.09,-35.583999999999996,-75.9982,-2.2388000000000012,175,75
2026-05-11 17:51:01.865,1,-0.91,-1.33,1.45,36.976,13.0318,-23.948800000000002,175,75
2026-05-11 17:51:01.877,1,-0.55,-2.33,1.55,6.425999999999998,-33.9282,-15.288800000000002,175,75
2026-05-11 17:51:01.913,1,-1.03,-2.19,1.66,7.705999999999999,-18.1282,-3.5888000000000018,175,75
2026-05-11 17:51:01.913,1,-1.04,-1.54,1.87,8.195999999999998,21.261800000000004,-5.898800000000001,175,75
2026-05-11 17:51:01.923,1,-1.03,-1.69,2.02,-8.264000000000001,36.26180000000001,-20.108800000000002,175,75
2026-05-11 17:51:01.927,1,-1.07,-1.78,2.21,-15.704000000000002,53.45179999999999,-23.888800000000003,175,75
2026-05-11 17:51:01.936,1,-0.93,-1.76,2.33,-31.744,63.45179999999999,-18.768800000000002,175,75
2026-05-11 17:51:01.948,1,-0.75,-2.0,2.39,-37.774,70.2218,-19.8088,175,75
2026-05-11 17:51:01.976,1,-0.58,-2.14,2.22,-44.184,304.2418,23.361199999999997,175,75
2026-05-11 17:51:01.993,1,-3.43,-1.44,0.75,-261.804,162.8418,196.6012,175,75
2026-05-11 17:51:02.002,1,-2.81,-2.35,-0.41,-331.68399999999997,142.2918,183.6112,175,75
2026-05-11 17:51:02.057,1,-1.24,-1.45,1.5,-244.244,178.7018,207.2712,175,75
2026-05-11 17:51:02.072,1,-0.93,-0.28,1.51,-309.364,-34.468199999999996,201.0512,175,75
2026-05-11 17:51:02.083,1,-0.95,0.02,1.19,-304.604,-49.8382,200.4412,175,75
2026-05-11 17:51:02.117,1,-0.66,0.22,1.37,-272.104,111.20179999999999,184.2212,175,75
2026-05-11 17:51:02.117,1,-0.3,0.35,1.86,-257.964,87.2918,171.1712,175,75
2026-05-11 17:51:02.129,1,-0.17,0.59,2.03,-244.054,42.6618,163.1212,175,75
2026-05-11 17:51:02.139,1,-0.14,0.64,2.15,-223.574,1.6218000000000004,158.6112,175,75
2026-05-11 17:51:02.207,1,0.49,1.23,2.69,-105.76400000000001,-112.8282,88.3612,175,75
2026-05-11 17:51:02.207,1,0.43,1.19,2.42,-59.24399999999999,-98.1282,42.27119999999999,175,75
2026-05-11 17:51:02.217,1,0.09,0.96,2.27,41.426,31.3218,-25.8388,175,75
2026-05-11 17:51:02.228,1,0.08,0.96,2.44,80.946,47.171800000000005,-48.708800000000004,175,75
2026-05-11 17:51:02.270,1,-0.05,0.65,2.38,136.556,-13.068199999999997,-103.7088,175,75
2026-05-11 17:51:02.270,1,-0.21,0.49,2.12,153.316,-40.5682,-132.0588,175,75
2026-05-11 17:51:02.296,1,-0.37,0.23,1.92,184.416,-53.798199999999994,-173.21880000000002,175,75
2026-05-11 17:51:02.319,1,-0.51,-0.21,1.79,221.36599999999999,-53.068200000000004,-209.49880000000002,175,75
2026-05-11 17:51:02.331,1,-0.57,-0.37,1.78,235.02599999999998,-46.6682,-226.2688,175,75
2026-05-11 17:51:02.361,1,-0.66,-0.67,1.81,251.066,-56.6082,-256.3288,175,75
2026-05-11 17:51:02.361,1,-0.63,-0.83,1.84,254.356,-61.3682,-265.8988,175,75
2026-05-11 17:51:02.383,1,-0.65,-0.89,1.9,255.636,-70.2082,-268.0988,175,75
2026-05-11 17:51:02.390,1,-0.94,-0.89,2.05,268.076,-92.2782,-260.2288,175,75
2026-05-11 17:51:02.401,1,-0.9,-1.04,2.29,280.396,-133.8682,-240.4788,175,75
2026-05-11 17:51:02.413,1,-0.82,-1.32,2.46,280.576,-201.0582,-237.3688,175,75
2026-05-11 17:51:02.413,1,-0.75,-1.6,2.44,270.946,-259.1682,-242.4888,175,75
2026-05-11 17:51:02.458,1,-0.88,-1.78,2.21,253.076,-298.7982,-256.3888,175,75
2026-05-11 17:51:02.458,1,-1.2,-1.85,1.93,239.416,-280.9982,-265.7188,175,75
2026-05-11 17:51:02.468,1,-3.5,-1.5,1.35,201.36599999999999,-364.7782,-180.4188,175,75
2026-05-11 17:51:02.491,1,7.16,-2.62,4.34,248.076,-95.9982,606.3512000000001,175,75
2026-05-11 17:51:02.504,1,-1.64,-0.99,4.14,2.525999999999998,418.9418,-6.388800000000002,175,75
2026-05-11 17:51:02.517,1,2.29,-3.49,4.83,58.016,18.8218,9.771199999999999,175,75
2026-05-11 17:51:02.537,1,-0.71,-1.92,2.19,-94.304,-428.6782,-3.8888000000000016,175,75
2026-05-11 17:51:02.542,1,-1.45,-1.23,0.3,-142.47400000000002,-371.4282,19.461199999999998,175,75
2026-05-11 17:51:02.593,1,-1.53,-1.74,0.25,60.146,51.20179999999999,-4.738800000000001,175,75
2026-05-11 17:51:02.603,1,-1.41,-1.62,1.5,98.806,165.77179999999998,-11.448800000000002,175,75
2026-05-11 17:51:02.622,1,-0.62,-1.55,2.0,90.20599999999999,93.1518,-26.0888,175,75
2026-05-11 17:51:02.646,1,-1.86,-1.02,1.15,90.276,3.0318000000000005,-82.9188,175,75
2026-05-11 17:51:02.646,1,-1.77,-0.9,1.52,113.98599999999999,57.84179999999999,-103.2788,175,75
2026-05-11 17:51:02.668,1,-1.2,-1.18,2.2,81.48599999999999,42.3518,-139.2588,175,75
2026-05-11 17:51:02.679,1,-1.02,-1.23,2.07,64.596,23.511800000000004,-174.49880000000002,175,75
2026-05-11 17:51:02.690,1,-0.98,-0.96,1.57,72.286,54.791799999999995,-200.5388,175,75
2026-05-11 17:51:02.702,1,-0.82,-0.7,1.68,69.726,81.5018,-146.8188,175,75
2026-05-11 17:51:02.721,1,-0.64,-0.9,1.92,80.026,70.8318,-85.4188,175,75
2026-05-11 17:51:02.751,1,-1.28,-0.56,1.64,25.336,91.20179999999999,-41.8188,175,75
2026-05-11 17:51:02.761,1,-2.02,-0.4,0.99,-94.054,124.61179999999999,46.661199999999994,175,75
2026-05-11 17:51:02.771,1,-1.85,-0.5,0.98,-126.744,131.3818,71.9012,175,75
2026-05-11 17:51:02.771,1,-1.68,-0.54,1.14,-140.274,141.8718,99.7712,175,75
2026-05-11 17:51:02.810,1,-0.14,-0.45,1.93,-127.774,60.7118,88.7912,175,75
2026-05-11 17:51:02.821,1,-0.26,-0.06,1.75,-116.98400000000001,21.5618,83.0612,175,75
2026-05-11 17:51:02.834,1,-0.38,0.16,1.66,-107.96400000000001,13.091800000000003,72.4512,175,75
2026-05-11 17:51:02.841,1,-0.28,0.47,1.78,-89.48400000000001,33.821799999999996,54.221199999999996,175,75
2026-05-11 17:51:02.918,1,-0.66,-0.66,1.71,-45.704,-75.5082,43.121199999999995,175,75
2026-05-11 17:51:02.962,1,-0.37,-1.68,0.99,8.015999999999998,-15.568199999999997,-17.9188,175,75
2026-05-11 17:51:02.994,1,-1.16,-1.45,1.53,25.025999999999996,25.0418,-39.808800000000005,175,75
2026-05-11 17:51:03.024,1,-1.12,-1.34,1.7,26.735999999999997,64.1218,-71.7588,175,75
2026-05-11 17:51:03.043,1,-0.99,-1.31,1.82,24.476,66.8118,-84.8088,175,75
2026-05-11 17:51:03.043,1,-1.19,-1.41,1.89,44.786,149.3118,-100.28880000000001,175,75
2026-05-11 17:51:03.065,1,-0.32,-1.38,1.67,63.686,146.2618,-87.7288,175,75
2026-05-11 17:51:03.111,1,-0.66,-0.68,1.38,0.815999999999999,163.27179999999998,-51.6388,175,75
2026-05-11 17:51:03.111,1,-0.79,-0.48,1.91,-14.794000000000002,219.7918,-24.7388,175,75
2026-05-11 17:51:03.122,1,-0.95,-0.52,2.24,-41.194,206.9918,-6.448800000000001,175,75
2026-05-11 17:51:03.140,1,-2.42,-0.6,1.78,-108.87400000000001,142.2318,39.2812,175,75
2026-05-11 17:51:03.140,1,-2.98,-0.96,0.9,-210.94400000000002,160.4618,125.0712,175,75
2026-05-11 17:51:03.152,1,-3.06,-1.39,0.4,-273.99399999999997,170.5318,178.7912,175,75
2026-05-11 17:51:03.164,1,-3.05,-1.76,-0.06,-306.984,207.6018,218.5512,175,75
2026-05-11 17:51:03.165,1,-2.9,-2.0,-0.16,-291.68399999999997,259.4918,240.9312,175,75
2026-05-11 17:51:03.177,1,-1.78,-2.36,0.45,-266.49399999999997,300.9518,242.8212,175,75
2026-05-11 17:51:03.189,1,-1.01,-1.71,1.48,-334.18399999999997,164.7318,235.7412,175,75
2026-05-11 17:51:03.215,1,-0.89,-0.92,1.45,-339.18399999999997,103.5118,210.0712,175,75
2026-05-11 17:51:03.235,1,-0.93,-0.74,1.55,-319.364,111.5618,198.7912,175,75
2026-05-11 17:51:03.250,1,-0.81,-0.39,1.86,-272.774,117.7218,158.1812,175,75
2026-05-11 17:51:03.277,1,-0.86,-0.14,2.23,-210.88400000000001,118.45179999999999,115.99119999999999,175,75
2026-05-11 17:51:03.288,1,-0.75,0.05,2.53,-181.864,105.4018,104.4012,175,75
2026-05-11 17:51:03.317,1,-0.72,0.45,2.57,-28.444000000000003,-22.338199999999997,23.301199999999994,175,75
2026-05-11 17:51:03.329,1,-0.75,0.39,2.51,24.665999999999997,-31.368199999999998,6.661199999999999,175,75
2026-05-11 17:51:03.329,1,-0.69,0.34,2.48,73.386,-37.4582,-16.208800000000004,175,75
2026-05-11 17:51:03.348,1,-0.64,0.28,2.38,121.67599999999999,-43.188199999999995,-44.0088,175,75
2026-05-11 17:51:03.360,1,-0.66,0.14,2.22,159.476,-37.7082,-68.5888,175,75
2026-05-11 17:51:03.393,1,-0.74,-0.03,2.12,219.786,-17.338199999999997,-94.9888,175,75
2026-05-11 17:51:03.393,1,-0.79,-0.19,2.15,253.566,-17.338199999999997,-107.36880000000001,175,75
2026-05-11 17:51:03.417,1,-0.84,-0.45,2.14,283.25600000000003,-39.048199999999994,-120.0488,175,75
2026-05-11 17:51:03.428,1,-0.93,-0.49,2.05,290.696,-52.458200000000005,-129.2588,175,75
2026-05-11 17:51:03.440,1,-0.84,-0.57,1.9,296.42600000000004,-64.2882,-134.9888,175,75
2026-05-11 17:51:03.464,1,-0.82,-0.6,1.61,296.55600000000004,-82.3982,-127.9188,175,75
2026-05-11 17:51:03.464,1,-0.8,-0.67,1.47,283.136,-103.79820000000001,-119.4388,175,75
2026-05-11 17:51:03.496,1,-0.89,-0.75,1.41,259.596,-129.4082,-106.4488,175,75
2026-05-11 17:51:03.496,1,-0.95,-0.79,1.34,231.186,-159.8382,-97.5488,175,75
2026-05-11 17:51:03.497,1,-1.02,-0.71,1.26,210.396,-194.5982,-95.4788,175,75
2026-05-11 17:51:03.538,1,-1.44,-0.53,0.82,160.756,-248.6182,-109.31880000000001,175,75
2026-05-11 17:51:03.550,1,-1.76,-0.46,0.72,153.926,-172.1582,-96.4488,175,75
2026-05-11 17:51:03.575,1,-1.86,-0.42,0.72,100.14599999999999,-183.3782,-41.8188,175,75
2026-05-11 17:51:03.591,1,-6.3,-0.01,-0.19,59.726,-177.0982,38.8512,175,75
2026-05-11 17:51:03.624,1,-4.64,-0.67,-3.21,-15.214,-248.9882,191.7212,175,75
2026-05-11 17:51:03.624,1,3.83,-3.63,-0.83,46.126,-62.76819999999999,119.1012,175,75
2026-05-11 17:51:03.624,1,1.89,-1.69,3.87,55.336,789.1218,111.2312,175,75
2026-05-11 17:51:03.657,1,0.12,-1.37,2.24,-216.554,-280.6882,90.32119999999999,175,75
2026-05-11 17:51:03.728,1,-1.81,-1.32,0.68,5.145999999999999,54.37179999999999,4.461199999999998,175,75
2026-05-11 17:51:03.738,1,-1.79,-1.68,1.09,18.316,101.3818,-36.6388,175,75
2026-05-11 17:51:03.738,1,-1.98,-1.61,1.56,19.595999999999997,94.5518,-79.00880000000001,175,75
2026-05-11 17:51:03.749,1,-1.82,-1.58,1.93,15.945999999999998,124.7918,-107.4888,175,75
2026-05-11 17:51:03.789,1,-1.19,-2.53,3.38,61.246,356.4418,-166.2088,175,75
2026-05-11 17:51:03.828,1,-2.58,-1.21,3.63,-84.914,390.0418,-18.338800000000003,175,75
2026-05-11 17:51:03.897,1,-2.25,-0.48,4.32,17.035999999999998,698.3318,126.5412,175,75
2026-05-11 17:51:03.897,1,-1.86,-0.14,4.97,-22.774,436.0718,189.6512,175,75
2026-05-11 17:51:03.897,1,-1.76,0.21,5.39,21.616,286.3218,228.4912,175,75
2026-05-11 17:51:03.899,1,-1.25,-0.2,4.84,154.236,19.731800000000003,205.7412,175,75
2026-05-11 17:51:03.918,1,-1.65,-0.61,3.33,201.55599999999998,-148.6782,199.7712,175,75
2026-05-11 17:51:03.933,1,-1.53,-0.42,2.62,208.986,-148.3182,215.8012,175,75
2026-05-11 17:51:03.960,1,-0.27,-0.91,1.98,216.61599999999999,-229.7182,162.5112,175,75
2026-05-11 17:51:03.970,1,-0.63,-0.92,0.87,182.58599999999998,-291.9682,133.06119999999999,175,75
2026-05-11 17:51:03.984,1,-1.0,-0.63,-0.13,164.666,-223.9282,114.5212,175,75
2026-05-11 17:51:03.996,1,-1.37,-0.08,-0.91,167.83599999999998,-62.578199999999995,116.7812,175,75
2026-05-11 17:51:04.029,1,0.93,-0.87,-0.75,160.33599999999998,529.9818,75.4412,175,75
2026-05-11 17:51:04.029,1,3.56,-1.32,-0.1,145.02599999999998,532.5418,29.891199999999998,175,75
2026-05-11 17:51:04.038,1,4.0,-2.63,-0.48,78.196,383.2118,-87.0588,175,75
2026-05-11 17:51:04.054,1,4.03,-4.12,0.34,81.856,189.3118,-71.0288,175,75
2026-05-11 17:51:04.068,1,0.5,-1.72,-0.67,-212.104,-241.9682,-72.0588,175,75
2026-05-11 17:51:04.088,1,-0.33,-1.7,-0.07,-136.19400000000002,-119.04820000000001,-57.058800000000005,175,75
2026-05-11 17:51:04.099,1,-1.48,-2.88,1.78,15.575999999999999,48.6318,-55.958800000000004,175,75
2026-05-11 17:51:04.109,1,-1.66,-2.82,3.29,34.056,110.89179999999999,-1.0288000000000022,175,75
2026-05-11 17:51:04.120,1,-0.66,-2.56,1.96,-44.724,34.671800000000005,-9.138800000000002,175,75
2026-05-11 17:51:04.120,1,-0.74,-1.86,0.88,-90.644,25.2818,-35.348800000000004,175,75
2026-05-11 17:51:04.133,1,-0.99,-2.22,1.27,-59.974,137.3518,-56.3288,175,75
2026-05-11 17:51:04.157,1,-0.02,-3.42,3.68,58.136,437.0518,-54.988800000000005,175,75
2026-05-11 17:51:04.170,1,-0.91,-3.24,3.82,-47.653999999999996,199.2418,11.291199999999998,175,75
2026-05-11 17:51:04.170,1,-1.14,-2.07,3.05,-59.544000000000004,196.5018,-5.718800000000002,175,75
2026-05-11 17:51:04.192,1,-1.48,-0.13,2.16,-34.724,127.23179999999999,-31.028800000000004,175,75
2026-05-11 17:51:04.202,1,-2.19,1.79,1.19,-5.644,89.5518,-68.6488,175,75
2026-05-11 17:51:04.228,1,-1.92,3.93,0.97,85.886,425.7718,-119.31880000000001,175,75
2026-05-11 17:51:04.262,1,-1.76,1.35,2.42,286.18600000000004,873.2718,-132.6088,175,75
2026-05-11 17:51:04.262,1,-1.25,0.62,3.63,307.286,908.0318,-150.7788,175,75
2026-05-11 17:51:04.279,1,-0.27,1.1,3.86,448.92600000000004,513.7018,-87.36880000000001,175,75
2026-05-11 17:51:04.293,1,0.17,0.16,2.82,462.836,282.3518,-135.59879999999998,175,75
2026-05-11 17:51:04.308,1,0.15,-0.32,1.51,440.456,209.9218,-170.1088,175,75
2026-05-11 17:51:04.384,1,-2.72,-2.55,-2.34,-300.034,-244.9582,-210.0488,175,75
2026-05-11 17:51:04.395,1,0.25,-1.4,2.17,-111.614,108.8818,-175.9588,175,75
2026-05-11 17:51:04.431,1,0.31,-1.3,0.9,-28.814,-363.5582,-227.9188,175,75
2026-05-11 17:51:04.448,1,-4.1,-1.6,-0.76,116.006,615.1018,-106.8788,175,75
2026-05-11 17:51:04.458,1,-2.33,-1.12,2.47,170.946,815.6518,-51.9988,175,75
2026-05-11 17:51:04.470,1,-1.13,-1.47,4.67,95.51599999999999,613.3318,3.3611999999999984,175,75
2026-05-11 17:51:04.481,1,-3.5,-2.31,2.43,-221.074,38.76180000000001,-26.3288,175,75
2026-05-11 17:51:04.495,1,-3.54,-1.48,0.36,-275.82399999999996,63.9418,76.1712,175,75
2026-05-11 17:51:04.509,1,-2.63,-1.23,0.6,-178.264,135.8318,159.0412,175,75
2026-05-11 17:51:04.509,1,-1.32,-1.78,2.07,-133.934,-19.7182,169.1612,175,75
2026-05-11 17:51:04.520,1,-1.57,-1.97,2.66,-227.104,-156.5482,184.4012,175,75
2026-05-11 17:51:04.522,1,-1.88,-1.71,2.28,-307.964,-230.9382,209.8312,175,75
2026-05-11 17:51:04.531,1,-2.02,-1.39,1.77,-302.354,-188.7982,240.3812,175,75
2026-05-11 17:51:04.552,1,-1.96,-1.37,1.69,-254.72400000000002,-115.3282,260.9912,175,75
2026-05-11 17:51:04.601,1,-1.52,-1.03,1.92,-188.144,10.651800000000001,295.6212,175,75
2026-05-11 17:51:04.611,1,-1.27,-0.92,1.94,-163.324,39.4918,297.8812,175,75
2026-05-11 17:51:04.626,1,-1.18,-0.83,1.89,-147.354,69.1218,293.2412,175,75
2026-05-11 17:51:04.685,1,-0.3,-0.55,1.91,-124.72400000000002,164.3718,284.4612,175,75
2026-05-11 17:51:04.685,1,-0.1,-0.34,2.18,-111.554,148.7618,263.1812,175,75
2026-05-11 17:51:04.695,1,0.42,-0.1,2.56,-97.224,110.83179999999999,231.5412,175,75
2026-05-11 17:51:04.762,1,-0.26,0.19,2.38,-40.764,-139.10819999999998,148.9712,175,75
2026-05-11 17:51:04.798,1,-0.06,-0.69,0.58,65.946,21.131800000000002,132.7612,175,75
2026-05-11 17:51:04.807,1,1.2,-2.82,0.77,50.396,453.5718,-29.6188,175,75
2026-05-11 17:51:04.829,1,1.92,-3.69,5.29,216.916,832.3518,-48.458800000000004,175,75
2026-05-11 17:51:04.867,1,4.88,-4.53,8.74,245.876,638.7618,143.3612,175,75
2026-05-11 17:51:04.867,1,-1.2,-1.29,-0.71,-108.20400000000001,28.2118,-48.458800000000004,175,75
2026-05-11 17:51:04.910,1,-1.67,-1.31,1.65,6.425999999999998,101.0718,-159.43880000000001,175,75
2026-05-11 17:51:04.952,1,-1.76,-1.31,1.7,128.986,172.9018,-346.6988,175,75
2026-05-11 17:51:04.964,1,-3.45,-0.96,2.33,67.036,295.6518,-176.2088,175,75
2026-05-11 17:51:04.998,1,-3.86,-0.57,1.9,64.536,342.1718,-43.6488,175,75
2026-05-11 17:51:05.019,1,-4.26,-0.51,0.89,18.746,403.0318,76.2912,175,75
2026-05-11 17:51:05.060,1,-3.87,-1.47,1.15,-37.354,355.16179999999997,170.50119999999998,175,75
2026-05-11 17:51:05.084,1,-2.54,-1.37,2.38,-96.68400000000001,153.7018,255.50119999999998,175,75
2026-05-11 17:51:05.111,1,-1.96,-1.15,2.29,-114.664,95.1018,271.6012,175,75
2026-05-11 17:51:05.172,1,-0.12,-0.71,1.84,-60.333999999999996,-42.578199999999995,292.8812,175,75
2026-05-11 17:51:05.182,1,0.52,-0.7,1.69,-43.204,-65.2082,262.3312,175,75
2026-05-11 17:51:05.210,1,1.17,-0.29,1.76,23.566,-55.87819999999999,194.1612,175,75
2026-05-11 17:51:05.210,1,0.92,0.03,1.8,61.306,-64.2282,142.8812,175,75
2026-05-11 17:51:05.226,1,-0.54,0.34,1.65,94.17599999999999,-68.37819999999999,123.8512,175,75
2026-05-11 17:51:05.261,1,-0.28,-3.07,0.79,71.48599999999999,-1.238199999999999,-61.448800000000006,175,75
2026-05-11 17:51:05.272,1,-0.5,-1.96,1.7,18.506,48.761799999999994,-42.308800000000005,175,75
2026-05-11 17:51:05.286,1,-1.05,-1.39,1.33,-3.7540000000000013,17.4218,-70.0488,175,75
2026-05-11 17:51:05.348,1,-0.92,-2.23,1.76,38.256,93.0318,-99.1388,175,75
2026-05-11 17:51:05.377,1,-0.88,-0.29,1.47,90.20599999999999,157.1718,-77.7288,175,75
2026-05-11 17:51:05.426,1,-1.56,0.69,1.34,100.576,119.37180000000001,-118.8288,175,75
2026-05-11 17:51:05.439,1,-0.64,0.83,1.24,206.24599999999998,403.8818,-215.8388,175,75
2026-05-11 17:51:05.449,1,-0.72,-0.54,1.96,330.636,250.8318,-225.7788,175,75
2026-05-11 17:51:05.470,1,-1.03,-2.0,0.79,245.816,41.01180000000001,-282.1188,175,75
2026-05-11 17:51:05.491,1,-2.24,-1.16,-0.22,114.84599999999999,54.5518,-167.0588,175,75
2026-05-11 17:51:05.520,1,-2.68,-1.13,-0.49,-71.43400000000001,37.23180000000001,-17.0588,175,75
2026-05-11 17:51:05.521,1,-0.32,-1.37,0.32,-80.09400000000001,239.79180000000002,0.32119999999999926,175,75
2026-05-11 17:51:05.554,1,-3.14,-2.25,-1.12,-211.19400000000002,4.671800000000001,106.5412,175,75
2026-05-11 17:51:05.566,1,-1.65,-2.1,1.2,-177.594,221.9918,102.5112,175,75
2026-05-11 17:51:05.594,1,-1.44,-1.14,2.3,-308.63399999999996,-423.7982,164.0412,175,75
2026-05-11 17:51:05.604,1,-1.75,-0.67,1.25,-268.63399999999996,-350.6882,193.5512,175,75
2026-05-11 17:51:05.631,1,-1.46,-0.89,1.07,-166.924,-18.4382,232.8812,175,75
2026-05-11 17:51:05.654,1,-1.19,-0.48,1.4,-178.264,52.541799999999995,236.2312,175,75
2026-05-11 17:51:05.668,1,-1.0,-0.06,1.56,-166.624,87.7218,233.7912,175,75
2026-05-11 17:51:05.678,1,-0.95,-0.03,1.74,-147.104,103.0318,232.1512,175,75
2026-05-11 17:51:05.705,1,-0.83,-0.35,1.89,-152.774,77.1718,228.9712,175,75
2026-05-11 17:51:05.739,1,-0.85,-0.46,1.89,-148.324,38.701800000000006,228.1812,175,75
2026-05-11 17:51:05.739,1,-0.47,-0.52,1.99,-135.274,49.311800000000005,213.6712,175,75
2026-05-11 17:51:05.765,1,-0.77,-0.47,2.11,-125.334,3.9418000000000006,210.8612,175,75
2026-05-11 17:51:05.766,1,-0.39,-0.51,1.91,-137.714,-25.3282,198.9712,175,75
2026-05-11 17:51:05.829,1,-0.51,-0.09,2.45,-88.81400000000001,-61.48819999999999,178.6112,175,75
2026-05-11 17:51:05.829,1,-1.25,0.12,2.26,-70.034,-121.1182,182.5712,175,75
2026-05-11 17:51:05.872,1,1.11,-0.5,2.25,2.525999999999998,7.481800000000003,141.7212,175,75
2026-05-11 17:51:05.917,1,1.11,-2.19,4.57,150.27599999999998,806.8118,-46.5088,175,75
2026-05-11 17:51:05.945,1,3.16,-4.01,7.91,215.396,655.6518,4.7711999999999986,175,75
2026-05-11 17:51:06.013,1,0.56,-2.06,-1.05,-32.044,-23.1282,-21.208800000000004,175,75
2026-05-11 17:51:06.024,1,-1.46,-0.98,1.34,10.815999999999999,32.171800000000005,-70.6588,175,75
2026-05-11 17:51:06.051,1,-2.26,-1.21,1.44,63.446,70.2818,-180.3488,175,75
2026-05-11 17:51:06.051,1,-2.23,-1.04,1.71,106.856,148.7018,-209.3188,175,75
2026-05-11 17:51:06.107,1,-3.26,-0.92,2.28,-50.884,93.09179999999999,183.2412,175,75
2026-05-11 17:51:06.134,1,-2.18,-1.45,0.97,-134.91400000000002,72.1118,279.1012,175,75
2026-05-11 17:51:06.145,1,-0.85,-1.25,1.71,-143.994,104.4918,306.3512,175,75
2026-05-11 17:51:06.158,1,0.11,-0.71,1.93,-130.764,19.371800000000004,301.6012,175,75
2026-05-11 17:51:06.210,1,0.6,-0.48,1.79,-71.134,-44.048199999999994,268.6712,175,75
2026-05-11 17:51:06.222,1,0.81,-0.46,1.78,-53.38399999999999,-49.408199999999994,235.56119999999999,175,75
2026-05-11 17:51:06.272,1,0.16,-0.13,1.87,-27.653999999999996,-55.328199999999995,199.7712,175,75
2026-05-11 17:51:06.277,1,0.62,-0.02,2.14,8.925999999999998,48.09179999999999,185.6812,175,75
2026-05-11 17:51:06.288,1,1.13,-0.26,2.32,22.165999999999997,-8.868199999999998,148.06119999999999,175,75
2026-05-11 17:51:06.328,1,0.96,-0.8,0.51,3.0159999999999982,63.2718,51.471199999999996,175,75
2026-05-11 17:51:06.353,1,1.81,-1.35,0.38,-2.474000000000002,241.2618,-23.528800000000004,175,75
2026-05-11 17:51:06.369,1,0.54,-4.65,1.75,-104.79400000000001,-535.8782,-130.8388,175,75
2026-05-11 17:51:06.381,1,-1.75,-1.53,0.75,-105.70400000000001,-258.8682,-100.28880000000001,175,75
2026-05-11 17:51:06.385,1,-0.28,-2.48,1.29,38.446,69.73179999999999,-56.448800000000006,175,75
2026-05-11 17:51:06.394,1,-0.37,-1.95,1.35,14.725999999999999,21.441800000000004,-55.348800000000004,175,75
2026-05-11 17:51:06.420,1,-1.2,-2.61,1.9,28.565999999999995,180.0418,-84.06880000000001,175,75
2026-05-11 17:51:06.420,1,-0.34,-2.74,2.31,126.246,360.5318,-73.7088,175,75
2026-05-11 17:51:06.457,1,-1.24,-1.67,1.87,-17.224000000000004,162.6018,-37.6088,175,75
2026-05-11 17:51:06.465,1,-1.34,-0.33,1.61,7.8359999999999985,82.1718,-54.378800000000005,175,75
2026-05-11 17:51:06.485,1,-1.6,0.89,1.22,29.665999999999997,5.7118,-104.1988,175,75
2026-05-11 17:51:06.509,1,-0.97,3.08,0.81,93.62599999999999,139.2418,-180.4788,175,75
2026-05-11 17:51:06.518,1,-1.25,3.68,1.26,237.096,374.5518,-227.4888,175,75
2026-05-11 17:51:06.546,1,-1.22,0.35,2.25,250.696,597.7218,-243.5888,175,75
2026-05-11 17:51:06.571,1,-1.05,0.03,2.92,245.396,559.0618,-272.6688,175,75
2026-05-11 17:51:06.593,1,-0.66,-1.07,1.28,373.076,328.2718,-256.6388,175,75
2026-05-11 17:51:06.605,1,-0.72,-1.55,1.04,351.856,283.4518,-245.2888,175,75
2026-05-11 17:51:06.617,1,-1.84,-1.8,0.19,114.84599999999999,-132.0982,-126.3288,175,75
2026-05-11 17:51:06.658,1,-0.69,-1.48,0.88,-61.614,125.71180000000001,-31.2688,175,75
2026-05-11 17:51:06.668,1,-1.92,-1.91,1.82,-123.51400000000001,181.7418,76.9012,175,75
2026-05-11 17:51:06.708,1,-1.4,-1.56,1.81,-222.47400000000002,-109.4682,158.1212,175,75
2026-05-11 17:51:06.718,1,-1.48,-1.6,1.75,-238.994,-118.1282,173.9712,175,75
2026-05-11 17:51:06.723,1,-1.43,-1.56,1.79,-239.184,-100.2082,196.7212,175,75
2026-05-11 17:51:06.772,1,-1.35,-1.45,1.87,-228.814,-91.6682,211.4712,175,75
2026-05-11 17:51:06.772,1,-1.27,-1.19,1.81,-211.13400000000001,-90.3282,220.50119999999998,175,75
2026-05-11 17:51:06.785,1,-1.18,-1.02,1.7,-194.66400000000002,-76.6082,223.2412,175,75
2026-05-11 17:51:06.798,1,-0.99,-0.76,1.54,-173.75400000000002,-55.4482,229.28119999999998,175,75
2026-05-11 17:51:06.798,1,-0.92,-0.54,1.48,-166.25400000000002,-27.7682,236.6012,175,75
2026-05-11 17:51:06.812,1,-0.67,-0.29,1.41,-158.814,10.1018,236.6012,175,75
2026-05-11 17:51:06.835,1,-0.35,-0.05,1.32,-146.19400000000002,36.7418,211.78119999999998,175,75
2026-05-11 17:51:06.835,1,-0.16,-0.17,1.3,-129.66400000000002,42.3518,200.8012,175,75
2026-05-11 17:51:06.859,1,-0.04,-0.4,1.49,-133.324,12.541800000000002,167.3312,175,75
2026-05-11 17:51:06.859,1,-0.07,-0.31,1.56,-132.22400000000002,-9.718199999999998,156.2312,175,75
2026-05-11 17:51:06.872,1,-0.16,-0.27,1.63,-125.70400000000001,-40.1482,141.6012,175,75
2026-05-11 17:51:06.921,1,-1.61,0.05,1.64,-100.09400000000001,-112.51820000000001,141.7212,175,75
2026-05-11 17:51:06.921,1,-0.46,-0.17,1.67,-84.054,-55.3882,152.5712,175,75
2026-05-11 17:51:06.932,1,0.88,-0.6,2.24,-62.654,-67.8282,124.7712,175,75
2026-05-11 17:51:06.944,1,0.18,-0.4,-0.09,-120.584,-30.208199999999998,55.13119999999999,175,75
2026-05-11 17:51:06.965,1,1.82,-2.33,3.82,17.345999999999997,588.7618,-20.8388,175,75
2026-05-11 17:51:06.968,1,1.45,-5.1,6.36,123.196,376.9318,27.691199999999995,175,75
2026-05-11 17:51:06.972,1,0.4,-4.96,3.24,-67.414,-355.2082,-80.6588,175,75
2026-05-11 17:51:06.999,1,-0.97,-1.62,0.24,-79.244,26.441800000000004,-21.698800000000002,175,75
2026-05-11 17:51:07.038,1,-0.74,-1.84,0.9,-44.974,29.981800000000003,-19.138800000000003,175,75
2026-05-11 17:51:07.048,1,-1.87,-1.55,1.09,-42.964,36.1318,-56.268800000000006,175,75
2026-05-11 17:51:07.048,1,-1.71,-1.42,1.22,-24.113999999999997,96.9918,-95.0488,175,75
2026-05-11 17:51:07.058,1,-1.38,-1.53,1.2,20.695999999999998,61.4418,-148.5288,175,75
2026-05-11 17:51:07.067,1,-1.4,-1.63,1.19,77.28599999999999,24.121800000000004,-178.0988,175,75
2026-05-11 17:51:07.080,1,-1.59,-1.64,1.13,108.386,54.6118,-195.3488,175,75
2026-05-11 17:51:07.101,1,-2.72,-1.69,2.01,153.74599999999998,424.7318,-296.3288,175,75
2026-05-11 17:51:07.137,1,-2.67,-1.03,4.44,54.356,304.3118,-114.4988,175,75
2026-05-11 17:51:07.137,1,-3.61,-0.3,2.88,55.946,101.6218,-148.1588,175,75
2026-05-11 17:51:07.168,1,-5.24,0.66,1.12,38.315999999999995,125.83179999999999,-14.738800000000001,175,75
2026-05-11 17:51:07.189,1,-3.56,-0.64,2.04,34.726,362.5418,155.2612,175,75
2026-05-11 17:51:07.189,1,-3.26,-1.6,2.85,13.376,90.2218,234.3412,175,75
2026-05-11 17:51:07.230,1,-1.68,-0.96,1.69,-42.294,175.5918,303.9712,175,75
2026-05-11 17:51:07.241,1,-1.04,-0.91,2.19,-44.184,143.8818,309.4012,175,75
2026-05-11 17:51:07.241,1,-0.23,-0.93,2.45,-40.884,81.5618,314.8312,175,75
2026-05-11 17:51:07.290,1,1.03,-0.23,2.06,14.535999999999998,-244.1682,241.6012,175,75
2026-05-11 17:51:07.308,1,1.02,0.11,1.49,62.526,-285.6282,182.3312,175,75
2026-05-11 17:51:07.308,1,0.22,0.54,0.96,95.276,-211.9082,145.0712,175,75
2026-05-11 17:51:07.325,1,1.12,-0.56,0.44,89.29599999999999,-34.8982,105.38119999999999,175,75
2026-05-11 17:51:07.363,1,1.2,-1.25,-0.37,60.636,-59.8382,38.791199999999996,175,75
2026-05-11 17:51:07.374,1,0.71,-1.5,-1.54,116.556,635.8918,-123.7688,175,75
2026-05-11 17:51:07.398,1,0.28,-2.18,1.63,-83.084,-227.9482,-82.7288,175,75
2026-05-11 17:51:07.408,1,0.47,-1.82,1.41,-39.114,-84.4682,-55.65880000000001,175,75
2026-05-11 17:51:07.408,1,-0.29,-2.71,1.29,-34.244,-187.6482,-75.4188,175,75
2026-05-11 17:51:07.420,1,-1.36,-2.69,1.5,-14.364000000000003,-62.158199999999994,-52.4288,175,75
2026-05-11 17:51:07.431,1,-1.05,-2.03,1.8,-6.074,36.561800000000005,-36.0888,175,75
2026-05-11 17:51:07.442,1,-1.06,-1.64,1.54,-6.4940000000000015,15.1018,-52.238800000000005,175,75
2026-05-11 17:51:07.486,1,-1.16,-1.97,1.52,-13.754,100.4618,-88.1588,175,75
2026-05-11 17:51:07.505,1,-0.71,-2.33,2.43,4.535999999999999,225.9518,-116.14880000000001,175,75
2026-05-11 17:51:07.505,1,-0.2,-2.95,2.5,-10.404000000000002,199.4918,-57.72880000000001,175,75
2026-05-11 17:51:07.519,1,-0.79,-2.02,2.3,-29.484,198.8818,-23.1588,175,75
2026-05-11 17:51:07.533,1,-0.86,-0.93,2.07,-28.814,130.7118,-34.808800000000005,175,75
2026-05-11 17:51:07.543,1,-2.06,1.56,1.01,18.566,-42.9482,-112.6088,175,75
2026-05-11 17:51:07.567,1,-1.62,1.38,2.27,190.876,442.7818,-179.49880000000002,175,75
2026-05-11 17:51:07.637,1,-1.34,0.39,2.77,254.96599999999998,462.9018,-220.7788,175,75
2026-05-11 17:51:07.685,1,-0.2,-1.07,1.38,362.466,492.9018,-274.1988,175,75
2026-05-11 17:51:07.714,1,-0.19,-2.93,3.15,286.55600000000004,-103.4982,-97.36880000000001,175,75
2026-05-11 17:51:07.725,1,-0.08,-2.92,1.22,129.116,-337.8882,-157.6688,175,75
2026-05-11 17:51:07.725,1,0.38,-1.1,0.34,51.366,-348.9282,-124.1388,175,75
2026-05-11 17:51:07.748,1,0.04,0.22,0.12,-28.024,-200.6882,-64.5588,175,75
2026-05-11 17:51:07.760,1,-0.05,-1.95,0.6,-124.304,288.1518,-21.698800000000002,175,75
2026-05-11 17:51:07.793,1,-1.35,-2.28,2.38,-183.814,290.1018,85.8012,175,75
2026-05-11 17:51:07.813,1,-0.93,-2.15,2.71,-188.994,145.2218,94.8312,175,75
2026-05-11 17:51:07.813,1,-0.78,-1.81,2.47,-238.44400000000002,-54.2282,96.2912,175,75
2026-05-11 17:51:07.851,1,-1.16,-1.42,2.01,-282.224,-151.1182,121.66120000000001,175,75
2026-05-11 17:51:07.851,1,-1.49,-1.11,1.82,-292.964,-184.6582,152.6312,175,75
2026-05-11 17:51:07.865,1,-1.19,-0.53,1.78,-242.964,-190.4482,207.3912,175,75
2026-05-11 17:51:07.876,1,-0.89,-0.28,1.62,-202.774,-181.9082,228.4912,175,75
2026-05-11 17:51:07.898,1,-0.6,-0.17,1.49,-181.804,-165.0782,234.3412,175,75
2026-05-11 17:51:07.920,1,-0.27,-0.19,1.03,-178.204,-113.0682,211.4112,175,75
2026-05-11 17:51:07.932,1,-0.2,-0.2,0.98,-165.154,-80.9382,200.6812,175,75
2026-05-11 17:51:07.932,1,-0.0,-0.28,1.09,-153.994,-51.968199999999996,184.4612,175,75
2026-05-11 17:51:07.953,1,0.01,-0.33,1.36,-136.554,-27.0982,151.4112,175,75
2026-05-11 17:51:07.967,1,-0.2,-0.18,1.71,-110.09400000000001,4.3718,148.9712,175,75
2026-05-11 17:51:07.979,1,-0.13,-0.21,2.02,-86.134,-14.228199999999998,135.0712,175,75
2026-05-11 17:51:08.000,1,-0.8,-0.04,2.12,-72.65400000000001,-132.6482,150.0112,175,75
2026-05-11 17:51:08.000,1,-0.51,-0.06,1.87,-64.54400000000001,-136.9682,141.4112,175,75
2026-05-11 17:51:08.024,1,0.84,-0.11,1.64,-25.823999999999998,-107.4582,91.96119999999999,175,75
2026-05-11 17:51:08.051,1,0.61,-2.65,3.36,22.586,577.8418,-51.3888,175,75
2026-05-11 17:51:08.064,1,2.27,-4.39,6.66,155.08599999999998,626.5018,71.2912,175,75
2026-05-11 17:51:08.110,1,0.2,-2.52,-0.47,-18.634,-17.708199999999998,-25.4188,175,75
2026-05-11 17:51:08.117,1,-0.42,-2.39,-0.0,-47.414,74.4318,-16.208800000000004,175,75
2026-05-11 17:51:08.130,1,-1.52,-1.41,1.35,4.355999999999999,62.6018,-23.6488,175,75
2026-05-11 17:51:08.142,1,-1.89,-1.75,1.69,16.796,113.45179999999999,-56.878800000000005,175,75
2026-05-11 17:51:08.189,1,-1.67,-1.45,1.63,45.026,79.73179999999999,-186.5088,175,75
2026-05-11 17:51:08.200,1,-1.66,-1.63,1.61,87.526,66.0718,-186.3888,175,75
2026-05-11 17:51:08.248,1,-3.39,-0.78,2.14,94.84599999999999,365.3418,-263.3388,175,75
2026-05-11 17:51:08.248,1,-3.7,-0.79,2.98,123.98599999999999,549.3118,-177.3688,175,75
2026-05-11 17:51:08.286,1,-3.32,-0.84,2.79,124.23599999999999,91.9918,-137.4888,175,75
2026-05-11 17:51:08.286,1,-4.78,-0.17,0.83,50.696,82.1718,-30.348800000000004,175,75
2026-05-11 17:51:08.296,1,-3.91,-0.13,0.3,61.306,349.4918,86.60119999999999,175,75
2026-05-11 17:51:08.310,1,-3.4,-0.66,2.36,36.006,338.7018,158.1212,175,75
2026-05-11 17:51:08.310,1,-3.11,-1.26,3.49,28.565999999999995,141.7418,220.4412,175,75
2026-05-11 17:51:08.348,1,-3.1,-1.58,2.76,-17.964,-26.368199999999998,221.8412,175,75
2026-05-11 17:51:08.358,1,-1.74,-1.12,1.29,-23.994,104.1218,285.0112,175,75
2026-05-11 17:51:08.369,1,-1.32,-1.26,1.57,-26.134,121.68180000000001,291.2312,175,75
2026-05-11 17:51:08.381,1,0.24,-1.17,1.99,-31.804000000000002,53.45179999999999,278.8512,175,75
2026-05-11 17:51:08.458,1,0.94,-0.95,1.87,-20.154000000000003,-10.018199999999998,260.8012,175,75
2026-05-11 17:51:08.458,1,1.3,-0.68,1.63,-3.694000000000001,-71.1782,238.8512,175,75
2026-05-11 17:51:08.458,1,1.3,-0.41,1.42,25.275999999999996,-94.1082,203.6712,175,75
2026-05-11 17:51:08.458,1,1.21,-0.25,1.42,54.476,-85.9382,157.8812,175,75
2026-05-11 17:51:08.458,1,-0.1,0.24,1.57,72.776,-96.1182,138.00119999999998,175,75
2026-05-11 17:51:08.469,1,0.22,-0.04,1.5,99.17599999999999,-9.108199999999998,117.94120000000001,175,75
2026-05-11 17:51:08.481,1,1.19,-0.97,0.82,79.416,-22.5782,51.7812,175,75
2026-05-11 17:51:08.494,1,1.43,-1.19,-0.24,52.776,33.51180000000001,14.1612,175,75
2026-05-11 17:51:08.522,1,2.08,-1.91,-1.16,4.535999999999999,167.3518,-66.1488,175,75
2026-05-11 17:51:08.530,1,0.93,-1.19,0.36,131.676,737.6618,-73.7088,175,75
2026-05-11 17:51:08.544,1,3.42,-1.39,3.86,246.976,978.6318,3.791199999999998,175,75
2026-05-11 17:51:08.556,1,4.83,-1.76,5.34,232.096,463.8218,-72.4888,175,75
2026-05-11 17:51:08.556,1,3.33,-3.21,2.63,88.446,-443.8682,-143.3388,175,75
2026-05-11 17:51:08.566,1,0.67,-3.54,0.69,-65.40400000000001,-472.1582,-75.28880000000001,175,75
2026-05-11 17:51:08.626,1,-0.03,-2.79,-0.42,-80.40400000000001,-201.9682,-58.15880000000001,175,75
2026-05-11 17:51:08.634,1,-1.61,-1.81,0.48,21.366,12.7818,-55.22880000000001,175,75
2026-05-11 17:51:08.653,1,-1.64,-1.83,2.89,96.916,168.7618,-33.8888,175,75
2026-05-11 17:51:08.664,1,-1.18,-1.73,3.32,59.296,139.7318,-60.958800000000004,175,75
2026-05-11 17:51:08.664,1,-0.61,-1.79,2.59,-9.854000000000001,17.721800000000005,-76.6988,175,75
2026-05-11 17:51:08.688,1,-1.21,-1.74,1.68,-61.314,-37.51819999999999,-109.5588,175,75
2026-05-11 17:51:08.699,1,-1.21,-1.55,1.69,13.075999999999999,179.1218,-124.31880000000001,175,75
2026-05-11 17:51:08.709,1,-0.8,-2.22,2.25,-48.634,133.8218,-77.42880000000001,175,75
2026-05-11 17:51:08.709,1,-0.85,-1.26,1.81,-8.994000000000002,100.5318,-69.6188,175,75
2026-05-11 17:51:08.720,1,-1.41,-0.0,1.34,27.095999999999997,10.771800000000002,-87.36880000000001,175,75
2026-05-11 17:51:08.732,1,-1.98,1.8,0.6,64.416,1.0718000000000032,-143.9488,175,75
2026-05-11 17:51:08.743,1,-1.85,2.52,0.75,217.77599999999998,312.8418,-163.9488,175,75
2026-05-11 17:51:08.743,1,-1.55,0.32,1.46,245.456,461.6218,-174.6188,175,75
2026-05-11 17:51:08.769,1,-1.2,-0.1,1.8,263.076,480.0418,-209.1988,175,75
2026-05-11 17:51:08.787,1,-0.61,-0.66,1.8,282.836,375.0418,-228.3988,175,75
2026-05-11 17:51:08.787,1,-0.48,-0.91,1.82,268.076,299.6118,-232.3088,175,75
2026-05-11 17:51:08.807,1,-1.03,-1.69,1.63,198.136,-4.468199999999998,-206.3288,175,75
2026-05-11 17:51:08.818,1,-0.78,-2.28,1.06,77.836,-0.8781999999999996,-124.4988,175,75
2026-05-11 17:51:08.839,1,-0.15,-0.73,2.7,60.456,-107.6482,-116.50880000000001,175,75
2026-05-11 17:51:08.845,1,-1.8,-0.75,1.08,-23.384,-211.2382,-92.9788,175,75
2026-05-11 17:51:08.856,1,-2.16,-1.72,-0.29,-113.87400000000001,222.5418,31.721199999999996,175,75
2026-05-11 17:51:08.912,1,-0.98,-1.76,3.59,-19.424,407.5418,91.4712,175,75
2026-05-11 17:51:08.932,1,-1.54,-1.45,2.72,-181.804,-90.6282,89.8312,175,75
2026-05-11 17:51:08.944,1,-2.17,-1.26,1.52,-201.074,-154.1682,127.8212,175,75
2026-05-11 17:51:08.944,1,-1.89,-1.42,1.36,-203.024,3.331800000000001,208.4912,175,75
2026-05-11 17:51:09.000,1,-1.17,-1.13,2.05,-201.984,-140.9982,240.56119999999999,175,75
2026-05-11 17:51:09.020,1,-1.15,-0.79,1.66,-196.684,-150.8182,259.2212,175,75
2026-05-11 17:51:09.020,1,-1.05,-0.63,1.43,-181.25400000000002,-125.2082,278.3612,175,75
2026-05-11 17:51:09.033,1,-0.38,-0.65,1.1,-161.684,-66.1782,273.0612,175,75
2026-05-11 17:51:09.059,1,-0.05,-0.5,0.88,-145.88400000000001,-6.118199999999998,258.9112,175,75
2026-05-11 17:51:09.070,1,0.16,-0.54,0.86,-137.22400000000002,39.5518,223.5512,175,75
2026-05-11 17:51:09.070,1,0.14,-0.5,1.01,-133.514,69.1218,194.9512,175,75
2026-05-11 17:51:09.080,1,-0.14,-0.31,1.38,-127.10400000000001,87.84179999999999,185.0712,175,75
2026-05-11 17:51:09.138,1,0.72,-0.12,0.74,-80.584,-55.7582,44.7112,175,75
2026-05-11 17:51:09.164,1,2.35,-2.99,5.38,66.006,516.7418,-63.338800000000006,175,75
2026-05-11 17:51:09.164,1,0.61,-5.03,4.64,160.33599999999998,450.4018,-28.888800000000003,175,75
2026-05-11 17:51:09.192,1,-1.28,-2.16,1.87,-190.03400000000002,-369.7782,-11.7588,175,75
2026-05-11 17:51:09.192,1,-1.51,-1.42,0.81,-99.664,90.59179999999999,-27.1188,175,75
2026-05-11 17:51:09.192,1,0.3,-2.0,0.62,-43.814,-50.26819999999999,-25.8988,175,75
2026-05-11 17:51:09.218,1,-1.09,-2.2,0.4,-49.794,-7.218199999999998,-2.3088000000000015,175,75
2026-05-11 17:51:09.245,1,-1.9,-1.14,0.78,7.955999999999999,73.2718,-90.53880000000001,175,75
2026-05-11 17:51:09.256,1,-1.79,-1.13,1.1,29.235999999999997,85.34179999999999,-128.3988,175,75
2026-05-11 17:51:09.291,1,-1.84,-1.62,1.72,118.746,75.95179999999999,-236.7588,175,75
2026-05-11 17:51:09.306,1,-1.82,-2.39,2.23,138.196,276.9318,-374.4988,175,75
2026-05-11 17:51:09.324,1,-2.3,-2.15,2.82,121.12599999999999,272.1718,-253.5288,175,75
2026-05-11 17:51:09.337,1,-3.06,-0.76,3.38,65.816,277.9018,-105.4188,175,75
2026-05-11 17:51:09.354,1,-4.16,0.06,2.27,81.306,148.5718,-114.1988,175,75
2026-05-11 17:51:09.387,1,-3.48,-0.72,0.82,-20.524,351.9918,132.9412,175,75
2026-05-11 17:51:09.387,1,-3.45,-0.63,2.26,-33.694,363.8218,158.06119999999999,175,75
2026-05-11 17:51:09.399,1,-3.32,-1.03,3.52,-23.994,217.1118,240.3212,175,75
2026-05-11 17:51:09.407,1,-3.17,-1.5,3.35,-44.424,52.541799999999995,258.1212,175,75
2026-05-11 17:51:09.439,1,-2.71,-1.47,2.62,-65.524,12.721800000000002,249.77120000000002,175,75
2026-05-11 17:51:09.449,1,-1.9,-1.19,1.78,-31.073999999999998,72.7818,287.5712,175,75
2026-05-11 17:51:09.462,1,-1.04,-1.21,2.29,-16.073999999999998,120.89179999999999,309.2812,175,75
2026-05-11 17:51:09.505,1,0.8,-1.06,2.4,22.345999999999997,-29.108199999999997,288.1212,175,75
2026-05-11 17:51:09.517,1,1.03,-0.88,1.82,43.076,-118.4982,243.06119999999999,175,75
2026-05-11 17:51:09.528,1,0.89,-0.27,1.1,94.29599999999999,-127.5782,177.2712,175,75
2026-05-11 17:51:09.540,1,0.06,0.03,1.05,113.866,-123.0082,151.9612,175,75
2026-05-11 17:51:09.540,1,-0.9,0.21,1.07,127.776,-21.788199999999996,148.1212,175,75
2026-05-11 17:51:09.561,1,0.84,-1.05,0.81,118.866,65.8318,100.1912,175,75
2026-05-11 17:51:09.571,1,0.58,-1.39,-0.7,76.48599999999999,260.2218,27.941199999999995,175,75
2026-05-11 17:51:09.649,1,2.3,-1.28,0.81,121.856,603.1518,0.19119999999999848,175,75
2026-05-11 17:51:09.655,1,5.06,-2.3,5.24,195.27599999999998,351.4418,-90.8388,175,75
2026-05-11 17:51:09.655,1,2.51,-1.72,3.42,162.83599999999998,-94.9582,-128.3388,175,75
2026-05-11 17:51:09.678,1,-1.87,-2.63,-0.03,-70.274,-75.0182,-102.9188,175,75
2026-05-11 17:51:09.688,1,-1.39,-1.55,1.54,85.39599999999999,82.5418,-20.7188,175,75
2026-05-11 17:51:09.709,1,-0.5,-1.9,2.51,1.7359999999999989,10.771800000000002,-81.0288,175,75
2026-05-11 17:51:09.719,1,-0.77,-1.63,1.35,-56.193999999999996,-65.3882,-102.5488,175,75
2026-05-11 17:51:09.723,1,-1.3,-1.31,1.05,-40.764,49.061800000000005,-124.86880000000001,175,75
2026-05-11 17:51:09.764,1,-0.91,-1.5,1.66,8.806,144.0618,-125.5988,175,75
2026-05-11 17:51:09.780,1,-0.68,-2.64,2.34,-4.544000000000002,103.3318,-143.0388,175,75
2026-05-11 17:51:09.798,1,-0.82,-2.67,2.11,1.9159999999999986,190.77179999999998,-142.8488,175,75
2026-05-11 17:51:09.798,1,-0.08,-2.19,2.0,15.875999999999998,171.0118,-121.75880000000001,175,75
2026-05-11 17:51:09.823,1,-1.24,-0.21,2.31,19.176,38.51180000000001,-80.1088,175,75
2026-05-11 17:51:09.823,1,-2.38,0.06,1.69,29.415999999999997,-5.818199999999997,-84.8088,175,75
2026-05-11 17:51:09.845,1,-1.06,1.21,1.49,156.126,266.9918,-140.8988,175,75
2026-05-11 17:51:09.855,1,-1.37,0.34,2.13,246.24599999999998,385.4618,-182.5488,175,75
2026-05-11 17:51:09.865,1,-1.59,0.46,1.99,271.67600000000004,417.0518,-207.2388,175,75
2026-05-11 17:51:09.865,1,-1.77,0.42,1.85,323.136,460.6518,-200.5388,175,75
2026-05-11 17:51:09.882,1,-0.92,-0.79,1.59,367.646,440.8318,-236.2088,175,75
2026-05-11 17:51:09.905,1,-0.89,-1.93,1.99,305.396,175.2818,-173.8888,175,75
2026-05-11 17:51:09.917,1,-1.13,-2.79,1.59,257.286,23.701800000000002,-140.1688,175,75
2026-05-11 17:51:09.931,1,-1.94,-2.8,0.69,159.846,-89.8382,-99.00880000000001,175,75
2026-05-11 17:51:09.943,1,-2.46,-0.03,-0.78,-55.943999999999996,-102.15820000000001,41.9612,175,75
2026-05-11 17:51:09.955,1,-2.61,-0.37,-0.43,-93.51400000000001,17.721800000000005,90.13119999999999,175,75
2026-05-11 17:51:09.967,1,-0.98,-1.45,0.54,-116.624,152.7218,108.49119999999999,175,75
2026-05-11 17:51:09.980,1,3.65,-3.93,4.09,22.836,719.1218,58.6112,175,75
2026-05-11 17:51:09.980,1,4.75,-3.56,8.99,44.666000000000004,445.8318,69.2212,175,75
2026-05-11 17:51:10.019,1,-0.31,-0.42,5.32,77.526,-339.1082,-78.03880000000001,175,75
2026-05-11 17:51:10.030,1,-1.86,-1.06,0.48,10.145999999999999,-405.5082,3.301199999999998,175,75
2026-05-11 17:51:10.064,1,-3.31,-1.57,-1.66,-237.41400000000002,144.4318,133.6712,175,75
2026-05-11 17:51:10.095,1,-0.48,-1.44,2.61,-166.984,427.7818,183.00119999999998,175,75
2026-05-11 17:51:10.095,1,0.22,-1.96,3.92,-200.214,95.8318,185.7412,175,75
2026-05-11 17:51:10.107,1,-0.99,-0.72,1.79,-276.804,-454.4082,192.2712,175,75
2026-05-11 17:51:10.148,1,-1.15,-0.45,0.99,-244.484,-403.1282,225.3212,175,75
2026-05-11 17:51:10.148,1,-0.83,-0.57,0.71,-226.624,-326.6082,233.6112,175,75
2026-05-11 17:51:10.160,1,-0.42,-0.54,0.82,-236.624,-238.3182,237.0812,175,75
2026-05-11 17:51:10.171,1,-0.17,-0.39,1.11,-239.72400000000002,-221.3682,239.28119999999998,175,75
2026-05-11 17:51:10.183,1,-0.1,-0.38,1.28,-235.094,-226.6082,235.50119999999998,175,75
2026-05-11 17:51:10.183,1,0.03,-0.39,1.21,-227.41400000000002,-247.7682,237.6912,175,75
2026-05-11 17:51:10.183,1,-0.22,-0.38,0.81,-213.75400000000002,-249.1682,230.1312,175,75
2026-05-11 17:51:10.196,1,-0.47,-0.4,0.42,-199.184,-178.1882,219.3412,175,75
2026-05-11 17:51:10.227,1,-0.68,-0.5,0.37,-180.94400000000002,-46.548199999999994,209.8912,175,75
2026-05-11 17:51:10.227,1,-0.77,-0.49,0.66,-166.014,43.76180000000001,207.3312,175,75
2026-05-11 17:51:10.309,1,-0.65,-0.51,1.28,-144.424,121.68180000000001,202.8812,175,75
2026-05-11 17:51:10.319,1,-1.01,-0.39,1.74,-132.22400000000002,91.8718,205.6212,175,75
2026-05-11 17:51:10.333,1,0.38,-0.65,2.12,-114.974,123.9418,187.0212,175,75
2026-05-11 17:51:10.357,1,0.64,0.26,2.1,-104.664,-18.1882,135.1312,175,75
2026-05-11 17:51:10.372,1,1.81,-0.02,1.95,-97.90400000000001,-25.6282,89.5212,175,75
2026-05-11 17:51:10.400,1,-1.39,-2.52,0.9,-94.664,-39.2882,-49.988800000000005,175,75
2026-05-11 17:51:10.444,1,-1.17,-1.05,0.06,-109.424,-52.158199999999994,-59.4988,175,75
2026-05-11 17:51:10.462,1,-1.25,-0.73,0.82,-0.0940000000000012,121.5018,-66.8788,175,75
2026-05-11 17:51:10.470,1,-1.19,-0.83,0.63,14.966,81.6818,-102.6688,175,75
2026-05-11 17:51:10.485,1,-1.27,-1.0,0.39,37.836,63.821799999999996,-134.7488,175,75
2026-05-11 17:51:10.487,1,-1.4,-1.29,0.42,66.79599999999999,82.9618,-175.2888,175,75
2026-05-11 17:51:10.503,1,-1.74,-1.28,0.93,124.78599999999999,114.3118,-210.1088,175,75
2026-05-11 17:51:10.562,1,-1.72,-1.74,1.61,203.016,173.6318,-260.2888,175,75
2026-05-11 17:51:10.580,1,-2.21,-2.31,2.46,222.52599999999998,236.1318,-292.6688,175,75
2026-05-11 17:51:10.593,1,-3.9,-2.13,4.01,8.745999999999999,181.5618,-216.93880000000001,175,75
2026-05-11 17:51:10.626,1,-4.83,0.2,1.73,61.306,45.281800000000004,-128.3988,175,75
2026-05-11 17:51:10.626,1,-4.82,0.26,1.08,65.51599999999999,211.5618,17.8812,175,75
2026-05-11 17:51:10.648,1,-2.06,-1.28,1.78,8.925999999999998,238.8818,272.8212,175,75
2026-05-11 17:51:10.731,1,0.89,-1.19,2.16,-51.434,-89.9582,251.7212,175,75
2026-05-11 17:51:10.731,1,1.39,-0.8,1.85,-31.924,-166.8482,221.2912,175,75
2026-05-11 17:51:10.761,1,1.45,0.09,1.78,36.306,-226.4282,146.1112,175,75
2026-05-11 17:51:10.778,1,1.22,0.5,1.75,60.516,-236.6682,103.24119999999999,175,75
2026-05-11 17:51:10.803,1,-0.33,-0.17,0.52,102.226,-122.76820000000001,86.2312,175,75
2026-05-11 17:51:10.866,1,-1.53,-2.65,-0.01,-78.384,-206.6682,-78.3388,175,75
2026-05-11 17:51:10.889,1,-1.4,-0.47,1.71,-40.704,101.2618,-108.4588,175,75
2026-05-11 17:51:10.911,1,-0.74,-1.23,2.36,-10.274000000000003,237.5418,-139.0688,175,75
2026-05-11 17:51:10.926,1,-0.73,-2.05,2.85,32.586,296.4418,-146.1488,175,75
2026-05-11 17:51:10.943,1,-0.16,-2.78,3.08,2.225999999999999,167.1118,-66.1488,175,75
2026-05-11 17:51:10.957,1,-0.91,-1.99,2.06,-40.524,28.2118,-83.5888,175,75
2026-05-11 17:51:10.957,1,-1.35,-0.24,1.17,-13.934000000000003,-49.408199999999994,-91.14880000000001,175,75
2026-05-11 17:51:10.963,1,-1.86,1.05,0.67,20.636,-4.8981999999999974,-121.8788,175,75
2026-05-11 17:51:10.996,1,-0.94,0.06,2.63,227.83599999999998,294.1218,-215.6588,175,75
2026-05-11 17:51:11.008,1,-1.19,-0.22,1.88,268.31600000000003,248.09179999999998,-231.93880000000001,175,75
2026-05-11 17:51:11.066,1,-1.39,-2.34,1.49,160.516,-57.2782,-119.3788,175,75
2026-05-11 17:51:11.066,1,-0.91,-2.68,0.6,73.866,-149.9582,-95.2288,175,75
2026-05-11 17:51:11.078,1,-0.48,-1.08,1.45,81.42599999999999,-46.908199999999994,-49.378800000000005,175,75
2026-05-11 17:51:11.102,1,-0.52,-1.67,0.94,-98.444,-193.7982,10.0712,175,75
2026-05-11 17:51:11.102,1,-1.13,-1.98,0.52,-136.804,-92.15820000000001,50.5012,175,75
2026-05-11 17:51:11.114,1,-1.21,-1.49,0.48,-117.594,28.941800000000004,91.35119999999999,175,75
2026-05-11 17:51:11.114,1,-1.36,-1.25,1.07,-69.244,109.1218,133.1212,175,75
2026-05-11 17:51:11.125,1,-1.91,-1.47,1.59,-98.994,128.1518,156.9612,175,75
2026-05-11 17:51:11.145,1,-1.72,-1.84,1.86,-145.094,194.3118,203.6712,175,75
2026-05-11 17:51:11.158,1,-1.32,-1.77,2.05,-134.604,168.27179999999998,214.7712,175,75
2026-05-11 17:51:11.241,1,-1.14,-1.2,1.76,-195.94400000000002,135.4018,225.3212,175,75
2026-05-11 17:51:11.256,1,-0.69,-0.9,2.03,-173.69400000000002,123.9418,242.2112,175,75
2026-05-11 17:51:11.267,1,-0.14,-0.66,1.88,-175.824,22.4218,212.5112,175,75
2026-05-11 17:51:11.295,1,0.18,-0.37,1.77,-183.204,0.8918000000000035,212.9412,175,75
2026-05-11 17:51:11.315,1,0.72,0.02,2.03,-140.764,-66.5482,177.5712,175,75
2026-05-11 17:51:11.345,1,0.68,0.24,2.0,-133.144,-128.4982,151.78119999999998,175,75
2026-05-11 17:51:11.368,1,0.27,0.65,1.86,-111.804,-149.5382,119.0412,175,75
2026-05-11 17:51:11.379,1,-0.01,0.44,1.8,-71.254,-158.0082,80.8012,175,75
2026-05-11 17:51:11.398,1,-2.43,0.79,1.53,-23.204,-199.6582,80.0112,175,75
2026-05-11 17:51:11.409,1,-0.57,0.7,-0.26,-5.944000000000001,-64.2282,85.1912,175,75
2026-05-11 17:51:11.454,1,0.26,-3.09,3.35,-160.334,-475.0182,-28.2188,175,75
2026-05-11 17:51:11.466,1,1.16,-2.25,0.52,-168.144,-185.8182,-47.918800000000005,175,75
2026-05-11 17:51:11.476,1,-1.0,-2.34,0.61,-204.244,-224.22820000000002,-38.098800000000004,175,75
2026-05-11 17:51:11.533,1,-0.82,-0.85,1.79,-126.494,-61.3682,-48.2188,175,75
2026-05-11 17:51:11.533,1,-1.64,-0.66,1.03,-142.834,53.2718,-35.8388,175,75
2026-05-11 17:51:11.533,1,-1.08,-0.87,0.79,-144.304,55.531800000000004,-48.8288,175,75
2026-05-11 17:51:11.561,1,-1.35,-0.95,1.27,-74.364,4.731800000000003,-63.338800000000006,175,75
2026-05-11 17:51:11.583,1,-1.39,-0.6,1.58,-42.903999999999996,-36.908199999999994,-79.7488,175,75
2026-05-11 17:51:11.583,1,-1.71,-0.26,1.58,-23.874000000000002,-11.728199999999998,-60.47880000000001,175,75
2026-05-11 17:51:11.591,1,-1.44,-0.16,1.4,-0.5840000000000014,0.8918000000000035,-47.4288,175,75
2026-05-11 17:51:11.608,1,-1.6,-0.27,1.22,21.366,8.091800000000003,-43.338800000000006,175,75
2026-05-11 17:51:11.608,1,-1.79,-0.5,0.88,52.836,58.3918,-14.068800000000001,175,75
2026-05-11 17:51:11.631,1,-1.55,-1.52,1.0,138.386,189.8518,37.2112,175,75
2026-05-11 17:51:11.644,1,-2.12,-0.72,1.24,116.976,141.3218,104.8312,175,75
2026-05-11 17:51:11.655,1,-1.83,-0.74,2.03,136.306,198.9418,130.56119999999999,175,75
2026-05-11 17:51:11.664,1,-1.58,-1.23,2.24,158.136,114.61179999999999,138.7312,175,75
2026-05-11 17:51:11.712,1,-1.66,-1.29,1.62,117.64599999999999,115.77179999999998,153.9712,175,75
2026-05-11 17:51:11.712,1,-1.55,-1.22,1.06,89.056,168.8218,166.6612,175,75
2026-05-11 17:51:11.733,1,-1.29,-0.88,0.85,103.98599999999999,259.6118,180.8612,175,75
2026-05-11 17:51:11.745,1,-0.78,-0.92,1.63,129.116,268.0318,200.8612,175,75
2026-05-11 17:51:11.791,1,-0.71,-0.69,1.54,69.416,96.5018,197.0212,175,75
2026-05-11 17:51:11.797,1,-0.68,-0.34,1.36,47.466,41.3818,192.8212,175,75
2026-05-11 17:51:11.814,1,-0.69,-0.06,1.3,34.596,5.8918000000000035,188.6112,175,75
2026-05-11 17:51:11.827,1,-0.68,0.12,1.38,28.506,-28.928199999999997,181.6612,175,75
2026-05-11 17:51:11.838,1,-0.6,0.3,1.64,22.406,-109.8982,173.6112,175,75
2026-05-11 17:51:11.864,1,-0.31,0.44,1.51,17.226,-145.7582,164.0412,175,75
2026-05-11 17:51:11.876,1,0.65,0.53,1.83,60.696,-157.2782,116.4712,175,75
2026-05-11 17:51:11.888,1,1.17,0.39,1.84,88.386,-170.9382,52.8812,175,75
2026-05-11 17:51:11.900,1,0.81,0.61,1.74,124.84599999999999,-186.2382,-5.048800000000002,175,75
2026-05-11 17:51:11.922,1,1.12,0.64,1.7,166.61599999999999,-183.8682,-41.208800000000004,175,75
2026-05-11 17:51:11.922,1,-3.44,0.68,1.19,167.896,-371.4882,21.471199999999996,175,75
2026-05-11 17:51:11.943,1,2.17,-11.17,-2.55,27.286,-666.0582,-43.588800000000006,175,75
2026-05-11 17:51:11.969,1,-1.22,-4.48,1.98,135.396,586.1318,-83.64880000000001,175,75
2026-05-11 17:51:11.969,1,-0.43,-1.21,3.23,15.575999999999999,372.0518,-74.0688,175,75
2026-05-11 17:51:12.001,1,-1.91,-1.6,5.89,-68.26400000000001,-106.2382,-39.3188,175,75
2026-05-11 17:51:12.001,1,0.26,-1.84,2.34,-183.38400000000001,-356.2382,46.3512,175,75
2026-05-11 17:51:12.024,1,-1.82,-0.5,-0.35,-103.87400000000001,-213.9882,52.151199999999996,175,75
2026-05-11 17:51:12.036,1,-1.58,-1.33,-0.21,7.525999999999999,40.281800000000004,40.5612,175,75
2026-05-11 17:51:12.046,1,-1.06,-0.69,2.31,44.536,179.7918,30.7412,175,75
2026-05-11 17:51:12.061,1,-1.04,-0.8,2.23,2.225999999999999,35.7118,24.521199999999993,175,75
2026-05-11 17:51:12.070,1,-1.3,-0.64,1.79,-16.253999999999998,-24.1682,29.711199999999998,175,75
2026-05-11 17:51:12.163,1,-1.32,-0.85,1.56,28.385999999999996,11.381800000000002,13.361199999999998,175,75
2026-05-11 17:51:12.177,1,-1.37,-0.99,1.66,38.565999999999995,58.151799999999994,12.271199999999999,175,75
2026-05-11 17:51:12.189,1,-1.37,-1.15,1.64,40.025999999999996,81.8718,13.001199999999999,175,75
2026-05-11 17:51:12.200,1,-1.35,-1.21,1.58,39.786,109.6118,19.041199999999996,175,75
2026-05-11 17:51:12.221,1,-0.62,-2.12,1.4,20.636,86.7418,30.011199999999995,175,75
2026-05-11 17:51:12.221,1,-0.93,-2.19,1.33,-5.214,77.9618,33.0612,175,75
2026-05-11 17:51:12.231,1,-1.05,-2.2,1.47,-14.184000000000003,142.1118,36.9612,175,75
2026-05-11 17:51:12.247,1,-0.49,-2.04,1.76,11.915999999999999,315.3418,39.77119999999999,175,75
2026-05-11 17:51:12.252,1,0.11,-1.87,2.1,-57.594,204.6718,61.2912,175,75
2026-05-11 17:51:12.272,1,-0.83,-1.37,1.89,-128.874,104.2418,76.7812,175,75
2026-05-11 17:51:12.284,1,-1.16,-1.13,1.63,-128.69400000000002,34.791799999999995,65.99119999999999,175,75
2026-05-11 17:51:12.292,1,-1.59,-0.88,1.37,-123.26400000000001,-9.108199999999998,66.7812,175,75
2026-05-11 17:51:12.352,1,-1.92,-0.43,1.36,-77.65400000000001,62.9618,69.5212,175,75
2026-05-11 17:51:12.365,1,-0.65,-0.6,1.35,-52.164,58.70179999999999,39.1012,175,75
2026-05-11 17:51:12.391,1,-0.66,0.04,0.9,-101.554,119.18180000000001,-26.9388,175,75
2026-05-11 17:51:12.391,1,-0.58,0.65,1.17,-66.68400000000001,175.4018,-49.4988,175,75
2026-05-11 17:51:12.426,1,0.14,0.82,2.14,-5.464,65.7118,-139.8088,175,75
2026-05-11 17:51:12.438,1,-0.0,0.95,2.06,7.525999999999999,29.6718,-177.6088,175,75
2026-05-11 17:51:12.449,1,-0.25,0.54,2.13,52.526,-21.368199999999998,-225.5388,175,75
2026-05-11 17:51:12.449,1,-0.34,0.38,2.24,68.01599999999999,-82.8282,-230.0488,175,75
2026-05-11 17:51:12.466,1,-0.4,0.07,2.33,73.316,-149.2882,-234.8688,175,75
2026-05-11 17:51:12.475,1,-0.58,-0.07,2.24,60.276,-255.5682,-236.6988,175,75
2026-05-11 17:51:12.492,1,-0.86,-0.13,1.92,36.796,-342.6482,-243.4588,175,75
2026-05-11 17:51:12.559,1,-14.05,1.17,-0.35,-378.93399999999997,-856.3682,-235.1088,175,75
2026-05-11 17:51:12.559,1,2.89,-1.03,-2.62,2.4659999999999993,-41.7882,374.2212,175,75
2026-05-11 17:51:12.582,1,1.53,-4.3,1.46,-124.66400000000002,-175.1482,89.8312,175,75
2026-05-11 17:51:12.592,1,-0.2,-1.78,-0.98,-216.864,-259.1082,38.3612,175,75
2026-05-11 17:51:12.603,1,-1.85,0.37,-0.73,-95.644,-143.7382,75.2512,175,75
2026-05-11 17:51:12.616,1,-1.66,-0.11,1.13,90.81599999999999,86.3218,72.21119999999999,175,75
2026-05-11 17:51:12.627,1,-0.95,-1.13,2.61,3.0159999999999982,16.6818,43.731199999999994,175,75
2026-05-11 17:51:12.659,1,-1.46,-0.09,0.94,-25.884,-64.9582,23.551199999999994,175,75
2026-05-11 17:51:12.691,1,-1.61,-0.31,1.62,17.465999999999998,-7.708199999999998,-14.2588,175,75
2026-05-11 17:51:12.697,1,-1.37,-0.58,1.51,13.015999999999998,-34.718199999999996,-42.488800000000005,175,75
2026-05-11 17:51:12.717,1,-1.26,-0.97,1.06,28.195999999999998,-7.708199999999998,-74.3788,175,75
2026-05-11 17:51:12.739,1,-1.21,-0.83,1.37,67.036,-19.3482,-86.6988,175,75
2026-05-11 17:51:12.769,1,-1.15,-0.91,1.21,86.48599999999999,-38.438199999999995,-91.2688,175,75
2026-05-11 17:51:12.769,1,-1.19,-0.97,1.08,110.886,-46.1782,-101.50880000000001,175,75
2026-05-11 17:51:12.807,1,-1.03,-1.58,1.38,154.356,-6.238199999999997,-119.7488,175,75
2026-05-11 17:51:12.807,1,-0.99,-1.81,1.49,134.596,12.661800000000003,-112.78880000000001,175,75
2026-05-11 17:51:12.827,1,-0.96,-1.83,1.62,107.166,58.511799999999994,-89.4388,175,75
2026-05-11 17:51:12.827,1,-0.94,-1.83,1.73,93.68599999999999,128.7618,-86.9388,175,75
2026-05-11 17:51:12.839,1,-0.64,-1.35,1.84,103.98599999999999,251.2618,-105.4788,175,75
2026-05-11 17:51:12.875,1,-0.58,-0.62,2.49,73.98599999999999,139.5518,-44.2588,175,75
2026-05-11 17:51:12.893,1,-0.71,-0.18,2.26,3.7459999999999987,-37.158199999999994,-10.658800000000001,175,75
2026-05-11 17:51:12.904,1,-0.85,-0.23,1.88,-26.253999999999998,-64.2882,-0.10880000000000223,175,75
2026-05-11 17:51:12.975,1,-0.81,-0.39,1.68,-40.464,-50.5082,-1.2088000000000019,175,75
2026-05-11 17:51:12.987,1,-0.72,-0.21,1.98,-27.774,-20.4482,3.491199999999999,175,75
2026-05-11 17:51:13.000,1,-0.05,-0.11,2.56,-9.664,-100.0782,-11.878800000000002,175,75
2026-05-11 17:51:13.014,1,-0.15,0.03,2.37,-2.9640000000000004,-141.4882,-27.788800000000002,175,75
2026-05-11 17:51:13.024,1,-0.33,0.16,1.96,19.296,-114.40820000000001,-50.958800000000004,175,75
2026-05-11 17:51:13.035,1,-0.21,0.26,2.05,33.385999999999996,-81.7282,-53.8888,175,75
2026-05-11 17:51:13.035,1,-0.23,0.21,2.04,40.146,-76.7282,-56.7588,175,75
2026-05-11 17:51:13.164,1,-0.6,0.05,1.76,37.036,-59.34819999999999,-53.458800000000004,175,75
2026-05-11 17:51:13.181,1,-0.62,0.02,1.55,31.366,-31.178199999999997,-51.3288,175,75
2026-05-11 17:51:13.206,1,-3.99,-0.73,-0.86,-196.314,-313.3182,251.7812,175,75
2026-05-11 17:51:13.217,1,-0.2,-3.03,0.24,-154.66400000000002,-59.2882,156.3512,175,75
2026-05-11 17:51:13.236,1,-1.53,-0.96,1.42,-47.903999999999996,-2.3981999999999974,37.691199999999995,175,75
2026-05-11 17:51:13.247,1,-1.37,-1.13,1.34,-44.304,19.0618,25.011199999999995,175,75
2026-05-11 17:51:13.247,1,-1.32,-1.24,1.52,-27.104,42.48180000000001,17.941199999999995,175,75
2026-05-11 17:51:13.259,1,-1.07,-1.47,1.53,-27.223999999999997,43.3318,17.691199999999995,175,75
2026-05-11 17:51:13.265,1,-0.85,-1.61,1.53,-32.104,36.321799999999996,25.9912,175,75
2026-05-11 17:51:13.281,1,-0.62,-2.14,1.57,-32.474,40.1018,38.791199999999996,175,75
2026-05-11 17:51:13.293,1,-0.56,-2.18,1.85,-16.014000000000003,127.5418,12.081199999999997,175,75
2026-05-11 17:51:13.307,1,-1.09,-1.27,1.8,-48.083999999999996,143.7618,43.3612,175,75
2026-05-11 17:51:13.347,1,-2.14,-0.1,0.99,-112.59400000000001,-110.5082,4.281199999999998,175,75
2026-05-11 17:51:13.347,1,-2.15,-0.45,0.84,-109.054,-79.1682,0.8011999999999979,175,75
2026-05-11 17:51:13.359,1,-1.63,-0.8,0.86,-98.57400000000001,-8.438199999999998,-4.498800000000002,175,75
2026-05-11 17:51:13.370,1,-1.55,-0.69,1.15,-91.804,27.1118,9.7112,175,75
2026-05-11 17:51:13.380,1,-1.34,-0.44,1.2,-104.724,30.161800000000003,18.971199999999996,175,75
2026-05-11 17:51:13.383,1,-1.14,-0.08,1.27,-126.434,16.3218,30.9912,175,75
2026-05-11 17:51:13.399,1,-0.95,0.07,1.33,-135.704,15.951800000000002,35.191199999999995,175,75
2026-05-11 17:51:13.452,1,-0.67,-0.0,1.86,-128.204,-9.348199999999999,32.27119999999999,175,75
2026-05-11 17:51:13.464,1,-0.67,0.05,1.87,-129.054,-28.4382,33.1812,175,75
2026-05-11 17:51:13.464,1,-0.68,0.16,1.83,-126.434,-38.0082,32.8812,175,75
2026-05-11 17:51:13.476,1,-0.63,0.31,1.84,-113.024,-31.548199999999998,31.901199999999996,175,75
2026-05-11 17:51:13.486,1,-0.51,0.39,1.92,-99.974,-27.458199999999998,28.731199999999994,175,75
2026-05-11 17:51:13.499,1,-0.41,0.48,1.98,-86.194,-30.568199999999997,21.7812,175,75
2026-05-11 17:51:13.541,1,-0.42,0.48,1.88,-42.594,-8.678199999999999,-0.5388000000000019,175,75
2026-05-11 17:51:13.546,1,-0.43,0.43,1.9,-31.554000000000002,2.8418000000000028,-9.678800000000003,175,75
2026-05-11 17:51:13.567,1,-0.28,0.3,2.11,-8.144,5.831800000000001,-22.4888,175,75
2026-05-11 17:51:13.579,1,-0.14,0.26,2.32,2.0959999999999983,10.771800000000002,-33.458800000000004,175,75
2026-05-11 17:51:13.610,1,0.51,0.35,3.17,60.886,-48.0082,-112.11880000000001,175,75
2026-05-11 17:51:13.626,1,0.64,0.47,3.12,83.68599999999999,-38.0682,-138.6488,175,75
2026-05-11 17:51:13.626,1,-8.85,2.0,0.53,-28.264000000000003,-846.3682,-334.4988,175,75
2026-05-11 17:51:13.700,1,-1.46,-1.91,2.88,-145.88400000000001,-208.7982,16.291199999999996,175,75
2026-05-11 17:51:13.714,1,-1.81,-0.21,0.03,-201.014,-107.4582,29.161199999999994,175,75
2026-05-11 17:51:13.719,1,-0.91,-0.06,-0.13,-117.47400000000002,-25.5082,55.441199999999995,175,75
2026-05-11 17:51:13.734,1,-0.87,0.27,0.96,-91.924,-67.8282,84.2212,175,75
2026-05-11 17:51:13.758,1,-0.71,1.88,1.28,-116.624,-72.5782,64.9512,175,75
2026-05-11 17:51:13.829,1,-1.14,0.53,0.39,-70.21400000000001,-91.6082,89.46119999999999,175,75
2026-05-11 17:51:13.849,1,-2.01,-0.53,1.5,27.836,-34.1082,84.2812,175,75
2026-05-11 17:51:13.861,1,-2.4,-0.04,0.85,34.296,-2.1581999999999972,5.321199999999999,175,75
2026-05-11 17:51:13.873,1,-2.05,-0.2,1.04,53.866,33.3318,-26.208800000000004,175,75
2026-05-11 17:51:13.873,1,-1.89,-0.37,0.99,51.006,38.9418,-79.4988,175,75
2026-05-11 17:51:13.885,1,-1.71,-0.46,0.73,61.736,51.811800000000005,-112.5488,175,75
2026-05-11 17:51:13.917,1,-0.93,-0.05,1.09,50.026,53.45179999999999,-110.7788,175,75
2026-05-11 17:51:13.928,1,-0.91,-0.01,1.08,33.806,34.73180000000001,-98.2788,175,75
2026-05-11 17:51:13.957,1,-1.1,-0.03,1.14,31.305999999999997,36.071799999999996,-89.5588,175,75
2026-05-11 17:51:13.957,1,-1.21,-0.24,1.37,43.565999999999995,40.2218,-84.1388,175,75
2026-05-11 17:51:13.957,1,-1.31,-0.53,1.54,47.896,23.941800000000004,-80.89880000000001,175,75
2026-05-11 17:51:13.970,1,-1.4,-0.74,1.63,43.315999999999995,19.0618,-74.1388,175,75
2026-05-11 17:51:13.986,1,-1.29,-0.94,1.62,35.205999999999996,12.841800000000003,-67.4288,175,75
2026-05-11 17:51:13.996,1,-1.23,-1.29,1.53,28.866,1.6218000000000004,-63.8888,175,75
2026-05-11 17:51:14.007,1,-1.07,-1.79,1.36,15.945999999999998,-26.8482,-66.1488,175,75
2026-05-11 17:51:14.018,1,-1.08,-2.39,1.17,-0.7040000000000006,-52.8882,-61.8188,175,75
2026-05-11 17:51:14.032,1,-1.16,-2.8,0.89,2.1659999999999986,-101.0582,-31.998800000000003,175,75
2026-05-11 17:51:14.043,1,-1.25,-2.24,0.94,28.506,-157.0382,13.1212,175,75
2026-05-11 17:51:14.058,1,-1.04,-1.61,0.78,39.846,-132.5182,23.731199999999994,175,75
2026-05-11 17:51:14.070,1,-0.74,-1.39,0.69,44.356,35.7718,-91.3288,175,75
2026-05-11 17:51:14.070,1,-1.52,-1.26,1.02,78.076,103.70179999999999,-174.3788,175,75
2026-05-11 17:51:14.095,1,-1.68,-0.59,1.25,102.03599999999999,72.6618,-113.64880000000001,175,75
2026-05-11 17:51:14.107,1,-1.38,-0.39,1.33,95.276,49.791799999999995,-61.8188,175,75
2026-05-11 17:51:14.110,1,-1.76,-0.07,1.34,58.446,-20.8782,-40.418800000000005,175,75
2026-05-11 17:51:14.135,1,0.03,0.49,3.14,177.036,234.4318,-82.11880000000001,175,75
2026-05-11 17:51:14.144,1,-0.57,0.38,2.53,151.736,-54.468199999999996,-102.8488,175,75
2026-05-11 17:51:14.167,1,-0.2,0.93,1.87,176.486,65.6518,-95.1088,175,75
2026-05-11 17:51:14.190,1,0.17,1.28,2.22,187.77599999999998,33.091800000000006,-100.89880000000001,175,75
2026-05-11 17:51:14.190,1,0.23,1.41,2.33,191.916,-40.1482,-112.7288,175,75
2026-05-11 17:51:14.201,1,0.06,1.22,1.96,186.55599999999998,-97.2782,-126.75880000000001,175,75
2026-05-11 17:51:14.249,1,-0.12,1.17,1.69,192.226,-92.4582,-145.71880000000002,175,75
2026-05-11 17:51:14.249,1,-0.14,1.36,1.77,206.61599999999999,-76.6682,-158.4588,175,75
2026-05-11 17:51:14.260,1,-0.15,1.05,2.06,228.076,-92.15820000000001,-175.1688,175,75
2026-05-11 17:51:14.270,1,-9.47,-1.63,0.56,127.226,-454.6582,-314.4988,175,75
2026-05-11 17:51:14.283,1,11.21,-15.82,-3.03,284.416,188.7618,137.3312,175,75
2026-05-11 17:51:14.307,1,-3.46,0.01,3.53,-140.824,187.6618,11.471199999999998,175,75
2026-05-11 17:51:14.345,1,1.5,0.03,2.92,-29.183999999999997,-50.26819999999999,41.3512,175,75
2026-05-11 17:51:14.345,1,-1.28,-0.44,1.18,-40.644,-394.3482,-39.0088,175,75
2026-05-11 17:51:14.353,1,-0.96,-0.85,1.32,92.09599999999999,110.65180000000001,-21.7588,175,75
2026-05-11 17:51:14.353,1,-1.07,-0.84,1.95,86.556,59.98179999999999,-26.8788,175,75
2026-05-11 17:51:14.378,1,-0.76,-0.94,1.94,42.466,-8.068199999999997,-36.3288,175,75
2026-05-11 17:51:14.391,1,-0.94,-0.76,1.75,42.286,-26.968199999999996,-31.208800000000004,175,75
2026-05-11 17:51:14.404,1,-0.82,-0.91,1.62,57.466,-8.498199999999999,-24.068800000000003,175,75
2026-05-11 17:51:14.404,1,-0.79,-0.88,1.35,57.036,-26.4882,-23.2188,175,75
2026-05-11 17:51:14.416,1,-0.85,-0.93,1.27,74.476,-4.288199999999998,-24.0088,175,75
2026-05-11 17:51:14.449,1,-0.83,-0.96,1.57,130.576,29.2418,-38.8288,175,75
2026-05-11 17:51:14.460,1,-0.74,-1.17,1.7,129.356,40.7718,-41.0888,175,75
2026-05-11 17:51:14.492,1,-1.0,-1.41,1.64,89.78599999999999,39.921800000000005,-39.1988,175,75
2026-05-11 17:51:14.492,1,-1.05,-1.7,1.46,53.076,96.6218,-33.3988,175,75
2026-05-11 17:51:14.492,1,-0.65,-1.41,1.43,11.975999999999999,166.8718,-32.308800000000005,175,75
2026-05-11 17:51:14.525,1,-0.56,-1.07,2.28,-20.884,207.6018,21.721199999999996,175,75
2026-05-11 17:51:14.546,1,-0.85,-1.43,2.32,-165.404,162.1718,76.7212,175,75
2026-05-11 17:51:14.556,1,-1.1,-1.18,2.12,-167.16400000000002,55.531800000000004,90.32119999999999,175,75
2026-05-11 17:51:14.581,1,-2.24,-1.36,1.01,-161.074,-37.2782,104.1612,175,75
2026-05-11 17:51:14.619,1,-1.03,-0.08,1.29,-119.124,29.7918,119.46119999999999,175,75
2026-05-11 17:51:14.619,1,-1.04,0.51,1.48,-135.464,38.571799999999996,103.9112,175,75
2026-05-11 17:51:14.629,1,-0.86,0.73,1.7,-126.554,50.2218,92.3312,175,75
2026-05-11 17:51:14.639,1,-0.45,0.81,2.03,-93.384,34.431799999999996,68.6712,175,75
2026-05-11 17:51:14.654,1,-0.11,1.07,2.18,-75.21400000000001,-2.7681999999999984,39.77119999999999,175,75
2026-05-11 17:51:14.668,1,0.12,1.25,2.13,-47.474,-39.5382,-3.3388000000000018,175,75
2026-05-11 17:51:14.680,1,0.18,1.21,2.5,14.845999999999998,-108.9882,-57.3688,175,75
2026-05-11 17:51:14.691,1,0.13,0.89,2.56,31.485999999999997,-173.5582,-81.0888,175,75
2026-05-11 17:51:14.702,1,0.03,0.54,2.45,37.466,-227.8882,-105.2288,175,75
2026-05-11 17:51:14.725,1,-2.51,0.26,1.96,53.016,-387.0382,-96.9388,175,75
2026-05-11 17:51:14.742,1,-8.64,0.89,0.84,21.426,-523.3782,-284.0088,175,75
2026-05-11 17:51:14.753,1,0.05,-4.21,-1.21,30.885999999999996,-375.8182,205.9912,175,75
2026-05-11 17:51:14.761,1,-0.4,-5.24,6.66,285.576,609.7318,44.401199999999996,175,75
2026-05-11 17:51:14.783,1,1.18,-3.26,0.42,-186.19400000000002,-264.77819999999997,33.0012,175,75
2026-05-11 17:51:14.795,1,-1.43,-1.1,0.21,-115.944,-153.9282,26.6012,175,75
2026-05-11 17:51:14.827,1,-1.33,-0.34,1.77,-9.244000000000002,3.761800000000001,43.1812,175,75
2026-05-11 17:51:14.838,1,-1.09,-0.92,1.3,-18.444000000000003,-37.7082,30.261199999999995,175,75
2026-05-11 17:51:14.855,1,-1.52,-0.34,1.2,26.915999999999997,-13.438199999999998,4.951199999999998,175,75
2026-05-11 17:51:14.878,1,-1.37,-0.63,1.88,39.536,8.881800000000002,-22.1188,175,75
2026-05-11 17:51:14.889,1,-1.29,-0.75,1.56,30.635999999999996,-13.988199999999999,-38.3988,175,75
2026-05-11 17:51:14.900,1,-1.34,-0.77,1.32,35.946,-15.878199999999998,-51.8188,175,75
2026-05-11 17:51:14.910,1,-1.36,-0.88,1.36,52.956,5.341800000000003,-68.6488,175,75
2026-05-11 17:51:14.942,1,-1.21,-0.83,1.49,67.226,9.181800000000003,-80.0488,175,75
2026-05-11 17:51:14.961,1,-1.22,-0.84,1.29,101.366,-16.118199999999998,-107.0588,175,75
2026-05-11 17:51:14.987,1,-1.1,-0.94,1.22,131.246,-19.958199999999998,-118.7688,175,75
2026-05-11 17:51:15.001,1,-1.06,-1.06,1.1,154.846,-30.998199999999997,-131.87879999999998,175,75
2026-05-11 17:51:15.001,1,-1.2,-1.18,1.01,176.796,-32.3382,-151.99880000000002,175,75
2026-05-11 17:51:15.012,1,-1.3,-1.35,1.07,191.676,-11.298199999999998,-175.9588,175,75
2026-05-11 17:51:15.042,1,-0.96,-1.59,1.4,195.396,80.8318,-248.8888,175,75
2026-05-11 17:51:15.042,1,-0.94,-1.58,1.47,158.566,88.09179999999999,-207.1788,175,75
2026-05-11 17:51:15.048,1,-1.28,-1.71,1.45,128.136,103.5718,-128.8888,175,75
2026-05-11 17:51:15.057,1,-0.86,-0.46,1.51,76.12599999999999,155.5318,45.011199999999995,175,75
2026-05-11 17:51:15.072,1,-0.87,-1.5,1.67,53.316,159.3118,-102.11880000000001,175,75
2026-05-11 17:51:15.083,1,-1.51,-0.89,1.74,28.195999999999998,95.1018,-52.058800000000005,175,75
2026-05-11 17:51:15.094,1,-2.02,-0.08,2.23,-8.574,152.4818,25.071199999999997,175,75
2026-05-11 17:51:15.111,1,-0.82,0.65,3.37,-65.09400000000001,182.7818,70.07119999999999,175,75
2026-05-11 17:51:15.128,1,-0.66,-0.2,1.5,-154.604,-265.1482,63.971199999999996,175,75
2026-05-11 17:51:15.142,1,-0.66,-0.17,1.16,-168.024,-169.8982,79.8312,175,75
2026-05-11 17:51:15.174,1,-0.11,-0.39,1.85,-138.934,21.0718,69.9512,175,75
2026-05-11 17:51:15.185,1,0.21,0.29,2.86,-57.964000000000006,18.631800000000002,13.361199999999998,175,75
2026-05-11 17:51:15.195,1,0.34,0.54,2.95,-39.974,-21.178199999999997,0.5611999999999977,175,75
2026-05-11 17:51:15.207,1,0.6,0.52,2.9,-4.914,-75.3282,-13.528800000000002,175,75
2026-05-11 17:51:15.218,1,-2.72,0.46,1.74,3.6259999999999986,-277.4582,19.831199999999995,175,75
2026-05-11 17:51:15.235,1,-4.46,0.28,0.22,-58.874,-324.83820000000003,124.5812,175,75
2026-05-11 17:51:15.249,1,-1.07,-1.27,0.48,-96.554,-66.23819999999999,175.6812,175,75
2026-05-11 17:51:15.256,1,-1.46,-2.6,3.26,95.14599999999999,316.0118,72.7512,175,75
2026-05-11 17:51:15.272,1,-1.54,-0.19,3.54,-4.544000000000002,149.1818,50.6812,175,75
2026-05-11 17:51:15.272,1,-0.31,-0.71,2.99,-84.114,-82.15820000000001,90.93119999999999,175,75
2026-05-11 17:51:15.288,1,-1.2,-0.77,2.09,-79.054,-124.8382,22.151199999999996,175,75
2026-05-11 17:51:15.298,1,-0.14,-1.2,1.16,-43.814,-12.338199999999997,-0.9588000000000019,175,75
2026-05-11 17:51:15.306,1,0.19,-2.69,0.98,-50.214,-39.658199999999994,5.131199999999998,175,75
2026-05-11 17:51:15.328,1,-0.71,-2.11,0.95,-43.814,-82.3382,17.571199999999997,175,75
2026-05-11 17:51:15.335,1,-1.12,-2.19,0.78,-57.474,-22.8282,75.32119999999999,175,75
2026-05-11 17:51:15.359,1,-1.3,-0.7,1.09,-35.583999999999996,-9.958199999999998,69.9512,175,75
2026-05-11 17:51:15.359,1,-1.54,-0.28,1.34,-0.0940000000000012,-5.938199999999998,32.511199999999995,175,75
2026-05-11 17:51:15.401,1,-1.11,-0.82,1.81,9.175999999999998,26.131800000000002,-7.548800000000002,175,75
2026-05-11 17:51:15.411,1,-0.94,-1.05,1.6,12.095999999999998,71.9918,-11.938800000000002,175,75
2026-05-11 17:51:15.435,1,-0.66,-1.53,1.59,-19.794000000000004,129.2418,-10.778800000000002,175,75
2026-05-11 17:51:15.435,1,-0.74,-1.55,1.76,-36.684,93.09179999999999,13.9112,175,75
2026-05-11 17:51:15.471,1,-0.37,-2.3,2.22,-89.48400000000001,63.761799999999994,42.2112,175,75
2026-05-11 17:51:15.474,1,-0.53,-2.21,2.33,-130.214,38.9418,59.6512,175,75
2026-05-11 17:51:15.487,1,-0.94,-1.61,2.23,-168.514,-7.828199999999999,97.3912,175,75
2026-05-11 17:51:15.517,1,-2.01,-0.41,0.53,-207.354,-36.4882,120.3812,175,75
2026-05-11 17:51:15.529,1,-1.36,-0.45,1.4,-105.644,24.4918,132.5112,175,75
2026-05-11 17:51:15.588,1,-1.26,0.26,1.2,-194.604,-8.378199999999998,111.4112,175,75
2026-05-11 17:51:15.588,1,-1.08,0.23,1.55,-143.324,74.5518,110.5612,175,75
2026-05-11 17:51:15.623,1,-0.32,0.57,2.09,-78.084,95.5318,33.6112,175,75
2026-05-11 17:51:15.653,1,-0.1,0.65,2.32,-52.773999999999994,104.4918,11.901199999999998,175,75
2026-05-11 17:51:15.663,1,0.35,0.69,3.02,-10.704000000000002,90.6518,12.021199999999999,175,75
2026-05-11 17:51:15.671,1,0.38,0.64,3.2,-0.8240000000000016,55.531800000000004,13.1212,175,75
2026-05-11 17:51:15.696,1,0.64,1.07,3.66,44.236,-20.018199999999997,-26.568800000000003,175,75
2026-05-11 17:51:15.716,1,-0.48,1.02,2.76,51.676,-217.9482,-11.448800000000002,175,75
2026-05-11 17:51:15.716,1,-13.15,2.47,-2.76,31.796,-1095.9982,-397.2488,175,75
2026-05-11 17:51:15.727,1,-8.62,0.07,-4.42,229.596,-779.6582,214.9512,175,75
2026-05-11 17:51:15.741,1,11.37,-15.8,-1.02,316.30600000000004,788.2118,117.21119999999999,175,75
2026-05-11 17:51:15.786,1,-1.52,-0.3,0.46,-122.53400000000002,-62.2782,46.051199999999994,175,75
2026-05-11 17:51:15.832,1,-1.3,0.15,0.85,-86.68400000000001,-32.2782,61.661199999999994,175,75
2026-05-11 17:51:15.905,1,-2.36,0.09,0.84,11.675999999999998,-62.458200000000005,71.5412,175,75
2026-05-11 17:51:15.915,1,-2.24,-0.53,0.85,33.926,-26.608199999999997,14.1612,175,75
2026-05-11 17:51:15.949,1,-2.31,-0.79,1.07,50.026,20.951800000000002,-125.28880000000001,175,75
2026-05-11 17:51:15.949,1,-2.14,-0.81,1.13,46.246,46.62179999999999,-182.4888,175,75
2026-05-11 17:51:15.949,1,-1.92,-0.65,1.08,49.786,62.23179999999999,-230.5988,175,75
2026-05-11 17:51:15.949,1,-1.68,-0.48,1.05,51.916000000000004,75.7718,-233.8288,175,75
2026-05-11 17:51:15.981,1,-0.88,0.37,1.14,45.886,55.7718,-130.2888,175,75
2026-05-11 17:51:15.996,1,-0.88,0.48,1.28,52.956,36.681799999999996,-96.3288,175,75
2026-05-11 17:51:16.007,1,-1.04,0.18,1.31,50.886,27.4218,-101.56880000000001,175,75
2026-05-11 17:51:16.023,1,-1.37,-0.21,1.32,40.205999999999996,38.451800000000006,-104.00880000000001,175,75
2026-05-11 17:51:16.042,1,-1.41,-0.41,1.64,43.196,60.041799999999995,-99.4988,175,75
2026-05-11 17:51:16.054,1,-1.39,-0.56,1.89,39.236,44.061800000000005,-93.1588,175,75
2026-05-11 17:51:16.054,1,-1.45,-0.67,1.97,34.116,22.721800000000005,-87.6688,175,75
2026-05-11 17:51:16.066,1,-1.43,-0.66,1.92,32.525999999999996,8.451800000000002,-72.5488,175,75
2026-05-11 17:51:16.101,1,-1.26,-0.47,1.58,42.036,-14.958199999999998,-49.3188,175,75
2026-05-11 17:51:16.113,1,-1.12,-0.53,1.42,46.796,-28.928199999999997,-43.8288,175,75
2026-05-11 17:51:16.162,1,-1.1,-0.7,0.84,52.646,-39.8982,-45.598800000000004,175,75
2026-05-11 17:51:16.162,1,-1.08,-0.81,0.82,62.706,-26.428199999999997,-44.9288,175,75
2026-05-11 17:51:16.162,1,-0.98,-1.01,1.07,73.62599999999999,-32.4582,-49.0688,175,75
2026-05-11 17:51:16.174,1,-1.08,-1.05,1.22,78.01599999999999,-40.2082,-54.558800000000005,175,75
2026-05-11 17:51:16.186,1,-1.2,-1.03,1.27,88.746,-33.3782,-64.0688,175,75
2026-05-11 17:51:16.186,1,-1.23,-1.05,1.19,126.42599999999999,19.121800000000004,-86.50880000000001,175,75
2026-05-11 17:51:16.197,1,-1.36,-0.88,1.11,120.276,1.131800000000002,-92.2488,175,75
2026-05-11 17:51:16.209,1,-1.74,-0.6,0.79,76.18599999999999,1.3218000000000032,-71.5088,175,75
2026-05-11 17:51:16.220,1,-1.85,-0.49,0.55,30.086,33.8818,-53.528800000000004,175,75
2026-05-11 17:51:16.232,1,-1.99,-0.32,0.41,-11.684000000000003,84.1818,-32.5488,175,75
2026-05-11 17:51:16.232,1,-2.54,-0.14,0.15,-43.324,151.2018,1.3511999999999986,175,75
2026-05-11 17:51:16.247,1,-1.88,-0.1,0.1,-30.464,138.3918,43.551199999999994,175,75
2026-05-11 17:51:16.270,1,-1.4,-0.2,0.08,-41.984,80.7718,49.9512,175,75
2026-05-11 17:51:16.270,1,-1.35,0.11,0.18,-90.584,101.5018,49.34119999999999,175,75
2026-05-11 17:51:16.429,1,-3.22,-3.24,6.47,186.736,152.9618,-77.2488,175,75
2026-05-11 17:51:16.466,1,-2.04,-3.12,4.52,195.456,-14.778199999999998,-71.5088,175,75
2026-05-11 17:51:16.801,1,-1.08,-0.57,0.53,22.896,-181.1782,-59.9288,175,75
2026-05-11 17:51:16.801,1,-2.01,0.75,0.71,136.556,-58.37819999999999,-29.6188,175,75
2026-05-11 17:51:16.801,1,-1.43,0.77,1.07,139.296,48.2718,-48.458800000000004,175,75
2026-05-11 17:51:16.801,1,-0.77,-0.67,1.05,104.476,44.0018,-54.0088,175,75
2026-05-11 17:51:16.801,1,-1.25,-0.89,1.85,90.946,1.381800000000002,-60.958800000000004,175,75
2026-05-11 17:51:16.801,1,-1.0,-0.9,1.72,70.696,-13.318199999999997,-58.588800000000006,175,75
2026-05-11 17:51:16.801,1,-0.99,-0.95,1.52,53.566,-24.1682,-55.2888,175,75
2026-05-11 17:51:16.801,1,0.09,0.91,1.88,-21.433999999999997,24.8518,39.581199999999995,175,75
2026-05-11 17:51:16.834,1,0.15,0.98,1.97,-5.824,6.501800000000003,16.6612,175,75
2026-05-11 17:51:16.834,1,0.22,0.94,2.05,14.116,-6.7281999999999975,-7.918800000000001,175,75
2026-05-11 17:51:16.935,1,-0.12,0.27,1.95,121.12599999999999,-69.1082,-137.1788,175,75
2026-05-11 17:51:16.935,1,-0.47,-0.1,1.85,161.006,-72.6482,-169.8088,175,75
2026-05-11 17:51:17.143,1,-1.19,-0.91,1.75,-17.104,-13.378199999999998,20.1312,175,75
2026-05-11 17:51:17.143,1,-1.35,-0.89,1.53,-25.464,-7.038199999999998,4.401199999999998,175,75
2026-05-11 17:51:17.143,1,-1.18,-0.7,1.31,-23.384,-5.628199999999998,-8.708800000000002,175,75
2026-05-11 17:51:17.143,1,-1.25,-0.59,1.31,-10.094000000000003,-1.488199999999999,-16.268800000000002,175,75
2026-05-11 17:51:17.303,1,-1.38,-0.73,1.45,70.51599999999999,3.701800000000002,-67.7888,175,75
2026-05-11 17:51:17.303,1,-1.29,-0.83,1.42,76.79599999999999,5.101800000000001,-85.4788,175,75
2026-05-11 17:51:17.303,1,-0.77,-1.35,1.87,34.236,88.1518,-18.588800000000003,175,75
2026-05-11 17:51:17.303,1,-0.38,-0.35,2.96,18.566,33.091800000000006,-35.5388,175,75
2026-05-11 17:51:17.303,1,-0.73,-0.25,2.43,-16.014000000000003,-67.2782,-9.0088,175,75
2026-05-11 17:51:17.312,1,-0.95,-0.35,1.61,-55.214000000000006,-96.0582,5.501199999999999,175,75
2026-05-11 17:51:17.482,1,0.05,-0.01,2.05,-14.974000000000002,25.8918,-29.558800000000005,175,75
2026-05-11 17:51:17.482,1,-1.18,-0.46,1.78,108.866,262.4818,87.4512,175,75
2026-05-11 17:51:17.482,1,-1.73,-0.22,3.49,105.886,169.6118,48.1812,175,75
2026-05-11 17:51:17.482,1,-0.49,-1.36,2.89,-76.494,64.1218,17.761199999999995,175,75
2026-05-11 17:51:17.482,1,0.36,-2.92,2.12,-101.194,-29.048199999999998,6.411199999999999,175,75
2026-05-11 17:51:17.482,1,-0.79,-1.48,1.12,-128.44400000000002,-81.3682,73.6712,175,75
2026-05-11 17:51:17.563,1,-0.8,-0.52,0.91,-92.71400000000001,-52.6482,77.63119999999999,175,75
2026-05-11 17:51:17.563,1,-1.75,-0.65,0.91,-5.404000000000002,1.3218000000000032,31.231199999999994,175,75
2026-05-11 17:51:17.619,1,-1.36,-0.74,1.83,22.586,57.291799999999995,-14.868800000000002,175,75
2026-05-11 17:51:17.626,1,-1.22,-0.82,1.9,4.535999999999999,27.1718,-27.788800000000002,175,75
2026-05-11 17:51:17.705,1,-0.64,-1.07,1.8,-33.144,27.9618,-28.888800000000003,175,75
2026-05-11 17:51:17.705,1,-1.19,-1.34,1.6,-56.254,22.661800000000003,-23.888800000000003,175,75
2026-05-11 17:51:17.706,1,-2.35,-0.74,1.55,-44.854,284.0618,68.7312,175,75
2026-05-11 17:51:17.812,1,-3.07,-0.8,0.32,-124.244,180.8318,146.3512,175,75
2026-05-11 17:51:17.929,1,-2.5,-1.71,0.04,-139.854,305.2218,183.6112,175,75
2026-05-11 17:51:17.929,1,-2.16,-1.28,1.03,-81.07400000000001,295.4618,207.4512,175,75
2026-05-11 17:51:17.929,1,-1.14,-0.3,1.75,-154.304,124.37180000000001,229.5812,175,75
2026-05-11 17:51:17.929,1,-0.8,-0.11,2.06,-132.354,118.70179999999999,230.6212,175,75
2026-05-11 17:51:17.929,1,-0.49,0.1,2.34,-110.524,93.5718,226.0512,175,75
2026-05-11 17:51:17.929,1,0.13,0.41,2.8,-56.314,19.6118,175.6812,175,75
2026-05-11 17:51:17.929,1,0.31,0.39,2.99,-13.204000000000002,-34.8982,130.56119999999999,175,75
2026-05-11 17:51:17.929,1,0.31,0.31,3.05,16.616,-78.98819999999999,98.6112,175,75
2026-05-11 17:51:17.962,1,-0.36,-0.12,2.52,173.626,-143.0682,-72.0588,175,75
2026-05-11 17:51:18.154,1,-0.81,-1.52,1.84,220.516,-148.0682,-193.7688,175,75
2026-05-11 17:51:18.154,1,-0.81,-1.63,1.82,226.426,-106.6682,-206.8188,175,75
2026-05-11 17:51:18.261,1,-1.02,-0.95,1.6,-25.214,-22.038199999999996,18.0612,175,75
2026-05-11 17:51:18.325,1,-1.31,-0.76,1.34,-14.544000000000002,-14.348199999999999,8.241199999999997,175,75
2026-05-11 17:51:18.325,1,-1.24,-0.8,1.59,69.726,-0.6281999999999996,-126.56880000000001,175,75
2026-05-11 17:51:18.468,1,-0.88,-0.2,2.3,-46.984,-34.718199999999996,49.221199999999996,175,75
2026-05-11 17:51:18.468,1,-1.15,-0.91,1.92,-73.754,-101.7282,50.0712,175,75
2026-05-11 17:51:18.889,1,-2.47,-1.24,1.34,-120.274,136.4418,137.6912,175,75
2026-05-11 17:51:18.901,1,-0.97,-0.24,1.29,-150.404,-11.298199999999998,183.3012,175,75
2026-05-11 17:51:18.902,1,-0.91,0.0,1.14,-117.53400000000002,15.951800000000002,178.7912,175,75
2026-05-11 17:51:18.948,1,-0.67,0.01,1.36,-76.744,26.5018,174.1612,175,75
2026-05-11 17:51:18.948,1,-0.42,0.04,1.57,-60.88399999999999,9.8518,168.3012,175,75
2026-05-11 17:51:18.948,1,-0.13,0.18,1.69,-47.164,-75.62819999999999,140.6212,175,75
2026-05-11 17:51:18.965,1,-0.0,0.33,1.88,-9.484,-124.9582,104.1612,175,75
2026-05-11 17:51:18.986,1,0.14,0.35,1.96,8.505999999999998,-133.9882,78.9112,175,75
2026-05-11 17:51:18.986,1,0.21,0.37,1.87,20.206,-128.0682,41.661199999999994,175,75
2026-05-11 17:51:18.990,1,0.16,0.44,1.83,40.336,-96.4882,16.8412,175,75
2026-05-11 17:51:18.997,1,0.2,0.38,1.85,66.18599999999999,-65.9382,-15.288800000000002,175,75
2026-05-11 17:51:19.179,1,0.27,0.29,2.05,123.256,-34.048199999999994,-73.9488,175,75
2026-05-11 17:51:19.179,1,0.12,0.14,1.89,170.02599999999998,-19.958199999999998,-124.00880000000001,175,75
2026-05-11 17:51:19.179,1,0.0,-0.01,1.87,201.36599999999999,-9.658199999999997,-150.3488,175,75
2026-05-11 17:51:19.179,1,-0.16,-0.25,2.01,251.24599999999998,-23.868199999999998,-185.5388,175,75
2026-05-11 17:51:19.179,1,-0.25,-0.43,2.03,273.31600000000003,-39.408199999999994,-202.4888,175,75
2026-05-11 17:51:19.179,1,-0.4,-0.73,1.99,305.87600000000003,-60.568200000000004,-226.5688,175,75
2026-05-11 17:51:19.179,1,-0.46,-1.1,1.95,338.86600000000004,-79.9582,-243.7688,175,75
2026-05-11 17:51:19.179,1,-0.55,-1.64,2.12,381.48600000000005,-135.9382,-262.54879999999997,175,75
2026-05-11 17:51:19.322,1,-1.28,-0.72,2.0,-23.874000000000002,-24.718199999999996,-29.498800000000003,175,75
2026-05-11 17:51:19.322,1,-0.94,-0.93,1.38,-26.924,-34.7782,-44.738800000000005,175,75
2026-05-11 17:51:19.322,1,-1.22,-0.8,1.47,-5.584000000000001,-29.718199999999996,-56.7588,175,75
2026-05-11 17:51:19.322,1,-1.07,-0.8,1.59,6.185999999999999,-19.3482,-64.8088,175,75
2026-05-11 17:51:19.328,1,-0.93,-0.83,1.51,8.866,-27.5182,-71.0888,175,75
2026-05-11 17:51:19.353,1,-1.09,-0.87,1.48,28.195999999999998,-44.5382,-80.28880000000001,175,75
2026-05-11 17:51:19.353,1,-1.03,-0.81,1.5,47.896,-26.368199999999998,-84.7488,175,75
2026-05-11 17:51:19.508,1,-0.95,-0.91,1.7,63.016,0.22180000000000177,-96.50880000000001,175,75
2026-05-11 17:51:19.759,1,-0.65,-0.63,2.07,4.475999999999999,-2.2181999999999977,-32.488800000000005,175,75
2026-05-11 17:51:19.759,1,-0.56,-0.6,2.22,-17.714,5.8918000000000035,-11.818800000000001,175,75
2026-05-11 17:51:19.759,1,-0.69,-0.71,2.06,-64.79400000000001,7.051800000000004,27.821199999999997,175,75
2026-05-11 17:51:19.760,1,-0.92,-0.67,1.34,-73.444,-1.7281999999999975,21.111199999999997,175,75
2026-05-11 17:51:19.760,1,-1.11,-0.64,1.18,-57.224,-4.538199999999998,12.761199999999997,175,75
2026-05-11 17:51:19.760,1,-0.98,-0.84,1.44,-28.933999999999997,12.661800000000003,-1.9388000000000023,175,75
2026-05-11 17:51:19.760,1,-0.89,-0.98,1.7,-18.994,27.7818,-13.158800000000001,175,75
2026-05-11 17:51:19.764,1,-0.87,-0.86,1.56,-27.414,4.491800000000001,-31.568800000000003,175,75
2026-05-11 17:51:19.820,1,-0.86,-0.84,1.65,-25.764000000000003,1.8118000000000016,-34.558800000000005,175,75
2026-05-11 17:51:20.244,1,-0.55,-0.97,1.38,-89.79400000000001,55.7718,-1.7588000000000008,175,75
2026-05-11 17:51:20.244,1,-1.55,-1.34,1.7,-66.194,83.8818,52.511199999999995,175,75
2026-05-11 17:51:20.244,1,-1.72,-1.35,1.67,-48.994,99.4318,66.8412,175,75
2026-05-11 17:51:20.244,1,-1.8,-1.47,1.49,-16.924,77.0518,99.5212,175,75
2026-05-11 17:51:20.244,1,-1.14,-0.58,0.82,-104.664,59.0018,182.0212,175,75
2026-05-11 17:51:20.244,1,-1.01,-0.48,1.08,-79.364,80.8318,181.4112,175,75
2026-05-11 17:51:20.244,1,-0.14,0.6,1.78,11.735999999999999,-72.3382,79.9512,175,75
2026-05-11 17:51:20.244,1,-0.01,0.64,1.96,33.506,-58.5582,68.0612,175,75
2026-05-11 17:51:20.244,1,0.05,0.51,2.05,48.806,-64.34819999999999,49.2812,175,75
2026-05-11 17:51:20.245,1,-0.05,0.47,1.92,62.036,-60.568200000000004,21.961199999999998,175,75
2026-05-11 17:51:20.245,1,-0.16,0.37,1.7,112.70599999999999,13.451800000000002,-42.238800000000005,175,75
2026-05-11 17:51:20.245,1,-0.14,0.27,1.85,137.406,30.1018,-64.8688,175,75
2026-05-11 17:51:20.245,1,-0.15,0.14,1.95,159.236,24.0018,-87.78880000000001,175,75
2026-05-11 17:51:20.245,1,-0.46,-0.29,1.81,212.896,-1.9081999999999972,-148.3988,175,75
2026-05-11 17:51:20.616,1,-0.51,-0.54,1.89,234.05599999999998,-13.128199999999998,-166.3288,175,75
2026-05-11 17:51:20.616,1,-0.53,-0.73,1.91,250.33599999999998,-31.298199999999998,-180.4188,175,75
2026-05-11 17:51:20.616,1,-0.62,-1.24,1.66,293.076,-55.688199999999995,-220.4788,175,75
2026-05-11 17:51:20.616,1,-0.69,-1.64,1.85,325.456,-74.1682,-231.1488,175,75
2026-05-11 17:51:20.616,1,-0.75,-2.19,2.19,354.476,-116.90820000000001,-238.2788,175,75
2026-05-11 17:51:20.616,1,-4.53,-2.8,2.66,455.086,-153.4382,-197.7888,175,75
2026-05-11 17:51:20.616,1,-7.9,-14.73,-1.83,-182.654,-633.5582,-177.6088,175,75
2026-05-11 17:51:20.617,1,10.33,-1.68,-13.13,-533.324,-511.1782,132.1512,175,75
2026-05-11 17:51:20.617,1,-1.46,4.36,0.64,291.12600000000003,736.6218,260.5012,175,75
2026-05-11 17:51:20.617,1,3.35,1.09,6.87,184.666,642.0518,110.99119999999999,175,75
2026-05-11 17:51:20.617,1,-0.84,-0.73,5.37,-65.15400000000001,-70.8182,25.681199999999997,175,75
2026-05-11 17:51:20.617,1,-0.73,-2.23,2.24,-95.884,-261.6682,-7.118800000000002,175,75
2026-05-11 17:51:20.617,1,-1.65,-0.45,0.95,-36.984,-197.3382,10.261199999999997,175,75
2026-05-11 17:51:20.617,1,-0.73,-0.82,2.11,25.945999999999998,63.45179999999999,49.581199999999995,175,75
2026-05-11 17:51:20.617,1,-0.8,-1.06,1.75,-3.384000000000002,-37.0382,26.3512,175,75
2026-05-11 17:51:20.617,1,-1.2,-0.73,1.57,-25.884,-8.188199999999998,-16.568800000000003,175,75
2026-05-11 17:51:20.617,1,-1.04,-0.7,1.56,-18.814,-17.888199999999998,-21.388800000000003,175,75
2026-05-11 17:51:20.617,1,-0.97,-0.83,1.5,-10.944,-20.208199999999998,-25.348800000000004,175,75
2026-05-11 17:51:20.617,1,-1.03,-0.83,1.4,-1.9240000000000013,-23.498199999999997,-27.5488,175,75
2026-05-11 17:51:20.617,1,-1.13,-0.74,1.35,13.806,-15.568199999999997,-33.1588,175,75
2026-05-11 17:51:20.618,1,-1.16,-0.75,1.43,45.206,-4.408199999999997,-47.668800000000005,175,75
2026-05-11 17:51:20.709,1,-0.8,-0.76,1.92,64.846,14.8518,-47.72880000000001,175,75
2026-05-11 17:51:20.952,1,-0.75,-0.65,2.0,46.916000000000004,21.131800000000002,-26.448800000000002,175,75
2026-05-11 17:51:20.952,1,-0.72,-0.56,2.06,38.196,28.8218,-19.9888,175,75
2026-05-11 17:51:20.952,1,-0.74,-0.59,2.25,22.706,31.381800000000002,-8.768800000000002,175,75
2026-05-11 17:51:20.952,1,-0.7,-0.64,2.33,8.075999999999999,25.341800000000003,-0.9588000000000019,175,75
2026-05-11 17:51:20.952,1,-0.98,-0.78,1.66,-21.134,-0.20819999999999794,15.441199999999997,175,75
2026-05-11 17:51:20.952,1,-1.04,-0.89,1.59,-14.184000000000003,-11.428199999999997,10.681199999999999,175,75
2026-05-11 17:51:20.952,1,-1.03,-0.88,1.53,-6.074,-7.158199999999997,3.001199999999999,175,75
2026-05-11 17:51:20.952,1,-0.96,-0.95,1.6,3.2559999999999985,-3.6781999999999986,-1.698800000000002,175,75
2026-05-11 17:51:20.971,1,-0.92,-0.91,1.68,13.015999999999998,-8.318199999999997,-24.318800000000003,175,75
2026-05-11 17:51:20.971,1,-0.93,-0.93,1.66,16.006,-1.0581999999999994,-28.2188,175,75
2026-05-11 17:51:20.989,1,-0.93,-0.91,1.74,17.706,5.8918000000000035,-30.958800000000004,175,75
2026-05-11 17:51:21.000,1,-0.87,-0.89,1.8,14.475999999999999,11.011800000000001,-31.208800000000004,175,75
2026-05-11 17:51:21.000,1,-0.85,-0.94,1.83,5.515999999999999,13.571800000000003,-28.2188,175,75
2026-05-11 17:51:21.010,1,-0.78,-0.89,1.86,-5.524000000000003,17.901800000000005,-19.068800000000003,175,75
2026-05-11 17:51:21.056,1,-0.65,-0.87,2.17,-43.754,29.7918,9.581199999999997,175,75
2026-05-11 17:51:21.067,1,-0.6,-0.97,2.24,-64.724,27.661800000000003,17.8812,175,75
2026-05-11 17:51:21.067,1,-0.56,-1.04,2.31,-88.994,35.1018,27.271199999999993,175,75
2026-05-11 17:51:21.088,1,-0.4,-1.94,1.89,-174.91400000000002,36.811800000000005,42.6312,175,75
2026-05-11 17:51:21.099,1,-0.74,-2.08,2.09,-178.874,102.1118,47.511199999999995,175,75
2026-05-11 17:51:21.125,1,-0.59,-2.62,2.41,-163.38400000000001,83.3918,44.34119999999999,175,75
2026-05-11 17:51:21.135,1,-0.76,-1.26,2.11,-184.304,-6.428199999999999,110.07119999999999,175,75
2026-05-11 17:51:21.154,1,-1.2,-1.34,1.94,-170.584,-39.2882,1.2911999999999981,175,75
2026-05-11 17:51:21.160,1,-1.25,-0.83,1.75,-138.814,-101.6682,7.761199999999997,175,75
2026-05-11 17:51:21.218,1,-1.6,-0.63,1.68,-101.614,-98.0682,6.721199999999998,175,75
2026-05-11 17:51:21.218,1,-0.97,-0.72,1.95,-64.18400000000001,-64.5382,-3.3988000000000014,175,75
2026-05-11 17:51:21.235,1,-0.33,-0.91,2.33,-18.573999999999998,-62.6482,-14.738800000000001,175,75
2026-05-11 17:51:21.245,1,-0.56,-0.83,2.25,-16.804000000000002,-123.1882,-38.9488,175,75
2026-05-11 17:51:21.245,1,-0.9,-0.5,1.76,-16.073999999999998,-112.51820000000001,-59.0688,175,75
2026-05-11 17:51:21.257,1,-1.02,-0.25,1.56,13.806,-64.2282,-72.4888,175,75
2026-05-11 17:51:21.270,1,-0.57,-0.2,1.88,138.506,13.511800000000001,-118.5288,175,75
2026-05-11 17:51:21.297,1,-0.57,-0.02,1.86,146.856,18.271800000000002,-134.1388,175,75
2026-05-11 17:51:21.311,1,-0.67,0.13,1.66,187.77599999999998,48.70179999999999,-161.93880000000001,175,75
2026-05-11 17:51:21.321,1,-0.72,0.1,1.59,213.016,61.931799999999996,-175.1688,175,75
2026-05-11 17:51:21.369,1,-0.86,0.07,1.58,245.756,61.1318,-184.2588,175,75
2026-05-11 17:51:21.404,1,-0.91,-0.01,1.63,256.616,57.6618,-183.2788,175,75
2026-05-11 17:51:21.427,1,-1.09,-0.21,1.62,264.176,-0.38819999999999766,-175.9588,175,75
2026-05-11 17:51:21.458,1,-1.3,-0.52,1.27,227.896,-87.0982,-149.6188,175,75
2026-05-11 17:51:21.468,1,-1.49,-0.59,0.9,169.476,-113.1282,-115.9588,175,75
2026-05-11 17:51:21.468,1,-1.54,-0.81,1.0,125.886,-101.4882,-61.6388,175,75
2026-05-11 17:51:21.602,1,1.61,-0.78,8.47,195.33599999999998,23.881800000000002,-73.9488,175,75
2026-05-11 17:51:21.612,1,-1.47,-1.85,-0.47,-8.024000000000003,-91.6082,1.2911999999999981,175,75
2026-05-11 17:51:21.628,1,-0.36,-1.15,1.61,-53.264,267.2918,16.6012,175,75
2026-05-11 17:51:21.659,1,-1.63,-1.6,2.19,-147.16400000000002,-167.3982,14.651199999999998,175,75
2026-05-11 17:51:21.670,1,-2.02,-1.51,0.28,-160.584,-40.6282,73.6112,175,75
2026-05-11 17:51:21.681,1,-1.89,-1.62,0.44,-145.464,49.2418,93.85119999999999,175,75
2026-05-11 17:51:21.681,1,-1.87,-1.53,1.25,-144.184,130.2818,115.5012,175,75
2026-05-11 17:51:21.693,1,-1.7,-1.21,1.39,-155.88400000000001,125.0418,118.3612,175,75
2026-05-11 17:51:21.703,1,-1.62,-0.91,1.36,-165.644,103.1518,125.50119999999998,175,75
2026-05-11 17:51:21.707,1,-1.66,-0.66,1.33,-181.554,69.0018,136.2912,175,75
2026-05-11 17:51:21.729,1,-1.62,-0.39,1.4,-199.854,46.1318,145.8012,175,75
2026-05-11 17:51:21.740,1,-1.4,-0.23,1.5,-202.53400000000002,-21.548199999999998,174.0412,175,75
2026-05-11 17:51:21.751,1,-1.18,-0.28,1.54,-205.03400000000002,-50.7582,173.1812,175,75
2026-05-11 17:51:21.751,1,-1.05,-0.28,1.48,-203.75400000000002,-73.4982,170.3812,175,75
2026-05-11 17:51:21.765,1,-0.98,-0.22,1.44,-199.244,-86.1182,169.2212,175,75
2026-05-11 17:51:21.776,1,-0.78,-0.12,1.47,-189.124,-96.7882,167.5112,175,75
2026-05-11 17:51:21.809,1,-0.64,0.03,2.0,-117.714,-118.6782,140.3212,175,75
2026-05-11 17:51:21.818,1,-0.55,-0.02,1.99,-95.09400000000001,-147.1582,138.7312,175,75
2026-05-11 17:51:21.827,1,-1.19,-0.15,1.57,-83.26400000000001,-194.7182,137.6312,175,75
2026-05-11 17:51:21.861,1,-0.12,-1.28,0.95,-52.104,136.9918,41.901199999999996,175,75
2026-05-11 17:51:21.861,1,1.83,-1.27,4.31,10.515999999999998,545.1618,45.621199999999995,175,75
2026-05-11 17:51:21.871,1,1.6,-2.41,7.92,2.1659999999999986,711.0718,8.241199999999997,175,75
2026-05-11 17:51:21.885,1,-0.12,-2.24,6.85,36.676,-104.5982,-35.348800000000004,175,75
2026-05-11 17:51:21.903,1,-0.3,-5.52,3.64,20.875999999999998,-549.5982,34.4612,175,75
2026-05-11 17:51:21.903,1,-1.52,-2.04,1.33,-8.324,-192.5782,-33.458800000000004,175,75
2026-05-11 17:51:21.914,1,-0.4,-1.24,0.06,-20.464,-221.8482,24.461199999999998,175,75
2026-05-11 17:51:21.959,1,-0.43,-2.51,1.8,-35.583999999999996,12.901800000000001,37.2112,175,75
2026-05-11 17:51:21.997,1,-0.65,-2.56,1.97,-50.644,73.0318,44.9512,175,75
2026-05-11 17:51:22.015,1,-0.9,-3.26,2.83,-37.833999999999996,225.2218,116.60119999999999,175,75
2026-05-11 17:51:22.027,1,0.89,-2.84,2.92,-48.083999999999996,168.1518,72.7512,175,75
2026-05-11 17:51:22.052,1,-0.98,-0.53,1.98,-93.694,35.531800000000004,53.121199999999995,175,75
2026-05-11 17:51:22.064,1,-0.11,-0.23,2.47,-34.184,250.71179999999998,13.791199999999998,175,75
2026-05-11 17:51:22.074,1,0.99,-0.15,4.24,80.336,445.6518,-7.488800000000001,175,75
2026-05-11 17:51:22.092,1,2.54,0.76,6.66,205.27599999999998,237.1118,-113.8888,175,75
2026-05-11 17:51:22.102,1,1.33,0.26,4.96,348.86600000000004,-3.5581999999999976,-167.5488,175,75
2026-05-11 17:51:22.124,1,0.88,-1.17,3.82,418.016,-1.488199999999999,-226.5688,175,75
2026-05-11 17:51:22.124,1,0.66,-1.78,3.47,460.086,-17.338199999999997,-273.1588,175,75
2026-05-11 17:51:22.135,1,0.43,-2.22,3.19,494.23600000000005,-39.2282,-315.5988,175,75
2026-05-11 17:51:22.149,1,-0.19,-4.04,2.29,509.29600000000005,-65.9382,-347.3688,175,75
2026-05-11 17:51:22.167,1,-0.75,-4.11,2.1,499.29600000000005,-29.468199999999996,-361.4488,175,75
2026-05-11 17:51:22.178,1,-0.86,-5.09,2.1,505.576,-28.068199999999997,-361.0288,175,75
2026-05-11 17:51:22.218,1,-1.68,-4.46,1.77,426.06600000000003,-145.8782,-270.10880000000003,175,75
2026-05-11 17:51:22.229,1,-1.68,-3.96,1.3,405.516,-151.3682,-242.9188,175,75
2026-05-11 17:51:22.229,1,-1.53,-3.13,1.16,378.80600000000004,-130.44819999999999,-236.1488,175,75
2026-05-11 17:51:22.251,1,-1.42,-2.97,0.99,328.31600000000003,-131.66819999999998,-238.3388,175,75
2026-05-11 17:51:22.251,1,-1.9,-3.26,0.65,272.466,-110.6882,-233.0388,175,75
2026-05-11 17:51:22.267,1,-2.55,-3.03,0.39,227.46599999999998,-40.938199999999995,-165.9588,175,75
2026-05-11 17:51:22.278,1,-2.45,-1.79,0.29,191.186,14.001800000000003,-136.6388,175,75
2026-05-11 17:51:22.290,1,-2.14,-0.67,0.15,167.226,55.2218,-109.3788,175,75
2026-05-11 17:51:22.309,1,-2.21,-0.6,0.36,82.95599999999999,157.1718,-38.8888,175,75
2026-05-11 17:51:22.320,1,-1.78,-0.91,0.68,46.736,176.1318,6.111199999999998,175,75
2026-05-11 17:51:22.348,1,-1.25,-0.74,0.96,14.905999999999999,38.2718,20.3812,175,75
2026-05-11 17:51:22.348,1,-1.28,-0.63,0.85,-5.094000000000003,-30.388199999999998,25.191199999999995,175,75
2026-05-11 17:51:22.360,1,-1.34,-0.44,0.61,-24.973999999999997,-70.0782,32.2112,175,75
2026-05-11 17:51:22.364,1,-1.27,-0.19,0.6,-39.974,-108.3182,39.041199999999996,175,75
2026-05-11 17:51:22.383,1,-1.32,-0.11,0.72,-53.63399999999999,-143.3182,48.4912,175,75
2026-05-11 17:51:22.394,1,-1.34,-0.14,0.79,-63.324000000000005,-163.9282,53.7912,175,75
2026-05-11 17:51:22.456,1,-1.44,0.24,0.77,-93.20400000000001,-107.51820000000001,95.5012,175,75
2026-05-11 17:51:22.470,1,-1.34,0.14,0.88,-94.974,-59.2882,104.5812,175,75
2026-05-11 17:51:22.480,1,-1.24,-0.01,1.03,-99.244,-23.7382,110.8612,175,75
2026-05-11 17:51:22.492,1,-1.1,-0.07,1.17,-102.534,-3.7381999999999973,117.5112,175,75
2026-05-11 17:51:22.492,1,-1.05,-0.12,1.26,-104.114,1.8718000000000004,122.8812,175,75
2026-05-11 17:51:22.523,1,-0.98,-0.29,1.33,-116.254,10.041800000000002,124.22120000000001,175,75
2026-05-11 17:51:22.549,1,-0.95,-0.34,1.37,-119.424,16.7418,125.8012,175,75
2026-05-11 17:51:22.561,1,-0.9,-0.5,1.52,-127.47400000000002,18.3918,129.7712,175,75
2026-05-11 17:51:22.561,1,-1.01,-0.7,1.56,-132.774,17.901800000000005,126.2312,175,75
2026-05-11 17:51:22.575,1,-1.11,-1.03,1.61,-140.94400000000002,14.241800000000001,131.4112,175,75
2026-05-11 17:51:22.587,1,-1.14,-2.03,1.56,-146.434,0.8318000000000012,137.1512,175,75
2026-05-11 17:51:22.587,1,-1.26,-2.95,1.47,-146.074,-3.3181999999999974,148.2412,175,75
2026-05-11 17:51:22.620,1,-1.17,-2.72,1.71,-174.054,44.181799999999996,176.1712,175,75
2026-05-11 17:51:22.632,1,1.34,-3.02,4.18,38.866,526.2018,-6.028800000000001,175,75
2026-05-11 17:51:22.645,1,-2.82,0.53,17.46,-9.304,488.4518,-161.2088,175,75
2026-05-11 17:51:22.653,1,2.83,-0.81,4.06,170.33599999999998,-1001.1782,139.8312,175,75
2026-05-11 17:51:22.666,1,-8.18,-6.53,-4.89,15.395999999999999,-1005.7582,-242.3088,175,75
2026-05-11 17:51:22.698,1,-1.87,-2.04,2.32,-128.264,212.0518,33.731199999999994,175,75
2026-05-11 17:51:22.708,1,-2.05,-2.58,2.9,-175.524,249.85180000000003,102.5112,175,75
2026-05-11 17:51:22.708,1,-1.5,-2.1,2.66,-223.144,39.061800000000005,104.46119999999999,175,75
2026-05-11 17:51:22.726,1,-1.53,-1.18,2.02,-212.53400000000002,-50.7582,98.7912,175,75
2026-05-11 17:51:22.749,1,-1.62,-0.76,0.66,-146.074,-13.798199999999998,128.00119999999998,175,75
2026-05-11 17:51:22.785,1,-1.39,-0.51,0.97,-187.22400000000002,151.3818,144.3412,175,75
2026-05-11 17:51:22.796,1,-1.06,-0.43,1.38,-183.144,139.0018,148.2412,175,75
2026-05-11 17:51:22.796,1,-0.78,-0.26,1.58,-181.374,81.2618,145.1312,175,75
2026-05-11 17:51:22.807,1,-0.63,0.06,1.61,-183.874,43.2718,136.5412,175,75
2026-05-11 17:51:22.856,1,-0.59,-0.03,1.27,-155.704,-4.718199999999998,100.4412,175,75
2026-05-11 17:51:22.879,1,-0.61,-0.03,1.47,-152.714,3.821800000000003,99.5812,175,75
2026-05-11 17:51:22.895,1,-0.51,-0.09,1.71,-152.16400000000002,-5.448199999999998,95.32119999999999,175,75
2026-05-11 17:51:22.953,1,-0.67,-0.06,1.96,-105.524,-121.1182,83.3612,175,75
2026-05-11 17:51:22.954,1,-0.97,0.02,1.79,-103.444,-134.7782,88.3012,175,75
2026-05-11 17:51:22.989,1,4.63,-1.75,2.32,-134.854,-175.1482,140.2612,175,75
2026-05-11 17:51:22.996,1,-0.98,-1.64,3.19,-99.18400000000001,136.3218,-43.6488,175,75
2026-05-11 17:51:23.037,1,0.16,-4.44,3.77,49.846000000000004,-487.0982,25.261199999999995,175,75
2026-05-11 17:51:23.037,1,-2.46,-2.88,1.79,-28.323999999999998,-115.3882,1.6011999999999986,175,75
2026-05-11 17:51:23.049,1,0.06,-1.25,0.64,-45.464,-23.868199999999998,20.261199999999995,175,75
2026-05-11 17:51:23.078,1,-0.44,-1.61,0.72,60.816,27.231800000000003,-3.828800000000002,175,75
2026-05-11 17:51:23.078,1,0.13,-2.61,1.17,55.086,66.6818,0.8011999999999979,175,75
2026-05-11 17:51:23.176,1,-0.29,-2.55,2.46,-72.65400000000001,51.4418,58.49119999999999,175,75
2026-05-11 17:51:23.194,1,0.07,-2.63,2.66,-44.244,242.17180000000002,-3.828800000000002,175,75
2026-05-11 17:51:23.208,1,0.31,-1.97,2.96,-49.304,203.7618,30.801199999999994,175,75
2026-05-11 17:51:23.219,1,-0.49,-0.94,3.27,-51.984,142.6018,53.7912,175,75
2026-05-11 17:51:23.241,1,0.22,0.9,2.49,43.866,167.2318,-35.4788,175,75
2026-05-11 17:51:23.241,1,0.96,0.78,3.41,137.226,243.6318,-71.1488,175,75
2026-05-11 17:51:23.279,1,0.49,-0.84,2.67,341.976,5.161800000000003,-239.6788,175,75
2026-05-11 17:51:23.306,1,-0.37,-1.77,1.98,396.06600000000003,-9.048199999999998,-315.10880000000003,175,75
2026-05-11 17:51:23.327,1,-0.82,-4.43,2.22,440.026,-5.628199999999998,-306.0288,175,75
2026-05-11 17:51:23.336,1,-1.1,-3.83,1.8,388.016,-68.0682,-323.2788,175,75
2026-05-11 17:51:23.347,1,-1.46,-3.46,1.56,413.56600000000003,-56.6082,-294.4988,175,75
2026-05-11 17:51:23.357,1,-1.46,-3.32,1.62,386.30600000000004,-48.438199999999995,-277.3088,175,75
2026-05-11 17:51:23.369,1,-1.54,-3.49,1.38,315.636,-82.0982,-229.6188,175,75
2026-05-11 17:51:23.369,1,-1.86,-2.98,0.98,301.976,-71.3682,-226.4488,175,75
2026-05-11 17:51:23.380,1,-1.95,-2.39,0.27,272.226,-12.038199999999998,-201.0288,175,75
2026-05-11 17:51:23.390,1,-2.35,-1.94,-0.06,230.02599999999998,36.7418,-156.3288,175,75
2026-05-11 17:51:23.401,1,-2.3,-0.92,-0.28,164.416,124.18180000000001,-88.5288,175,75
2026-05-11 17:51:23.415,1,-1.96,-0.18,0.24,65.206,242.54180000000002,-33.3388,175,75
2026-05-11 17:51:23.426,1,-1.63,-0.66,1.24,-28.444000000000003,260.1018,19.651199999999996,175,75
2026-05-11 17:51:23.426,1,-1.38,-1.16,1.75,-60.273999999999994,201.9318,43.301199999999994,175,75
2026-05-11 17:51:23.450,1,-1.08,-1.28,2.19,-97.04400000000001,48.821799999999996,70.6212,175,75
2026-05-11 17:51:23.460,1,-1.03,-0.97,2.21,-123.57400000000001,-100.8182,79.2212,175,75
2026-05-11 17:51:23.483,1,-1.2,-0.33,1.41,-154.97400000000002,-288.2582,97.3312,175,75
2026-05-11 17:51:23.483,1,-1.27,-0.28,0.98,-155.94400000000002,-309.4082,96.6612,175,75
2026-05-11 17:51:23.494,1,-1.28,-0.2,0.64,-148.264,-299.2882,89.8312,175,75
2026-05-11 17:51:23.506,1,-1.23,-0.0,0.64,-121.804,-240.5082,84.8912,175,75
2026-05-11 17:51:23.528,1,-0.95,0.27,1.2,-74.914,-160.9982,63.971199999999996,175,75
2026-05-11 17:51:23.538,1,-0.9,0.38,1.41,-52.354,-143.4382,54.71119999999999,175,75
2026-05-11 17:51:23.555,1,-1.13,0.32,1.43,-34.304,-130.9382,46.471199999999996,175,75
2026-05-11 17:51:23.579,1,-1.24,0.24,1.34,-27.473999999999997,-71.9682,53.1812,175,75
2026-05-11 17:51:23.591,1,-1.28,0.25,1.29,-13.754,-15.628199999999998,62.57119999999999,175,75
2026-05-11 17:51:23.715,1,-1.14,0.19,1.24,-4.854000000000001,30.0418,70.07119999999999,175,75
2026-05-11 17:51:23.715,1,-1.14,0.05,1.18,-3.9940000000000015,64.3718,65.68119999999999,175,75
2026-05-11 17:51:23.715,1,-1.11,-0.03,1.19,-0.2140000000000004,121.8118,68.18119999999999,175,75
2026-05-11 17:51:23.725,1,-1.03,-0.07,1.31,2.525999999999998,163.0918,70.68119999999999,175,75
2026-05-11 17:51:23.759,1,-0.9,-0.12,1.66,-2.8340000000000014,196.2018,76.0512,175,75
2026-05-11 17:51:23.770,1,-0.91,-0.24,1.67,-13.994000000000002,177.6018,76.7212,175,75
2026-05-11 17:51:23.780,1,-0.94,-0.58,1.61,-28.204,158.2118,72.4512,175,75
2026-05-11 17:51:23.780,1,-1.0,-2.42,1.95,-96.744,128.7018,102.88119999999999,175,75
2026-05-11 17:51:23.793,1,0.06,-2.9,4.33,51.676,526.7418,-39.1988,175,75
2026-05-11 17:51:23.793,1,-2.14,-2.72,16.25,272.586,441.6818,-173.3988,175,75
2026-05-11 17:51:23.805,1,1.66,0.82,7.64,208.136,-389.1082,52.8812,175,75
2026-05-11 17:51:23.815,1,0.36,-2.15,0.05,321.30600000000004,-1491.9081999999999,30.321199999999997,175,75
2026-05-11 17:51:23.815,1,-4.66,-4.8,-3.23,255.27599999999998,-1236.7281999999998,-140.6588,175,75
2026-05-11 17:51:23.826,1,-2.44,-1.52,-1.08,-22.714,570.7118,19.711199999999998,175,75
2026-05-11 17:51:23.837,1,0.16,-2.15,1.79,-226.434,295.7718,-43.708800000000004,175,75
2026-05-11 17:51:23.848,1,-1.27,-3.71,2.34,-155.334,313.9418,-21.9388,175,75
2026-05-11 17:51:23.860,1,-1.91,-3.02,3.38,-173.814,185.5918,36.471199999999996,175,75
2026-05-11 17:51:23.860,1,-1.67,-1.13,2.43,-203.934,21.381800000000002,41.471199999999996,175,75
2026-05-11 17:51:23.867,1,-1.38,-0.65,1.83,-155.94400000000002,-16.6682,51.84119999999999,175,75
2026-05-11 17:51:23.885,1,-1.41,-0.84,0.97,-119.60400000000001,-114.04820000000001,67.7512,175,75
2026-05-11 17:51:23.913,1,-1.74,-0.93,0.52,-200.404,4.431800000000003,98.0012,175,75
2026-05-11 17:51:23.926,1,-1.58,-0.62,0.83,-201.25400000000002,33.821799999999996,111.8412,175,75
2026-05-11 17:51:23.938,1,-1.32,-0.36,1.08,-180.824,5.041800000000002,124.22120000000001,175,75
2026-05-11 17:51:23.938,1,-1.13,-0.16,1.26,-176.074,-37.0382,123.3612,175,75
2026-05-11 17:51:23.978,1,-0.96,-0.01,1.23,-206.624,-78.7982,129.5812,175,75
2026-05-11 17:51:23.994,1,-0.93,-0.09,1.28,-186.864,-89.7182,126.72120000000001,175,75
2026-05-11 17:51:24.020,1,-0.89,-0.18,1.42,-179.794,-94.1682,125.99119999999999,175,75
2026-05-11 17:51:24.051,1,-0.84,-0.12,1.55,-186.494,-100.5682,126.84119999999999,175,75
2026-05-11 17:51:24.073,1,-0.65,-0.16,1.75,-166.19400000000002,-117.3982,123.49119999999999,175,75
2026-05-11 17:51:24.084,1,-0.82,-0.16,1.79,-141.434,-126.7282,112.82119999999999,175,75
2026-05-11 17:51:24.101,1,1.05,-0.41,1.06,-95.584,-39.9582,178.4912,175,75
2026-05-11 17:51:24.111,1,0.6,-1.36,2.57,-53.514,225.5918,13.671199999999997,175,75
2026-05-11 17:51:24.173,1,1.25,-1.17,8.48,20.576,723.0918,8.851199999999997,175,75
2026-05-11 17:51:24.183,1,0.31,-3.82,4.2,45.756,-553.8682,-4.198800000000001,175,75
2026-05-11 17:51:24.184,1,-0.97,-4.04,0.78,-49.424,-362.7682,-18.3988,175,75
2026-05-11 17:51:24.194,1,-0.97,-1.16,-0.22,-67.65400000000001,-85.3882,-26.028800000000004,175,75
2026-05-11 17:51:24.218,1,0.25,-0.66,-0.2,46.976,-41.1182,-6.388800000000002,175,75
2026-05-11 17:51:24.218,1,-0.36,-2.36,1.86,90.756,136.2018,-3.3988000000000014,175,75
2026-05-11 17:51:24.270,1,-0.88,-1.28,1.72,-27.534,0.9518000000000022,-2.3088000000000015,175,75
2026-05-11 17:51:24.282,1,-0.83,-1.61,2.2,-28.814,31.5618,-9.068800000000001,175,75
2026-05-11 17:51:24.297,1,-0.81,-1.95,2.67,-33.874,57.23179999999999,6.111199999999998,175,75
2026-05-11 17:51:24.307,1,-0.53,-1.84,2.22,-66.254,203.1518,-13.588800000000003,175,75
2026-05-11 17:51:24.319,1,-0.32,-1.44,2.41,-86.554,239.79180000000002,38.121199999999995,175,75
2026-05-11 17:51:24.344,1,0.54,0.38,3.33,70.696,210.2818,12.631199999999998,175,75
2026-05-11 17:51:24.355,1,1.06,1.0,4.11,144.416,170.4018,-28.888800000000003,175,75
2026-05-11 17:51:24.355,1,1.5,0.39,4.28,211.856,27.841800000000003,-84.1988,175,75
2026-05-11 17:51:24.365,1,0.78,-0.23,3.27,262.646,-35.26819999999999,-144.6788,175,75
2026-05-11 17:51:24.365,1,0.55,-0.39,2.84,285.87600000000003,-28.868199999999998,-179.5588,175,75
2026-05-11 17:51:24.405,1,-0.59,-2.68,2.25,395.086,-78.4382,-292.4888,175,75
2026-05-11 17:51:24.406,1,-0.84,-4.55,1.99,407.226,-93.6182,-271.0888,175,75
2026-05-11 17:51:24.415,1,-1.63,-5.76,1.71,371.24600000000004,-75.5682,-254.9888,175,75
2026-05-11 17:51:24.427,1,-1.11,-3.13,1.6,351.24600000000004,-40.5682,-270.8388,175,75
2026-05-11 17:51:24.459,1,-1.49,-3.17,1.5,381.61600000000004,-78.73819999999999,-240.0488,175,75
2026-05-11 17:51:24.471,1,-1.51,-3.79,1.27,316.73600000000005,-68.0082,-214.1388,175,75
2026-05-11 17:51:24.483,1,-1.45,-3.48,1.0,279.11600000000004,-44.5382,-186.6988,175,75
2026-05-11 17:51:24.499,1,-1.99,-1.91,0.69,237.956,13.451800000000002,-166.7588,175,75
2026-05-11 17:51:24.508,1,-2.03,-1.39,1.02,206.126,71.3218,-123.8288,175,75
2026-05-11 17:51:24.519,1,-1.85,-1.24,1.18,170.27599999999998,69.0618,-83.03880000000001,175,75
2026-05-11 17:51:24.531,1,-1.6,-1.21,1.14,124.53599999999999,53.761799999999994,-57.4288,175,75
2026-05-11 17:51:24.541,1,-1.51,-1.05,0.9,78.92599999999999,19.551800000000004,-36.8788,175,75
2026-05-11 17:51:24.599,1,-1.51,-0.84,0.66,37.466,10.401800000000001,-15.7788,175,75
2026-05-11 17:51:24.610,1,-1.54,-0.54,0.62,-11.374,30.4618,15.381199999999998,175,75
2026-05-11 17:51:24.620,1,-1.39,-0.32,0.76,-34.974,43.6318,40.3812,175,75
2026-05-11 17:51:24.626,1,-1.25,-0.28,0.98,-41.374,27.841800000000003,54.6512,175,75
2026-05-11 17:51:24.647,1,-0.89,-0.07,1.15,-62.964000000000006,-74.5382,55.93119999999999,175,75
2026-05-11 17:51:24.647,1,-0.92,0.2,1.02,-59.854000000000006,-112.6482,40.1312,175,75
2026-05-11 17:51:24.692,1,-1.04,0.35,1.02,-53.754,-107.3982,32.331199999999995,175,75
2026-05-11 17:51:24.717,1,-1.02,0.39,1.17,-54.053999999999995,-103.6182,28.6712,175,75
2026-05-11 17:51:24.744,1,-1.02,0.4,1.36,-44.604,-124.3482,21.0512,175,75
2026-05-11 17:51:24.754,1,-1.15,0.25,1.17,-31.744,-91.2382,25.1312,175,75
2026-05-11 17:51:24.773,1,-1.18,0.14,1.14,-24.793999999999997,-22.5782,38.1812,175,75
2026-05-11 17:51:24.773,1,-1.13,0.1,1.23,-23.634,7.481800000000003,46.411199999999994,175,75
2026-05-11 17:51:24.784,1,-1.07,0.02,1.29,-23.994,27.1118,51.1112,175,75
2026-05-11 17:51:24.827,1,-0.91,-0.15,1.35,-40.214,61.1318,64.7712,175,75
2026-05-11 17:51:24.855,1,-1.09,-1.47,1.42,-48.574,74.0618,68.1212,175,75
2026-05-11 17:51:24.884,1,-1.12,-1.78,1.48,-62.714000000000006,83.3318,74.6512,175,75
2026-05-11 17:51:24.895,1,-1.1,-2.21,1.6,-96.614,84.2418,86.60119999999999,175,75
2026-05-11 17:51:24.896,1,-1.16,-2.5,1.64,-131.074,68.2718,90.2512,175,75
2026-05-11 17:51:24.918,1,-2.45,-3.09,17.14,249.596,840.1618,-31.998800000000003,175,75
2026-05-11 17:51:24.929,1,1.32,-0.47,8.78,253.74599999999998,-176.3682,36.721199999999996,175,75
2026-05-11 17:51:24.943,1,-4.07,-3.08,-0.65,277.166,-1361.7281999999998,-174.1388,175,75
2026-05-11 17:51:24.943,1,-2.59,-1.82,-3.68,139.846,-50.078199999999995,80.68119999999999,175,75
2026-05-11 17:51:24.951,1,-0.06,-1.51,1.32,-148.144,586.9318,-47.668800000000005,175,75
2026-05-11 17:51:24.977,1,-1.49,-2.76,3.46,-226.13400000000001,26.0718,19.1012,175,75
2026-05-11 17:51:24.988,1,-1.57,-1.52,2.07,-265.644,-99.65820000000001,16.111199999999997,175,75
2026-05-11 17:51:24.988,1,-1.51,-0.86,1.4,-215.464,-116.2382,47.4512,175,75
2026-05-11 17:51:25.031,1,-1.49,-0.5,1.48,-208.934,14.731800000000003,93.6112,175,75
2026-05-11 17:51:25.031,1,-1.42,-0.34,1.5,-194.184,-3.0081999999999987,103.85119999999999,175,75
2026-05-11 17:51:25.042,1,-1.39,0.0,1.56,-190.94400000000002,-5.878199999999998,114.46119999999999,175,75
2026-05-11 17:51:25.052,1,-1.35,0.05,1.57,-188.144,-2.3981999999999974,116.6612,175,75
2026-05-11 17:51:25.059,1,-1.22,-0.11,1.55,-173.324,-11.118199999999998,121.5412,175,75
2026-05-11 17:51:25.098,1,-0.97,0.04,1.66,-168.514,-38.6182,126.2312,175,75
2026-05-11 17:51:25.108,1,-0.86,0.05,1.75,-153.75400000000002,-62.3382,125.50119999999998,175,75
2026-05-11 17:51:25.140,1,-0.66,0.07,1.87,-128.874,-91.4882,122.8212,175,75
2026-05-11 17:51:25.221,1,-0.58,0.07,1.8,-105.644,-89.5382,116.7812,175,75
2026-05-11 17:51:25.233,1,-2.95,0.18,1.33,-98.024,-101.90820000000001,138.9112,175,75
2026-05-11 17:51:25.253,1,1.19,-0.55,0.29,-69.914,66.6818,163.6712,175,75
2026-05-11 17:51:25.264,1,1.18,-2.06,3.01,-26.924,167.1118,69.2212,175,75
2026-05-11 17:51:25.264,1,2.5,-1.72,5.51,-48.694,435.5918,-71.5088,175,75
2026-05-11 17:51:25.275,1,-2.44,-1.2,7.22,-141.13400000000001,278.0318,-61.028800000000004,175,75
2026-05-11 17:51:25.295,1,-1.04,-1.04,0.08,-91.194,-76.0582,21.2312,175,75
2026-05-11 17:51:25.318,1,0.07,-2.8,1.96,29.665999999999997,15.1018,10.441199999999997,175,75
2026-05-11 17:51:25.351,1,-0.86,-2.4,1.37,-61.74399999999999,-13.678199999999999,24.521199999999993,175,75
2026-05-11 17:51:25.366,1,-0.71,-1.87,1.27,-49.724,0.34180000000000277,14.341199999999999,175,75
2026-05-11 17:51:25.379,1,-0.86,-1.91,1.5,-24.973999999999997,23.151800000000005,6.601199999999997,175,75
2026-05-11 17:51:25.400,1,-0.41,-2.27,2.46,12.036,170.1018,52.941199999999995,175,75
2026-05-11 17:51:25.410,1,0.41,-2.2,2.32,-2.474000000000002,210.3418,-5.5988000000000016,175,75
2026-05-11 17:51:25.421,1,-0.19,-1.17,2.16,-32.354,174.4918,28.121199999999995,175,75
2026-05-11 17:51:25.426,1,-0.58,-0.49,2.08,-18.814,130.77179999999998,26.1712,175,75
2026-05-11 17:51:25.435,1,-0.6,-0.19,1.6,-36.554,-12.518199999999998,25.5612,175,75
2026-05-11 17:51:25.447,1,-0.68,-0.12,0.99,-34.484,63.031800000000004,-4.138800000000002,175,75
2026-05-11 17:51:25.458,1,0.49,0.54,3.07,161.24599999999998,405.7118,-38.708800000000004,175,75
2026-05-11 17:51:25.469,1,1.57,-0.09,3.48,198.74599999999998,371.7418,-75.53880000000001,175,75
2026-05-11 17:51:25.480,1,1.7,0.05,3.63,261.06600000000003,259.9818,-132.3688,175,75
2026-05-11 17:51:25.501,1,1.22,-0.78,2.96,354.476,179.0018,-192.8488,175,75
2026-05-11 17:51:25.515,1,0.81,-1.17,2.61,380.81600000000003,133.1518,-228.8288,175,75
2026-05-11 17:51:25.515,1,0.41,-1.6,2.26,406.30600000000004,117.7818,-264.2588,175,75
2026-05-11 17:51:25.526,1,0.14,-2.27,2.18,422.096,110.1618,-289.7488,175,75
2026-05-11 17:51:25.537,1,-0.73,-4.34,2.01,447.706,100.1618,-286.3888,175,75
2026-05-11 17:51:25.550,1,-0.59,-3.65,2.2,432.646,122.23179999999999,-276.7588,175,75
2026-05-11 17:51:25.581,1,-0.54,-3.41,1.74,362.466,17.231800000000003,-259.80879999999996,175,75
2026-05-11 17:51:25.593,1,-0.51,-3.2,1.38,341.976,-42.9482,-247.3688,175,75
2026-05-11 17:51:25.605,1,-0.85,-3.38,0.94,337.526,-74.0482,-249.7388,175,75
2026-05-11 17:51:25.617,1,-1.34,-3.02,0.5,276.42600000000004,-41.4882,-249.0088,175,75
2026-05-11 17:51:25.628,1,-2.02,-2.07,0.12,220.33599999999998,48.571799999999996,-216.93880000000001,175,75
2026-05-11 17:51:25.640,1,-2.19,-1.25,0.01,193.196,120.71180000000001,-168.2788,175,75
2026-05-11 17:51:25.651,1,-1.83,-0.75,0.01,154.666,188.9418,-120.4188,175,75
2026-05-11 17:51:25.667,1,-1.51,-0.78,0.3,75.636,229.2418,-95.2288,175,75
2026-05-11 17:51:25.678,1,-1.56,-0.94,0.66,6.7959999999999985,222.1718,-66.6388,175,75
2026-05-11 17:51:25.689,1,-1.53,-0.87,1.01,-31.374000000000002,210.4018,-40.598800000000004,175,75
2026-05-11 17:51:25.700,1,-1.31,-0.7,1.24,-62.224,153.8818,-9.808800000000002,175,75
2026-05-11 17:51:25.727,1,-1.29,-0.4,1.2,-130.334,-72.4582,35.1312,175,75
2026-05-11 17:51:25.737,1,-1.34,-0.34,0.95,-132.714,-101.29820000000001,39.77119999999999,175,75
2026-05-11 17:51:25.744,1,-1.39,-0.34,0.76,-123.38400000000001,-102.8882,37.8212,175,75
2026-05-11 17:51:25.756,1,-1.31,-0.31,0.79,-113.51400000000001,-86.6682,39.651199999999996,175,75
2026-05-11 17:51:25.766,1,-1.25,-0.18,0.96,-104.54400000000001,-74.2282,41.3512,175,75
2026-05-11 17:51:25.778,1,-1.12,0.01,1.15,-95.034,-70.2082,35.5012,175,75
2026-05-11 17:51:25.797,1,-1.04,0.37,1.36,-82.224,-84.2282,25.3812,175,75
2026-05-11 17:51:25.808,1,-1.11,0.43,1.34,-74.664,-86.1782,21.661199999999994,175,75
2026-05-11 17:51:25.836,1,-1.21,0.39,1.28,-64.54400000000001,-71.3682,22.8812,175,75
2026-05-11 17:51:25.837,1,-1.23,0.2,1.23,-59.364,-48.2582,24.581199999999995,175,75
2026-05-11 17:51:25.860,1,-1.24,0.04,1.21,-55.523999999999994,-15.148199999999997,26.901199999999996,175,75
2026-05-11 17:51:25.860,1,-1.17,-0.0,1.18,-47.104,24.2418,30.191199999999995,175,75
2026-05-11 17:51:25.910,1,-1.0,-0.14,1.2,-41.314,110.89179999999999,41.721199999999996,175,75
2026-05-11 17:51:25.936,1,-0.93,-0.19,1.27,-50.944,126.8118,45.621199999999995,175,75
2026-05-11 17:51:25.947,1,-0.8,-0.25,1.35,-60.154,126.4418,48.551199999999994,175,75
2026-05-11 17:51:25.960,1,-0.72,-0.47,1.48,-76.804,108.8818,44.34119999999999,175,75
2026-05-11 17:51:25.960,1,-0.68,-0.68,1.61,-91.924,86.7418,43.731199999999994,175,75
2026-05-11 17:51:25.981,1,-0.86,-1.66,1.72,-143.44400000000002,-15.938199999999998,59.161199999999994,175,75
2026-05-11 17:51:25.992,1,-1.01,-2.5,1.65,-167.714,-69.4082,70.8612,175,75
2026-05-11 17:51:25.992,1,-1.04,-2.5,1.82,-215.704,-69.5382,99.8312,175,75
2026-05-11 17:51:26.015,1,-0.09,-2.26,3.47,-113.26400000000001,222.8418,-41.5688,175,75
2026-05-11 17:51:26.015,1,2.07,-5.2,17.01,93.446,1495.7118,163.06119999999999,175,75
2026-05-11 17:51:26.027,1,-2.24,-0.98,16.57,-20.274,497.9018,-131.1488,175,75
2026-05-11 17:51:26.027,1,3.58,-0.15,4.64,405.87600000000003,-820.0182,175.3812,175,75
2026-05-11 17:51:26.038,1,-3.99,-2.83,-0.41,387.346,-1615.2682,-219.2588,175,75
2026-05-11 17:51:26.069,1,-0.81,-2.14,0.35,-131.924,581.8718,-83.7688,175,75
2026-05-11 17:51:26.079,1,-0.97,-2.22,3.51,-224.72400000000002,288.6318,87.0812,175,75
2026-05-11 17:51:26.091,1,-0.68,-1.86,3.14,-254.124,-13.258199999999999,61.7812,175,75
2026-05-11 17:51:26.102,1,-1.32,-1.27,1.42,-165.094,-281.6082,78.0612,175,75
2026-05-11 17:51:26.112,1,-1.49,-1.12,1.01,-185.274,-234.6582,103.43119999999999,175,75
2026-05-11 17:51:26.142,1,-1.46,-0.88,0.76,-211.25400000000002,-150.2682,126.3512,175,75
2026-05-11 17:51:26.163,1,-1.09,-0.54,0.91,-201.984,-104.4682,140.0712,175,75
2026-05-11 17:51:26.178,1,-0.86,-0.17,1.21,-197.834,-156.1182,134.5812,175,75
2026-05-11 17:51:26.178,1,-0.8,-0.05,1.24,-203.264,-168.4982,138.9112,175,75
2026-05-11 17:51:26.194,1,-0.76,-0.01,1.26,-211.494,-188.7382,135.1312,175,75
2026-05-11 17:51:26.206,1,-0.68,-0.04,1.21,-204.484,-205.5082,132.3312,175,75
2026-05-11 17:51:26.206,1,-0.63,-0.07,1.24,-190.094,-214.4682,130.0712,175,75
2026-05-11 17:51:26.240,1,-0.43,-0.14,1.66,-185.404,-289.5982,107.57119999999999,175,75
2026-05-11 17:51:26.254,1,-0.55,-0.02,1.78,-170.584,-300.9982,105.5012,175,75
2026-05-11 17:51:26.266,1,-0.66,0.09,1.91,-151.19400000000002,-303.2582,107.57119999999999,175,75
2026-05-11 17:51:26.290,1,-0.52,0.2,1.85,-117.47400000000002,-334.5382,124.16120000000001,175,75
2026-05-11 17:51:26.301,1,-0.54,0.15,1.67,-99.60400000000001,-332.7082,122.0212,175,75
2026-05-11 17:51:26.301,1,-2.0,0.03,1.27,-93.26400000000001,-339.8982,138.3612,175,75
2026-05-11 17:51:26.343,1,1.0,-2.46,1.38,-63.63399999999999,291.5018,-47.1788,175,75
2026-05-11 17:51:26.357,1,-0.66,-1.25,6.5,18.686,612.4818,-74.67880000000001,175,75
2026-05-11 17:51:26.367,1,2.98,-2.66,5.17,1.5559999999999992,-54.048199999999994,80.07119999999999,175,75
2026-05-11 17:51:26.388,1,-0.07,-4.68,3.38,-19.794000000000004,-534.4082,22.211199999999998,175,75
2026-05-11 17:51:26.388,1,-1.3,-1.88,1.23,-80.82400000000001,-248.9282,29.221199999999996,175,75
2026-05-11 17:51:26.399,1,-0.78,-0.98,0.52,-23.694000000000003,-22.9482,29.1012,175,75
2026-05-11 17:51:26.399,1,-0.56,-1.28,1.14,56.916000000000004,-59.718199999999996,14.221199999999998,175,75
2026-05-11 17:51:26.408,1,-1.01,-1.95,2.03,96.18599999999999,48.2718,18.971199999999996,175,75
2026-05-11 17:51:26.446,1,-0.78,-2.65,1.4,-85.524,-63.438199999999995,33.0012,175,75
2026-05-11 17:51:26.457,1,-0.85,-1.79,1.15,-82.96400000000001,14.431799999999999,30.801199999999994,175,75
2026-05-11 17:51:26.567,1,-0.19,-2.05,3.57,-89.974,201.9918,49.581199999999995,175,75
2026-05-11 17:51:26.578,1,-0.71,-0.84,2.55,-172.654,-159.0482,43.791199999999996,175,75
2026-05-11 17:51:26.590,1,-0.31,0.12,1.7,-123.75400000000002,-18.9882,-19.928800000000003,175,75
2026-05-11 17:51:26.607,1,0.17,0.88,2.52,18.506,177.2318,-50.598800000000004,175,75
2026-05-11 17:51:26.616,1,1.24,0.86,4.23,173.376,297.7818,-99.7488,175,75
2026-05-11 17:51:26.628,1,1.15,-0.01,5.28,188.076,172.5418,-156.0888,175,75
2026-05-11 17:51:26.628,1,0.65,0.41,4.51,243.74599999999998,16.5018,-189.9288,175,75
2026-05-11 17:51:26.639,1,0.49,-0.2,3.94,332.896,-47.0982,-190.2888,175,75
2026-05-11 17:51:26.652,1,0.11,-1.08,3.33,363.56600000000003,-113.1282,-240.7788,175,75
2026-05-11 17:51:26.662,1,-0.13,-1.31,2.75,391.06600000000003,-116.2382,-278.0388,175,75
2026-05-11 17:51:26.696,1,-0.49,-1.79,2.28,411.67600000000004,-104.5982,-309.0688,175,75
2026-05-11 17:51:26.707,1,-1.07,-3.74,1.77,465.026,-32.3382,-340.0488,175,75
2026-05-11 17:51:26.718,1,-1.36,-4.16,2.0,492.706,16.5018,-324.2588,175,75
2026-05-11 17:51:26.730,1,-1.09,-4.33,2.49,490.336,2.9618,-296.1488,175,75
2026-05-11 17:51:26.741,1,-1.77,-4.42,2.12,466.06600000000003,-76.84819999999999,-259.80879999999996,175,75
2026-05-11 17:51:26.751,1,-1.71,-3.66,1.61,413.25600000000003,-146.9682,-190.7788,175,75
2026-05-11 17:51:26.787,1,-1.92,-3.25,0.65,308.56600000000003,-117.0982,-177.7888,175,75
2026-05-11 17:51:26.797,1,-2.13,-2.64,-0.28,230.696,-82.7082,-152.5488,175,75
2026-05-11 17:51:26.808,1,-2.34,-1.7,-0.76,206.61599999999999,-17.458199999999998,-100.1088,175,75
2026-05-11 17:51:26.820,1,-1.83,-0.33,0.13,45.456,211.1318,-26.9388,175,75
2026-05-11 17:51:26.831,1,-1.46,-0.88,0.94,-25.153999999999996,229.9218,1.2311999999999976,175,75
2026-05-11 17:51:26.841,1,-1.29,-1.22,1.37,-57.044000000000004,177.3518,21.541199999999996,175,75
2026-05-11 17:51:26.841,1,-1.14,-1.24,1.66,-81.194,75.8918,42.4512,175,75
2026-05-11 17:51:26.852,1,-1.11,-1.02,1.67,-98.93400000000001,-20.568199999999997,54.161199999999994,175,75
2026-05-11 17:51:26.869,1,-1.16,-0.66,1.38,-122.834,-92.4582,73.85119999999999,175,75
2026-05-11 17:51:26.869,1,-1.15,-0.52,1.07,-134.97400000000002,-96.4282,82.2712,175,75
2026-05-11 17:51:26.904,1,-1.1,-0.42,0.85,-126.684,-76.5482,74.9512,175,75
2026-05-11 17:51:27.009,1,-1.02,-0.22,1.0,-102.90400000000001,-58.438199999999995,72.57119999999999,175,75
2026-05-11 17:51:27.023,1,-0.84,0.11,1.52,-90.944,-97.2182,71.1712,175,75
2026-05-11 17:51:27.050,1,-0.81,0.26,1.55,-84.48400000000001,-143.9882,62.02119999999999,175,75
2026-05-11 17:51:27.061,1,-0.85,0.31,1.42,-76.254,-170.2682,55.74119999999999,175,75
2026-05-11 17:51:27.071,1,-0.92,0.27,1.28,-70.15400000000001,-170.9982,50.5612,175,75
2026-05-11 17:51:27.082,1,-1.16,0.14,1.28,-59.604000000000006,-105.9982,54.10119999999999,175,75
2026-05-11 17:51:27.093,1,-1.03,-0.18,1.4,-28.264000000000003,83.3318,71.8412,175,75
2026-05-11 17:51:27.104,1,-1.0,-0.64,1.57,-34.914,108.3918,75.93119999999999,175,75
2026-05-11 17:51:27.115,1,-1.07,-1.23,1.54,-44.304,101.20179999999999,71.5412,175,75
2026-05-11 17:51:27.126,1,-1.14,-1.95,1.54,-45.644,117.6018,71.7812,175,75
2026-05-11 17:51:27.126,1,-1.08,-2.06,1.81,-60.644,140.0418,89.10119999999999,175,75
2026-05-11 17:51:27.137,1,-0.93,-2.36,2.11,-102.71400000000001,124.0018,109.10119999999999,175,75
2026-05-11 17:51:27.149,1,-1.08,-0.94,2.95,-111.07400000000001,103.2718,105.13119999999999,175,75
2026-05-11 17:51:27.163,1,-1.92,-3.48,17.77,-117.654,462.9018,-236.6988,175,75
2026-05-11 17:51:27.175,1,0.75,1.23,8.05,86.616,-372.3982,56.051199999999994,175,75
2026-05-11 17:51:27.182,1,-0.11,-1.19,2.01,284.536,-974.7782,71.0512,175,75
2026-05-11 17:51:27.194,1,-4.91,-3.49,-1.86,223.016,-1126.3682,-176.7588,175,75
2026-05-11 17:51:27.194,1,-4.45,-4.0,-5.1,165.516,-515.6881999999999,-15.288800000000002,175,75
2026-05-11 17:51:27.204,1,-4.04,-1.12,-1.44,-21.134,702.2318,42.4512,175,75
2026-05-11 17:51:27.214,1,-0.65,-1.26,1.47,-47.354,784.0018,-8.278800000000002,175,75
2026-05-11 17:51:27.214,1,-0.2,-2.37,3.49,-91.864,471.1318,40.5612,175,75
2026-05-11 17:51:27.236,1,-1.04,-1.12,2.72,-225.824,-196.2382,-5.5988000000000016,175,75
2026-05-11 17:51:27.247,1,-1.29,-0.21,1.69,-189.124,-217.8282,49.651199999999996,175,75
2026-05-11 17:51:27.259,1,-1.45,-0.3,0.79,-144.97400000000002,-183.6182,68.24119999999999,175,75
2026-05-11 17:51:27.272,1,-1.37,-0.44,0.51,-148.324,-119.8382,66.60119999999999,175,75
2026-05-11 17:51:27.287,1,-1.01,-0.53,0.71,-214.304,17.841800000000003,98.6112,175,75
2026-05-11 17:51:27.300,1,-0.78,-0.53,1.08,-210.214,8.761800000000001,101.6612,175,75
2026-05-11 17:51:27.313,1,-0.81,-0.43,1.31,-196.744,-38.3182,98.9712,175,75
2026-05-11 17:51:27.335,1,-0.93,-0.17,1.36,-197.41400000000002,-59.658199999999994,99.0412,175,75
2026-05-11 17:51:27.335,1,-1.06,0.06,1.28,-201.624,-67.3982,109.1612,175,75
2026-05-11 17:51:27.349,1,-1.14,0.01,1.2,-194.91400000000002,-55.938199999999995,111.60119999999999,175,75
2026-05-11 17:51:27.362,1,-1.16,-0.13,1.12,-169.544,-9.778199999999998,103.6112,175,75
2026-05-11 17:51:27.372,1,-1.23,-0.16,1.34,-173.264,33.701800000000006,105.4412,175,75
2026-05-11 17:51:27.383,1,-1.01,-0.14,1.6,-170.88400000000001,64.1218,107.5112,175,75
2026-05-11 17:51:27.409,1,-0.81,-0.12,1.76,-158.38400000000001,57.0518,98.6112,175,75
2026-05-11 17:51:27.421,1,-1.13,-0.11,1.56,-158.994,43.821799999999996,104.8312,175,75
2026-05-11 17:51:27.432,1,-2.15,0.04,0.74,-162.774,7.9618,145.9912,175,75
2026-05-11 17:51:27.447,1,1.43,-1.57,6.54,-55.214000000000006,301.9318,-45.1088,175,75
2026-05-11 17:51:27.461,1,-1.14,-1.28,9.32,-170.404,151.9318,-48.278800000000004,175,75
2026-05-11 17:51:27.487,1,-1.35,-4.49,2.52,-36.374,-675.2682,52.02119999999999,175,75
2026-05-11 17:51:27.497,1,-3.05,-2.37,0.21,-70.884,-157.3382,39.52119999999999,175,75
2026-05-11 17:51:27.508,1,-0.09,-0.31,-0.16,21.616,98.9418,33.0612,175,75
2026-05-11 17:51:27.520,1,-0.47,-1.9,1.3,81.18599999999999,66.9318,-5.3488000000000016,175,75
2026-05-11 17:51:27.531,1,0.15,-2.34,2.0,45.086,103.2118,-8.458800000000002,175,75
2026-05-11 17:51:27.543,1,0.09,-2.38,1.76,-3.514000000000001,-30.3282,0.26119999999999877,175,75
2026-05-11 17:51:27.570,1,-0.76,-1.89,1.28,-41.014,33.451800000000006,19.461199999999998,175,75
2026-05-11 17:51:27.570,1,-0.71,-1.99,1.6,-11.804,46.1318,10.991199999999997,175,75
2026-05-11 17:51:27.613,1,-0.37,-2.19,2.16,-20.884,101.6218,45.011199999999995,175,75
2026-05-11 17:51:27.613,1,-0.18,-2.11,2.19,-15.154000000000002,118.9418,54.6512,175,75
2026-05-11 17:51:27.630,1,0.06,-1.7,2.01,6.245999999999999,199.7318,21.411199999999994,175,75
2026-05-11 17:51:27.655,1,-0.48,-0.35,2.0,36.246,99.1818,28.431199999999997,175,75
2026-05-11 17:51:27.675,1,-1.3,-0.07,0.69,-26.073999999999998,65.7118,21.721199999999996,175,75
2026-05-11 17:51:27.691,1,-0.91,0.33,1.44,23.926,242.35180000000003,7.631199999999998,175,75
2026-05-11 17:51:27.700,1,-0.29,0.51,2.52,118.196,362.8418,-5.108800000000001,175,75
2026-05-11 17:51:27.711,1,0.5,0.21,3.19,176.30599999999998,326.8718,-20.8988,175,75
2026-05-11 17:51:27.721,1,0.85,0.09,3.06,181.186,226.1318,-62.3688,175,75
2026-05-11 17:51:27.743,1,0.62,0.13,2.57,193.136,151.2018,-91.6988,175,75
2026-05-11 17:51:27.757,1,0.35,-0.27,1.96,229.05599999999998,104.98179999999999,-132.1188,175,75
2026-05-11 17:51:27.780,1,-0.05,-0.46,1.79,249.356,86.5618,-164.8088,175,75
2026-05-11 17:51:27.791,1,-0.13,-0.81,1.8,263.68600000000004,82.6618,-184.0088,175,75
2026-05-11 17:51:27.791,1,-0.21,-1.23,1.83,281.61600000000004,83.3318,-208.3388,175,75
2026-05-11 17:51:27.815,1,-0.38,-1.83,1.83,314.17600000000004,90.5318,-233.3388,175,75
2026-05-11 17:51:27.815,1,-0.61,-2.42,1.76,342.406,99.3718,-228.9488,175,75
2026-05-11 17:51:27.830,1,-0.97,-3.22,1.68,365.026,112.2918,-202.1788,175,75
2026-05-11 17:51:27.840,1,-0.9,-2.91,1.8,350.576,119.43180000000001,-216.6988,175,75
2026-05-11 17:51:27.863,1,-0.64,-2.43,1.89,348.92600000000004,65.4618,-217.4888,175,75
2026-05-11 17:51:27.863,1,-0.76,-2.86,1.88,341.48600000000005,29.8518,-202.4288,175,75
2026-05-11 17:51:27.888,1,-0.93,-3.52,1.69,286.48600000000005,-30.5082,-191.1488,175,75
2026-05-11 17:51:27.899,1,-0.85,-2.88,1.19,261.616,-59.59819999999999,-175.4188,175,75
2026-05-11 17:51:27.899,1,-0.99,-2.16,0.79,257.836,-24.228199999999998,-163.7088,175,75
2026-05-11 17:51:27.917,1,-1.28,-1.72,0.88,225.146,55.401799999999994,-135.7188,175,75
2026-05-11 17:51:27.945,1,-1.33,-1.24,1.05,135.576,130.4018,-91.0888,175,75
2026-05-11 17:51:27.945,1,-1.34,-0.92,0.91,87.466,106.8118,-74.5588,175,75
2026-05-11 17:51:27.960,1,-1.34,-0.68,0.78,33.866,128.3318,-55.2888,175,75
2026-05-11 17:51:27.974,1,-1.28,-0.51,0.92,-9.974000000000002,139.3118,-29.068800000000003,175,75
2026-05-11 17:51:27.974,1,-1.28,-0.4,1.11,-38.083999999999996,148.4518,-15.538800000000002,175,75
2026-05-11 17:51:27.994,1,-1.06,-0.23,1.32,-54.544000000000004,133.7018,-0.16880000000000095,175,75
2026-05-11 17:51:28.007,1,-0.92,-0.2,1.48,-59.913999999999994,82.3518,7.2711999999999986,175,75
2026-05-11 17:51:28.018,1,-0.85,-0.18,1.44,-68.32400000000001,39.6118,12.511199999999997,175,75
2026-05-11 17:51:28.027,1,-0.81,-0.14,1.25,-76.744,10.7118,11.541199999999998,175,75
2026-05-11 17:51:28.048,1,-0.87,0.12,0.88,-82.59400000000001,18.091800000000003,2.3911999999999978,175,75
2026-05-11 17:51:28.085,1,-0.9,0.16,0.97,-83.51400000000001,49.98179999999999,3.001199999999999,175,75
2026-05-11 17:51:28.085,1,-0.83,0.1,1.34,-83.444,67.9018,8.361199999999998,175,75
2026-05-11 17:51:28.096,1,-0.74,0.0,1.66,-88.084,42.1118,10.381199999999998,175,75
2026-05-11 17:51:28.116,1,-0.66,-0.04,1.76,-95.40400000000001,-8.068199999999997,10.011199999999997,175,75
2026-05-11 17:51:28.116,1,-0.66,-0.08,1.67,-100.82400000000001,-45.3882,10.381199999999998,175,75
2026-05-11 17:51:28.139,1,-0.76,-0.05,1.38,-113.26400000000001,-55.7582,13.181199999999999,175,75
2026-05-11 17:51:28.150,1,-0.77,-0.11,1.36,-113.144,-39.8982,15.381199999999998,175,75
2026-05-11 17:51:28.150,1,-0.78,-0.3,1.41,-114.054,-27.0982,13.241199999999997,175,75
2026-05-11 17:51:28.203,1,-0.92,-0.94,1.61,-107.35400000000001,-9.348199999999999,6.661199999999999,175,75
2026-05-11 17:51:28.203,1,-0.96,-1.2,1.69,-108.87400000000001,-12.038199999999998,7.2112,175,75
2026-05-11 17:51:28.218,1,-0.79,-2.04,2.82,-43.994,227.2318,-95.53880000000001,175,75
2026-05-11 17:51:28.255,1,-2.59,-5.07,14.36,121.556,1732.5418000000002,277.3312,175,75
2026-05-11 17:51:28.266,1,2.22,-1.58,12.98,165.33599999999998,-12.768199999999998,-142.2388,175,75
2026-05-11 17:51:28.266,1,-1.33,1.04,5.22,379.416,-757.6482,-8.528800000000002,175,75
2026-05-11 17:51:28.279,1,-0.97,-2.29,-1.3,386.55600000000004,-1213.0682,-83.0988,175,75
2026-05-11 17:51:28.311,1,-3.33,-1.45,0.46,-40.153999999999996,842.9018,-88.0988,175,75
2026-05-11 17:51:28.311,1,-0.26,-1.03,2.44,-210.824,451.7418,-24.928800000000003,175,75
2026-05-11 17:51:28.322,1,-1.42,-1.41,3.05,-181.074,345.9518,42.151199999999996,175,75
2026-05-11 17:51:28.330,1,0.18,-2.48,5.12,-124.054,146.6218,76.6612,175,75
2026-05-11 17:51:28.342,1,-0.09,-1.87,4.43,-143.994,-354.4682,27.571199999999997,175,75
2026-05-11 17:51:28.355,1,-1.01,-1.2,2.63,-154.604,-433.3182,9.1612,175,75
2026-05-11 17:51:28.367,1,-2.11,-1.15,0.75,-145.704,-306.7882,82.7512,175,75
2026-05-11 17:51:28.377,1,-1.78,-1.58,0.75,-138.874,-207.5782,130.7412,175,75
2026-05-11 17:51:28.390,1,-1.49,-0.9,0.7,-130.334,-172.3382,132.5712,175,75
2026-05-11 17:51:28.400,1,-1.3,-0.63,0.63,-147.104,-135.07819999999998,138.6712,175,75
2026-05-11 17:51:28.400,1,-1.29,-0.59,0.73,-154.794,-99.04820000000001,141.2912,175,75
2026-05-11 17:51:28.412,1,-1.23,-0.55,0.96,-166.13400000000001,-85.6282,152.0812,175,75
2026-05-11 17:51:28.472,1,-0.71,-0.3,0.99,-209.124,-176.0582,168.8512,175,75
2026-05-11 17:51:28.472,1,-0.39,-0.19,0.95,-211.014,-235.9382,162.5712,175,75
2026-05-11 17:51:28.526,1,-0.33,-0.2,1.07,-215.524,-231.1782,142.0812,175,75
2026-05-11 17:51:28.526,1,-0.56,-0.02,1.3,-216.074,-223.6782,135.9912,175,75
2026-05-11 17:51:28.538,1,-0.45,0.01,1.58,-197.41400000000002,-220.5682,138.6112,175,75
2026-05-11 17:51:28.550,1,-0.29,-0.11,1.72,-185.704,-251.4882,136.4112,175,75
2026-05-11 17:51:28.550,1,-0.15,-0.15,1.66,-173.63400000000001,-276.4282,131.5412,175,75
2026-05-11 17:51:28.575,1,-1.36,0.02,1.02,-151.314,-261.4882,132.6312,175,75
2026-05-11 17:51:28.575,1,1.01,-0.29,0.77,-125.70400000000001,-165.7582,119.71119999999999,175,75
2026-05-11 17:51:28.610,1,-1.33,-1.04,4.97,26.305999999999997,288.8818,-102.36880000000001,175,75
2026-05-11 17:51:28.610,1,1.69,-2.11,4.05,53.256,-133.5582,11.351199999999997,175,75
2026-05-11 17:51:28.669,1,-0.22,-2.44,1.8,-14.544000000000002,-77.9482,-2.0588000000000015,175,75
2026-05-11 17:51:28.677,1,-0.73,-1.69,1.16,-44.114,-45.328199999999995,-10.048800000000002,175,75
2026-05-11 17:51:28.693,1,-0.78,-1.76,1.86,2.4659999999999993,19.1818,-10.8388,175,75
2026-05-11 17:51:28.718,1,-0.72,-1.97,2.15,-14.054,22.661800000000003,-14.928800000000003,175,75
2026-05-11 17:51:28.719,1,-0.56,-1.98,2.29,-46.014,-0.32819999999999894,-9.808800000000002,175,75
2026-05-11 17:51:28.740,1,-0.55,-1.55,2.45,-37.903999999999996,-14.658199999999997,29.831199999999995,175,75
2026-05-11 17:51:28.766,1,-0.64,-1.43,2.49,-67.164,172.0518,3.7311999999999976,175,75
2026-05-11 17:51:28.778,1,-0.57,-1.23,3.02,-81.744,114.0018,30.7412,175,75
2026-05-11 17:51:28.784,1,-0.51,-1.06,2.75,-92.414,2.351800000000001,38.4312,175,75
2026-05-11 17:51:28.797,1,-0.97,-1.12,2.1,-125.88400000000001,-74.7782,42.941199999999995,175,75
2026-05-11 17:51:28.808,1,-1.01,-0.93,1.63,-137.294,-62.0382,38.971199999999996,175,75
2026-05-11 17:51:28.819,1,-0.65,-0.6,1.3,-119.91400000000002,-25.388199999999998,28.8512,175,75
2026-05-11 17:51:28.821,1,0.13,0.07,2.05,0.7559999999999985,140.6518,2.5711999999999993,175,75
2026-05-11 17:51:28.837,1,0.44,0.37,2.97,77.70599999999999,163.0918,-26.1488,175,75
2026-05-11 17:51:28.848,1,0.74,0.5,3.81,134.236,179.4318,-52.668800000000005,175,75
2026-05-11 17:51:28.860,1,0.81,0.48,3.89,162.46599999999998,95.0418,-87.42880000000001,175,75
2026-05-11 17:51:28.860,1,0.55,0.2,3.4,196.736,50.59179999999999,-114.1988,175,75
2026-05-11 17:51:28.874,1,0.35,-0.2,3.03,239.536,40.531800000000004,-150.1088,175,75
2026-05-11 17:51:28.887,1,0.1,-0.44,2.85,263.746,15.041799999999999,-181.0288,175,75
2026-05-11 17:51:28.898,1,-0.21,-0.91,2.64,301.12600000000003,-7.888199999999998,-213.8888,175,75
2026-05-11 17:51:28.929,1,-0.41,-1.52,2.44,332.586,-27.7682,-246.4488,175,75
2026-05-11 17:51:28.939,1,-0.63,-2.38,2.21,358.80600000000004,-36.298199999999994,-265.1688,175,75
2026-05-11 17:51:28.939,1,-1.21,-3.69,1.86,395.81600000000003,-20.8782,-264.67879999999997,175,75
2026-05-11 17:51:28.970,1,-1.34,-3.13,2.24,418.136,-81.90820000000001,-228.0388,175,75
2026-05-11 17:51:29.014,1,-1.53,-3.4,1.41,364.05600000000004,-96.4282,-158.0988,175,75
2026-05-11 17:51:29.027,1,-1.55,-2.33,1.22,297.646,-44.1082,-134.2588,175,75
2026-05-11 17:51:29.074,1,-1.73,-1.5,0.56,185.946,-3.128199999999998,-69.2588,175,75
2026-05-11 17:51:29.107,1,-1.14,-0.45,1.02,-23.753999999999998,83.70179999999999,48.0612,175,75
2026-05-11 17:51:29.119,1,-0.94,-0.44,1.25,-49.114,8.881800000000002,63.6112,175,75
2026-05-11 17:51:29.124,1,-0.86,-0.51,1.18,-70.884,-85.8182,60.6212,175,75
2026-05-11 17:51:29.156,1,-0.99,-0.26,0.94,-85.034,-137.2782,57.3912,175,75
2026-05-11 17:51:29.167,1,-1.04,-0.03,0.73,-82.474,-140.2082,54.161199999999994,175,75
2026-05-11 17:51:29.167,1,-1.07,0.08,0.69,-73.87400000000001,-124.04820000000001,52.8812,175,75
2026-05-11 17:51:29.179,1,-1.09,0.05,0.86,-64.974,-96.6682,51.9612,175,75
2026-05-11 17:51:29.192,1,-1.06,0.09,1.02,-62.904,-87.0382,54.6512,175,75
2026-05-11 17:51:29.209,1,-1.05,0.15,1.23,-62.163999999999994,-90.0782,56.1712,175,75
2026-05-11 17:51:29.220,1,-1.08,0.12,1.2,-63.264,-86.1182,57.941199999999995,175,75
2026-05-11 17:51:29.223,1,-1.12,0.1,1.12,-62.654,-60.01819999999999,63.6712,175,75
2026-05-11 17:51:29.286,1,-1.07,-0.35,1.11,-70.82400000000001,83.7618,67.6912,175,75
2026-05-11 17:51:29.322,1,-1.1,-1.86,1.44,-108.51400000000001,71.8118,75.8012,175,75
2026-05-11 17:51:29.333,1,-1.16,-1.89,1.73,-114.724,121.5618,83.9112,175,75
2026-05-11 17:51:29.346,1,-1.25,-1.66,2.33,-106.554,113.33179999999999,98.0012,175,75
2026-05-11 17:51:29.356,1,10.63,-5.57,14.29,121.306,1927.1718,130.0712,175,75
2026-05-11 17:51:29.369,1,-1.36,-1.73,14.04,-63.574000000000005,169.1218,-88.9488,175,75
2026-05-11 17:51:29.400,1,-3.74,-1.2,-3.05,162.77599999999998,17.3518,109.5812,175,75
2026-05-11 17:51:29.414,1,-0.22,-2.37,2.13,-170.274,197.6618,-16.638800000000003,175,75
2026-05-11 17:51:29.433,1,-0.7,-3.07,2.84,-219.424,148.3318,-7.8488000000000016,175,75
2026-05-11 17:51:29.460,1,-1.31,-0.59,2.08,-115.884,-53.98819999999999,43.911199999999994,175,75
2026-05-11 17:51:29.501,1,-1.64,-1.38,1.47,-105.584,-103.5582,58.85119999999999,175,75
2026-05-11 17:51:29.514,1,-1.72,-1.72,0.68,-155.404,-62.158199999999994,64.5212,175,75
2026-05-11 17:51:29.514,1,-1.62,-1.16,0.52,-188.934,39.431799999999996,55.93119999999999,175,75
2026-05-11 17:51:29.547,1,-1.15,-0.29,1.36,-195.524,-26.178199999999997,99.6512,175,75
2026-05-11 17:51:29.547,1,-1.1,-0.04,1.21,-208.144,-75.2682,106.6612,175,75
2026-05-11 17:51:29.557,1,-1.05,0.07,1.05,-211.684,-101.3682,110.5612,175,75
2026-05-11 17:51:29.573,1,-0.9,-0.03,0.99,-211.13400000000001,-114.7782,116.60119999999999,175,75
2026-05-11 17:51:29.573,1,-0.84,-0.05,1.01,-214.604,-116.90820000000001,117.0212,175,75
2026-05-11 17:51:29.587,1,-0.8,0.01,1.25,-207.594,-99.40820000000001,116.60119999999999,175,75
2026-05-11 17:51:29.609,1,-0.73,0.04,1.6,-198.874,-103.9282,114.9512,175,75
2026-05-11 17:51:29.620,1,-0.73,0.05,1.82,-189.304,-116.1182,112.1512,175,75
2026-05-11 17:51:29.632,1,-0.66,0.05,1.92,-174.424,-138.1282,110.5612,175,75
2026-05-11 17:51:29.642,1,-0.63,0.05,1.85,-161.924,-153.0682,109.8312,175,75
2026-05-11 17:51:29.652,1,-1.72,0.02,1.57,-151.19400000000002,-177.2182,122.21119999999999,175,75
2026-05-11 17:51:29.664,1,-2.56,0.29,0.42,-134.97400000000002,-104.1082,168.9712,175,75
2026-05-11 17:51:29.703,1,1.22,-1.89,7.77,-84.424,523.0318,-19.138800000000003,175,75
2026-05-11 17:51:29.737,1,-0.73,-1.29,6.93,8.505999999999998,24.0018,-9.808800000000002,175,75
2026-05-11 17:51:29.755,1,0.28,-4.41,3.44,-10.404000000000002,-679.2882,-3.6488000000000014,175,75
2026-05-11 17:51:29.782,1,-2.14,-2.63,0.19,-117.16400000000002,-288.5582,-23.098800000000004,175,75
2026-05-11 17:51:29.865,1,-0.05,-2.23,2.07,33.626,95.8918,15.991199999999997,175,75
2026-05-11 17:51:29.881,1,-0.26,-2.2,2.24,-3.144000000000002,-30.6282,30.441199999999995,175,75
2026-05-11 17:51:29.891,1,-1.04,-2.01,1.96,-29.484,-31.6682,25.191199999999995,175,75
2026-05-11 17:51:29.891,1,-1.02,-1.58,1.53,-65.524,-3.798199999999998,33.4912,175,75
2026-05-11 17:51:29.902,1,-0.95,-1.5,1.48,-60.704,2.541800000000002,11.471199999999998,175,75
2026-05-11 17:51:29.923,1,-0.93,-1.7,2.09,-47.534,63.8818,18.181199999999997,175,75
2026-05-11 17:51:29.935,1,-0.62,-1.39,1.69,0.6359999999999992,126.8118,43.3612,175,75
2026-05-11 17:51:29.946,1,-0.72,-1.25,1.54,-0.034000000000000696,197.4218,32.331199999999995,175,75
2026-05-11 17:51:29.959,1,-0.82,-0.67,1.62,-1.554000000000002,185.3418,54.9512,175,75
2026-05-11 17:51:29.981,1,-1.66,0.18,0.97,-15.584000000000001,53.8818,25.621199999999995,175,75
2026-05-11 17:51:30.006,1,-1.79,-0.29,0.81,-34.304,222.3518,72.9412,175,75
2026-05-11 17:51:30.006,1,-1.42,-0.58,0.53,-42.594,205.2818,82.4512,175,75
2026-05-11 17:51:30.017,1,-1.32,-0.65,0.51,-46.924,211.8118,69.0412,175,75
2026-05-11 17:51:30.023,1,-1.23,-1.21,0.42,-33.754,174.7318,77.3912,175,75
2026-05-11 17:51:30.036,1,-1.08,-0.39,0.68,-22.223999999999997,145.2218,58.0012,175,75
2026-05-11 17:51:30.036,1,-0.88,0.03,0.82,-45.944,106.6218,46.1112,175,75
2026-05-11 17:51:30.048,1,-1.03,0.09,0.84,-89.79400000000001,81.2618,42.081199999999995,175,75
2026-05-11 17:51:30.059,1,-1.01,0.19,0.9,-105.76400000000001,64.2418,47.151199999999996,175,75
2026-05-11 17:51:30.067,1,-1.06,0.22,0.91,-99.60400000000001,58.9418,50.011199999999995,175,75
2026-05-11 17:51:30.076,1,-1.04,0.18,0.91,-92.29400000000001,66.2618,52.02119999999999,175,75
2026-05-11 17:51:30.088,1,-0.92,0.14,1.1,-76.254,79.8518,52.2112,175,75
2026-05-11 17:51:30.098,1,-0.76,0.11,1.25,-67.224,70.4018,49.581199999999995,175,75
2026-05-11 17:51:30.120,1,-0.6,0.08,1.34,-67.474,40.1618,42.5712,175,75
2026-05-11 17:51:30.120,1,-0.57,0.04,1.25,-69.914,22.1118,33.6712,175,75
2026-05-11 17:51:30.131,1,-0.51,0.05,1.24,-66.07400000000001,11.681800000000003,28.4912,175,75
2026-05-11 17:51:30.196,1,-0.39,0.0,1.33,-45.764,-18.798199999999998,9.341199999999999,175,75
2026-05-11 17:51:30.196,1,-0.47,-0.15,1.3,-34.854,-31.968199999999996,-6.938800000000001,175,75
2026-05-11 17:51:30.196,1,-0.64,-0.17,1.35,-19.544000000000004,-16.6682,-14.678800000000003,175,75
2026-05-11 17:51:30.206,1,-0.76,-0.27,1.19,-22.903999999999996,-11.788199999999998,-16.7588,175,75
2026-05-11 17:51:30.220,1,-0.77,-0.26,1.07,-21.494,7.421800000000001,-16.0288,175,75
2026-05-11 17:51:30.231,1,-0.75,-0.28,1.0,-10.944,33.451800000000006,-10.778800000000002,175,75
2026-05-11 17:51:30.248,1,-0.7,-0.29,1.08,1.1259999999999994,54.2418,-9.138800000000002,175,75
2026-05-11 17:51:30.266,1,-0.72,-0.25,1.24,6.975999999999999,44.6118,-5.2288000000000014,175,75
2026-05-11 17:51:30.281,1,-0.7,-0.21,1.33,17.165999999999997,44.8518,-1.2088000000000019,175,75
2026-05-11 17:51:30.314,1,-0.56,-0.02,1.8,35.086,3.701800000000002,8.971199999999998,175,75
2026-05-11 17:51:30.325,1,-0.46,0.13,2.08,45.336,-21.428199999999997,11.2312,175,75
2026-05-11 17:51:30.337,1,-0.39,0.2,2.36,69.176,-66.23819999999999,3.671199999999999,175,75
2026-05-11 17:51:30.341,1,-0.55,0.07,2.18,92.64599999999999,-78.6182,-19.928800000000003,175,75
2026-05-11 17:51:30.353,1,-0.75,0.32,1.95,126.18599999999999,-25.8782,-35.348800000000004,175,75
2026-05-11 17:51:30.369,1,-0.73,-0.07,2.48,223.80599999999998,59.791799999999995,-33.5888,175,75
2026-05-11 17:51:30.380,1,-0.62,-0.32,2.48,252.956,77.2918,-42.058800000000005,175,75
2026-05-11 17:51:30.392,1,-0.65,-0.53,2.29,270.81600000000003,82.6618,-50.0488,175,75
2026-05-11 17:51:30.435,1,-0.49,-0.93,1.85,265.086,89.1818,-57.5488,175,75
2026-05-11 17:51:30.448,1,-6.39,-3.45,-4.42,-441.864,-205.3282,-105.0488,175,75
2026-05-11 17:51:30.448,1,1.99,-5.9,0.33,573.446,301.9318,351.4712,175,75
2026-05-11 17:51:30.481,1,-1.06,0.85,-0.37,-271.13399999999996,-245.6282,53.7312,175,75
2026-05-11 17:51:30.481,1,-1.59,1.48,-1.45,-153.994,-221.2982,51.051199999999994,175,75
2026-05-11 17:51:30.512,1,-1.11,-0.55,2.18,59.116,-4.958199999999998,50.9312,175,75
2026-05-11 17:51:30.531,1,-1.44,-0.47,1.78,-8.754,-78.0082,26.7812,175,75
2026-05-11 17:51:30.545,1,-1.43,-0.45,1.19,-27.414,-65.62819999999999,17.081199999999995,175,75
2026-05-11 17:51:30.545,1,-1.44,-0.35,1.02,-9.664,-45.3882,-9.138800000000002,175,75
2026-05-11 17:51:30.563,1,-1.34,-0.62,1.21,-8.514000000000001,-20.1482,-20.958800000000004,175,75
2026-05-11 17:51:30.588,1,-1.27,-0.76,1.32,-17.224000000000004,-22.0982,-32.3688,175,75
2026-05-11 17:51:30.588,1,-1.24,-0.72,1.29,-24.054000000000002,-28.4382,-42.3688,175,75
2026-05-11 17:51:30.588,1,-1.2,-0.66,1.21,-25.214,-20.818199999999997,-40.778800000000004,175,75
2026-05-11 17:51:30.601,1,-1.0,-0.45,1.18,-14.424000000000001,-16.548199999999998,-32.3688,175,75
2026-05-11 17:51:30.617,1,-0.87,-0.39,0.99,-4.1240000000000006,-28.7382,-25.348800000000004,175,75
2026-05-11 17:51:30.627,1,-0.93,-0.33,0.85,10.275999999999998,-36.298199999999994,-23.6488,175,75
2026-05-11 17:51:30.639,1,-1.01,-0.42,0.85,36.676,-27.5782,-16.638800000000003,175,75
2026-05-11 17:51:30.653,1,-1.05,-0.56,1.01,60.946,-18.5582,-12.608800000000002,175,75
2026-05-11 17:51:30.666,1,-1.08,-0.54,1.12,72.346,-20.4482,-9.928800000000003,175,75
2026-05-11 17:51:30.677,1,-1.12,-0.5,1.09,81.306,-27.398199999999996,-11.028800000000002,175,75
2026-05-11 17:51:30.688,1,-1.11,-0.57,0.95,96.12599999999999,-33.0682,-17.3688,175,75
2026-05-11 17:51:30.699,1,-1.22,-0.66,0.96,109.78599999999999,-31.548199999999998,-24.378800000000002,175,75
2026-05-11 17:51:30.710,1,-1.3,-0.68,1.1,131.556,-22.888199999999998,-33.528800000000004,175,75
2026-05-11 17:51:30.723,1,-1.25,-0.73,1.16,145.876,-19.7782,-40.7188,175,75
2026-05-11 17:51:30.724,1,-1.2,-0.78,1.16,155.08599999999998,-29.5982,-51.698800000000006,175,75
2026-05-11 17:51:30.735,1,-1.19,-0.79,1.11,161.24599999999998,-36.1782,-60.8988,175,75
2026-05-11 17:51:30.747,1,-1.23,-0.85,1.12,171.426,-34.8382,-68.7088,175,75
2026-05-11 17:51:30.785,1,-1.0,-1.48,1.22,201.916,110.95179999999999,-104.31880000000001,175,75
2026-05-11 17:51:30.825,1,-0.85,-1.28,1.66,144.906,44.8518,-52.488800000000005,175,75
2026-05-11 17:51:30.835,1,-1.0,-1.19,1.87,105.696,64.5518,-18.0988,175,75
2026-05-11 17:51:30.859,1,-0.96,-0.69,1.91,39.356,43.2118,13.001199999999999,175,75
2026-05-11 17:51:30.859,1,-0.94,-0.48,1.89,32.226,58.3918,25.801199999999994,175,75
2026-05-11 17:51:30.881,1,-1.43,-0.24,1.14,-9.664,9.181800000000003,27.151199999999996,175,75
2026-05-11 17:51:30.893,1,-0.58,-0.66,1.74,-47.294,93.45179999999999,62.331199999999995,175,75
2026-05-11 17:51:30.893,1,-0.28,-0.4,2.54,-22.414,56.681799999999996,59.4012,175,75
2026-05-11 17:51:30.905,1,-0.25,0.15,2.77,-16.494,-27.3382,42.4512,175,75
2026-05-11 17:51:30.921,1,-0.06,0.37,2.73,21.006,-12.338199999999997,25.681199999999997,175,75
2026-05-11 17:51:30.932,1,-0.16,0.18,2.26,33.506,-1.6681999999999988,4.101199999999999,175,75
2026-05-11 17:51:30.932,1,-0.31,0.35,2.1,70.696,7.841800000000003,7.331199999999997,175,75
2026-05-11 17:51:30.959,1,-2.24,0.65,1.85,77.64599999999999,8.151800000000001,10.131199999999998,175,75
2026-05-11 17:51:30.959,1,-4.16,0.53,1.14,67.706,-100.3882,17.081199999999995,175,75
2026-05-11 17:51:31.004,1,-1.88,-1.83,-1.42,-102.10400000000001,-164.6582,92.3912,175,75
2026-05-11 17:51:31.015,1,-1.13,-1.23,-0.31,16.305999999999997,210.8318,122.6312,175,75
2026-05-11 17:51:31.050,1,-0.61,-2.04,0.7,-29.604,20.771800000000002,51.1112,175,75
2026-05-11 17:51:31.061,1,-0.56,-1.95,1.28,-46.984,13.271800000000002,61.721199999999996,175,75
2026-05-11 17:51:31.098,1,-1.23,-1.02,1.35,-79.054,-27.5182,94.4012,175,75
2026-05-11 17:51:31.108,1,-1.43,-0.97,0.78,-6.074,27.1118,66.4112,175,75
2026-05-11 17:51:31.126,1,-1.36,-0.98,1.12,24.355999999999998,49.8518,51.6012,175,75
2026-05-11 17:51:31.150,1,-1.21,-1.04,1.27,29.536,48.09179999999999,43.971199999999996,175,75
2026-05-11 17:51:31.150,1,-1.16,-1.23,1.28,31.006,43.031800000000004,38.911199999999994,175,75
2026-05-11 17:51:31.161,1,-0.85,-1.57,1.15,23.195999999999998,45.7718,44.581199999999995,175,75
2026-05-11 17:51:31.173,1,-0.91,-1.83,1.14,27.705999999999996,63.151799999999994,51.84119999999999,175,75
2026-05-11 17:51:31.173,1,-0.67,-2.28,1.1,25.025999999999996,130.3418,80.93119999999999,175,75
2026-05-11 17:51:31.188,1,-0.3,-2.69,1.16,-4.914,157.8418,94.6512,175,75
2026-05-11 17:51:31.210,1,0.24,-2.96,1.53,-111.554,232.8418,14.651199999999998,175,75
2026-05-11 17:51:31.225,1,-1.19,-1.31,1.36,-172.53400000000002,48.70179999999999,5.011199999999999,175,75
2026-05-11 17:51:31.240,1,-1.34,-1.11,1.26,-195.88400000000001,27.231800000000003,5.6212,175,75
2026-05-11 17:51:31.246,1,-1.3,-1.02,1.46,-194.97400000000002,-7.3981999999999974,10.191199999999997,175,75
2026-05-11 17:51:31.257,1,-2.06,-0.91,1.73,-182.774,-73.12819999999999,17.821199999999997,175,75
2026-05-11 17:51:31.268,1,-1.9,-1.03,1.48,-191.014,-138.3182,7.761199999999997,175,75
2026-05-11 17:51:31.270,1,-1.28,-1.05,1.23,-223.934,-172.3982,-23.5888,175,75
2026-05-11 17:51:31.285,1,-1.14,-0.75,1.27,-229.66400000000002,-159.1082,-33.8288,175,75
2026-05-11 17:51:31.295,1,-1.08,-0.42,1.17,-232.834,-116.1182,-39.8688,175,75
2026-05-11 17:51:31.295,1,-1.1,-0.17,1.23,-243.324,-62.158199999999994,-57.058800000000005,175,75
2026-05-11 17:51:31.330,1,-1.15,0.02,1.43,-239.66400000000002,-7.6481999999999974,-66.7588,175,75
2026-05-11 17:51:31.341,1,-1.11,-0.04,1.87,-231.864,36.9918,-76.0288,175,75
2026-05-11 17:51:31.380,1,-1.0,-0.11,2.1,-179.054,6.441800000000001,-129.4388,175,75
2026-05-11 17:51:31.380,1,-0.97,0.29,2.08,-158.874,38.76180000000001,-131.3888,175,75
2026-05-11 17:51:31.389,1,-0.88,0.62,2.13,-131.804,76.9318,-138.2188,175,75
2026-05-11 17:51:31.407,1,-0.83,0.6,2.2,-102.35400000000001,108.8218,-154.9888,175,75
2026-05-11 17:51:31.435,1,-0.82,0.57,2.51,-48.694,127.5418,-172.3688,175,75
2026-05-11 17:51:31.435,1,-0.81,0.66,2.76,-22.354,106.6218,-173.7688,175,75
2026-05-11 17:51:31.457,1,-0.72,0.56,2.76,2.4659999999999993,34.37180000000001,-185.8388,175,75
2026-05-11 17:51:31.488,1,-0.57,0.46,3.2,57.896,2.7818000000000005,-201.1488,175,75
2026-05-11 17:51:31.499,1,-0.54,0.47,3.45,69.596,-40.26819999999999,-205.5988,175,75
2026-05-11 17:51:31.509,1,-0.51,0.44,3.39,81.79599999999999,-84.04820000000001,-216.5688,175,75
2026-05-11 17:51:31.557,1,-16.65,-2.21,-6.96,-180.94400000000002,-2000.3282,-1331.2688,175,75
2026-05-11 17:51:31.570,1,-9.0,2.66,-8.04,500.146,-23.498199999999997,1517.0212000000001,175,75
2026-05-11 17:51:31.581,1,-2.13,-3.27,3.09,311.36600000000004,741.4418,108.3612,175,75
2026-05-11 17:51:31.592,1,-8.01,-0.39,3.47,-84.85400000000001,505.7718,145.56119999999999,175,75
2026-05-11 17:51:31.606,1,1.75,-5.59,7.63,-159.97400000000002,832.6018,13.3012,175,75
2026-05-11 17:51:31.617,1,0.76,-2.27,5.57,-118.20400000000001,-190.1482,61.9012,175,75
2026-05-11 17:51:31.649,1,-0.84,0.37,-1.45,-125.524,-58.98819999999999,87.63119999999999,175,75
2026-05-11 17:51:31.649,1,-0.14,0.95,-0.82,-82.414,-36.0582,75.8012,175,75
2026-05-11 17:51:31.673,1,-0.5,2.13,0.88,-73.084,-45.938199999999995,68.5512,175,75
2026-05-11 17:51:31.697,1,-0.99,0.85,1.04,-82.96400000000001,-31.178199999999997,94.5812,175,75
2026-05-11 17:51:31.697,1,-0.85,0.28,1.15,-76.494,-37.3982,108.6712,175,75
2026-05-11 17:51:31.702,1,-1.5,-0.02,1.26,-76.31400000000001,-93.7382,92.0812,175,75
2026-05-11 17:51:31.740,1,-2.13,-0.93,0.53,-43.574,-123.1882,45.7412,175,75
2026-05-11 17:51:31.740,1,-2.51,-0.21,0.58,10.876,-18.4382,34.8912,175,75
2026-05-11 17:51:31.753,1,-2.13,-0.4,1.15,53.926,15.5318,-15.838800000000003,175,75
2026-05-11 17:51:31.764,1,-1.98,-0.46,0.97,55.636,19.8518,-56.3288,175,75
2026-05-11 17:51:31.777,1,-1.46,-0.41,0.54,52.586,22.051800000000004,-110.3488,175,75
2026-05-11 17:51:31.813,1,-0.83,-0.32,0.56,87.70599999999999,45.281800000000004,-116.8788,175,75
2026-05-11 17:51:31.833,1,-0.92,-0.17,1.0,85.276,29.7918,-87.6088,175,75
2026-05-11 17:51:31.833,1,-1.08,-0.18,1.24,74.726,16.3218,-83.39880000000001,175,75
2026-05-11 17:51:31.852,1,-1.2,-0.28,1.36,66.976,9.791800000000002,-81.0888,175,75
2026-05-11 17:51:31.855,1,-1.24,-0.38,1.41,62.096000000000004,5.591800000000003,-79.00880000000001,175,75
2026-05-11 17:51:31.890,1,-1.27,-0.5,1.39,55.026,2.291800000000002,-74.4988,175,75
2026-05-11 17:51:31.890,1,-1.26,-0.56,1.31,48.626,0.5918000000000028,-65.5988,175,75
2026-05-11 17:51:31.901,1,-1.18,-0.53,1.22,44.296,5.7118,-55.47880000000001,175,75
2026-05-11 17:51:31.939,1,-1.04,-0.74,1.1,58.626,6.6218,-48.768800000000006,175,75
2026-05-11 17:51:31.939,1,-1.07,-1.12,1.09,72.646,-2.3981999999999974,-53.768800000000006,175,75
2026-05-11 17:51:31.960,1,-1.22,-1.43,0.94,92.526,-39.1682,-21.638800000000003,175,75
2026-05-11 17:51:31.982,1,-1.29,-0.81,0.88,77.64599999999999,-8.738199999999997,25.501199999999997,175,75
2026-05-11 17:51:31.982,1,-1.34,-0.41,1.01,61.796,18.2118,30.931199999999997,175,75
2026-05-11 17:51:32.025,1,-1.13,-0.21,0.92,59.116,36.4418,-5.5988000000000016,175,75
2026-05-11 17:51:32.025,1,-1.42,0.04,1.09,48.136,-3.6781999999999986,-60.1088,175,75
2026-05-11 17:51:32.038,1,-1.04,0.32,1.14,36.556,1.501800000000003,-50.65880000000001,175,75
2026-05-11 17:51:32.049,1,-0.92,0.71,1.84,47.466,80.2218,-31.9388,175,75
2026-05-11 17:51:32.081,1,0.09,0.81,3.15,85.696,161.8718,-27.058800000000005,175,75
2026-05-11 17:51:32.092,1,0.45,0.64,4.01,50.816,-186.1782,-89.92880000000001,175,75
2026-05-11 17:51:32.104,1,0.16,0.86,3.49,84.726,-249.5382,-115.7788,175,75
2026-05-11 17:51:32.126,1,-7.55,0.98,0.16,-23.384,-685.7582,-299.9288,175,75
2026-05-11 17:51:32.161,1,-4.57,-1.83,-2.69,95.14599999999999,98.8218,120.44120000000001,175,75
2026-05-11 17:51:32.177,1,-0.04,-2.14,1.87,147.46599999999998,337.9618,22.761199999999995,175,75
2026-05-11 17:51:32.189,1,0.38,-10.75,1.33,1.6759999999999984,118.15180000000001,-30.348800000000004,175,75
2026-05-11 17:51:32.189,1,-0.24,-3.66,1.43,-55.214000000000006,2.7218000000000018,-87.42880000000001,175,75
2026-05-11 17:51:32.223,1,-0.32,-0.53,1.22,10.085999999999999,1.5618000000000016,-58.528800000000004,175,75
2026-05-11 17:51:32.244,1,-0.68,-0.43,1.32,-63.574000000000005,-78.6782,1.5411999999999981,175,75
2026-05-11 17:51:32.256,1,-0.86,-0.23,0.19,36.186,23.3918,-26.0888,175,75
2026-05-11 17:51:32.267,1,-1.14,-0.56,1.74,48.136,-0.20819999999999794,-19.068800000000003,175,75
2026-05-11 17:51:32.279,1,-1.12,-0.76,1.52,-36.374,-25.388199999999998,-19.678800000000003,175,75
2026-05-11 17:51:32.290,1,-1.08,-0.43,0.98,-25.034,-19.4682,-16.878800000000002,175,75
2026-05-11 17:51:32.312,1,-1.07,-0.71,1.62,10.575999999999999,-17.3982,-14.138800000000002,175,75
2026-05-11 17:51:32.324,1,-1.05,-0.71,1.24,-7.354000000000001,-29.288199999999996,-14.068800000000001,175,75
2026-05-11 17:51:32.356,1,-1.09,-0.82,1.4,36.366,-23.9882,-11.998800000000001,175,75
2026-05-11 17:51:32.370,1,-1.16,-0.84,1.28,35.086,-25.388199999999998,-19.678800000000003,175,75
2026-05-11 17:51:32.384,1,-1.25,-0.95,1.22,44.666000000000004,-17.518199999999997,-25.6588,175,75
2026-05-11 17:51:32.395,1,-1.26,-1.11,1.21,58.626,-5.688199999999998,-30.8988,175,75
2026-05-11 17:51:32.404,1,-1.29,-1.43,1.1,51.486,18.5718,-44.2588,175,75
2026-05-11 17:51:32.409,1,-1.12,-1.8,1.17,65.146,45.341800000000006,-49.2588,175,75
2026-05-11 17:51:32.423,1,-1.14,-2.14,1.15,95.20599999999999,130.1018,-73.0388,175,75
2026-05-11 17:51:32.434,1,-0.75,-2.05,1.09,42.896,53.3918,-44.8688,175,75
2026-05-11 17:51:32.445,1,-1.02,-1.31,1.25,3.9259999999999984,64.0618,-9.2588,175,75
2026-05-11 17:51:32.480,1,-1.8,-0.37,1.01,-39.794,-38.1282,53.6112,175,75
2026-05-11 17:51:32.558,1,-0.97,0.06,1.43,-75.40400000000001,50.1018,76.9012,175,75
2026-05-11 17:51:32.571,1,-0.85,0.18,1.66,-82.35400000000001,33.6318,73.9712,175,75
2026-05-11 17:51:32.571,1,-0.66,0.37,1.87,-88.57400000000001,19.1818,70.74119999999999,175,75
2026-05-11 17:51:32.582,1,-0.37,0.71,2.1,-82.164,5.591800000000003,62.21119999999999,175,75
2026-05-11 17:51:32.593,1,-0.11,0.91,2.28,-68.57400000000001,-9.778199999999998,47.3912,175,75
2026-05-11 17:51:32.617,1,0.2,1.12,2.46,-21.374000000000002,-15.628199999999998,-4.988800000000001,175,75
2026-05-11 17:51:32.628,1,0.25,1.15,2.52,9.845999999999998,-4.408199999999997,-30.538800000000002,175,75
2026-05-11 17:51:32.657,1,0.22,0.79,2.57,80.756,-28.868199999999998,-89.9888,175,75
2026-05-11 17:51:32.671,1,0.09,0.56,2.42,116.06599999999999,-52.2782,-120.6588,175,75
2026-05-11 17:51:32.682,1,-0.08,0.23,2.25,144.846,-68.12819999999999,-148.0388,175,75
2026-05-11 17:51:32.693,1,-0.21,-0.06,2.13,172.226,-79.4082,-172.6088,175,75
2026-05-11 17:51:32.721,1,-0.33,-0.48,2.3,243.926,-109.1682,-221.4488,175,75
2026-05-11 17:51:32.721,1,-0.43,-0.88,2.49,286.856,-147.8282,-238.4588,175,75
2026-05-11 17:51:32.733,1,-3.86,-2.55,2.01,331.916,-260.6882,-222.1788,175,75
2026-05-11 17:51:32.791,1,-0.76,-0.6,3.79,-27.164,138.7618,55.07119999999999,175,75
2026-05-11 17:51:32.801,1,-0.11,-1.43,2.2,-133.514,-289.4682,16.3512,175,75
2026-05-11 17:51:32.813,1,-1.62,-0.52,-0.04,-67.474,-266.2982,38.1812,175,75
2026-05-11 17:51:32.824,1,-1.4,-0.43,0.22,42.286,92.1118,48.6112,175,75
2026-05-11 17:51:32.842,1,-1.34,-0.86,2.06,50.696,-13.258199999999999,30.3812,175,75
2026-05-11 17:51:32.870,1,-1.15,-0.87,1.61,-0.3340000000000014,-22.888199999999998,3.911199999999999,175,75
2026-05-11 17:51:32.924,1,-1.17,-0.69,1.41,13.376,-13.618199999999998,-42.72880000000001,175,75
2026-05-11 17:51:32.948,1,-0.96,-0.72,1.48,28.805999999999997,-13.988199999999999,-44.6788,175,75
2026-05-11 17:51:32.948,1,-0.91,-0.82,1.37,40.635999999999996,-21.118199999999998,-48.338800000000006,175,75
2026-05-11 17:51:32.951,1,-1.0,-0.75,1.31,63.256,-14.898199999999997,-46.698800000000006,175,75
2026-05-11 17:51:32.983,1,-0.99,-0.78,1.34,82.09599999999999,-12.038199999999998,-49.3188,175,75
2026-05-11 17:51:32.983,1,-0.96,-0.83,1.39,99.116,-15.818199999999997,-53.948800000000006,175,75
2026-05-11 17:51:32.991,1,-1.02,-0.87,1.46,111.916,-18.9882,-58.3988,175,75
2026-05-11 17:51:33.016,1,-1.1,-0.88,1.53,120.886,-28.678199999999997,-68.1588,175,75
2026-05-11 17:51:33.016,1,-1.06,-0.94,1.59,127.226,-38.438199999999995,-75.4788,175,75
2026-05-11 17:51:33.036,1,-1.05,-0.97,1.61,129.846,-27.648199999999996,-83.39880000000001,175,75
2026-05-11 17:51:33.047,1,-0.98,-0.96,1.48,126.916,-1.6081999999999965,-89.1388,175,75
2026-05-11 17:51:33.047,1,-0.84,-0.98,1.47,126.48599999999999,17.841800000000003,-105.7188,175,75
2026-05-11 17:51:33.071,1,-0.92,-0.98,1.6,113.62599999999999,38.6318,-95.9588,175,75
2026-05-11 17:51:33.088,1,-1.1,-0.77,1.91,108.196,50.7718,-63.098800000000004,175,75
2026-05-11 17:51:33.099,1,-0.89,-0.56,2.01,26.186,44.311800000000005,-32.9788,175,75
2026-05-11 17:51:33.104,1,-0.73,-0.44,2.26,21.186,69.6718,-8.948800000000002,175,75
2026-05-11 17:51:33.130,1,-0.51,-0.46,2.47,-13.634000000000002,64.98179999999999,-2.9788000000000014,175,75
2026-05-11 17:51:33.140,1,-0.54,-0.26,1.91,-23.444000000000003,84.5518,-1.2088000000000019,175,75
2026-05-11 17:51:33.153,1,-0.84,-0.38,2.01,-0.2740000000000009,102.6618,22.4512,175,75
2026-05-11 17:51:33.174,1,-0.73,-0.73,2.93,19.055999999999997,78.5118,38.301199999999994,175,75
2026-05-11 17:51:33.240,1,-0.79,-0.87,1.84,-15.524000000000003,-5.018199999999998,24.521199999999993,175,75
2026-05-11 17:51:33.249,1,-1.04,-0.82,1.55,-14.794000000000002,-20.268199999999997,18.1212,175,75
2026-05-11 17:51:33.298,1,-0.89,-0.91,1.9,-5.034000000000001,11.261800000000001,8.1212,175,75
2026-05-11 17:51:33.344,1,-0.65,-0.89,1.91,-19.544000000000004,36.5018,18.9112,175,75
2026-05-11 17:51:33.344,1,-0.59,-0.87,2.04,-25.944000000000003,65.5318,29.2812,175,75
2026-05-11 17:51:33.359,1,-0.58,-0.97,2.09,-40.944,61.561800000000005,41.1112,175,75
2026-05-11 17:51:33.359,1,-0.76,-0.97,2.0,-61.074000000000005,70.0418,56.721199999999996,175,75
2026-05-11 17:51:33.399,1,-0.69,-1.57,2.05,-91.68400000000001,73.9418,76.0512,175,75
2026-05-11 17:51:33.411,1,0.09,-2.31,2.06,-135.464,87.2918,68.0612,175,75
2026-05-11 17:51:33.441,1,-0.33,-2.37,2.04,-154.544,42.6618,59.581199999999995,175,75
2026-05-11 17:51:33.466,1,-1.36,-2.07,0.54,-263.084,-39.2282,63.49119999999999,175,75
2026-05-11 17:51:33.466,1,-1.65,-1.56,0.05,-278.69399999999996,16.9918,57.57119999999999,175,75
2026-05-11 17:51:33.466,1,-1.9,-1.36,0.5,-180.464,73.6318,71.4112,175,75
2026-05-11 17:51:33.487,1,-1.0,-1.46,1.05,-120.154,43.821799999999996,70.2512,175,75
2026-05-11 17:51:33.487,1,-0.48,-1.18,1.32,-131.25400000000002,-2.458199999999998,56.661199999999994,175,75
2026-05-11 17:51:33.529,1,-0.75,-0.26,1.22,-121.624,-8.928199999999999,10.3212,175,75
2026-05-11 17:51:33.529,1,-0.59,-0.19,1.52,-116.434,-38.1282,-0.41880000000000095,175,75
2026-05-11 17:51:33.542,1,-0.67,0.13,1.51,-131.074,-61.7882,-19.498800000000003,175,75
2026-05-11 17:51:33.632,1,-0.66,0.43,1.79,-97.164,-57.218199999999996,-84.1388,175,75
2026-05-11 17:51:33.632,1,-0.66,0.37,1.85,-91.43400000000001,-59.59819999999999,-97.7288,175,75
2026-05-11 17:51:33.655,1,-0.76,0.26,1.93,-76.68400000000001,-40.6282,-91.3288,175,75
2026-05-11 17:51:33.666,1,-0.78,0.24,1.98,-73.994,-32.2782,-85.1088,175,75
2026-05-11 17:51:33.677,1,-0.82,0.14,1.99,-73.444,-29.3482,-82.8488,175,75
2026-05-11 17:51:33.677,1,-0.87,0.1,1.97,-70.15400000000001,-28.928199999999997,-81.9388,175,75
2026-05-11 17:51:33.695,1,-0.91,0.07,1.95,-61.553999999999995,-26.6682,-79.31880000000001,175,75
2026-05-11 17:51:33.709,1,-0.87,0.05,1.94,-45.824,-31.548199999999998,-72.9788,175,75
2026-05-11 17:51:33.720,1,-0.88,0.13,1.84,-42.224,-29.8382,-68.8888,175,75
2026-05-11 17:51:33.720,1,-0.9,0.17,1.83,-34.484,-25.208199999999998,-62.72880000000001,175,75
2026-05-11 17:51:33.781,1,-0.8,0.15,1.7,-20.214,-31.2382,-49.988800000000005,175,75
2026-05-11 17:51:33.781,1,-0.74,0.02,1.57,-21.863999999999997,-17.2182,-48.8888,175,75
2026-05-11 17:51:33.821,1,-0.6,0.2,2.17,-1.9240000000000013,-1.4281999999999968,-7.8488000000000016,175,75
2026-05-11 17:51:33.833,1,-0.29,0.24,2.23,-0.3340000000000014,-25.5082,-14.678800000000003,175,75
2026-05-11 17:51:33.833,1,-0.11,0.34,2.26,8.136,-13.188199999999998,-22.3088,175,75
2026-05-11 17:51:33.843,1,-2.65,-0.17,0.46,-111.254,-294.0482,40.5012,175,75
2026-05-11 17:51:33.869,1,-1.83,-5.64,6.48,217.46599999999998,687.1118,189.1612,175,75
2026-05-11 17:51:33.891,1,1.63,-4.92,3.33,-23.573999999999998,-43.3782,102.3312,175,75
2026-05-11 17:51:33.895,1,-2.61,-2.46,1.74,-36.434,1.5618000000000016,138.00119999999998,175,75
2026-05-11 17:51:33.913,1,-0.49,-1.65,0.33,-66.194,24.9218,65.8612,175,75
2026-05-11 17:51:33.929,1,-0.62,-0.81,-0.11,-15.884000000000002,-67.5782,72.5112,175,75
2026-05-11 17:51:33.940,1,-0.95,-0.31,0.12,-29.244,40.8318,73.7312,175,75
2026-05-11 17:51:33.940,1,-0.7,0.2,0.82,-107.29400000000001,33.8818,96.1712,175,75
2026-05-11 17:51:33.961,1,-0.8,1.36,1.64,-155.88400000000001,-5.878199999999998,107.0212,175,75
2026-05-11 17:51:33.962,1,-0.85,1.89,1.98,-133.69400000000002,-60.328199999999995,91.7812,175,75
2026-05-11 17:51:33.980,1,-1.31,1.03,1.0,-89.18400000000001,-96.29820000000001,86.4712,175,75
2026-05-11 17:51:33.992,1,-1.41,0.96,0.74,-57.294000000000004,-24.3482,96.2312,175,75
2026-05-11 17:51:34.010,1,-1.02,0.17,0.85,-36.984,-10.078199999999999,90.13119999999999,175,75
2026-05-11 17:51:34.023,1,-1.47,-0.77,0.8,-77.04400000000001,-113.7382,97.3912,175,75
2026-05-11 17:51:34.069,1,-1.39,0.44,0.62,-46.374,-102.6482,81.8412,175,75
2026-05-11 17:51:34.069,1,-2.09,-0.31,1.27,-22.414,-42.6482,9.1612,175,75
2026-05-11 17:51:34.101,1,-1.57,-0.38,0.59,66.916,23.091800000000003,-146.5688,175,75
2026-05-11 17:51:34.116,1,-1.49,-0.34,0.71,84.23599999999999,47.421800000000005,-157.6688,175,75
2026-05-11 17:51:34.174,1,-1.24,-0.35,1.0,86.306,46.201800000000006,-152.1788,175,75
2026-05-11 17:51:34.174,1,-1.03,-0.31,1.25,74.966,22.5418,-142.3088,175,75
2026-05-11 17:51:34.187,1,-1.02,-0.25,1.3,58.866,-0.5081999999999987,-132.1788,175,75
2026-05-11 17:51:34.199,1,-1.14,-0.14,1.23,55.456,-7.0981999999999985,-121.3888,175,75
2026-05-11 17:51:34.208,1,-1.21,0.04,1.36,72.226,10.651800000000001,-102.6088,175,75
2026-05-11 17:51:34.229,1,-1.2,-0.23,1.43,81.556,10.1018,-98.0988,175,75
2026-05-11 17:51:34.241,1,-1.26,-0.6,1.5,88.746,-2.578199999999999,-79.4988,175,75
2026-05-11 17:51:34.264,1,-1.29,-0.94,1.57,90.45599999999999,-28.868199999999998,-65.2888,175,75
2026-05-11 17:51:34.264,1,-1.26,-1.04,1.53,87.776,-45.6282,-61.5688,175,75
2026-05-11 17:51:34.279,1,-1.15,-1.1,1.41,83.076,-64.5382,-62.308800000000005,175,75
2026-05-11 17:51:34.290,1,-1.15,-1.06,1.16,73.136,-79.1682,-63.708800000000004,175,75
2026-05-11 17:51:34.301,1,-0.88,-0.95,0.78,54.536,-83.1882,-52.4288,175,75
2026-05-11 17:51:34.301,1,-0.9,-0.91,0.45,25.336,-99.04820000000001,-64.1388,175,75
2026-05-11 17:51:34.309,1,-1.31,-0.71,0.24,3.195999999999998,-63.5582,-57.7888,175,75
2026-05-11 17:51:34.323,1,-1.46,-0.64,0.43,-1.0740000000000016,-29.958199999999998,-38.3388,175,75
2026-05-11 17:51:34.333,1,-1.6,-0.51,0.77,10.335999999999999,-52.6482,-18.2188,175,75
2026-05-11 17:51:34.365,1,-1.96,-0.77,0.85,-25.333999999999996,-90.3282,15.561199999999998,175,75
2026-05-11 17:51:34.365,1,-1.66,-0.49,0.92,-55.824000000000005,-43.1282,25.321199999999997,175,75
2026-05-11 17:51:34.387,1,-1.41,-0.24,1.03,-108.32400000000001,25.161800000000003,43.8512,175,75
2026-05-11 17:51:34.417,1,-0.72,-0.03,1.57,-87.35400000000001,56.321799999999996,61.1712,175,75
2026-05-11 17:51:34.440,1,-0.59,0.06,1.77,-89.304,33.51180000000001,60.68119999999999,175,75
2026-05-11 17:51:34.441,1,-0.55,0.11,1.91,-101.43400000000001,4.3718,58.7912,175,75
2026-05-11 17:51:34.462,1,-0.49,0.2,1.98,-106.614,-18.0082,57.21119999999999,175,75
2026-05-11 17:51:34.474,1,-0.39,0.29,2.09,-98.694,-29.1682,52.4512,175,75
2026-05-11 17:51:34.487,1,-0.26,0.27,2.35,-82.10400000000001,-28.1282,47.4512,175,75
2026-05-11 17:51:34.487,1,-0.15,0.23,2.51,-77.04400000000001,-51.48819999999999,42.691199999999995,175,75
2026-05-11 17:51:34.499,1,-0.01,0.36,2.58,-68.144,-56.48819999999999,29.711199999999998,175,75
2026-05-11 17:51:34.499,1,0.25,0.4,2.79,-39.974,-37.158199999999994,11.7812,175,75
2026-05-11 17:51:34.518,1,0.48,0.38,2.89,-20.884,-23.798199999999998,-10.538800000000002,175,75
2026-05-11 17:51:34.564,1,0.42,0.43,3.2,8.806,-32.158199999999994,-35.8388,175,75
2026-05-11 17:51:34.576,1,-9.58,2.15,-0.41,-118.144,-549.0482,-95.7788,175,75
2026-05-11 17:51:34.576,1,-11.23,2.14,-4.89,39.966,-792.8882,35.5612,175,75
2026-05-11 17:51:34.586,1,7.48,-11.17,-6.28,418.62600000000003,614.5518,273.2412,175,75
2026-05-11 17:51:34.607,1,-2.94,-1.48,2.93,-87.04400000000001,257.4818,121.1112,175,75
2026-05-11 17:51:34.631,1,-0.93,-0.32,1.11,-148.63400000000001,-47.9482,0.19119999999999848,175,75
2026-05-11 17:51:34.644,1,-1.44,-0.05,0.54,-98.81400000000001,-41.298199999999994,19.581199999999995,175,75
2026-05-11 17:51:34.654,1,-0.96,0.62,0.91,-53.99399999999999,-31.118199999999998,75.6212,175,75
2026-05-11 17:51:34.666,1,-1.29,0.51,1.07,9.966,-29.228199999999998,91.1712,175,75
2026-05-11 17:51:34.666,1,-1.9,0.3,1.19,-11.434000000000003,-43.188199999999995,89.0412,175,75
2026-05-11 17:51:34.696,1,-1.99,0.24,0.5,6.185999999999999,5.221800000000002,33.2412,175,75
2026-05-11 17:51:34.733,1,-1.55,-0.83,1.1,48.506,69.4918,-108.3388,175,75
2026-05-11 17:51:34.744,1,-1.31,-0.95,1.08,41.065999999999995,42.781800000000004,-98.5888,175,75
2026-05-11 17:51:34.755,1,-1.29,-0.84,0.97,22.345999999999997,24.371800000000004,-81.9988,175,75
2026-05-11 17:51:34.766,1,-1.33,-0.58,0.95,11.306,23.331800000000005,-65.2288,175,75
2026-05-11 17:51:34.777,1,-1.27,-0.39,1.07,0.945999999999998,23.761800000000004,-57.488800000000005,175,75
2026-05-11 17:51:34.788,1,-1.37,-0.13,1.33,1.065999999999999,41.1318,-53.8288,175,75
2026-05-11 17:51:34.815,1,-1.34,0.08,1.59,6.615999999999999,15.221800000000005,-23.6488,175,75
2026-05-11 17:51:34.826,1,-1.32,0.11,1.51,25.945999999999998,19.3118,-44.1388,175,75
2026-05-11 17:51:34.826,1,-1.08,0.11,1.36,36.065999999999995,11.741800000000001,-37.9788,175,75
2026-05-11 17:51:34.838,1,-1.14,-0.32,1.23,52.706,-9.468199999999998,-41.6988,175,75
2026-05-11 17:51:34.868,1,-1.24,-2.06,0.95,74.056,-9.108199999999998,-33.0388,175,75
2026-05-11 17:51:34.918,1,-1.78,-0.69,0.63,87.95599999999999,-78.2582,-55.7188,175,75
2026-05-11 17:51:34.935,1,-1.69,-0.12,0.53,44.176,5.6518000000000015,-40.958800000000004,175,75
2026-05-11 17:51:34.940,1,-1.69,0.58,0.93,39.056,45.2218,-31.2688,175,75
2026-05-11 17:51:34.956,1,-0.8,1.47,1.72,83.806,199.7318,-24.0088,175,75
2026-05-11 17:51:34.967,1,0.23,1.26,3.06,168.016,360.3418,-65.7188,175,75
2026-05-11 17:51:34.967,1,0.34,0.87,3.85,143.316,278.1518,-83.7688,175,75
2026-05-11 17:51:34.982,1,0.51,0.98,3.4,171.486,135.2218,-88.1588,175,75
2026-05-11 17:51:35.006,1,0.71,1.19,3.5,227.166,116.62180000000001,-88.9488,175,75
2026-05-11 17:51:35.020,1,1.24,0.45,3.52,253.86599999999999,31.6818,-104.67880000000001,175,75
2026-05-11 17:51:35.032,1,1.33,1.36,3.53,287.286,-25.2682,-142.4288,175,75
2026-05-11 17:51:35.042,1,-0.19,0.61,1.61,219.296,-298.6782,-151.7588,175,75
2026-05-11 17:51:35.056,1,-10.36,5.32,-1.2,129.846,-578.3782,-568.5287999999999,175,75
2026-05-11 17:51:35.084,1,0.28,-2.35,4.57,192.406,397.6018,-18.708800000000004,175,75
2026-05-11 17:51:35.126,1,-1.04,0.55,1.62,-137.22400000000002,-27.3382,51.3512,175,75
2026-05-11 17:51:35.126,1,-0.56,0.05,0.82,-77.534,-105.9982,22.821199999999997,175,75
2026-05-11 17:51:35.136,1,-1.09,-0.33,0.02,5.205999999999999,-85.5682,-5.658800000000001,175,75
2026-05-11 17:51:35.152,1,-1.52,-0.55,1.0,105.276,14.061800000000002,-17.5488,175,75
2026-05-11 17:51:35.162,1,-1.41,-0.7,1.9,125.39599999999999,54.311800000000005,-24.5588,175,75
2026-05-11 17:51:35.177,1,-1.1,-0.82,2.33,98.746,40.4618,-25.8988,175,75
2026-05-11 17:51:35.188,1,-1.02,-0.96,2.15,36.976,-24.108199999999997,-25.348800000000004,175,75
2026-05-11 17:51:35.198,1,-1.12,-0.71,1.57,12.466,-56.968199999999996,-26.1488,175,75
2026-05-11 17:51:35.217,1,-1.21,-0.81,1.49,57.036,-19.838199999999997,-34.9288,175,75
2026-05-11 17:51:35.275,1,-1.16,-0.82,1.37,51.976,-30.6282,-48.2188,175,75
2026-05-11 17:51:35.275,1,-1.24,-0.78,1.44,67.346,-24.1682,-51.3888,175,75
2026-05-11 17:51:35.286,1,-1.19,-0.78,1.54,74.846,-18.318199999999997,-58.338800000000006,175,75
2026-05-11 17:51:35.375,1,-1.09,-0.94,1.55,101.916,-36.1782,-72.1788,175,75
2026-05-11 17:51:35.375,1,-1.1,-0.94,1.59,101.06599999999999,-17.0382,-79.1388,175,75
2026-05-11 17:51:35.388,1,-0.97,-1.06,1.58,92.586,8.9418,-86.75880000000001,175,75
2026-05-11 17:51:35.397,1,-0.96,-1.02,1.61,75.696,23.511800000000004,-84.31880000000001,175,75
2026-05-11 17:51:35.397,1,-0.8,-1.06,1.67,57.706,46.3818,-79.3788,175,75
2026-05-11 17:51:35.409,1,-0.82,-0.73,1.82,44.476,68.3318,-70.1688,175,75
2026-05-11 17:51:35.420,1,-0.59,-0.66,2.21,52.036,62.6618,-80.7188,175,75
2026-05-11 17:51:35.420,1,-0.89,-0.57,2.27,24.176,26.621800000000004,-43.0388,175,75
2026-05-11 17:51:35.430,1,-0.78,-0.42,2.2,5.875999999999999,0.7118000000000002,-16.0288,175,75
2026-05-11 17:51:35.458,1,-0.83,-0.5,2.07,-12.224000000000002,-34.8982,7.821199999999999,175,75
2026-05-11 17:51:35.458,1,-0.9,-0.25,1.98,-31.744,-37.3382,31.661199999999994,175,75
2026-05-11 17:51:35.468,1,-0.78,0.08,1.85,-34.544,-77.09819999999999,34.1012,175,75
2026-05-11 17:51:35.478,1,-1.13,-0.11,1.73,-41.254,-78.5582,42.081199999999995,175,75
2026-05-11 17:51:35.489,1,-1.87,0.26,2.55,64.116,33.51180000000001,50.7412,175,75
2026-05-11 17:51:35.542,1,-1.47,-0.26,2.84,4.2959999999999985,52.0518,41.9612,175,75
2026-05-11 17:51:35.555,1,-0.52,-1.34,1.98,-33.994,95.7118,29.9512,175,75
2026-05-11 17:51:35.567,1,-0.63,-2.26,0.89,-86.804,-113.79820000000001,26.051199999999994,175,75
2026-05-11 17:51:35.579,1,-0.81,-2.01,1.18,-22.534,-49.048199999999994,69.2812,175,75
2026-05-11 17:51:35.589,1,-0.8,-1.28,1.54,5.635999999999998,58.09179999999999,72.9412,175,75
2026-05-11 17:51:35.603,1,-1.04,-0.97,1.98,-35.884,14.491800000000001,72.6912,175,75
2026-05-11 17:51:35.617,1,-1.26,-0.88,1.93,-36.374,37.3518,59.6512,175,75
2026-05-11 17:51:35.635,1,-1.26,-0.98,2.17,-50.884,61.261799999999994,58.43119999999999,175,75
2026-05-11 17:51:35.647,1,-1.24,-1.08,2.28,-71.31400000000001,61.1318,62.331199999999995,175,75
2026-05-11 17:51:35.669,1,-0.66,-2.52,1.69,-97.164,122.2918,81.1712,175,75
2026-05-11 17:51:35.678,1,-0.47,-2.91,1.83,-67.774,184.8518,82.7512,175,75
2026-05-11 17:51:35.691,1,-0.41,-3.34,2.0,-87.35400000000001,290.6518,75.1912,175,75
2026-05-11 17:51:35.703,1,-0.77,-2.63,1.72,-151.13400000000001,261.6218,63.301199999999994,175,75
2026-05-11 17:51:35.729,1,-1.01,-0.75,1.8,-191.074,114.61179999999999,120.62119999999999,175,75
2026-05-11 17:51:35.740,1,-1.63,-0.57,1.49,-156.684,-12.6482,57.1512,175,75
2026-05-11 17:51:35.765,1,-1.87,-1.25,0.42,-135.334,-10.628199999999998,76.7812,175,75
2026-05-11 17:51:35.794,1,-1.12,-0.05,0.54,-120.094,67.4218,75.5612,175,75
2026-05-11 17:51:35.821,1,-1.09,0.13,0.75,-103.93400000000001,109.1818,41.6012,175,75
2026-05-11 17:51:35.842,1,-0.8,0.35,0.99,-87.414,102.1718,29.581199999999995,175,75
2026-05-11 17:51:35.867,1,-0.56,0.6,1.14,-105.944,54.311800000000005,3.121199999999998,175,75
2026-05-11 17:51:35.867,1,-0.58,0.66,1.11,-113.144,44.671800000000005,-11.938800000000002,175,75
2026-05-11 17:51:35.883,1,-0.63,0.6,1.22,-107.71400000000001,45.1018,-44.378800000000005,175,75
2026-05-11 17:51:35.909,1,-0.55,0.51,1.41,-113.26400000000001,33.9418,-67.1188,175,75
2026-05-11 17:51:35.919,1,-0.53,0.52,1.44,-108.51400000000001,30.651800000000005,-76.56880000000001,175,75
2026-05-11 17:51:35.961,1,-0.48,0.44,1.58,-99.724,20.591800000000003,-97.9188,175,75
2026-05-11 17:51:35.975,1,-0.43,0.3,1.75,-77.59400000000001,-13.378199999999998,-128.3988,175,75
2026-05-11 17:51:36.029,1,-0.43,0.22,1.84,-53.814,-40.8782,-152.3088,175,75
2026-05-11 17:51:36.105,1,-0.3,0.11,1.92,-23.753999999999998,-76.2982,-181.3288,175,75
2026-05-11 17:51:36.117,1,-0.24,0.05,1.92,-6.3740000000000006,-97.15820000000001,-197.4288,175,75
2026-05-11 17:51:36.130,1,-0.26,0.01,1.94,12.895999999999999,-112.51820000000001,-213.5888,175,75
2026-05-11 17:51:36.149,1,-0.28,-0.02,2.11,38.866,-131.60819999999998,-222.7888,175,75
2026-05-11 17:51:36.149,1,-0.31,-0.28,2.68,93.01599999999999,-201.1782,-246.3288,175,75
2026-05-11 17:51:36.161,1,-0.41,-0.48,2.77,102.586,-243.8682,-258.8888,175,75
2026-05-11 17:51:36.165,1,-0.66,-0.76,2.7,108.076,-297.7082,-277.0588,175,75
2026-05-11 17:51:36.194,1,-0.68,-1.26,2.99,136.006,-315.7582,-298.6488,175,75
2026-05-11 17:51:36.201,1,-0.68,-1.73,3.19,150.456,-347.1582,-313.7088,175,75
2026-05-11 17:51:36.212,1,-1.02,-1.98,3.29,164.11599999999999,-375.3882,-324.8088,175,75
2026-05-11 17:51:36.223,1,-0.68,-5.15,-5.41,145.08599999999998,-142.2182,1262.3912,175,75
2026-05-11 17:51:36.252,1,2.75,-2.68,5.27,188.566,-114.3482,-17.9788,175,75
2026-05-11 17:51:36.295,1,-1.44,-1.02,-0.7,78.31599999999999,-58.37819999999999,-62.5488,175,75
2026-05-11 17:51:36.318,1,-0.79,-1.16,1.86,187.77599999999998,97.0518,-53.8888,175,75
2026-05-11 17:51:36.330,1,-0.95,-1.25,1.52,109.966,-35.8782,-89.9888,175,75
2026-05-11 17:51:36.352,1,-1.09,-1.0,1.26,113.68599999999999,-35.3882,-102.11880000000001,175,75
2026-05-11 17:51:36.367,1,-1.09,-0.92,1.34,129.666,17.1718,-120.28880000000001,175,75
2026-05-11 17:51:36.413,1,-1.01,-0.84,1.59,123.31599999999999,16.381800000000002,-106.14880000000001,175,75
2026-05-11 17:51:36.424,1,-0.9,-0.84,1.63,111.42599999999999,4.551800000000004,-92.5488,175,75
2026-05-11 17:51:36.424,1,-0.86,-0.77,1.53,99.476,7.601800000000001,-91.9388,175,75
2026-05-11 17:51:36.450,1,-0.98,-0.63,1.49,93.56599999999999,17.901800000000005,-86.2688,175,75
2026-05-11 17:51:36.473,1,-0.93,-0.62,1.81,86.556,3.9418000000000006,-65.6588,175,75
2026-05-11 17:51:36.473,1,-0.91,-0.56,1.88,77.40599999999999,-1.4281999999999968,-57.918800000000005,175,75
2026-05-11 17:51:36.497,1,-0.76,-0.66,2.02,36.796,39.311800000000005,-21.698800000000002,175,75
2026-05-11 17:51:36.508,1,-0.66,-0.78,2.19,27.775999999999996,47.0518,-13.458800000000002,175,75
2026-05-11 17:51:36.508,1,-0.59,-0.89,2.39,16.246,43.031800000000004,-4.138800000000002,175,75
2026-05-11 17:51:36.519,1,-0.43,-1.02,2.45,-8.144,9.181800000000003,6.171199999999997,175,75
2026-05-11 17:51:36.530,1,-0.37,-1.13,2.31,-33.694,-24.1682,9.4612,175,75
2026-05-11 17:51:36.540,1,-0.46,-1.23,2.0,-64.244,-35.8782,14.341199999999999,175,75
2026-05-11 17:51:36.540,1,-0.57,-1.24,1.86,-88.51400000000001,-22.5182,21.721199999999996,175,75
2026-05-11 17:51:36.563,1,-0.73,-1.09,1.96,-118.814,4.851800000000001,43.0012,175,75
2026-05-11 17:51:36.577,1,-0.95,-1.05,1.98,-114.18400000000001,19.7918,52.941199999999995,175,75
2026-05-11 17:51:36.577,1,-1.31,-1.23,1.67,-109.18400000000001,47.7218,52.6312,175,75
2026-05-11 17:51:36.591,1,-2.46,-1.33,0.9,-105.334,114.8518,58.301199999999994,175,75
2026-05-11 17:51:36.615,1,-2.6,-1.25,0.72,-117.41400000000002,229.0618,90.38119999999999,175,75
2026-05-11 17:51:36.637,1,-1.1,-0.7,2.64,-4.304000000000002,132.1118,146.9012,175,75
2026-05-11 17:51:36.637,1,-0.81,-0.34,2.15,-59.913999999999994,-55.938199999999995,130.1312,175,75
2026-05-11 17:51:36.677,1,-0.43,1.39,1.42,-43.384,-101.54820000000001,44.34119999999999,175,75
2026-05-11 17:51:36.688,1,-2.26,1.11,1.6,19.296,-103.7382,23.0612,175,75
2026-05-11 17:51:36.700,1,-3.99,-0.67,2.52,-7.294000000000002,0.8318000000000012,-5.898800000000001,175,75
2026-05-11 17:51:36.711,1,-0.5,-1.59,2.92,41.486,43.031800000000004,0.8011999999999979,175,75
2026-05-11 17:51:36.753,1,-0.94,-1.58,0.85,-62.104000000000006,-122.7082,-18.948800000000002,175,75
2026-05-11 17:51:36.780,1,-0.93,-1.33,0.49,-54.794000000000004,-44.7782,-15.168800000000001,175,75
2026-05-11 17:51:36.785,1,-1.03,-1.11,1.02,-38.934,-3.618199999999998,-15.658800000000001,175,75
2026-05-11 17:51:36.799,1,-1.09,-0.8,1.93,-31.744,38.031800000000004,-2.368800000000002,175,75
2026-05-11 17:51:36.812,1,-1.31,-0.7,1.2,-46.374,-63.73819999999999,-3.8888000000000016,175,75
2026-05-11 17:51:36.836,1,-1.32,-0.82,1.43,22.036,8.2118,-42.1188,175,75
2026-05-11 17:51:36.847,1,-1.28,-0.8,1.56,30.086,8.451800000000002,-48.278800000000004,175,75
2026-05-11 17:51:36.858,1,-1.21,-0.84,1.49,35.946,4.1218,-55.22880000000001,175,75
2026-05-11 17:51:36.936,1,-1.14,-0.91,1.36,42.466,-1.8481999999999985,-64.2588,175,75
2026-05-11 17:51:36.945,1,-1.13,-0.9,1.43,52.286,5.831800000000001,-68.7088,175,75
2026-05-11 17:51:36.956,1,-1.17,-0.95,1.58,58.746,7.541800000000002,-73.0988,175,75
2026-05-11 17:51:36.981,1,-1.14,-1.11,1.66,62.706,7.481800000000003,-79.06880000000001,175,75
2026-05-11 17:51:36.981,1,-1.12,-1.3,1.74,63.016,28.8218,-85.3488,175,75
2026-05-11 17:51:36.981,1,-1.12,-1.62,1.82,77.836,112.7218,-137.6088,175,75
2026-05-11 17:51:36.981,1,-0.84,-1.34,1.98,55.456,93.45179999999999,-130.2288,175,75
2026-05-11 17:51:36.997,1,-0.88,-1.17,2.11,-7.714,8.391800000000003,-50.47880000000001,175,75
2026-05-11 17:51:37.011,1,-0.8,-0.99,1.91,-42.714,-3.6781999999999986,8.431199999999999,175,75
2026-05-11 17:51:37.011,1,-0.81,-0.65,2.04,-64.60400000000001,17.661800000000003,48.971199999999996,175,75
2026-05-11 17:51:37.023,1,-0.46,-0.0,2.28,-76.31400000000001,-24.468199999999996,58.0012,175,75
2026-05-11 17:51:37.035,1,-0.54,0.18,1.94,-53.63399999999999,-108.7382,10.381199999999998,175,75
2026-05-11 17:51:37.046,1,-0.47,0.35,1.45,-59.114,-143.0082,2.881199999999998,175,75
2026-05-11 17:51:37.046,1,-0.02,0.68,2.45,6.915999999999999,-74.2282,38.3612,175,75
2026-05-11 17:51:37.061,1,0.44,0.43,3.77,20.756,-189.5382,5.1911999999999985,175,75
2026-05-11 17:51:37.061,1,-0.22,0.17,3.78,81.616,-361.8482,-62.97880000000001,175,75
2026-05-11 17:51:37.094,1,-6.28,1.29,-3.17,37.646,-245.2082,27.211199999999998,175,75
2026-05-11 17:51:37.108,1,0.37,-2.53,-2.18,135.576,421.9318,39.7112,175,75
2026-05-11 17:51:37.108,1,-0.41,-0.8,3.15,183.566,546.2018,36.9612,175,75
2026-05-11 17:51:37.120,1,-1.03,-1.12,3.43,46.856,0.34180000000000277,28.001199999999997,175,75
2026-05-11 17:51:37.150,1,-0.31,-1.63,1.31,-25.583999999999996,40.1018,45.7412,175,75
2026-05-11 17:51:37.162,1,-0.51,-1.32,1.5,-34.184,15.7118,55.32119999999999,175,75
2026-05-11 17:51:37.212,1,-1.24,-0.46,1.59,-12.904000000000002,0.6518000000000015,56.7812,175,75
2026-05-11 17:51:37.212,1,-1.38,-0.51,1.58,4.535999999999999,9.921800000000001,41.231199999999994,175,75
2026-05-11 17:51:37.223,1,-1.4,-0.75,1.7,17.406,23.5718,18.361199999999997,175,75
2026-05-11 17:51:37.234,1,-1.47,-0.85,1.69,21.915999999999997,6.261800000000001,-1.448800000000002,175,75
2026-05-11 17:51:37.244,1,-1.25,-0.86,1.55,31.125999999999998,5.4018000000000015,-33.7688,175,75
2026-05-11 17:51:37.244,1,-1.17,-0.91,1.57,40.756,1.9318000000000026,-45.7188,175,75
2026-05-11 17:51:37.269,1,-1.04,-1.08,1.56,49.536,2.171800000000001,-54.1388,175,75
2026-05-11 17:51:37.315,1,-0.82,-1.38,1.61,50.146,-1.9081999999999972,-60.65880000000001,175,75
2026-05-11 17:51:37.337,1,-0.48,-1.87,1.86,6.365999999999999,24.4918,-33.9488,175,75
2026-05-11 17:51:37.352,1,-0.37,-2.13,2.06,-49.424,91.1318,-15.3488,175,75
2026-05-11 17:51:37.363,1,-0.2,-2.64,2.61,-84.48400000000001,163.2118,-6.878800000000002,175,75
2026-05-11 17:51:37.374,1,0.02,-1.81,3.14,-122.834,256.9318,42.761199999999995,175,75
2026-05-11 17:51:37.384,1,-0.07,-1.83,3.82,-100.334,260.7718,32.8812,175,75
2026-05-11 17:51:37.413,1,-0.43,0.17,2.83,-85.15400000000001,-4.838199999999999,1.4111999999999991,175,75
2026-05-11 17:51:37.435,1,2.31,1.73,5.65,78.386,134.0618,-115.4188,175,75
2026-05-11 17:51:37.442,1,1.42,2.0,4.95,241.736,4.921800000000001,-190.4788,175,75
2026-05-11 17:51:37.454,1,0.06,-0.54,3.42,468.37600000000003,51.7418,-317.1788,175,75
2026-05-11 17:51:37.464,1,-0.32,-1.38,3.13,530.756,55.7718,-345.9588,175,75
2026-05-11 17:51:37.487,1,-1.98,-7.68,2.96,470.576,18.151800000000005,-340.7788,175,75
2026-05-11 17:51:37.498,1,-1.42,-4.95,2.29,502.836,-85.7582,-312.3688,175,75
2026-05-11 17:51:37.511,1,-2.71,-4.69,1.63,520.336,-118.5582,-228.9488,175,75
2026-05-11 17:51:37.526,1,-2.62,-4.12,0.38,412.036,-54.8982,-178.7688,175,75
2026-05-11 17:51:37.540,1,-2.56,-2.3,-1.03,236.186,151.9318,-97.78880000000001,175,75
2026-05-11 17:51:37.551,1,-2.68,-0.85,-0.25,138.446,333.1518,-17.3088,175,75
2026-05-11 17:51:37.576,1,-2.08,-1.9,1.52,-45.884,322.4218,140.0112,175,75
2026-05-11 17:51:37.586,1,-1.75,-2.74,1.47,-101.614,192.3518,180.0712,175,75
2026-05-11 17:51:37.597,1,-1.88,-3.17,1.12,-165.334,139.7318,220.50119999999998,175,75
2026-05-11 17:51:37.617,1,-1.7,-3.09,0.97,-217.594,127.7218,240.7412,175,75
2026-05-11 17:51:37.617,1,-1.8,-2.87,1.06,-249.304,123.70179999999999,262.2712,175,75
2026-05-11 17:51:37.627,1,-1.62,-2.7,1.29,-249.854,89.8518,265.0112,175,75
2026-05-11 17:51:37.650,1,-1.34,-1.8,1.45,-249.054,-30.3282,261.7212,175,75
2026-05-11 17:51:37.664,1,-1.21,-1.3,1.25,-252.104,-70.9382,258.9712,175,75
2026-05-11 17:51:37.675,1,-1.23,-0.81,0.97,-239.66400000000002,-85.3882,263.2412,175,75
2026-05-11 17:51:37.687,1,-1.0,-0.35,0.93,-212.354,-34.9582,263.5512,175,75
2026-05-11 17:51:37.687,1,-0.66,-0.16,1.02,-195.704,5.7118,261.4712,175,75
2026-05-11 17:51:37.699,1,-0.46,-0.02,1.08,-186.434,28.0318,251.4112,175,75
2026-05-11 17:51:37.730,1,-0.0,0.07,1.45,-183.934,106.1318,224.0412,175,75
2026-05-11 17:51:37.767,1,0.89,0.21,2.67,-163.264,84.7918,147.2112,175,75
2026-05-11 17:51:37.784,1,0.97,0.06,2.71,-158.514,18.091800000000003,112.21119999999999,175,75
2026-05-11 17:51:37.799,1,0.77,-0.02,2.69,-154.794,-33.9282,83.49119999999999,175,75
2026-05-11 17:51:37.799,1,0.64,-0.02,2.68,-146.554,-51.7282,68.6712,175,75
2026-05-11 17:51:37.836,1,-0.12,-0.02,2.64,-80.644,-55.1482,15.261199999999997,175,75
2026-05-11 17:51:37.861,1,-0.74,-0.25,2.27,9.535999999999998,63.821799999999996,-16.1488,175,75
2026-05-11 17:51:37.895,1,-0.63,-0.7,2.44,43.076,128.27179999999998,-50.778800000000004,175,75
2026-05-11 17:51:37.907,1,-0.88,-0.88,2.43,44.966,88.2118,-78.3388,175,75
2026-05-11 17:51:37.918,1,-1.18,-0.94,2.14,43.016,65.2818,-88.8288,175,75
2026-05-11 17:51:37.929,1,-1.53,-1.08,1.99,36.486,65.34179999999999,-90.4188,175,75
2026-05-11 17:51:37.951,1,-1.63,-0.9,1.53,79.666,80.1018,-92.9788,175,75
2026-05-11 17:51:37.991,1,-1.27,-1.13,1.67,36.676,33.15180000000001,-113.5288,175,75
2026-05-11 17:51:38.003,1,-1.3,-1.16,1.59,27.836,8.571800000000003,-116.6388,175,75
2026-05-11 17:51:38.032,1,-1.38,-1.26,1.37,16.305999999999997,-18.9882,-124.5588,175,75
2026-05-11 17:51:38.044,1,-1.45,-1.23,1.27,6.125999999999999,-35.8182,-116.56880000000001,175,75
2026-05-11 17:51:38.056,1,-1.53,-1.13,1.25,-15.584000000000001,-36.6682,-107.3088,175,75
2026-05-11 17:51:38.091,1,-1.52,-0.95,1.71,-35.884,-69.34819999999999,-77.36880000000001,175,75
2026-05-11 17:51:38.104,1,-1.51,-0.92,1.69,-39.114,-75.1482,-70.7788,175,75
2026-05-11 17:51:38.130,1,-1.47,-0.8,1.65,-42.653999999999996,-58.678200000000004,-52.6088,175,75
2026-05-11 17:51:38.140,1,-1.38,-0.76,1.69,-42.224,-30.4482,-42.918800000000005,175,75
2026-05-11 17:51:38.211,1,-0.28,-0.0,2.83,17.646,-11.428199999999997,-33.8888,175,75
2026-05-11 17:51:38.233,1,0.0,0.21,2.99,29.356,-63.12819999999999,-50.8988,175,75
2026-05-11 17:51:38.233,1,0.07,0.44,3.01,49.236,-131.9682,-89.00880000000001,175,75
2026-05-11 17:51:38.243,1,0.03,0.69,2.91,86.006,-160.0182,-123.7688,175,75
2026-05-11 17:51:38.253,1,-0.09,0.46,2.61,121.79599999999999,-172.4582,-160.8388,175,75
2026-05-11 17:51:38.265,1,-0.23,0.33,2.42,148.076,-148.3782,-184.3788,175,75
2026-05-11 17:51:38.265,1,-0.27,0.16,2.37,174.356,-115.3882,-205.4788,175,75
2026-05-11 17:51:38.285,1,-0.33,-0.05,2.37,202.77599999999998,-102.0982,-225.5388,175,75
2026-05-11 17:51:38.300,1,-0.33,-0.31,2.31,231.006,-109.1082,-242.3688,175,75
2026-05-11 17:51:38.312,1,-0.5,-0.39,2.2,243.136,-120.9982,-244.8688,175,75
2026-05-11 17:51:38.323,1,-0.56,-0.61,1.88,251.426,-113.9882,-245.1088,175,75
2026-05-11 17:51:38.333,1,-0.73,-1.03,1.59,250.456,-110.3282,-258.0388,175,75
2026-05-11 17:51:38.333,1,-0.75,-1.45,1.4,246.676,-99.7782,-276.0288,175,75
2026-05-11 17:51:38.356,1,-1.28,-2.4,0.94,191.55599999999998,-63.678200000000004,-258.0988,175,75
2026-05-11 17:51:38.379,1,-1.83,-2.65,1.47,89.53599999999999,-36.6682,-110.89880000000001,175,75
2026-05-11 17:51:38.389,1,-1.49,-1.81,1.58,10.275999999999998,-95.6282,-74.6188,175,75
2026-05-11 17:51:38.421,1,-1.95,-1.89,0.56,-161.13400000000001,-204.5982,39.651199999999996,175,75
2026-05-11 17:51:38.433,1,-1.95,-1.87,0.71,-196.984,-131.3682,86.6612,175,75
2026-05-11 17:51:38.443,1,-1.79,-1.84,1.01,-206.014,-59.658199999999994,128.6112,175,75
2026-05-11 17:51:38.465,1,-1.86,-2.36,1.12,-237.354,-26.118199999999998,173.4912,175,75
2026-05-11 17:51:38.502,1,-2.23,-2.36,1.02,-285.524,134.8518,222.3912,175,75
2026-05-11 17:51:38.511,1,-2.15,-2.37,1.41,-304.604,134.3718,231.9612,175,75
2026-05-11 17:51:38.524,1,-2.05,-2.22,1.6,-325.464,98.2718,238.7912,175,75
2026-05-11 17:51:38.529,1,-1.96,-1.85,1.64,-333.81399999999996,65.1018,242.3912,175,75
2026-05-11 17:51:38.542,1,-1.54,-1.29,1.68,-329.914,31.871800000000004,254.34120000000001,175,75
2026-05-11 17:51:38.556,1,-1.24,-0.82,1.84,-308.69399999999996,-4.658199999999997,263.4312,175,75
2026-05-11 17:51:38.568,1,-0.86,-0.46,2.09,-274.544,-32.578199999999995,273.4912,175,75
2026-05-11 17:51:38.575,1,-0.25,-0.13,2.48,-253.754,-49.2282,266.2912,175,75
2026-05-11 17:51:38.604,1,0.6,2.34,3.51,-178.144,-132.0382,200.9912,175,75
2026-05-11 17:51:38.616,1,-0.24,2.14,3.54,-98.384,-192.9482,173.00119999999998,175,75
2026-05-11 17:51:38.628,1,-1.11,0.06,1.68,-38.514,-348.3782,81.4712,175,75
2026-05-11 17:51:38.638,1,2.35,-0.77,0.61,21.855999999999998,-151.6082,49.9512,175,75
2026-05-11 17:51:38.649,1,0.7,-3.72,1.91,97.28599999999999,225.6518,-71.2688,175,75
2026-05-11 17:51:38.661,1,2.34,-11.14,4.28,258.016,347.4818,53.0612,175,75
2026-05-11 17:51:38.673,1,0.01,-5.66,4.79,137.286,-30.388199999999998,-38.6488,175,75
2026-05-11 17:51:38.751,1,-0.61,-1.73,0.52,-122.904,-151.3682,-28.2188,175,75
2026-05-11 17:51:38.775,1,-1.33,-0.88,0.9,14.116,-6.668199999999999,-19.4388,175,75
2026-05-11 17:51:38.786,1,-1.36,-0.8,1.37,27.705999999999996,21.5618,-25.538800000000002,175,75
2026-05-11 17:51:38.828,1,-1.51,-1.19,1.87,30.086,28.091800000000003,-43.278800000000004,175,75
2026-05-11 17:51:38.839,1,-1.36,-1.21,1.69,14.966,16.5618,-57.668800000000005,175,75
2026-05-11 17:51:38.850,1,-0.45,-1.49,2.2,80.276,138.3918,-53.948800000000006,175,75
2026-05-11 17:51:38.871,1,-0.86,-1.44,2.09,-43.024,82.7218,-45.0488,175,75
2026-05-11 17:51:38.898,1,-1.2,-0.4,2.11,-76.614,-22.218199999999996,-6.2688000000000015,175,75
2026-05-11 17:51:38.923,1,-1.18,0.11,2.09,-67.90400000000001,-26.4882,-1.328800000000001,175,75
2026-05-11 17:51:38.948,1,0.25,0.82,2.87,3.9259999999999984,-8.068199999999997,-2.7288000000000014,175,75
2026-05-11 17:51:38.948,1,0.66,1.18,4.71,48.626,-89.9582,-6.758800000000002,175,75
2026-05-11 17:51:38.976,1,-0.01,0.27,3.47,192.77599999999998,-376.9682,-136.3288,175,75
2026-05-11 17:51:38.990,1,-2.78,0.57,2.5,212.646,-428.1882,-139.3788,175,75
2026-05-11 17:51:38.990,1,-4.78,-2.24,-0.6,136.486,-465.9982,-165.2888,175,75
2026-05-11 17:51:39.023,1,-9.03,1.44,-6.64,64.23599999999999,-191.6682,-29.068800000000003,175,75
2026-05-11 17:51:39.023,1,0.89,-3.67,-3.2,262.706,637.5418,89.0412,175,75
2026-05-11 17:51:39.037,1,-0.4,-0.51,1.55,218.136,755.4018,68.3612,175,75
2026-05-11 17:51:39.056,1,0.61,0.65,2.62,12.835999999999999,309.1818,33.6712,175,75
2026-05-11 17:51:39.097,1,-0.94,-2.65,3.98,-26.494,-52.8882,-6.998800000000001,175,75
2026-05-11 17:51:39.097,1,-1.0,-2.15,2.85,-75.82400000000001,-65.62819999999999,29.651199999999996,175,75
2026-05-11 17:51:39.119,1,-0.67,-1.36,1.13,-114.724,-87.8882,51.1112,175,75
2026-05-11 17:51:39.129,1,-1.16,-0.66,1.02,-88.32400000000001,-35.1482,57.57119999999999,175,75
2026-05-11 17:51:39.162,1,-1.43,-0.45,1.22,-42.774,-4.3481999999999985,48.6712,175,75
2026-05-11 17:51:39.173,1,-1.26,-0.59,1.51,-13.324,15.8918,42.8212,175,75
2026-05-11 17:51:39.185,1,-1.25,-0.83,1.53,-16.134,1.3218000000000032,24.1012,175,75
2026-05-11 17:51:39.195,1,-1.33,-0.67,1.41,-16.984,2.0518000000000036,5.861199999999998,175,75
2026-05-11 17:51:39.195,1,-1.31,-0.63,1.46,-3.144000000000002,8.511800000000001,-9.318800000000001,175,75
2026-05-11 17:51:39.206,1,-1.27,-0.64,1.53,4.845999999999998,6.071800000000003,-21.0888,175,75
2026-05-11 17:51:39.220,1,-1.2,-0.67,1.57,11.306,1.501800000000003,-30.778800000000004,175,75
2026-05-11 17:51:39.258,1,-1.02,-0.84,1.8,-5.214,-19.958199999999998,-57.058800000000005,175,75
2026-05-11 17:51:39.272,1,-0.96,-0.8,1.55,-11.614000000000003,-23.1882,-57.72880000000001,175,75
2026-05-11 17:51:39.299,1,-0.92,-0.77,1.56,-2.104000000000001,-12.278199999999998,-45.778800000000004,175,75
2026-05-11 17:51:39.314,1,-0.89,-0.81,1.62,5.145999999999999,8.2118,-33.3388,175,75
2026-05-11 17:51:39.326,1,-0.86,-0.84,1.71,-3.814000000000002,18.2118,-22.608800000000002,175,75
2026-05-11 17:51:39.402,1,-0.9,-0.79,1.72,-11.744000000000002,21.0718,-15.958800000000002,175,75
2026-05-11 17:51:39.416,1,-0.94,-0.74,1.76,-21.314,23.3918,-7.7288000000000014,175,75
2026-05-11 17:51:39.416,1,-0.94,-0.65,1.74,-27.774,28.0318,-2.9788000000000014,175,75
2026-05-11 17:51:39.416,1,-1.04,-0.61,1.68,-33.024,24.4318,-4.498800000000002,175,75
2026-05-11 17:51:39.426,1,-0.97,-0.46,1.59,-43.574,20.951800000000002,12.151199999999998,175,75
2026-05-11 17:51:39.453,1,-1.02,-0.54,1.63,-51.074,11.561800000000002,15.681199999999999,175,75
2026-05-11 17:51:39.463,1,-1.02,-0.66,1.64,-62.413999999999994,5.4618,16.541199999999996,175,75
2026-05-11 17:51:39.463,1,-1.03,-0.55,1.64,-69.85400000000001,10.341800000000003,17.151199999999996,175,75
2026-05-11 17:51:39.473,1,-1.07,-0.34,1.53,-77.834,7.601800000000001,24.341199999999994,175,75
2026-05-11 17:51:39.486,1,-0.98,-0.55,1.33,-82.10400000000001,3.9418000000000006,19.711199999999998,175,75
2026-05-11 17:51:39.499,1,-0.58,-1.41,1.15,-85.644,27.661800000000003,-4.498800000000002,175,75
2026-05-11 17:51:39.550,1,-1.35,-1.45,1.49,-42.104,47.3518,-20.4188,175,75
2026-05-11 17:51:39.561,1,-1.89,-1.0,1.18,-35.824,84.3118,-8.828800000000001,175,75
2026-05-11 17:51:39.577,1,-1.98,-0.71,1.44,-23.323999999999998,171.2018,22.571199999999997,175,75
2026-05-11 17:51:39.588,1,-1.74,-0.94,2.23,95.14599999999999,104.0618,68.7312,175,75
2026-05-11 17:51:39.639,1,-1.28,-0.38,1.28,28.926000000000002,33.2718,66.7212,175,75
2026-05-11 17:51:39.650,1,-1.2,-0.44,2.02,63.196,-10.758199999999999,95.38119999999999,175,75
2026-05-11 17:51:39.678,1,-0.96,-0.37,2.12,49.726,-73.1882,104.5212,175,75
2026-05-11 17:51:39.678,1,-0.74,-0.2,1.9,20.875999999999998,-106.1782,114.71119999999999,175,75
2026-05-11 17:51:39.693,1,-0.58,0.06,1.71,11.306,-108.8682,123.49119999999999,175,75
2026-05-11 17:51:39.722,1,-0.26,0.32,1.71,37.705999999999996,-86.54820000000001,105.38119999999999,175,75
2026-05-11 17:51:39.742,1,0.3,0.24,2.08,86.006,-94.1682,10.0712,175,75
2026-05-11 17:51:39.786,1,0.37,0.52,1.95,103.746,-76.9682,-29.808800000000005,175,75
2026-05-11 17:51:39.825,1,-3.57,0.69,1.01,151.916,-193.1882,-63.6488,175,75
2026-05-11 17:51:39.838,1,-6.44,0.49,-0.98,84.23599999999999,-360.2682,-46.6388,175,75
2026-05-11 17:51:39.851,1,1.05,-3.56,-2.94,-137.714,-591.9682,221.1112,175,75
2026-05-11 17:51:39.860,1,1.22,-3.94,-2.01,87.166,-76.7882,25.801199999999994,175,75
2026-05-11 17:51:39.872,1,-1.47,0.38,0.85,98.806,495.1018,6.541199999999998,175,75
2026-05-11 17:51:39.872,1,0.22,-0.95,1.83,64.176,222.5418,-17.8488,175,75
2026-05-11 17:51:39.897,1,-1.23,-1.25,2.54,-11.254,-98.4982,-30.598800000000004,175,75
2026-05-11 17:51:39.914,1,-0.59,-1.94,0.44,-42.964,-116.3682,-20.538800000000002,175,75
2026-05-11 17:51:39.914,1,-1.22,-1.3,0.42,-6.554,-36.6082,-4.198800000000001,175,75
2026-05-11 17:51:39.930,1,-1.2,-0.97,1.03,58.196,31.0718,-8.038800000000002,175,75
2026-05-11 17:51:39.930,1,-1.2,-0.91,1.67,86.67599999999999,42.90180000000001,-17.5488,175,75
2026-05-11 17:51:39.967,1,-1.47,-1.07,1.7,73.076,18.701800000000002,-68.2788,175,75
2026-05-11 17:51:39.978,1,-1.6,-1.04,1.6,75.946,129.3118,-173.7688,175,75
2026-05-11 17:51:39.978,1,-1.2,-0.95,1.86,59.966,90.7718,-117.6088,175,75
2026-05-11 17:51:40.000,1,-1.2,-0.98,2.14,-21.804000000000002,29.0018,-47.72880000000001,175,75
2026-05-11 17:51:40.011,1,-0.86,-0.41,1.9,-40.644,8.2118,5.8012,175,75
2026-05-11 17:51:40.045,1,-0.88,-0.57,1.62,-19.724000000000004,-11.908199999999997,-19.498800000000003,175,75
2026-05-11 17:51:40.072,1,-0.83,-0.77,1.53,-43.754,1.9318000000000026,10.991199999999997,175,75
2026-05-11 17:51:40.117,1,-1.46,-0.34,1.48,-73.51400000000001,-68.12819999999999,47.331199999999995,175,75
2026-05-11 17:51:40.117,1,-1.56,-0.24,1.16,-106.43400000000001,-117.8282,81.9012,175,75
2026-05-11 17:51:40.138,1,-0.77,-0.02,1.31,-126.19400000000002,-98.9282,102.0212,175,75
2026-05-11 17:51:40.138,1,-0.28,0.38,1.64,-103.26400000000001,-56.6082,84.5812,175,75
2026-05-11 17:51:40.161,1,-1.89,-1.02,1.61,23.625999999999998,-71.6682,49.651199999999996,175,75
2026-05-11 17:51:40.172,1,-1.38,-2.03,1.28,32.466,20.2818,38.731199999999994,175,75
2026-05-11 17:51:40.184,1,-1.11,-0.78,1.35,-6.984,-58.188199999999995,-9.868800000000002,175,75
2026-05-11 17:51:40.197,1,-1.37,-1.36,1.73,35.756,8.091800000000003,-16.818800000000003,175,75
2026-05-11 17:51:40.207,1,-1.09,-1.8,2.15,41.616,14.241800000000001,-31.818800000000003,175,75
2026-05-11 17:51:40.207,1,-0.52,-1.99,1.88,11.975999999999999,-27.5782,-28.1588,175,75
2026-05-11 17:51:40.239,1,-0.75,-2.38,1.71,18.195999999999998,80.7718,-99.00880000000001,175,75
2026-05-11 17:51:40.253,1,-0.93,-2.01,1.99,2.645999999999999,116.93180000000001,-107.17880000000001,175,75
2026-05-11 17:51:40.285,1,-0.39,-1.85,2.52,-32.294,152.7218,15.3212,175,75
2026-05-11 17:51:40.305,1,-0.44,-2.02,2.55,-56.314,177.1118,38.0612,175,75
2026-05-11 17:51:40.338,1,-3.5,-1.53,-0.56,-308.81399999999996,66.8718,199.8312,175,75
2026-05-11 17:51:40.348,1,-3.55,-1.97,-1.42,-331.01399999999995,206.6218,209.5212,175,75
2026-05-11 17:51:40.361,1,-2.06,-2.11,-0.28,-214.72400000000002,316.6818,230.8012,175,75
2026-05-11 17:51:40.372,1,-1.51,-1.83,1.19,-181.554,282.2918,233.7312,175,75
2026-05-11 17:51:40.385,1,-0.95,-1.56,2.02,-227.47400000000002,195.1018,225.4412,175,75
2026-05-11 17:51:40.413,1,-0.69,-0.77,1.87,-316.62399999999997,36.87180000000001,200.1912,175,75
2026-05-11 17:51:40.424,1,-0.75,-0.26,1.39,-308.38399999999996,27.231800000000003,186.7212,175,75
2026-05-11 17:51:40.439,1,-0.68,-0.03,1.33,-266.13399999999996,64.5518,172.3312,175,75
2026-05-11 17:51:40.439,1,-0.54,0.04,1.61,-238.024,107.6018,159.5812,175,75
2026-05-11 17:51:40.462,1,-0.05,0.26,2.31,-211.25400000000002,137.3518,141.9612,175,75
2026-05-11 17:51:40.485,1,0.75,1.05,3.7,-108.144,-23.1882,52.27119999999999,175,75
2026-05-11 17:51:40.495,1,0.69,0.99,3.24,-21.014000000000003,-83.3782,-12.608800000000002,175,75
2026-05-11 17:51:40.519,1,0.45,0.99,2.72,87.64599999999999,-37.76819999999999,-103.8288,175,75
2026-05-11 17:51:40.530,1,0.14,0.51,2.44,162.896,-46.298199999999994,-163.7688,175,75
2026-05-11 17:51:40.544,1,-0.13,0.29,2.18,192.226,-51.6682,-198.5288,175,75
2026-05-11 17:51:40.544,1,-0.42,0.17,2.01,217.036,-42.0382,-221.5088,175,75
2026-05-11 17:51:40.576,1,-0.52,-0.23,1.95,268.37600000000003,-82.7082,-253.6488,175,75
2026-05-11 17:51:40.589,1,-0.67,-0.69,1.97,285.75600000000003,-144.9582,-266.0888,175,75
2026-05-11 17:51:40.600,1,-0.79,-1.0,2.12,286.55600000000004,-212.2782,-262.6688,175,75
2026-05-11 17:51:40.611,1,-0.9,-1.27,2.26,271.36600000000004,-278.6782,-260.1688,175,75
2026-05-11 17:51:40.630,1,-1.46,-1.77,2.14,210.456,-409.83820000000003,-261.4488,175,75
2026-05-11 17:51:40.641,1,-1.68,-1.88,1.8,174.786,-448.9282,-253.2788,175,75
2026-05-11 17:51:40.659,1,-4.33,-1.29,1.26,119.78599999999999,-552.6482,-187.6088,175,75
2026-05-11 17:51:40.696,1,-12.77,-2.0,-1.78,-63.264,-944.1082,-231.0288,175,75
2026-05-11 17:51:40.732,1,1.63,-7.0,-5.82,-109.974,-1090.9381999999998,462.3312,175,75
2026-05-11 17:51:40.750,1,-3.23,-3.1,4.06,293.196,942.7218,-90.89880000000001,175,75
2026-05-11 17:51:40.755,1,0.45,0.61,2.78,81.73599999999999,1005.5918,32.331199999999995,175,75
2026-05-11 17:51:40.784,1,1.61,-3.67,2.7,-98.024,-191.8482,24.831199999999995,175,75
2026-05-11 17:51:40.784,1,-0.69,-2.05,0.91,-186.13400000000001,-338.1282,15.381199999999998,175,75
2026-05-11 17:51:40.823,1,-1.84,-1.22,0.19,-94.424,-94.7782,62.82119999999999,175,75
2026-05-11 17:51:40.838,1,-0.98,-0.84,1.17,9.535999999999998,109.0018,72.3912,175,75
2026-05-11 17:51:40.839,1,-0.8,-0.95,1.8,20.025999999999996,35.531800000000004,58.971199999999996,175,75
2026-05-11 17:51:40.855,1,-1.42,-0.96,2.04,-0.7040000000000006,13.331800000000001,46.3512,175,75
2026-05-11 17:51:40.898,1,-1.55,-0.93,1.14,35.946,18.331800000000005,-31.8788,175,75
2026-05-11 17:51:40.898,1,-1.4,-1.06,1.52,60.396,44.921800000000005,-50.8988,175,75
2026-05-11 17:51:40.910,1,-1.1,-1.2,1.7,68.01599999999999,42.7218,-69.2588,175,75
2026-05-11 17:51:40.910,1,-1.07,-1.16,1.64,61.976,36.1318,-90.8388,175,75
2026-05-11 17:51:40.961,1,-1.01,-1.24,2.05,11.855999999999998,9.981800000000003,-52.918800000000005,175,75
2026-05-11 17:51:40.971,1,-0.4,-0.11,1.85,-52.294,3.761800000000001,76.0512,175,75
2026-05-11 17:51:41.014,1,-1.63,-0.37,0.89,-65.274,-76.0582,44.4612,175,75
2026-05-11 17:51:41.039,1,-0.89,-0.26,1.36,-116.01400000000001,-93.0682,93.5512,175,75
2026-05-11 17:51:41.051,1,-0.34,0.06,1.68,-114.974,-68.8682,88.49119999999999,175,75
2026-05-11 17:51:41.089,1,-0.22,0.85,2.66,-39.854,-31.0582,22.211199999999998,175,75
2026-05-11 17:51:41.089,1,-4.16,0.41,2.11,-22.473999999999997,-150.2082,-22.1188,175,75
2026-05-11 17:51:41.112,1,-1.29,-1.56,1.34,24.476,-3.5581999999999976,79.7712,175,75
2026-05-11 17:51:41.118,1,-0.74,-0.49,1.82,31.485999999999997,0.4018000000000015,45.011199999999995,175,75
2026-05-11 17:51:41.133,1,-0.44,-0.69,1.34,-24.854,-80.0782,13.491199999999997,175,75
2026-05-11 17:51:41.140,1,-1.33,-1.29,1.01,19.415999999999997,-47.3982,-26.568800000000003,175,75
2026-05-11 17:51:41.148,1,-1.24,-1.56,1.35,56.246,24.551800000000004,-22.7288,175,75
2026-05-11 17:51:41.161,1,-0.8,-1.63,2.01,65.51599999999999,28.3918,-27.178800000000003,175,75
2026-05-11 17:51:41.172,1,-0.57,-2.11,1.99,32.466,-17.2182,-25.958800000000004,175,75
2026-05-11 17:51:41.182,1,-0.88,-2.22,1.53,-1.1940000000000008,-45.3882,-28.9488,175,75
2026-05-11 17:51:41.197,1,-0.96,-1.7,1.45,1.7959999999999994,-14.468199999999998,-30.778800000000004,175,75
2026-05-11 17:51:41.229,1,-0.64,-2.1,2.08,18.926,93.2718,-42.918800000000005,175,75
2026-05-11 17:51:41.254,1,-0.49,-2.1,2.17,-56.553999999999995,319.3118,18.611199999999997,175,75
2026-05-11 17:51:41.274,1,-0.82,-2.37,2.83,-64.724,321.7418,46.1712,175,75
2026-05-11 17:51:41.286,1,-3.48,-1.49,1.38,-224.97400000000002,128.5118,136.2912,175,75
2026-05-11 17:51:41.308,1,-3.52,-2.42,-1.5,-383.084,142.2318,213.3612,175,75
2026-05-11 17:51:41.334,1,-1.64,-2.2,0.96,-232.904,332.1718,221.1112,175,75
2026-05-11 17:51:41.345,1,-0.79,-1.86,2.12,-314.664,188.3918,205.56119999999999,175,75
2026-05-11 17:51:41.345,1,-0.74,-1.02,2.04,-388.144,10.5318,176.0512,175,75
2026-05-11 17:51:41.364,1,-0.92,0.01,1.32,-354.12399999999997,-19.658199999999997,171.4712,175,75
2026-05-11 17:51:41.387,1,-0.89,0.03,1.35,-337.224,42.291799999999995,164.5812,175,75
2026-05-11 17:51:41.416,1,-0.39,-0.14,2.02,-310.334,71.0718,144.5812,175,75
2026-05-11 17:51:41.429,1,-0.1,0.08,2.37,-286.924,29.6718,128.8512,175,75
2026-05-11 17:51:41.439,1,0.0,0.31,2.68,-242.834,-4.958199999999998,115.99119999999999,175,75
2026-05-11 17:51:41.451,1,0.26,0.58,2.96,-202.104,-41.908199999999994,105.5612,175,75
2026-05-11 17:51:41.471,1,0.47,0.9,3.22,-145.094,-88.4982,68.9712,175,75
2026-05-11 17:51:41.482,1,0.52,1.05,3.15,-98.57400000000001,-117.4582,27.8812,175,75
2026-05-11 17:51:41.493,1,0.41,0.84,2.63,24.055999999999997,-37.218199999999996,-59.1388,175,75
2026-05-11 17:51:41.493,1,0.2,0.88,2.67,95.45599999999999,37.1118,-92.6688,175,75
2026-05-11 17:51:41.553,1,-0.1,0.34,2.73,204.296,6.501800000000003,-161.5688,175,75
2026-05-11 17:51:41.572,1,-0.26,0.02,2.48,235.946,-64.34819999999999,-190.0488,175,75
2026-05-11 17:51:41.582,1,-0.4,-0.09,2.22,235.396,-93.1882,-202.1188,175,75
2026-05-11 17:51:41.619,1,-0.46,-0.08,2.04,250.876,-98.8682,-211.4488,175,75
2026-05-11 17:51:41.619,1,-0.5,-0.13,1.91,267.226,-98.0682,-222.2388,175,75
2026-05-11 17:51:41.655,1,-0.63,-0.29,1.8,284.416,-87.2782,-253.0988,175,75
2026-05-11 17:51:41.655,1,-0.65,-0.26,1.82,297.286,-80.5082,-259.80879999999996,175,75
2026-05-11 17:51:41.699,1,-1.02,-1.14,1.29,299.846,-136.8482,-278.3388,175,75
2026-05-11 17:51:41.736,1,-1.14,-1.64,1.46,259.906,-172.1582,-247.5488,175,75
2026-05-11 17:51:41.736,1,-1.24,-1.83,1.65,234.236,-242.2782,-242.1188,175,75
2026-05-11 17:51:41.736,1,-1.34,-1.94,1.73,212.83599999999998,-322.33820000000003,-233.8888,175,75
2026-05-11 17:51:41.747,1,-1.55,-1.98,1.7,186.55599999999998,-399.5982,-226.4488,175,75
2026-05-11 17:51:41.747,1,-2.05,-1.69,1.34,140.696,-486.1782,-212.3088,175,75
2026-05-11 17:51:41.783,1,4.74,-1.0,-3.68,-63.693999999999996,-1084.8382,1126.6012,175,75
2026-05-11 17:51:41.796,1,0.05,-5.5,2.1,216.55599999999998,476.4418,23.0612,175,75
2026-05-11 17:51:41.796,1,1.43,0.46,3.41,-20.034,869.9218,-116.9388,175,75
2026-05-11 17:51:41.808,1,-2.61,0.31,3.6,20.695999999999998,364.7918,0.5611999999999977,175,75
2026-05-11 17:51:41.881,1,1.34,-2.58,4.21,9.475999999999999,1.9318000000000026,22.331199999999995,175,75
2026-05-11 17:51:41.881,1,0.8,-2.76,2.64,-107.29400000000001,-312.8882,47.081199999999995,175,75
2026-05-11 17:51:41.897,1,-0.98,-1.6,0.7,-140.03400000000002,-270.5082,36.291199999999996,175,75
2026-05-11 17:51:41.908,1,-1.23,-1.89,-0.35,-96.254,-201.6682,39.651199999999996,175,75
2026-05-11 17:51:41.921,1,-1.56,-1.58,0.15,-2.9640000000000004,66.3818,56.2312,175,75
2026-05-11 17:51:41.921,1,-1.19,-1.04,1.5,41.616,152.2318,52.941199999999995,175,75
2026-05-11 17:51:41.939,1,-0.88,-0.94,2.16,14.296,57.7218,43.3612,175,75
2026-05-11 17:51:41.954,1,-1.13,-1.22,1.89,58.136,40.8318,-55.598800000000004,175,75
2026-05-11 17:51:41.976,1,-1.08,-1.26,1.53,84.416,113.45179999999999,-95.9588,175,75
2026-05-11 17:51:41.976,1,-0.96,-1.45,1.87,78.56599999999999,122.48179999999999,-97.2488,175,75
2026-05-11 17:51:41.998,1,-0.46,-1.02,2.28,-16.804000000000002,73.09179999999999,-7.3088000000000015,175,75
2026-05-11 17:51:42.021,1,-1.39,-0.25,1.26,-57.833999999999996,54.73179999999999,27.511199999999995,175,75
2026-05-11 17:51:42.039,1,-1.22,-0.24,1.35,-67.164,54.311800000000005,37.941199999999995,175,75
2026-05-11 17:51:42.065,1,-0.4,0.13,1.56,-61.254,88.9418,30.501199999999997,175,75
2026-05-11 17:51:42.077,1,0.57,0.5,2.21,-39.184,73.7618,4.281199999999998,175,75
2026-05-11 17:51:42.099,1,0.39,0.79,2.11,-18.144,6.381800000000002,-39.0688,175,75
2026-05-11 17:51:42.109,1,0.2,0.85,1.83,13.376,-13.498199999999997,-50.348800000000004,175,75
2026-05-11 17:51:42.109,1,-0.07,0.66,1.77,33.986,-19.108199999999997,-58.588800000000006,175,75
2026-05-11 17:51:42.144,1,0.6,-2.36,-1.14,-54.303999999999995,59.431799999999996,69.1612,175,75
2026-05-11 17:51:42.157,1,-2.08,-1.41,4.16,172.77599999999998,311.9318,91.0512,175,75
2026-05-11 17:51:42.169,1,-1.31,-0.24,3.85,17.165999999999997,1.6818000000000026,42.761199999999995,175,75
2026-05-11 17:51:42.169,1,-0.92,-0.85,2.71,-56.803999999999995,-97.0382,33.0612,175,75
2026-05-11 17:51:42.219,1,-0.74,-1.58,1.39,-6.804,6.6218,4.7711999999999986,175,75
2026-05-11 17:51:42.219,1,-0.48,-1.41,1.52,-7.294000000000002,-1.368199999999998,4.831199999999999,175,75
2026-05-11 17:51:42.241,1,-0.7,-2.14,1.37,-35.214,-12.708199999999998,2.9411999999999985,175,75
2026-05-11 17:51:42.252,1,-0.77,-2.08,2.0,-46.614,33.031800000000004,20.681199999999997,175,75
2026-05-11 17:51:42.252,1,-0.71,-2.22,2.05,-73.20400000000001,34.181799999999996,29.221199999999996,175,75
2026-05-11 17:51:42.262,1,-0.7,-2.36,2.12,-99.60400000000001,43.15180000000001,39.8912,175,75
2026-05-11 17:51:42.274,1,-0.62,-2.49,2.37,-100.09400000000001,73.9418,53.911199999999994,175,75
2026-05-11 17:51:42.285,1,-0.51,-3.08,2.87,-85.274,178.7618,61.60119999999999,175,75
2026-05-11 17:51:42.317,1,-2.86,-1.11,2.23,-204.97400000000002,66.0718,106.9012,175,75
2026-05-11 17:51:42.328,1,-2.82,-1.3,-0.17,-298.38399999999996,-20.568199999999997,123.06119999999999,175,75
2026-05-11 17:51:42.339,1,-2.5,-1.38,-0.58,-255.58400000000003,59.8518,138.06119999999999,175,75
2026-05-11 17:51:42.364,1,-1.25,-0.72,1.32,-218.69400000000002,54.921800000000005,124.22120000000001,175,75
2026-05-11 17:51:42.376,1,-1.11,0.05,1.25,-233.024,-9.408199999999997,119.65119999999999,175,75
2026-05-11 17:51:42.398,1,-0.81,0.62,1.44,-194.604,-49.1082,103.85119999999999,175,75
2026-05-11 17:51:42.408,1,-0.77,0.82,1.44,-178.874,-65.87819999999999,86.2912,175,75
2026-05-11 17:51:42.428,1,-0.73,1.01,1.43,-154.854,-62.828199999999995,68.43119999999999,175,75
2026-05-11 17:51:42.441,1,-0.59,1.17,1.65,-102.10400000000001,-27.888199999999998,35.3212,175,75
2026-05-11 17:51:42.441,1,-0.47,1.16,1.82,-71.07400000000001,2.7218000000000018,23.971199999999996,175,75
2026-05-11 17:51:42.483,1,-0.35,1.15,1.97,-45.944,11.681800000000003,8.851199999999997,175,75
2026-05-11 17:51:42.483,1,-0.19,1.13,2.14,-9.664,11.681800000000003,-19.318800000000003,175,75
2026-05-11 17:51:42.494,1,-0.08,1.11,2.2,15.695999999999998,16.011800000000004,-42.488800000000005,175,75
2026-05-11 17:51:42.505,1,-0.04,1.1,2.22,33.315999999999995,24.121800000000004,-55.8988,175,75
2026-05-11 17:51:42.528,1,-0.11,1.03,2.34,96.12599999999999,27.841800000000003,-90.6588,175,75
2026-05-11 17:51:42.539,1,-0.19,1.01,2.32,107.70599999999999,15.1018,-94.1988,175,75
2026-05-11 17:51:42.539,1,-0.27,1.0,2.24,118.68599999999999,0.5318000000000005,-98.64880000000001,175,75
2026-05-11 17:51:42.562,1,-0.43,0.84,1.97,144.236,-21.968199999999996,-112.3088,175,75
2026-05-11 17:51:42.596,1,-0.53,0.61,1.85,168.196,-27.038199999999996,-129.2588,175,75
2026-05-11 17:51:42.639,1,-0.68,-0.05,1.61,202.83599999999998,-143.3182,-157.9188,175,75
2026-05-11 17:51:42.649,1,-0.77,-0.28,1.53,203.986,-164.22820000000002,-175.8988,175,75
2026-05-11 17:51:42.696,1,-1.11,-0.66,1.59,208.376,-190.6882,-206.0288,175,75
2026-05-11 17:51:42.700,1,-1.25,-1.14,1.95,182.226,-250.2682,-191.0288,175,75
2026-05-11 17:51:42.749,1,-8.93,-0.79,-0.28,23.076,-392.9482,-132.3688,175,75
2026-05-11 17:51:42.764,1,-12.82,-1.44,-3.32,-8.514000000000001,-313.3782,-104.5588,175,75
2026-05-11 17:51:42.774,1,3.94,-3.03,-1.73,-106.98400000000001,-488.1882,749.2812,175,75
2026-05-11 17:51:42.785,1,-2.89,-2.78,7.15,239.726,887.6018,-96.6988,175,75
2026-05-11 17:51:42.796,1,1.24,-0.05,4.47,-4.1240000000000006,46.62179999999999,14.221199999999998,175,75
2026-05-11 17:51:42.827,1,1.2,-3.04,0.36,-202.714,-438.4382,48.731199999999994,175,75
2026-05-11 17:51:42.839,1,-0.9,-1.97,-0.64,-172.964,-265.2082,28.431199999999997,175,75
2026-05-11 17:51:42.861,1,-0.73,-1.84,1.93,26.735999999999997,166.2018,86.7812,175,75
2026-05-11 17:51:42.882,1,-0.72,-1.07,2.28,-23.144,107.7818,88.6712,175,75
2026-05-11 17:51:42.896,1,-1.1,-0.32,1.83,-49.114,-37.218199999999996,86.4112,175,75
2026-05-11 17:51:42.920,1,-1.76,-0.84,1.71,67.646,51.4418,-32.5488,175,75
2026-05-11 17:51:42.931,1,-1.35,-0.91,1.85,34.536,-2.3381999999999987,-73.2188,175,75
2026-05-11 17:51:42.942,1,-1.41,-0.9,1.49,36.676,-5.508199999999999,-96.6388,175,75
2026-05-11 17:51:42.953,1,-1.41,-1.05,1.56,60.576,37.23180000000001,-118.0988,175,75
2026-05-11 17:51:42.966,1,-0.83,-1.47,1.75,96.67599999999999,92.23179999999999,-175.4788,175,75
2026-05-11 17:51:42.975,1,-0.92,-1.28,1.81,64.596,26.621800000000004,-178.2788,175,75
2026-05-11 17:51:42.999,1,-1.22,-1.16,1.88,32.036,18.451800000000002,-93.1588,175,75
2026-05-11 17:51:42.999,1,-0.72,-1.2,2.01,20.086,20.831800000000005,-62.1788,175,75
2026-05-11 17:51:43.028,1,-1.14,-0.47,1.7,-2.8340000000000014,-22.5182,-3.3988000000000014,175,75
2026-05-11 17:51:43.045,1,-1.61,-0.03,1.42,-29.664,-5.508199999999999,28.001199999999997,175,75
2026-05-11 17:51:43.056,1,-1.62,0.13,1.61,-40.824,-8.378199999999998,64.5212,175,75
2026-05-11 17:51:43.078,1,-1.12,0.15,2.13,-33.574,-18.498199999999997,74.1612,175,75
2026-05-11 17:51:43.087,1,-0.27,-0.04,2.34,-25.153999999999996,-85.6282,55.8612,175,75
2026-05-11 17:51:43.096,1,-0.32,-0.09,2.05,-35.644,-123.9282,38.6712,175,75
2026-05-11 17:51:43.112,1,-0.4,0.28,1.61,-37.224,-95.0782,23.181199999999997,175,75
2026-05-11 17:51:43.126,1,-0.49,0.48,1.36,-24.914,-43.438199999999995,6.901199999999998,175,75
2026-05-11 17:51:43.126,1,-1.5,0.8,1.46,-3.024000000000001,-3.2581999999999987,13.971199999999998,175,75
2026-05-11 17:51:43.151,1,-2.45,0.03,1.34,20.875999999999998,-16.0582,26.841199999999994,175,75
2026-05-11 17:51:43.161,1,-1.62,-0.34,1.21,-0.0940000000000012,54.5518,64.9512,175,75
2026-05-11 17:51:43.183,1,-0.8,-2.23,2.39,29.055999999999997,17.051800000000004,46.291199999999996,175,75
2026-05-11 17:51:43.186,1,-0.84,-1.3,1.97,-33.514,-70.2082,43.1812,175,75
2026-05-11 17:51:43.209,1,-0.77,-0.87,1.58,-46.744,-71.1182,42.691199999999995,175,75
2026-05-11 17:51:43.223,1,-0.94,-1.24,1.64,2.0959999999999983,-30.3282,19.401199999999996,175,75
2026-05-11 17:51:43.233,1,-0.87,-1.56,1.75,5.945999999999999,-22.338199999999997,13.851199999999997,175,75
2026-05-11 17:51:43.244,1,-0.29,-1.74,1.74,3.8659999999999988,-34.2882,5.261199999999999,175,75
2026-05-11 17:51:43.244,1,-0.8,-2.28,1.56,-17.164,-37.7082,3.001199999999999,175,75
2026-05-11 17:51:43.257,1,-0.89,-2.22,1.41,-26.253999999999998,-17.338199999999997,19.3412,175,75
2026-05-11 17:51:43.310,1,-1.05,-1.73,2.18,-26.744,73.0318,-16.388800000000003,175,75
2026-05-11 17:51:43.310,1,-0.92,-1.87,2.24,-40.764,78.5718,-13.528800000000002,175,75
2026-05-11 17:51:43.372,1,0.23,-3.14,2.48,-71.804,237.3518,7.881199999999998,175,75
2026-05-11 17:51:43.372,1,-0.62,-2.0,2.88,-89.18400000000001,289.6118,12.021199999999999,175,75
2026-05-11 17:51:43.383,1,-3.77,-1.01,1.49,-224.66400000000002,101.9318,139.8312,175,75
2026-05-11 17:51:43.402,1,-3.74,-2.21,-1.4,-310.82399999999996,147.1118,185.6212,175,75
2026-05-11 17:51:43.412,1,-1.85,-2.05,-0.22,-188.69400000000002,302.8418,187.4512,175,75
2026-05-11 17:51:43.423,1,-1.65,-1.72,1.15,-215.154,291.2018,210.6212,175,75
2026-05-11 17:51:43.434,1,-1.14,-1.34,1.74,-290.334,167.8418,185.1912,175,75
2026-05-11 17:51:43.445,1,-0.97,-0.75,1.7,-320.584,60.2218,176.9012,175,75
2026-05-11 17:51:43.483,1,-0.96,-0.01,1.18,-291.49399999999997,39.791799999999995,166.3512,175,75
2026-05-11 17:51:43.506,1,-0.75,0.25,1.5,-268.87399999999997,88.8818,151.4112,175,75
2026-05-11 17:51:43.516,1,-0.47,0.46,1.87,-250.76399999999998,68.3918,141.7212,175,75
2026-05-11 17:51:43.532,1,-0.29,0.73,2.12,-232.354,30.651800000000005,129.7112,175,75
2026-05-11 17:51:43.546,1,-0.17,0.8,2.3,-211.19400000000002,-1.488199999999999,120.0112,175,75
2026-05-11 17:51:43.569,1,0.19,0.83,2.62,-177.294,-75.1482,113.18119999999999,175,75
2026-05-11 17:51:43.582,1,0.39,1.04,2.78,-148.934,-119.7782,92.3312,175,75
2026-05-11 17:51:43.593,1,0.46,1.01,2.74,-108.51400000000001,-132.5182,46.411199999999994,175,75
2026-05-11 17:51:43.618,1,0.09,0.98,2.51,8.015999999999998,-48.9282,-28.278800000000004,175,75
2026-05-11 17:51:43.631,1,-0.14,0.93,2.34,84.966,-42.2782,-68.9488,175,75
2026-05-11 17:51:43.631,1,-0.22,0.88,2.23,115.886,-41.298199999999994,-87.8488,175,75
2026-05-11 17:51:43.657,1,-0.32,0.47,2.14,159.96599999999998,-36.0582,-127.0588,175,75
2026-05-11 17:51:43.681,1,-0.36,0.32,2.06,178.316,-38.3182,-142.2388,175,75
2026-05-11 17:51:43.763,1,-0.66,-0.5,1.85,264.116,-18.068199999999997,-211.0888,175,75
2026-05-11 17:51:43.776,1,-0.65,-0.7,1.88,281.12600000000003,-21.2382,-222.6088,175,75
2026-05-11 17:51:43.806,1,-0.69,-1.19,1.99,302.286,-50.26819999999999,-245.5988,175,75
2026-05-11 17:51:43.817,1,-0.97,-1.22,2.11,304.416,-68.12819999999999,-226.93880000000001,175,75
2026-05-11 17:51:43.817,1,-0.94,-1.45,2.26,303.31600000000003,-115.26820000000001,-201.5688,175,75
2026-05-11 17:51:43.839,1,-0.94,-1.7,2.35,296.55600000000004,-173.3782,-195.9588,175,75
2026-05-11 17:51:43.839,1,-1.04,-2.01,2.32,283.74600000000004,-235.5682,-198.5888,175,75
2026-05-11 17:51:43.881,1,-1.53,-2.01,1.86,228.506,-322.5782,-197.6688,175,75
2026-05-11 17:51:43.902,1,-11.14,-0.67,-1.93,126.006,-528.1282,-221.5688,175,75
2026-05-11 17:51:43.902,1,-16.65,-4.63,-5.53,28.445999999999998,-958.0682,-291.9388,175,75
2026-05-11 17:51:43.941,1,-0.17,-2.66,4.83,-123.024,27.7818,-100.0488,175,75
2026-05-11 17:51:43.987,1,-1.28,-1.56,0.53,-40.153999999999996,58.511799999999994,9.1612,175,75
2026-05-11 17:51:44.039,1,-1.54,-0.81,1.58,89.416,40.8318,-37.9788,175,75
2026-05-11 17:51:44.060,1,-1.3,-1.1,1.98,87.776,31.131800000000002,-63.8288,175,75
2026-05-11 17:51:44.071,1,-1.19,-1.23,1.67,56.426,3.2718000000000025,-87.0588,175,75
2026-05-11 17:51:44.095,1,-0.93,-1.12,1.46,110.81599999999999,102.23179999999999,-166.2088,175,75
2026-05-11 17:51:44.130,1,-1.08,-0.85,1.98,67.526,71.8718,-65.2888,175,75
2026-05-11 17:51:44.130,1,-1.23,-0.83,2.14,32.036,43.031800000000004,-20.348800000000004,175,75
2026-05-11 17:51:44.173,1,-1.23,-0.8,2.19,-13.574,-82.3982,-5.3488000000000016,175,75
2026-05-11 17:51:44.184,1,-1.82,-0.35,0.74,-81.254,-139.2282,82.0212,175,75
2026-05-11 17:51:44.197,1,-0.58,0.13,1.63,-87.71400000000001,-99.5982,115.93119999999999,175,75
2026-05-11 17:51:44.209,1,-0.27,0.03,1.74,-111.614,-183.5582,103.43119999999999,175,75
2026-05-11 17:51:44.231,1,-0.55,0.15,1.04,-129.854,-222.0382,98.9712,175,75
2026-05-11 17:51:44.242,1,-0.84,0.56,0.71,-116.624,-144.7182,74.5812,175,75
2026-05-11 17:51:44.257,1,0.53,0.57,2.19,-51.194,-9.838199999999997,12.8212,175,75
2026-05-11 17:51:44.268,1,-1.41,0.14,2.75,-35.764,-123.9882,44.401199999999996,175,75
2026-05-11 17:51:44.287,1,-1.77,-2.94,2.7,32.836,-11.488199999999999,28.911199999999994,175,75
2026-05-11 17:51:44.301,1,-0.79,-1.05,2.06,-4.794000000000002,-16.2382,46.051199999999994,175,75
2026-05-11 17:51:44.316,1,-0.54,-0.91,1.14,-64.114,-133.7982,1.4711999999999978,175,75
2026-05-11 17:51:44.365,1,-0.91,-1.63,1.88,40.455999999999996,19.7918,-15.538800000000002,175,75
2026-05-11 17:51:44.439,1,-0.92,-1.99,1.59,-19.484,2.1118000000000023,-12.238800000000001,175,75
2026-05-11 17:51:44.450,1,-1.07,-1.86,1.93,0.08599999999999852,63.8818,-19.9888,175,75
2026-05-11 17:51:44.465,1,-0.95,-1.81,2.18,6.365999999999999,88.8218,-13.948800000000002,175,75
2026-05-11 17:51:44.476,1,-0.95,-2.16,2.44,17.035999999999998,217.0518,-11.028800000000002,175,75
2026-05-11 17:51:44.498,1,-0.12,-2.56,2.24,-0.8240000000000016,276.2018,-23.948800000000002,175,75
2026-05-11 17:51:44.509,1,-0.59,-2.3,2.48,-15.764000000000001,342.9018,28.0612,175,75
2026-05-11 17:51:44.509,1,-1.27,-1.88,2.45,-22.714,328.5718,35.7412,175,75
2026-05-11 17:51:44.516,1,-3.44,-0.75,2.04,-77.65400000000001,325.9518,94.7712,175,75
2026-05-11 17:51:44.545,1,-3.88,-1.5,0.77,-204.794,255.59179999999998,206.1112,175,75
2026-05-11 17:51:44.559,1,-3.64,-2.78,-1.31,-305.76399999999995,259.4318,230.50119999999998,175,75
2026-05-11 17:51:44.595,1,-2.22,-2.52,-0.78,-207.16400000000002,352.3518,253.9112,175,75
2026-05-11 17:51:44.595,1,-1.89,-2.07,0.94,-196.314,329.7318,270.7412,175,75
2026-05-11 17:51:44.636,1,-1.05,-1.49,1.96,-303.51399999999995,124.98179999999999,261.9012,175,75
2026-05-11 17:51:44.662,1,-0.9,-0.54,1.0,-349.364,3.701800000000002,271.7212,175,75
2026-05-11 17:51:44.703,1,-0.47,-0.45,1.51,-341.804,132.4218,272.2712,175,75
2026-05-11 17:51:44.729,1,0.23,-0.12,2.22,-295.034,-78.98819999999999,230.50119999999998,175,75
2026-05-11 17:51:44.771,1,1.68,1.33,3.61,-118.69400000000002,-31.6682,38.6112,175,75
2026-05-11 17:51:44.799,1,1.49,0.76,3.07,-56.803999999999995,5.7718000000000025,-66.6988,175,75
2026-05-11 17:51:44.828,1,0.23,0.71,3.07,178.926,45.4618,-129.1988,175,75
2026-05-11 17:51:44.842,1,-0.0,0.64,2.89,183.016,15.2818,-172.7288,175,75
2026-05-11 17:51:44.842,1,0.02,0.49,2.74,195.27599999999998,-2.6481999999999974,-202.7888,175,75
2026-05-11 17:51:44.865,1,-0.35,-0.01,1.92,261.856,-11.0582,-254.43880000000001,175,75
2026-05-11 17:51:44.900,1,-0.71,-0.51,2.04,371.79600000000005,76.20179999999999,-261.0288,175,75
2026-05-11 17:51:44.931,1,-0.8,-1.11,1.71,378.62600000000003,-55.688199999999995,-243.7088,175,75
2026-05-11 17:51:44.941,1,-1.01,-1.33,1.6,369.906,-92.5782,-230.0488,175,75
2026-05-11 17:51:44.942,1,-0.9,-1.59,1.83,372.776,-143.5582,-228.3988,175,75
2026-05-11 17:51:44.952,1,-1.08,-2.89,2.86,355.516,-339.2282,-192.4288,175,75
2026-05-11 17:51:44.970,1,-1.45,-3.29,3.03,291.06600000000003,-526.3682,-189.0688,175,75
2026-05-11 17:51:44.981,1,-2.12,-2.3,2.51,225.396,-683.9882,-199.3188,175,75
2026-05-11 17:51:45.007,1,-7.02,-1.48,0.94,93.806,-791.4882,-198.3388,175,75
2026-05-11 17:51:45.032,1,-11.62,-1.41,-1.86,29.116,-684.1082,-172.9788,175,75
2026-05-11 17:51:45.046,1,-6.31,-3.96,-6.19,-15.464,-914.9582,320.3812,175,75
2026-05-11 17:51:45.057,1,1.85,1.19,3.38,81.856,1256.2018,-181.2088,175,75
2026-05-11 17:51:45.073,1,-0.22,-0.25,4.19,0.5759999999999987,699.7318,-85.1088,175,75
2026-05-11 17:51:45.090,1,0.19,-3.13,2.48,-136.13400000000001,-397.8882,54.2812,175,75
2026-05-11 17:51:45.090,1,-1.73,-1.03,0.69,-142.044,-264.0482,56.2912,175,75
2026-05-11 17:51:45.102,1,-0.54,-1.07,0.48,-20.583999999999996,-14.228199999999998,70.5012,175,75
2026-05-11 17:51:45.115,1,-0.79,-1.61,1.51,44.356,68.2718,53.2412,175,75
2026-05-11 17:51:45.126,1,-1.43,-1.03,1.86,-9.914,2.1118000000000023,50.621199999999995,175,75
2026-05-11 17:51:45.138,1,-1.26,-0.83,1.21,-4.794000000000002,-24.468199999999996,19.221199999999996,175,75
2026-05-11 17:51:45.188,1,-1.52,-0.8,1.96,55.146,42.7218,-48.8888,175,75
2026-05-11 17:51:45.199,1,-1.25,-0.8,1.67,50.206,2.7218000000000018,-84.92880000000001,175,75
2026-05-11 17:51:45.210,1,-1.2,-1.02,1.5,65.336,15.041799999999999,-101.3288,175,75
2026-05-11 17:51:45.222,1,-0.99,-1.24,1.61,91.73599999999999,48.2718,-134.4988,175,75
2026-05-11 17:51:45.233,1,-0.98,-1.34,1.57,92.34599999999999,58.2118,-159.43880000000001,175,75
2026-05-11 17:51:45.250,1,-1.21,-0.9,1.55,65.816,60.281800000000004,-54.6188,175,75
2026-05-11 17:51:45.261,1,-0.42,-0.77,1.75,37.346,6.201800000000002,-64.8088,175,75
2026-05-11 17:51:45.271,1,-0.9,-0.76,1.94,48.316,44.6118,-96.75880000000001,175,75
2026-05-11 17:51:45.271,1,-0.86,-1.08,2.07,52.836,49.921800000000005,-77.9788,175,75
2026-05-11 17:51:45.308,1,-1.92,0.06,0.99,-55.764,116.62180000000001,52.5712,175,75
2026-05-11 17:51:45.322,1,-1.62,0.12,1.27,-66.68400000000001,144.3118,74.5212,175,75
2026-05-11 17:51:45.322,1,-1.26,-0.06,1.56,-77.414,123.5118,90.2512,175,75
2026-05-11 17:51:45.334,1,-0.73,-0.26,1.84,-79.79400000000001,99.0618,94.2212,175,75
2026-05-11 17:51:45.359,1,-0.24,-0.05,1.81,-93.51400000000001,2.9018000000000015,79.5812,175,75
2026-05-11 17:51:45.370,1,-0.88,0.45,1.7,-85.40400000000001,-6.178199999999999,84.9512,175,75
2026-05-11 17:51:45.393,1,0.59,0.5,2.18,-30.644,73.8818,52.6312,175,75
2026-05-11 17:51:45.430,1,-2.44,0.25,2.05,-3.634000000000002,-141.4282,20.441199999999995,175,75
2026-05-11 17:51:45.442,1,-0.87,-2.76,2.18,6.915999999999999,-3.0081999999999987,57.081199999999995,175,75
2026-05-11 17:51:45.457,1,-1.83,-2.14,2.49,85.886,40.7718,61.60119999999999,175,75
2026-05-11 17:51:45.468,1,-0.81,-0.64,1.86,-40.333999999999996,-94.7782,50.7412,175,75
2026-05-11 17:51:45.468,1,-1.18,-0.59,1.33,-22.414,-71.6082,9.651199999999998,175,75
2026-05-11 17:51:45.478,1,-1.12,-0.89,1.26,27.095999999999997,-23.9882,-2.918800000000002,175,75
2026-05-11 17:51:45.486,1,-1.01,-1.07,1.42,60.086,-3.6781999999999986,-17.6688,175,75
2026-05-11 17:51:45.496,1,-0.71,-1.29,1.63,55.456,-9.168199999999999,-29.0088,175,75
2026-05-11 17:51:45.499,1,-0.83,-2.13,1.79,53.386,-3.2581999999999987,-44.4388,175,75
2026-05-11 17:51:45.533,1,-1.04,-2.19,1.88,46.186,-8.738199999999997,-49.988800000000005,175,75
2026-05-11 17:51:45.533,1,-0.97,-1.83,1.91,34.846,-10.508199999999999,-55.5388,175,75
2026-05-11 17:51:45.544,1,-0.99,-1.85,1.74,24.116,-14.408199999999997,-69.6188,175,75
2026-05-11 17:51:45.559,1,-1.02,-1.69,1.62,31.616,11.201800000000002,-78.1588,175,75
2026-05-11 17:51:45.559,1,-0.98,-1.58,1.68,37.466,47.9618,-88.9488,175,75
2026-05-11 17:51:45.585,1,-1.0,-1.69,1.89,48.316,148.8818,-102.6088,175,75
2026-05-11 17:51:45.585,1,-0.45,-1.74,2.01,38.196,169.6718,-101.56880000000001,175,75
2026-05-11 17:51:45.642,1,-0.21,-0.71,2.26,25.695999999999998,170.3418,-17.7288,175,75
2026-05-11 17:51:45.684,1,-1.85,-0.69,1.84,-69.974,244.0618,61.60119999999999,175,75
2026-05-11 17:51:45.685,1,-2.34,-1.06,1.51,-152.22400000000002,218.3318,114.7712,175,75
2026-05-11 17:51:45.695,1,-2.59,-2.17,0.61,-290.214,118.70179999999999,189.5812,175,75
2026-05-11 17:51:45.703,1,-3.19,-3.0,-0.18,-379.054,84.7918,251.4712,175,75
2026-05-11 17:51:45.735,1,-1.14,-1.38,1.65,-390.644,-39.718199999999996,303.0612,175,75
2026-05-11 17:51:45.746,1,-1.13,-1.03,1.31,-374.974,-32.8882,309.2212,175,75
2026-05-11 17:51:45.758,1,-1.03,-0.77,1.2,-356.924,27.7818,300.6812,175,75
2026-05-11 17:51:45.768,1,-0.95,-0.7,1.31,-346.19399999999996,83.09179999999999,289.8312,175,75
2026-05-11 17:51:45.780,1,-0.86,-0.69,1.69,-328.63399999999996,128.7618,272.5712,175,75
2026-05-11 17:51:45.791,1,-0.63,-0.65,2.04,-311.49399999999997,114.0618,253.9712,175,75
2026-05-11 17:51:45.800,1,-0.43,-0.52,2.21,-296.43399999999997,81.2618,238.6712,175,75
2026-05-11 17:51:45.838,1,0.41,0.63,2.91,-175.764,4.061800000000002,185.3812,175,75
2026-05-11 17:51:45.850,1,0.54,1.24,2.63,-7.294000000000002,-27.2782,10.931199999999999,175,75
2026-05-11 17:51:45.876,1,0.46,1.19,2.56,65.396,52.9618,-36.9388,175,75
2026-05-11 17:51:45.876,1,0.36,1.1,2.82,142.036,96.9318,-78.64880000000001,175,75
2026-05-11 17:51:45.920,1,-0.01,0.21,2.67,229.296,-62.158199999999994,-163.1588,175,75
2026-05-11 17:51:45.920,1,-0.16,0.19,2.31,230.456,-96.2382,-181.5688,175,75
2026-05-11 17:51:45.933,1,-0.34,0.15,1.92,243.686,-95.26820000000001,-194.6788,175,75
2026-05-11 17:51:45.933,1,-0.47,-0.01,1.68,268.25600000000003,-57.3982,-206.5688,175,75
2026-05-11 17:51:45.933,1,-0.5,-0.31,1.74,294.966,-17.948199999999996,-219.3788,175,75
2026-05-11 17:51:45.939,1,-0.58,-0.39,1.7,292.466,2.8418000000000028,-230.3488,175,75
2026-05-11 17:51:46.031,1,-0.72,-0.5,1.97,310.946,0.6518000000000015,-243.0988,175,75
2026-05-11 17:51:46.041,1,-0.71,-0.58,2.03,309.596,-20.998199999999997,-243.5288,175,75
2026-05-11 17:51:46.087,1,-0.52,-1.29,1.99,306.916,-164.5982,-259.73879999999997,175,75
2026-05-11 17:51:46.099,1,-0.67,-1.48,2.07,298.56600000000003,-186.0582,-264.67879999999997,175,75
2026-05-11 17:51:46.150,1,-16.65,-7.57,-5.82,42.586,-1096.9081999999999,-586.6388,175,75
2026-05-11 17:51:46.165,1,-0.95,-2.29,0.99,58.256,739.4918,-268.3388,175,75
2026-05-11 17:51:46.176,1,-1.82,1.02,2.44,66.616,847.5418,95.1912,175,75
2026-05-11 17:51:46.176,1,-0.14,-1.09,4.27,-45.333999999999996,414.6118,-21.268800000000002,175,75
2026-05-11 17:51:46.208,1,-1.12,-1.77,0.47,-212.904,-342.2782,46.051199999999994,175,75
2026-05-11 17:51:46.228,1,-1.55,-0.58,-0.38,-108.93400000000001,-116.6682,33.2412,175,75
2026-05-11 17:51:46.228,1,-1.32,-0.72,0.41,28.985999999999997,104.0618,72.0812,175,75
2026-05-11 17:51:46.228,1,-1.12,-1.37,1.98,68.386,156.0118,38.6712,175,75
2026-05-11 17:51:46.238,1,-0.65,-1.45,2.34,26.246,53.2118,34.8912,175,75
2026-05-11 17:51:46.248,1,-1.01,-1.46,1.62,-18.084000000000003,-46.908199999999994,23.611199999999997,175,75
2026-05-11 17:51:46.258,1,-1.5,-0.93,0.84,-17.714,-42.4582,-8.528800000000002,175,75
2026-05-11 17:51:46.263,1,-1.62,-0.82,1.01,31.735999999999997,16.201800000000002,-26.8788,175,75
2026-05-11 17:51:46.283,1,-1.49,-0.97,1.5,63.626,41.9918,-49.6188,175,75
2026-05-11 17:51:46.311,1,-0.9,-0.97,1.61,86.976,52.0518,-129.37879999999998,175,75
2026-05-11 17:51:46.334,1,-0.91,-0.58,1.67,65.456,70.8918,-101.14880000000001,175,75
2026-05-11 17:51:46.349,1,-1.16,-1.04,1.68,23.746,-0.5081999999999987,-18.8288,175,75
2026-05-11 17:51:46.363,1,-0.59,-0.44,1.85,-3.144000000000002,18.761800000000004,-20.958800000000004,175,75
2026-05-11 17:51:46.388,1,-1.05,-0.34,1.88,-13.024000000000003,-34.1082,-21.998800000000003,175,75
2026-05-11 17:51:46.398,1,-1.41,-0.56,1.51,-42.354,-79.6582,0.6211999999999982,175,75
2026-05-11 17:51:46.398,1,-1.51,-0.3,1.36,-65.034,-65.7582,23.181199999999997,175,75
2026-05-11 17:51:46.409,1,-1.38,0.03,1.47,-68.444,-21.788199999999996,42.2112,175,75
2026-05-11 17:51:46.421,1,-0.76,0.28,1.99,-44.244,34.921800000000005,49.9512,175,75
2026-05-11 17:51:46.432,1,0.06,0.23,2.4,-35.944,3.701800000000002,23.611199999999997,175,75
2026-05-11 17:51:46.443,1,-0.31,0.2,1.97,-33.874,-49.8982,-0.10880000000000223,175,75
2026-05-11 17:51:46.461,1,-0.41,0.4,2.33,31.796,44.5518,2.0211999999999986,175,75
2026-05-11 17:51:46.502,1,-1.48,-0.79,1.63,5.0859999999999985,73.45179999999999,73.6712,175,75
2026-05-11 17:51:46.515,1,-0.44,-0.75,2.54,60.336,79.8518,73.18119999999999,175,75
2026-05-11 17:51:46.518,1,-0.71,-0.78,2.32,11.126,-31.968199999999996,49.8912,175,75
2026-05-11 17:51:46.536,1,-0.99,-1.28,1.02,-12.534,-48.3182,24.711199999999998,175,75
2026-05-11 17:51:46.557,1,-0.89,-1.35,1.28,13.255999999999998,-12.888199999999998,14.521199999999999,175,75
2026-05-11 17:51:46.570,1,-0.43,-1.67,1.58,21.485999999999997,22.5418,-12.548800000000002,175,75
2026-05-11 17:51:46.592,1,-0.43,-2.05,1.57,13.565999999999999,-40.5682,-0.5988000000000024,175,75
2026-05-11 17:51:46.593,1,-0.71,-1.83,1.28,12.225999999999999,-57.6482,6.901199999999998,175,75
2026-05-11 17:51:46.655,1,-1.33,-1.35,1.91,50.336,35.281800000000004,-74.0088,175,75
2026-05-11 17:51:46.694,1,-1.15,-1.43,2.1,47.346000000000004,41.071799999999996,-85.53880000000001,175,75
2026-05-11 17:51:46.694,1,-1.08,-1.44,2.09,36.676,57.6018,-99.61880000000001,175,75
2026-05-11 17:51:46.694,1,-0.75,-1.43,1.89,43.565999999999995,105.0418,-115.3488,175,75
2026-05-11 17:51:46.703,1,-0.81,-0.8,1.61,-2.0440000000000005,118.9418,-55.65880000000001,175,75
2026-05-11 17:51:46.713,1,-0.63,-0.81,1.83,-0.6440000000000019,164.3718,-34.1388,175,75
2026-05-11 17:51:46.755,1,-1.59,-0.6,1.76,-114.18400000000001,82.6618,46.84119999999999,175,75
2026-05-11 17:51:46.777,1,-2.43,-1.12,0.72,-200.524,69.8518,107.3912,175,75
2026-05-11 17:51:46.787,1,-3.06,-1.68,-0.14,-292.044,91.9918,163.7312,175,75
2026-05-11 17:51:46.798,1,-3.31,-2.08,-0.48,-339.854,176.5018,221.6012,175,75
2026-05-11 17:51:46.813,1,-2.97,-2.58,-0.28,-335.70399999999995,224.1818,253.7312,175,75
2026-05-11 17:51:46.823,1,-1.63,-3.01,1.11,-321.37399999999997,235.4618,265.6812,175,75
2026-05-11 17:51:46.854,1,-1.08,-1.66,1.61,-376.13399999999996,74.1218,260.5612,175,75
2026-05-11 17:51:46.854,1,-1.07,-1.41,1.48,-382.654,38.3318,253.4312,175,75
2026-05-11 17:51:46.868,1,-0.98,-1.06,1.49,-364.424,45.4618,248.7312,175,75
2026-05-11 17:51:46.905,1,-0.63,-0.4,2.11,-291.68399999999997,-26.908199999999997,208.6112,175,75
2026-05-11 17:51:46.915,1,-0.45,-0.16,2.16,-256.924,-60.5082,200.9312,175,75
2026-05-11 17:51:46.966,1,-0.32,0.09,2.24,-215.274,-84.4682,181.9012,175,75
2026-05-11 17:51:46.966,1,-0.25,0.28,2.27,-182.294,-87.5782,154.4612,175,75
2026-05-11 17:51:47.028,1,0.02,0.85,2.44,-51.314,-50.87819999999999,56.411199999999994,175,75
2026-05-11 17:51:47.056,1,0.03,0.9,2.39,-6.4940000000000015,-36.298199999999994,23.4912,175,75
2026-05-11 17:51:47.056,1,0.05,0.9,2.38,37.346,-11.428199999999997,-13.158800000000001,175,75
2026-05-11 17:51:47.056,1,0.03,0.82,2.37,83.98599999999999,14.061800000000002,-51.1488,175,75
2026-05-11 17:51:47.056,1,-0.0,0.75,2.35,115.026,34.061800000000005,-76.4488,175,75
2026-05-11 17:51:47.067,1,-0.04,0.6,2.33,154.846,46.5018,-107.78880000000001,175,75
2026-05-11 17:51:47.078,1,-0.13,0.41,2.29,190.33599999999998,47.171800000000005,-134.6788,175,75
2026-05-11 17:51:47.089,1,-0.18,0.25,2.26,211.916,41.7418,-151.5088,175,75
2026-05-11 17:51:47.115,1,-0.28,-0.04,2.14,244.476,21.5018,-180.5388,175,75
2026-05-11 17:51:47.138,1,-0.49,-0.27,1.96,271.06600000000003,1.6218000000000004,-202.9188,175,75
2026-05-11 17:51:47.144,1,-0.6,-0.47,1.95,284.726,-16.4882,-211.3288,175,75
2026-05-11 17:51:47.251,1,-0.66,-0.89,2.02,289.23600000000005,-104.2882,-225.1688,175,75
2026-05-11 17:51:47.278,1,-0.59,-1.06,2.03,280.81600000000003,-135.6282,-234.43880000000001,175,75
2026-05-11 17:51:47.306,1,-0.62,-1.26,1.93,259.846,-180.2082,-255.3488,175,75
2026-05-11 17:51:47.330,1,0.36,-2.98,4.15,-12.534,62.0518,-39.9288,175,75
2026-05-11 17:51:47.341,1,-0.29,-3.51,3.74,-81.134,-120.8182,0.9311999999999987,175,75
2026-05-11 17:51:47.341,1,0.15,-2.35,1.28,-183.934,-229.8382,41.1712,175,75
2026-05-11 17:51:47.391,1,-1.77,-1.3,0.31,-26.194000000000003,59.4918,59.6512,175,75
2026-05-11 17:51:47.403,1,-1.13,-0.86,1.67,47.036,119.61179999999999,56.8412,175,75
2026-05-11 17:51:47.415,1,-1.01,-0.74,1.86,39.786,56.62179999999999,44.4612,175,75
2026-05-11 17:51:47.448,1,-1.58,-0.91,1.03,36.976,-5.818199999999997,-18.6488,175,75
2026-05-11 17:51:47.460,1,-1.63,-0.89,1.47,82.34599999999999,43.8818,-43.6488,175,75
2026-05-11 17:51:47.460,1,-1.26,-0.94,1.77,67.346,10.1018,-81.8788,175,75
2026-05-11 17:51:47.474,1,-1.28,-0.87,1.5,58.316,-9.778199999999998,-96.3888,175,75
2026-05-11 17:51:47.497,1,-1.27,-0.9,1.33,83.076,21.201800000000002,-121.56880000000001,175,75
2026-05-11 17:51:47.509,1,-1.05,-0.87,1.58,102.64599999999999,52.541799999999995,-140.71880000000002,175,75
2026-05-11 17:51:47.521,1,-0.92,-0.9,1.76,50.276,-14.898199999999997,-100.53880000000001,175,75
2026-05-11 17:51:47.572,1,-0.97,0.26,1.75,-79.114,4.3718,116.7212,175,75
2026-05-11 17:51:47.582,1,-1.16,0.1,1.58,-68.57400000000001,-42.9482,19.7712,175,75
2026-05-11 17:51:47.601,1,-1.78,-0.12,0.89,-111.194,-79.0482,85.38119999999999,175,75
2026-05-11 17:51:47.613,1,-0.97,-0.08,1.68,-85.09400000000001,0.9518000000000022,113.3612,175,75
2026-05-11 17:51:47.677,1,-2.15,-0.96,3.38,14.785999999999998,-131.1782,43.301199999999994,175,75
2026-05-11 17:51:47.677,1,-1.88,-0.85,1.92,-65.884,-96.90820000000001,68.43119999999999,175,75
2026-05-11 17:51:47.677,1,-1.06,-0.97,1.15,-77.10400000000001,-34.1082,78.9712,175,75
2026-05-11 17:51:47.713,1,-1.35,-0.88,1.49,-19.364000000000004,-32.7682,-0.04880000000000173,175,75
2026-05-11 17:51:47.713,1,-1.2,-0.84,1.67,1.7359999999999989,-33.1282,-22.3688,175,75
2026-05-11 17:51:47.724,1,-1.15,-1.55,1.59,26.616,-17.2782,-35.778800000000004,175,75
2026-05-11 17:51:47.746,1,-0.79,-1.94,1.31,14.905999999999999,-32.648199999999996,-33.6488,175,75
2026-05-11 17:51:47.756,1,-1.16,-1.76,1.25,9.355999999999998,-16.2382,-38.3388,175,75
2026-05-11 17:51:47.790,1,-1.18,-1.39,1.37,41.736,28.941800000000004,-63.528800000000004,175,75
2026-05-11 17:51:47.790,1,-1.16,-1.42,1.51,62.346000000000004,73.3918,-85.28880000000001,175,75
2026-05-11 17:51:47.801,1,-0.95,-1.34,1.61,73.806,102.9618,-104.86880000000001,175,75
2026-05-11 17:51:47.808,1,-0.93,-1.16,1.72,47.706,68.09179999999999,-108.3388,175,75
2026-05-11 17:51:47.881,1,-0.49,-1.08,2.31,-27.293999999999997,86.9318,-6.388800000000002,175,75
2026-05-11 17:51:47.902,1,-1.61,-1.01,1.63,-116.684,35.281800000000004,56.2912,175,75
2026-05-11 17:51:47.906,1,-2.18,-1.23,0.93,-179.054,52.7218,93.7312,175,75
2026-05-11 17:51:47.917,1,-2.79,-1.76,0.25,-256.25399999999996,116.3818,154.4012,175,75
2026-05-11 17:51:47.928,1,-2.92,-2.23,0.06,-300.88399999999996,170.7118,213.00119999999998,175,75
2026-05-11 17:51:47.956,1,-2.57,-2.53,0.72,-274.724,219.4918,247.94119999999998,175,75
2026-05-11 17:51:47.956,1,-1.47,-2.6,1.32,-268.75399999999996,211.9918,241.7212,175,75
2026-05-11 17:51:47.967,1,-1.01,-2.01,1.85,-300.094,130.9518,237.2712,175,75
2026-05-11 17:51:47.980,1,-0.91,-1.55,1.72,-325.464,68.3318,230.0112,175,75
2026-05-11 17:51:48.010,1,-0.98,-0.62,1.62,-273.93399999999997,86.4418,206.7212,175,75
2026-05-11 17:51:48.030,1,-0.83,-0.35,1.93,-253.02400000000003,76.6218,192.2112,175,75
2026-05-11 17:51:48.039,1,-0.72,-0.17,2.06,-245.64400000000003,48.3918,180.56119999999999,175,75
2026-05-11 17:51:48.068,1,-0.51,0.13,2.1,-210.88400000000001,-22.708199999999998,156.2312,175,75
2026-05-11 17:51:48.079,1,-0.39,0.34,2.13,-184.124,-44.2882,145.6812,175,75
2026-05-11 17:51:48.079,1,-0.28,0.52,2.16,-153.574,-71.9682,125.8012,175,75
2026-05-11 17:51:48.090,1,-0.25,0.6,2.23,-112.224,-86.3682,89.2812,175,75
2026-05-11 17:51:48.109,1,-0.19,0.55,2.24,-79.664,-92.5782,57.21119999999999,175,75
2026-05-11 17:51:48.127,1,-0.13,0.4,2.02,13.685999999999998,-75.3882,-12.548800000000002,175,75
2026-05-11 17:51:48.149,1,-0.16,0.32,1.61,87.03599999999999,-16.9682,-72.4888,175,75
2026-05-11 17:51:48.164,1,-0.31,0.26,1.41,107.40599999999999,19.3118,-89.1388,175,75
2026-05-11 17:51:48.173,1,-0.49,0.35,1.5,146.186,128.4518,-99.9888,175,75
2026-05-11 17:51:48.213,1,-0.06,-0.23,1.87,222.706,62.541799999999995,-106.3888,175,75
2026-05-11 17:51:48.225,1,-0.14,-0.33,1.7,228.316,41.321799999999996,-111.3288,175,75
2026-05-11 17:51:48.225,1,-0.26,-0.39,1.45,236.55599999999998,41.5018,-122.5488,175,75
2026-05-11 17:51:48.231,1,-0.38,-0.44,1.32,245.756,58.45179999999999,-129.37879999999998,175,75
2026-05-11 17:51:48.257,1,-0.48,-0.68,1.3,275.946,108.09179999999999,-139.8088,175,75
2026-05-11 17:51:48.269,1,-0.46,-0.79,1.33,283.68600000000004,111.74180000000001,-143.8888,175,75
2026-05-11 17:51:48.290,1,-0.5,-0.92,1.36,290.146,112.3518,-145.9588,175,75
2026-05-11 17:51:48.290,1,-0.52,-0.99,1.36,294.536,114.3118,-146.6988,175,75
2026-05-11 17:51:48.301,1,-0.53,-1.03,1.37,296.48600000000005,115.46180000000001,-146.2688,175,75
2026-05-11 17:51:48.319,1,-0.53,-1.06,1.41,300.276,114.12180000000001,-147.3688,175,75
2026-05-11 17:51:48.337,1,-0.58,-1.07,1.44,302.586,113.21180000000001,-146.1488,175,75
2026-05-11 17:51:48.376,1,-0.7,-1.25,1.42,309.17600000000004,108.9418,-145.4188,175,75
2026-05-11 17:51:48.387,1,-0.76,-1.42,1.42,310.206,109.1218,-146.3888,175,75
2026-05-11 17:51:48.398,1,-0.84,-1.54,1.39,312.346,117.90180000000001,-144.2588,175,75
2026-05-11 17:51:48.398,1,-0.92,-1.71,1.33,315.516,128.3918,-144.8088,175,75
2026-05-11 17:51:48.412,1,-0.98,-1.88,1.33,318.076,151.3818,-137.1188,175,75
2026-05-11 17:51:48.422,1,-1.0,-1.97,1.32,315.146,171.0718,-129.5588,175,75
2026-05-11 17:51:48.434,1,-0.98,-1.97,1.31,295.696,203.3318,-112.2488,175,75
2026-05-11 17:51:48.444,1,-0.96,-1.98,1.29,282.586,211.0718,-107.78880000000001,175,75
2026-05-11 17:51:48.456,1,-1.06,-1.97,1.21,266.12600000000003,207.7818,-100.28880000000001,175,75
2026-05-11 17:51:48.479,1,-1.31,-1.8,1.29,244.356,290.4618,-68.0388,175,75
2026-05-11 17:51:48.491,1,-0.95,-1.54,0.91,154.236,154.4318,-49.4388,175,75
2026-05-11 17:51:48.491,1,-1.01,-1.31,0.52,106.79599999999999,157.3518,-45.958800000000004,175,75
2026-05-11 17:51:48.502,1,-1.39,-1.02,0.49,73.316,182.9618,-31.6988,175,75
2026-05-11 17:51:48.513,1,-1.13,-1.05,0.82,50.636,192.9618,-19.5588,175,75
2026-05-11 17:51:48.558,1,-0.84,-1.03,1.54,-47.044,86.2618,5.991199999999997,175,75
2026-05-11 17:51:48.567,1,-0.95,-0.89,2.54,-13.694,160.8318,26.411199999999994,175,75
2026-05-11 17:51:48.572,1,-0.6,-0.77,3.36,3.565999999999999,138.0318,38.0612,175,75
2026-05-11 17:51:48.616,1,-0.91,-0.78,1.4,-73.87400000000001,-145.8782,36.721199999999996,175,75
2026-05-11 17:51:48.616,1,-0.97,-0.81,1.29,-56.074000000000005,-39.8982,43.4312,175,75
2026-05-11 17:51:48.634,1,-0.83,-0.7,1.59,-24.973999999999997,17.661800000000003,47.8812,175,75
2026-05-11 17:51:48.634,1,-0.67,-0.72,1.93,-8.994000000000002,25.8918,50.3212,175,75
2026-05-11 17:51:48.681,1,-0.61,-0.87,2.04,-22.293999999999997,-14.598199999999999,50.3812,175,75
2026-05-11 17:51:48.681,1,-0.67,-0.87,1.97,-31.134,-31.118199999999998,51.7812,175,75
2026-05-11 17:51:48.691,1,-0.75,-0.83,1.97,-35.333999999999996,-35.328199999999995,51.84119999999999,175,75
2026-05-11 17:51:48.736,1,-0.85,-0.86,1.91,-38.994,-42.218199999999996,48.6712,175,75
2026-05-11 17:51:48.746,1,-0.9,-0.82,1.85,-33.144,-29.1682,42.941199999999995,175,75
2026-05-11 17:51:48.761,1,-0.82,-0.83,1.85,-22.473999999999997,-20.9382,35.191199999999995,175,75
2026-05-11 17:51:48.799,1,-0.88,-0.82,1.77,-17.834000000000003,-19.538199999999996,33.551199999999994,175,75
2026-05-11 17:51:48.799,1,-0.9,-0.78,1.73,-6.804,-7.158199999999997,32.02119999999999,175,75
2026-05-11 17:51:48.812,1,-0.89,-0.76,1.77,6.735999999999999,9.3718,28.791199999999996,175,75
2026-05-11 17:51:48.823,1,-0.88,-0.85,1.92,15.695999999999998,19.551800000000004,25.5612,175,75
