Time,ID,Ax,Ay,Az,Gx,Gy,Gz,Height,Weight
2026-05-07 18:24:24.595,2,0.23,0.17,0.65,-39.7278,33.7596,32.2814,175,75
2026-05-07 18:24:24.607,2,0.24,0.16,0.65,-39.787800000000004,37.9096,34.1714,175,75
2026-05-07 18:24:24.617,2,0.23,0.15,0.65,-41.0078,42.839600000000004,35.2114,175,75
2026-05-07 18:24:24.634,2,0.24,0.16,0.67,-39.297799999999995,48.449600000000004,36.9214,175,75
2026-05-07 18:24:24.654,2,0.26,0.16,0.69,-36.437799999999996,47.5396,39.0514,175,75
2026-05-07 18:24:24.654,2,0.29,0.14,0.7,-36.8678,40.8896,41.981399999999994,175,75
2026-05-07 18:24:24.666,2,0.3,0.14,0.7,-38.567800000000005,36.3196,43.6914,175,75
2026-05-07 18:24:24.677,2,0.32,0.13,0.68,-39.427800000000005,33.089600000000004,45.3914,175,75
2026-05-07 18:24:24.686,2,0.35,0.11,0.67,-38.567800000000005,30.5896,47.2814,175,75
2026-05-07 18:24:24.699,2,0.37,0.09,0.67,-38.9978,29.9796,47.651399999999995,175,75
2026-05-07 18:24:24.725,2,0.41,0.07,0.65,-38.6278,27.9696,43.4414,175,75
2026-05-07 18:24:24.737,2,0.4,0.1,0.62,-38.2678,28.3296,41.4914,175,75
2026-05-07 18:24:24.737,2,0.4,0.13,0.62,-38.2078,31.619600000000002,40.4514,175,75
2026-05-07 18:24:24.759,2,0.36,0.16,0.62,-37.6578,47.1696,39.231399999999994,175,75
2026-05-07 18:24:24.769,2,0.35,0.16,0.65,-38.6278,49.8596,39.231399999999994,175,75
2026-05-07 18:24:24.783,2,0.35,0.16,0.66,-39.787800000000004,51.3196,39.721399999999996,175,75
2026-05-07 18:24:24.800,2,0.35,0.16,0.66,-41.797799999999995,51.8696,39.481399999999994,175,75
2026-05-07 18:24:24.807,2,0.34,0.17,0.67,-44.4278,55.8896,39.3014,175,75
2026-05-07 18:24:24.833,2,0.27,0.15,0.72,-45.5878,65.03960000000001,39.84139999999999,175,75
2026-05-07 18:24:24.833,2,0.25,0.12,0.75,-45.2778,67.6596,39.971399999999996,175,75
2026-05-07 18:24:24.866,2,0.14,0.12,0.8,-49.2978,71.0796,41.4314,175,75
2026-05-07 18:24:24.866,2,0.11,0.11,0.79,-49.5478,71.86959999999999,44.0514,175,75
2026-05-07 18:24:24.876,2,0.09,0.1,0.79,-47.4078,69.6096,47.041399999999996,175,75
2026-05-07 18:24:24.900,2,0.03,0.11,0.77,-42.1078,69.0596,50.09139999999999,175,75
2026-05-07 18:24:24.910,2,-0.05,0.11,0.76,-37.3478,74.11959999999999,55.0314,175,75
2026-05-07 18:24:24.912,2,-0.09,0.11,0.77,-33.7578,73.9996,58.9314,175,75
2026-05-07 18:24:24.923,2,-0.08,0.08,0.79,-31.2578,67.3596,62.221399999999996,175,75
2026-05-07 18:24:24.946,2,-0.09,0.03,0.78,-31.067800000000002,51.1396,63.9314,175,75
2026-05-07 18:24:24.946,2,-0.15,0.0,0.73,-32.287800000000004,43.9396,63.3814,175,75
2026-05-07 18:24:24.958,2,-0.26,-0.02,0.66,-34.297799999999995,43.0296,63.9914,175,75
2026-05-07 18:24:24.998,2,-0.59,-0.1,0.46,-40.827799999999996,75.9496,74.97139999999999,175,75
2026-05-07 18:24:25.012,2,-0.6,-0.14,0.45,-41.797799999999995,87.5996,76.4914,175,75
2026-05-07 18:24:25.012,2,-0.57,-0.2,0.5,-44.3678,99.2496,78.56139999999999,175,75
2026-05-07 18:24:25.030,2,-0.57,-0.25,0.48,-48.8778,94.3696,84.0514,175,75
2026-05-07 18:24:25.049,2,-0.69,-0.29,0.36,-62.0478,76.1396,96.73140000000001,175,75
2026-05-07 18:24:25.067,2,-0.74,-0.37,0.3,-70.2178,76.9296,104.66139999999999,175,75
2026-05-07 18:24:25.067,2,-0.78,-0.47,0.26,-78.8178,94.7296,115.1514,175,75
2026-05-07 18:24:25.094,2,-0.75,-0.72,0.29,-90.2178,145.4696,136.7314,175,75
2026-05-07 18:24:25.104,2,-0.73,-0.79,0.35,-95.1578,153.5796,146.1914,175,75
2026-05-07 18:24:25.123,2,-0.5,-0.87,0.43,-106.1878,107.53960000000001,144.4214,175,75
2026-05-07 18:24:25.148,2,-0.39,-0.9,0.36,-115.0978,69.4896,140.7614,175,75
2026-05-07 18:24:25.148,2,-0.39,-0.87,0.26,-123.6278,56.0796,142.8914,175,75
2026-05-07 18:24:25.160,2,-0.47,-0.82,0.14,-134.7278,57.5996,147.1614,175,75
2026-05-07 18:24:25.178,2,-0.5,-0.86,0.01,-152.0478,114.0596,152.5314,175,75
2026-05-07 18:24:25.191,2,-0.49,-0.93,0.04,-158.81779999999998,173.5096,157.8914,175,75
2026-05-07 18:24:25.203,2,-0.46,-0.97,0.14,-163.62779999999998,222.9696,159.3614,175,75
2026-05-07 18:24:25.221,2,-0.31,-0.96,0.42,-172.95780000000002,261.68960000000004,150.3314,175,75
2026-05-07 18:24:25.234,2,-0.2,-0.92,0.6,-187.1078,226.4996,142.7714,175,75
2026-05-07 18:24:25.247,2,-0.09,-0.93,0.63,-198.87779999999998,203.5796,140.5114,175,75
2026-05-07 18:24:25.268,2,0.0,-0.92,0.6,-204.1778,194.0596,137.0414,175,75
2026-05-07 18:24:25.279,2,0.08,-0.87,0.62,-202.2278,197.1696,130.3914,175,75
2026-05-07 18:24:25.290,2,0.09,-0.8,0.62,-198.32780000000002,199.9796,122.7114,175,75
2026-05-07 18:24:25.305,2,0.09,-0.74,0.64,-197.83780000000002,199.4896,114.23140000000001,175,75
2026-05-07 18:24:25.305,2,0.07,-0.65,0.65,-197.83780000000002,199.3096,108.32140000000001,175,75
2026-05-07 18:24:25.315,2,0.09,-0.56,0.64,-194.9078,196.8096,103.50139999999999,175,75
2026-05-07 18:24:25.348,2,0.07,-0.5,0.64,-168.62779999999998,229.6696,94.23140000000001,175,75
2026-05-07 18:24:25.367,2,-0.01,-0.55,0.72,-159.4278,266.6196,89.8414,175,75
2026-05-07 18:24:25.388,2,-0.04,-0.48,0.88,-145.2178,282.2996,83.69139999999999,175,75
2026-05-07 18:24:25.401,2,0.38,-0.35,1.29,-119.2978,204.3696,51.731399999999994,175,75
2026-05-07 18:24:25.416,2,0.56,-0.26,1.39,-125.3378,123.0896,50.3314,175,75
2026-05-07 18:24:25.429,2,0.53,-0.06,1.3,-147.1678,-11.9104,58.691399999999994,175,75
2026-05-07 18:24:25.442,2,0.43,0.05,1.13,-161.7978,-95.0804,62.041399999999996,175,75
2026-05-07 18:24:25.442,2,0.31,0.12,0.81,-172.3478,-156.3604,59.7814,175,75
2026-05-07 18:24:25.454,2,0.22,0.14,0.62,-175.33780000000002,-161.6104,55.761399999999995,175,75
2026-05-07 18:24:25.466,2,0.17,0.16,0.44,-172.3478,-124.59039999999999,47.4114,175,75
2026-05-07 18:24:25.476,2,0.11,0.25,0.3,-153.68779999999998,-33.6204,42.041399999999996,175,75
2026-05-07 18:24:25.483,2,0.09,0.32,0.27,-134.7878,42.7196,38.8114,175,75
2026-05-07 18:24:25.494,2,0.12,0.36,0.34,-120.3378,111.6896,35.2714,175,75
2026-05-07 18:24:25.508,2,0.15,0.43,0.49,-108.3878,179.3096,28.441399999999998,175,75
2026-05-07 18:24:25.517,2,0.18,0.48,0.61,-99.6678,206.2596,22.771399999999996,175,75
2026-05-07 18:24:25.538,2,0.24,0.49,0.82,-77.5378,202.4196,15.211399999999998,175,75
2026-05-07 18:24:25.545,2,0.22,0.46,0.86,-70.2178,191.9296,12.161399999999997,175,75
2026-05-07 18:24:25.560,2,0.22,0.45,0.89,-62.897800000000004,178.4496,8.081399999999999,175,75
2026-05-07 18:24:25.580,2,0.28,0.52,0.96,-47.9578,127.1096,1.9213999999999984,175,75
2026-05-07 18:24:25.597,2,0.32,0.62,0.96,-39.9778,86.6896,2.531399999999998,175,75
2026-05-07 18:24:25.606,2,0.39,0.68,0.91,-31.4378,39.4296,3.9913999999999987,175,75
2026-05-07 18:24:25.635,2,0.35,0.68,0.64,-11.6178,-36.4904,-2.048600000000004,175,75
2026-05-07 18:24:25.652,2,0.31,0.69,0.55,-7.7178,-37.6404,-4.358600000000003,175,75
2026-05-07 18:24:25.665,2,0.31,0.69,0.49,-2.4078,-32.0304,-6.498600000000003,175,75
2026-05-07 18:24:25.676,2,0.33,0.69,0.41,2.3422,-28.3804,-9.5486,175,75
2026-05-07 18:24:25.694,2,0.32,0.64,0.29,14.232199999999999,6.0796,-16.558600000000006,175,75
2026-05-07 18:24:25.716,2,0.31,0.62,0.28,17.772199999999998,34.979600000000005,-19.358600000000003,175,75
2026-05-07 18:24:25.716,2,0.32,0.62,0.29,19.3522,59.7996,-22.108600000000003,175,75
2026-05-07 18:24:25.728,2,0.33,0.65,0.36,21.9122,87.1696,-23.0786,175,75
2026-05-07 18:24:25.743,2,0.35,0.65,0.42,25.882199999999997,95.2796,-25.028600000000004,175,75
2026-05-07 18:24:25.752,2,0.36,0.62,0.49,30.212200000000003,88.8796,-27.348600000000005,175,75
2026-05-07 18:24:25.771,2,0.42,0.58,0.57,32.102199999999996,42.1696,-31.738600000000005,175,75
2026-05-07 18:24:25.795,2,0.53,0.49,0.45,37.5922,-3.1304,-48.9386,175,75
2026-05-07 18:24:25.824,2,0.17,0.62,0.22,46.7922,88.1496,-78.93860000000001,175,75
2026-05-07 18:24:25.847,2,0.02,0.79,0.32,50.0222,170.2796,-67.95859999999999,175,75
2026-05-07 18:24:25.860,2,0.51,0.62,0.76,51.9822,241.8096,-47.168600000000005,175,75
2026-05-07 18:24:25.876,2,0.74,0.44,0.92,63.9922,180.9496,-51.558600000000006,175,75
2026-05-07 18:24:25.883,2,0.77,0.34,0.94,77.0422,114.7996,-58.388600000000004,175,75
2026-05-07 18:24:25.909,2,0.62,0.26,0.75,83.9922,74.6696,-72.4086,175,75
2026-05-07 18:24:25.909,2,0.47,0.3,0.59,79.6622,91.3796,-80.39860000000002,175,75
2026-05-07 18:24:25.931,2,0.17,0.51,0.43,70.76219999999999,245.8296,-77.71860000000001,175,75
2026-05-07 18:24:25.944,2,0.18,0.52,0.58,78.9322,340.4696,-68.3886,175,75
2026-05-07 18:24:25.968,2,0.49,0.46,1.19,99.2322,421.9296,-54.2386,175,75
2026-05-07 18:24:25.978,2,0.65,0.49,1.51,103.9922,395.5296,-45.08860000000001,175,75
2026-05-07 18:24:25.994,2,0.77,0.53,1.87,91.0022,267.2996,-22.958600000000004,175,75
2026-05-07 18:24:26.007,2,0.88,0.53,1.97,83.6822,174.9196,-8.568600000000004,175,75
2026-05-07 18:24:26.016,2,1.07,0.6,2.02,95.6322,47.4796,8.561399999999999,175,75
2026-05-07 18:24:26.027,2,1.15,0.41,1.96,114.6022,-49.9604,18.8114,175,75
2026-05-07 18:24:26.041,2,1.15,0.09,1.78,128.0122,-134.5304,24.231399999999997,175,75
2026-05-07 18:24:26.054,2,1.08,-0.16,1.52,140.9422,-199.9604,22.221399999999996,175,75
2026-05-07 18:24:26.065,2,0.99,-0.23,1.27,153.0722,-221.7904,11.251399999999997,175,75
2026-05-07 18:24:26.065,2,0.99,-0.21,1.01,167.3422,-207.3404,-8.568600000000004,175,75
2026-05-07 18:24:26.088,2,1.02,-0.17,0.79,176.85219999999998,-173.6804,-24.608600000000003,175,75
2026-05-07 18:24:26.088,2,0.96,-0.18,0.68,181.37220000000002,-142.0304,-34.848600000000005,175,75
2026-05-07 18:24:26.122,2,0.95,-0.3,0.63,192.16219999999998,-70.3904,-56.678599999999996,175,75
2026-05-07 18:24:26.133,2,0.99,-0.26,0.71,193.3822,-58.620400000000004,-63.0186,175,75
2026-05-07 18:24:26.144,2,0.99,-0.3,0.74,188.74220000000003,-107.2204,-65.8886,175,75
2026-05-07 18:24:26.166,2,0.93,-0.3,0.7,174.9022,-140.6904,-69.7886,175,75
2026-05-07 18:24:26.166,2,0.88,-0.22,0.63,165.7022,-150.2704,-74.7886,175,75
2026-05-07 18:24:26.182,2,0.85,-0.15,0.59,159.60219999999998,-149.8404,-80.45859999999999,175,75
2026-05-07 18:24:26.194,2,0.86,-0.14,0.55,156.12220000000002,-145.5104,-86.55860000000001,175,75
2026-05-07 18:24:26.216,2,0.84,-0.2,0.51,155.7622,-135.1404,-95.9486,175,75
2026-05-07 18:24:26.216,2,0.77,-0.22,0.47,157.5222,-121.4904,-103.5686,175,75
2026-05-07 18:24:26.227,2,0.7,-0.2,0.41,162.10219999999998,-101.2404,-111.3786,175,75
2026-05-07 18:24:26.238,2,0.58,-0.18,0.38,167.16219999999998,-76.5504,-116.0086,175,75
2026-05-07 18:24:26.251,2,0.53,-0.18,0.38,171.12220000000002,-47.8304,-119.48859999999999,175,75
2026-05-07 18:24:26.251,2,0.55,-0.18,0.41,174.29219999999998,-23.2504,-121.18860000000001,175,75
2026-05-07 18:24:26.262,2,0.55,-0.19,0.49,178.93220000000002,-8.0104,-121.7986,175,75
2026-05-07 18:24:26.273,2,0.65,-0.19,0.62,185.4522,-9.3504,-120.6386,175,75
2026-05-07 18:24:26.297,2,0.68,-0.16,0.63,188.0722,-59.900400000000005,-116.73859999999999,175,75
2026-05-07 18:24:26.297,2,0.62,-0.13,0.56,186.37220000000002,-73.8604,-116.30859999999998,175,75
2026-05-07 18:24:26.320,2,0.55,-0.1,0.44,185.2722,-73.5604,-116.3786,175,75
2026-05-07 18:24:26.320,2,0.49,-0.1,0.37,184.7222,-61.180400000000006,-115.51859999999999,175,75
2026-05-07 18:24:26.331,2,0.51,-0.13,0.35,183.99220000000003,-32.7704,-116.8586,175,75
2026-05-07 18:24:26.341,2,0.58,-0.15,0.38,183.3822,-12.950399999999998,-118.6286,175,75
2026-05-07 18:24:26.362,2,0.59,-0.15,0.43,182.9522,-8.6204,-119.4186,175,75
2026-05-07 18:24:26.374,2,0.6,-0.12,0.45,183.56220000000002,-10.5104,-119.6686,175,75
2026-05-07 18:24:26.385,2,0.58,-0.07,0.47,184.23219999999998,-14.7804,-119.2986,175,75
2026-05-07 18:24:26.398,2,0.57,-0.0,0.45,184.7222,-20.1404,-117.2886,175,75
2026-05-07 18:24:26.409,2,0.62,-0.01,0.46,186.06220000000002,-21.730400000000003,-115.5786,175,75
2026-05-07 18:24:26.425,2,0.62,-0.04,0.46,186.91219999999998,-29.900399999999998,-114.9086,175,75
2026-05-07 18:24:26.436,2,0.52,-0.02,0.42,186.61219999999997,-35.5104,-115.6386,175,75
2026-05-07 18:24:26.453,2,0.56,0.01,0.36,185.8222,-39.4104,-114.48859999999999,175,75
2026-05-07 18:24:26.465,2,0.48,-0.03,0.33,182.7722,-34.5304,-113.74859999999998,175,75
2026-05-07 18:24:26.488,2,0.52,0.1,0.31,180.0922,-13.250399999999999,-112.95859999999999,175,75
2026-05-07 18:24:26.506,2,0.59,0.18,0.36,178.2022,-9.9604,-111.8586,175,75
2026-05-07 18:24:26.506,2,0.63,0.19,0.41,174.66219999999998,-12.090399999999999,-109.48859999999999,175,75
2026-05-07 18:24:26.522,2,0.64,0.16,0.42,172.5922,-23.9204,-108.6286,175,75
2026-05-07 18:24:26.555,2,0.49,0.2,0.3,169.41219999999998,-28.440399999999997,-109.3586,175,75
2026-05-07 18:24:26.567,2,0.48,0.27,0.28,168.81220000000002,-13.0704,-108.74859999999998,175,75
2026-05-07 18:24:26.569,2,0.56,0.3,0.33,168.4422,-6.1204,-107.1086,175,75
2026-05-07 18:24:26.625,2,0.53,0.29,0.25,169.23219999999998,-13.130399999999998,-105.02859999999998,175,75
2026-05-07 18:24:26.660,2,0.52,0.29,0.22,167.4622,-11.6704,-103.74859999999998,175,75
2026-05-07 18:24:26.702,2,0.52,0.33,0.33,166.91219999999998,-7.520399999999999,-98.5686,175,75
2026-05-07 18:24:26.724,2,0.44,0.4,0.24,174.41219999999998,-18.4404,-96.3786,175,75
2026-05-07 18:24:26.754,2,0.45,0.55,0.18,167.4022,-21.8504,-92.4086,175,75
2026-05-07 18:24:26.765,2,0.5,0.48,0.2,163.4422,-33.1304,-92.2886,175,75
2026-05-07 18:24:26.768,2,0.51,0.42,0.21,158.2022,-44.5904,-93.01859999999999,175,75
2026-05-07 18:24:26.820,2,0.48,0.61,0.17,152.7122,-37.5804,-97.1086,175,75
2026-05-07 18:24:26.820,2,0.48,0.64,0.15,147.16219999999998,-39.2304,-94.2986,175,75
2026-05-07 18:24:26.834,2,0.52,0.64,0.12,139.54219999999998,-42.2204,-90.51859999999999,175,75
2026-05-07 18:24:26.844,2,0.51,0.6,0.12,133.0122,-40.6304,-88.80860000000001,175,75
2026-05-07 18:24:26.859,2,0.54,0.6,0.16,130.7622,-36.9704,-89.11860000000001,175,75
2026-05-07 18:24:26.872,2,0.54,0.6,0.21,130.1522,-41.1204,-90.33860000000001,175,75
2026-05-07 18:24:26.883,2,0.5,0.62,0.23,127.1022,-53.130399999999995,-91.55860000000001,175,75
2026-05-07 18:24:26.894,2,0.52,0.64,0.22,122.3422,-65.4504,-91.55860000000001,175,75
2026-05-07 18:24:26.923,2,0.44,0.62,0.07,115.6322,-67.5204,-94.7286,175,75
2026-05-07 18:24:26.935,2,0.44,0.62,0.01,116.2422,-59.5904,-97.71860000000001,175,75
2026-05-07 18:24:26.957,2,0.41,0.71,-0.0,119.7822,-18.5604,-104.48859999999999,175,75
2026-05-07 18:24:26.957,2,0.41,0.7,0.04,119.7822,-1.1204,-107.2886,175,75
2026-05-07 18:24:26.976,2,0.37,0.68,0.08,119.05220000000001,1.1395999999999997,-106.9186,175,75
2026-05-07 18:24:26.990,2,0.33,0.71,0.08,114.8422,-10.630399999999998,-104.48859999999999,175,75
2026-05-07 18:24:27.033,2,0.37,0.68,-0.04,103.01219999999999,-15.3904,-99.23859999999999,175,75
2026-05-07 18:24:27.045,2,0.33,0.69,-0.07,102.6522,-4.720399999999998,-99.2986,175,75
2026-05-07 18:24:27.056,2,0.35,0.75,-0.05,102.2822,10.6496,-98.6286,175,75
2026-05-07 18:24:27.064,2,0.34,0.77,-0.03,100.0222,14.7996,-97.0486,175,75
2026-05-07 18:24:27.087,2,0.32,0.76,-0.03,97.5222,13.0296,-95.02860000000001,175,75
2026-05-07 18:24:27.102,2,0.32,0.74,0.0,94.1122,11.499600000000001,-93.01859999999999,175,75
2026-05-07 18:24:27.115,2,0.29,0.74,0.03,92.4022,8.7596,-91.49860000000001,175,75
2026-05-07 18:24:27.125,2,0.29,0.75,0.04,93.4422,7.2296000000000005,-90.21860000000001,175,75
2026-05-07 18:24:27.135,2,0.26,0.75,0.05,95.2722,9.4896,-88.93860000000001,175,75
2026-05-07 18:24:27.155,2,0.23,0.76,0.05,99.1122,15.5296,-86.73859999999999,175,75
2026-05-07 18:24:27.165,2,0.23,0.81,0.04,101.9822,19.4896,-82.83860000000001,175,75
2026-05-07 18:24:27.184,2,0.25,0.89,0.07,103.4422,22.3596,-73.8786,175,75
2026-05-07 18:24:27.199,2,0.26,0.84,0.13,103.2022,18.209600000000002,-71.30860000000001,175,75
2026-05-07 18:24:27.210,2,0.31,0.77,0.24,102.1622,-10.810400000000001,-68.8786,175,75
2026-05-07 18:24:27.223,2,0.28,0.79,0.22,102.5222,-32.6404,-68.26859999999999,175,75
2026-05-07 18:24:27.249,2,0.08,0.83,-0.02,99.2322,-31.4904,-60.028600000000004,175,75
2026-05-07 18:24:27.260,2,0.1,0.84,-0.05,98.6822,-0.39039999999999964,-56.068599999999996,175,75
2026-05-07 18:24:27.284,2,0.28,0.8,0.14,100.9422,34.1896,-54.2386,175,75
2026-05-07 18:24:27.298,2,0.33,0.78,0.26,103.3222,18.6996,-53.6286,175,75
2026-05-07 18:24:27.298,2,0.31,0.77,0.32,107.7722,0.7096,-51.678599999999996,175,75
2026-05-07 18:24:27.324,2,0.19,0.82,0.23,106.5522,-48.6204,-41.9886,175,75
2026-05-07 18:24:27.371,2,0.18,0.74,0.29,108.01219999999999,-52.0904,-41.308600000000006,175,75
2026-05-07 18:24:27.385,2,0.09,0.77,0.29,108.0722,-87.7004,-36.8586,175,75
2026-05-07 18:24:27.402,2,0.03,0.79,0.2,105.8222,-95.9404,-32.778600000000004,175,75
2026-05-07 18:24:27.415,2,0.0,0.8,0.13,106.4322,-86.5504,-29.1186,175,75
2026-05-07 18:24:27.428,2,0.09,0.72,0.07,111.1222,-61.240399999999994,-26.988600000000005,175,75
2026-05-07 18:24:27.428,2,0.11,0.64,0.08,112.2822,-37.4604,-27.778600000000004,175,75
2026-05-07 18:24:27.439,2,0.13,0.63,0.11,112.8922,-21.3604,-31.308600000000006,175,75
2026-05-07 18:24:27.452,2,0.13,0.69,0.16,115.2122,-17.7004,-34.488600000000005,175,75
2026-05-07 18:24:27.462,2,0.07,0.73,0.2,117.5222,-19.7804,-35.3986,175,75
2026-05-07 18:24:27.470,2,0.03,0.73,0.21,117.4022,-17.8304,-33.9386,175,75
2026-05-07 18:24:27.486,2,-0.08,0.68,0.18,116.9822,-11.060400000000001,-28.448600000000006,175,75
2026-05-07 18:24:27.513,2,-0.15,0.58,0.13,118.5022,-1.9103999999999992,-14.788600000000002,175,75
2026-05-07 18:24:27.527,2,0.15,0.51,0.14,125.0922,3.329600000000001,-7.528600000000004,175,75
2026-05-07 18:24:27.542,2,0.13,0.46,0.2,131.06220000000002,-0.8803999999999998,-8.628600000000006,175,75
2026-05-07 18:24:27.554,2,0.01,0.45,0.25,140.7622,-28.3804,-2.838600000000003,175,75
2026-05-07 18:24:27.563,2,-0.17,0.43,0.19,138.81220000000002,-39.4704,5.271399999999996,175,75
2026-05-07 18:24:27.629,2,0.08,0.19,0.25,150.5122,-4.9604,27.041399999999996,175,75
2026-05-07 18:24:27.651,2,-0.01,0.05,0.41,155.8222,-43.0104,30.451399999999996,175,75
2026-05-07 18:24:27.735,2,-0.01,-0.15,0.48,186.31220000000002,-79.96039999999999,60.6414,175,75
2026-05-07 18:24:27.757,2,-0.15,-0.13,0.16,173.50220000000002,-142.5204,65.5114,175,75
2026-05-07 18:24:27.767,2,-0.23,-0.15,0.02,167.7722,-144.5904,65.03139999999999,175,75
2026-05-07 18:24:27.774,2,-0.25,-0.31,-0.09,169.23219999999998,-65.2004,66.4314,175,75
2026-05-07 18:24:27.814,2,0.06,-0.38,0.18,162.8322,-6.790399999999998,65.4514,175,75
2026-05-07 18:24:27.824,2,0.11,-0.38,0.23,158.0122,-34.8404,67.7714,175,75
2026-05-07 18:24:27.835,2,0.04,-0.41,0.17,147.16219999999998,-89.7804,71.3714,175,75
2026-05-07 18:24:27.846,2,-0.11,-0.4,-0.06,133.62220000000002,-107.9504,62.7114,175,75
2026-05-07 18:24:27.863,2,-0.11,-0.41,-0.14,132.4622,-85.6304,58.2014,175,75
2026-05-07 18:24:27.875,2,-0.1,-0.47,-0.19,126.7922,-44.2304,55.511399999999995,175,75
2026-05-07 18:24:27.911,2,0.01,-0.39,-0.1,86.3722,34.3096,43.621399999999994,175,75
2026-05-07 18:24:27.925,2,-0.01,-0.33,-0.02,78.2022,50.4696,43.871399999999994,175,75
2026-05-07 18:24:27.968,2,-0.04,-0.4,0.18,34.1122,68.9996,50.151399999999995,175,75
2026-05-07 18:24:27.984,2,-0.0,-0.35,0.3,30.1522,85.1596,51.2514,175,75
2026-05-07 18:24:27.997,2,0.01,-0.31,0.34,27.5922,81.1396,50.9414,175,75
2026-05-07 18:24:28.007,2,0.08,-0.27,0.41,25.452199999999998,63.0296,50.09139999999999,175,75
2026-05-07 18:24:28.031,2,0.03,-0.21,0.46,18.9922,36.869600000000005,53.7514,175,75
2026-05-07 18:24:28.044,2,-0.03,-0.17,0.49,11.982199999999999,38.3296,52.7114,175,75
2026-05-07 18:24:28.067,2,-0.06,-0.19,0.57,-0.45780000000000065,48.6396,54.6014,175,75
2026-05-07 18:24:28.070,2,-0.08,-0.26,0.59,-6.3178,49.1896,56.731399999999994,175,75
2026-05-07 18:24:28.080,2,-0.15,-0.25,0.43,-14.0578,30.9496,63.8114,175,75
2026-05-07 18:24:28.098,2,0.02,-0.22,0.12,-34.9778,20.709600000000002,39.6014,175,75
2026-05-07 18:24:28.112,2,0.31,-0.27,-0.18,-47.5378,69.9196,20.151399999999995,175,75
2026-05-07 18:24:28.125,2,-0.04,-0.23,-0.12,-28.8778,188.0296,21.371399999999998,175,75
2026-05-07 18:24:28.150,2,0.34,0.05,0.8,-5.2178,230.0996,-10.458600000000004,175,75
2026-05-07 18:24:28.161,2,0.28,0.13,1.07,-25.2778,139.4896,-2.1686000000000014,175,75
2026-05-07 18:24:28.177,2,0.29,0.11,1.18,-41.6178,49.2496,11.981399999999997,175,75
2026-05-07 18:24:28.179,2,0.24,0.08,1.06,-43.4478,-32.0904,24.541399999999996,175,75
2026-05-07 18:24:28.195,2,0.17,0.04,0.9,-39.787800000000004,-73.5004,26.251399999999997,175,75
2026-05-07 18:24:28.219,2,0.03,0.02,0.49,-33.7578,-49.050399999999996,10.941399999999998,175,75
2026-05-07 18:24:28.223,2,0.04,0.04,0.47,-21.9878,-10.080400000000001,8.501399999999997,175,75
2026-05-07 18:24:28.252,2,0.22,-0.17,0.7,-7.4078,11.9296,1.8613999999999962,175,75
2026-05-07 18:24:28.264,2,0.2,-0.17,0.72,-12.107800000000001,-11.3004,-0.3386000000000031,175,75
2026-05-07 18:24:28.275,2,0.07,-0.03,0.58,-18.6278,-59.7204,0.3313999999999986,175,75
2026-05-07 18:24:28.285,2,0.06,-0.03,0.5,-21.0678,-72.5804,2.411399999999997,175,75
2026-05-07 18:24:28.316,2,0.08,-0.09,0.41,-27.227800000000002,-75.5104,1.4313999999999965,175,75
2026-05-07 18:24:28.316,2,0.05,-0.1,0.39,-25.8878,-69.4104,1.3713999999999977,175,75
2026-05-07 18:24:28.327,2,0.06,-0.08,0.39,-27.7778,-69.96039999999999,-2.2886000000000024,175,75
2026-05-07 18:24:28.338,2,0.12,-0.07,0.39,-34.7278,-73.6804,-5.518600000000003,175,75
2026-05-07 18:24:28.376,2,0.12,-0.09,0.15,-66.4978,-106.3604,-11.7986,175,75
2026-05-07 18:24:28.388,2,0.14,-0.12,0.06,-74.5478,-106.0004,-13.568600000000004,175,75
2026-05-07 18:24:28.410,2,0.07,-0.37,-0.33,-85.3378,-19.470399999999998,-35.698600000000006,175,75
2026-05-07 18:24:28.422,2,0.24,-0.43,-0.39,-93.3278,15.4696,-52.9586,175,75
2026-05-07 18:24:28.442,2,0.26,-0.44,-0.44,-104.7878,39.1896,-65.08860000000001,175,75
2026-05-07 18:24:28.454,2,0.23,-0.44,-0.53,-113.8778,91.4396,-78.80860000000001,175,75
2026-05-07 18:24:28.458,2,0.38,-0.47,-0.6,-115.1578,153.6396,-95.51859999999999,175,75
2026-05-07 18:24:28.473,2,0.46,-0.54,-0.49,-117.6578,214.4296,-111.3786,175,75
2026-05-07 18:24:28.497,2,0.59,-0.59,-0.33,-117.2278,246.3196,-124.2986,175,75
2026-05-07 18:24:28.526,2,0.68,-0.75,0.02,-117.0478,78.5096,-174.7886,175,75
2026-05-07 18:24:28.570,2,0.35,-0.92,-0.12,-100.2778,127.7196,-216.55859999999998,175,75
2026-05-07 18:24:28.606,2,0.47,-0.81,0.36,-36.3778,160.5296,-243.07860000000002,175,75
2026-05-07 18:24:28.631,2,0.27,-0.72,0.4,-12.2878,86.6896,-248.50859999999997,175,75
2026-05-07 18:24:28.631,2,0.13,-0.62,0.3,-14.607800000000001,65.58959999999999,-250.3386,175,75
2026-05-07 18:24:28.653,2,0.07,-0.47,0.2,-12.777800000000001,75.2196,-248.50859999999997,175,75
2026-05-07 18:24:28.653,2,0.04,-0.36,0.21,-5.3378000000000005,102.0496,-242.7786,175,75
2026-05-07 18:24:28.665,2,0.08,-0.28,0.29,8.322199999999999,139.3696,-234.5486,175,75
2026-05-07 18:24:28.677,2,0.13,-0.26,0.42,22.2222,165.5296,-226.7986,175,75
2026-05-07 18:24:28.688,2,0.17,-0.24,0.58,37.8322,181.5596,-219.1786,175,75
2026-05-07 18:24:28.691,2,0.28,-0.22,0.71,50.2122,176.6896,-217.4686,175,75
2026-05-07 18:24:28.720,2,0.19,-0.06,0.87,74.9022,103.2096,-196.1886,175,75
2026-05-07 18:24:28.747,2,-0.08,0.17,0.78,81.0622,8.4496,-171.1886,175,75
2026-05-07 18:24:28.757,2,-0.1,0.24,0.76,82.9522,12.7196,-164.2986,175,75
2026-05-07 18:24:28.770,2,-0.07,0.29,0.74,88.01219999999999,20.9496,-155.02859999999998,175,75
2026-05-07 18:24:28.779,2,-0.08,0.33,0.71,91.5522,26.0096,-145.33859999999999,175,75
2026-05-07 18:24:28.796,2,-0.09,0.41,0.72,92.9522,35.589600000000004,-133.99859999999998,175,75
2026-05-07 18:24:28.803,2,-0.06,0.5,0.73,93.8722,42.479600000000005,-124.11859999999999,175,75
2026-05-07 18:24:28.813,2,-0.04,0.57,0.75,95.4522,43.9396,-114.7886,175,75
2026-05-07 18:24:28.823,2,-0.06,0.62,0.82,99.0522,47.9696,-101.98859999999999,175,75
2026-05-07 18:24:28.836,2,-0.08,0.63,0.86,103.9922,40.4096,-89.6086,175,75
2026-05-07 18:24:28.849,2,-0.1,0.65,0.91,106.1822,7.4196,-73.01859999999999,175,75
2026-05-07 18:24:28.859,2,-0.08,0.71,0.86,91.7922,-66.1204,-54.5486,175,75
2026-05-07 18:24:28.868,2,-0.06,0.71,0.79,85.4522,-77.8904,-49.418600000000005,175,75
2026-05-07 18:24:28.893,2,-0.08,0.72,0.69,85.7022,-74.96039999999999,-45.028600000000004,175,75
2026-05-07 18:24:28.893,2,-0.09,0.79,0.63,89.2922,-63.3104,-41.4986,175,75
2026-05-07 18:24:28.904,2,-0.08,0.91,0.57,91.6722,-48.5604,-36.4386,175,75
2026-05-07 18:24:28.915,2,-0.12,1.01,0.54,92.7722,-26.6104,-26.4386,175,75
2026-05-07 18:24:28.938,2,-0.06,1.0,0.55,86.0622,13.329600000000001,-10.888600000000004,175,75
2026-05-07 18:24:28.950,2,0.05,0.95,0.54,76.8522,13.3896,-4.488600000000002,175,75
2026-05-07 18:24:28.961,2,0.05,0.93,0.57,79.1122,16.8096,-0.2786000000000044,175,75
2026-05-07 18:24:28.984,2,0.19,0.92,0.64,84.3522,25.4096,11.861399999999998,175,75
2026-05-07 18:24:29.018,2,0.23,1.15,0.6,72.9522,-0.8103999999999996,23.621399999999998,175,75
2026-05-07 18:24:29.030,2,0.35,1.1,0.6,74.6022,-13.0104,29.661399999999997,175,75
2026-05-07 18:24:29.057,2,0.54,1.02,0.55,69.1722,-46.8504,27.341399999999997,175,75
2026-05-07 18:24:29.057,2,0.65,1.03,0.45,60.212199999999996,-75.5104,21.001399999999997,175,75
2026-05-07 18:24:29.070,2,0.6,1.07,0.4,56.37220000000001,-74.0504,17.281399999999998,175,75
2026-05-07 18:24:29.089,2,0.45,1.11,0.32,53.8122,-6.7303999999999995,21.371399999999998,175,75
2026-05-07 18:24:29.100,2,0.46,1.12,0.35,47.4022,24.1196,24.661399999999997,175,75
2026-05-07 18:24:29.108,2,0.61,1.06,0.37,45.6322,23.9396,25.211399999999998,175,75
2026-05-07 18:24:29.138,2,0.69,1.03,0.41,37.8922,-18.0704,24.601399999999998,175,75
2026-05-07 18:24:29.149,2,0.67,1.07,0.38,29.962200000000003,-29.3504,25.271399999999996,175,75
2026-05-07 18:24:29.163,2,0.59,1.07,0.27,12.1022,-23.3104,33.5614,175,75
2026-05-07 18:24:29.180,2,0.54,0.97,0.24,3.4421999999999997,-9.5304,36.6714,175,75
2026-05-07 18:24:29.192,2,0.65,0.89,0.28,2.7121999999999993,4.4896,36.2514,175,75
2026-05-07 18:24:29.210,2,0.76,0.88,0.33,5.212199999999999,8.2696,33.5614,175,75
2026-05-07 18:24:29.225,2,0.81,0.9,0.38,3.7422000000000004,-2.8903999999999996,30.5814,175,75
2026-05-07 18:24:29.235,2,0.81,0.93,0.41,-4.3678,-12.220399999999998,29.781399999999998,175,75
2026-05-07 18:24:29.246,2,0.78,0.92,0.42,-10.3378,-20.200400000000002,29.481399999999997,175,75
2026-05-07 18:24:29.250,2,0.72,0.89,0.39,-14.9778,-29.5304,30.7614,175,75
2026-05-07 18:24:29.286,2,0.69,0.91,0.21,-19.9078,-38.6804,19.301399999999997,175,75
2026-05-07 18:24:29.305,2,0.68,0.86,0.27,-21.0678,11.989600000000001,12.951399999999998,175,75
2026-05-07 18:24:29.315,2,0.74,0.87,0.33,-22.1678,18.6996,11.251399999999997,175,75
2026-05-07 18:24:29.332,2,0.77,0.9,0.37,-24.727800000000002,9.5496,9.911399999999997,175,75
2026-05-07 18:24:29.356,2,0.7,0.86,0.3,-31.1278,-44.7204,4.171399999999998,175,75
2026-05-07 18:24:29.369,2,0.62,0.85,0.22,-32.6578,-48.6204,2.951399999999996,175,75
2026-05-07 18:24:29.372,2,0.56,0.86,0.17,-32.8378,-23.620399999999997,3.811399999999999,175,75
2026-05-07 18:24:29.385,2,0.63,0.83,0.19,-33.7578,12.7196,4.0513999999999974,175,75
2026-05-07 18:24:29.414,2,0.72,0.87,0.32,-36.187799999999996,16.4396,1.9213999999999984,175,75
2026-05-07 18:24:29.429,2,0.72,0.9,0.37,-39.787800000000004,-1.420399999999999,2.041399999999996,175,75
2026-05-07 18:24:29.439,2,0.69,0.9,0.35,-45.0378,-24.230400000000003,0.701399999999996,175,75
2026-05-07 18:24:29.456,2,0.63,0.93,0.25,-46.9278,-20.8804,0.0913999999999966,175,75
2026-05-07 18:24:29.478,2,0.59,0.93,0.3,-41.437799999999996,40.5296,1.4913999999999987,175,75
2026-05-07 18:24:29.491,2,0.66,0.92,0.42,-38.8778,59.0596,2.3413999999999966,175,75
2026-05-07 18:24:29.491,2,0.68,0.91,0.53,-38.2078,58.1496,3.9913999999999987,175,75
2026-05-07 18:24:29.505,2,0.69,0.92,0.58,-37.1078,42.479600000000005,3.691399999999998,175,75
2026-05-07 18:24:29.517,2,0.73,0.92,0.61,-38.0178,-7.4604,3.691399999999998,175,75
2026-05-07 18:24:29.538,2,0.72,0.9,0.56,-42.1678,-60.020399999999995,2.5913999999999966,175,75
2026-05-07 18:24:29.542,2,0.68,0.89,0.45,-42.047799999999995,-77.4004,1.4313999999999965,175,75
2026-05-07 18:24:29.566,2,0.55,0.84,0.27,-36.187799999999996,-12.770399999999999,2.281399999999998,175,75
2026-05-07 18:24:29.602,2,0.62,0.87,0.41,-33.0178,41.2596,4.781399999999998,175,75
2026-05-07 18:24:29.619,2,0.61,0.88,0.48,-33.2078,32.6596,6.061399999999999,175,75
2026-05-07 18:24:29.619,2,0.64,0.87,0.5,-34.3678,11.1396,6.921399999999998,175,75
2026-05-07 18:24:29.631,2,0.66,0.87,0.5,-36.437799999999996,-16.790399999999998,7.341399999999997,175,75
2026-05-07 18:24:29.645,2,0.64,0.87,0.45,-36.8678,-31.300399999999996,7.341399999999997,175,75
2026-05-07 18:24:29.657,2,0.63,0.87,0.36,-35.4578,-32.5204,7.711399999999998,175,75
2026-05-07 18:24:29.685,2,0.55,0.91,0.28,-33.817800000000005,-8.380399999999998,9.721399999999997,175,75
2026-05-07 18:24:29.695,2,0.53,0.91,0.27,-31.7978,20.709600000000002,10.941399999999998,175,75
2026-05-07 18:24:29.706,2,0.55,0.92,0.3,-28.3878,42.4196,10.391399999999997,175,75
2026-05-07 18:24:29.718,2,0.58,0.93,0.34,-26.3778,56.9296,10.941399999999998,175,75
2026-05-07 18:24:29.718,2,0.61,0.92,0.4,-25.6478,63.9396,10.941399999999998,175,75
2026-05-07 18:24:29.752,2,0.59,1.0,0.47,-19.427799999999998,33.7596,9.911399999999997,175,75
2026-05-07 18:24:29.767,2,0.55,1.05,0.46,-14.2378,26.1396,11.311399999999997,175,75
2026-05-07 18:24:29.785,2,0.52,1.09,0.47,-4.7278,45.0996,17.221399999999996,175,75
2026-05-07 18:24:29.790,2,0.66,1.07,0.45,-2.7778,41.619600000000005,17.041399999999996,175,75
2026-05-07 18:24:29.804,2,0.7,1.03,0.43,-3.2078000000000007,30.279600000000002,16.4914,175,75
2026-05-07 18:24:29.819,2,0.61,0.98,0.41,1.062199999999999,31.2596,14.911399999999997,175,75
2026-05-07 18:24:29.832,2,0.55,0.95,0.41,10.2122,51.9296,15.331399999999997,175,75
2026-05-07 18:24:29.844,2,0.57,0.95,0.46,15.272199999999998,66.1396,16.551399999999997,175,75
2026-05-07 18:24:29.855,2,0.55,0.94,0.52,16.2422,70.8896,17.161399999999997,175,75
2026-05-07 18:24:29.866,2,0.61,0.92,0.57,17.522199999999998,64.2496,17.281399999999998,175,75
2026-05-07 18:24:29.882,2,0.7,0.9,0.56,19.9622,32.6596,12.221399999999997,175,75
2026-05-07 18:24:29.882,2,0.82,0.9,0.48,20.0922,-15.630399999999998,5.641399999999997,175,75
2026-05-07 18:24:29.899,2,0.68,0.89,0.4,22.1622,-31.6104,-0.0286000000000044,175,75
2026-05-07 18:24:29.927,2,0.46,0.96,0.39,37.8322,72.7196,6.061399999999999,175,75
2026-05-07 18:24:29.937,2,0.62,0.98,0.47,39.7222,112.8396,9.171399999999998,175,75
2026-05-07 18:24:29.961,2,0.72,0.94,0.64,39.5422,101.4396,8.811399999999999,175,75
2026-05-07 18:24:29.974,2,0.83,0.91,0.72,48.3822,65.33959999999999,7.161399999999997,175,75
2026-05-07 18:24:30.016,2,0.71,0.94,0.67,48.7422,23.3896,10.511399999999997,175,75
2026-05-07 18:24:30.026,2,0.69,0.95,0.67,52.7122,31.9296,14.971399999999997,175,75
2026-05-07 18:24:30.038,2,0.72,0.95,0.71,55.822199999999995,46.3796,16.981399999999997,175,75
2026-05-07 18:24:30.056,2,0.93,0.86,0.69,48.1322,21.0096,11.801399999999997,175,75
2026-05-07 18:24:30.067,2,0.87,0.78,0.65,45.5122,6.8096000000000005,4.721399999999996,175,75
2026-05-07 18:24:30.081,2,0.83,0.72,0.62,47.7722,25.4096,3.0813999999999986,175,75
2026-05-07 18:24:30.092,2,0.73,0.7,0.65,48.0722,46.6196,5.881399999999996,175,75
2026-05-07 18:24:30.104,2,0.76,0.7,0.74,46.4922,61.7496,8.321399999999997,175,75
2026-05-07 18:24:30.104,2,0.81,0.71,0.83,43.9322,60.6496,11.921399999999997,175,75
2026-05-07 18:24:30.123,2,0.92,0.68,0.91,40.3322,28.6996,8.991399999999999,175,75
2026-05-07 18:24:30.136,2,0.93,0.67,0.85,32.1622,-26.2404,2.4713999999999956,175,75
2026-05-07 18:24:30.146,2,0.8,0.68,0.75,28.6222,-40.3904,-1.798600000000004,175,75
2026-05-07 18:24:30.157,2,0.64,0.7,0.63,31.7322,-13.6204,-0.39860000000000184,175,75
2026-05-07 18:24:30.169,2,0.64,0.71,0.63,33.7422,18.3296,1.061399999999999,175,75
2026-05-07 18:24:30.181,2,0.71,0.71,0.7,34.6622,46.9296,4.3013999999999974,175,75
2026-05-07 18:24:30.194,2,0.78,0.69,0.8,34.352199999999996,55.5896,3.3813999999999957,175,75
2026-05-07 18:24:30.205,2,0.89,0.67,0.84,29.4822,31.3196,-0.7686000000000028,175,75
2026-05-07 18:24:30.212,2,0.8,0.68,0.81,20.3922,-9.1704,-4.668600000000001,175,75
2026-05-07 18:24:30.225,2,0.75,0.69,0.73,17.0422,-17.4604,-6.378600000000002,175,75
2026-05-07 18:24:30.240,2,0.66,0.7,0.66,11.612200000000001,2.3596000000000004,-5.9486000000000026,175,75
2026-05-07 18:24:30.262,2,0.69,0.73,0.69,13.5622,28.3896,-2.348600000000001,175,75
2026-05-07 18:24:30.287,2,0.73,0.75,0.79,8.072199999999999,22.9096,0.941399999999998,175,75
2026-05-07 18:24:30.300,2,0.72,0.74,0.81,5.5722000000000005,18.3896,1.4913999999999987,175,75
2026-05-07 18:24:30.300,2,0.75,0.73,0.78,4.232199999999999,11.8696,0.5113999999999983,175,75
2026-05-07 18:24:30.311,2,0.77,0.74,0.76,1.4322,4.6096,0.3313999999999986,175,75
2026-05-07 18:24:30.324,2,0.7,0.74,0.75,0.392199999999999,7.599600000000001,0.6413999999999973,175,75
2026-05-07 18:24:30.339,2,0.7,0.74,0.75,1.3721999999999994,15.4696,1.2513999999999967,175,75
2026-05-07 18:24:30.354,2,0.76,0.73,0.81,0.7622,12.8396,0.5113999999999983,175,75
2026-05-07 18:24:30.366,2,0.77,0.7,0.82,-1.7378,3.2696000000000005,-1.2486000000000033,175,75
2026-05-07 18:24:30.377,2,0.74,0.69,0.8,-3.6878,-3.4404000000000003,-2.898600000000002,175,75
2026-05-07 18:24:30.406,2,0.7,0.72,0.75,-2.5378000000000007,7.4196,-3.6286000000000023,175,75
2026-05-07 18:24:30.417,2,0.7,0.73,0.75,-3.0178000000000003,13.6996,-3.5686000000000035,175,75
2026-05-07 18:24:30.429,2,0.7,0.74,0.75,-4.9078,19.7996,-2.1686000000000014,175,75
2026-05-07 18:24:30.433,2,0.71,0.74,0.78,-7.1678,25.1596,-1.438600000000001,175,75
2026-05-07 18:24:30.444,2,0.77,0.74,0.8,-9.7878,20.8896,-1.558600000000002,175,75
2026-05-07 18:24:30.454,2,0.81,0.75,0.8,-13.1478,8.9396,-3.7486000000000033,175,75
2026-05-07 18:24:30.476,2,0.81,0.75,0.79,-16.5578,-5.1404,-5.828600000000002,175,75
2026-05-07 18:24:30.491,2,0.77,0.77,0.75,-18.2078,-10.270399999999999,-7.528600000000004,175,75
2026-05-07 18:24:30.502,2,0.79,0.84,0.73,-17.5378,0.7096,-10.028600000000004,175,75
2026-05-07 18:24:30.514,2,0.75,0.86,0.74,-16.6178,9.1196,-11.738600000000005,175,75
2026-05-07 18:24:30.520,2,0.72,0.86,0.75,-14.2378,17.6596,-12.468600000000002,175,75
2026-05-07 18:24:30.531,2,0.7,0.87,0.8,-10.3378,28.5096,-11.558600000000006,175,75
2026-05-07 18:24:30.548,2,0.72,0.88,0.86,-6.7378,32.479600000000005,-10.218600000000002,175,75
2026-05-07 18:24:30.559,2,0.75,0.87,0.92,-4.2378,26.7496,-10.5186,175,75
2026-05-07 18:24:30.566,2,0.73,0.86,0.95,-2.4778000000000002,7.839600000000001,-11.068600000000004,175,75
2026-05-07 18:24:30.574,2,0.73,0.86,0.95,-0.8878000000000004,-14.0504,-11.738600000000005,175,75
2026-05-07 18:24:30.617,2,0.7,0.84,0.81,2.5922,-41.550399999999996,-11.128600000000006,175,75
2026-05-07 18:24:30.638,2,0.61,0.87,0.72,6.372199999999999,-11.1204,-9.058600000000006,175,75
2026-05-07 18:24:30.649,2,0.64,0.88,0.72,9.662199999999999,5.4096,-7.168600000000005,175,75
2026-05-07 18:24:30.660,2,0.68,0.89,0.77,13.132200000000001,17.1696,-5.578600000000002,175,75
2026-05-07 18:24:30.670,2,0.69,0.89,0.8,15.2122,17.6596,-4.788600000000002,175,75
2026-05-07 18:24:30.691,2,0.72,0.87,0.82,13.502199999999998,-1.9103999999999992,-5.028600000000004,175,75
2026-05-07 18:24:30.715,2,0.7,0.9,0.76,13.682199999999998,-2.090399999999999,-6.188600000000001,175,75
2026-05-07 18:24:30.734,2,0.73,0.89,0.77,17.7122,16.0096,-6.0686000000000035,175,75
2026-05-07 18:24:30.759,2,0.73,0.87,0.82,17.3422,20.7696,-5.088600000000003,175,75
2026-05-07 18:24:30.770,2,0.74,0.85,0.82,17.4022,15.409600000000001,-3.8786000000000023,175,75
2026-05-07 18:24:30.829,2,0.74,0.81,0.84,14.662199999999999,4.6696,-5.278600000000004,175,75
2026-05-07 18:24:30.854,2,0.71,0.81,0.89,14.9622,2.839600000000001,-3.808600000000002,175,75
2026-05-07 18:24:30.858,2,0.72,0.81,0.91,14.7822,-1.1803999999999988,-3.0786000000000016,175,75
2026-05-07 18:24:30.877,2,0.74,0.82,0.89,13.682199999999998,-6.6103999999999985,-2.958600000000004,175,75
2026-05-07 18:24:30.879,2,0.73,0.84,0.84,12.342199999999998,-8.560400000000001,-3.3286000000000016,175,75
2026-05-07 18:24:30.944,2,0.74,0.85,0.87,11.432199999999998,17.599600000000002,-1.1286000000000023,175,75
2026-05-07 18:24:30.952,2,0.74,0.85,0.85,10.392199999999999,12.7196,-0.6386000000000038,175,75
2026-05-07 18:24:30.965,2,0.73,0.87,0.85,9.1722,8.4496,0.15139999999999887,175,75
2026-05-07 18:24:30.977,2,0.71,0.88,0.84,8.9922,9.249600000000001,1.4913999999999987,175,75
2026-05-07 18:24:30.989,2,0.73,0.85,0.85,9.7222,11.9296,2.041399999999996,175,75
2026-05-07 18:24:31.014,2,0.72,0.85,0.83,9.292200000000001,23.6396,2.651399999999999,175,75
2026-05-07 18:24:31.038,2,0.73,0.83,0.89,11.0622,32.6596,3.8713999999999977,175,75
2026-05-07 18:24:31.049,2,0.75,0.82,0.92,9.9622,26.1396,3.8713999999999977,175,75
2026-05-07 18:24:31.100,2,0.74,0.8,0.87,3.3222000000000005,3.4496,0.701399999999996,175,75
2026-05-07 18:24:31.102,2,0.74,0.81,0.88,3.0722000000000005,7.299600000000001,0.5813999999999986,175,75
2026-05-07 18:24:31.147,2,0.7,0.83,0.88,1.0022000000000002,3.2096,0.031399999999997874,175,75
2026-05-07 18:24:31.147,2,0.77,0.82,0.87,-0.33779999999999966,0.03960000000000008,-1.8586000000000027,175,75
2026-05-07 18:24:31.179,2,0.7,0.84,0.85,-4.4878,-0.6303999999999998,-4.238600000000002,175,75
2026-05-07 18:24:31.206,2,0.77,0.88,0.95,-0.9478000000000009,-1.1204,-5.158600000000003,175,75
2026-05-07 18:24:31.218,2,0.75,0.89,0.95,-1.0678,-7.340399999999999,-5.338600000000003,175,75
2026-05-07 18:24:31.223,2,0.77,0.9,0.93,-0.33779999999999966,-14.6604,-5.828600000000002,175,75
2026-05-07 18:24:31.244,2,0.75,0.89,0.88,-1.9277999999999995,-17.8304,-6.378600000000002,175,75
2026-05-07 18:24:31.268,2,0.73,0.88,0.86,0.9421999999999997,2.5996000000000006,-3.388600000000004,175,75
2026-05-07 18:24:31.285,2,0.74,0.88,0.89,-0.39780000000000015,1.2596000000000007,-2.6586000000000034,175,75
2026-05-07 18:24:31.294,2,0.75,0.87,0.89,-1.7978000000000005,-3.3804,-2.898600000000002,175,75
2026-05-07 18:24:31.300,2,0.73,0.87,0.87,-4.9078,-10.020399999999999,-2.588600000000003,175,75
2026-05-07 18:24:31.367,2,0.74,0.85,0.88,-6.377800000000001,6.139600000000001,-0.6386000000000038,175,75
2026-05-07 18:24:31.394,2,0.74,0.85,0.91,-7.1078,-0.45040000000000013,-2.6586000000000034,175,75
2026-05-07 18:24:31.417,2,0.73,0.86,0.9,-8.3878,-8.6204,-4.788600000000002,175,75
2026-05-07 18:24:31.444,2,0.67,0.89,0.82,-8.1478,-1.7303999999999995,-5.338600000000003,175,75
2026-05-07 18:24:31.456,2,0.7,0.89,0.83,-7.957800000000001,5.469600000000001,-4.788600000000002,175,75
2026-05-07 18:24:31.470,2,0.69,0.89,0.85,-8.017800000000001,7.299600000000001,-4.668600000000001,175,75
2026-05-07 18:24:31.494,2,0.72,0.89,0.86,-7.537800000000001,1.1395999999999997,-3.808600000000002,175,75
2026-05-07 18:24:31.545,2,0.71,0.92,0.79,-5.3978,-7.0304,-2.958600000000004,175,75
2026-05-07 18:24:31.570,2,0.68,0.94,0.73,-4.787800000000001,-9.0504,-6.008600000000001,175,75
2026-05-07 18:24:31.598,2,0.64,0.98,0.69,0.7021999999999995,-0.5103999999999989,-6.498600000000003,175,75
2026-05-07 18:24:31.612,2,0.66,0.99,0.7,2.4621999999999993,1.1996000000000002,-6.308600000000002,175,75
2026-05-07 18:24:31.645,2,0.61,0.99,0.62,3.6221999999999994,-19.4104,-7.8386,175,75
2026-05-07 18:24:31.658,2,0.56,0.99,0.57,5.2722,-6.910399999999999,-7.958600000000004,175,75
2026-05-07 18:24:31.669,2,0.59,0.97,0.52,4.8422,2.659600000000001,-8.998600000000003,175,75
2026-05-07 18:24:31.684,2,0.58,0.96,0.49,3.562199999999999,8.7596,-13.0186,175,75
2026-05-07 18:24:31.750,2,0.62,0.97,0.4,-25.8278,-40.6304,-24.418600000000005,175,75
2026-05-07 18:24:31.789,2,0.55,1.07,0.19,-41.1278,-40.3904,-28.3286,175,75
2026-05-07 18:24:31.829,2,0.5,1.19,0.1,-72.1678,13.3896,-27.778600000000004,175,75
2026-05-07 18:24:31.842,2,0.54,1.19,0.12,-93.4478,46.2596,-27.528600000000004,175,75
2026-05-07 18:24:31.854,2,0.58,1.22,0.16,-102.2878,64.2496,-26.858600000000003,175,75
2026-05-07 18:24:31.881,2,0.46,1.29,0.24,-119.23780000000001,86.8696,-32.1086,175,75
2026-05-07 18:24:31.896,2,0.14,1.43,0.33,-125.0978,90.6496,-18.878600000000006,175,75
2026-05-07 18:24:31.922,2,0.68,1.29,0.74,-143.99779999999998,98.4496,-3.7486000000000033,175,75
2026-05-07 18:24:31.945,2,0.55,1.24,0.66,-161.7378,35.2796,-6.558600000000002,175,75
2026-05-07 18:24:31.950,2,0.5,1.23,0.57,-162.1678,44.7996,-3.138600000000004,175,75
2026-05-07 18:24:31.965,2,0.32,1.2,0.51,-165.88780000000003,87.8396,1.311399999999999,175,75
2026-05-07 18:24:31.979,2,-0.02,1.19,0.56,-173.08780000000002,160.8296,12.711399999999998,175,75
2026-05-07 18:24:31.984,2,0.03,1.13,0.75,-175.76780000000002,257.9096,23.441399999999998,175,75
2026-05-07 18:24:31.995,2,0.16,1.06,0.95,-177.0478,291.5596,31.121399999999998,175,75
2026-05-07 18:24:32.006,2,0.25,0.96,1.19,-182.4078,278.2696,30.031399999999998,175,75
2026-05-07 18:24:32.032,2,0.43,0.69,1.55,-194.4278,139.18959999999998,1.8613999999999962,175,75
2026-05-07 18:24:32.048,2,0.39,0.58,1.56,-211.49779999999998,72.7196,-0.8886000000000038,175,75
2026-05-07 18:24:32.061,2,0.15,0.53,1.43,-231.49779999999998,36.1396,2.4713999999999956,175,75
2026-05-07 18:24:32.061,2,0.04,0.48,1.33,-242.7778,31.9296,5.091399999999997,175,75
2026-05-07 18:24:32.078,2,-0.15,0.45,1.2,-242.7778,39.369600000000005,11.311399999999997,175,75
2026-05-07 18:24:32.089,2,-0.08,0.32,1.22,-234.5478,56.3196,18.3814,175,75
2026-05-07 18:24:32.104,2,0.16,0.04,1.36,-225.0378,86.6896,15.761399999999997,175,75
2026-05-07 18:24:32.136,2,0.18,0.02,1.42,-224.5478,104.8596,12.221399999999997,175,75
2026-05-07 18:24:32.208,2,0.12,-0.06,1.35,-168.20780000000002,120.4696,27.221399999999996,175,75
2026-05-07 18:24:32.223,2,0.1,-0.07,1.32,-152.7778,150.1596,33.621399999999994,175,75
2026-05-07 18:24:32.277,2,-0.01,0.01,1.34,-103.5078,160.9496,61.551399999999994,175,75
2026-05-07 18:24:32.282,2,-0.03,0.0,1.31,-99.1178,167.6596,68.1414,175,75
2026-05-07 18:24:32.317,2,0.13,-0.11,1.48,-88.3278,178.9396,76.5514,175,75
2026-05-07 18:24:32.339,2,0.16,-0.01,1.63,-88.2678,119.4296,81.06139999999999,175,75
2026-05-07 18:24:32.354,2,0.09,-0.02,1.59,-90.8278,91.3796,84.3014,175,75
2026-05-07 18:24:32.369,2,0.16,-0.05,1.51,-95.1578,61.2596,87.47139999999999,175,75
2026-05-07 18:24:32.380,2,0.17,-0.08,1.48,-94.1778,52.2996,87.3414,175,75
2026-05-07 18:24:32.390,2,0.16,-0.12,1.47,-88.3878,49.4896,86.00139999999999,175,75
2026-05-07 18:24:32.404,2,0.18,-0.09,1.47,-82.9578,45.6496,85.8214,175,75
2026-05-07 18:24:32.440,2,0.01,-0.18,1.44,-53.0878,16.8096,81.6714,175,75
2026-05-07 18:24:32.450,2,-0.03,-0.21,1.36,-43.2078,31.8096,81.31139999999999,175,75
2026-05-07 18:24:32.460,2,-0.08,-0.2,1.3,-34.547799999999995,59.6696,82.8314,175,75
2026-05-07 18:24:32.514,2,0.13,-0.2,1.83,-18.997799999999998,89.6696,62.9514,175,75
2026-05-07 18:24:32.526,2,0.01,-0.26,1.81,-19.4878,31.9296,57.651399999999995,175,75
2026-05-07 18:24:32.535,2,-0.04,-0.29,1.65,-4.9078,8.1496,55.5814,175,75
2026-05-07 18:24:32.551,2,-0.13,-0.26,1.52,9.292200000000001,10.5896,55.09139999999999,175,75
2026-05-07 18:24:32.551,2,-0.22,-0.18,1.43,18.1322,45.0996,56.8014,175,75
2026-05-07 18:24:32.577,2,-0.24,-0.15,1.5,33.7422,131.31959999999998,59.4814,175,75
2026-05-07 18:24:32.583,2,-0.19,-0.16,1.59,31.4322,136.7496,55.9414,175,75
2026-05-07 18:24:32.618,2,-0.14,-0.07,1.84,24.2922,90.1596,48.9314,175,75
2026-05-07 18:24:32.641,2,-0.18,-0.02,1.83,28.322200000000002,70.03960000000001,48.621399999999994,175,75
2026-05-07 18:24:32.641,2,-0.23,-0.05,1.83,36.4922,60.0996,45.5814,175,75
2026-05-07 18:24:32.650,2,-0.24,-0.06,2.05,55.092200000000005,92.3596,49.971399999999996,175,75
2026-05-07 18:24:32.672,2,-0.08,0.0,2.19,65.4522,55.949600000000004,50.45139999999999,175,75
2026-05-07 18:24:32.690,2,-0.34,0.1,1.68,48.9322,-11.240400000000001,48.9914,175,75
2026-05-07 18:24:32.706,2,-0.43,0.15,1.54,50.2122,8.2096,56.731399999999994,175,75
2026-05-07 18:24:32.717,2,-0.51,0.2,1.48,49.9622,33.2696,67.8314,175,75
2026-05-07 18:24:32.727,2,-0.47,0.18,1.57,48.0722,47.4196,77.47139999999999,175,75
2026-05-07 18:24:32.742,2,-0.36,0.25,1.65,31.1822,20.3396,88.44139999999999,175,75
2026-05-07 18:24:32.756,2,-0.41,0.3,1.63,3.2622,-54.050399999999996,94.3014,175,75
2026-05-07 18:24:32.770,2,-0.44,0.27,1.63,-4.2978000000000005,-66.1204,97.5914,175,75
2026-05-07 18:24:32.781,2,-0.41,0.22,1.66,-6.0078000000000005,-70.5104,98.9314,175,75
2026-05-07 18:24:32.793,2,-0.39,0.19,1.69,-5.6478,-77.46039999999999,98.26140000000001,175,75
2026-05-07 18:24:32.815,2,-0.27,0.1,1.69,-0.45780000000000065,-75.1404,84.9114,175,75
2026-05-07 18:24:32.837,2,-0.29,0.06,1.7,6.8522,-58.8604,77.53139999999999,175,75
2026-05-07 18:24:32.864,2,0.19,-0.16,1.58,11.6722,-7.950399999999998,44.7814,175,75
2026-05-07 18:24:32.864,2,0.37,-0.22,1.29,1.1822,5.889600000000001,7.041399999999996,175,75
2026-05-07 18:24:32.875,2,0.1,-0.0,1.33,14.412199999999999,67.7196,2.101399999999998,175,75
2026-05-07 18:24:32.885,2,0.02,0.11,1.44,29.2922,114.5496,3.1413999999999973,175,75
2026-05-07 18:24:32.896,2,0.0,0.14,1.83,33.5622,70.09960000000001,-9.058600000000006,175,75
2026-05-07 18:24:32.925,2,-0.26,0.03,2.28,3.9922000000000004,-146.0004,-0.39860000000000184,175,75
2026-05-07 18:24:32.943,2,-0.32,0.04,1.94,-16.0678,-201.4904,9.361399999999996,175,75
2026-05-07 18:24:32.962,2,-0.37,0.02,1.63,-12.5978,-184.0504,6.061399999999999,175,75
2026-05-07 18:24:32.971,2,-0.29,0.04,1.5,31.002200000000002,-70.3304,3.3813999999999957,175,75
2026-05-07 18:24:33.012,2,-0.32,0.08,2.01,53.3822,-89.2304,-10.5186,175,75
2026-05-07 18:24:33.012,2,-0.39,0.14,2.01,42.6522,-136.3604,-6.128600000000002,175,75
2026-05-07 18:24:33.032,2,-0.38,0.18,1.9,37.8922,-163.8604,-0.8286000000000016,175,75
2026-05-07 18:24:33.038,2,-0.37,0.18,1.76,41.6122,-159.9004,1.191399999999998,175,75
2026-05-07 18:24:33.060,2,-0.33,0.15,1.66,50.3322,-137.5204,-1.0086000000000013,175,75
2026-05-07 18:24:33.060,2,-0.28,0.12,1.62,59.7222,-106.2404,-4.908600000000003,175,75
2026-05-07 18:24:33.069,2,-0.27,0.15,1.63,73.5622,-55.2004,-9.5486,175,75
2026-05-07 18:24:33.084,2,-0.3,0.17,1.76,91.6122,-12.340399999999999,-13.198600000000006,175,75
2026-05-07 18:24:33.084,2,-0.3,0.16,1.89,99.5422,-10.3904,-13.138600000000004,175,75
2026-05-07 18:24:33.106,2,-0.3,0.21,1.93,96.3122,-35.0204,-9.178600000000003,175,75
2026-05-07 18:24:33.117,2,-0.29,0.24,1.95,89.1722,-60.7504,-6.188600000000001,175,75
2026-05-07 18:24:33.122,2,-0.2,0.19,1.84,81.9122,-90.0804,-6.308600000000002,175,75
2026-05-07 18:24:33.137,2,-0.14,0.17,1.72,82.7122,-101.2404,-11.008600000000001,175,75
2026-05-07 18:24:33.164,2,-0.21,0.33,1.75,111.3722,15.6496,-29.7286,175,75
2026-05-07 18:24:33.176,2,-0.1,0.22,1.89,125.15220000000001,25.4096,-30.698600000000006,175,75
2026-05-07 18:24:33.196,2,-0.22,0.27,2.01,127.3422,-4.590399999999999,-23.138600000000004,175,75
2026-05-07 18:24:33.196,2,-0.07,0.39,1.96,119.4122,-48.6204,-24.238600000000005,175,75
2026-05-07 18:24:33.215,2,-0.04,0.54,1.78,104.2322,-92.5204,-13.938600000000001,175,75
2026-05-07 18:24:33.228,2,-0.11,0.38,1.72,110.3322,-49.4704,-31.6186,175,75
2026-05-07 18:24:33.243,2,0.02,0.37,1.77,124.90220000000001,-23.8604,-41.308600000000006,175,75
2026-05-07 18:24:33.255,2,0.05,0.45,1.85,131.98219999999998,-17.8304,-47.3486,175,75
2026-05-07 18:24:33.268,2,-0.01,0.47,1.92,139.11219999999997,-4.2303999999999995,-53.8786,175,75
2026-05-07 18:24:33.290,2,-0.12,0.51,1.99,154.48219999999998,7.049600000000001,-57.89860000000001,175,75
2026-05-07 18:24:33.299,2,-0.15,0.65,2.03,165.0222,-5.750399999999999,-53.9386,175,75
2026-05-07 18:24:33.304,2,-0.11,0.76,2.05,164.7822,-23.010399999999997,-47.4686,175,75
2026-05-07 18:24:33.330,2,-0.13,0.8,2.04,165.3322,-33.1904,-37.778600000000004,175,75
2026-05-07 18:24:33.338,2,-0.06,0.76,2.03,173.50220000000002,-32.1604,-40.948600000000006,175,75
2026-05-07 18:24:33.354,2,0.06,0.75,2.06,180.0222,-36.6704,-45.5186,175,75
2026-05-07 18:24:33.354,2,0.04,0.73,2.09,185.5722,-38.7404,-50.5186,175,75
2026-05-07 18:24:33.383,2,0.05,0.83,2.06,203.81220000000002,-46.9704,-62.28860000000001,175,75
2026-05-07 18:24:33.404,2,-0.16,0.99,1.88,213.0122,-59.1104,-69.5486,175,75
2026-05-07 18:24:33.422,2,-0.22,1.09,1.87,212.5922,-65.2004,-64.5486,175,75
2026-05-07 18:24:33.422,2,-0.31,1.18,1.88,214.7822,-59.35039999999999,-56.9886,175,75
2026-05-07 18:24:33.433,2,-0.44,1.22,1.84,217.3422,-48.3804,-41.2486,175,75
2026-05-07 18:24:33.446,2,-0.38,1.15,1.89,223.3222,-39.9004,-37.348600000000005,175,75
2026-05-07 18:24:33.458,2,-0.22,1.08,1.93,229.8422,-50.9404,-33.0186,175,75
2026-05-07 18:24:33.468,2,-0.14,1.07,1.92,233.68220000000002,-75.8104,-31.4386,175,75
2026-05-07 18:24:33.537,2,-0.26,1.08,1.21,204.23219999999998,-193.1304,-43.568599999999996,175,75
2026-05-07 18:24:33.547,2,-0.27,1.14,1.02,206.00220000000002,-167.4604,-47.6586,175,75
2026-05-07 18:24:33.560,2,-0.21,1.05,0.91,198.0722,-155.4504,-44.72860000000001,175,75
2026-05-07 18:24:33.599,2,-0.2,1.05,0.59,135.7022,-106.9104,-51.1886,175,75
2026-05-07 18:24:33.599,2,-0.18,1.04,0.56,129.7222,-81.6704,-52.58860000000001,175,75
2026-05-07 18:24:33.621,2,-0.17,1.07,0.53,119.2922,-53.740399999999994,-53.388600000000004,175,75
2026-05-07 18:24:33.640,2,-0.16,1.19,0.58,96.5522,-13.130399999999998,-45.4586,175,75
2026-05-07 18:24:33.653,2,-0.08,1.15,0.62,84.6022,0.09960000000000058,-41.1886,175,75
2026-05-07 18:24:33.668,2,-0.09,1.09,0.61,63.87220000000001,0.5896000000000008,-34.1786,175,75
2026-05-07 18:24:33.686,2,-0.17,1.15,0.6,41.9122,-7.700399999999998,-28.0786,175,75
2026-05-07 18:24:33.727,2,-0.09,1.24,0.46,-32.6578,-97.7004,-0.2786000000000044,175,75
2026-05-07 18:24:33.733,2,-0.09,1.24,0.36,-57.4778,-111.0004,7.221399999999996,175,75
2026-05-07 18:24:33.759,2,-0.21,1.25,0.22,-99.7278,-103.5004,32.5314,175,75
2026-05-07 18:24:33.776,2,-0.34,1.35,0.2,-132.1078,-44.5304,67.47139999999999,175,75
2026-05-07 18:24:33.798,2,-0.3,1.39,0.27,-159.6078,12.659600000000001,94.60139999999998,175,75
2026-05-07 18:24:33.807,2,-0.27,1.35,0.35,-185.0978,51.4396,113.0814,175,75
2026-05-07 18:24:33.807,2,-0.26,1.3,0.45,-203.81779999999998,83.4496,128.1414,175,75
2026-05-07 18:24:33.842,2,-0.19,1.1,0.66,-249.7878,135.2196,175.7014,175,75
2026-05-07 18:24:33.880,2,0.2,0.72,0.95,-353.20779999999996,141.9296,239.66140000000001,175,75
2026-05-07 18:24:33.897,2,0.38,0.52,1.13,-383.14779999999996,127.3596,243.2014,175,75
2026-05-07 18:24:33.902,2,0.53,0.29,1.25,-414.1778,108.9396,233.6214,175,75
2026-05-07 18:24:33.915,2,0.57,0.05,1.4,-445.33779999999996,68.3896,223.9914,175,75
2026-05-07 18:24:33.929,2,0.58,-0.13,1.55,-475.39779999999996,10.2796,222.2814,175,75
2026-05-07 18:24:33.940,2,0.44,-0.41,2.0,-489.9778,-43.9904,207.7714,175,75
2026-05-07 18:24:33.951,2,0.37,-0.57,2.27,-482.7778,-90.5104,213.2614,175,75
2026-05-07 18:24:33.968,2,0.26,-0.59,2.32,-473.7578,-265.6304,241.9814,175,75
2026-05-07 18:24:33.979,2,-0.25,-0.55,2.29,-486.7978,-374.4704,285.03139999999996,175,75
2026-05-07 18:24:33.979,2,-0.51,-0.35,1.72,-505.82779999999997,-453.3804,351.73139999999995,175,75
2026-05-07 18:24:33.989,2,-0.49,-0.37,1.35,-526.5578,-570.6304,430.3314,175,75
2026-05-07 18:24:34.012,2,-0.05,-1.17,1.14,-530.4578,-667.4604,390.9414,175,75
2026-05-07 18:24:34.012,2,-0.09,-2.39,0.46,-481.7978,-544.4104,291.3714,175,75
2026-05-07 18:24:34.027,2,0.69,-2.55,-0.09,-360.70779999999996,-416.7304,245.94140000000002,175,75
2026-05-07 18:24:34.048,2,0.4,-1.72,0.03,-245.82780000000002,-376.1204,235.5114,175,75
2026-05-07 18:24:34.059,2,-0.33,-1.08,0.13,-181.49779999999998,-267.9504,207.1014,175,75
2026-05-07 18:24:34.080,2,-0.88,-0.55,-0.27,-157.5378,-14.7804,214.3614,175,75
2026-05-07 18:24:34.088,2,-0.91,-0.5,-0.36,-117.9578,192.0496,219.2314,175,75
2026-05-07 18:24:34.128,2,-0.16,-1.38,0.84,-49.8478,605.0396,182.41140000000001,175,75
2026-05-07 18:24:34.156,2,0.09,-1.03,1.56,-109.6678,193.3896,143.1414,175,75
2026-05-07 18:24:34.170,2,0.16,-0.85,1.45,-167.4078,63.5096,162.3414,175,75
2026-05-07 18:24:34.170,2,0.09,-0.72,1.24,-199.6078,-20.200400000000002,176.5514,175,75
2026-05-07 18:24:34.186,2,-0.02,-0.71,1.01,-204.4278,-85.0804,185.1514,175,75
2026-05-07 18:24:34.194,2,-0.13,-0.77,0.84,-190.1578,-110.6304,190.6414,175,75
2026-05-07 18:24:34.208,2,-0.29,-0.86,0.69,-165.88780000000003,-91.5504,193.8714,175,75
2026-05-07 18:24:34.219,2,-0.35,-0.91,0.62,-154.6078,-45.7504,190.0314,175,75
2026-05-07 18:24:34.219,2,-0.32,-0.92,0.56,-146.31779999999998,27.3596,182.2814,175,75
2026-05-07 18:24:34.235,2,-0.24,-0.92,0.56,-139.1778,100.9496,178.8114,175,75
2026-05-07 18:24:34.246,2,-0.21,-0.91,0.65,-128.5078,170.3396,175.5814,175,75
2026-05-07 18:24:34.260,2,-0.22,-0.89,0.77,-120.8278,221.6896,167.5314,175,75
2026-05-07 18:24:34.270,2,-0.23,-0.85,0.87,-121.0078,255.7096,161.6114,175,75
2026-05-07 18:24:34.292,2,-0.24,-0.83,0.93,-125.2178,274.3696,156.5514,175,75
2026-05-07 18:24:34.292,2,-0.27,-0.82,0.99,-129.3678,279.1896,150.2714,175,75
2026-05-07 18:24:34.303,2,-0.31,-0.77,1.08,-136.43779999999998,278.3896,136.8614,175,75
2026-05-07 18:24:34.315,2,-0.31,-0.7,1.15,-142.89780000000002,271.0096,122.7714,175,75
2026-05-07 18:24:34.325,2,-0.28,-0.59,1.22,-150.70780000000002,250.2796,105.94139999999999,175,75
2026-05-07 18:24:34.349,2,-0.21,-0.48,1.29,-156.43779999999998,223.6396,95.03139999999999,175,75
2026-05-07 18:24:34.382,2,0.01,-0.14,1.29,-145.58780000000002,145.5296,80.4514,175,75
2026-05-07 18:24:34.393,2,0.01,-0.03,1.28,-131.37779999999998,132.9096,73.6214,175,75
2026-05-07 18:24:34.411,2,0.11,0.11,1.3,-105.7078,120.1596,53.3214,175,75
2026-05-07 18:24:34.440,2,0.15,0.3,1.35,-76.4378,119.0596,40.761399999999995,175,75
2026-05-07 18:24:34.476,2,0.36,0.24,1.71,-28.2078,46.8696,18.0114,175,75
2026-05-07 18:24:34.484,2,0.46,0.25,1.79,-6.2578000000000005,-16.7304,15.941399999999998,175,75
2026-05-07 18:24:34.505,2,0.51,0.25,1.75,17.4622,-102.8304,27.471399999999996,175,75
2026-05-07 18:24:34.521,2,0.48,0.17,1.66,38.8722,-181.4204,37.8914,175,75
2026-05-07 18:24:34.521,2,0.43,0.04,1.56,56.792199999999994,-234.4704,43.621399999999994,175,75
2026-05-07 18:24:34.540,2,0.38,-0.09,1.42,74.2922,-277.4604,41.9214,175,75
2026-05-07 18:24:34.558,2,0.35,-0.17,1.33,86.1222,-295.6904,34.1714,175,75
2026-05-07 18:24:34.558,2,0.32,-0.26,1.19,101.3122,-300.5104,11.981399999999997,175,75
2026-05-07 18:24:34.572,2,0.25,-0.35,1.05,111.3722,-276.1804,-18.2686,175,75
2026-05-07 18:24:34.583,2,0.3,-0.4,0.76,137.04219999999998,-163.5604,-90.27860000000001,175,75
2026-05-07 18:24:34.600,2,0.33,-0.36,0.77,152.04219999999998,-142.8904,-101.24860000000001,175,75
2026-05-07 18:24:34.608,2,0.27,-0.36,0.81,166.55220000000003,-124.72040000000001,-108.26859999999999,175,75
2026-05-07 18:24:34.623,2,0.2,-0.41,0.85,174.35219999999998,-111.3604,-114.11859999999999,175,75
2026-05-07 18:24:34.636,2,0.05,-0.53,0.91,177.8322,-98.6204,-126.55859999999998,175,75
2026-05-07 18:24:34.651,2,0.0,-0.57,0.92,179.35219999999998,-103.0104,-133.2686,175,75
2026-05-07 18:24:34.681,2,-0.05,-0.79,0.9,168.2622,-167.5804,-166.0686,175,75
2026-05-07 18:24:34.696,2,-0.09,-0.81,0.82,162.04219999999998,-169.0504,-174.5486,175,75
2026-05-07 18:24:34.706,2,-0.12,-0.82,0.79,159.8422,-164.5304,-183.80859999999998,175,75
2026-05-07 18:24:34.740,2,-0.23,-0.88,0.99,161.43220000000002,-180.0204,-188.2686,175,75
2026-05-07 18:24:34.756,2,-0.29,-0.88,1.04,157.8922,-197.6404,-188.99859999999998,175,75
2026-05-07 18:24:34.788,2,-0.36,-1.0,1.04,117.0422,-358.7404,-188.9386,175,75
2026-05-07 18:24:34.799,2,-0.47,-0.98,0.87,106.9122,-380.8804,-187.4686,175,75
2026-05-07 18:24:34.809,2,-0.7,-0.86,0.69,101.0622,-379.9004,-188.80859999999998,175,75
2026-05-07 18:24:34.822,2,-0.82,-0.72,0.63,100.3322,-358.2504,-188.1986,175,75
2026-05-07 18:24:34.823,2,-0.84,-0.58,0.64,98.2022,-331.0604,-185.2186,175,75
2026-05-07 18:24:34.863,2,-0.67,-0.42,0.81,67.0422,-289.2904,-126.73859999999999,175,75
2026-05-07 18:24:34.875,2,-0.67,-0.41,0.8,60.76219999999999,-293.9904,-114.6686,175,75
2026-05-07 18:24:34.893,2,-0.87,-0.16,0.78,43.4422,-263.3804,-88.93860000000001,175,75
2026-05-07 18:24:34.927,2,-0.64,0.01,0.92,30.5122,-232.6404,-49.9086,175,75
2026-05-07 18:24:34.927,2,-0.66,-0.03,1.02,29.1122,-244.41039999999998,-32.6586,175,75
2026-05-07 18:24:34.938,2,-0.86,-0.05,1.02,31.7322,-276.4904,-6.0686000000000035,175,75
2026-05-07 18:24:34.962,2,-0.96,-0.12,0.91,53.1322,-290.8104,8.991399999999999,175,75
2026-05-07 18:24:34.972,2,-0.89,-0.17,0.86,61.4922,-272.0904,10.451399999999998,175,75
2026-05-07 18:24:35.005,2,-0.79,-0.24,0.68,72.8922,-177.1604,8.931399999999996,175,75
2026-05-07 18:24:35.005,2,-0.78,-0.2,0.68,82.6522,-131.4204,11.121399999999998,175,75
2026-05-07 18:24:35.016,2,-0.75,-0.22,0.76,91.4922,-89.7804,14.721399999999997,175,75
2026-05-07 18:24:35.046,2,-0.58,-0.36,0.99,86.6122,-70.4504,12.951399999999998,175,75
2026-05-07 18:24:35.065,2,0.07,-0.53,0.75,64.4822,-114.5904,2.101399999999998,175,75
2026-05-07 18:24:35.077,2,-0.18,-0.6,0.76,52.0422,-160.5704,11.001399999999997,175,75
2026-05-07 18:24:35.093,2,-0.54,-0.61,0.59,35.3322,-176.8504,20.271399999999996,175,75
2026-05-07 18:24:35.100,2,-0.32,-0.78,-0.66,-32.047799999999995,-326.9104,5.151399999999999,175,75
2026-05-07 18:24:35.113,2,-0.37,-1.8,-1.39,-113.2078,-581.1204,-65.21860000000001,175,75
2026-05-07 18:24:35.126,2,-1.79,-2.27,-0.84,-67.8378,-212.1604,-14.9086,175,75
2026-05-07 18:24:35.145,2,-2.02,-1.3,-0.15,68.9922,620.3396,49.721399999999996,175,75
2026-05-07 18:24:35.157,2,-0.38,-0.65,0.83,122.5922,864.9196,45.3314,175,75
2026-05-07 18:24:35.178,2,-0.25,-0.55,2.81,67.7122,256.4996,-3.9986000000000033,175,75
2026-05-07 18:24:35.200,2,-0.11,-0.27,2.34,27.522199999999998,156.0096,-21.378600000000006,175,75
2026-05-07 18:24:35.200,2,0.28,0.1,1.84,-2.4778000000000002,30.4096,12.711399999999998,175,75
2026-05-07 18:24:35.210,2,0.26,0.45,1.54,-14.2978,-49.9604,57.5914,175,75
2026-05-07 18:24:35.222,2,-0.06,0.35,1.21,-31.9278,-24.660400000000003,16.121399999999998,175,75
2026-05-07 18:24:35.237,2,-0.19,0.13,0.95,-38.9978,91.6896,-18.5086,175,75
2026-05-07 18:24:35.241,2,-0.06,0.09,0.88,-18.4478,176.6196,-15.5186,175,75
2026-05-07 18:24:35.257,2,-0.19,0.17,1.17,6.4922,208.2096,-34.488600000000005,175,75
2026-05-07 18:24:35.269,2,-0.33,0.26,1.36,-0.03780000000000072,216.8096,-46.7986,175,75
2026-05-07 18:24:35.281,2,-0.4,0.39,1.35,-27.4078,203.7596,-52.22860000000001,175,75
2026-05-07 18:24:35.295,2,-0.36,0.46,1.26,-62.0478,167.2296,-41.1886,175,75
2026-05-07 18:24:35.295,2,-0.33,0.39,1.23,-86.4378,144.7296,-28.0786,175,75
2026-05-07 18:24:35.331,2,-0.21,-0.03,1.15,-116.2578,161.3796,-15.578600000000002,175,75
2026-05-07 18:24:35.331,2,-0.11,-0.08,1.17,-109.9078,205.5296,-22.2286,175,75
2026-05-07 18:24:35.343,2,0.03,-0.06,1.27,-103.9978,229.9196,-24.238600000000005,175,75
2026-05-07 18:24:35.363,2,0.22,-0.05,1.53,-108.4478,236.4396,-21.7986,175,75
2026-05-07 18:24:35.389,2,0.17,0.11,1.51,-107.2878,198.5096,-14.238600000000005,175,75
2026-05-07 18:24:35.409,2,0.1,0.23,1.43,-103.8778,191.3796,-6.438600000000001,175,75
2026-05-07 18:24:35.409,2,0.09,0.33,1.37,-102.5978,187.9096,3.1413999999999973,175,75
2026-05-07 18:24:35.493,2,0.29,0.46,1.59,-93.1478,192.0496,43.6914,175,75
2026-05-07 18:24:35.509,2,0.28,0.46,1.49,-92.3478,160.6496,55.9414,175,75
2026-05-07 18:24:35.520,2,0.28,0.37,1.31,-98.3878,115.5296,76.9214,175,75
2026-05-07 18:24:35.536,2,0.11,0.16,0.95,-117.7178,122.8396,78.2614,175,75
2026-05-07 18:24:35.546,2,0.07,0.08,0.77,-116.4978,185.8896,62.5314,175,75
2026-05-07 18:24:35.557,2,0.14,0.07,0.86,-95.6478,232.0496,57.5914,175,75
2026-05-07 18:24:35.575,2,0.15,0.05,1.33,-85.5178,251.3796,44.6014,175,75
2026-05-07 18:24:35.591,2,0.17,0.12,1.47,-92.1078,236.5596,42.34139999999999,175,75
2026-05-07 18:24:35.604,2,0.16,0.27,1.51,-90.0978,210.7696,47.59139999999999,175,75
2026-05-07 18:24:35.628,2,0.27,0.5,1.39,-70.0378,178.9396,62.651399999999995,175,75
2026-05-07 18:24:35.645,2,0.49,0.41,1.18,-79.4278,156.0096,58.9914,175,75
2026-05-07 18:24:35.657,2,0.72,0.16,0.93,-96.1278,140.4696,43.1414,175,75
2026-05-07 18:24:35.665,2,0.71,-0.07,0.59,-100.3378,172.4196,14.781399999999998,175,75
2026-05-07 18:24:35.711,2,0.31,0.26,1.02,-65.8878,279.5496,-36.308600000000006,175,75
2026-05-07 18:24:35.726,2,0.49,0.43,1.39,-59.5478,190.4096,-32.168600000000005,175,75
2026-05-07 18:24:35.747,2,0.65,0.4,1.2,-80.2778,107.7196,-13.808600000000006,175,75
2026-05-07 18:24:35.757,2,0.64,0.31,0.85,-91.8678,84.7296,-23.748600000000003,175,75
2026-05-07 18:24:35.771,2,0.64,0.35,0.55,-84.9078,132.1096,-46.308600000000006,175,75
2026-05-07 18:24:35.784,2,0.7,0.47,0.62,-68.93780000000001,151.1396,-55.7686,175,75
2026-05-07 18:24:35.784,2,0.74,0.45,0.76,-66.9878,134.1196,-61.678599999999996,175,75
2026-05-07 18:24:35.797,2,0.68,0.38,0.79,-79.7278,99.6096,-63.6886,175,75
2026-05-07 18:24:35.819,2,0.6,0.37,0.61,-88.9378,69.11959999999999,-63.9386,175,75
2026-05-07 18:24:35.829,2,0.57,0.32,0.47,-87.8978,58.8796,-67.2286,175,75
2026-05-07 18:24:35.838,2,0.52,0.26,0.39,-88.0878,56.6196,-67.6586,175,75
2026-05-07 18:24:35.854,2,0.43,0.28,0.42,-77.7178,88.3896,-71.0086,175,75
2026-05-07 18:24:35.863,2,0.5,0.32,0.57,-69.1178,92.4196,-71.8586,175,75
2026-05-07 18:24:35.890,2,0.55,0.25,0.67,-65.2178,47.7196,-65.8286,175,75
2026-05-07 18:24:35.906,2,0.55,0.22,0.58,-64.2378,24.1196,-62.7186,175,75
2026-05-07 18:24:35.917,2,0.52,0.2,0.51,-59.8478,13.6396,-60.888600000000004,175,75
2026-05-07 18:24:35.928,2,0.49,0.17,0.47,-51.7978,16.1996,-61.00860000000001,175,75
2026-05-07 18:24:35.934,2,0.44,0.18,0.47,-42.7178,24.979599999999998,-60.33860000000001,175,75
2026-05-07 18:24:35.945,2,0.42,0.24,0.48,-37.1078,28.5796,-58.808600000000006,175,75
2026-05-07 18:24:35.956,2,0.39,0.33,0.49,-33.9978,29.9796,-56.7386,175,75
2026-05-07 18:24:35.973,2,0.39,0.39,0.52,-26.9278,29.5496,-51.308600000000006,175,75
2026-05-07 18:24:35.983,2,0.44,0.37,0.49,-22.7178,12.909600000000001,-46.1286,175,75
2026-05-07 18:24:35.999,2,0.48,0.3,0.4,-21.617800000000003,-3.7403999999999993,-43.6886,175,75
2026-05-07 18:24:35.999,2,0.49,0.31,0.34,-19.8478,-2.160399999999999,-45.698600000000006,175,75
2026-05-07 18:24:36.036,2,0.52,0.41,0.36,-5.5178,57.4196,-47.3486,175,75
2026-05-07 18:24:36.048,2,0.61,0.34,0.45,0.7021999999999995,57.2996,-40.948600000000006,175,75
2026-05-07 18:24:36.061,2,0.61,0.25,0.57,4.292199999999999,45.949600000000004,-34.418600000000005,175,75
2026-05-07 18:24:36.071,2,0.6,0.2,0.61,6.982199999999999,34.6096,-28.878600000000006,175,75
2026-05-07 18:24:36.083,2,0.73,0.13,0.64,9.9022,16.8096,-26.678600000000003,175,75
2026-05-07 18:24:36.110,2,0.47,0.13,0.62,18.932199999999998,12.4196,-16.6186,175,75
2026-05-07 18:24:36.145,2,0.24,0.28,0.36,-1.4977999999999998,11.319600000000001,19.481399999999997,175,75
2026-05-07 18:24:36.156,2,0.25,0.2,0.41,-3.3278,45.3396,21.4914,175,75
2026-05-07 18:24:36.167,2,0.31,0.12,0.53,-1.3778000000000006,78.2696,21.371399999999998,175,75
2026-05-07 18:24:36.191,2,0.33,-0.07,0.9,-3.9978000000000007,102.1096,26.551399999999997,175,75
2026-05-07 18:24:36.191,2,0.34,-0.11,0.99,-9.6678,83.4496,29.661399999999997,175,75
2026-05-07 18:24:36.203,2,0.33,-0.14,1.04,-18.7578,55.8296,33.3214,175,75
2026-05-07 18:24:36.217,2,0.33,-0.15,0.96,-31.5578,21.3796,39.6014,175,75
2026-05-07 18:24:36.231,2,0.23,-0.15,0.88,-41.3778,8.6996,46.2514,175,75
2026-05-07 18:24:36.242,2,0.21,-0.16,0.78,-39.427800000000005,16.9896,51.5514,175,75
2026-05-07 18:24:36.252,2,0.24,-0.24,0.76,-31.2578,29.0596,57.2814,175,75
2026-05-07 18:24:36.263,2,0.23,-0.27,0.74,-31.4978,40.099599999999995,61.7314,175,75
2026-05-07 18:24:36.276,2,0.27,-0.27,0.74,-35.037800000000004,46.4996,63.441399999999994,175,75
2026-05-07 18:24:36.287,2,-0.07,-0.22,0.69,-51.6778,55.949600000000004,85.1514,175,75
2026-05-07 18:24:36.309,2,-0.04,-0.26,0.53,-58.9978,72.7796,86.8014,175,75
2026-05-07 18:24:36.309,2,-0.14,-0.3,0.52,-65.5178,117.5996,101.31139999999999,175,75
2026-05-07 18:24:36.330,2,-0.1,-0.34,0.47,-71.18780000000001,177.9696,106.6714,175,75
2026-05-07 18:24:36.330,2,-0.04,-0.36,0.52,-61.0678,219.4296,113.9314,175,75
2026-05-07 18:24:36.343,2,0.0,-0.41,0.6,-51.7978,248.9996,118.0814,175,75
2026-05-07 18:24:36.354,2,0.08,-0.46,0.71,-54.1778,267.5996,123.01140000000001,175,75
2026-05-07 18:24:36.376,2,0.06,-0.48,0.77,-56.3778,275.4096,130.2114,175,75
2026-05-07 18:24:36.386,2,-0.0,-0.58,0.89,-57.1078,273.7596,138.8114,175,75
2026-05-07 18:24:36.398,2,-0.03,-0.66,0.99,-64.6078,253.2696,143.9314,175,75
2026-05-07 18:24:36.408,2,-0.07,-0.67,0.98,-80.9478,211.4996,154.91140000000001,175,75
2026-05-07 18:24:36.411,2,-0.28,-0.53,0.93,-89.9078,197.0496,170.94140000000002,175,75
2026-05-07 18:24:36.428,2,-0.27,-0.52,0.82,-96.1878,184.7996,176.6114,175,75
2026-05-07 18:24:36.446,2,-0.37,-0.59,0.8,-93.7578,198.0296,209.2314,175,75
2026-05-07 18:24:36.465,2,-0.31,-0.69,0.79,-91.3778,191.4996,215.6414,175,75
2026-05-07 18:24:36.465,2,-0.29,-0.79,0.86,-96.8678,179.1196,215.0314,175,75
2026-05-07 18:24:36.486,2,-0.19,-0.82,0.87,-104.1778,170.2196,213.1414,175,75
2026-05-07 18:24:36.498,2,-0.12,-0.82,0.84,-109.9778,155.1596,211.8614,175,75
2026-05-07 18:24:36.508,2,-0.18,-0.76,0.79,-114.6678,151.9896,209.66140000000001,175,75
2026-05-07 18:24:36.519,2,-0.21,-0.69,0.72,-109.9778,157.1096,207.8314,175,75
2026-05-07 18:24:36.533,2,-0.24,-0.64,0.8,-102.2278,152.1696,206.00140000000002,175,75
2026-05-07 18:24:36.543,2,-0.19,-0.64,0.89,-96.9278,132.3596,201.00140000000002,175,75
2026-05-07 18:24:36.556,2,-0.15,-0.65,0.93,-99.48780000000001,99.3696,195.6414,175,75
2026-05-07 18:24:36.556,2,-0.12,-0.62,0.87,-107.1078,69.0596,188.8714,175,75
2026-05-07 18:24:36.578,2,-0.09,-0.56,0.77,-106.4978,55.3396,182.5914,175,75
2026-05-07 18:24:36.589,2,-0.09,-0.48,0.66,-95.7678,57.2996,173.5614,175,75
2026-05-07 18:24:36.599,2,-0.12,-0.42,0.61,-86.1278,71.2596,165.0314,175,75
2026-05-07 18:24:36.599,2,-0.12,-0.35,0.6,-79.6678,89.3696,157.47140000000002,175,75
2026-05-07 18:24:36.613,2,-0.12,-0.27,0.59,-74.4278,107.8396,149.3614,175,75
2026-05-07 18:24:36.625,2,-0.14,-0.2,0.63,-70.2178,119.3096,141.4314,175,75
2026-05-07 18:24:36.638,2,-0.13,-0.14,0.7,-66.9878,125.0996,132.9514,175,75
2026-05-07 18:24:36.647,2,-0.1,-0.1,0.74,-66.5578,123.2096,128.5614,175,75
2026-05-07 18:24:36.667,2,-0.01,-0.03,0.75,-67.1078,101.9896,121.06139999999999,175,75
2026-05-07 18:24:36.668,2,0.06,0.0,0.73,-67.5978,89.4296,114.66139999999999,175,75
2026-05-07 18:24:36.683,2,0.11,0.07,0.66,-68.2678,87.6596,106.3714,175,75
2026-05-07 18:24:36.693,2,0.13,0.16,0.62,-66.43780000000001,94.9796,96.8014,175,75
2026-05-07 18:24:36.706,2,0.15,0.23,0.62,-62.5978,103.9996,85.7014,175,75
2026-05-07 18:24:36.716,2,0.18,0.32,0.62,-58.0878,107.0496,74.4214,175,75
2026-05-07 18:24:36.736,2,0.19,0.39,0.63,-56.4378,101.4396,65.4514,175,75
2026-05-07 18:24:36.736,2,0.2,0.48,0.61,-57.7778,92.4796,58.621399999999994,175,75
2026-05-07 18:24:36.753,2,0.21,0.66,0.52,-69.6078,77.53960000000001,53.1414,175,75
2026-05-07 18:24:36.771,2,0.2,0.74,0.46,-79.0578,81.0096,52.34139999999999,175,75
2026-05-07 18:24:36.780,2,0.19,0.75,0.46,-85.5178,90.9496,47.7714,175,75
2026-05-07 18:24:36.791,2,0.24,0.71,0.51,-88.6278,98.7596,40.6414,175,75
2026-05-07 18:24:36.791,2,0.41,0.67,0.6,-89.0578,85.4696,31.431399999999996,175,75
2026-05-07 18:24:36.820,2,0.72,0.73,0.73,-93.2078,32.479600000000005,20.821399999999997,175,75
2026-05-07 18:24:36.830,2,0.8,0.73,0.65,-95.6478,-9.1704,13.321399999999997,175,75
2026-05-07 18:24:36.843,2,0.77,0.63,0.57,-100.8878,-30.690399999999997,6.061399999999999,175,75
2026-05-07 18:24:36.853,2,0.71,0.46,0.48,-106.2578,-40.3304,-7.5886,175,75
2026-05-07 18:24:36.853,2,0.72,0.34,0.46,-107.1678,-42.5804,-21.498600000000003,175,75
2026-05-07 18:24:36.863,2,0.8,0.24,0.52,-109.8478,-48.0104,-36.738600000000005,175,75
2026-05-07 18:24:36.888,2,0.89,0.17,0.56,-118.3278,-57.160399999999996,-53.3286,175,75
2026-05-07 18:24:36.899,2,0.92,0.11,0.59,-122.7778,-63.010400000000004,-69.7886,175,75
2026-05-07 18:24:36.909,2,0.93,0.03,0.59,-118.9978,-62.5804,-86.43860000000001,175,75
2026-05-07 18:24:36.921,2,0.9,-0.03,0.55,-112.8378,-55.57040000000001,-99.5486,175,75
2026-05-07 18:24:36.932,2,0.84,-0.14,0.52,-104.6078,-38.4404,-115.6386,175,75
2026-05-07 18:24:36.932,2,0.79,-0.28,0.57,-98.3878,-24.590400000000002,-131.7986,175,75
2026-05-07 18:24:36.966,2,0.72,-0.44,0.72,-79.6678,-2.4003999999999994,-170.8886,175,75
2026-05-07 18:24:36.990,2,0.64,-0.46,0.79,-53.2678,13.2696,-199.1786,175,75
2026-05-07 18:24:37.013,2,0.57,-0.57,0.92,-24.0578,23.209600000000002,-220.6386,175,75
2026-05-07 18:24:37.023,2,0.68,-0.83,1.16,6.2422,-6.5504,-230.88859999999997,175,75
2026-05-07 18:24:37.037,2,0.72,-0.99,1.23,20.022199999999998,-32.4004,-235.0886,175,75
2026-05-07 18:24:37.048,2,0.68,-1.11,1.23,34.9022,-53.010400000000004,-240.63859999999997,175,75
2026-05-07 18:24:37.062,2,0.58,-1.15,1.24,55.9422,-73.5604,-252.6586,175,75
2026-05-07 18:24:37.086,2,0.48,-1.22,1.3,89.1722,-120.1404,-267.71860000000004,175,75
2026-05-07 18:24:37.097,2,0.47,-1.34,1.3,100.7022,-147.5804,-267.40860000000004,175,75
2026-05-07 18:24:37.118,2,0.36,-1.83,1.24,107.1622,-178.1904,-265.57860000000005,175,75
2026-05-07 18:24:37.143,2,0.22,-2.14,1.26,120.02220000000001,-149.4104,-295.76860000000005,175,75
2026-05-07 18:24:37.153,2,0.19,-2.2,1.32,138.62220000000002,-147.4004,-310.57860000000005,175,75
2026-05-07 18:24:37.171,2,0.1,-2.31,1.37,173.2022,-153.4404,-333.1386,175,75
2026-05-07 18:24:37.182,2,0.02,-2.33,1.35,191.37220000000002,-151.4904,-344.90860000000004,175,75
2026-05-07 18:24:37.193,2,-0.07,-2.33,1.34,211.73219999999998,-152.5804,-358.5686,175,75
2026-05-07 18:24:37.216,2,-0.17,-2.28,1.39,244.35219999999998,-155.3904,-377.0486,175,75
2026-05-07 18:24:37.247,2,-0.09,-2.2,1.52,268.0722,-183.2504,-391.0686,175,75
2026-05-07 18:24:37.258,2,-0.06,-2.2,1.54,273.2622,-188.9204,-393.07860000000005,175,75
2026-05-07 18:24:37.258,2,-0.06,-2.14,1.56,278.6822,-186.9704,-388.1986,175,75
2026-05-07 18:24:37.279,2,-0.15,-2.06,1.63,288.2622,-188.5004,-376.6186,175,75
2026-05-07 18:24:37.290,2,-0.16,-2.02,1.71,297.8322,-198.0704,-369.0586,175,75
2026-05-07 18:24:37.290,2,-0.2,-1.97,1.8,303.4422,-208.1904,-364.78860000000003,175,75
2026-05-07 18:24:37.300,2,-0.27,-1.88,1.86,304.41220000000004,-215.9404,-362.22860000000003,175,75
2026-05-07 18:24:37.321,2,-0.26,-1.76,1.92,301.0622,-231.0004,-358.5086,175,75
2026-05-07 18:24:37.321,2,-0.28,-1.67,1.98,295.1522,-237.7704,-352.22860000000003,175,75
2026-05-07 18:24:37.333,2,-0.27,-1.56,1.97,291.1822,-231.3604,-345.33860000000004,175,75
2026-05-07 18:24:37.346,2,-0.21,-1.43,2.01,290.0922,-223.0704,-339.6686,175,75
2026-05-07 18:24:37.357,2,-0.19,-1.36,2.07,292.4022,-199.5304,-331.9886,175,75
2026-05-07 18:24:37.376,2,-0.22,-1.29,2.08,296.0022,-183.8604,-317.28860000000003,175,75
2026-05-07 18:24:37.376,2,-0.34,-1.14,2.08,307.2222,-173.7404,-296.3086,175,75
2026-05-07 18:24:37.390,2,-0.47,-1.0,2.08,321.61220000000003,-175.6304,-281.1886,175,75
2026-05-07 18:24:37.406,2,-0.43,-0.91,2.04,332.6522,-194.0504,-270.76860000000005,175,75
2026-05-07 18:24:37.409,2,-0.33,-0.85,2.01,337.2222,-213.7404,-257.83860000000004,175,75
2026-05-07 18:24:37.427,2,-0.25,-0.81,1.96,337.3422,-223.5004,-245.0286,175,75
2026-05-07 18:24:37.434,2,-0.2,-0.77,1.85,335.6322,-227.3404,-220.7686,175,75
2026-05-07 18:24:37.447,2,-0.22,-0.68,1.71,337.3422,-242.8304,-180.8886,175,75
2026-05-07 18:24:37.457,2,-0.25,-0.72,1.66,338.5622,-264.0504,-161.0686,175,75
2026-05-07 18:24:37.480,2,-0.29,-0.91,1.52,324.9622,-277.5204,-143.0786,175,75
2026-05-07 18:24:37.511,2,-0.5,-0.97,1.01,298.6222,-236.9704,-167.2286,175,75
2026-05-07 18:24:37.528,2,-0.48,-0.94,0.82,296.0022,-193.0704,-186.24859999999998,175,75
2026-05-07 18:24:37.543,2,-0.4,-0.86,0.71,299.0522,-158.4404,-185.2186,175,75
2026-05-07 18:24:37.554,2,-0.26,-0.8,0.69,301.79220000000004,-126.97040000000001,-173.2686,175,75
2026-05-07 18:24:37.564,2,-0.23,-0.81,0.76,299.9622,-98.5604,-155.5786,175,75
2026-05-07 18:24:37.564,2,-0.27,-0.74,0.73,291.0022,-88.2504,-134.4886,175,75
2026-05-07 18:24:37.579,2,-0.25,-0.69,0.68,276.0022,-107.2804,-130.02859999999998,175,75
2026-05-07 18:24:37.615,2,-0.24,-0.54,0.34,234.05220000000003,-114.7204,-95.9486,175,75
2026-05-07 18:24:37.655,2,-0.28,-0.32,0.14,194.41219999999998,-41.1204,-55.638600000000004,175,75
2026-05-07 18:24:37.666,2,-0.22,-0.23,0.11,178.0122,-29.050399999999996,-37.5886,175,75
2026-05-07 18:24:37.684,2,-0.15,-0.08,0.14,110.51219999999999,12.7196,15.511399999999997,175,75
2026-05-07 18:24:37.699,2,-0.15,-0.04,0.11,85.7022,23.5096,32.3414,175,75
2026-05-07 18:24:37.728,2,-0.13,0.04,0.06,30.022199999999998,40.099599999999995,64.97139999999999,175,75
2026-05-07 18:24:37.739,2,-0.12,0.05,0.13,10.7622,78.8196,74.48140000000001,175,75
2026-05-07 18:24:37.739,2,0.05,0.08,0.16,-20.4578,105.5896,91.6114,175,75
2026-05-07 18:24:37.752,2,0.07,0.13,0.21,-41.2578,108.5096,101.5514,175,75
2026-05-07 18:24:37.772,2,0.29,0.07,0.37,-74.5478,125.4096,114.66139999999999,175,75
2026-05-07 18:24:37.787,2,0.28,0.02,0.5,-88.3278,135.27960000000002,115.51140000000001,175,75
2026-05-07 18:24:37.799,2,0.3,0.04,0.6,-100.2178,153.1496,113.38139999999999,175,75
2026-05-07 18:24:37.809,2,0.38,0.08,0.74,-109.9078,168.2096,110.03139999999999,175,75
2026-05-07 18:24:37.819,2,0.49,0.1,0.86,-120.2778,173.8196,107.7714,175,75
2026-05-07 18:24:37.837,2,0.59,0.12,0.95,-130.0978,166.0796,106.3714,175,75
2026-05-07 18:24:37.847,2,0.63,0.12,1.04,-142.7178,147.1096,106.6114,175,75
2026-05-07 18:24:37.861,2,0.62,0.14,0.97,-159.6678,99.7996,101.6714,175,75
2026-05-07 18:24:37.898,2,0.54,0.05,0.66,-166.43779999999998,109.4296,84.5414,175,75
2026-05-07 18:24:37.913,2,0.54,0.08,0.65,-163.44779999999997,161.4396,79.72139999999999,175,75
2026-05-07 18:24:37.937,2,0.63,0.33,0.85,-180.58780000000002,214.0596,70.94139999999999,175,75
2026-05-07 18:24:37.948,2,0.64,0.38,0.93,-188.62779999999998,217.2296,65.1514,175,75
2026-05-07 18:24:37.964,2,0.66,0.44,1.05,-195.1578,209.4296,58.1414,175,75
2026-05-07 18:24:37.973,2,0.63,0.47,1.13,-198.44779999999997,192.2296,56.121399999999994,175,75
2026-05-07 18:24:37.983,2,0.63,0.45,1.18,-200.2178,162.1096,54.971399999999996,175,75
2026-05-07 18:24:37.994,2,0.62,0.42,1.11,-202.2878,135.7696,60.4514,175,75
2026-05-07 18:24:38.006,2,0.58,0.36,0.97,-201.6178,127.6596,64.0514,175,75
2026-05-07 18:24:38.019,2,0.56,0.31,0.9,-200.76780000000002,134.7296,63.9314,175,75
2026-05-07 18:24:38.031,2,0.51,0.3,0.83,-197.83780000000002,157.1696,62.7114,175,75
2026-05-07 18:24:38.047,2,0.5,0.32,0.85,-193.68779999999998,183.0896,59.971399999999996,175,75
2026-05-07 18:24:38.068,2,0.6,0.34,1.03,-186.49779999999998,194.1196,52.8314,175,75
2026-05-07 18:24:38.073,2,0.63,0.33,1.06,-186.7978,174.6696,50.151399999999995,175,75
2026-05-07 18:24:38.086,2,0.65,0.31,1.01,-190.33780000000002,151.8696,48.7514,175,75
2026-05-07 18:24:38.102,2,0.55,0.35,0.88,-193.99779999999998,139.2496,49.6614,175,75
2026-05-07 18:24:38.110,2,0.5,0.41,0.76,-195.51780000000002,143.5796,50.761399999999995,175,75
2026-05-07 18:24:38.123,2,0.5,0.42,0.74,-194.9078,156.9896,52.1614,175,75
2026-05-07 18:24:38.123,2,0.53,0.41,0.75,-192.7178,173.5096,53.1414,175,75
2026-05-07 18:24:38.147,2,0.66,0.34,0.86,-186.7978,173.7596,52.34139999999999,175,75
2026-05-07 18:24:38.176,2,0.73,0.33,0.91,-191.9878,130.27960000000002,47.471399999999996,175,75
2026-05-07 18:24:38.187,2,0.71,0.36,0.88,-195.70780000000002,109.6096,46.1914,175,75
2026-05-07 18:24:38.196,2,0.66,0.39,0.83,-198.44779999999997,95.3396,46.731399999999994,175,75
2026-05-07 18:24:38.211,2,0.61,0.44,0.73,-200.64780000000002,79.9196,50.8814,175,75
2026-05-07 18:24:38.211,2,0.57,0.45,0.66,-200.94779999999997,75.58959999999999,55.8814,175,75
2026-05-07 18:24:38.233,2,0.51,0.41,0.56,-199.3678,101.9296,64.6614,175,75
2026-05-07 18:24:38.241,2,0.53,0.4,0.57,-196.6178,125.5896,67.53139999999999,175,75
2026-05-07 18:24:38.257,2,0.57,0.38,0.61,-194.4878,147.9096,68.2614,175,75
2026-05-07 18:24:38.269,2,0.64,0.34,0.7,-194.9078,153.2696,67.0414,175,75
2026-05-07 18:24:38.279,2,0.7,0.31,0.78,-196.06779999999998,138.2696,62.7714,175,75
2026-05-07 18:24:38.300,2,0.68,0.32,0.78,-195.82780000000002,112.5996,59.6014,175,75
2026-05-07 18:24:38.312,2,0.51,0.46,0.62,-196.9878,68.4496,59.9114,175,75
2026-05-07 18:24:38.324,2,0.46,0.5,0.55,-198.81779999999998,62.7196,61.371399999999994,175,75
2026-05-07 18:24:38.343,2,0.46,0.51,0.49,-199.1178,70.8296,62.5914,175,75
2026-05-07 18:24:38.370,2,0.6,0.43,0.52,-191.25779999999997,91.3796,51.4914,175,75
2026-05-07 18:24:38.382,2,0.53,0.5,0.51,-191.00779999999997,78.0296,45.09139999999999,175,75
2026-05-07 18:24:38.392,2,0.49,0.56,0.48,-187.6578,68.2696,42.1014,175,75
2026-05-07 18:24:38.406,2,0.45,0.58,0.45,-182.4078,59.7296,42.1014,175,75
2026-05-07 18:24:38.410,2,0.47,0.58,0.44,-178.81779999999998,54.6096,41.731399999999994,175,75
2026-05-07 18:24:38.422,2,0.49,0.58,0.42,-176.12779999999998,51.0096,40.2714,175,75
2026-05-07 18:24:38.436,2,0.52,0.59,0.4,-174.1778,43.3896,35.7014,175,75
2026-05-07 18:24:38.458,2,0.5,0.61,0.36,-173.32780000000002,32.7796,31.611399999999996,175,75
2026-05-07 18:24:38.458,2,0.47,0.64,0.31,-171.25779999999997,21.1996,29.781399999999998,175,75
2026-05-07 18:24:38.481,2,0.47,0.66,0.26,-167.83780000000002,7.719600000000001,26.371399999999998,175,75
2026-05-07 18:24:38.496,2,0.32,0.73,0.13,-157.89780000000002,12.0496,24.111399999999996,175,75
2026-05-07 18:24:38.506,2,0.29,0.76,0.11,-154.2978,24.6096,22.951399999999996,175,75
2026-05-07 18:24:38.520,2,0.3,0.79,0.1,-151.25779999999997,40.339600000000004,20.641399999999997,175,75
2026-05-07 18:24:38.532,2,0.34,0.81,0.11,-150.94779999999997,49.9796,17.411399999999997,175,75
2026-05-07 18:24:38.541,2,0.38,0.82,0.12,-150.94779999999997,48.9396,14.051399999999997,175,75
2026-05-07 18:24:38.555,2,0.4,0.83,0.14,-148.68779999999998,42.229600000000005,10.881399999999998,175,75
2026-05-07 18:24:38.574,2,0.43,0.85,0.14,-142.5978,30.529600000000002,8.441399999999998,175,75
2026-05-07 18:24:38.589,2,0.41,0.9,0.06,-132.6578,9.729600000000001,3.2613999999999983,175,75
2026-05-07 18:24:38.639,2,0.31,1.07,0.01,-111.73780000000001,44.1196,11.311399999999997,175,75
2026-05-07 18:24:38.650,2,0.31,1.04,0.0,-114.7878,48.8796,12.951399999999998,175,75
2026-05-07 18:24:38.661,2,0.36,1.03,0.01,-116.98780000000001,56.6896,11.551399999999997,175,75
2026-05-07 18:24:38.671,2,0.43,1.04,0.05,-114.7878,66.5596,11.001399999999997,175,75
2026-05-07 18:24:38.679,2,0.52,1.07,0.1,-106.5578,71.4396,8.141399999999997,175,75
2026-05-07 18:24:38.703,2,0.6,1.16,0.22,-96.3778,52.1096,2.5913999999999966,175,75
2026-05-07 18:24:38.719,2,0.62,1.2,0.26,-93.0878,39.0596,1.061399999999999,175,75
2026-05-07 18:24:38.738,2,0.71,1.29,0.21,-85.2778,-3.7403999999999993,-6.008600000000001,175,75
2026-05-07 18:24:38.742,2,0.68,1.29,0.16,-82.7778,-14.1704,-8.078600000000002,175,75
2026-05-07 18:24:38.782,2,0.49,1.4,0.01,-67.8378,12.8396,10.031399999999998,175,75
2026-05-07 18:24:38.784,2,0.52,1.42,0.05,-65.0978,39.369600000000005,22.531399999999998,175,75
2026-05-07 18:24:38.807,2,0.66,1.39,0.11,-66.8678,63.9396,36.1914,175,75
2026-05-07 18:24:38.822,2,0.76,1.36,0.17,-71.43780000000001,69.9796,43.4414,175,75
2026-05-07 18:24:38.836,2,0.9,1.33,0.26,-77.4778,68.6996,50.151399999999995,175,75
2026-05-07 18:24:38.836,2,0.97,1.28,0.29,-80.7678,62.2996,52.7114,175,75
2026-05-07 18:24:38.858,2,1.07,1.09,0.43,-85.3378,55.3396,47.1014,175,75
2026-05-07 18:24:38.868,2,1.16,1.0,0.53,-85.8278,50.8896,40.2114,175,75
2026-05-07 18:24:38.883,2,1.21,0.95,0.57,-87.4078,31.869600000000002,33.1414,175,75
2026-05-07 18:24:38.883,2,1.21,0.92,0.6,-91.0678,-4.410399999999999,24.051399999999997,175,75
2026-05-07 18:24:38.894,2,1.2,0.9,0.58,-94.1778,-26.120399999999997,18.751399999999997,175,75
2026-05-07 18:24:38.923,2,1.1,0.88,0.52,-97.7778,-42.3404,16.191399999999998,175,75
2026-05-07 18:24:38.923,2,1.02,0.84,0.46,-99.6678,-44.4104,9.301399999999997,175,75
2026-05-07 18:24:38.936,2,1.03,0.8,0.43,-102.1678,-44.8404,1.0013999999999967,175,75
2026-05-07 18:24:38.951,2,1.03,0.79,0.43,-106.3778,-46.4904,-3.4486000000000026,175,75
2026-05-07 18:24:38.961,2,1.03,0.79,0.42,-111.9278,-52.2804,-6.918600000000005,175,75
2026-05-07 18:24:38.962,2,1.01,0.76,0.4,-119.6678,-57.5804,-10.948600000000006,175,75
2026-05-07 18:24:38.972,2,0.97,0.74,0.36,-125.4578,-58.9204,-13.808600000000006,175,75
2026-05-07 18:24:38.983,2,0.9,0.71,0.35,-126.6178,-49.050399999999996,-15.5186,175,75
2026-05-07 18:24:38.996,2,0.84,0.67,0.36,-123.3278,-23.5604,-18.0186,175,75
2026-05-07 18:24:39.007,2,0.85,0.63,0.39,-120.5178,5.339600000000001,-22.528600000000004,175,75
2026-05-07 18:24:39.019,2,0.84,0.65,0.43,-121.1278,28.5796,-28.3286,175,75
2026-05-07 18:24:39.030,2,0.8,0.68,0.47,-120.2178,40.949600000000004,-32.168600000000005,175,75
2026-05-07 18:24:39.040,2,0.8,0.69,0.51,-116.3778,51.6896,-36.308600000000006,175,75
2026-05-07 18:24:39.052,2,0.79,0.66,0.58,-110.8278,59.9196,-40.33860000000001,175,75
2026-05-07 18:24:39.062,2,0.76,0.66,0.64,-105.6478,62.5996,-43.138600000000004,175,75
2026-05-07 18:24:39.073,2,0.82,0.67,0.6,-99.6678,48.1496,-53.138600000000004,175,75
2026-05-07 18:24:39.084,2,0.77,0.73,0.57,-99.3678,42.1096,-57.28860000000001,175,75
2026-05-07 18:24:39.097,2,0.74,0.79,0.54,-93.5078,61.199600000000004,-59.11860000000001,175,75
2026-05-07 18:24:39.107,2,0.7,0.83,0.54,-82.5978,89.1896,-60.39860000000001,175,75
2026-05-07 18:24:39.118,2,0.68,0.86,0.57,-69.7878,112.6596,-61.4386,175,75
2026-05-07 18:24:39.118,2,0.83,0.85,0.67,-55.8278,129.4296,-68.80860000000001,175,75
2026-05-07 18:24:39.139,2,0.83,0.83,0.71,-46.3778,130.64960000000002,-73.99860000000001,175,75
2026-05-07 18:24:39.139,2,0.8,0.88,0.71,-41.927800000000005,123.1496,-70.5786,175,75
2026-05-07 18:24:39.152,2,0.66,0.99,0.69,-38.3878,126.6896,-72.4086,175,75
2026-05-07 18:24:39.173,2,0.61,1.15,0.81,-20.2778,131.31959999999998,-65.08860000000001,175,75
2026-05-07 18:24:39.205,2,0.66,1.04,1.01,-20.7678,54.6696,-56.00860000000001,175,75
2026-05-07 18:24:39.222,2,0.66,1.03,0.92,-8.2078,5.469600000000001,-51.3786,175,75
2026-05-07 18:24:39.222,2,0.58,1.04,0.82,-0.5877999999999997,-16.790399999999998,-48.6886,175,75
2026-05-07 18:24:39.236,2,0.54,1.07,0.71,2.7121999999999993,-25.8804,-48.6886,175,75
2026-05-07 18:24:39.260,2,0.54,1.11,0.61,3.4421999999999997,-24.660400000000003,-48.198600000000006,175,75
2026-05-07 18:24:39.260,2,0.45,1.16,0.54,5.212199999999999,-8.380399999999998,-47.9586,175,75
2026-05-07 18:24:39.287,2,0.48,1.17,0.49,18.932199999999998,41.0796,-45.08860000000001,175,75
2026-05-07 18:24:39.297,2,0.46,1.15,0.5,19.1122,64.11959999999999,-43.138600000000004,175,75
2026-05-07 18:24:39.309,2,0.46,1.14,0.5,20.272199999999998,74.9796,-41.4386,175,75
2026-05-07 18:24:39.314,2,0.47,1.19,0.52,22.102199999999996,74.1896,-40.948600000000006,175,75
2026-05-07 18:24:39.322,2,0.47,1.23,0.58,24.1122,61.4396,-40.08860000000001,175,75
2026-05-07 18:24:39.336,2,0.51,1.23,0.62,22.5922,53.3296,-39.8486,175,75
2026-05-07 18:24:39.365,2,0.46,1.33,0.47,16.3122,39.9196,-32.2286,175,75
2026-05-07 18:24:39.376,2,0.41,1.36,0.43,15.572199999999999,55.7696,-30.5186,175,75
2026-05-07 18:24:39.386,2,0.4,1.39,0.45,18.7422,82.1096,-24.608600000000003,175,75
2026-05-07 18:24:39.392,2,0.45,1.4,0.51,21.6722,92.1696,-19.178600000000003,175,75
2026-05-07 18:24:39.406,2,0.53,1.37,0.66,16.6722,78.7596,-12.5886,175,75
2026-05-07 18:24:39.414,2,0.58,1.31,0.73,4.962199999999999,50.4696,-8.628600000000006,175,75
2026-05-07 18:24:39.426,2,0.62,1.29,0.72,-5.457800000000001,16.6896,-3.5686000000000035,175,75
2026-05-07 18:24:39.436,2,0.61,1.34,0.63,-12.5378,-8.680399999999999,-1.798600000000004,175,75
2026-05-07 18:24:39.456,2,0.58,1.45,0.48,-14.4878,-15.080400000000001,4.421399999999998,175,75
2026-05-07 18:24:39.471,2,-0.24,1.6,0.46,-15.1578,-32.8304,-15.1586,175,75
2026-05-07 18:24:39.486,2,-0.32,1.72,0.76,-43.8778,2.2996,20.211399999999998,175,75
2026-05-07 18:24:39.491,2,1.43,0.53,0.98,-63.8778,-13.560400000000001,-37.5886,175,75
2026-05-07 18:24:39.505,2,1.15,1.08,0.53,-30.0978,54.7296,-3.6286000000000023,175,75
2026-05-07 18:24:39.518,2,0.77,1.59,0.1,13.9922,-15.9404,-3.8786000000000023,175,75
2026-05-07 18:24:39.521,2,0.36,1.66,0.54,19.6022,106.5596,-17.108600000000003,175,75
2026-05-07 18:24:39.536,2,0.84,1.39,0.71,10.272199999999998,130.4696,-13.078600000000002,175,75
2026-05-07 18:24:39.566,2,0.74,1.29,1.01,17.4022,46.4996,-3.9986000000000033,175,75
2026-05-07 18:24:39.577,2,0.52,1.6,0.67,17.4622,30.7696,12.531399999999998,175,75
2026-05-07 18:24:39.583,2,0.2,2.01,0.21,16.8522,-30.5704,31.191399999999998,175,75
2026-05-07 18:24:39.607,2,0.48,1.83,0.31,13.322199999999999,-38.1304,22.591399999999997,175,75
2026-05-07 18:24:39.607,2,0.93,1.38,0.54,-5.3978,-29.290399999999998,9.171399999999998,175,75
2026-05-07 18:24:39.627,2,0.92,0.8,1.01,-34.427800000000005,-84.7204,-7.5886,175,75
2026-05-07 18:24:39.639,2,0.66,1.07,0.99,-26.6178,-98.1904,-3.0786000000000016,175,75
2026-05-07 18:24:39.660,2,0.61,1.28,0.87,-12.777800000000001,-89.5304,2.161399999999997,175,75
2026-05-07 18:24:39.675,2,0.64,1.41,0.6,3.4421999999999997,-69.1704,13.261399999999997,175,75
2026-05-07 18:24:39.687,2,0.49,1.41,0.27,12.2822,-26.2404,13.811399999999997,175,75
2026-05-07 18:24:39.687,2,0.39,1.42,0.14,18.5622,18.7596,7.411399999999997,175,75
2026-05-07 18:24:39.704,2,0.64,1.34,0.52,28.2622,82.6596,-7.168600000000005,175,75
2026-05-07 18:24:39.725,2,0.73,1.31,0.86,23.4422,57.7196,-15.578600000000002,175,75
2026-05-07 18:24:39.738,2,0.76,1.38,0.89,11.8522,13.999600000000001,-11.858600000000003,175,75
2026-05-07 18:24:39.766,2,0.79,1.34,0.61,6.8522,-97.9504,8.261399999999998,175,75
2026-05-07 18:24:39.777,2,0.72,1.26,0.46,6.912199999999999,-55.57040000000001,-0.08860000000000312,175,75
2026-05-07 18:24:39.791,2,0.75,1.35,0.36,13.9922,-25.3904,-5.578600000000002,175,75
2026-05-07 18:24:39.803,2,0.7,1.46,0.32,24.7222,-9.900400000000001,-2.7786000000000044,175,75
2026-05-07 18:24:39.813,2,0.62,1.51,0.35,26.9822,-0.8103999999999996,-5.578600000000002,175,75
2026-05-07 18:24:39.836,2,0.69,1.37,0.52,5.7021999999999995,3.579600000000001,-9.5486,175,75
2026-05-07 18:24:39.870,2,0.56,1.25,0.52,-10.5878,-22.340400000000002,-11.858600000000003,175,75
2026-05-07 18:24:39.870,2,0.49,1.26,0.48,-12.2878,-12.770399999999999,-12.108600000000003,175,75
2026-05-07 18:24:39.884,2,0.46,1.34,0.41,-6.7978000000000005,3.089600000000001,-14.058600000000006,175,75
2026-05-07 18:24:39.908,2,0.43,1.47,0.4,4.7822,19.979599999999998,-4.238600000000002,175,75
2026-05-07 18:24:39.929,2,0.49,1.45,0.46,8.0122,24.6096,-5.638600000000004,175,75
2026-05-07 18:24:39.938,2,0.59,1.38,0.6,8.502199999999998,23.8196,-7.348600000000005,175,75
2026-05-07 18:24:39.966,2,0.68,1.41,0.61,-5.5878000000000005,-23.6804,-10.028600000000004,175,75
2026-05-07 18:24:39.973,2,0.63,1.41,0.51,-10.2178,-26.1804,-12.528600000000004,175,75
2026-05-07 18:24:39.986,2,0.58,1.4,0.45,-11.1878,-11.5504,-16.738600000000005,175,75
2026-05-07 18:24:39.996,2,0.56,1.38,0.43,-13.8778,-0.5703999999999994,-18.5086,175,75
2026-05-07 18:24:40.008,2,0.49,1.41,0.45,-10.0378,13.7596,-18.0186,175,75
2026-05-07 18:24:40.020,2,0.49,1.39,0.54,-8.0878,22.6596,-19.608600000000003,175,75
2026-05-07 18:24:40.052,2,0.46,1.41,0.71,-11.1878,28.1496,-20.8286,175,75
2026-05-07 18:24:40.076,2,0.46,1.53,0.73,-9.5478,-7.580400000000001,-10.218600000000002,175,75
2026-05-07 18:24:40.097,2,0.45,1.47,0.73,-4.1778,-16.1804,-3.8786000000000023,175,75
2026-05-07 18:24:40.126,2,0.44,1.48,0.7,-0.21780000000000044,-19.4104,-2.2886000000000024,175,75
2026-05-07 18:24:40.143,2,0.42,1.5,0.66,6.432199999999998,-12.4604,-1.0686000000000035,175,75
2026-05-07 18:24:40.153,2,0.4,1.49,0.66,6.912199999999999,-2.830399999999999,0.031399999999997874,175,75
2026-05-07 18:24:40.170,2,0.42,1.48,0.67,8.382200000000001,4.429600000000001,0.2713999999999963,175,75
2026-05-07 18:24:40.196,2,0.43,1.43,0.72,14.232199999999999,4.2496,0.5813999999999986,175,75
2026-05-07 18:24:40.231,2,0.41,1.45,0.68,12.522199999999998,1.8095999999999997,3.9913999999999987,175,75
2026-05-07 18:24:40.242,2,0.42,1.44,0.67,12.522199999999998,5.0396,5.511399999999998,175,75
2026-05-07 18:24:40.252,2,0.43,1.44,0.69,13.4422,7.5396,6.251399999999997,175,75
2026-05-07 18:24:40.277,2,0.45,1.48,0.73,18.8122,7.3596,7.591399999999997,175,75
2026-05-07 18:24:40.291,2,0.54,1.47,0.72,18.932199999999998,-8.310400000000001,12.771399999999998,175,75
2026-05-07 18:24:40.330,2,0.57,1.45,0.69,24.6622,-8.990400000000001,10.761399999999997,175,75
2026-05-07 18:24:40.350,2,0.59,1.43,0.69,24.1122,-2.5204000000000004,7.041399999999996,175,75
2026-05-07 18:24:40.373,2,0.59,1.5,0.68,24.172199999999997,-2.580399999999999,7.831399999999999,175,75
2026-05-07 18:24:40.386,2,0.56,1.51,0.65,25.392200000000003,-6.420400000000001,11.061399999999997,175,75
2026-05-07 18:24:40.398,2,0.55,1.49,0.64,24.5422,-5.880399999999998,11.861399999999998,175,75
2026-05-07 18:24:40.420,2,0.56,1.41,0.64,22.4022,5.889600000000001,13.081399999999997,175,75
2026-05-07 18:24:40.420,2,0.57,1.41,0.66,24.9022,9.249600000000001,12.041399999999998,175,75
2026-05-07 18:24:40.433,2,0.6,1.42,0.67,30.632199999999997,7.7796,11.371399999999998,175,75
2026-05-07 18:24:40.444,2,0.61,1.43,0.69,33.9922,5.219600000000001,10.211399999999998,175,75
2026-05-07 18:24:40.456,2,0.63,1.42,0.67,35.9422,0.09960000000000058,6.671399999999998,175,75
2026-05-07 18:24:40.476,2,0.61,1.49,0.51,37.7722,-12.090399999999999,3.8713999999999977,175,75
2026-05-07 18:24:40.487,2,0.61,1.56,0.44,37.2822,1.5595999999999997,3.3813999999999957,175,75
2026-05-07 18:24:40.505,2,0.69,1.54,0.45,37.5222,30.4696,2.411399999999997,175,75
2026-05-07 18:24:40.527,2,0.7,1.47,0.47,36.4922,45.7096,2.041399999999996,175,75
2026-05-07 18:24:40.527,2,0.72,1.46,0.49,36.1222,53.2696,2.8313999999999986,175,75
2026-05-07 18:24:40.538,2,0.73,1.46,0.53,38.2022,53.8196,-0.3386000000000031,175,75
2026-05-07 18:24:40.560,2,0.81,1.43,0.6,28.6222,41.869600000000005,-2.718600000000002,175,75
2026-05-07 18:24:40.574,2,0.79,1.45,0.6,24.4822,38.0296,-3.808600000000002,175,75
2026-05-07 18:24:40.597,2,0.74,1.44,0.66,18.7422,26.4396,-3.388600000000004,175,75
2026-05-07 18:24:40.602,2,0.75,1.38,0.72,13.5622,17.5396,-3.9986000000000033,175,75
2026-05-07 18:24:40.626,2,0.74,1.36,0.74,9.842199999999998,1.9296000000000006,-4.358600000000003,175,75
2026-05-07 18:24:40.655,2,0.59,1.42,0.56,5.632199999999999,-12.1604,-1.8586000000000027,175,75
2026-05-07 18:24:40.678,2,0.63,1.41,0.54,10.022199999999998,4.9196,-3.808600000000002,175,75
2026-05-07 18:24:40.690,2,0.63,1.41,0.55,13.932199999999998,14.729600000000001,-6.188600000000001,175,75
2026-05-07 18:24:40.722,2,0.58,1.38,0.62,19.2922,29.7296,-8.328600000000002,175,75
2026-05-07 18:24:40.736,2,0.57,1.37,0.7,22.1622,20.8896,-11.678600000000003,175,75
2026-05-07 18:24:40.749,2,0.56,1.39,0.71,23.742199999999997,7.9696,-9.178600000000003,175,75
2026-05-07 18:24:40.749,2,0.54,1.42,0.69,24.2922,-1.7303999999999995,-7.288600000000002,175,75
2026-05-07 18:24:40.767,2,0.54,1.43,0.65,23.322200000000002,-5.810400000000001,-5.578600000000002,175,75
2026-05-07 18:24:40.772,2,0.51,1.41,0.63,21.7922,-2.6403999999999996,-4.548600000000004,175,75
2026-05-07 18:24:40.788,2,0.5,1.39,0.63,21.182199999999998,2.3596000000000004,-3.7486000000000033,175,75
2026-05-07 18:24:40.790,2,0.48,1.36,0.66,20.9422,6.009600000000001,-3.388600000000004,175,75
2026-05-07 18:24:40.800,2,0.46,1.35,0.7,19.4822,1.8696000000000002,-3.3286000000000016,175,75
2026-05-07 18:24:40.816,2,0.46,1.32,0.73,17.1622,-8.380399999999998,0.2113999999999976,175,75
2026-05-07 18:24:40.840,2,0.43,1.32,0.73,15.9422,-18.8604,1.8613999999999962,175,75
2026-05-07 18:24:40.852,2,0.42,1.35,0.61,18.1322,-11.060400000000001,1.5513999999999974,175,75
2026-05-07 18:24:40.862,2,0.41,1.37,0.57,20.2122,4.6096,1.4313999999999965,175,75
2026-05-07 18:24:40.876,2,0.43,1.42,0.54,24.5422,20.4696,2.2213999999999956,175,75
2026-05-07 18:24:40.885,2,0.51,1.41,0.57,25.572200000000002,28.0896,-0.39860000000000184,175,75
2026-05-07 18:24:40.896,2,0.47,1.42,0.55,29.172199999999997,41.7496,1.6713999999999984,175,75
2026-05-07 18:24:40.906,2,0.43,1.45,0.6,33.2022,49.8596,-0.1586000000000034,175,75
2026-05-07 18:24:40.928,2,0.49,1.48,0.66,33.3222,40.6496,1.191399999999998,175,75
2026-05-07 18:24:40.941,2,0.55,1.48,0.71,30.822200000000002,22.599600000000002,6.4313999999999965,175,75
2026-05-07 18:24:40.941,2,0.6,1.46,0.68,29.782200000000003,-4.900400000000001,12.711399999999998,175,75
2026-05-07 18:24:40.952,2,0.58,1.45,0.61,28.9322,-21.0604,16.251399999999997,175,75
2026-05-07 18:24:40.964,2,0.56,1.46,0.53,27.712200000000003,-31.790399999999998,16.6714,175,75
2026-05-07 18:24:40.986,2,0.55,1.48,0.45,25.632199999999997,-36.6704,19.111399999999996,175,75
2026-05-07 18:24:40.986,2,0.58,1.46,0.47,21.6122,-43.6204,18.0114,175,75
2026-05-07 18:24:41.031,2,0.63,1.36,0.41,3.5022,-64.5304,16.731399999999997,175,75
2026-05-07 18:24:41.056,2,0.56,1.41,0.25,0.4521999999999995,-35.4504,14.721399999999997,175,75
2026-05-07 18:24:41.073,2,0.57,1.4,0.31,-4.9078,15.409600000000001,12.101399999999998,175,75
2026-05-07 18:24:41.089,2,0.65,1.36,0.41,-8.267800000000001,30.5896,8.931399999999996,175,75
2026-05-07 18:24:41.089,2,0.67,1.35,0.49,-11.3778,33.5796,7.531399999999998,175,75
2026-05-07 18:24:41.117,2,0.66,1.4,0.53,-21.7378,9.249600000000001,10.091399999999997,175,75
2026-05-07 18:24:41.131,2,0.51,1.47,0.47,-31.7378,-4.2303999999999995,16.551399999999997,175,75
2026-05-07 18:24:41.156,2,0.05,1.55,0.51,-47.2278,-15.750399999999999,-1.1286000000000023,175,75
2026-05-07 18:24:41.178,2,2.59,0.99,0.68,-114.2978,-118.44040000000001,37.59139999999999,175,75
2026-05-07 18:24:41.190,2,0.48,0.74,0.67,-83.0878,-4.170400000000001,-44.2986,175,75
2026-05-07 18:24:41.206,2,1.56,1.41,-0.43,-32.1678,75.2796,-7.348600000000005,175,75
2026-05-07 18:24:41.206,2,-0.11,1.85,0.36,8.072199999999999,108.8196,-20.278600000000004,175,75
2026-05-07 18:24:41.219,2,0.62,1.82,0.23,27.8322,337.7796,-14.5486,175,75
2026-05-07 18:24:41.230,2,0.52,1.55,1.08,36.9822,321.1996,-33.808600000000006,175,75
2026-05-07 18:24:41.242,2,0.68,1.49,1.22,27.6522,270.4696,-39.8486,175,75
2026-05-07 18:24:41.264,2,1.05,1.51,1.13,25.882199999999997,53.8196,26.121399999999998,175,75
2026-05-07 18:24:41.276,2,0.83,1.52,0.89,29.602199999999996,-26.0004,46.1914,175,75
2026-05-07 18:24:41.287,2,0.6,1.4,0.63,23.0122,-75.6904,31.731399999999997,175,75
2026-05-07 18:24:41.296,2,0.57,1.33,0.55,6.982199999999999,-87.0304,16.191399999999998,175,75
2026-05-07 18:24:41.329,2,0.77,1.35,0.96,-3.5078000000000005,-120.2704,-3.7486000000000033,175,75
2026-05-07 18:24:41.362,2,0.91,1.26,0.92,-0.09779999999999944,-165.3304,12.341399999999997,175,75
2026-05-07 18:24:41.378,2,0.78,1.19,0.45,2.8322000000000003,-141.8504,4.721399999999996,175,75
2026-05-07 18:24:41.392,2,0.24,1.46,-0.23,33.5622,41.8096,2.531399999999998,175,75
2026-05-07 18:24:41.417,2,0.23,1.44,0.25,38.9322,210.2196,2.4713999999999956,175,75
2026-05-07 18:24:41.417,2,0.85,1.33,0.76,29.2322,225.9496,-25.7686,175,75
2026-05-07 18:24:41.427,2,0.66,1.26,1.1,24.0522,197.2996,-30.948600000000006,175,75
2026-05-07 18:24:41.452,2,1.02,1.23,1.18,11.912199999999999,62.9696,-4.488600000000002,175,75
2026-05-07 18:24:41.464,2,1.01,1.27,1.07,17.0422,-40.2704,17.531399999999998,175,75
2026-05-07 18:24:41.475,2,0.9,1.31,0.83,25.822200000000002,-126.18039999999999,46.121399999999994,175,75
2026-05-07 18:24:41.486,2,0.69,1.31,0.48,29.6622,-170.1404,46.9214,175,75
2026-05-07 18:24:41.499,2,0.25,1.18,0.17,23.2622,-47.6404,1.8613999999999962,175,75
2026-05-07 18:24:41.511,2,0.51,1.25,0.19,28.382199999999997,32.9096,3.811399999999999,175,75
2026-05-07 18:24:41.526,2,0.87,1.29,0.46,48.5622,39.0596,-8.508600000000001,175,75
2026-05-07 18:24:41.552,2,0.81,1.2,0.55,14.842199999999998,-78.8604,-3.7486000000000033,175,75
2026-05-07 18:24:41.575,2,0.7,1.19,0.28,8.132200000000001,-60.880399999999995,-15.1586,175,75
2026-05-07 18:24:41.575,2,0.64,1.22,0.11,16.0022,-14.900400000000001,-18.998600000000003,175,75
2026-05-07 18:24:41.596,2,0.56,1.26,0.24,26.1222,75.33959999999999,-18.198600000000006,175,75
2026-05-07 18:24:41.631,2,0.65,1.2,0.61,22.6522,88.7596,-20.8286,175,75
2026-05-07 18:24:41.642,2,0.66,1.21,0.78,16.4922,40.1596,-19.178600000000003,175,75
2026-05-07 18:24:41.672,2,0.62,1.28,0.67,14.112200000000001,-14.720399999999998,-12.778600000000004,175,75
2026-05-07 18:24:41.699,2,0.51,1.27,0.48,19.7822,4.6096,-15.218600000000002,175,75
2026-05-07 18:24:41.725,2,0.44,1.28,0.5,24.602199999999996,23.9396,-12.108600000000003,175,75
2026-05-07 18:24:41.750,2,0.47,1.28,0.58,26.7922,28.9996,-11.498600000000003,175,75
2026-05-07 18:24:41.764,2,0.48,1.31,0.54,21.3122,15.4696,-7.5886,175,75
2026-05-07 18:24:41.790,2,0.47,1.32,0.46,13.6222,31.9296,-7.108600000000003,175,75
2026-05-07 18:24:41.812,2,0.49,1.33,0.48,14.7222,47.6596,-6.678600000000003,175,75
2026-05-07 18:24:41.826,2,0.54,1.31,0.63,17.7122,54.7996,-6.918600000000005,175,75
2026-05-07 18:24:41.856,2,0.53,1.36,0.67,18.3822,25.4696,-1.1286000000000023,175,75
2026-05-07 18:24:41.856,2,0.51,1.37,0.62,12.4622,13.9396,2.281399999999998,175,75
2026-05-07 18:24:41.894,2,0.54,1.36,0.6,6.312200000000001,12.4196,6.5513999999999974,175,75
2026-05-07 18:24:41.917,2,0.59,1.3,0.68,1.312199999999999,-6.3004,9.171399999999998,175,75
2026-05-07 18:24:41.928,2,0.57,1.32,0.63,-1.4977999999999998,-18.5604,9.051399999999997,175,75
2026-05-07 18:24:41.934,2,0.56,1.35,0.59,-0.9478000000000009,-21.550399999999996,8.871399999999998,175,75
2026-05-07 18:24:41.958,2,0.63,1.33,0.56,-1.9277999999999995,-21.3604,6.251399999999997,175,75
2026-05-07 18:24:41.958,2,0.57,1.4,0.57,-0.9478000000000009,-8.250399999999999,8.691399999999998,175,75
2026-05-07 18:24:41.978,2,0.59,1.42,0.62,8.6222,-3.8004,8.691399999999998,175,75
2026-05-07 18:24:41.988,2,0.66,1.36,0.69,6.612200000000001,-15.270399999999999,8.201399999999996,175,75
2026-05-07 18:24:42.002,2,0.68,1.32,0.7,-1.2577999999999996,-30.5704,9.421399999999997,175,75
2026-05-07 18:24:42.019,2,0.6,1.31,0.53,-2.9578000000000007,-38.5004,6.251399999999997,175,75
2026-05-07 18:24:42.030,2,0.63,1.31,0.46,0.4521999999999995,-31.8504,4.231399999999997,175,75
2026-05-07 18:24:42.044,2,0.58,1.35,0.43,1.1221999999999994,-17.0304,4.481399999999997,175,75
2026-05-07 18:24:42.060,2,0.5,1.41,0.46,8.7422,20.1596,3.5013999999999967,175,75
2026-05-07 18:24:42.065,2,0.53,1.43,0.53,17.0422,44.4896,3.1413999999999973,175,75
2026-05-07 18:24:42.077,2,0.56,1.41,0.63,18.2622,46.5596,2.281399999999998,175,75
2026-05-07 18:24:42.077,2,0.61,1.38,0.72,12.892199999999999,33.8196,2.161399999999997,175,75
2026-05-07 18:24:42.091,2,0.62,1.38,0.75,3.2021999999999995,14.5496,6.731399999999997,175,75
2026-05-07 18:24:42.111,2,0.56,1.4,0.68,-6.4978,-24.660400000000003,11.861399999999998,175,75
2026-05-07 18:24:42.125,2,0.53,1.41,0.62,-7.8378,-22.2804,11.191399999999998,175,75
2026-05-07 18:24:42.148,2,0.67,1.46,0.65,-5.5878000000000005,-2.830399999999999,3.5013999999999967,175,75
2026-05-07 18:24:42.171,2,0.62,1.57,0.66,-3.4478,21.0796,11.251399999999997,175,75
2026-05-07 18:24:42.171,2,0.62,1.58,0.71,1.312199999999999,22.9696,11.061399999999997,175,75
2026-05-07 18:24:42.182,2,0.68,1.54,0.82,-1.5578000000000003,17.4796,11.611399999999998,175,75
2026-05-07 18:24:42.207,2,0.79,1.51,0.88,-18.0178,-20.8104,22.891399999999997,175,75
2026-05-07 18:24:42.230,2,0.84,1.48,0.82,-18.997799999999998,-54.900400000000005,27.591399999999997,175,75
2026-05-07 18:24:42.241,2,0.9,1.46,0.75,-20.8878,-53.620400000000004,26.431399999999996,175,75
2026-05-07 18:24:42.266,2,0.9,1.42,0.73,-22.6578,-51.2404,19.051399999999997,175,75
2026-05-07 18:24:42.284,2,0.84,1.39,0.74,-21.797800000000002,-63.740399999999994,15.151399999999997,175,75
2026-05-07 18:24:42.299,2,0.78,1.39,0.71,-22.1078,-68.5604,14.841399999999997,175,75
2026-05-07 18:24:42.310,2,0.74,1.4,0.65,-21.1278,-61.6104,13.081399999999997,175,75
2026-05-07 18:24:42.324,2,0.75,1.35,0.57,-16.5578,-34.5304,7.221399999999996,175,75
2026-05-07 18:24:42.354,2,0.76,1.31,0.52,-6.867800000000001,8.3896,0.8813999999999957,175,75
2026-05-07 18:24:42.367,2,0.72,1.31,0.55,-0.7078000000000007,23.6396,-3.808600000000002,175,75
2026-05-07 18:24:42.377,2,0.71,1.32,0.61,5.4521999999999995,36.199600000000004,-6.918600000000005,175,75
2026-05-07 18:24:42.383,2,0.71,1.31,0.69,9.292200000000001,41.7496,-10.828600000000002,175,75
2026-05-07 18:24:42.397,2,0.69,1.3,0.75,11.182199999999998,35.099599999999995,-12.288600000000002,175,75
2026-05-07 18:24:42.416,2,0.63,1.26,0.76,17.3422,11.1996,-13.078600000000002,175,75
2026-05-07 18:24:42.426,2,0.58,1.25,0.71,19.1722,0.7096,-12.348600000000005,175,75
2026-05-07 18:24:42.436,2,0.56,1.24,0.69,21.3122,-7.830400000000001,-15.638600000000004,175,75
2026-05-07 18:24:42.459,2,0.56,1.25,0.67,22.0422,-8.9204,-16.4386,175,75
2026-05-07 18:24:42.469,2,0.51,1.28,0.64,23.9322,-2.830399999999999,-17.168600000000005,175,75
2026-05-07 18:24:42.485,2,0.49,1.34,0.61,30.0922,12.1696,-16.128600000000006,175,75
2026-05-07 18:24:42.497,2,0.44,1.35,0.67,32.2822,18.7596,-14.608600000000003,175,75
2026-05-07 18:24:42.524,2,0.42,1.35,0.71,31.6122,4.6096,-8.328600000000002,175,75
2026-05-07 18:24:42.551,2,0.45,1.34,0.64,26.9122,-29.1104,-0.39860000000000184,175,75
2026-05-07 18:24:42.573,2,0.47,1.33,0.6,27.3422,-28.800399999999996,-1.0086000000000013,175,75
2026-05-07 18:24:42.584,2,0.42,1.37,0.55,29.962200000000003,-8.500399999999999,1.1213999999999977,175,75
2026-05-07 18:24:42.594,2,0.42,1.38,0.57,28.4422,-7.8904,2.531399999999998,175,75
2026-05-07 18:24:42.616,2,0.43,1.38,0.58,23.502200000000002,-14.470399999999998,6.5513999999999974,175,75
2026-05-07 18:24:42.627,2,0.44,1.36,0.59,18.2022,-23.6804,9.481399999999997,175,75
2026-05-07 18:24:42.633,2,0.44,1.34,0.57,15.2122,-27.4604,10.821399999999997,175,75
2026-05-07 18:24:42.647,2,0.47,1.34,0.58,13.2622,-32.8304,10.701399999999998,175,75
2026-05-07 18:24:42.658,2,0.51,1.37,0.57,12.7122,-34.4704,11.001399999999997,175,75
2026-05-07 18:24:42.697,2,0.5,1.42,0.45,15.882200000000001,-13.380399999999998,14.911399999999997,175,75
2026-05-07 18:24:42.728,2,0.61,1.33,0.61,5.9422,-14.470399999999998,22.411399999999997,175,75
2026-05-07 18:24:42.760,2,0.53,1.48,0.37,-9.0578,-25.510399999999997,37.831399999999995,175,75
2026-05-07 18:24:42.776,2,0.65,1.47,0.32,-10.7078,-8.310400000000001,35.581399999999995,175,75
2026-05-07 18:24:42.783,2,0.67,1.42,0.37,-13.2078,-5.270399999999999,33.261399999999995,175,75
2026-05-07 18:24:42.800,2,0.75,1.33,0.55,-18.997799999999998,-11.790399999999998,27.8314,175,75
2026-05-07 18:24:42.817,2,0.08,1.36,0.62,-30.9478,-54.5304,5.641399999999997,175,75
2026-05-07 18:24:42.828,2,-0.87,1.75,0.54,-35.3378,-29.410400000000003,15.511399999999997,175,75
2026-05-07 18:24:42.828,2,3.98,0.85,0.78,-84.6078,-208.2504,22.951399999999996,175,75
2026-05-07 18:24:42.841,2,1.57,0.23,0.57,-83.9978,-60.3904,-31.068600000000004,175,75
2026-05-07 18:24:42.888,2,0.43,1.67,-0.04,60.572199999999995,354.3096,-12.718600000000002,175,75
2026-05-07 18:24:42.899,2,0.84,1.16,1.18,41.9822,201.5596,-60.698600000000006,175,75
2026-05-07 18:24:42.922,2,0.54,2.1,0.28,36.1822,-3.4404000000000003,17.041399999999996,175,75
2026-05-07 18:24:42.934,2,0.69,2.12,0.3,27.102199999999996,-89.9004,23.621399999999998,175,75
2026-05-07 18:24:42.946,2,0.59,1.64,0.38,-3.3878000000000004,-30.080399999999997,-1.0086000000000013,175,75
2026-05-07 18:24:43.002,2,0.77,1.0,0.82,-30.6478,-71.7304,-0.6986000000000026,175,75
2026-05-07 18:24:43.013,2,0.74,1.02,0.49,-32.1078,-47.6404,-3.138600000000004,175,75
2026-05-07 18:24:43.013,2,0.57,1.12,0.14,-30.5878,13.0296,-6.498600000000003,175,75
2026-05-07 18:24:43.050,2,0.39,1.27,0.33,12.522199999999998,251.0796,-9.488600000000005,175,75
2026-05-07 18:24:43.085,2,0.75,1.41,1.08,15.882200000000001,179.0596,-41.068599999999996,175,75
2026-05-07 18:24:43.107,2,0.81,1.42,1.05,11.432199999999998,117.2296,-25.398600000000002,175,75
2026-05-07 18:24:43.107,2,0.82,1.37,1.03,13.4422,40.6496,-7.5886,175,75
2026-05-07 18:24:43.118,2,0.73,1.29,0.96,21.3122,-29.840400000000002,14.051399999999997,175,75
2026-05-07 18:24:43.141,2,0.58,1.27,0.78,28.322200000000002,-84.2304,28.751399999999997,175,75
2026-05-07 18:24:43.154,2,0.44,1.2,0.63,25.022199999999998,-52.2804,-1.0686000000000035,175,75
2026-05-07 18:24:43.174,2,0.65,1.3,0.56,27.282200000000003,3.6996,-6.558600000000002,175,75
2026-05-07 18:24:43.197,2,0.72,1.31,0.64,28.2622,-33.9904,-1.4986000000000033,175,75
2026-05-07 18:24:43.211,2,0.67,1.23,0.51,16.2422,-12.4604,-6.7986,175,75
2026-05-07 18:24:43.225,2,0.68,1.25,0.44,25.572200000000002,19.4296,-11.498600000000003,175,75
2026-05-07 18:24:43.236,2,0.64,1.28,0.47,31.062199999999997,32.9696,-11.498600000000003,175,75
2026-05-07 18:24:43.246,2,0.6,1.29,0.54,33.7422,43.6396,-14.358600000000003,175,75
2026-05-07 18:24:43.250,2,0.61,1.3,0.6,33.7422,45.0396,-13.998600000000003,175,75
2026-05-07 18:24:43.264,2,0.6,1.32,0.68,32.7122,39.7996,-13.938600000000001,175,75
2026-05-07 18:24:43.273,2,0.64,1.35,0.73,30.572200000000002,33.449600000000004,-12.778600000000004,175,75
2026-05-07 18:24:43.299,2,0.68,1.38,0.73,26.852199999999996,18.4496,-9.238600000000005,175,75
2026-05-07 18:24:43.334,2,0.77,1.41,0.67,25.822200000000002,1.0096000000000007,-9.2986,175,75
2026-05-07 18:24:43.353,2,0.76,1.42,0.65,19.7222,-9.5304,-8.198600000000006,175,75
2026-05-07 18:24:43.365,2,0.69,1.38,0.61,15.2122,-7.400400000000001,-9.668600000000005,175,75
2026-05-07 18:24:43.399,2,0.63,1.34,0.59,14.9022,7.2296000000000005,-13.998600000000003,175,75
2026-05-07 18:24:43.411,2,0.63,1.37,0.62,15.632200000000001,15.4696,-16.7986,175,75
2026-05-07 18:24:43.414,2,0.64,1.38,0.64,13.7422,17.4196,-17.288600000000002,175,75
2026-05-07 18:24:43.429,2,0.64,1.37,0.64,11.5522,17.0496,-16.248600000000003,175,75
2026-05-07 18:24:43.435,2,0.63,1.36,0.62,11.912199999999999,19.4896,-16.498600000000003,175,75
2026-05-07 18:24:43.465,2,0.62,1.35,0.64,21.2422,31.5596,-20.7686,175,75
2026-05-07 18:24:43.474,2,0.62,1.36,0.66,25.632199999999997,34.7996,-21.738600000000005,175,75
2026-05-07 18:24:43.486,2,0.59,1.36,0.64,27.892200000000003,34.3096,-20.5786,175,75
2026-05-07 18:24:43.528,2,0.49,1.39,0.58,36.4322,49.5496,-19.238600000000005,175,75
2026-05-07 18:24:43.541,2,0.44,1.4,0.6,39.8422,66.8096,-17.718600000000002,175,75
2026-05-07 18:24:43.576,2,0.44,1.44,0.64,45.3922,69.8596,-8.078600000000002,175,75
2026-05-07 18:24:43.593,2,0.48,1.42,0.7,46.852199999999996,67.6596,-2.838600000000003,175,75
2026-05-07 18:24:43.618,2,0.54,1.34,0.8,43.5622,49.6696,-0.3386000000000031,175,75
2026-05-07 18:24:43.628,2,0.56,1.31,0.83,41.3722,27.779600000000002,-0.8286000000000016,175,75
2026-05-07 18:24:43.642,2,0.59,1.29,0.84,39.7822,6.7496,-2.2886000000000024,175,75
2026-05-07 18:24:43.656,2,0.64,1.17,0.81,35.8222,-18.4404,-8.568600000000004,175,75
2026-05-07 18:24:43.673,2,0.49,1.13,0.63,34.5422,-2.5204000000000004,-28.0186,175,75
2026-05-07 18:24:43.686,2,0.36,1.22,0.59,48.2622,29.119600000000002,-34.9686,175,75
2026-05-07 18:24:43.696,2,0.31,1.25,0.67,54.7222,47.4196,-39.058600000000006,175,75
2026-05-07 18:24:43.696,2,0.27,1.26,0.78,54.842200000000005,58.8796,-40.39860000000001,175,75
2026-05-07 18:24:43.710,2,0.19,1.26,0.85,47.2822,65.58959999999999,-39.8486,175,75
2026-05-07 18:24:43.726,2,0.04,1.36,0.88,32.0422,65.4096,-31.4386,175,75
2026-05-07 18:24:43.738,2,0.01,1.46,0.9,33.1322,57.9096,-24.788600000000002,175,75
2026-05-07 18:24:43.749,2,0.05,1.53,0.92,33.5622,48.0896,-12.898600000000002,175,75
2026-05-07 18:24:43.762,2,0.07,1.62,0.95,31.1822,37.0496,0.15139999999999887,175,75
2026-05-07 18:24:43.792,2,0.26,2.04,0.86,51.7922,51.0096,43.871399999999994,175,75
2026-05-07 18:24:43.801,2,0.38,2.05,0.96,71.3722,75.09960000000001,41.6714,175,75
2026-05-07 18:24:43.820,2,0.6,1.95,1.09,73.3222,83.5096,44.7814,175,75
2026-05-07 18:24:43.837,2,0.81,1.6,1.26,50.9422,31.3196,60.941399999999994,175,75
2026-05-07 18:24:43.851,2,0.87,1.26,1.32,38.0722,-32.9504,66.8614,175,75
2026-05-07 18:24:43.882,2,0.9,1.09,1.19,26.312199999999997,-95.3904,60.761399999999995,175,75
2026-05-07 18:24:43.882,2,0.86,1.12,1.08,22.4022,-96.6104,52.1014,175,75
2026-05-07 18:24:43.899,2,0.81,1.24,0.88,24.2922,-62.6404,37.4114,175,75
2026-05-07 18:24:43.913,2,0.85,1.34,0.8,31.1822,-24.050399999999996,28.5614,175,75
2026-05-07 18:24:43.942,2,0.93,1.35,0.92,46.7922,59.1196,18.2614,175,75
2026-05-07 18:24:43.942,2,0.98,1.3,0.99,46.6722,89.0596,10.151399999999997,175,75
2026-05-07 18:24:43.956,2,1.0,1.33,1.06,51.3722,112.9696,2.101399999999998,175,75
2026-05-07 18:24:43.971,2,0.98,1.39,1.08,57.2222,127.7796,-0.6986000000000026,175,75
2026-05-07 18:24:43.981,2,0.93,1.43,1.13,63.4422,140.1596,-2.1686000000000014,175,75
2026-05-07 18:24:43.994,2,0.9,1.37,1.19,66.8522,140.7096,-1.558600000000002,175,75
2026-05-07 18:24:44.005,2,0.9,1.28,1.26,68.8722,137.83960000000002,-0.3386000000000031,175,75
2026-05-07 18:24:44.018,2,0.92,1.21,1.33,70.8822,124.3696,-1.678600000000003,175,75
2026-05-07 18:24:44.030,2,0.99,1.17,1.39,73.8722,107.2296,-2.5286000000000044,175,75
2026-05-07 18:24:44.041,2,1.0,1.15,1.41,78.7422,89.1196,-2.048600000000004,175,75
2026-05-07 18:24:44.059,2,0.93,1.15,1.3,88.4422,50.0996,-0.1586000000000034,175,75
2026-05-07 18:24:44.069,2,0.89,1.13,1.27,92.4022,44.8596,-1.188600000000001,175,75
2026-05-07 18:24:44.082,2,0.81,1.12,1.26,97.8322,47.7196,-3.688600000000001,175,75
2026-05-07 18:24:44.082,2,0.79,1.09,1.27,103.01219999999999,51.6196,-7.348600000000005,175,75
2026-05-07 18:24:44.103,2,0.77,1.07,1.24,107.1622,52.1096,-4.968600000000002,175,75
2026-05-07 18:24:44.103,2,0.72,1.08,1.19,110.51219999999999,52.2296,-2.838600000000003,175,75
2026-05-07 18:24:44.133,2,0.78,1.15,1.08,123.74220000000001,87.6596,-1.438600000000001,175,75
2026-05-07 18:24:44.161,2,0.88,1.16,1.08,136.37220000000002,124.3096,-5.888600000000004,175,75
2026-05-07 18:24:44.175,2,0.95,1.12,1.17,139.23219999999998,124.7296,-8.628600000000006,175,75
2026-05-07 18:24:44.180,2,0.83,1.17,0.99,138.2622,132.2996,10.331399999999997,175,75
2026-05-07 18:24:44.195,2,0.37,1.3,0.83,137.4022,106.0796,10.941399999999998,175,75
2026-05-07 18:24:44.217,2,0.76,1.02,1.38,99.9022,32.9096,1.5513999999999974,175,75
2026-05-07 18:24:44.235,2,0.86,1.01,1.31,97.9522,-27.8904,9.781399999999998,175,75
2026-05-07 18:24:44.245,2,0.82,1.06,1.15,106.6122,-82.46039999999999,18.621399999999998,175,75
2026-05-07 18:24:44.245,2,0.72,1.03,0.91,109.9622,-71.9704,8.931399999999996,175,75
2026-05-07 18:24:44.269,2,0.58,1.17,0.5,114.6622,48.0296,-7.108600000000003,175,75
2026-05-07 18:24:44.273,2,0.54,1.25,0.61,124.11219999999999,105.2796,-7.4086,175,75
2026-05-07 18:24:44.296,2,0.65,1.13,1.22,117.1022,111.1396,-12.468600000000002,175,75
2026-05-07 18:24:44.320,2,0.72,1.14,1.21,95.8822,-9.9604,7.041399999999996,175,75
2026-05-07 18:24:44.347,2,0.6,1.07,0.89,91.0622,-47.2204,8.691399999999998,175,75
2026-05-07 18:24:44.367,2,0.56,1.16,0.74,97.4022,46.0796,-5.9486000000000026,175,75
2026-05-07 18:24:44.378,2,0.58,1.19,0.88,101.7322,61.8696,-8.0186,175,75
2026-05-07 18:24:44.389,2,0.6,1.16,1.0,99.6022,62.2296,-8.2686,175,75
2026-05-07 18:24:44.399,2,0.61,1.11,1.02,95.4522,49.9196,-4.848600000000001,175,75
2026-05-07 18:24:44.410,2,0.58,1.11,1.0,93.1322,35.2196,-1.2486000000000033,175,75
2026-05-07 18:24:44.424,2,0.58,1.19,0.89,92.5922,33.1496,0.3313999999999986,175,75
2026-05-07 18:24:44.456,2,0.61,1.2,0.93,89.5422,46.0096,3.3813999999999957,175,75
2026-05-07 18:24:44.497,2,0.52,1.22,0.91,75.8822,10.9496,16.191399999999998,175,75
2026-05-07 18:24:44.497,2,0.55,1.23,0.86,75.8822,10.2196,12.411399999999997,175,75
2026-05-07 18:24:44.522,2,0.62,1.29,0.78,83.2022,14.6696,8.261399999999998,175,75
2026-05-07 18:24:44.536,2,0.67,1.31,0.93,77.2222,21.7496,3.8713999999999977,175,75
2026-05-07 18:24:44.563,2,1.17,1.67,1.32,75.1522,113.5096,17.8314,175,75
2026-05-07 18:24:44.587,2,1.05,0.97,-0.09,49.9622,27.479599999999998,-22.958600000000004,175,75
2026-05-07 18:24:44.604,2,1.27,1.68,0.52,129.54219999999998,213.0296,-11.438600000000001,175,75
2026-05-07 18:24:44.617,2,0.6,1.6,1.11,120.15220000000001,158.6996,-21.498600000000003,175,75
2026-05-07 18:24:44.628,2,0.87,1.17,1.27,85.7022,122.2996,-31.498600000000003,175,75
2026-05-07 18:24:44.647,2,0.83,1.09,0.87,49.8422,13.6396,-12.0486,175,75
2026-05-07 18:24:44.669,2,0.57,1.58,0.39,90.76219999999999,83.9396,-15.828600000000002,175,75
2026-05-07 18:24:44.691,2,0.85,1.57,0.72,73.6222,129.3696,-11.738600000000005,175,75
2026-05-07 18:24:44.703,2,0.69,1.22,0.81,67.4622,75.5296,-0.8886000000000038,175,75
2026-05-07 18:24:44.729,2,0.87,1.11,0.85,64.2922,51.8096,-0.21860000000000213,175,75
2026-05-07 18:24:44.729,2,0.89,1.11,0.84,58.932199999999995,34.8596,0.2713999999999963,175,75
2026-05-07 18:24:44.746,2,0.93,1.22,0.74,62.7722,39.729600000000005,-7.168600000000005,175,75
2026-05-07 18:24:44.759,2,1.01,1.21,0.75,68.9322,39.979600000000005,-14.358600000000003,175,75
2026-05-07 18:24:44.771,2,1.01,1.18,0.72,68.8122,34.119600000000005,-20.458600000000004,175,75
2026-05-07 18:24:44.787,2,0.97,1.21,0.65,67.1022,35.7696,-24.788600000000002,175,75
2026-05-07 18:24:44.803,2,0.83,1.32,0.51,68.6822,41.1396,-22.0486,175,75
2026-05-07 18:24:44.831,2,0.79,1.54,0.61,66.5522,49.2496,-16.308600000000006,175,75
2026-05-07 18:24:44.872,2,0.82,1.31,0.69,46.9122,-0.14039999999999964,-15.698600000000006,175,75
2026-05-07 18:24:44.907,2,0.59,1.3,0.6,40.3322,25.5896,-16.918600000000005,175,75
2026-05-07 18:24:44.918,2,0.57,1.3,0.62,39.0522,33.2096,-16.068600000000004,175,75
2026-05-07 18:24:44.928,2,0.57,1.32,0.64,38.0722,27.6596,-14.848600000000005,175,75
2026-05-07 18:24:44.939,2,0.59,1.34,0.65,38.0122,13.819600000000001,-11.918600000000005,175,75
2026-05-07 18:24:44.951,2,0.63,1.3,0.62,35.3922,-5.3904,-9.238600000000005,175,75
2026-05-07 18:24:44.977,2,0.75,1.22,0.46,23.382199999999997,-39.5904,-13.078600000000002,175,75
2026-05-07 18:24:44.987,2,0.69,1.26,0.39,28.2622,-22.400399999999998,-13.448600000000006,175,75
2026-05-07 18:24:45.000,2,0.6,1.32,0.38,35.9422,6.3796,-13.808600000000006,175,75
2026-05-07 18:24:45.053,2,0.44,1.39,0.48,29.172199999999997,6.3196,-0.5186000000000028,175,75
2026-05-07 18:24:45.085,2,0.58,1.28,0.61,10.7622,-7.520399999999999,-1.9186000000000014,175,75
2026-05-07 18:24:45.100,2,0.59,1.29,0.56,6.792200000000001,-23.6804,-2.6586000000000034,175,75
2026-05-07 18:24:45.111,2,0.71,1.27,0.46,3.6822,-35.6904,-12.468600000000002,175,75
2026-05-07 18:24:45.132,2,0.56,1.33,0.36,5.9422,-23.7404,-7.898600000000002,175,75
2026-05-07 18:24:45.142,2,0.46,1.37,0.35,11.0622,-2.830399999999999,-9.668600000000005,175,75
2026-05-07 18:24:45.154,2,0.49,1.41,0.49,9.232199999999999,61.9296,-3.0786000000000016,175,75
2026-05-07 18:24:45.202,2,0.61,1.32,0.71,-6.377800000000001,-39.8404,3.9913999999999987,175,75
2026-05-07 18:24:45.202,2,0.58,1.35,0.6,-11.5578,-61.120400000000004,4.841399999999997,175,75
2026-05-07 18:24:45.228,2,0.55,1.36,0.45,-14.8478,-63.800399999999996,5.511399999999998,175,75
2026-05-07 18:24:45.261,2,0.51,1.36,0.48,-15.0978,-27.090400000000002,11.061399999999997,175,75
2026-05-07 18:24:45.283,2,0.54,1.35,0.56,-18.8778,-31.910400000000003,12.341399999999997,175,75
2026-05-07 18:24:45.294,2,0.58,1.3,0.59,-29.0578,-54.290400000000005,16.251399999999997,175,75
2026-05-07 18:24:45.305,2,0.57,1.28,0.54,-31.1878,-64.8404,17.221399999999996,175,75
2026-05-07 18:24:45.316,2,0.55,1.27,0.51,-32.047799999999995,-67.6404,16.371399999999998,175,75
2026-05-07 18:24:45.332,2,0.53,1.28,0.47,-30.3978,-56.6104,19.4214,175,75
2026-05-07 18:24:45.348,2,0.54,1.28,0.5,-31.7378,-54.2304,19.721399999999996,175,75
2026-05-07 18:24:45.356,2,0.55,1.28,0.49,-33.9978,-53.07040000000001,23.3814,175,75
2026-05-07 18:24:45.372,2,0.59,1.28,0.47,-40.2778,-57.770399999999995,26.251399999999997,175,75
2026-05-07 18:24:45.397,2,0.65,1.26,0.46,-49.4278,-58.9204,32.651399999999995,175,75
2026-05-07 18:24:45.407,2,0.71,1.23,0.53,-53.5078,-66.4204,33.3814,175,75
2026-05-07 18:24:45.415,2,0.71,1.23,0.61,-57.2278,-83.3104,34.231399999999994,175,75
2026-05-07 18:24:45.441,2,0.52,1.29,0.73,-61.6778,-136.7304,39.0514,175,75
2026-05-07 18:24:45.452,2,0.55,1.28,0.77,-70.5178,-194.1704,46.611399999999996,175,75
2026-05-07 18:24:45.452,2,0.44,1.28,0.65,-81.8678,-241.8504,62.221399999999996,175,75
2026-05-07 18:24:45.480,2,-0.68,1.71,0.64,-103.9978,-221.7304,80.5114,175,75
2026-05-07 18:24:45.501,2,1.08,0.69,-0.68,-107.7178,-311.8504,-4.238600000000002,175,75
2026-05-07 18:24:45.511,2,0.13,0.94,-0.69,-73.87780000000001,-215.3904,38.081399999999995,175,75
2026-05-07 18:24:45.522,2,-0.58,1.27,-0.2,-37.4078,150.4096,42.8314,175,75
2026-05-07 18:24:45.540,2,0.39,1.5,0.04,-33.937799999999996,364.4296,49.6014,175,75
2026-05-07 18:24:45.540,2,0.67,1.6,0.44,-53.9378,380.5296,41.0614,175,75
2026-05-07 18:24:45.550,2,0.93,1.53,1.03,-64.90780000000001,158.6396,-23.2686,175,75
2026-05-07 18:24:45.556,2,0.83,1.48,1.14,-93.9978,61.0096,31.3114,175,75
2026-05-07 18:24:45.572,2,0.84,1.52,1.18,-100.0378,-72.46039999999999,59.541399999999996,175,75
2026-05-07 18:24:45.595,2,0.82,1.64,0.99,-88.6878,-180.5104,86.5514,175,75
2026-05-07 18:24:45.595,2,0.77,1.62,0.74,-84.6078,-240.3904,91.8614,175,75
2026-05-07 18:24:45.605,2,0.64,1.55,0.33,-100.7678,-173.9904,64.97139999999999,175,75
2026-05-07 18:24:45.619,2,0.69,1.58,0.18,-105.6478,-124.41040000000001,71.8614,175,75
2026-05-07 18:24:45.629,2,0.67,1.59,0.21,-96.73780000000001,-78.5604,71.8614,175,75
2026-05-07 18:24:45.648,2,0.73,1.51,0.41,-75.7678,-19.5304,70.6414,175,75
2026-05-07 18:24:45.648,2,0.85,1.44,0.56,-70.45779999999999,-21.4904,64.8414,175,75
2026-05-07 18:24:45.661,2,0.88,1.39,0.68,-76.98780000000001,-44.4104,61.611399999999996,175,75
2026-05-07 18:24:45.692,2,0.97,1.31,0.52,-95.8878,-61.0604,43.7514,175,75
2026-05-07 18:24:45.729,2,0.86,1.3,0.61,-103.3878,-21.6104,20.451399999999996,175,75
2026-05-07 18:24:45.778,2,0.62,1.27,0.8,-112.1078,-22.4604,16.611399999999996,175,75
2026-05-07 18:24:45.808,2,0.58,1.24,0.76,-121.4978,-46.8504,13.381399999999998,175,75
2026-05-07 18:24:45.808,2,0.52,1.31,0.72,-116.0078,-35.6304,11.311399999999997,175,75
2026-05-07 18:24:45.818,2,0.53,1.31,0.74,-110.2178,-31.120399999999997,7.891399999999997,175,75
2026-05-07 18:24:45.841,2,0.54,1.27,0.72,-114.7278,-22.520400000000002,10.331399999999997,175,75
2026-05-07 18:24:45.862,2,0.42,1.3,0.61,-113.4478,-7.520399999999999,13.931399999999996,175,75
2026-05-07 18:24:45.866,2,0.31,1.37,0.57,-103.1478,10.409600000000001,19.781399999999998,175,75
2026-05-07 18:24:45.889,2,0.44,1.34,0.8,-87.9578,15.4696,20.701399999999996,175,75
2026-05-07 18:24:45.889,2,0.47,1.37,0.82,-99.7878,-0.8103999999999996,25.5114,175,75
2026-05-07 18:24:45.911,2,0.67,1.36,0.74,-110.2778,-27.770400000000002,23.0114,175,75
2026-05-07 18:24:45.929,2,0.62,1.33,0.71,-90.2178,17.2296,21.001399999999997,175,75
2026-05-07 18:24:45.957,2,0.69,1.28,0.83,-88.6278,12.4196,16.6714,175,75
2026-05-07 18:24:45.978,2,0.61,1.25,0.85,-104.1178,-12.2804,13.621399999999998,175,75
2026-05-07 18:24:45.988,2,0.52,1.25,0.81,-104.1778,0.7096,7.411399999999997,175,75
2026-05-07 18:24:46.015,2,0.49,1.21,0.84,-108.2678,30.529600000000002,1.8613999999999962,175,75
2026-05-07 18:24:46.027,2,0.5,1.22,0.83,-108.2678,40.2796,-1.2486000000000033,175,75
2026-05-07 18:24:46.034,2,0.5,1.24,0.8,-104.5478,54.6696,-4.908600000000003,175,75
2026-05-07 18:24:46.061,2,0.48,1.27,0.81,-100.8878,66.7496,-6.308600000000002,175,75
2026-05-07 18:24:46.061,2,0.44,1.31,0.79,-98.0878,74.0596,-5.768600000000003,175,75
2026-05-07 18:24:46.069,2,0.39,1.36,0.87,-96.2578,75.1596,-6.008600000000001,175,75
2026-05-07 18:24:46.086,2,0.43,1.36,0.96,-99.4278,69.1896,-3.688600000000001,175,75
2026-05-07 18:24:46.096,2,0.48,1.3,1.04,-107.5378,47.8396,-0.4586000000000041,175,75
2026-05-07 18:24:46.124,2,0.48,1.18,0.95,-121.0078,-20.0804,1.2513999999999967,175,75
2026-05-07 18:24:46.154,2,0.37,1.22,0.82,-127.2278,-22.2804,0.7613999999999983,175,75
2026-05-07 18:24:46.184,2,0.34,1.25,0.78,-134.9778,13.5096,5.511399999999998,175,75
2026-05-07 18:24:46.184,2,0.38,1.2,0.82,-143.44779999999997,33.5796,7.281399999999998,175,75
2026-05-07 18:24:46.196,2,0.4,1.14,0.88,-155.88780000000003,37.6596,6.371399999999998,175,75
2026-05-07 18:24:46.220,2,0.4,1.13,0.87,-166.06779999999998,29.9796,8.991399999999999,175,75
2026-05-07 18:24:46.220,2,0.33,1.13,0.85,-172.1078,23.3296,7.041399999999996,175,75
2026-05-07 18:24:46.231,2,0.36,1.11,0.84,-186.49779999999998,9.8596,9.301399999999997,175,75
2026-05-07 18:24:46.250,2,0.3,1.09,0.87,-201.18779999999998,2.9696,7.041399999999996,175,75
2026-05-07 18:24:46.250,2,0.35,1.08,0.94,-212.3478,1.6196000000000002,7.891399999999997,175,75
2026-05-07 18:24:46.262,2,0.31,0.98,1.04,-220.0378,-7.4604,4.0513999999999974,175,75
2026-05-07 18:24:46.277,2,-0.12,1.02,0.99,-229.9078,-21.730400000000003,13.381399999999998,175,75
2026-05-07 18:24:46.292,2,0.48,1.06,1.34,-270.58779999999996,12.8396,23.8114,175,75
2026-05-07 18:24:46.292,2,1.37,0.35,1.1,-283.32779999999997,-84.1704,-4.728600000000004,175,75
2026-05-07 18:24:46.335,2,0.75,0.74,1.3,-202.5978,260.0996,-17.6586,175,75
2026-05-07 18:24:46.360,2,0.53,0.65,1.87,-222.0478,165.0396,-35.2186,175,75
2026-05-07 18:24:46.373,2,0.41,0.62,1.94,-240.45780000000002,59.0596,-13.448600000000006,175,75
2026-05-07 18:24:46.382,2,0.37,0.72,1.71,-210.58780000000002,-63.2504,15.031399999999998,175,75
2026-05-07 18:24:46.410,2,0.43,0.58,1.63,-208.75779999999997,-53.010400000000004,18.931399999999996,175,75
2026-05-07 18:24:46.426,2,0.42,0.61,1.57,-193.75779999999997,5.889600000000001,12.281399999999998,175,75
2026-05-07 18:24:46.453,2,0.58,0.7,2.07,-146.18779999999998,87.9696,0.7613999999999983,175,75
2026-05-07 18:24:46.461,2,0.55,0.74,2.12,-142.3478,84.9196,1.6713999999999984,175,75
2026-05-07 18:24:46.471,2,0.46,0.8,2.16,-131.9878,60.7696,1.0013999999999967,175,75
2026-05-07 18:24:46.506,2,0.67,0.86,2.5,-95.6478,8.9396,11.121399999999998,175,75
2026-05-07 18:24:46.534,2,0.69,0.86,2.48,-67.65780000000001,17.1096,14.231399999999997,175,75
2026-05-07 18:24:46.546,2,0.71,0.86,2.5,-53.3878,34.979600000000005,8.871399999999998,175,75
2026-05-07 18:24:46.546,2,0.7,0.86,2.55,-36.677800000000005,42.9696,3.3813999999999957,175,75
2026-05-07 18:24:46.569,2,0.67,0.9,2.63,-21.497799999999998,36.0096,-1.1286000000000023,175,75
2026-05-07 18:24:46.591,2,0.68,0.98,2.73,-5.457800000000001,-2.7704000000000004,1.6113999999999962,175,75
2026-05-07 18:24:46.603,2,0.69,0.97,2.72,1.4922000000000004,-23.3804,6.861399999999996,175,75
2026-05-07 18:24:46.603,2,0.73,0.95,2.64,12.042200000000001,-41.4204,13.141399999999997,175,75
2026-05-07 18:24:46.613,2,0.72,0.92,2.53,24.172199999999997,-49.2304,16.371399999999998,175,75
2026-05-07 18:24:46.624,2,0.71,0.9,2.41,42.0422,-41.7904,12.891399999999997,175,75
2026-05-07 18:24:46.634,2,0.71,0.9,2.36,56.6122,-27.770400000000002,9.231399999999997,175,75
2026-05-07 18:24:46.645,2,0.7,0.9,2.34,68.5622,-19.6604,5.821399999999997,175,75
2026-05-07 18:24:46.657,2,0.73,0.9,2.37,77.8922,-20.940399999999997,2.531399999999998,175,75
2026-05-07 18:24:46.669,2,0.81,0.93,2.39,88.1322,-33.3804,5.701399999999996,175,75
2026-05-07 18:24:46.685,2,0.8,0.92,2.32,99.2322,-49.2904,12.711399999999998,175,75
2026-05-07 18:24:46.698,2,0.83,0.88,2.13,117.4622,-67.0904,16.801399999999997,175,75
2026-05-07 18:24:46.727,2,0.82,0.88,2.0,137.8322,-54.35039999999999,6.8013999999999974,175,75
2026-05-07 18:24:46.750,2,0.8,0.81,2.03,152.10219999999998,-68.1304,0.6413999999999973,175,75
2026-05-07 18:24:46.776,2,0.64,0.64,1.69,175.6322,-129.5304,5.761399999999998,175,75
2026-05-07 18:24:46.787,2,0.62,0.63,1.52,189.7222,-122.8904,1.0013999999999967,175,75
2026-05-07 18:24:46.802,2,0.63,0.6,1.43,200.8222,-110.5104,-2.838600000000003,175,75
2026-05-07 18:24:46.815,2,0.61,0.53,1.34,215.3322,-95.0804,-9.5486,175,75
2026-05-07 18:24:46.834,2,0.53,0.49,1.36,239.23219999999998,-78.6804,-15.638600000000004,175,75
2026-05-07 18:24:46.847,2,0.51,0.47,1.37,248.0722,-84.5904,-15.218600000000002,175,75
2026-05-07 18:24:46.860,2,0.47,0.42,1.33,256.79220000000004,-97.0304,-14.848600000000005,175,75
2026-05-07 18:24:46.886,2,0.44,0.36,1.22,265.9422,-112.4004,-19.608600000000003,175,75
2026-05-07 18:24:46.897,2,0.45,0.3,1.12,274.41220000000004,-119.2904,-27.168600000000005,175,75
2026-05-07 18:24:46.897,2,0.38,0.26,1.05,283.5022,-108.3804,-33.0786,175,75
2026-05-07 18:24:46.919,2,0.36,0.2,1.02,302.16220000000004,-87.2204,-42.83860000000001,175,75
2026-05-07 18:24:46.919,2,0.34,0.19,1.01,307.6522,-87.0904,-45.278600000000004,175,75
2026-05-07 18:24:46.930,2,0.31,0.19,0.99,310.6322,-90.8104,-48.138600000000004,175,75
2026-05-07 18:24:46.945,2,0.3,0.2,0.95,312.9522,-92.3404,-51.8586,175,75
2026-05-07 18:24:46.945,2,0.28,0.22,0.88,316.3722,-90.6304,-55.278600000000004,175,75
2026-05-07 18:24:46.957,2,0.23,0.25,0.84,321.91220000000004,-84.1704,-56.678599999999996,175,75
2026-05-07 18:24:46.987,2,0.17,0.3,0.83,333.1322,-74.2304,-55.4586,175,75
2026-05-07 18:24:47.017,2,0.2,0.35,0.82,346.61220000000003,-61.9704,-48.448600000000006,175,75
2026-05-07 18:24:47.030,2,0.18,0.34,0.83,352.7122,-61.550399999999996,-44.3586,175,75
2026-05-07 18:24:47.047,2,0.23,0.34,0.74,360.8222,-87.46039999999999,-38.8786,175,75
2026-05-07 18:24:47.087,2,0.21,0.31,0.68,371.2422,-77.2204,-37.0486,175,75
2026-05-07 18:24:47.087,2,0.23,0.28,0.69,376.0622,-79.4704,-37.1086,175,75
2026-05-07 18:24:47.097,2,0.27,0.27,0.69,378.5622,-93.9204,-39.72860000000001,175,75
2026-05-07 18:24:47.108,2,0.25,0.27,0.66,379.41220000000004,-109.4704,-42.4086,175,75
2026-05-07 18:24:47.120,2,0.22,0.26,0.58,378.2022,-123.13040000000001,-48.808600000000006,175,75
2026-05-07 18:24:47.137,2,0.19,0.32,0.31,375.2122,-155.5704,-61.4986,175,75
2026-05-07 18:24:47.162,2,-0.02,0.26,-0.06,366.61220000000003,-189.9604,-81.18860000000001,175,75
2026-05-07 18:24:47.213,2,0.13,0.26,-0.66,289.66220000000004,16.9296,-69.11860000000001,175,75
2026-05-07 18:24:47.225,2,0.15,0.24,-0.62,262.5922,33.8196,-64.2986,175,75
2026-05-07 18:24:47.237,2,0.22,0.21,-0.59,242.2822,41.5596,-61.4986,175,75
2026-05-07 18:24:47.248,2,0.21,0.2,-0.55,220.8822,30.9496,-56.1886,175,75
2026-05-07 18:24:47.264,2,0.29,0.17,-0.54,201.24220000000003,18.8796,-54.6086,175,75
2026-05-07 18:24:47.292,2,0.29,0.24,-0.56,111.5522,15.4696,-51.918600000000005,175,75
2026-05-07 18:24:47.319,2,0.35,0.29,-0.51,66.0022,56.0096,-46.8586,175,75
2026-05-07 18:24:47.319,2,0.42,0.28,-0.45,48.8722,68.6996,-44.668600000000005,175,75
2026-05-07 18:24:47.351,2,0.48,0.33,-0.3,7.162199999999999,40.1596,-34.9086,175,75
2026-05-07 18:24:47.361,2,0.44,0.38,-0.28,-9.3678,13.3896,-29.788600000000002,175,75
2026-05-07 18:24:47.365,2,0.38,0.43,-0.28,-26.2578,-12.950399999999998,-24.058600000000006,175,75
2026-05-07 18:24:47.376,2,0.35,0.48,-0.32,-41.7378,-30.450400000000002,-18.0786,175,75
2026-05-07 18:24:47.391,2,0.31,0.5,-0.41,-63.6278,-43.5604,-7.5886,175,75
2026-05-07 18:24:47.405,2,0.28,0.5,-0.51,-82.1678,-43.9904,4.541399999999996,175,75
2026-05-07 18:24:47.428,2,0.21,0.52,-0.62,-105.8878,-19.0504,30.641399999999997,175,75
2026-05-07 18:24:47.428,2,0.24,0.53,-0.65,-113.8178,-3.500399999999999,42.5314,175,75
2026-05-07 18:24:47.449,2,0.24,0.54,-0.68,-132.2878,7.299600000000001,66.3714,175,75
2026-05-07 18:24:47.461,2,0.24,0.53,-0.68,-142.5378,6.4396,78.0114,175,75
2026-05-07 18:24:47.471,2,0.14,0.53,-0.7,-155.76780000000002,1.6896000000000004,94.3614,175,75
2026-05-07 18:24:47.499,2,0.05,0.53,-0.69,-178.32780000000002,0.15960000000000107,130.5114,175,75
2026-05-07 18:24:47.509,2,0.1,0.5,-0.68,-188.26780000000002,2.2295999999999996,139.9114,175,75
2026-05-07 18:24:47.520,2,0.18,0.46,-0.64,-203.99779999999998,2.659600000000001,148.9914,175,75
2026-05-07 18:24:47.533,2,0.21,0.45,-0.57,-221.25779999999997,5.1596,157.22140000000002,175,75
2026-05-07 18:24:47.590,2,-0.11,0.6,-0.2,-234.2378,66.7496,182.6514,175,75
2026-05-07 18:24:47.592,2,-0.15,0.52,-0.03,-241.43779999999998,93.6996,176.00140000000002,175,75
2026-05-07 18:24:47.618,2,-0.02,0.44,0.13,-248.62779999999998,135.0396,173.75140000000002,175,75
2026-05-07 18:24:47.624,2,0.2,0.35,0.28,-251.7378,162.6596,166.25140000000002,175,75
2026-05-07 18:24:47.633,2,0.37,0.34,0.48,-251.43779999999998,160.6496,156.4314,175,75
2026-05-07 18:24:47.662,2,0.47,0.49,0.81,-237.83780000000002,56.8696,138.5614,175,75
2026-05-07 18:24:47.669,2,0.22,0.61,0.78,-231.9278,-19.3504,147.8914,175,75
2026-05-07 18:24:47.709,2,0.02,0.62,0.57,-229.9078,-77.7704,158.69140000000002,175,75
2026-05-07 18:24:47.709,2,-0.01,0.55,0.48,-224.1178,-73.1904,162.8314,175,75
2026-05-07 18:24:47.720,2,0.07,0.49,0.46,-211.43779999999998,-35.5704,162.3414,175,75
2026-05-07 18:24:47.733,2,0.3,0.47,0.5,-196.6778,17.2296,157.7714,175,75
2026-05-07 18:24:47.758,2,0.37,0.5,0.6,-185.45780000000002,43.5796,145.0314,175,75
2026-05-07 18:24:47.769,2,0.3,0.52,0.62,-181.06779999999998,51.0096,137.4114,175,75
2026-05-07 18:24:47.791,2,0.27,0.51,0.62,-176.37779999999998,56.4996,133.8714,175,75
2026-05-07 18:24:47.823,2,0.16,0.59,0.65,-153.99779999999998,65.64959999999999,129.0514,175,75
2026-05-07 18:24:47.837,2,0.3,0.66,0.87,-135.58780000000002,64.7296,128.9314,175,75
2026-05-07 18:24:47.860,2,0.4,0.59,0.91,-121.8678,14.4296,130.5814,175,75
2026-05-07 18:24:47.873,2,0.35,0.55,0.8,-112.4078,-1.8504000000000005,129.2314,175,75
2026-05-07 18:24:47.889,2,0.29,0.64,0.63,-99.9778,0.6495999999999995,127.7714,175,75
2026-05-07 18:24:47.917,2,0.26,0.81,0.57,-72.1078,33.9396,134.1114,175,75
2026-05-07 18:24:47.930,2,0.43,0.62,0.75,-56.8678,20.2196,138.4414,175,75
2026-05-07 18:24:47.943,2,0.48,0.56,0.73,-49.3678,1.499600000000001,137.7114,175,75
2026-05-07 18:24:47.955,2,0.52,0.52,0.68,-40.2178,-12.8904,135.88139999999999,175,75
2026-05-07 18:24:47.978,2,0.47,0.62,0.46,-22.8378,-10.020399999999999,133.4414,175,75
2026-05-07 18:24:47.989,2,0.43,0.6,0.46,-14.0578,4.7296000000000005,138.0114,175,75
2026-05-07 18:24:47.992,2,0.49,0.5,0.52,-6.4978,6.4996,141.8014,175,75
2026-05-07 18:24:48.026,2,0.61,0.27,0.52,5.632199999999999,-15.5704,142.6514,175,75
2026-05-07 18:24:48.037,2,0.57,0.1,0.35,16.1222,0.5896000000000008,133.38139999999999,175,75
2026-05-07 18:24:48.047,2,0.44,0.09,0.29,20.6322,32.7796,133.7514,175,75
2026-05-07 18:24:48.061,2,0.41,0.14,0.28,25.632199999999997,61.0796,139.4814,175,75
2026-05-07 18:24:48.086,2,0.39,0.06,0.49,42.8322,113.3296,172.6514,175,75
2026-05-07 18:24:48.150,2,0.61,-0.1,0.68,40.5122,58.0296,200.4514,175,75
2026-05-07 18:24:48.173,2,0.54,-0.01,0.8,44.1122,19.3096,210.7014,175,75
2026-05-07 18:24:48.186,2,0.53,-0.29,0.79,57.5222,-51.4904,197.7114,175,75
2026-05-07 18:24:48.217,2,0.24,-0.21,0.54,76.9822,-66.4904,182.8314,175,75
2026-05-07 18:24:48.238,2,0.21,-0.28,0.51,93.2022,-57.0304,176.6714,175,75
2026-05-07 18:24:48.275,2,0.18,-0.39,0.48,114.7822,-69.5904,174.1114,175,75
2026-05-07 18:24:48.275,2,0.2,-0.4,0.46,123.8122,-79.1104,169.97140000000002,175,75
2026-05-07 18:24:48.286,2,0.23,-0.38,0.43,130.3922,-86.0004,165.3314,175,75
2026-05-07 18:24:48.296,2,0.21,-0.34,0.39,133.87220000000002,-88.3804,161.0614,175,75
2026-05-07 18:24:48.297,2,0.15,-0.3,0.32,134.11219999999997,-85.5104,156.8014,175,75
2026-05-07 18:24:48.319,2,0.1,-0.31,0.26,130.3922,-76.7904,152.10139999999998,175,75
2026-05-07 18:24:48.319,2,0.08,-0.37,0.25,126.24220000000001,-66.3604,151.0014,175,75
2026-05-07 18:24:48.330,2,0.07,-0.45,0.27,120.51219999999999,-51.9704,147.4114,175,75
2026-05-07 18:24:48.336,2,0.08,-0.5,0.3,116.0022,-41.4204,142.8914,175,75
2026-05-07 18:24:48.358,2,0.17,-0.49,0.35,108.01219999999999,-66.6704,130.1514,175,75
2026-05-07 18:24:48.385,2,0.07,-0.37,0.23,98.0722,-98.3104,112.3414,175,75
2026-05-07 18:24:48.399,2,0.01,-0.33,0.1,87.1622,-104.7204,103.75139999999999,175,75
2026-05-07 18:24:48.412,2,-0.01,-0.4,0.05,80.3322,-99.5904,99.48140000000001,175,75
2026-05-07 18:24:48.422,2,-0.02,-0.48,0.02,70.51219999999999,-81.5504,89.91139999999999,175,75
2026-05-07 18:24:48.445,2,-0.0,-0.5,-0.03,59.352199999999996,-63.130399999999995,78.2614,175,75
2026-05-07 18:24:48.445,2,0.01,-0.46,-0.06,50.3322,-54.4704,70.03139999999999,175,75
2026-05-07 18:24:48.458,2,-0.03,-0.39,-0.11,39.1122,-44.050399999999996,59.8414,175,75
2026-05-07 18:24:48.469,2,-0.09,-0.3,-0.13,27.3422,-34.4104,50.8214,175,75
2026-05-07 18:24:48.509,2,-0.15,-0.18,-0.13,-9.1178,19.6696,38.011399999999995,175,75
2026-05-07 18:24:48.519,2,-0.13,-0.16,-0.08,-21.187800000000003,40.4096,35.9414,175,75
2026-05-07 18:24:48.519,2,-0.13,-0.16,-0.02,-30.2778,53.9996,35.9414,175,75
2026-05-07 18:24:48.530,2,-0.11,-0.17,0.05,-40.2178,61.7496,33.261399999999995,175,75
2026-05-07 18:24:48.541,2,-0.07,-0.18,0.15,-53.2678,61.9896,30.8814,175,75
2026-05-07 18:24:48.570,2,-0.04,-0.16,0.33,-76.9278,41.5596,23.5614,175,75
2026-05-07 18:24:48.589,2,-0.02,-0.14,0.39,-85.8278,26.8096,18.441399999999998,175,75
2026-05-07 18:24:48.589,2,-0.02,-0.09,0.44,-92.4778,14.4896,14.971399999999997,175,75
2026-05-07 18:24:48.599,2,-0.05,-0.05,0.5,-99.0578,3.0296000000000003,12.471399999999997,175,75
2026-05-07 18:24:48.609,2,-0.06,-0.04,0.51,-103.5078,-6.1204,10.641399999999997,175,75
2026-05-07 18:24:48.633,2,-0.1,-0.03,0.52,-109.6078,-16.5504,9.721399999999997,175,75
2026-05-07 18:24:48.644,2,-0.15,0.0,0.55,-120.8278,-7.4604,7.041399999999996,175,75
2026-05-07 18:24:48.655,2,-0.12,-0.05,0.63,-121.7978,9.1196,3.0813999999999986,175,75
2026-05-07 18:24:48.665,2,-0.11,-0.07,0.7,-119.7878,13.6396,-0.8886000000000038,175,75
2026-05-07 18:24:48.676,2,-0.09,-0.08,0.77,-116.1278,14.4896,-4.968600000000002,175,75
2026-05-07 18:24:48.714,2,-0.11,-0.02,0.89,-103.6278,-10.200399999999998,-21.248600000000003,175,75
2026-05-07 18:24:48.725,2,-0.16,0.07,0.85,-100.0378,-16.9104,-22.2286,175,75
2026-05-07 18:24:48.739,2,-0.19,0.15,0.81,-95.7678,-16.7304,-21.128600000000006,175,75
2026-05-07 18:24:48.739,2,-0.16,0.16,0.8,-92.1078,-12.220399999999998,-20.698600000000006,175,75
2026-05-07 18:24:48.751,2,-0.15,0.16,0.82,-87.2278,-2.830399999999999,-20.888600000000004,175,75
2026-05-07 18:24:48.769,2,-0.12,0.14,0.87,-80.8878,5.589600000000001,-22.778600000000004,175,75
2026-05-07 18:24:48.782,2,-0.09,0.12,0.93,-72.3478,8.2096,-25.948600000000006,175,75
2026-05-07 18:24:48.807,2,-0.06,0.1,1.02,-56.3178,-8.740400000000001,-31.678600000000003,175,75
2026-05-07 18:24:48.818,2,-0.07,0.12,1.03,-46.3778,-35.5104,-33.9986,175,75
2026-05-07 18:24:48.829,2,-0.08,0.12,0.98,-40.5178,-45.5104,-33.628600000000006,175,75
2026-05-07 18:24:48.866,2,-0.11,0.07,0.89,-20.1578,-32.4004,-33.2686,175,75
2026-05-07 18:24:48.870,2,-0.05,0.05,0.9,-10.7078,-28.620399999999997,-34.668600000000005,175,75
2026-05-07 18:24:48.903,2,-0.03,0.06,0.9,4.6622,-29.7804,-38.6286,175,75
2026-05-07 18:24:48.919,2,-0.02,0.03,0.91,18.932199999999998,-22.160400000000003,-39.668600000000005,175,75
2026-05-07 18:24:48.930,2,0.02,-0.01,0.95,25.452199999999998,-24.1104,-41.4986,175,75
2026-05-07 18:24:48.932,2,0.04,-0.04,1.0,32.3422,-29.050399999999996,-44.178599999999996,175,75
2026-05-07 18:24:48.964,2,0.06,-0.15,1.02,45.5122,-55.3304,-48.7486,175,75
2026-05-07 18:24:48.969,2,0.03,-0.25,1.02,54.0522,-74.5904,-52.778600000000004,175,75
2026-05-07 18:24:48.992,2,-0.01,-0.3,0.94,68.8722,-87.46039999999999,-73.1386,175,75
2026-05-07 18:24:49.037,2,0.01,-0.33,0.97,86.0622,-75.0204,-89.7886,175,75
2026-05-07 18:24:49.037,2,0.08,-0.42,1.02,90.7022,-86.4204,-93.5686,175,75
2026-05-07 18:24:49.049,2,0.12,-0.53,1.06,94.4822,-105.3304,-99.23859999999999,175,75
2026-05-07 18:24:49.080,2,0.1,-0.72,1.02,99.8422,-134.8404,-118.1386,175,75
2026-05-07 18:24:49.090,2,-0.07,-0.78,0.96,100.5722,-124.96039999999999,-126.43860000000001,175,75
2026-05-07 18:24:49.104,2,-0.19,-0.77,0.92,102.7122,-104.7204,-129.7286,175,75
2026-05-07 18:24:49.104,2,-0.2,-0.78,0.94,107.3422,-106.9704,-137.1686,175,75
2026-05-07 18:24:49.119,2,-0.13,-0.84,1.02,112.8922,-120.88040000000001,-144.3586,175,75
2026-05-07 18:24:49.156,2,-0.09,-0.99,0.93,111.9822,-174.9604,-150.2186,175,75
2026-05-07 18:24:49.179,2,-0.1,-1.0,0.83,116.0622,-159.8404,-160.5186,175,75
2026-05-07 18:24:49.189,2,-0.08,-0.99,0.85,118.3822,-153.7404,-165.2186,175,75
2026-05-07 18:24:49.201,2,-0.07,-0.97,0.87,118.3222,-149.2904,-167.83859999999999,175,75
2026-05-07 18:24:49.251,2,-0.17,-0.82,0.91,119.2922,-152.5804,-181.3786,175,75
2026-05-07 18:24:49.268,2,-0.24,-0.69,0.86,116.4922,-147.2804,-186.30859999999998,175,75
2026-05-07 18:24:49.289,2,-0.27,-0.51,0.84,111.6122,-129.6604,-185.9486,175,75
2026-05-07 18:24:49.295,2,-0.26,-0.45,0.84,107.7722,-121.4904,-182.7186,175,75
2026-05-07 18:24:49.309,2,-0.24,-0.4,0.88,100.7022,-115.3904,-178.2686,175,75
2026-05-07 18:24:49.322,2,-0.22,-0.36,0.91,93.3822,-115.6304,-175.33859999999999,175,75
2026-05-07 18:24:49.336,2,-0.21,-0.3,0.91,83.6822,-119.0504,-172.2286,175,75
2026-05-07 18:24:49.349,2,-0.21,-0.26,0.92,77.3422,-119.2904,-168.8786,175,75
2026-05-07 18:24:49.361,2,-0.27,-0.21,0.89,67.9522,-110.8104,-158.5686,175,75
2026-05-07 18:24:49.361,2,-0.32,-0.18,0.87,60.572199999999995,-100.1404,-150.8286,175,75
2026-05-07 18:24:49.375,2,-0.36,-0.12,0.86,51.7922,-86.2404,-144.4886,175,75
2026-05-07 18:24:49.386,2,-0.36,-0.05,0.87,45.5122,-70.9404,-136.4386,175,75
2026-05-07 18:24:49.402,2,-0.35,0.03,0.88,41.852199999999996,-58.990399999999994,-125.8886,175,75
2026-05-07 18:24:49.442,2,-0.33,0.21,0.91,36.4322,-41.0004,-97.77860000000001,175,75
2026-05-07 18:24:49.455,2,-0.32,0.26,0.95,34.0522,-34.8404,-83.3886,175,75
2026-05-07 18:24:49.455,2,-0.3,0.29,0.98,33.2622,-32.0904,-72.58860000000001,175,75
2026-05-07 18:24:49.473,2,-0.3,0.31,1.02,32.8922,-46.0604,-52.3486,175,75
2026-05-07 18:24:49.473,2,-0.3,0.32,1.03,31.672199999999997,-54.7804,-43.448600000000006,175,75
2026-05-07 18:24:49.484,2,-0.31,0.34,1.02,30.212200000000003,-59.5304,-35.5186,175,75
2026-05-07 18:24:49.498,2,-0.3,0.37,1.02,29.5422,-66.1804,-26.858600000000003,175,75
2026-05-07 18:24:49.510,2,-0.3,0.39,0.99,30.3322,-74.2904,-17.348600000000005,175,75
2026-05-07 18:24:49.528,2,-0.3,0.43,0.94,31.002200000000002,-78.6804,-3.938600000000001,175,75
2026-05-07 18:24:49.543,2,-0.32,0.45,0.92,31.062199999999997,-74.8404,4.781399999999998,175,75
2026-05-07 18:24:49.543,2,-0.32,0.46,0.9,32.8922,-71.4904,12.341399999999997,175,75
2026-05-07 18:24:49.566,2,-0.3,0.47,0.89,35.1522,-66.8504,21.4914,175,75
2026-05-07 18:24:49.576,2,-0.3,0.47,0.86,35.6322,-62.160399999999996,28.5614,175,75
2026-05-07 18:24:49.589,2,-0.31,0.49,0.82,34.2922,-45.1404,46.611399999999996,175,75
2026-05-07 18:24:49.597,2,-0.32,0.48,0.81,34.5422,-35.0804,57.1614,175,75
2026-05-07 18:24:49.623,2,-0.28,0.39,0.82,33.6822,-22.4604,79.48140000000001,175,75
2026-05-07 18:24:49.635,2,-0.25,0.32,0.85,30.572200000000002,-20.690399999999997,91.5514,175,75
2026-05-07 18:24:49.635,2,-0.22,0.26,0.86,27.282200000000003,-19.9004,100.3914,175,75
2026-05-07 18:24:49.660,2,-0.18,0.11,0.85,19.9622,-20.8804,116.4914,175,75
2026-05-07 18:24:49.672,2,-0.16,0.05,0.84,16.7922,-21.4904,121.8614,175,75
2026-05-07 18:24:49.683,2,-0.16,-0.04,0.8,13.072199999999999,-18.0704,128.38139999999999,175,75
2026-05-07 18:24:49.700,2,-0.17,-0.12,0.77,10.092199999999998,-8.130399999999998,135.7614,175,75
2026-05-07 18:24:49.714,2,-0.16,-0.21,0.76,9.1722,0.09960000000000058,143.8114,175,75
2026-05-07 18:24:49.727,2,-0.1,-0.32,0.74,7.892199999999999,3.3895999999999997,149.5414,175,75
2026-05-07 18:24:49.727,2,-0.05,-0.39,0.75,6.912199999999999,0.15960000000000107,148.0114,175,75
2026-05-07 18:24:49.750,2,-0.07,-0.46,0.69,3.2622,6.6896,150.0914,175,75
2026-05-07 18:24:49.762,2,-0.09,-0.48,0.58,-3.5678,10.3396,153.5614,175,75
2026-05-07 18:24:49.774,2,-0.14,-0.5,0.5,-8.9978,21.1396,158.0814,175,75
2026-05-07 18:24:49.795,2,-0.16,-0.66,0.44,-23.4478,97.6596,184.1114,175,75
2026-05-07 18:24:49.805,2,-0.09,-0.71,0.5,-26.5578,129.1196,188.5614,175,75
2026-05-07 18:24:49.815,2,-0.02,-0.69,0.59,-26.3778,145.8896,187.8914,175,75
2026-05-07 18:24:49.823,2,0.05,-0.63,0.67,-25.7078,146.9896,186.9214,175,75
2026-05-07 18:24:49.836,2,0.14,-0.56,0.76,-24.7878,132.0496,186.3114,175,75
2026-05-07 18:24:49.844,2,0.21,-0.52,0.83,-26.3778,106.1396,189.1114,175,75
2026-05-07 18:24:49.855,2,0.23,-0.52,0.83,-30.0978,75.8896,193.0114,175,75
2026-05-07 18:24:49.875,2,0.17,-0.54,0.75,-34.547799999999995,34.2496,193.6214,175,75
2026-05-07 18:24:49.875,2,0.13,-0.56,0.68,-34.0578,13.329600000000001,189.6014,175,75
2026-05-07 18:24:49.886,2,0.1,-0.59,0.61,-32.287800000000004,-2.0304,182.7114,175,75
2026-05-07 18:24:49.933,2,-0.05,-0.56,0.42,-29.4878,-3.3103999999999996,152.0414,175,75
2026-05-07 18:24:49.957,2,-0.08,-0.57,0.34,-29.9078,15.6496,137.4714,175,75
2026-05-07 18:24:49.962,2,-0.08,-0.56,0.33,-30.5878,25.7696,130.7614,175,75
2026-05-07 18:24:49.977,2,-0.08,-0.47,0.34,-32.1078,57.5396,117.41139999999999,175,75
2026-05-07 18:24:49.995,2,-0.06,-0.42,0.38,-33.817800000000005,63.699600000000004,109.97139999999999,175,75
2026-05-07 18:24:50.009,2,-0.04,-0.37,0.41,-36.4978,61.2596,101.6114,175,75
2026-05-07 18:24:50.047,2,-0.08,-0.13,0.41,-41.187799999999996,39.979600000000005,81.6114,175,75
2026-05-07 18:24:50.079,2,-0.16,0.02,0.35,-51.4978,29.5496,68.1414,175,75
2026-05-07 18:24:50.105,2,-0.2,0.07,0.35,-62.5378,37.839600000000004,61.371399999999994,175,75
2026-05-07 18:24:50.105,2,-0.19,0.06,0.37,-66.3178,43.5796,59.6614,175,75
2026-05-07 18:24:50.125,2,-0.19,0.06,0.4,-71.5578,49.1196,56.0614,175,75
2026-05-07 18:24:50.146,2,-0.21,0.06,0.44,-76.1278,53.0896,51.4314,175,75
2026-05-07 18:24:50.170,2,-0.21,0.09,0.55,-85.5878,52.8396,42.041399999999996,175,75
2026-05-07 18:24:50.193,2,-0.19,0.06,0.64,-82.9578,54.5496,37.8914,175,75
2026-05-07 18:24:50.198,2,-0.18,0.05,0.67,-80.0978,47.8396,32.831399999999995,175,75
2026-05-07 18:24:50.222,2,-0.18,0.07,0.7,-78.2078,44.9796,29.231399999999997,175,75
2026-05-07 18:24:50.222,2,-0.18,0.08,0.72,-74.3678,42.5396,26.371399999999998,175,75
2026-05-07 18:24:50.238,2,-0.17,0.1,0.73,-68.2678,38.449600000000004,23.5614,175,75
2026-05-07 18:24:50.263,2,-0.18,0.17,0.78,-53.2078,34.5496,14.111399999999998,175,75
2026-05-07 18:24:50.274,2,-0.18,0.22,0.79,-44.4278,32.839600000000004,12.101399999999998,175,75
2026-05-07 18:24:50.297,2,-0.16,0.25,0.82,-33.937799999999996,26.6196,9.841399999999997,175,75
2026-05-07 18:24:50.297,2,-0.14,0.28,0.87,-26.067800000000002,21.6896,7.951399999999996,175,75
2026-05-07 18:24:50.319,2,-0.09,0.29,0.92,-15.6478,9.0596,5.511399999999998,175,75
2026-05-07 18:24:50.341,2,-0.04,0.27,0.96,-0.09779999999999944,-18.380399999999998,2.2213999999999956,175,75
2026-05-07 18:24:50.352,2,-0.05,0.26,0.93,10.702200000000001,-39.050399999999996,0.15139999999999887,175,75
2026-05-07 18:24:50.352,2,-0.1,0.26,0.86,17.8322,-48.6804,-4.238600000000002,175,75
2026-05-07 18:24:50.379,2,-0.18,0.31,0.76,27.1622,-36.4204,-12.778600000000004,175,75
2026-05-07 18:24:50.394,2,-0.16,0.32,0.78,33.9922,-27.830399999999997,-14.178600000000003,175,75
2026-05-07 18:24:50.413,2,-0.03,0.25,0.87,42.9522,-43.9904,-17.468600000000002,175,75
2026-05-07 18:24:50.426,2,0.01,0.19,0.89,45.0922,-55.4504,-21.498600000000003,175,75
2026-05-07 18:24:50.440,2,0.04,0.13,0.86,48.4422,-65.3304,-27.8386,175,75
2026-05-07 18:24:50.463,2,-0.03,0.02,0.78,55.15219999999999,-61.790400000000005,-46.7986,175,75
2026-05-07 18:24:50.477,2,-0.1,-0.02,0.73,59.602199999999996,-45.4504,-58.6286,175,75
2026-05-07 18:24:50.488,2,-0.09,-0.04,0.74,62.102199999999996,-39.8404,-63.7486,175,75
2026-05-07 18:24:50.540,2,-0.06,-0.23,0.81,71.9122,-37.4004,-72.95859999999999,175,75
2026-05-07 18:24:50.551,2,-0.04,-0.28,0.82,72.4622,-37.6404,-75.45859999999999,175,75
2026-05-07 18:24:50.559,2,-0.01,-0.32,0.85,73.6822,-40.6904,-77.3486,175,75
2026-05-07 18:24:50.592,2,0.13,-0.55,0.97,78.6822,-71.1204,-86.43860000000001,175,75
2026-05-07 18:24:50.592,2,0.17,-0.65,0.97,77.5922,-86.1204,-91.67859999999999,175,75
2026-05-07 18:24:50.609,2,0.05,-0.78,0.96,75.2122,-93.2504,-98.6286,175,75
2026-05-07 18:24:50.629,2,-0.04,-0.85,0.93,75.51219999999999,-93.1904,-106.0686,175,75
2026-05-07 18:24:50.639,2,-0.09,-0.95,0.94,85.2122,-113.8004,-126.7986,175,75
2026-05-07 18:24:50.658,2,-0.09,-1.0,0.95,91.8522,-127.5204,-138.3886,175,75
2026-05-07 18:24:50.666,2,-0.14,-1.07,0.91,96.6122,-138.5004,-145.8286,175,75
2026-05-07 18:24:50.675,2,-0.25,-1.11,0.86,98.6222,-140.5104,-147.2286,175,75
2026-05-07 18:24:50.689,2,-0.36,-1.1,0.8,101.7922,-137.9504,-149.1786,175,75
2026-05-07 18:24:50.720,2,-0.53,-0.95,0.71,130.5722,-140.3904,-187.4686,175,75
2026-05-07 18:24:50.731,2,-0.53,-0.84,0.75,138.0122,-138.7404,-187.2886,175,75
2026-05-07 18:24:50.749,2,-0.45,-0.8,0.79,144.60219999999998,-141.6104,-170.8286,175,75
2026-05-07 18:24:50.762,2,-0.41,-0.81,0.83,147.2822,-151.0604,-154.3586,175,75
2026-05-07 18:24:50.772,2,-0.4,-0.84,0.89,147.7722,-162.2204,-135.8286,175,75
2026-05-07 18:24:50.796,2,-0.43,-0.87,0.95,142.8322,-181.4904,-125.02859999999998,175,75
2026-05-07 18:24:50.819,2,-0.52,-0.83,0.94,117.3422,-186.6704,-116.18860000000001,175,75
2026-05-07 18:24:50.825,2,-0.62,-0.66,0.9,107.1022,-175.6304,-117.6586,175,75
2026-05-07 18:24:50.865,2,-0.59,-0.27,0.85,75.1522,-112.0304,-105.02859999999998,175,75
2026-05-07 18:24:50.875,2,-0.59,-0.18,0.85,64.2922,-91.0004,-96.24860000000001,175,75
2026-05-07 18:24:50.881,2,-0.55,-0.1,0.89,51.9122,-69.1704,-90.51859999999999,175,75
2026-05-07 18:24:50.900,2,-0.52,-0.04,0.93,39.7222,-52.520399999999995,-89.17859999999999,175,75
2026-05-07 18:24:50.913,2,-0.51,0.02,0.99,28.742199999999997,-39.3504,-86.18860000000001,175,75
2026-05-07 18:24:50.920,2,-0.51,0.09,1.06,16.8522,-30.020400000000002,-78.99860000000001,175,75
2026-05-07 18:24:50.981,2,-0.42,0.14,1.14,-28.817800000000002,-82.0304,-32.958600000000004,175,75
2026-05-07 18:24:51.007,2,-0.42,0.14,1.09,-31.4978,-73.9904,-23.5086,175,75
2026-05-07 18:24:51.019,2,-0.43,0.15,1.07,-34.547799999999995,-65.7504,-16.4386,175,75
2026-05-07 18:24:51.029,2,-0.44,0.16,1.07,-35.827799999999996,-57.5804,-11.6186,175,75
2026-05-07 18:24:51.038,2,-0.42,0.16,1.07,-36.3778,-48.5004,-5.888600000000004,175,75
2026-05-07 18:24:51.044,2,-0.4,0.15,1.07,-37.287800000000004,-40.0204,1.4913999999999987,175,75
2026-05-07 18:24:51.055,2,-0.4,0.15,1.07,-37.537800000000004,-32.7004,6.671399999999998,175,75
2026-05-07 18:24:51.068,2,-0.38,0.15,1.07,-36.2578,-22.340400000000002,11.251399999999997,175,75
2026-05-07 18:24:51.091,2,-0.34,0.14,1.08,-33.3878,-11.3004,15.031399999999998,175,75
2026-05-07 18:24:51.110,2,-0.36,0.14,1.08,-27.5978,9.3096,22.591399999999997,175,75
2026-05-07 18:24:51.126,2,-0.36,0.18,1.08,-24.6678,19.979599999999998,26.191399999999998,175,75
2026-05-07 18:24:51.126,2,-0.35,0.2,1.08,-20.9478,26.4396,29.911399999999997,175,75
2026-05-07 18:24:51.136,2,-0.32,0.2,1.08,-19.117800000000003,31.7496,34.541399999999996,175,75
2026-05-07 18:24:51.156,2,-0.3,0.21,1.08,-18.2078,36.2596,39.7814,175,75
2026-05-07 18:24:51.156,2,-0.29,0.19,1.08,-17.8378,39.6696,43.4414,175,75
2026-05-07 18:24:51.174,2,-0.28,0.18,1.08,-17.9578,43.8796,46.611399999999996,175,75
2026-05-07 18:24:51.174,2,-0.27,0.17,1.07,-18.3278,49.9796,48.9314,175,75
2026-05-07 18:24:51.199,2,-0.24,0.16,1.08,-21.797800000000002,63.7596,49.4214,175,75
2026-05-07 18:24:51.216,2,-0.24,0.17,1.1,-24.6078,69.6096,50.9414,175,75
2026-05-07 18:24:51.223,2,-0.23,0.18,1.11,-27.1078,70.2796,53.261399999999995,175,75
2026-05-07 18:24:51.243,2,-0.21,0.18,1.12,-31.4378,66.4996,56.731399999999994,175,75
2026-05-07 18:24:51.243,2,-0.19,0.15,1.12,-35.037800000000004,61.9896,61.191399999999994,175,75
2026-05-07 18:24:51.254,2,-0.19,0.13,1.11,-39.177800000000005,58.9396,65.1514,175,75
2026-05-07 18:24:51.265,2,-0.18,0.09,1.09,-43.6278,57.2296,68.44139999999999,175,75
2026-05-07 18:24:51.275,2,-0.18,0.06,1.06,-47.1678,57.6596,68.9914,175,75
2026-05-07 18:24:51.287,2,-0.17,0.07,1.02,-50.4578,62.9696,68.81139999999999,175,75
2026-05-07 18:24:51.313,2,-0.24,0.09,0.98,-54.1178,90.3396,78.0114,175,75
2026-05-07 18:24:51.335,2,-0.24,0.08,0.99,-52.8378,95.0996,86.19139999999999,175,75
2026-05-07 18:24:51.335,2,-0.22,0.06,1.01,-53.2078,95.2196,93.38139999999999,175,75
2026-05-07 18:24:51.345,2,-0.17,0.01,1.02,-56.3778,91.8096,99.1714,175,75
2026-05-07 18:24:51.352,2,-0.11,-0.08,1.01,-62.9578,87.6596,108.75139999999999,175,75
2026-05-07 18:24:51.373,2,-0.07,-0.31,0.94,-81.0678,87.5996,125.88139999999999,175,75
2026-05-07 18:24:51.401,2,0.0,-0.61,0.88,-98.3278,95.3396,138.6914,175,75
2026-05-07 18:24:51.416,2,0.12,-0.92,0.83,-97.7178,91.3796,144.3614,175,75
2026-05-07 18:24:51.428,2,0.08,-0.96,0.78,-93.2078,85.7696,141.5514,175,75
2026-05-07 18:24:51.454,2,0.18,-0.75,0.68,-66.18780000000001,76.9296,133.3214,175,75
2026-05-07 18:24:51.465,2,0.3,-0.62,0.64,-47.7178,55.0396,138.3214,175,75
2026-05-07 18:24:51.478,2,0.34,-0.53,0.6,-35.7678,43.5796,150.2714,175,75
2026-05-07 18:24:51.491,2,0.28,-0.49,0.53,-29.6678,33.089600000000004,159.91140000000001,175,75
2026-05-07 18:24:51.501,2,0.24,-0.51,0.43,-26.2578,19.2496,157.3414,175,75
2026-05-07 18:24:51.511,2,0.24,-0.49,0.34,-22.047800000000002,9.3096,147.7114,175,75
2026-05-07 18:24:51.528,2,0.23,-0.43,0.29,-19.8478,13.2696,137.6514,175,75
2026-05-07 18:24:51.547,2,0.23,-0.37,0.25,-24.177799999999998,21.4396,129.3014,175,75
2026-05-07 18:24:51.547,2,0.23,-0.33,0.23,-29.6678,30.709600000000002,122.28139999999999,175,75
2026-05-07 18:24:51.561,2,0.21,-0.29,0.23,-31.1878,41.619600000000005,111.31139999999999,175,75
2026-05-07 18:24:51.576,2,0.16,-0.24,0.23,-30.5878,47.4196,98.69139999999999,175,75
2026-05-07 18:24:51.594,2,0.04,-0.12,0.21,-39.8478,54.0596,82.7114,175,75
2026-05-07 18:24:51.611,2,-0.02,-0.07,0.18,-45.0978,57.9696,80.03139999999999,175,75
2026-05-07 18:24:51.645,2,-0.02,-0.05,0.26,-45.5178,103.6996,71.1214,175,75
2026-05-07 18:24:51.656,2,0.01,-0.04,0.34,-46.5578,107.7796,66.6114,175,75
2026-05-07 18:24:51.673,2,0.04,-0.02,0.41,-51.5578,84.8596,57.221399999999996,175,75
2026-05-07 18:24:51.702,2,0.03,-0.02,0.42,-54.9778,67.9096,51.861399999999996,175,75
2026-05-07 18:24:51.702,2,-0.01,-0.02,0.4,-56.2578,63.5796,48.4414,175,75
2026-05-07 18:24:51.707,2,-0.07,-0.03,0.37,-56.4978,66.4996,44.231399999999994,175,75
2026-05-07 18:24:51.724,2,-0.14,-0.02,0.36,-57.1678,73.2696,41.0014,175,75
2026-05-07 18:24:51.747,2,-0.19,-0.02,0.4,-58.4478,81.5596,36.0614,175,75
2026-05-07 18:24:51.757,2,-0.2,0.03,0.44,-55.8278,77.53960000000001,33.8114,175,75
2026-05-07 18:24:51.779,2,-0.21,0.06,0.44,-51.6178,59.6696,33.011399999999995,175,75
2026-05-07 18:24:51.791,2,-0.22,0.1,0.4,-50.647800000000004,51.8096,31.001399999999997,175,75
2026-05-07 18:24:51.805,2,-0.22,0.11,0.35,-49.3678,48.2096,30.701399999999996,175,75
2026-05-07 18:24:51.830,2,-0.24,0.11,0.34,-46.2578,51.8696,28.751399999999997,175,75
2026-05-07 18:24:51.842,2,-0.25,0.1,0.36,-45.2778,50.0396,26.6714,175,75
2026-05-07 18:24:51.857,2,-0.25,0.13,0.36,-44.1178,38.3296,25.5814,175,75
2026-05-07 18:24:51.879,2,-0.24,0.13,0.34,-43.0178,30.709600000000002,24.661399999999997,175,75
2026-05-07 18:24:51.910,2,-0.27,0.16,0.29,-36.437799999999996,37.6596,21.121399999999998,175,75
2026-05-07 18:24:51.928,2,-0.27,0.18,0.29,-33.7578,45.8896,20.821399999999997,175,75
2026-05-07 18:24:51.947,2,-0.19,0.21,0.4,-26.6778,44.3696,20.941399999999998,175,75
2026-05-07 18:24:51.974,2,-0.1,0.23,0.44,-26.0078,6.7496,17.891399999999997,175,75
2026-05-07 18:24:51.990,2,-0.11,0.3,0.31,-30.0378,-21.3604,14.361399999999998,175,75
2026-05-07 18:24:52.014,2,-0.12,0.32,0.26,-31.6178,-17.4004,13.321399999999997,175,75
2026-05-07 18:24:52.024,2,-0.11,0.36,0.22,-32.9578,2.0496,11.611399999999998,175,75
2026-05-07 18:24:52.032,2,-0.07,0.36,0.27,-33.3878,16.2596,10.151399999999997,175,75
2026-05-07 18:24:52.046,2,-0.03,0.37,0.3,-33.147800000000004,15.5896,8.751399999999997,175,75
2026-05-07 18:24:52.046,2,0.0,0.38,0.33,-33.2078,8.329600000000001,5.451399999999996,175,75
2026-05-07 18:24:52.064,2,0.05,0.39,0.35,-34.0578,-0.6303999999999998,1.311399999999999,175,75
2026-05-07 18:24:52.067,2,0.09,0.4,0.33,-36.797799999999995,-9.9604,-2.5286000000000044,175,75
2026-05-07 18:24:52.107,2,0.16,0.41,0.23,-41.797799999999995,12.5996,-17.778600000000004,175,75
2026-05-07 18:24:52.121,2,0.21,0.44,0.25,-40.1578,27.049599999999998,-20.1586,175,75
2026-05-07 18:24:52.131,2,0.27,0.44,0.34,-38.2678,37.7796,-26.988600000000005,175,75
2026-05-07 18:24:52.142,2,0.33,0.44,0.41,-38.687799999999996,35.5296,-35.0886,175,75
2026-05-07 18:24:52.142,2,0.42,0.41,0.5,-42.5978,27.7196,-44.11860000000001,175,75
2026-05-07 18:24:52.159,2,0.46,0.38,0.55,-45.5178,22.9096,-50.33860000000001,175,75
2026-05-07 18:24:52.170,2,0.53,0.29,0.57,-44.9078,15.889600000000002,-57.89860000000001,175,75
2026-05-07 18:24:52.180,2,0.56,0.18,0.58,-40.0978,7.7796,-64.8486,175,75
2026-05-07 18:24:52.190,2,0.57,0.11,0.6,-34.6078,5.7696000000000005,-70.39860000000002,175,75
2026-05-07 18:24:52.197,2,0.64,0.04,0.61,-25.9478,-6.910399999999999,-75.39860000000002,175,75
2026-05-07 18:24:52.222,2,0.8,-0.19,0.62,1.7321999999999989,-41.2404,-104.7286,175,75
2026-05-07 18:24:52.233,2,0.91,-0.35,0.77,9.6022,-29.9604,-130.27859999999998,175,75
2026-05-07 18:24:52.259,2,1.23,-0.77,1.29,1.8521999999999998,-50.0804,-166.8586,175,75
2026-05-07 18:24:52.259,2,1.19,-0.96,1.33,-3.2678000000000003,-89.8404,-167.3486,175,75
2026-05-07 18:24:52.282,2,1.03,-1.22,1.29,-3.3878000000000004,-140.8804,-171.9186,175,75
2026-05-07 18:24:52.292,2,0.92,-1.4,1.28,-2.7178000000000004,-154.8404,-184.4886,175,75
2026-05-07 18:24:52.302,2,0.8,-1.59,1.28,-5.3978,-143.1904,-203.99859999999998,175,75
2026-05-07 18:24:52.314,2,0.75,-1.65,1.34,-5.5178,-128.6204,-218.3286,175,75
2026-05-07 18:24:52.326,2,0.62,-1.67,1.47,1.1822,-112.5204,-234.3586,175,75
2026-05-07 18:24:52.326,2,0.54,-1.61,1.56,12.1022,-115.8804,-245.39860000000002,175,75
2026-05-07 18:24:52.349,2,0.52,-1.66,1.56,66.4322,-182.7704,-255.51860000000002,175,75
2026-05-07 18:24:52.387,2,0.22,-1.92,1.39,110.0922,-138.8604,-283.9986,175,75
2026-05-07 18:24:52.400,2,0.2,-1.84,1.48,121.1222,-133.5004,-298.01860000000005,175,75
2026-05-07 18:24:52.415,2,0.23,-1.8,1.56,128.74220000000003,-139.1104,-307.89860000000004,175,75
2026-05-07 18:24:52.429,2,0.25,-1.77,1.62,131.55220000000003,-152.4604,-311.6786,175,75
2026-05-07 18:24:52.443,2,0.2,-1.76,1.64,134.9622,-167.4604,-312.22860000000003,175,75
2026-05-07 18:24:52.454,2,0.12,-1.78,1.64,141.79219999999998,-176.8504,-313.1986,175,75
2026-05-07 18:24:52.464,2,0.06,-1.81,1.7,146.43220000000002,-184.9004,-313.7486,175,75
2026-05-07 18:24:52.472,2,0.08,-1.86,1.77,146.73219999999998,-198.8604,-316.3086,175,75
2026-05-07 18:24:52.485,2,0.11,-1.92,1.84,143.3222,-221.5504,-319.2386,175,75
2026-05-07 18:24:52.496,2,0.08,-1.95,1.85,141.49220000000003,-237.0904,-321.4986,175,75
2026-05-07 18:24:52.506,2,0.03,-1.97,1.86,142.3422,-241.3604,-322.22860000000003,175,75
2026-05-07 18:24:52.519,2,-0.04,-1.98,1.9,143.2622,-244.23039999999997,-320.39860000000004,175,75
2026-05-07 18:24:52.544,2,-0.12,-2.06,1.99,145.8822,-274.2304,-314.78860000000003,175,75
2026-05-07 18:24:52.577,2,-0.4,-2.02,1.78,146.61219999999997,-263.6804,-338.5686,175,75
2026-05-07 18:24:52.613,2,-0.43,-1.7,1.74,173.3222,-241.8504,-349.2386,175,75
2026-05-07 18:24:52.623,2,-0.41,-1.6,1.71,177.4622,-231.7304,-343.32860000000005,175,75
2026-05-07 18:24:52.649,2,-0.37,-1.45,1.65,196.06220000000002,-220.8104,-328.6286,175,75
2026-05-07 18:24:52.661,2,-0.39,-1.37,1.6,211.79219999999998,-216.9704,-319.96860000000004,175,75
2026-05-07 18:24:52.671,2,-0.38,-1.29,1.6,222.7722,-217.5204,-316.4986,175,75
2026-05-07 18:24:52.671,2,-0.34,-1.26,1.6,231.79219999999998,-225.8804,-313.7486,175,75
2026-05-07 18:24:52.681,2,-0.34,-1.25,1.56,238.62220000000002,-237.8904,-306.1886,175,75
2026-05-07 18:24:52.694,2,-0.39,-1.21,1.48,243.1322,-248.0704,-294.6086,175,75
2026-05-07 18:24:52.707,2,-0.48,-1.16,1.37,244.9622,-250.81040000000002,-286.0086,175,75
2026-05-07 18:24:52.719,2,-0.63,-1.02,1.1,247.9522,-222.4604,-285.9486,175,75
2026-05-07 18:24:52.731,2,-0.61,-0.93,0.95,254.41220000000004,-198.4404,-288.1386,175,75
2026-05-07 18:24:52.753,2,-0.54,-0.82,0.85,265.8222,-167.8904,-284.78860000000003,175,75
2026-05-07 18:24:52.763,2,-0.43,-0.78,0.81,278.0722,-147.8904,-278.26860000000005,175,75
2026-05-07 18:24:52.774,2,-0.32,-0.78,0.79,286.73220000000003,-131.9104,-264.78860000000003,175,75
2026-05-07 18:24:52.785,2,-0.36,-0.79,0.77,284.9022,-115.6904,-246.7986,175,75
2026-05-07 18:24:52.825,2,-0.4,-0.82,0.73,279.17220000000003,-114.6604,-230.5186,175,75
2026-05-07 18:24:52.825,2,-0.4,-0.82,0.68,277.7122,-118.9204,-229.6686,175,75
2026-05-07 18:24:52.849,2,-0.44,-0.77,0.48,270.8822,-106.0004,-224.05859999999998,175,75
2026-05-07 18:24:52.861,2,-0.44,-0.67,0.37,267.8922,-67.5804,-209.9686,175,75
2026-05-07 18:24:52.873,2,-0.38,-0.63,0.35,269.54220000000004,-44.2904,-195.33859999999999,175,75
2026-05-07 18:24:52.885,2,-0.4,-0.58,0.39,266.5522,-26.8504,-168.6886,175,75
2026-05-07 18:24:52.911,2,-0.37,-0.54,0.41,260.7022,-30.330399999999997,-150.5186,175,75
2026-05-07 18:24:52.935,2,-0.3,-0.43,0.11,226.31220000000002,-97.6404,-105.6386,175,75
2026-05-07 18:24:52.958,2,-0.43,-0.39,-0.0,214.54219999999998,-90.8104,-91.9186,175,75
2026-05-07 18:24:52.958,2,-0.53,-0.34,-0.05,205.7022,-53.07040000000001,-77.2886,175,75
2026-05-07 18:24:52.985,2,-0.26,-0.24,-0.04,171.67219999999998,81.6896,-18.998600000000003,175,75
2026-05-07 18:24:52.985,2,-0.13,-0.18,0.04,155.1522,95.9496,0.7613999999999983,175,75
2026-05-07 18:24:53.012,2,0.05,-0.1,0.11,116.9122,85.2196,32.1014,175,75
2026-05-07 18:24:53.017,2,0.05,-0.05,0.09,93.26219999999999,69.36959999999999,45.45139999999999,175,75
2026-05-07 18:24:53.041,2,0.06,0.01,0.09,61.982200000000006,68.3896,55.2114,175,75
2026-05-07 18:24:53.059,2,0.09,0.11,0.1,1.4922000000000004,110.7096,76.1214,175,75
2026-05-07 18:24:53.070,2,0.15,0.12,0.2,-23.8778,146.5596,85.8814,175,75
2026-05-07 18:24:53.099,2,0.33,0.15,0.39,-126.0078,82.1696,93.50139999999999,175,75
2026-05-07 18:24:53.132,2,0.1,0.05,0.45,-162.5978,114.4296,92.6514,175,75
2026-05-07 18:24:53.144,2,0.39,-0.01,0.79,-164.2978,259.1196,97.47139999999999,175,75
2026-05-07 18:24:53.169,2,0.67,0.05,1.35,-171.7378,269.9196,72.8314,175,75
2026-05-07 18:24:53.179,2,0.64,0.1,1.52,-172.7178,217.9696,65.8214,175,75
2026-05-07 18:24:53.205,2,0.49,0.22,1.52,-205.94779999999997,128.08960000000002,65.3914,175,75
2026-05-07 18:24:53.220,2,0.46,0.19,1.34,-220.39780000000002,98.5096,72.22139999999999,175,75
2026-05-07 18:24:53.253,2,0.41,0.25,1.02,-212.2278,183.1496,70.3314,175,75
2026-05-07 18:24:53.296,2,0.65,0.25,1.3,-230.45780000000002,187.9696,54.9114,175,75
2026-05-07 18:24:53.305,2,0.58,0.31,1.21,-236.18779999999998,167.7796,53.871399999999994,175,75
2026-05-07 18:24:53.318,2,0.55,0.4,1.07,-243.32780000000002,152.2996,57.221399999999996,175,75
2026-05-07 18:24:53.324,2,0.54,0.41,0.97,-246.25779999999997,151.1996,61.2514,175,75
2026-05-07 18:24:53.382,2,0.74,0.21,1.11,-237.7178,204.9196,56.6714,175,75
2026-05-07 18:24:53.396,2,0.71,0.28,1.1,-241.5578,158.5096,52.8314,175,75
2026-05-07 18:24:53.410,2,0.61,0.36,0.98,-242.2878,142.4796,54.541399999999996,175,75
2026-05-07 18:24:53.430,2,0.56,0.39,0.9,-241.43779999999998,136.8696,56.731399999999994,175,75
2026-05-07 18:24:53.430,2,0.54,0.39,0.86,-239.9778,137.0496,59.1714,175,75
2026-05-07 18:24:53.442,2,0.59,0.36,0.87,-238.20780000000002,135.52960000000002,60.331399999999995,175,75
2026-05-07 18:24:53.451,2,0.65,0.32,0.89,-238.20780000000002,126.0096,60.331399999999995,175,75
2026-05-07 18:24:53.467,2,0.66,0.32,0.88,-239.2378,111.6196,58.5014,175,75
2026-05-07 18:24:53.474,2,0.6,0.37,0.82,-237.83780000000002,105.5296,57.5314,175,75
2026-05-07 18:24:53.489,2,0.57,0.43,0.77,-234.4878,101.6896,56.611399999999996,175,75
2026-05-07 18:24:53.499,2,0.55,0.45,0.72,-231.12779999999998,103.7596,57.8914,175,75
2026-05-07 18:24:53.532,2,0.56,0.48,0.72,-224.2378,117.53960000000001,59.361399999999996,175,75
2026-05-07 18:24:53.542,2,0.6,0.47,0.77,-221.49779999999998,115.4096,59.6014,175,75
2026-05-07 18:24:53.542,2,0.6,0.45,0.82,-219.2378,101.7496,58.691399999999994,175,75
2026-05-07 18:24:53.555,2,0.48,0.49,0.75,-219.2378,78.2096,62.041399999999996,175,75
2026-05-07 18:24:53.586,2,0.42,0.52,0.51,-216.6178,63.6396,71.9214,175,75
2026-05-07 18:24:53.634,2,0.4,0.46,0.45,-207.4078,147.1096,77.22139999999999,175,75
2026-05-07 18:24:53.671,2,0.51,0.43,0.54,-204.2378,89.6696,68.69139999999999,175,75
2026-05-07 18:24:53.692,2,0.38,0.56,0.38,-206.31779999999998,73.5796,68.0114,175,75
2026-05-07 18:24:53.699,2,0.32,0.61,0.31,-203.44779999999997,74.7296,70.3914,175,75
2026-05-07 18:24:53.707,2,0.34,0.65,0.28,-198.99779999999998,85.5296,71.4314,175,75
2026-05-07 18:24:53.719,2,0.38,0.66,0.28,-193.62779999999998,108.5096,72.53139999999999,175,75
2026-05-07 18:24:53.745,2,0.51,0.6,0.38,-188.20780000000002,127.0496,64.3014,175,75
2026-05-07 18:24:53.752,2,0.58,0.6,0.41,-186.37779999999998,116.4996,58.081399999999995,175,75
2026-05-07 18:24:53.769,2,0.6,0.69,0.41,-183.87779999999998,78.2096,47.651399999999995,175,75
2026-05-07 18:24:53.786,2,0.58,0.82,0.35,-181.49779999999998,48.449600000000004,40.9414,175,75
2026-05-07 18:24:53.786,2,0.59,0.9,0.3,-177.7178,34.7996,36.0614,175,75
2026-05-07 18:24:53.796,2,0.58,0.98,0.26,-171.12779999999998,27.599600000000002,32.831399999999995,175,75
2026-05-07 18:24:53.809,2,0.55,1.05,0.23,-161.00779999999997,29.5496,28.0814,175,75
2026-05-07 18:24:53.819,2,0.56,1.09,0.2,-149.2378,34.3096,23.9914,175,75
2026-05-07 18:24:53.842,2,0.56,1.1,0.19,-142.4778,34.0596,20.5814,175,75
2026-05-07 18:24:53.842,2,0.58,1.15,0.19,-137.2278,30.4696,16.801399999999997,175,75
2026-05-07 18:24:53.855,2,0.61,1.25,0.18,-129.9078,28.6996,14.481399999999997,175,75
2026-05-07 18:24:53.866,2,0.65,1.33,0.19,-121.6178,29.6696,12.041399999999998,175,75
2026-05-07 18:24:53.866,2,0.7,1.38,0.22,-114.1778,29.9796,9.601399999999998,175,75
2026-05-07 18:24:53.886,2,0.74,1.43,0.24,-105.1578,24.669600000000003,6.311399999999999,175,75
2026-05-07 18:24:53.897,2,0.74,1.5,0.26,-97.1678,11.6896,2.8313999999999986,175,75
2026-05-07 18:24:53.909,2,0.79,1.58,0.26,-87.5378,-6.060400000000001,-1.438600000000001,175,75
2026-05-07 18:24:53.919,2,0.83,1.64,0.25,-77.4078,-22.580399999999997,-4.178600000000003,175,75
2026-05-07 18:24:53.925,2,0.87,1.68,0.23,-65.5178,-40.1404,-8.808600000000006,175,75
2026-05-07 18:24:53.933,2,0.92,1.73,0.22,-56.1278,-52.9504,-15.028600000000004,175,75
2026-05-07 18:24:53.953,2,0.94,1.79,0.19,-50.0978,-55.9404,-20.7686,175,75
2026-05-07 18:24:53.961,2,0.81,1.82,0.16,-43.0878,-53.010400000000004,-26.1886,175,75
2026-05-07 18:24:53.975,2,0.69,1.79,0.14,-33.5078,-32.3404,-24.608600000000003,175,75
2026-05-07 18:24:53.986,2,0.64,1.75,0.12,-22.1678,-11.1204,-19.848600000000005,175,75
2026-05-07 18:24:54.003,2,0.8,1.68,0.21,-13.1478,25.709600000000002,-9.848600000000005,175,75
2026-05-07 18:24:54.016,2,0.93,1.72,0.32,-14.0578,48.0296,-1.8586000000000027,175,75
2026-05-07 18:24:54.043,2,1.27,1.54,0.59,-19.7878,58.0896,15.761399999999997,175,75
2026-05-07 18:24:54.076,2,1.45,0.83,0.99,0.8222000000000005,85.3396,-5.218600000000002,175,75
2026-05-07 18:24:54.095,2,1.73,0.62,1.3,4.722199999999999,51.6196,-41.308600000000006,175,75
2026-05-07 18:24:54.109,2,1.72,0.6,1.3,1.1822,30.5896,-60.028600000000004,175,75
2026-05-07 18:24:54.119,2,1.67,0.58,1.22,4.292199999999999,7.599600000000001,-78.4486,175,75
2026-05-07 18:24:54.142,2,1.44,0.58,1.05,10.022199999999998,-9.470399999999998,-99.7286,175,75
2026-05-07 18:24:54.174,2,1.19,0.59,0.86,15.822199999999999,48.8196,-111.0686,175,75
2026-05-07 18:24:54.182,2,1.21,0.54,0.88,19.2322,82.4196,-114.11859999999999,175,75
2026-05-07 18:24:54.204,2,1.34,0.39,1.04,26.672199999999997,136.0796,-127.46860000000001,175,75
2026-05-07 18:24:54.218,2,1.35,0.27,1.11,32.4622,167.9096,-141.4386,175,75
2026-05-07 18:24:54.231,2,1.21,0.3,1.2,40.7022,188.2096,-145.6386,175,75
2026-05-07 18:24:54.243,2,1.08,0.36,1.32,49.4822,207.2296,-151.9186,175,75
2026-05-07 18:24:54.243,2,1.05,0.38,1.48,58.322199999999995,200.4696,-155.8286,175,75
2026-05-07 18:24:54.256,2,1.04,0.33,1.6,66.4922,184.3696,-156.24859999999998,175,75
2026-05-07 18:24:54.276,2,0.97,0.28,1.62,75.5722,156.4996,-150.27859999999998,175,75
2026-05-07 18:24:54.313,2,0.81,0.43,1.38,112.2222,143.0296,-135.08859999999999,175,75
2026-05-07 18:24:54.313,2,0.79,0.52,1.34,120.33219999999999,157.1696,-130.27859999999998,175,75
2026-05-07 18:24:54.356,2,0.72,0.55,1.45,136.79219999999998,186.2596,-107.46860000000001,175,75
2026-05-07 18:24:54.364,2,0.69,0.51,1.5,140.0922,198.6396,-97.95859999999999,175,75
2026-05-07 18:24:54.374,2,0.68,0.46,1.56,144.7822,197.3596,-88.1986,175,75
2026-05-07 18:24:54.389,2,0.71,0.42,1.62,152.2222,178.8196,-78.3886,175,75
2026-05-07 18:24:54.397,2,0.7,0.44,1.6,157.5922,158.2096,-69.6086,175,75
2026-05-07 18:24:54.409,2,0.69,0.45,1.55,161.00220000000002,144.2496,-63.7486,175,75
2026-05-07 18:24:54.421,2,0.61,0.46,1.48,162.2222,142.4796,-58.808600000000006,175,75
2026-05-07 18:24:54.423,2,0.56,0.48,1.4,163.56220000000002,150.1596,-53.448600000000006,175,75
2026-05-07 18:24:54.435,2,0.49,0.51,1.37,167.8922,164.7996,-42.89860000000001,175,75
2026-05-07 18:24:54.470,2,0.59,0.53,1.53,169.9622,165.7096,-11.128600000000006,175,75
2026-05-07 18:24:54.489,2,0.59,0.51,1.54,166.91219999999998,143.2096,-4.908600000000003,175,75
2026-05-07 18:24:54.500,2,0.61,0.48,1.54,164.29219999999998,119.6096,-1.3786000000000023,175,75
2026-05-07 18:24:54.511,2,0.59,0.5,1.52,162.2222,100.7696,5.031399999999998,175,75
2026-05-07 18:24:54.524,2,0.51,0.56,1.39,158.2622,84.6696,15.941399999999998,175,75
2026-05-07 18:24:54.572,2,0.68,0.53,1.45,149.48219999999998,97.1096,40.0314,175,75
2026-05-07 18:24:54.592,2,0.71,0.5,1.47,143.68220000000002,76.6196,41.2514,175,75
2026-05-07 18:24:54.607,2,0.71,0.59,1.39,147.4022,47.5396,42.5314,175,75
2026-05-07 18:24:54.621,2,0.72,0.7,1.33,151.91219999999998,51.8096,41.1914,175,75
2026-05-07 18:24:54.632,2,0.69,0.75,1.31,154.54219999999998,62.4796,40.511399999999995,175,75
2026-05-07 18:24:54.655,2,0.79,0.68,1.33,156.49220000000003,92.7196,42.221399999999996,175,75
2026-05-07 18:24:54.665,2,0.87,0.6,1.4,151.43220000000002,91.0096,42.4114,175,75
2026-05-07 18:24:54.675,2,0.95,0.73,1.47,146.24220000000003,64.3096,45.6414,175,75
2026-05-07 18:24:54.689,2,1.01,0.91,1.54,141.12220000000002,26.3196,44.84139999999999,175,75
2026-05-07 18:24:54.698,2,0.78,1.02,1.54,135.2122,-5.020399999999999,32.7714,175,75
2026-05-07 18:24:54.709,2,0.41,1.13,1.49,128.56220000000002,13.9396,38.2014,175,75
2026-05-07 18:24:54.721,2,2.11,0.71,1.62,119.90220000000001,-70.9404,36.3114,175,75
2026-05-07 18:24:54.730,2,1.01,0.43,1.63,94.3522,60.5296,34.111399999999996,175,75
2026-05-07 18:24:54.741,2,1.66,1.4,0.74,149.9622,37.599599999999995,41.8014,175,75
2026-05-07 18:24:54.769,2,1.51,1.07,1.32,153.87220000000002,160.6496,23.321399999999997,175,75
2026-05-07 18:24:54.779,2,1.39,0.97,1.76,162.5222,101.8096,18.3814,175,75
2026-05-07 18:24:54.789,2,1.66,0.86,1.73,144.7222,6.259600000000001,26.001399999999997,175,75
2026-05-07 18:24:54.802,2,1.61,0.89,1.55,129.60219999999998,-54.7804,28.5614,175,75
2026-05-07 18:24:54.812,2,1.6,0.94,1.16,125.15220000000001,-113.1304,14.971399999999997,175,75
2026-05-07 18:24:54.829,2,1.39,1.01,0.97,134.11219999999997,-93.6804,5.031399999999998,175,75
2026-05-07 18:24:54.841,2,1.26,1.07,0.92,145.7622,-59.660399999999996,-8.938600000000001,175,75
2026-05-07 18:24:54.851,2,1.26,1.05,1.17,157.5222,-27.4604,-20.3386,175,75
2026-05-07 18:24:54.861,2,1.31,0.96,1.27,157.4622,-15.3904,-20.8286,175,75
2026-05-07 18:24:54.865,2,1.45,0.86,1.17,151.67219999999998,-25.6304,-17.0486,175,75
2026-05-07 18:24:54.890,2,1.54,0.79,0.92,147.4622,-25.200400000000002,-20.1586,175,75
2026-05-07 18:24:54.890,2,1.53,0.77,0.67,147.04219999999998,20.0396,-33.9386,175,75
2026-05-07 18:24:54.909,2,1.14,0.91,0.38,171.67219999999998,106.8696,-27.2286,175,75
2026-05-07 18:24:54.929,2,1.01,0.93,0.57,184.66219999999998,66.1396,-37.6586,175,75
2026-05-07 18:24:54.938,2,1.0,0.88,0.85,179.9022,20.279600000000002,-46.7386,175,75
2026-05-07 18:24:54.948,2,1.01,0.81,1.17,155.7622,-11.490400000000001,-53.9986,175,75
2026-05-07 18:24:54.961,2,1.11,0.79,1.26,134.9622,-23.440399999999997,-51.068599999999996,175,75
2026-05-07 18:24:54.964,2,1.16,0.74,1.05,131.98219999999998,-61.180400000000006,-40.2186,175,75
2026-05-07 18:24:54.973,2,1.09,0.64,0.75,137.16219999999998,-92.1604,-38.2686,175,75
2026-05-07 18:24:55.005,2,0.69,0.7,0.06,140.0222,41.199600000000004,-57.28860000000001,175,75
2026-05-07 18:24:55.042,2,0.77,0.75,0.54,157.4022,138.14960000000002,-64.23859999999999,175,75
2026-05-07 18:24:55.053,2,0.89,0.75,0.71,158.56220000000002,127.9096,-62.3486,175,75
2026-05-07 18:24:55.065,2,0.97,0.76,0.69,148.56220000000002,76.1996,-51.7386,175,75
2026-05-07 18:24:55.075,2,0.95,0.79,0.55,137.4622,47.4796,-46.918600000000005,175,75
2026-05-07 18:24:55.084,2,0.87,0.75,0.39,134.60219999999998,67.53960000000001,-51.7986,175,75
2026-05-07 18:24:55.097,2,0.87,0.73,0.36,140.3922,94.5496,-54.9086,175,75
2026-05-07 18:24:55.107,2,0.92,0.75,0.44,150.3922,114.4896,-57.4686,175,75
2026-05-07 18:24:55.116,2,0.94,0.77,0.55,155.0922,113.3296,-56.9886,175,75
2026-05-07 18:24:55.132,2,0.92,0.78,0.62,152.7722,104.8596,-54.6086,175,75
2026-05-07 18:24:55.149,2,0.87,0.81,0.58,145.5122,90.6496,-50.39860000000001,175,75
2026-05-07 18:24:55.166,2,0.77,0.89,0.51,141.98219999999998,85.5296,-45.8286,175,75
2026-05-07 18:24:55.179,2,0.78,0.87,0.54,142.2822,88.8796,-43.2686,175,75
2026-05-07 18:24:55.188,2,0.78,0.83,0.56,140.7622,85.1596,-41.068599999999996,175,75
2026-05-07 18:24:55.199,2,0.78,0.82,0.56,138.68220000000002,77.9096,-40.5786,175,75
2026-05-07 18:24:55.209,2,0.76,0.84,0.5,137.5922,73.5096,-41.4386,175,75
2026-05-07 18:24:55.230,2,0.75,0.93,0.46,138.1322,77.7196,-42.89860000000001,175,75
2026-05-07 18:24:55.241,2,0.75,0.95,0.48,138.99220000000003,86.9296,-40.638600000000004,175,75
2026-05-07 18:24:55.253,2,0.77,0.85,0.58,137.2822,87.5996,-40.8286,175,75
2026-05-07 18:24:55.266,2,0.73,0.79,0.64,135.4522,84.9196,-42.83860000000001,175,75
2026-05-07 18:24:55.279,2,0.7,0.84,0.67,139.7822,80.4696,-46.00860000000001,175,75
2026-05-07 18:24:55.289,2,0.68,0.9,0.66,147.4622,71.5596,-46.9886,175,75
2026-05-07 18:24:55.300,2,0.67,0.92,0.64,149.48219999999998,68.6996,-46.1886,175,75
2026-05-07 18:24:55.307,2,0.67,0.93,0.61,148.87220000000002,65.9496,-45.8286,175,75
2026-05-07 18:24:55.320,2,0.65,0.91,0.56,147.4622,65.7696,-45.4586,175,75
2026-05-07 18:24:55.332,2,0.6,0.9,0.56,147.04219999999998,76.7496,-46.1286,175,75
2026-05-07 18:24:55.342,2,0.59,0.88,0.6,147.7722,89.4896,-47.4086,175,75
2026-05-07 18:24:55.354,2,0.6,0.87,0.69,151.00220000000002,95.0996,-47.83860000000001,175,75
2026-05-07 18:24:55.382,2,0.67,0.89,0.82,157.5222,77.9096,-49.6086,175,75
2026-05-07 18:24:55.392,2,0.7,0.93,0.84,161.00220000000002,66.9896,-50.5186,175,75
2026-05-07 18:24:55.417,2,0.67,0.91,0.79,166.43220000000002,58.3296,-53.7486,175,75
2026-05-07 18:24:55.440,2,0.67,0.91,0.76,171.31220000000002,67.6596,-58.0186,175,75
2026-05-07 18:24:55.447,2,0.67,0.92,0.77,172.2822,71.0096,-59.418600000000005,175,75
2026-05-07 18:24:55.462,2,0.7,0.95,0.79,172.4022,74.36959999999999,-60.1586,175,75
2026-05-07 18:24:55.472,2,0.73,0.93,0.78,169.9622,75.33959999999999,-60.33860000000001,175,75
2026-05-07 18:24:55.486,2,0.73,0.96,0.71,167.16219999999998,87.6596,-65.27860000000001,175,75
2026-05-07 18:24:55.507,2,0.72,0.96,0.7,166.37220000000002,101.6196,-66.73859999999999,175,75
2026-05-07 18:24:55.521,2,0.64,0.97,0.7,168.0722,132.5396,-68.80860000000001,175,75
2026-05-07 18:24:55.524,2,0.64,1.0,0.74,170.6322,142.1096,-67.52860000000001,175,75
2026-05-07 18:24:55.541,2,0.65,1.01,0.81,173.68220000000002,147.0496,-63.448600000000006,175,75
2026-05-07 18:24:55.582,2,0.8,0.71,0.95,173.2022,96.1396,-45.888600000000004,175,75
2026-05-07 18:24:55.583,2,0.86,0.58,0.88,169.48219999999998,69.36959999999999,-46.8586,175,75
2026-05-07 18:24:55.609,2,0.7,0.9,0.6,165.3922,108.2696,-68.6286,175,75
2026-05-07 18:24:55.623,2,0.57,1.3,0.6,175.7022,152.5396,-67.46860000000001,175,75
2026-05-07 18:24:55.649,2,0.6,1.6,0.92,228.56220000000002,209.7996,-35.5786,175,75
2026-05-07 18:24:55.673,2,1.2,0.86,1.11,196.18220000000002,70.9496,22.891399999999997,175,75
2026-05-07 18:24:55.689,2,1.57,0.5,0.72,150.5722,-145.2004,10.391399999999997,175,75
2026-05-07 18:24:55.700,2,1.18,0.43,0.17,146.55220000000003,-21.550399999999996,-33.0186,175,75
2026-05-07 18:24:55.725,2,1.11,0.82,0.0,166.06220000000002,131.9296,-46.9886,175,75
2026-05-07 18:24:55.736,2,1.15,0.89,0.19,185.6322,191.9296,-44.3586,175,75
2026-05-07 18:24:55.755,2,1.29,0.87,0.43,194.8422,163.5796,-45.7686,175,75
2026-05-07 18:24:55.758,2,1.18,0.88,0.5,188.62220000000002,124.8596,-45.8286,175,75
2026-05-07 18:24:55.775,2,1.23,0.95,0.46,168.68220000000002,126.7496,-42.89860000000001,175,75
2026-05-07 18:24:55.789,2,1.28,0.95,0.43,152.4622,107.1696,-37.348600000000005,175,75
2026-05-07 18:24:55.799,2,1.24,0.87,0.36,139.9022,92.7196,-35.8286,175,75
2026-05-07 18:24:55.813,2,1.28,0.76,0.26,135.6322,100.5296,-44.9086,175,75
2026-05-07 18:24:55.823,2,1.2,0.73,0.2,136.49220000000003,115.8896,-47.778600000000004,175,75
2026-05-07 18:24:55.838,2,1.14,0.77,0.22,141.98219999999998,118.5096,-53.138600000000004,175,75
2026-05-07 18:24:55.848,2,1.11,0.81,0.29,145.4522,93.3896,-57.168600000000005,175,75
2026-05-07 18:24:55.854,2,1.06,0.86,0.31,137.16219999999998,64.6096,-56.7986,175,75
2026-05-07 18:24:55.885,2,0.99,0.89,0.28,126.49220000000001,44.8596,-57.58860000000001,175,75
2026-05-07 18:24:55.885,2,0.96,0.91,0.23,118.8122,34.0596,-59.6086,175,75
2026-05-07 18:24:55.911,2,0.84,0.9,0.13,108.01219999999999,38.9996,-64.48859999999999,175,75
2026-05-07 18:24:55.923,2,0.78,0.91,0.08,106.7322,47.2296,-67.6586,175,75
2026-05-07 18:24:55.965,2,0.62,1.12,0.16,109.9622,108.5796,-74.6086,175,75
2026-05-07 18:24:55.979,2,0.69,1.09,0.3,105.0222,109.1896,-77.4086,175,75
2026-05-07 18:24:55.983,2,0.7,1.08,0.35,101.3722,102.3596,-75.8286,175,75
2026-05-07 18:24:55.998,2,0.52,1.16,0.33,94.4822,67.7796,-68.80860000000001,175,75
2026-05-07 18:24:56.009,2,0.43,1.25,0.33,89.5422,56.2596,-61.308600000000006,175,75
2026-05-07 18:24:56.042,2,0.32,1.3,0.37,74.5422,29.0596,-47.22860000000001,175,75
2026-05-07 18:24:56.052,2,0.33,1.27,0.43,68.3822,18.2696,-41.61860000000001,175,75
2026-05-07 18:24:56.066,2,0.33,1.26,0.43,64.3522,6.4396,-36.7986,175,75
2026-05-07 18:24:56.075,2,0.37,1.28,0.42,62.8922,-13.860399999999998,-34.2986,175,75
2026-05-07 18:24:56.099,2,0.28,1.32,0.34,53.9322,-4.660399999999999,-29.358600000000003,175,75
2026-05-07 18:24:56.110,2,0.24,1.33,0.3,49.8422,-0.8103999999999996,-27.288600000000002,175,75
2026-05-07 18:24:56.126,2,0.17,1.33,0.33,48.9922,25.0396,-22.0486,175,75
2026-05-07 18:24:56.137,2,0.18,1.32,0.39,51.4922,45.5296,-20.5186,175,75
2026-05-07 18:24:56.147,2,0.22,1.29,0.49,50.0922,53.3296,-21.068600000000004,175,75
2026-05-07 18:24:56.158,2,0.26,1.27,0.51,48.2622,48.9996,-19.1186,175,75
2026-05-07 18:24:56.167,2,0.25,1.27,0.5,47.4022,34.489599999999996,-16.7986,175,75
2026-05-07 18:24:56.183,2,0.23,1.29,0.46,47.2822,30.4096,-13.508600000000001,175,75
2026-05-07 18:24:56.192,2,0.23,1.31,0.41,47.2222,34.4296,-9.848600000000005,175,75
2026-05-07 18:24:56.206,2,0.23,1.33,0.38,46.3122,42.5396,-7.4086,175,75
2026-05-07 18:24:56.232,2,0.35,1.34,0.47,45.5722,36.6896,6.731399999999997,175,75
2026-05-07 18:24:56.239,2,0.37,1.37,0.51,38.8122,13.1496,11.061399999999997,175,75
2026-05-07 18:24:56.258,2,0.43,1.4,0.5,34.0522,-11.490400000000001,15.091399999999997,175,75
2026-05-07 18:24:56.281,2,0.43,1.47,0.43,26.9122,-61.6704,25.941399999999998,175,75
2026-05-07 18:24:56.293,2,0.46,1.5,0.35,19.8422,-79.9004,30.821399999999997,175,75
2026-05-07 18:24:56.311,2,0.54,1.57,0.25,10.5122,-105.3904,37.471399999999996,175,75
2026-05-07 18:24:56.322,2,0.58,1.59,0.22,5.392199999999999,-113.5004,43.9314,175,75
2026-05-07 18:24:56.342,2,0.66,1.58,0.2,-1.437800000000001,-116.4204,49.541399999999996,175,75
2026-05-07 18:24:56.342,2,0.75,1.55,0.17,-6.0078000000000005,-118.8604,56.4314,175,75
2026-05-07 18:24:56.365,2,0.2,1.64,-0.05,-30.6478,-124.72040000000001,66.25139999999999,175,75
2026-05-07 18:24:56.374,2,0.23,1.61,-0.05,-37.3478,-108.6804,69.3014,175,75
2026-05-07 18:24:56.393,2,-0.02,1.41,-0.14,-44.6078,-102.2804,37.1014,175,75
2026-05-07 18:24:56.406,2,-0.56,1.74,0.28,-59.9078,-86.3004,66.00139999999999,175,75
2026-05-07 18:24:56.421,2,1.59,1.38,-0.45,-52.9578,-14.470399999999998,26.371399999999998,175,75
2026-05-07 18:24:56.461,2,1.2,1.02,0.59,34.5422,460.2796,16.251399999999997,175,75
2026-05-07 18:24:56.472,2,0.9,1.06,1.46,20.1522,200.8896,-51.00860000000001,175,75
2026-05-07 18:24:56.521,2,1.09,1.18,0.56,-20.5878,-457.0904,99.66139999999999,175,75
2026-05-07 18:24:56.536,2,0.55,0.83,-0.2,-31.7378,-292.2804,-41.308600000000006,175,75
2026-05-07 18:24:56.546,2,0.31,1.18,-0.46,-17.5978,-99.1704,-1.558600000000002,175,75
2026-05-07 18:24:56.583,2,0.35,1.27,0.21,46.1822,316.3796,-14.418600000000005,175,75
2026-05-07 18:24:56.591,2,0.8,1.22,0.45,37.5222,352.4796,-31.858600000000003,175,75
2026-05-07 18:24:56.601,2,0.96,1.18,0.79,35.4522,245.9496,-57.58860000000001,175,75
2026-05-07 18:24:56.622,2,0.83,1.39,0.86,24.8422,144.3096,-18.878600000000006,175,75
2026-05-07 18:24:56.622,2,0.62,1.35,0.76,22.772199999999998,103.2696,-1.798600000000004,175,75
2026-05-07 18:24:56.632,2,0.63,1.21,0.75,16.9822,58.7596,1.1213999999999977,175,75
2026-05-07 18:24:56.654,2,0.55,1.06,0.85,9.292200000000001,24.4296,2.7713999999999963,175,75
2026-05-07 18:24:56.659,2,0.46,0.98,0.98,10.2122,26.6896,-4.298600000000004,175,75
2026-05-07 18:24:56.671,2,0.55,0.91,1.03,20.3322,28.8796,-13.808600000000006,175,75
2026-05-07 18:24:56.691,2,0.64,1.05,0.77,29.602199999999996,-35.0204,-6.248600000000003,175,75
2026-05-07 18:24:56.700,2,0.6,1.17,0.64,33.3222,-31.4904,-9.848600000000005,175,75
2026-05-07 18:24:56.712,2,0.81,1.2,0.57,39.8422,-6.790399999999998,-26.678600000000003,175,75
2026-05-07 18:24:56.724,2,0.81,1.18,0.46,49.1122,45.3396,-26.6186,175,75
2026-05-07 18:24:56.736,2,0.75,1.25,0.5,63.202200000000005,76.3796,-31.858600000000003,175,75
2026-05-07 18:24:56.746,2,0.77,1.25,0.59,77.4622,87.6596,-41.00860000000001,175,75
2026-05-07 18:24:56.762,2,0.88,1.25,0.62,76.6122,83.2096,-41.1286,175,75
2026-05-07 18:24:56.792,2,0.88,1.12,0.5,76.4322,92.3596,-49.78860000000001,175,75
2026-05-07 18:24:56.805,2,0.92,1.1,0.56,83.8122,69.1896,-49.4886,175,75
2026-05-07 18:24:56.823,2,0.9,1.19,0.51,78.8722,48.7596,-48.0186,175,75
2026-05-07 18:24:56.828,2,0.91,1.3,0.42,75.2722,36.0796,-45.1586,175,75
2026-05-07 18:24:56.851,2,0.9,1.41,0.29,75.5722,26.1396,-43.9386,175,75
2026-05-07 18:24:56.900,2,0.91,1.41,0.2,60.51219999999999,-5.020399999999999,-34.238600000000005,175,75
2026-05-07 18:24:56.909,2,0.88,1.35,0.21,54.7822,-18.5604,-32.7186,175,75
2026-05-07 18:24:56.921,2,0.84,1.31,0.2,48.2622,-34.5304,-30.888600000000004,175,75
2026-05-07 18:24:56.921,2,0.78,1.32,0.2,41.3122,-48.9904,-31.858600000000003,175,75
2026-05-07 18:24:56.929,2,0.73,1.33,0.18,37.6522,-53.5004,-31.6186,175,75
2026-05-07 18:24:56.941,2,0.66,1.3,0.14,31.852199999999996,-53.380399999999995,-32.8986,175,75
2026-05-07 18:24:56.976,2,0.58,1.25,0.08,26.242199999999997,-40.2004,-34.9086,175,75
2026-05-07 18:24:56.985,2,0.47,1.27,0.05,25.572200000000002,-8.1904,-37.7186,175,75
2026-05-07 18:24:57.006,2,0.42,1.3,0.06,27.6522,22.049599999999998,-38.808600000000006,175,75
2026-05-07 18:24:57.006,2,0.38,1.32,0.1,29.602199999999996,48.8196,-39.2386,175,75
2026-05-07 18:24:57.025,2,0.26,1.32,0.29,33.0722,98.0296,-37.348600000000005,175,75
2026-05-07 18:24:57.025,2,0.24,1.28,0.41,33.8722,112.1696,-34.848600000000005,175,75
2026-05-07 18:24:57.035,2,0.25,1.23,0.51,33.1322,115.2196,-30.3386,175,75
2026-05-07 18:24:57.049,2,0.27,1.19,0.54,33.7422,107.2296,-24.608600000000003,175,75
2026-05-07 18:24:57.062,2,0.26,1.14,0.58,34.602199999999996,103.2696,-18.998600000000003,175,75
2026-05-07 18:24:57.081,2,0.25,1.1,0.61,36.7922,103.8196,-17.0486,175,75
2026-05-07 18:24:57.081,2,0.24,1.06,0.65,37.6522,103.5796,-16.0086,175,75
2026-05-07 18:24:57.092,2,0.17,1.0,0.68,37.102199999999996,94.5496,-11.6186,175,75
2026-05-07 18:24:57.116,2,0.08,0.88,0.79,29.172199999999997,57.3596,-13.328600000000002,175,75
2026-05-07 18:24:57.131,2,0.12,0.85,0.86,21.432199999999998,39.0596,-13.2686,175,75
2026-05-07 18:24:57.139,2,0.16,0.86,0.86,15.452200000000001,11.989600000000001,-11.008600000000001,175,75
2026-05-07 18:24:57.147,2,0.14,0.87,0.81,13.382200000000001,-8.500399999999999,-7.5886,175,75
2026-05-07 18:24:57.173,2,0.07,0.94,0.72,11.6722,-14.590399999999999,-0.5186000000000028,175,75
2026-05-07 18:24:57.184,2,-0.02,1.04,0.63,10.272199999999998,-6.910399999999999,7.591399999999997,175,75
2026-05-07 18:24:57.213,2,0.1,1.32,0.68,-16.1878,-46.550399999999996,10.761399999999997,175,75
2026-05-07 18:24:57.233,2,-0.66,1.47,0.54,-26.067800000000002,-64.9004,-7.468600000000002,175,75
2026-05-07 18:24:57.273,2,1.01,0.87,-0.46,-58.6278,-137.4004,-36.558600000000006,175,75
2026-05-07 18:24:57.308,2,0.73,2.24,0.55,66.1822,142.8396,-30.698600000000006,175,75
2026-05-07 18:24:57.318,2,0.55,1.97,0.68,67.4022,160.4096,-4.058600000000002,175,75
2026-05-07 18:24:57.326,2,0.82,1.57,0.68,64.9022,134.6096,14.481399999999997,175,75
2026-05-07 18:24:57.337,2,0.84,1.28,0.38,41.7922,59.2496,29.911399999999997,175,75
2026-05-07 18:24:57.351,2,1.0,1.52,0.36,33.9922,3.3895999999999997,36.0014,175,75
2026-05-07 18:24:57.361,2,1.14,1.69,0.48,33.5622,-37.4004,35.9414,175,75
2026-05-07 18:24:57.372,2,1.31,1.77,0.67,29.0522,-82.5204,37.1014,175,75
2026-05-07 18:24:57.381,2,1.38,1.81,0.79,18.0722,-118.62039999999999,44.111399999999996,175,75
2026-05-07 18:24:57.411,2,1.37,1.64,0.7,-4.667800000000001,-168.2504,54.7814,175,75
2026-05-07 18:24:57.419,2,1.33,1.51,0.47,-4.2978000000000005,-152.5204,45.2114,175,75
2026-05-07 18:24:57.419,2,1.23,1.49,0.22,0.392199999999999,-123.38040000000001,33.011399999999995,175,75
2026-05-07 18:24:57.431,2,1.17,1.51,0.06,3.812199999999999,-89.0504,20.7614,175,75
2026-05-07 18:24:57.451,2,0.74,1.63,-0.22,11.3122,-66.8504,33.3214,175,75
2026-05-07 18:24:57.471,2,0.61,1.41,-0.0,-17.7778,24.0596,20.941399999999998,175,75
2026-05-07 18:24:57.482,2,0.69,1.36,0.17,-37.4778,110.7696,19.911399999999997,175,75
2026-05-07 18:24:57.494,2,1.12,1.32,0.39,-41.2578,129.5496,2.281399999999998,175,75
2026-05-07 18:24:57.521,2,0.97,1.36,0.72,-44.4278,42.9096,0.2113999999999976,175,75
2026-05-07 18:24:57.535,2,0.96,1.33,0.66,-43.6878,61.9896,-5.828600000000002,175,75
2026-05-07 18:24:57.569,2,0.6,1.42,0.82,-16.9878,6.3196,-12.8386,175,75
2026-05-07 18:24:57.580,2,0.59,1.4,0.94,-21.187800000000003,-3.0703999999999994,-15.7686,175,75
2026-05-07 18:24:57.580,2,0.64,1.33,1.0,-28.3278,-14.590399999999999,-15.638600000000004,175,75
2026-05-07 18:24:57.591,2,0.71,1.28,1.03,-33.5078,-38.3104,-13.0186,175,75
2026-05-07 18:24:57.604,2,0.71,1.23,0.98,-31.3778,-66.4904,-7.898600000000002,175,75
2026-05-07 18:24:57.624,2,0.45,1.27,0.7,-12.9578,-50.2704,-18.628600000000006,175,75
2026-05-07 18:24:57.658,2,0.37,1.32,0.63,-5.8878,-6.790399999999998,-24.668600000000005,175,75
2026-05-07 18:24:57.658,2,0.32,1.35,0.68,1.7321999999999989,12.4796,-26.498600000000003,175,75
2026-05-07 18:24:57.675,2,0.35,1.34,0.77,3.5022,34.5496,-30.1586,175,75
2026-05-07 18:24:57.722,2,0.29,1.34,0.88,13.0122,53.6396,-33.0186,175,75
2026-05-07 18:24:57.753,2,0.24,1.45,0.85,23.6822,43.0296,-25.0886,175,75
2026-05-07 18:24:57.766,2,0.31,1.46,0.84,26.672199999999997,39.1896,-18.808600000000006,175,75
2026-05-07 18:24:57.777,2,0.33,1.41,0.86,25.572200000000002,34.119600000000005,-15.888600000000004,175,75
2026-05-07 18:24:57.788,2,0.34,1.36,0.85,26.312199999999997,34.5496,-13.198600000000006,175,75
2026-05-07 18:24:57.801,2,0.28,1.39,0.83,31.7922,36.4996,-10.3386,175,75
2026-05-07 18:24:57.811,2,0.25,1.42,0.83,35.5122,35.099599999999995,-8.688600000000001,175,75
2026-05-07 18:24:57.830,2,0.29,1.41,0.87,34.9022,24.8596,-6.128600000000002,175,75
2026-05-07 18:24:57.841,2,0.36,1.38,0.87,31.7322,4.799600000000001,1.6713999999999984,175,75
2026-05-07 18:24:57.861,2,0.44,1.34,0.85,31.062199999999997,-15.5104,5.211399999999998,175,75
2026-05-07 18:24:57.872,2,0.45,1.32,0.69,31.852199999999996,-21.4904,8.081399999999999,175,75
2026-05-07 18:24:57.882,2,0.43,1.37,0.64,34.4822,-7.090399999999999,7.221399999999996,175,75
2026-05-07 18:24:57.889,2,0.48,1.39,0.65,40.0222,-0.39039999999999964,10.451399999999998,175,75
2026-05-07 18:24:57.905,2,0.46,1.36,0.71,41.4922,-13.0104,13.561399999999997,175,75
2026-05-07 18:24:57.916,2,0.51,1.33,0.76,38.5622,-32.8904,14.171399999999997,175,75
2026-05-07 18:24:57.931,2,0.54,1.33,0.78,33.2022,-71.6104,14.111399999999998,175,75
2026-05-07 18:24:57.943,2,0.61,1.33,0.75,27.772199999999998,-109.0504,16.0614,175,75
2026-05-07 18:24:57.953,2,0.64,1.36,0.66,23.072200000000002,-131.6704,21.001399999999997,175,75
2026-05-07 18:24:57.962,2,0.61,1.41,0.52,19.0522,-139.1104,24.111399999999996,175,75
2026-05-07 18:24:57.980,2,0.6,1.45,0.32,13.8122,-120.88040000000001,31.0614,175,75
2026-05-07 18:24:57.980,2,0.53,1.48,0.16,9.542200000000001,-99.6604,38.621399999999994,175,75
2026-05-07 18:24:57.988,2,0.51,1.48,0.08,3.382199999999999,-82.1604,44.6614,175,75
2026-05-07 18:24:57.999,2,0.52,1.46,0.08,-6.9278,-67.0304,48.4414,175,75
2026-05-07 18:24:58.016,2,0.41,1.19,0.44,-29.2378,-70.0204,35.761399999999995,175,75
2026-05-07 18:24:58.028,2,-0.28,1.25,0.38,-34.547799999999995,-86.6104,31.6714,175,75
2026-05-07 18:24:58.040,2,1.95,1.1,0.61,-77.9578,-205.4504,62.5314,175,75
2026-05-07 18:24:58.063,2,1.03,1.18,-0.81,-39.2378,-145.8804,10.091399999999997,175,75
2026-05-07 18:24:58.075,2,-0.06,1.98,-0.35,12.952200000000001,-68.6204,-5.088600000000003,175,75
2026-05-07 18:24:58.087,2,0.14,2.27,-0.72,40.4522,199.0596,19.601399999999998,175,75
2026-05-07 18:24:58.100,2,0.58,1.86,-0.31,61.792199999999994,388.4496,23.141399999999997,175,75
2026-05-07 18:24:58.119,2,1.81,0.89,1.01,31.672199999999997,264.2496,-68.93860000000001,175,75
2026-05-07 18:24:58.134,2,1.26,0.67,1.27,0.21219999999999928,140.1596,-33.0186,175,75
2026-05-07 18:24:58.137,2,1.17,0.69,1.27,-36.927800000000005,-34.5904,-6.248600000000003,175,75
2026-05-07 18:24:58.149,2,1.09,1.15,0.94,-55.3378,-187.8904,35.581399999999995,175,75
2026-05-07 18:24:58.184,2,0.16,1.48,-0.23,-42.4778,-212.4604,-2.1686000000000014,175,75
2026-05-07 18:24:58.204,2,0.01,1.41,-0.48,-26.067800000000002,-78.3104,15.701399999999998,175,75
2026-05-07 18:24:58.219,2,0.36,1.1,-0.37,5.5122,170.0396,-10.028600000000004,175,75
2026-05-07 18:24:58.231,2,0.24,1.31,-0.12,10.9422,273.3896,-8.078600000000002,175,75
2026-05-07 18:24:58.246,2,0.45,1.4,0.14,17.2822,319.4896,-12.288600000000002,175,75
2026-05-07 18:24:58.259,2,0.53,1.3,0.66,32.8922,215.7096,-39.2386,175,75
2026-05-07 18:24:58.259,2,0.49,1.24,0.78,30.272199999999998,160.0396,-26.308600000000006,175,75
2026-05-07 18:24:58.285,2,0.44,1.26,0.82,18.932199999999998,87.5996,-16.558600000000006,175,75
2026-05-07 18:24:58.296,2,0.58,1.32,0.78,10.702200000000001,2.1096000000000004,0.701399999999996,175,75
2026-05-07 18:24:58.296,2,0.65,1.32,0.79,5.5122,-62.6404,14.231399999999997,175,75
2026-05-07 18:24:58.307,2,0.71,1.26,0.73,-3.4478,-130.9404,29.361399999999996,175,75
2026-05-07 18:24:58.340,2,0.39,1.11,0.12,-5.9478,-31.0004,-18.0186,175,75
2026-05-07 18:24:58.352,2,0.56,1.33,0.24,45.0222,75.64959999999999,-24.418600000000005,175,75
2026-05-07 18:24:58.363,2,0.63,1.28,0.52,54.232200000000006,71.7496,-27.108600000000003,175,75
2026-05-07 18:24:58.375,2,0.62,1.22,0.66,42.6522,60.4696,-25.028600000000004,175,75
2026-05-07 18:24:58.386,2,0.61,1.23,0.61,24.5422,29.119600000000002,-17.8386,175,75
2026-05-07 18:24:58.401,2,0.55,1.3,0.53,26.9822,2.7196,-15.0886,175,75
2026-05-07 18:24:58.414,2,0.54,1.32,0.5,35.6322,-1.7904,-16.678600000000003,175,75
2026-05-07 18:24:58.424,2,0.6,1.29,0.49,33.3222,-6.1204,-18.3286,175,75
2026-05-07 18:24:58.437,2,0.61,1.28,0.44,27.5922,-16.1804,-17.348600000000005,175,75
2026-05-07 18:24:58.449,2,0.59,1.28,0.37,25.5122,-19.6604,-17.778600000000004,175,75
2026-05-07 18:24:58.480,2,0.55,1.31,0.3,31.5522,-7.2804,-19.178600000000003,175,75
2026-05-07 18:24:58.490,2,0.58,1.31,0.36,32.5222,-6.000399999999999,-20.888600000000004,175,75
2026-05-07 18:24:58.490,2,0.59,1.32,0.39,30.1522,-7.520399999999999,-20.5186,175,75
2026-05-07 18:24:58.515,2,0.58,1.35,0.32,20.8822,-19.8404,-18.808600000000006,175,75
2026-05-07 18:24:58.515,2,0.55,1.36,0.29,18.7422,-19.290399999999998,-17.6586,175,75
2026-05-07 18:24:58.526,2,0.59,1.36,0.3,19.2922,-18.3104,-18.9386,175,75
2026-05-07 18:24:58.555,2,0.62,1.4,0.28,11.3722,-28.9904,-13.198600000000006,175,75
2026-05-07 18:24:58.578,2,0.59,1.45,0.26,10.1522,-33.6804,-11.678600000000003,175,75
2026-05-07 18:24:58.603,2,0.66,1.47,0.23,3.7422000000000004,-20.8804,-6.008600000000001,175,75
2026-05-07 18:24:58.622,2,0.67,1.46,0.3,4.292199999999999,-19.1104,-1.0686000000000035,175,75
2026-05-07 18:24:58.632,2,0.66,1.46,0.34,4.1122,-25.020400000000002,1.5513999999999974,175,75
2026-05-07 18:24:58.653,2,0.64,1.48,0.35,3.9922000000000004,-28.7404,3.561399999999999,175,75
2026-05-07 18:24:58.665,2,0.6,1.5,0.33,4.7822,-25.1404,6.061399999999999,175,75
2026-05-07 18:24:58.675,2,0.61,1.5,0.29,5.152200000000001,-18.5004,5.391399999999997,175,75
2026-05-07 18:24:58.686,2,0.61,1.5,0.26,6.312200000000001,-6.6103999999999985,6.671399999999998,175,75
2026-05-07 18:24:58.698,2,0.63,1.53,0.26,10.452200000000001,4.1896,5.821399999999997,175,75
2026-05-07 18:24:58.711,2,0.66,1.53,0.33,13.932199999999998,10.7696,4.421399999999998,175,75
2026-05-07 18:24:58.711,2,0.65,1.5,0.37,15.022199999999998,13.7596,3.6213999999999977,175,75
2026-05-07 18:24:58.722,2,0.61,1.48,0.4,16.0622,11.749600000000001,2.041399999999996,175,75
2026-05-07 18:24:58.735,2,0.56,1.44,0.44,16.8522,10.0396,1.191399999999998,175,75
2026-05-07 18:24:58.757,2,0.45,1.41,0.42,16.6722,9.3696,3.561399999999999,175,75
2026-05-07 18:24:58.770,2,0.36,1.25,0.46,14.542200000000001,26.8096,2.101399999999998,175,75
2026-05-07 18:24:58.788,2,0.38,1.15,0.46,15.882200000000001,41.4996,-1.2486000000000033,175,75
2026-05-07 18:24:58.797,2,0.4,1.09,0.49,18.9922,47.5396,-2.718600000000002,175,75
2026-05-07 18:24:58.808,2,0.38,1.02,0.54,22.8322,49.5496,-5.768600000000003,175,75
2026-05-07 18:24:58.815,2,0.41,0.93,0.68,17.1622,39.5496,-11.188600000000001,175,75
2026-05-07 18:24:58.824,2,0.3,0.88,0.78,-0.09779999999999944,20.4096,-13.078600000000002,175,75
2026-05-07 18:24:58.853,2,0.06,0.88,0.82,-25.1578,-22.0304,-19.5486,175,75
2026-05-07 18:24:58.860,2,0.19,0.87,0.74,-38.9978,-98.3804,-1.6186000000000043,175,75
2026-05-07 18:24:58.881,2,-1.68,1.16,0.52,-21.1278,-65.8104,-50.948600000000006,175,75
2026-05-07 18:24:58.881,2,0.89,0.94,0.7,-48.2678,106.9896,21.191399999999998,175,75
2026-05-07 18:24:58.905,2,-0.16,1.06,-0.62,10.272199999999998,39.979600000000005,-79.6686,175,75
2026-05-07 18:24:58.914,2,-0.99,1.41,0.3,65.3922,270.2796,-67.71860000000001,175,75
2026-05-07 18:24:58.925,2,-0.35,1.83,0.18,88.2022,493.9996,-36.308600000000006,175,75
2026-05-07 18:24:58.936,2,1.91,2.01,0.78,100.2722,367.7796,-128.1986,175,75
2026-05-07 18:24:58.973,2,0.69,1.93,1.22,30.9422,-74.2904,10.511399999999997,175,75
2026-05-07 18:24:58.983,2,0.6,2.02,0.99,37.4022,-212.0904,47.221399999999996,175,75
2026-05-07 18:24:58.989,2,0.64,1.99,0.71,47.1622,-320.5104,81.6114,175,75
2026-05-07 18:24:59.002,2,0.72,1.86,0.39,41.4922,-388.0104,86.25139999999999,175,75
2026-05-07 18:24:59.013,2,0.56,1.56,-0.01,25.7622,-288.2504,-11.068600000000004,175,75
2026-05-07 18:24:59.036,2,0.22,1.88,-0.25,26.4322,-109.8404,29.971399999999996,175,75
2026-05-07 18:24:59.047,2,0.51,1.59,-0.07,42.9522,139.7296,53.9914,175,75
2026-05-07 18:24:59.058,2,1.16,1.37,0.28,32.3422,147.4196,30.3314,175,75
2026-05-07 18:24:59.077,2,1.0,1.25,0.71,17.4022,31.9896,19.841399999999997,175,75
2026-05-07 18:24:59.088,2,1.04,1.29,0.7,-30.3978,-119.41040000000001,38.6914,175,75
2026-05-07 18:24:59.115,2,0.76,1.58,0.03,-41.4978,-68.8604,10.511399999999997,175,75
2026-05-07 18:24:59.125,2,0.75,1.6,-0.08,-25.5178,-5.3904,3.9313999999999965,175,75
2026-05-07 18:24:59.137,2,0.68,1.53,0.07,-7.6578,93.0296,3.561399999999999,175,75
2026-05-07 18:24:59.160,2,0.82,1.35,0.35,0.392199999999999,172.3596,-7.718600000000002,175,75
2026-05-07 18:24:59.166,2,0.86,1.3,0.42,0.8222000000000005,171.5596,-10.888600000000004,175,75
2026-05-07 18:24:59.178,2,0.66,1.37,0.52,10.882200000000001,179.3696,-11.6186,175,75
2026-05-07 18:24:59.191,2,0.7,1.4,0.59,16.9122,175.5296,-15.1586,175,75
2026-05-07 18:24:59.195,2,0.72,1.42,0.7,14.232199999999999,159.9796,-15.1586,175,75
2026-05-07 18:24:59.213,2,0.69,1.43,0.78,8.5622,146.4996,-14.7286,175,75
2026-05-07 18:24:59.226,2,0.63,1.43,0.89,0.022199999999999775,98.6396,-12.6586,175,75
2026-05-07 18:24:59.238,2,0.66,1.31,0.96,-6.1878,52.5396,-9.968600000000002,175,75
2026-05-07 18:24:59.248,2,0.77,1.18,0.98,-10.8878,10.829600000000001,-14.1186,175,75
2026-05-07 18:24:59.260,2,0.66,1.18,0.83,-9.2978,0.2195999999999998,-8.568600000000004,175,75
2026-05-07 18:24:59.281,2,0.48,1.34,0.58,12.6522,37.229600000000005,-17.468600000000002,175,75
2026-05-07 18:24:59.291,2,0.51,1.43,0.59,18.5622,53.5796,-18.448600000000006,175,75
2026-05-07 18:24:59.307,2,0.52,1.48,0.67,21.2422,69.9196,-20.0886,175,75
2026-05-07 18:24:59.318,2,0.56,1.48,0.72,23.2622,77.3596,-20.0886,175,75
2026-05-07 18:24:59.343,2,0.51,1.44,0.79,21.8522,71.2596,-16.6186,175,75
2026-05-07 18:24:59.349,2,0.48,1.43,0.82,20.9422,59.6696,-16.128600000000006,175,75
2026-05-07 18:24:59.363,2,0.47,1.4,0.87,18.5022,47.0496,-15.1586,175,75
2026-05-07 18:24:59.373,2,0.43,1.39,0.9,15.5122,28.8196,-10.828600000000002,175,75
2026-05-07 18:24:59.379,2,0.4,1.39,0.91,15.5122,-0.33039999999999914,-7.2286,175,75
2026-05-07 18:24:59.391,2,0.42,1.38,0.9,16.7322,-27.0304,-3.808600000000002,175,75
2026-05-07 18:24:59.401,2,0.43,1.37,0.87,17.3422,-43.0704,-0.2786000000000044,175,75
2026-05-07 18:24:59.409,2,0.4,1.37,0.8,16.1222,-51.6704,1.2513999999999967,175,75
2026-05-07 18:24:59.429,2,0.36,1.43,0.67,16.6122,-44.4104,0.2113999999999976,175,75
2026-05-07 18:24:59.429,2,0.32,1.49,0.61,19.7822,-27.520400000000002,0.031399999999997874,175,75
2026-05-07 18:24:59.451,2,0.34,1.5,0.61,24.0522,-0.5703999999999994,0.5113999999999983,175,75
2026-05-07 18:24:59.458,2,0.36,1.46,0.66,24.7222,11.8096,2.2213999999999956,175,75
2026-05-07 18:24:59.470,2,0.41,1.39,0.76,23.8722,13.329600000000001,2.2213999999999956,175,75
2026-05-07 18:24:59.484,2,0.43,1.38,0.81,22.8322,4.549600000000001,4.971399999999996,175,75
2026-05-07 18:24:59.498,2,0.44,1.37,0.83,20.8822,-18.3104,7.221399999999996,175,75
2026-05-07 18:24:59.509,2,0.44,1.37,0.81,17.522199999999998,-37.1604,8.931399999999996,175,75
2026-05-07 18:24:59.509,2,0.41,1.36,0.77,16.0622,-42.8904,9.421399999999997,175,75
2026-05-07 18:24:59.532,2,0.41,1.39,0.7,15.632200000000001,-41.2404,8.691399999999998,175,75
2026-05-07 18:24:59.532,2,0.41,1.46,0.61,17.522199999999998,-31.120399999999997,8.011399999999998,175,75
2026-05-07 18:24:59.545,2,0.42,1.49,0.58,21.6122,-11.000399999999999,6.611399999999996,175,75
2026-05-07 18:24:59.561,2,0.43,1.47,0.59,23.812199999999997,7.9096,5.211399999999998,175,75
2026-05-07 18:24:59.572,2,0.44,1.44,0.67,23.8722,18.7596,5.271399999999996,175,75
2026-05-07 18:24:59.596,2,0.45,1.48,0.7,21.1222,8.6996,11.551399999999997,175,75
2026-05-07 18:24:59.608,2,0.45,1.55,0.71,16.2422,-8.310400000000001,13.561399999999997,175,75
2026-05-07 18:24:59.618,2,0.56,1.54,0.72,9.1722,-21.790399999999998,17.8314,175,75
2026-05-07 18:24:59.632,2,0.6,1.47,0.68,4.722199999999999,-29.5304,19.111399999999996,175,75
2026-05-07 18:24:59.639,2,0.61,1.43,0.62,2.2821999999999996,-30.020400000000002,17.471399999999996,175,75
2026-05-07 18:24:59.649,2,0.58,1.43,0.55,2.3422,-17.4604,17.711399999999998,175,75
2026-05-07 18:24:59.662,2,0.53,1.47,0.5,4.232199999999999,-2.2804,17.281399999999998,175,75
2026-05-07 18:24:59.673,2,0.57,1.45,0.52,3.7422000000000004,12.0496,16.551399999999997,175,75
2026-05-07 18:24:59.679,2,0.57,1.45,0.52,0.21219999999999928,24.4296,19.911399999999997,175,75
2026-05-07 18:24:59.693,2,0.6,1.47,0.54,-3.6878,26.4396,24.661399999999997,175,75
2026-05-07 18:24:59.702,2,0.68,1.49,0.59,-6.4978,30.8296,31.4914,175,75
2026-05-07 18:24:59.727,2,0.81,1.48,0.55,-10.2178,21.8096,35.151399999999995,175,75
2026-05-07 18:24:59.727,2,0.83,1.47,0.45,-17.7178,7.049600000000001,42.041399999999996,175,75
2026-05-07 18:24:59.739,2,0.62,1.56,0.36,-26.3778,-2.7704000000000004,44.9114,175,75
2026-05-07 18:24:59.739,2,0.59,1.61,0.32,-31.6178,6.4996,48.3814,175,75
2026-05-07 18:24:59.752,2,0.65,1.55,0.42,-37.2278,10.2196,40.8214,175,75
2026-05-07 18:24:59.773,2,0.18,1.45,0.38,-43.8778,-10.5704,30.271399999999996,175,75
2026-05-07 18:24:59.783,2,1.74,1.75,0.42,-97.2278,3.6395999999999997,86.98140000000001,175,75
2026-05-07 18:24:59.800,2,1.6,0.57,0.63,-84.0578,77.1096,-16.7986,175,75
2026-05-07 18:24:59.811,2,0.78,1.48,-0.55,-15.1578,66.5596,6.251399999999997,175,75
2026-05-07 18:24:59.822,2,0.17,1.63,0.34,32.4622,202.2996,18.321399999999997,175,75
2026-05-07 18:24:59.832,2,0.55,1.57,0.37,30.9422,362.6596,27.651399999999995,175,75
2026-05-07 18:24:59.843,2,1.64,1.47,1.0,18.5022,275.7696,-14.058600000000006,175,75
2026-05-07 18:24:59.854,2,0.97,1.25,1.58,-21.187800000000003,137.0496,-22.288600000000002,175,75
2026-05-07 18:24:59.854,2,1.28,1.05,1.74,-58.2078,-16.0604,-9.488600000000005,175,75
2026-05-07 18:24:59.868,2,1.17,0.98,1.75,-75.8878,-197.0304,16.731399999999997,175,75
2026-05-07 18:24:59.879,2,1.04,1.02,1.43,-64.9778,-324.7204,40.9414,175,75
2026-05-07 18:24:59.902,2,0.7,1.04,0.59,-68.3878,-354.4704,24.111399999999996,175,75
2026-05-07 18:24:59.912,2,0.15,1.27,0.02,-69.2378,-182.8904,-9.488600000000005,175,75
2026-05-07 18:24:59.923,2,-0.01,1.34,-0.02,-46.1878,-15.200399999999998,-0.21860000000000213,175,75
2026-05-07 18:24:59.936,2,0.0,1.2,0.22,-23.1478,200.6496,5.511399999999998,175,75
2026-05-07 18:24:59.951,2,0.33,1.13,0.51,-11.3778,303.9396,-4.238600000000002,175,75
2026-05-07 18:24:59.962,2,0.62,1.15,0.99,9.482199999999999,265.2196,-48.198600000000006,175,75
2026-05-07 18:24:59.984,2,0.83,1.35,1.3,9.9022,152.0496,-22.5886,175,75
2026-05-07 18:24:59.995,2,0.8,1.44,1.29,5.5122,90.4096,-6.0686000000000035,175,75
2026-05-07 18:25:00.004,2,0.8,1.44,1.17,14.112200000000001,20.0396,13.081399999999997,175,75
2026-05-07 18:25:00.020,2,0.72,1.36,1.07,23.812199999999997,-21.4904,26.6714,175,75
2026-05-07 18:25:00.020,2,0.68,1.29,1.0,30.3322,-25.7504,24.4214,175,75
2026-05-07 18:25:00.034,2,0.7,1.23,0.94,32.5222,-23.3804,19.911399999999997,175,75
2026-05-07 18:25:00.053,2,0.71,1.19,0.87,32.8922,-5.450399999999998,19.051399999999997,175,75
2026-05-07 18:25:00.064,2,0.61,1.18,0.76,33.5022,1.9296000000000006,15.031399999999998,175,75
2026-05-07 18:25:00.064,2,0.65,1.14,0.77,34.2922,4.4896,5.941399999999998,175,75
2026-05-07 18:25:00.078,2,0.7,1.14,0.79,35.1522,20.7696,-0.8886000000000038,175,75
2026-05-07 18:25:00.089,2,0.77,1.18,0.79,36.3122,40.2796,-8.748600000000003,175,75
2026-05-07 18:25:00.102,2,0.86,1.17,0.74,40.5122,68.9996,-16.0086,175,75
2026-05-07 18:25:00.121,2,0.79,1.27,0.77,59.7222,92.8396,-12.468600000000002,175,75
2026-05-07 18:25:00.132,2,0.86,1.21,0.92,70.8222,95.2796,-21.498600000000003,175,75
2026-05-07 18:25:00.143,2,0.94,1.15,0.99,65.4522,69.1896,-20.028600000000004,175,75
2026-05-07 18:25:00.143,2,0.92,1.1,0.98,59.232200000000006,43.9996,-21.0086,175,75
2026-05-07 18:25:00.180,2,0.77,1.15,0.84,60.0222,24.979599999999998,-25.5186,175,75
2026-05-07 18:25:00.194,2,0.77,1.22,0.81,58.3822,19.919600000000003,-25.698600000000006,175,75
2026-05-07 18:25:00.219,2,0.83,1.27,0.81,55.51219999999999,18.0896,-26.498600000000003,175,75
2026-05-07 18:25:00.231,2,0.88,1.34,0.8,61.5522,19.0596,-25.7686,175,75
2026-05-07 18:25:00.241,2,0.92,1.36,0.81,57.7722,-8.4404,-22.2286,175,75
2026-05-07 18:25:00.261,2,0.92,1.34,0.75,53.3222,-21.910400000000003,-19.488600000000005,175,75
2026-05-07 18:25:00.264,2,0.91,1.33,0.72,51.0022,-38.7404,-17.958600000000004,175,75
2026-05-07 18:25:00.287,2,0.9,1.35,0.71,49.5422,-48.800399999999996,-17.468600000000002,175,75
2026-05-07 18:25:00.297,2,0.88,1.42,0.68,49.2922,-56.550399999999996,-17.0486,175,75
2026-05-07 18:25:00.306,2,0.89,1.48,0.67,48.8722,-70.6304,-16.918600000000005,175,75
2026-05-07 18:25:00.318,2,0.88,1.48,0.64,45.9422,-83.3804,-16.988600000000005,175,75
2026-05-07 18:25:00.333,2,0.87,1.42,0.54,41.5522,-87.6404,-19.1186,175,75
2026-05-07 18:25:00.345,2,0.83,1.41,0.41,37.8922,-79.9004,-22.778600000000004,175,75
2026-05-07 18:25:00.356,2,0.76,1.43,0.34,37.2222,-61.790400000000005,-24.968600000000002,175,75
2026-05-07 18:25:00.366,2,0.64,1.46,0.35,35.0222,-13.6204,-24.5486,175,75
2026-05-07 18:25:00.392,2,0.58,1.45,0.45,32.102199999999996,-0.020400000000000418,-21.988600000000005,175,75
2026-05-07 18:25:00.403,2,0.52,1.43,0.54,29.782200000000003,3.3895999999999997,-18.568600000000004,175,75
2026-05-07 18:25:00.404,2,0.48,1.42,0.55,27.522199999999998,-1.670399999999999,-13.688600000000001,175,75
2026-05-07 18:25:00.422,2,0.44,1.4,0.54,24.7222,-11.1204,-10.698600000000006,175,75
2026-05-07 18:25:00.430,2,0.41,1.37,0.51,23.6822,-11.8504,-9.788600000000002,175,75
2026-05-07 18:25:00.437,2,0.37,1.35,0.48,23.4422,-3.1904000000000003,-8.138600000000004,175,75
2026-05-07 18:25:00.441,2,0.31,1.34,0.46,24.2922,11.6196,-5.158600000000003,175,75
2026-05-07 18:25:00.472,2,0.26,1.28,0.51,26.7922,51.3196,1.8013999999999974,175,75
2026-05-07 18:25:00.504,2,0.25,1.01,0.81,26.852199999999996,56.0796,4.841399999999997,175,75
2026-05-07 18:25:00.527,2,0.27,0.89,0.91,16.3122,-25.270400000000002,6.8013999999999974,175,75
2026-05-07 18:25:00.527,2,0.17,0.92,0.87,10.882200000000001,-66.4204,9.231399999999997,175,75
2026-05-07 18:25:00.551,2,0.03,0.96,0.84,6.8522,-96.4204,5.031399999999998,175,75
2026-05-07 18:25:00.564,2,-0.06,0.89,0.83,6.912199999999999,-88.1904,-11.678600000000003,175,75
2026-05-07 18:25:00.564,2,-1.13,1.07,0.63,8.8722,-70.1404,-22.348600000000005,175,75
2026-05-07 18:25:00.579,2,2.47,0.87,0.63,-41.317800000000005,-9.0504,25.091399999999997,175,75
2026-05-07 18:25:00.601,2,0.94,0.17,0.71,-41.0078,-83.8604,-55.028600000000004,175,75
2026-05-07 18:25:00.613,2,-0.71,1.05,0.5,70.6322,177.5996,-50.698600000000006,175,75
2026-05-07 18:25:00.635,2,-0.05,1.26,0.45,67.1622,303.2096,-45.5186,175,75
2026-05-07 18:25:00.651,2,0.03,1.69,1.28,37.9522,163.5096,-73.3886,175,75
2026-05-07 18:25:00.675,2,0.59,1.75,0.99,-1.187800000000001,-113.0104,7.711399999999998,175,75
2026-05-07 18:25:00.687,2,0.58,1.67,0.68,-3.8178,-181.0004,10.941399999999998,175,75
2026-05-07 18:25:00.696,2,0.46,1.76,0.14,6.6722,-99.5904,-39.668600000000005,175,75
2026-05-07 18:25:00.727,2,0.67,2.07,0.32,56.0022,218.0896,24.661399999999997,175,75
2026-05-07 18:25:00.758,2,1.28,1.99,0.63,38.6222,242.7796,21.731399999999997,175,75
2026-05-07 18:25:00.758,2,1.03,1.85,1.05,25.3322,117.4196,24.481399999999997,175,75
2026-05-07 18:25:00.770,2,1.18,1.75,1.22,16.9122,3.6395999999999997,32.5314,175,75
2026-05-07 18:25:00.782,2,1.22,1.65,1.21,4.232199999999999,-142.6404,49.9114,175,75
2026-05-07 18:25:00.782,2,1.21,1.66,0.96,-6.0078000000000005,-254.72039999999998,61.3114,175,75
2026-05-07 18:25:00.802,2,1.27,1.57,0.52,-12.7178,-279.1704,33.3814,175,75
2026-05-07 18:25:00.802,2,1.2,1.57,0.14,-15.0378,-222.5204,6.671399999999998,175,75
2026-05-07 18:25:00.832,2,0.87,1.64,-0.15,12.522199999999998,-53.380399999999995,-9.968600000000002,175,75
2026-05-07 18:25:00.842,2,0.73,1.59,-0.1,6.732199999999999,37.2996,-16.308600000000006,175,75
2026-05-07 18:25:00.854,2,0.48,1.67,-0.04,-2.2878000000000007,119.6096,-14.668600000000005,175,75
2026-05-07 18:25:00.862,2,0.36,1.75,0.12,-0.39780000000000015,186.8696,-5.888600000000004,175,75
2026-05-07 18:25:00.873,2,0.47,1.73,0.33,1.062199999999999,217.1096,-0.8286000000000016,175,75
2026-05-07 18:25:00.884,2,0.93,1.64,0.6,-3.9378,197.6596,-13.0186,175,75
2026-05-07 18:25:00.895,2,0.75,1.53,0.85,-24.2378,108.0296,-8.808600000000006,175,75
2026-05-07 18:25:00.905,2,0.78,1.48,0.86,-38.5078,47.3596,-4.488600000000002,175,75
2026-05-07 18:25:00.917,2,0.8,1.46,0.7,-42.2278,19.8596,-8.138600000000004,175,75
2026-05-07 18:25:00.933,2,0.47,1.56,0.37,-32.1078,46.2596,-12.348600000000005,175,75
2026-05-07 18:25:00.945,2,0.44,1.6,0.4,-30.5178,76.4996,-7.778600000000004,175,75
2026-05-07 18:25:00.956,2,0.46,1.62,0.48,-36.9878,93.2696,-3.5686000000000035,175,75
2026-05-07 18:25:00.969,2,0.43,1.6,0.55,-46.0078,78.0896,-3.808600000000002,175,75
2026-05-07 18:25:00.979,2,0.45,1.54,0.62,-54.4278,64.5496,-5.638600000000004,175,75
2026-05-07 18:25:00.993,2,0.44,1.45,0.67,-67.8378,55.5296,-7.0486,175,75
2026-05-07 18:25:01.005,2,0.41,1.41,0.63,-75.7078,54.7996,-10.828600000000002,175,75
2026-05-07 18:25:01.016,2,0.38,1.34,0.58,-83.0878,56.3196,-16.738600000000005,175,75
2026-05-07 18:25:01.026,2,0.29,1.3,0.54,-89.1778,66.0096,-22.528600000000004,175,75
2026-05-07 18:25:01.036,2,0.17,1.34,0.5,-90.2178,79.8596,-23.388600000000004,175,75
2026-05-07 18:25:01.051,2,0.08,1.42,0.53,-90.7078,104.0596,-22.898600000000002,175,75
2026-05-07 18:25:01.062,2,0.11,1.43,0.6,-93.9978,135.58960000000002,-17.8386,175,75
2026-05-07 18:25:01.073,2,0.14,1.34,0.68,-101.6778,169.8596,-12.108600000000003,175,75
2026-05-07 18:25:01.083,2,0.2,1.2,0.8,-107.1678,191.6896,-11.7986,175,75
2026-05-07 18:25:01.101,2,0.37,1.09,1.06,-108.2078,163.3896,-22.778600000000004,175,75
2026-05-07 18:25:01.107,2,0.38,1.08,1.12,-110.5178,114.4896,-25.948600000000006,175,75
2026-05-07 18:25:01.132,2,0.26,1.22,1.07,-117.5978,61.3796,-26.858600000000003,175,75
2026-05-07 18:25:01.145,2,0.18,1.33,1.0,-124.2978,45.3396,-25.218600000000002,175,75
2026-05-07 18:25:01.167,2,0.11,1.19,0.99,-130.2178,56.9896,-19.788600000000002,175,75
2026-05-07 18:25:01.185,2,0.22,1.19,1.1,-127.5978,59.3096,-14.418600000000005,175,75
2026-05-07 18:25:01.191,2,0.2,1.17,1.13,-131.43779999999998,53.449600000000004,-13.998600000000003,175,75
2026-05-07 18:25:01.214,2,0.24,1.17,1.27,-137.7778,44.9796,-11.738600000000005,175,75
2026-05-07 18:25:01.223,2,0.27,1.1,1.34,-139.1178,26.0096,-11.918600000000005,175,75
2026-05-07 18:25:01.234,2,0.26,1.07,1.38,-140.88780000000003,-0.20040000000000013,-9.9086,175,75
2026-05-07 18:25:01.246,2,0.25,1.05,1.36,-138.93779999999998,-28.440399999999997,-9.238600000000005,175,75
2026-05-07 18:25:01.293,2,0.27,1.17,1.25,-131.9278,14.8596,-8.138600000000004,175,75
2026-05-07 18:25:01.303,2,0.22,1.05,1.29,-128.68779999999998,41.4396,-12.4086,175,75
2026-05-07 18:25:01.315,2,0.23,1.02,1.33,-121.4378,52.7796,-13.998600000000003,175,75
2026-05-07 18:25:01.324,2,0.19,1.01,1.35,-111.4978,55.2196,-12.5886,175,75
2026-05-07 18:25:01.335,2,0.09,1.02,1.33,-109.3678,59.7296,-11.558600000000006,175,75
2026-05-07 18:25:01.345,2,0.03,1.15,1.3,-110.7678,58.5796,-8.198600000000006,175,75
2026-05-07 18:25:01.356,2,0.19,1.25,1.42,-120.8878,49.2496,-3.808600000000002,175,75
2026-05-07 18:25:01.366,2,0.25,1.07,1.49,-143.99779999999998,26.989600000000003,-1.4986000000000033,175,75
2026-05-07 18:25:01.391,2,0.2,0.85,1.51,-165.88780000000003,-33.6804,-3.9986000000000033,175,75
2026-05-07 18:25:01.403,2,0.15,0.86,1.44,-167.1078,-78.9204,7.831399999999999,175,75
2026-05-07 18:25:01.413,2,-0.35,1.08,1.48,-182.5378,-92.8904,9.111399999999996,175,75
2026-05-07 18:25:01.430,2,-0.69,1.2,1.81,-202.83780000000002,14.1196,19.781399999999998,175,75
2026-05-07 18:25:01.442,2,1.35,0.3,1.69,-240.64780000000002,-160.3304,7.891399999999997,175,75
2026-05-07 18:25:01.454,2,0.62,0.35,1.02,-199.4878,69.5496,-18.808600000000006,175,75
2026-05-07 18:25:01.466,2,0.29,0.77,0.92,-128.8178,42.3596,16.551399999999997,175,75
2026-05-07 18:25:01.466,2,-0.23,0.91,1.73,-77.0478,196.1396,12.281399999999998,175,75
2026-05-07 18:25:01.477,2,0.64,1.05,1.89,-61.7378,206.8696,-9.058600000000006,175,75
2026-05-07 18:25:01.485,2,0.21,1.26,2.34,-103.1478,161.6896,1.5513999999999974,175,75
2026-05-07 18:25:01.501,2,0.79,1.28,2.39,-131.7378,25.529600000000002,12.101399999999998,175,75
2026-05-07 18:25:01.513,2,0.83,0.88,2.65,-151.5578,-137.0904,45.5814,175,75
2026-05-07 18:25:01.527,2,0.82,0.41,2.62,-151.6178,-228.2504,44.1714,175,75
2026-05-07 18:25:01.538,2,0.59,0.27,2.34,-140.76780000000002,-261.9704,53.6914,175,75
2026-05-07 18:25:01.549,2,0.46,0.47,1.99,-125.8278,-220.3304,54.7814,175,75
2026-05-07 18:25:01.562,2,0.58,0.74,1.71,-104.7278,-113.1304,51.6714,175,75
2026-05-07 18:25:01.574,2,0.73,0.95,1.49,-64.8478,38.3896,43.9314,175,75
2026-05-07 18:25:01.585,2,0.79,1.06,1.59,-22.1078,158.3896,36.3114,175,75
2026-05-07 18:25:01.585,2,0.87,0.99,1.97,13.072199999999999,238.9996,15.641399999999997,175,75
2026-05-07 18:25:01.604,2,0.88,0.84,2.52,28.562199999999997,269.3696,-15.698600000000006,175,75
2026-05-07 18:25:01.623,2,1.0,0.87,2.89,12.2222,200.2196,-20.398600000000002,175,75
2026-05-07 18:25:01.642,2,0.76,1.2,2.9,1.1221999999999994,-125.0204,28.201399999999996,175,75
2026-05-07 18:25:01.649,2,0.6,1.06,2.44,16.1222,-217.5204,42.4114,175,75
2026-05-07 18:25:01.661,2,0.6,0.9,2.14,19.0522,-248.4404,38.5614,175,75
2026-05-07 18:25:01.675,2,0.65,0.86,1.94,22.892200000000003,-206.6104,29.231399999999997,175,75
2026-05-07 18:25:01.694,2,0.67,0.86,1.81,39.7222,-122.34039999999999,12.831399999999997,175,75
2026-05-07 18:25:01.707,2,0.66,0.85,1.73,63.3822,-25.510399999999997,-4.848600000000001,175,75
2026-05-07 18:25:01.719,2,0.63,0.85,1.79,78.5022,41.199600000000004,-16.7986,175,75
2026-05-07 18:25:01.729,2,0.6,0.87,1.92,89.2322,97.2996,-27.2286,175,75
2026-05-07 18:25:01.739,2,0.58,0.88,2.12,93.4422,117.1696,-31.858600000000003,175,75
2026-05-07 18:25:01.750,2,0.55,0.93,2.37,96.4922,44.3696,-14.7286,175,75
2026-05-07 18:25:01.762,2,0.47,0.94,2.4,103.01219999999999,-22.520400000000002,0.3313999999999986,175,75
2026-05-07 18:25:01.768,2,0.44,0.87,2.32,109.5422,-66.6704,10.211399999999998,175,75
2026-05-07 18:25:01.792,2,0.37,0.76,2.14,119.17219999999999,-100.9404,14.111399999999998,175,75
2026-05-07 18:25:01.804,2,0.42,0.67,2.03,126.18220000000001,-101.6704,13.501399999999997,175,75
2026-05-07 18:25:01.816,2,0.38,0.6,2.0,137.5222,-88.7404,11.001399999999997,175,75
2026-05-07 18:25:01.831,2,0.45,0.69,1.94,167.5922,-72.2804,3.3813999999999957,175,75
2026-05-07 18:25:01.854,2,0.44,0.72,1.88,175.1522,-82.0904,9.171399999999998,175,75
2026-05-07 18:25:01.854,2,0.35,0.75,1.79,176.00220000000002,-86.0604,12.591399999999997,175,75
2026-05-07 18:25:01.867,2,0.36,0.79,1.77,176.37220000000002,-76.3604,10.271399999999998,175,75
2026-05-07 18:25:01.879,2,0.46,0.85,1.8,175.8822,-61.490399999999994,7.771399999999996,175,75
2026-05-07 18:25:01.890,2,0.6,0.79,1.87,176.55220000000003,-52.2804,7.341399999999997,175,75
2026-05-07 18:25:01.901,2,0.65,0.62,1.9,180.8222,-64.7804,8.931399999999996,175,75
2026-05-07 18:25:01.911,2,0.6,0.39,1.88,191.49220000000003,-95.6904,12.891399999999997,175,75
2026-05-07 18:25:01.933,2,0.55,0.17,1.82,203.2022,-130.6304,22.341399999999997,175,75
2026-05-07 18:25:01.952,2,0.59,0.08,1.76,209.60219999999998,-175.1404,21.001399999999997,175,75
2026-05-07 18:25:01.952,2,0.76,0.21,1.63,212.7122,-218.6204,11.921399999999997,175,75
2026-05-07 18:25:01.960,2,0.76,0.39,1.5,216.37220000000002,-233.9204,6.191399999999998,175,75
2026-05-07 18:25:01.975,2,0.69,0.45,1.26,219.9022,-222.7004,-6.498600000000003,175,75
2026-05-07 18:25:01.983,2,0.6,0.35,1.04,218.99220000000003,-186.2404,-18.198600000000006,175,75
2026-05-07 18:25:01.995,2,0.47,0.14,0.73,219.7822,-106.7904,-36.738600000000005,175,75
2026-05-07 18:25:02.015,2,0.63,0.31,0.49,239.29219999999998,-11.790399999999998,-42.83860000000001,175,75
2026-05-07 18:25:02.027,2,0.74,0.52,0.46,255.2722,12.9696,-36.6186,175,75
2026-05-07 18:25:02.037,2,0.74,0.71,0.49,266.98220000000003,28.1496,-27.778600000000004,175,75
2026-05-07 18:25:02.040,2,0.79,0.79,0.55,274.35220000000004,27.599600000000002,-30.218600000000002,175,75
2026-05-07 18:25:02.051,2,0.94,0.77,0.64,281.85220000000004,8.329600000000001,-31.558600000000006,175,75
2026-05-07 18:25:02.060,2,1.0,0.65,0.77,289.11220000000003,-17.220399999999998,-37.2286,175,75
2026-05-07 18:25:02.072,2,0.91,0.48,0.88,297.3422,-36.550399999999996,-36.8586,175,75
2026-05-07 18:25:02.091,2,0.74,0.36,0.78,308.7422,-57.400400000000005,-33.5086,175,75
2026-05-07 18:25:02.104,2,0.53,0.32,0.63,320.7022,-85.4504,-35.3386,175,75
2026-05-07 18:25:02.116,2,0.44,0.3,0.54,331.3722,-90.9404,-44.2986,175,75
2026-05-07 18:25:02.126,2,0.41,0.23,0.46,344.41220000000004,-78.3104,-52.3486,175,75
2026-05-07 18:25:02.131,2,0.38,0.06,0.47,362.6522,-58.010400000000004,-58.6286,175,75
2026-05-07 18:25:02.156,2,0.39,-0.36,0.47,406.4922,-47.1604,-67.58860000000001,175,75
2026-05-07 18:25:02.167,2,0.35,-0.53,0.49,427.8922,-48.1304,-70.1586,175,75
2026-05-07 18:25:02.187,2,0.31,-0.73,0.66,449.54220000000004,-48.8604,-60.888600000000004,175,75
2026-05-07 18:25:02.200,2,0.22,-0.72,0.7,451.67220000000003,-69.3504,-54.668600000000005,175,75
2026-05-07 18:25:02.221,2,0.13,-0.66,0.69,450.7622,-94.4704,-56.558600000000006,175,75
2026-05-07 18:25:02.232,2,0.02,-0.48,0.63,438.8122,-116.18039999999999,-74.23859999999999,175,75
2026-05-07 18:25:02.251,2,-0.02,-0.35,0.55,426.61220000000003,-119.78039999999999,-82.77860000000001,175,75
2026-05-07 18:25:02.254,2,-0.08,-0.27,0.5,416.79220000000004,-119.2904,-87.83860000000001,175,75
2026-05-07 18:25:02.264,2,-0.17,-0.22,0.49,405.8822,-111.9104,-91.43860000000001,175,75
2026-05-07 18:25:02.296,2,-0.01,-0.24,0.34,357.9522,-91.6104,-112.1686,175,75
2026-05-07 18:25:02.306,2,-0.08,-0.18,0.23,337.16220000000004,-111.8504,-117.4086,175,75
2026-05-07 18:25:02.318,2,-0.17,-0.12,0.14,321.2422,-132.1604,-126.9186,175,75
2026-05-07 18:25:02.318,2,-0.13,-0.1,0.04,305.3922,-143.6204,-139.7286,175,75
2026-05-07 18:25:02.336,2,-0.06,-0.03,-0.14,285.5722,-165.3304,-148.0186,175,75
2026-05-07 18:25:02.347,2,-0.1,0.04,-0.31,272.8322,-191.1204,-145.27859999999998,175,75
2026-05-07 18:25:02.362,2,-0.17,0.07,-0.53,259.11220000000003,-218.3804,-144.6686,175,75
2026-05-07 18:25:02.364,2,-0.42,0.18,-0.79,240.0222,-230.0804,-134.7286,175,75
2026-05-07 18:25:02.385,2,-0.64,0.29,-1.05,223.93220000000002,-218.9204,-119.9086,175,75
2026-05-07 18:25:02.385,2,-0.68,0.39,-1.29,209.48219999999998,-197.2804,-101.67859999999999,175,75
2026-05-07 18:25:02.396,2,-0.6,0.43,-1.57,182.4622,-177.1604,-75.6986,175,75
2026-05-07 18:25:02.407,2,-0.7,0.47,-1.81,141.55220000000003,-155.5104,-46.558600000000006,175,75
2026-05-07 18:25:02.421,2,-0.91,0.47,-1.96,106.9822,-113.5604,-18.198600000000006,175,75
2026-05-07 18:25:02.434,2,-0.86,0.47,-2.07,60.15219999999999,-21.300399999999996,12.651399999999997,175,75
2026-05-07 18:25:02.451,2,-0.53,0.71,-1.6,-6.0078000000000005,202.6596,57.9514,175,75
2026-05-07 18:25:02.472,2,-0.17,0.67,-1.14,-28.8778,250.7096,66.6714,175,75
2026-05-07 18:25:02.472,2,0.03,0.6,-0.8,-48.8778,261.8696,70.03139999999999,175,75
2026-05-07 18:25:02.489,2,0.31,0.5,-0.39,-68.1478,273.0296,70.03139999999999,175,75
2026-05-07 18:25:02.500,2,0.54,0.45,-0.0,-68.62780000000001,292.9696,62.7114,175,75
2026-05-07 18:25:02.522,2,0.65,0.47,0.39,-63.3278,320.1596,51.1914,175,75
2026-05-07 18:25:02.535,2,0.95,0.76,0.85,-44.5478,255.4696,36.0614,175,75
2026-05-07 18:25:02.549,2,1.1,0.9,1.08,-19.0578,105.8296,10.391399999999997,175,75
2026-05-07 18:25:02.560,2,0.76,0.84,1.09,-9.2978,-15.080400000000001,9.841399999999997,175,75
2026-05-07 18:25:02.571,2,0.86,0.65,0.73,-1.7978000000000005,-79.4704,-9.5486,175,75
2026-05-07 18:25:02.588,2,0.85,0.6,0.46,-0.6478000000000002,-138.3804,-16.988600000000005,175,75
2026-05-07 18:25:02.600,2,0.72,0.66,0.31,2.7721999999999998,-151.0604,-18.5086,175,75
2026-05-07 18:25:02.611,2,0.59,0.7,0.16,7.042200000000001,-137.7004,-17.348600000000005,175,75
2026-05-07 18:25:02.618,2,0.5,0.69,0.03,9.7822,-99.4704,-18.808600000000006,175,75
2026-05-07 18:25:02.631,2,0.47,0.62,-0.06,11.3122,-47.4604,-19.848600000000005,175,75
2026-05-07 18:25:02.641,2,0.49,0.55,-0.08,12.8322,-1.670399999999999,-20.0886,175,75
2026-05-07 18:25:02.653,2,0.56,0.51,-0.07,11.8522,37.9096,-18.0186,175,75
2026-05-07 18:25:02.667,2,0.64,0.5,-0.02,10.092199999999998,53.0896,-17.108600000000003,175,75
2026-05-07 18:25:02.667,2,0.73,0.52,0.03,6.792200000000001,47.7796,-14.2986,175,75
2026-05-07 18:25:02.682,2,0.78,0.56,0.06,1.3721999999999994,17.2296,-10.888600000000004,175,75
2026-05-07 18:25:02.703,2,0.74,0.59,0.03,-4.787800000000001,-17.2804,-7.898600000000002,175,75
2026-05-07 18:25:02.713,2,0.69,0.61,0.0,-9.4878,-32.8904,-6.378600000000002,175,75
2026-05-07 18:25:02.730,2,0.6,0.57,-0.07,-15.2178,-33.4404,-3.138600000000004,175,75
2026-05-07 18:25:02.730,2,0.58,0.53,-0.1,-18.1478,-18.9904,-2.1686000000000014,175,75
2026-05-07 18:25:02.752,2,0.59,0.49,-0.11,-20.2778,5.7696000000000005,-0.0286000000000044,175,75
2026-05-07 18:25:02.752,2,0.63,0.49,-0.1,-21.867800000000003,19.5496,1.8013999999999974,175,75
2026-05-07 18:25:02.763,2,0.65,0.5,-0.07,-23.937800000000003,24.1196,3.5013999999999967,175,75
2026-05-07 18:25:02.775,2,0.67,0.53,-0.02,-26.3778,19.8596,5.701399999999996,175,75
2026-05-07 18:25:02.785,2,0.7,0.53,-0.02,-28.9378,9.6096,5.821399999999997,175,75
2026-05-07 18:25:02.807,2,0.68,0.54,-0.02,-31.6778,-2.090399999999999,4.541399999999996,175,75
2026-05-07 18:25:02.813,2,0.63,0.55,-0.03,-33.0878,-3.500399999999999,3.1413999999999973,175,75
2026-05-07 18:25:02.826,2,0.63,0.55,-0.03,-33.8778,3.0296000000000003,1.4313999999999965,175,75
2026-05-07 18:25:02.836,2,0.66,0.56,-0.04,-33.9978,9.9196,0.0913999999999966,175,75
2026-05-07 18:25:02.850,2,0.66,0.58,-0.04,-33.3878,14.3696,-1.3786000000000023,175,75
2026-05-07 18:25:02.861,2,0.7,0.6,-0.03,-31.6178,17.1696,-3.388600000000004,175,75
2026-05-07 18:25:02.861,2,0.7,0.61,-0.01,-29.727800000000002,12.659600000000001,-6.438600000000001,175,75
2026-05-07 18:25:02.877,2,0.66,0.63,-0.03,-28.3278,4.8596,-9.178600000000003,175,75
2026-05-07 18:25:02.891,2,0.59,0.63,-0.05,-28.9978,5.339600000000001,-11.678600000000003,175,75
2026-05-07 18:25:02.901,2,0.46,0.63,-0.08,-31.7978,14.729600000000001,-13.748600000000003,175,75
2026-05-07 18:25:02.913,2,0.36,0.64,-0.1,-34.177800000000005,31.1996,-16.068600000000004,175,75
2026-05-07 18:25:02.923,2,0.27,0.65,-0.08,-37.047799999999995,56.9296,-18.9386,175,75
2026-05-07 18:25:02.927,2,0.23,0.63,-0.04,-41.4978,80.7096,-21.4386,175,75
2026-05-07 18:25:02.942,2,0.18,0.61,0.05,-47.9578,101.8696,-25.218600000000002,175,75
2026-05-07 18:25:02.956,2,0.18,0.58,0.14,-53.4478,112.2996,-27.778600000000004,175,75
2026-05-07 18:25:02.956,2,0.17,0.54,0.23,-62.0478,109.9196,-31.4386,175,75
2026-05-07 18:25:02.991,2,0.14,0.5,0.35,-87.2878,73.6396,-34.9086,175,75
2026-05-07 18:25:03.004,2,0.13,0.51,0.36,-106.3778,55.4696,-33.9986,175,75
2026-05-07 18:25:03.015,2,0.08,0.54,0.35,-127.3478,34.8596,-27.958600000000004,175,75
2026-05-07 18:25:03.032,2,-0.09,0.62,0.32,-161.25779999999997,0.5296000000000003,-7.8386,175,75
2026-05-07 18:25:03.054,2,-0.15,0.65,0.26,-185.58780000000002,-29.1104,6.921399999999998,175,75
2026-05-07 18:25:03.055,2,-0.13,0.62,0.21,-210.76780000000002,-57.2204,17.951399999999996,175,75
2026-05-07 18:25:03.071,2,-0.15,0.58,0.06,-248.99779999999998,-107.4004,37.9514,175,75
2026-05-07 18:25:03.081,2,-0.36,0.59,-0.08,-280.58779999999996,-150.9404,61.2514,175,75
2026-05-07 18:25:03.091,2,-0.49,0.6,-0.27,-305.88779999999997,-173.8004,87.1614,175,75
2026-05-07 18:25:03.102,2,-0.71,0.65,-0.58,-331.4378,-208.6804,128.2014,175,75
2026-05-07 18:25:03.114,2,-1.1,0.74,-0.99,-346.8678,-238.0704,185.4514,175,75
2026-05-07 18:25:03.138,2,-1.76,0.53,-1.6,-404.5478,-254.9604,317.28139999999996,175,75
2026-05-07 18:25:03.154,2,-1.45,0.04,-1.81,-485.0978,-199.2304,387.59139999999996,175,75
2026-05-07 18:25:03.176,2,-1.27,-0.5,-1.84,-600.3978000000001,13.6996,458.0814,175,75
2026-05-07 18:25:03.182,2,-0.89,-0.63,-1.46,-583.6278000000001,115.03960000000001,483.6914,175,75
2026-05-07 18:25:03.187,2,-0.55,-0.94,-0.69,-578.3278,206.6196,487.34139999999996,175,75
2026-05-07 18:25:03.212,2,0.29,-1.61,0.07,-604.5478,288.9996,460.5814,175,75
2026-05-07 18:25:03.212,2,0.59,-2.28,0.27,-624.3678,321.2596,481.6114,175,75
2026-05-07 18:25:03.229,2,2.08,-3.42,1.08,-602.7178,223.3896,406.0614,175,75
2026-05-07 18:25:03.238,2,1.68,-4.07,2.0,-574.1178,-90.6904,409.91139999999996,175,75
2026-05-07 18:25:03.254,2,0.85,-3.42,2.05,-519.1778,-140.5104,381.8014,175,75
2026-05-07 18:25:03.265,2,0.07,-2.29,1.12,-450.70779999999996,-214.7204,144.1114,175,75
2026-05-07 18:25:03.265,2,0.2,-1.85,0.71,-437.6578,-215.0804,-41.4986,175,75
2026-05-07 18:25:03.279,2,2.15,-1.31,0.31,-413.01779999999997,-115.8104,-106.1286,175,75
2026-05-07 18:25:03.291,2,0.81,0.96,0.29,-313.20779999999996,223.7596,226.1214,175,75
2026-05-07 18:25:03.309,2,2.87,1.36,0.89,-159.6078,480.2196,39.721399999999996,175,75
2026-05-07 18:25:03.315,2,1.84,1.03,1.55,-99.2978,372.9696,31.981399999999997,175,75
2026-05-07 18:25:03.354,2,1.74,1.09,2.37,-101.1278,169.9196,29.911399999999997,175,75
2026-05-07 18:25:03.365,2,1.92,1.26,2.41,-100.7078,0.03960000000000008,49.231399999999994,175,75
2026-05-07 18:25:03.365,2,1.87,1.21,2.24,-87.3478,-105.5104,59.111399999999996,175,75
2026-05-07 18:25:03.379,2,1.76,1.03,1.85,-75.8878,-207.8304,75.1514,175,75
2026-05-07 18:25:03.385,2,1.52,0.94,1.29,-63.6278,-288.3804,94.97139999999999,175,75
2026-05-07 18:25:03.395,2,1.09,0.85,0.76,-54.6078,-228.7404,59.2314,175,75
2026-05-07 18:25:03.400,2,0.74,0.87,0.23,-53.6878,-11.1204,30.821399999999997,175,75
2026-05-07 18:25:03.412,2,1.01,0.86,0.4,-52.897800000000004,120.3396,9.601399999999998,175,75
2026-05-07 18:25:03.423,2,1.14,0.85,0.85,-48.147800000000004,167.2996,-9.1186,175,75
2026-05-07 18:25:03.435,2,1.16,0.87,1.3,-41.6178,171.3196,-24.358600000000003,175,75
2026-05-07 18:25:03.452,2,1.12,0.91,1.49,-36.0078,136.37959999999998,-26.4386,175,75
2026-05-07 18:25:03.464,2,1.04,1.01,1.5,-27.4078,75.7696,-17.468600000000002,175,75
2026-05-07 18:25:03.475,2,0.97,1.1,1.43,-16.1878,-5.6904,-1.7386000000000017,175,75
2026-05-07 18:25:03.486,2,0.9,1.07,1.34,-13.8178,-48.6204,7.651399999999999,175,75
2026-05-07 18:25:03.491,2,0.86,1.02,1.18,-13.6278,-74.8404,12.771399999999998,175,75
2026-05-07 18:25:03.507,2,0.78,0.95,0.98,-10.5878,-75.5704,8.691399999999998,175,75
2026-05-07 18:25:03.522,2,0.73,0.92,0.84,-8.1478,-50.5104,0.0913999999999966,175,75
2026-05-07 18:25:03.526,2,0.72,0.98,0.77,-8.2078,-15.270399999999999,-8.388600000000004,175,75
2026-05-07 18:25:03.536,2,0.73,1.08,0.81,-9.5478,5.339600000000001,-15.218600000000002,175,75
2026-05-07 18:25:03.551,2,0.75,1.15,0.88,-9.2378,14.6696,-18.2686,175,75
2026-05-07 18:25:03.573,2,0.77,1.16,0.96,-9.6678,-4.3504000000000005,-18.198600000000006,175,75
2026-05-07 18:25:03.584,2,0.74,1.14,0.95,-10.8278,-16.1804,-17.2286,175,75
2026-05-07 18:25:03.595,2,0.73,1.11,0.93,-9.7878,-25.6304,-15.3386,175,75
2026-05-07 18:25:03.605,2,0.7,1.1,0.9,-7.2278,-30.8104,-14.608600000000003,175,75
2026-05-07 18:25:03.616,2,0.67,1.1,0.86,-4.7278,-29.470399999999998,-15.3386,175,75
2026-05-07 18:25:03.639,2,0.59,1.15,0.72,2.7121999999999993,-22.160400000000003,-14.668600000000005,175,75
2026-05-07 18:25:03.667,2,0.6,1.12,0.74,8.682199999999998,3.8796,-18.5086,175,75
2026-05-07 18:25:03.667,2,0.6,1.1,0.77,11.1222,4.549600000000001,-18.388600000000004,175,75
2026-05-07 18:25:03.681,2,0.57,1.12,0.79,13.7422,-3.010399999999999,-16.558600000000006,175,75
2026-05-07 18:25:03.691,2,0.54,1.13,0.79,14.9622,-11.790399999999998,-15.888600000000004,175,75
2026-05-07 18:25:03.711,2,0.48,1.12,0.75,15.452200000000001,-19.2304,-13.2686,175,75
2026-05-07 18:25:03.711,2,0.42,1.13,0.7,15.822199999999999,-20.1404,-10.3386,175,75
2026-05-07 18:25:03.729,2,0.39,1.15,0.66,16.0622,-18.0704,-7.4086,175,75
2026-05-07 18:25:03.753,2,0.37,1.15,0.68,16.7922,-4.900400000000001,-1.9186000000000014,175,75
2026-05-07 18:25:03.772,2,0.33,1.13,0.79,16.3722,-15.270399999999999,4.361399999999996,175,75
2026-05-07 18:25:03.782,2,0.29,1.12,0.82,16.2422,-25.690399999999997,8.931399999999996,175,75
2026-05-07 18:25:03.793,2,0.22,1.13,0.76,16.432199999999998,-45.5104,21.551399999999997,175,75
2026-05-07 18:25:03.807,2,0.17,1.13,0.7,14.3522,-53.9204,30.151399999999995,175,75
2026-05-07 18:25:03.808,2,0.15,1.1,0.67,12.2822,-47.3404,35.3914,175,75
2026-05-07 18:25:03.835,2,0.11,1.08,0.69,14.7222,-24.470399999999998,43.621399999999994,175,75
2026-05-07 18:25:03.846,2,0.11,1.09,0.75,18.8722,-18.380399999999998,47.4114,175,75
2026-05-07 18:25:03.856,2,0.11,1.08,0.82,21.9822,-24.590400000000002,51.6714,175,75
2026-05-07 18:25:03.872,2,0.13,1.07,0.83,21.0022,-39.6604,63.1414,175,75
2026-05-07 18:25:03.878,2,0.1,1.06,0.8,20.3922,-52.46039999999999,74.3014,175,75
2026-05-07 18:25:03.890,2,0.03,1.03,0.75,22.8322,-58.380399999999995,82.6514,175,75
2026-05-07 18:25:03.912,2,0.01,0.96,0.66,28.8722,-37.2804,93.1414,175,75
2026-05-07 18:25:03.922,2,0.06,0.9,0.68,30.212200000000003,-25.080399999999997,98.0814,175,75
2026-05-07 18:25:03.933,2,0.1,0.86,0.72,32.2222,-19.7804,101.4314,175,75
2026-05-07 18:25:03.947,2,0.23,0.77,0.81,38.2022,-42.4604,111.25139999999999,175,75
2026-05-07 18:25:03.961,2,0.25,0.76,0.82,36.1222,-57.2804,117.53139999999999,175,75
2026-05-07 18:25:03.971,2,0.26,0.77,0.78,36.5522,-63.1904,122.41139999999999,175,75
2026-05-07 18:25:03.983,2,0.27,0.77,0.72,39.2322,-62.2204,127.04140000000001,175,75
2026-05-07 18:25:03.983,2,0.25,0.74,0.69,40.5122,-54.1704,128.4414,175,75
2026-05-07 18:25:03.995,2,0.22,0.68,0.71,41.0622,-40.3304,128.6914,175,75
2026-05-07 18:25:04.007,2,0.26,0.62,0.8,41.6722,-30.5704,130.8214,175,75
2026-05-07 18:25:04.021,2,0.34,0.56,0.87,43.2622,-36.3604,136.0014,175,75
2026-05-07 18:25:04.033,2,0.42,0.49,0.91,47.8922,-52.520399999999995,142.8314,175,75
2026-05-07 18:25:04.043,2,0.45,0.44,0.89,53.2622,-61.85039999999999,146.6714,175,75
2026-05-07 18:25:04.043,2,0.45,0.41,0.78,60.15219999999999,-67.0304,148.5014,175,75
2026-05-07 18:25:04.055,2,0.45,0.38,0.71,60.572199999999995,-56.0604,149.3614,175,75
2026-05-07 18:25:04.081,2,0.38,0.34,0.67,56.4922,-26.1804,149.6614,175,75
2026-05-07 18:25:04.092,2,0.45,0.29,0.74,52.2222,1.6196000000000002,148.7514,175,75
2026-05-07 18:25:04.103,2,0.57,0.26,0.86,53.8122,-2.5204000000000004,149.60139999999998,175,75
2026-05-07 18:25:04.103,2,0.66,0.21,0.98,55.8822,-19.7804,151.1214,175,75
2026-05-07 18:25:04.114,2,0.73,0.16,1.02,58.7422,-44.4104,153.69140000000002,175,75
2026-05-07 18:25:04.125,2,0.69,0.12,1.02,62.1622,-54.1704,155.0314,175,75
2026-05-07 18:25:04.137,2,0.59,0.03,0.98,68.8122,-55.510400000000004,158.2014,175,75
2026-05-07 18:25:04.147,2,0.54,-0.05,0.97,75.0222,-54.410399999999996,159.2314,175,75
2026-05-07 18:25:04.160,2,0.56,-0.16,0.98,85.76219999999999,-55.6904,160.2714,175,75
2026-05-07 18:25:04.179,2,0.71,-0.29,0.98,98.2022,-71.1804,158.2014,175,75
2026-05-07 18:25:04.207,2,0.79,-0.33,0.93,129.05220000000003,-71.9704,145.0314,175,75
2026-05-07 18:25:04.207,2,0.84,-0.32,0.93,141.37220000000002,-68.5004,139.5414,175,75
2026-05-07 18:25:04.221,2,0.87,-0.34,0.96,150.5722,-73.8604,135.2714,175,75
2026-05-07 18:25:04.221,2,0.87,-0.34,1.0,155.9422,-78.9904,129.9714,175,75
2026-05-07 18:25:04.241,2,0.94,-0.38,1.01,159.66219999999998,-95.1404,123.50139999999999,175,75
2026-05-07 18:25:04.241,2,0.97,-0.46,1.05,166.24220000000003,-124.90039999999999,113.44139999999999,175,75
2026-05-07 18:25:04.254,2,0.95,-0.55,1.04,172.4022,-151.3004,100.88139999999999,175,75
2026-05-07 18:25:04.270,2,0.93,-0.58,1.03,177.8922,-173.5604,86.98140000000001,175,75
2026-05-07 18:25:04.294,2,0.93,-0.91,0.92,198.2022,-247.2804,38.081399999999995,175,75
2026-05-07 18:25:04.306,2,0.82,-1.05,0.84,201.85219999999998,-257.1604,17.341399999999997,175,75
2026-05-07 18:25:04.331,2,0.63,-1.13,0.62,216.18220000000002,-263.6204,-37.4686,175,75
2026-05-07 18:25:04.341,2,0.61,-1.16,0.58,224.23219999999998,-263.3804,-55.278600000000004,175,75
2026-05-07 18:25:04.365,2,0.58,-1.42,0.54,228.50220000000002,-246.79039999999998,-77.2886,175,75
2026-05-07 18:25:04.384,2,0.53,-1.55,0.51,224.35219999999998,-237.9504,-92.1086,175,75
2026-05-07 18:25:04.402,2,0.38,-1.54,0.49,224.9622,-229.2304,-133.0186,175,75
2026-05-07 18:25:04.423,2,0.25,-1.42,0.5,236.37220000000002,-235.3904,-165.4586,175,75
2026-05-07 18:25:04.434,2,0.14,-1.36,0.52,235.5122,-232.4004,-171.3786,175,75
2026-05-07 18:25:04.446,2,0.05,-1.3,0.5,229.66219999999998,-229.1704,-178.6286,175,75
2026-05-07 18:25:04.456,2,-0.03,-1.2,0.44,222.04219999999998,-221.7904,-189.2986,175,75
2026-05-07 18:25:04.467,2,-0.08,-1.1,0.4,216.24220000000003,-210.8104,-196.7986,175,75
2026-05-07 18:25:04.482,2,-0.12,-0.93,0.38,208.4422,-187.2804,-203.3286,175,75
2026-05-07 18:25:04.493,2,-0.12,-0.69,0.41,198.4422,-149.4104,-201.24859999999998,175,75
2026-05-07 18:25:04.504,2,-0.09,-0.49,0.47,189.48219999999998,-119.47040000000001,-189.9086,175,75
2026-05-07 18:25:04.528,2,-0.13,-0.23,0.58,175.3922,-90.5104,-172.7186,175,75
2026-05-07 18:25:04.545,2,-0.14,-0.03,0.74,161.37220000000002,-75.8804,-156.6186,175,75
2026-05-07 18:25:04.568,2,-0.19,0.19,0.83,135.5122,-84.7804,-137.77859999999998,175,75
2026-05-07 18:25:04.604,2,-0.25,0.36,0.82,86.8522,-93.8604,-105.8886,175,75
2026-05-07 18:25:04.615,2,-0.27,0.4,0.81,76.4922,-85.6304,-99.11860000000001,175,75
2026-05-07 18:25:04.630,2,-0.26,0.42,0.8,63.682199999999995,-73.4404,-89.5486,175,75
2026-05-07 18:25:04.630,2,-0.25,0.44,0.8,54.4122,-66.1204,-81.73859999999999,175,75
2026-05-07 18:25:04.649,2,-0.27,0.49,0.84,34.6622,-49.5304,-65.6386,175,75
2026-05-07 18:25:04.660,2,-0.26,0.5,0.88,26.492199999999997,-45.6304,-54.6086,175,75
2026-05-07 18:25:04.682,2,-0.24,0.5,0.92,20.8222,-50.6904,-43.138600000000004,175,75
2026-05-07 18:25:04.689,2,-0.26,0.5,0.93,16.7322,-56.180400000000006,-34.488600000000005,175,75
2026-05-07 18:25:04.703,2,-0.27,0.52,0.93,13.072199999999999,-61.4204,-26.4386,175,75
2026-05-07 18:25:04.726,2,-0.26,0.54,0.9,5.212199999999999,-71.9104,-6.0686000000000035,175,75
2026-05-07 18:25:04.741,2,-0.28,0.52,0.82,-0.5178000000000011,-66.6104,7.771399999999996,175,75
2026-05-07 18:25:04.752,2,-0.29,0.51,0.79,-2.0478000000000005,-54.35039999999999,13.381399999999998,175,75
2026-05-07 18:25:04.763,2,-0.35,0.53,0.76,-3.4478,-33.4404,20.211399999999998,175,75
2026-05-07 18:25:04.773,2,-0.35,0.57,0.75,-3.2078000000000007,-12.340399999999999,28.201399999999996,175,75
2026-05-07 18:25:04.790,2,-0.32,0.59,0.77,-2.1678000000000006,10.2796,42.7714,175,75
2026-05-07 18:25:04.801,2,-0.29,0.57,0.81,-4.1778,27.779600000000002,57.5914,175,75
2026-05-07 18:25:04.813,2,-0.26,0.53,0.85,-7.537800000000001,40.1596,69.0514,175,75
2026-05-07 18:25:04.823,2,-0.22,0.48,0.89,-11.1278,47.4196,79.6014,175,75
2026-05-07 18:25:04.829,2,-0.15,0.43,0.92,-14.0578,47.9696,89.48140000000001,175,75
2026-05-07 18:25:04.847,2,-0.11,0.38,0.92,-16.8678,47.2996,98.9314,175,75
2026-05-07 18:25:04.847,2,-0.08,0.34,0.91,-19.367800000000003,51.0796,105.76140000000001,175,75
2026-05-07 18:25:04.861,2,-0.04,0.26,0.91,-22.6578,60.5296,115.82140000000001,175,75
2026-05-07 18:25:04.880,2,0.02,0.13,0.95,-25.3978,69.11959999999999,126.73140000000001,175,75
2026-05-07 18:25:04.891,2,0.06,0.04,0.98,-26.9278,71.1396,135.3914,175,75
2026-05-07 18:25:04.905,2,0.09,-0.06,1.01,-29.2978,69.4296,143.4414,175,75
2026-05-07 18:25:04.920,2,0.12,-0.15,1.03,-32.5978,64.5496,148.6914,175,75
2026-05-07 18:25:04.921,2,0.14,-0.22,1.03,-35.3378,57.1096,152.1614,175,75
2026-05-07 18:25:04.931,2,0.13,-0.27,1.0,-38.937799999999996,52.7196,156.8614,175,75
2026-05-07 18:25:04.957,2,0.02,-0.35,0.92,-49.7878,60.4696,171.3714,175,75
2026-05-07 18:25:04.968,2,0.02,-0.41,0.86,-59.7278,66.4996,180.3314,175,75
2026-05-07 18:25:04.968,2,0.02,-0.46,0.85,-68.0178,74.9196,190.5814,175,75
2026-05-07 18:25:04.979,2,0.01,-0.5,0.82,-77.8978,89.7296,202.5914,175,75
2026-05-07 18:25:05.005,2,0.1,-0.61,0.83,-99.1778,118.0296,224.2314,175,75
2026-05-07 18:25:05.017,2,0.21,-0.64,0.87,-104.48780000000001,117.8396,226.5514,175,75
2026-05-07 18:25:05.051,2,0.29,-0.56,0.96,-103.0178,69.9796,228.3814,175,75
2026-05-07 18:25:05.062,2,0.2,-0.58,0.92,-105.5178,47.1096,232.8314,175,75
2026-05-07 18:25:05.072,2,0.15,-0.62,0.87,-105.3978,23.5796,237.7714,175,75
2026-05-07 18:25:05.083,2,0.11,-0.67,0.79,-100.7678,-3.1304,239.72140000000002,175,75
2026-05-07 18:25:05.097,2,0.13,-0.7,0.74,-94.7878,-26.550399999999996,234.4814,175,75
2026-05-07 18:25:05.108,2,0.2,-0.75,0.65,-85.9478,-53.5004,219.7814,175,75
2026-05-07 18:25:05.119,2,0.23,-0.76,0.55,-77.5378,-65.0804,206.9214,175,75
2026-05-07 18:25:05.129,2,0.19,-0.74,0.43,-71.0078,-67.3404,196.6114,175,75
2026-05-07 18:25:05.135,2,0.08,-0.72,0.31,-62.897800000000004,-61.550399999999996,181.7314,175,75
2026-05-07 18:25:05.148,2,-0.05,-0.71,0.26,-56.2578,-41.1204,173.3814,175,75
2026-05-07 18:25:05.159,2,-0.13,-0.72,0.23,-51.6778,-11.970399999999998,165.5114,175,75
2026-05-07 18:25:05.178,2,-0.13,-0.73,0.22,-50.7678,7.599600000000001,156.1214,175,75
2026-05-07 18:25:05.178,2,-0.08,-0.69,0.25,-49.2378,26.3196,142.10139999999998,175,75
2026-05-07 18:25:05.201,2,0.01,-0.6,0.3,-45.0378,34.6096,127.28139999999999,175,75
2026-05-07 18:25:05.204,2,0.03,-0.53,0.33,-44.0578,30.8896,116.9214,175,75
2026-05-07 18:25:05.227,2,-0.04,-0.39,0.32,-46.1278,21.8096,103.38139999999999,175,75
2026-05-07 18:25:05.227,2,-0.11,-0.25,0.29,-49.7278,23.3896,95.7014,175,75
2026-05-07 18:25:05.238,2,-0.15,-0.14,0.26,-52.4078,30.8896,90.1514,175,75
2026-05-07 18:25:05.263,2,-0.19,-0.06,0.23,-57.4078,37.1096,89.66139999999999,175,75
2026-05-07 18:25:05.263,2,-0.19,-0.03,0.25,-63.147800000000004,45.5296,87.3414,175,75
2026-05-07 18:25:05.279,2,-0.18,-0.02,0.25,-70.8278,49.9796,84.3014,175,75
2026-05-07 18:25:05.289,2,-0.17,-0.02,0.3,-80.2778,56.5596,77.7714,175,75
2026-05-07 18:25:05.301,2,-0.18,0.0,0.35,-85.6478,64.7296,72.9514,175,75
2026-05-07 18:25:05.309,2,-0.18,0.02,0.4,-88.4478,62.1696,67.4114,175,75
2026-05-07 18:25:05.331,2,-0.19,0.06,0.46,-95.5878,46.3796,59.361399999999996,175,75
2026-05-07 18:25:05.352,2,-0.23,0.1,0.49,-99.5478,43.9996,57.1014,175,75
2026-05-07 18:25:05.362,2,-0.21,0.1,0.51,-97.4078,40.099599999999995,53.011399999999995,175,75
2026-05-07 18:25:05.373,2,-0.2,0.08,0.54,-93.3278,33.5796,50.761399999999995,175,75
2026-05-07 18:25:05.383,2,-0.21,0.07,0.56,-91.6178,28.9996,48.9314,175,75
2026-05-07 18:25:05.390,2,-0.2,0.06,0.59,-90.5878,23.6396,43.8114,175,75
2026-05-07 18:25:05.411,2,-0.2,0.07,0.57,-84.8478,18.209600000000002,33.7514,175,75
2026-05-07 18:25:05.422,2,-0.21,0.11,0.57,-79.9078,23.1496,28.141399999999997,175,75
2026-05-07 18:25:05.432,2,-0.22,0.15,0.58,-74.0578,31.2596,22.101399999999998,175,75
2026-05-07 18:25:05.443,2,-0.22,0.19,0.61,-67.8978,37.0496,17.281399999999998,175,75
2026-05-07 18:25:05.455,2,-0.2,0.22,0.65,-62.0478,37.6596,12.221399999999997,175,75
2026-05-07 18:25:05.469,2,-0.2,0.23,0.68,-57.7778,34.6096,9.051399999999997,175,75
2026-05-07 18:25:05.469,2,-0.2,0.24,0.71,-53.2678,31.1996,6.191399999999998,175,75
2026-05-07 18:25:05.480,2,-0.2,0.24,0.73,-47.7178,23.7596,3.7513999999999967,175,75
2026-05-07 18:25:05.498,2,-0.2,0.24,0.74,-42.2278,14.729600000000001,-0.5786000000000016,175,75
2026-05-07 18:25:05.506,2,-0.19,0.25,0.75,-37.5978,11.2596,-5.088600000000003,175,75
2026-05-07 18:25:05.521,2,-0.2,0.27,0.75,-31.4378,12.2296,-8.878600000000006,175,75
2026-05-07 18:25:05.521,2,-0.21,0.3,0.74,-25.4578,12.659600000000001,-11.308600000000006,175,75
2026-05-07 18:25:05.543,2,-0.2,0.35,0.75,-19.547800000000002,13.6996,-13.388600000000004,175,75
2026-05-07 18:25:05.543,2,-0.18,0.38,0.77,-14.4878,16.0796,-14.488600000000005,175,75
2026-05-07 18:25:05.557,2,-0.15,0.39,0.82,-10.7078,15.9496,-14.7286,175,75
2026-05-07 18:25:05.565,2,-0.08,0.35,0.89,-5.457800000000001,7.299600000000001,-14.178600000000003,175,75
2026-05-07 18:25:05.577,2,-0.06,0.26,0.94,0.392199999999999,-11.3004,-15.278600000000004,175,75
2026-05-07 18:25:05.588,2,-0.07,0.2,0.94,7.1022,-28.1304,-17.718600000000002,175,75
2026-05-07 18:25:05.601,2,-0.11,0.17,0.93,16.1222,-39.6604,-22.8386,175,75
2026-05-07 18:25:05.612,2,-0.16,0.18,0.92,24.4122,-43.5604,-27.0486,175,75
2026-05-07 18:25:05.628,2,-0.16,0.2,0.9,34.2322,-51.8504,-29.238600000000005,175,75
2026-05-07 18:25:05.628,2,-0.15,0.21,0.88,40.2722,-62.3404,-30.638600000000004,175,75
2026-05-07 18:25:05.654,2,-0.02,0.16,0.85,51.1822,-68.6204,-38.6886,175,75
2026-05-07 18:25:05.666,2,0.0,0.11,0.85,56.4922,-68.5604,-43.0186,175,75
2026-05-07 18:25:05.681,2,0.03,0.01,0.83,61.4922,-66.5504,-51.1286,175,75
2026-05-07 18:25:05.692,2,-0.0,-0.05,0.82,65.0922,-59.290400000000005,-59.11860000000001,175,75
2026-05-07 18:25:05.714,2,-0.09,-0.06,0.86,77.0422,-38.1304,-73.99860000000001,175,75
2026-05-07 18:25:05.724,2,-0.04,-0.09,0.88,83.8122,-45.0204,-75.8286,175,75
2026-05-07 18:25:05.724,2,-0.03,-0.13,0.88,85.8222,-55.270399999999995,-76.55860000000001,175,75
2026-05-07 18:25:05.753,2,-0.06,-0.16,0.82,85.1522,-59.050399999999996,-79.48859999999999,175,75
2026-05-07 18:25:05.783,2,-0.05,-0.26,0.78,92.1622,-33.9204,-85.39860000000002,175,75
2026-05-07 18:25:05.783,2,-0.01,-0.31,0.84,94.8422,-34.2304,-85.51859999999999,175,75
2026-05-07 18:25:05.822,2,0.18,-0.74,1.02,91.8522,-110.0204,-91.49860000000001,175,75
2026-05-07 18:25:05.834,2,0.16,-0.84,0.98,92.6522,-128.3104,-99.7286,175,75
2026-05-07 18:25:05.846,2,0.07,-0.96,0.89,94.2322,-138.9904,-112.89859999999999,175,75
2026-05-07 18:25:05.872,2,-0.21,-1.04,0.83,99.7222,-127.46039999999999,-137.8986,175,75
2026-05-07 18:25:05.896,2,-0.17,-1.02,0.92,119.17219999999999,-154.5304,-166.49859999999998,175,75
2026-05-07 18:25:05.909,2,-0.1,-1.13,0.94,122.52220000000001,-181.0004,-174.2386,175,75
2026-05-07 18:25:05.921,2,-0.12,-1.26,0.91,118.3822,-197.0904,-169.7886,175,75
2026-05-07 18:25:05.932,2,-0.25,-1.38,0.83,110.8822,-200.4504,-164.9686,175,75
2026-05-07 18:25:05.943,2,-0.44,-1.41,0.74,104.0522,-194.2304,-171.4386,175,75
2026-05-07 18:25:05.955,2,-0.58,-1.37,0.69,102.5222,-177.5804,-191.9186,175,75
2026-05-07 18:25:05.966,2,-0.6,-1.31,0.69,107.3422,-163.6204,-215.2186,175,75
2026-05-07 18:25:05.976,2,-0.48,-1.17,0.79,115.6322,-149.7204,-239.4186,175,75
2026-05-07 18:25:06.001,2,-0.43,-1.04,0.81,115.4522,-144.1104,-235.51860000000002,175,75
2026-05-07 18:25:06.012,2,-0.41,-0.92,0.82,112.1022,-138.2504,-225.02859999999998,175,75
2026-05-07 18:25:06.022,2,-0.4,-0.9,0.83,107.2222,-133.4404,-212.6586,175,75
2026-05-07 18:25:06.034,2,-0.42,-0.89,0.85,99.7822,-126.91040000000001,-197.58859999999999,175,75
2026-05-07 18:25:06.042,2,-0.49,-0.86,0.87,96.1822,-120.75040000000001,-194.5486,175,75
2026-05-07 18:25:06.049,2,-0.54,-0.78,0.89,93.7422,-114.2904,-198.3286,175,75
2026-05-07 18:25:06.060,2,-0.55,-0.7,0.92,90.3922,-114.2904,-201.4386,175,75
2026-05-07 18:25:06.078,2,-0.53,-0.6,0.96,82.6522,-119.1104,-197.77859999999998,175,75
2026-05-07 18:25:06.112,2,-0.62,-0.4,0.94,59.0522,-111.4904,-177.8986,175,75
2026-05-07 18:25:06.136,2,-0.59,-0.15,0.96,36.5522,-71.6104,-141.0086,175,75
2026-05-07 18:25:06.146,2,-0.57,-0.07,0.96,32.1622,-48.4404,-119.6086,175,75
2026-05-07 18:25:06.174,2,-0.49,0.04,1.05,26.062199999999997,-37.0304,-83.1386,175,75
2026-05-07 18:25:06.187,2,-0.47,0.06,1.1,22.772199999999998,-41.0004,-68.1386,175,75
2026-05-07 18:25:06.204,2,-0.45,0.08,1.14,18.932199999999998,-53.9204,-53.8786,175,75
2026-05-07 18:25:06.215,2,-0.45,0.09,1.14,14.232199999999999,-69.8404,-40.5186,175,75
2026-05-07 18:25:06.238,2,-0.43,0.11,1.07,4.962199999999999,-104.7204,-6.678600000000003,175,75
2026-05-07 18:25:06.248,2,-0.41,0.11,1.02,5.2722,-108.8604,5.451399999999996,175,75
2026-05-07 18:25:06.266,2,-0.39,0.11,0.96,5.882199999999999,-104.3504,12.221399999999997,175,75
2026-05-07 18:25:06.278,2,-0.35,0.12,0.92,6.062200000000001,-91.5504,17.711399999999998,175,75
2026-05-07 18:25:06.289,2,-0.33,0.14,0.89,5.882199999999999,-80.2004,22.411399999999997,175,75
2026-05-07 18:25:06.301,2,-0.32,0.15,0.85,5.3322,-63.3104,29.661399999999997,175,75
2026-05-07 18:25:06.314,2,-0.32,0.16,0.83,4.542199999999999,-44.9004,36.8014,175,75
2026-05-07 18:25:06.325,2,-0.31,0.15,0.84,3.9922000000000004,-30.8104,40.2714,175,75
2026-05-07 18:25:06.339,2,-0.3,0.17,0.83,1.7321999999999989,2.909600000000001,44.6614,175,75
2026-05-07 18:25:06.350,2,-0.28,0.18,0.85,-0.6478000000000002,22.779600000000002,47.5314,175,75
2026-05-07 18:25:06.363,2,-0.26,0.19,0.88,-4.4278,38.2096,50.3314,175,75
2026-05-07 18:25:06.368,2,-0.25,0.2,0.9,-8.5078,50.8296,52.471399999999996,175,75
2026-05-07 18:25:06.382,2,-0.23,0.19,0.93,-12.3478,60.8896,54.721399999999996,175,75
2026-05-07 18:25:06.406,2,-0.22,0.18,0.95,-24.6078,82.1696,59.111399999999996,175,75
2026-05-07 18:25:06.417,2,-0.23,0.19,0.96,-30.6478,97.7196,59.6614,175,75
2026-05-07 18:25:06.429,2,-0.24,0.21,0.99,-37.8378,116.0096,60.8814,175,75
2026-05-07 18:25:06.441,2,-0.23,0.22,1.01,-44.1778,128.5796,62.651399999999995,175,75
2026-05-07 18:25:06.454,2,-0.22,0.22,1.05,-51.6178,139.1196,64.78139999999999,175,75
2026-05-07 18:25:06.467,2,-0.2,0.21,1.09,-60.647800000000004,146.3196,67.9514,175,75
2026-05-07 18:25:06.481,2,-0.18,0.16,1.14,-68.4478,147.4796,71.73140000000001,175,75
2026-05-07 18:25:06.481,2,-0.15,0.09,1.15,-76.5578,144.3096,76.06139999999999,175,75
2026-05-07 18:25:06.518,2,-0.16,0.06,1.15,-83.1478,145.7096,82.4114,175,75
2026-05-07 18:25:06.532,2,-0.11,0.03,1.18,-82.8378,144.6696,93.32140000000001,175,75
2026-05-07 18:25:06.546,2,-0.06,-0.03,1.2,-81.2578,137.77960000000002,105.03139999999999,175,75
2026-05-07 18:25:06.562,2,-0.04,-0.11,1.19,-79.7278,124.3096,113.44139999999999,175,75
2026-05-07 18:25:06.580,2,0.05,-0.28,1.01,-97.6578,75.8296,127.41139999999999,175,75
2026-05-07 18:25:06.634,2,0.26,-0.69,0.82,-102.4078,113.5796,170.4514,175,75
2026-05-07 18:25:06.691,2,0.62,-0.59,0.74,-72.8978,44.3696,185.3314,175,75
2026-05-07 18:25:06.702,2,0.61,-0.53,0.7,-66.0078,25.5896,188.3214,175,75
2026-05-07 18:25:06.712,2,0.5,-0.53,0.66,-63.8778,14.6696,191.5514,175,75
2026-05-07 18:25:06.724,2,0.42,-0.55,0.63,-65.3978,-2.7004,184.72140000000002,175,75
2026-05-07 18:25:06.741,2,0.34,-0.56,0.57,-64.2978,-18.6804,176.8014,175,75
2026-05-07 18:25:06.752,2,0.23,-0.52,0.5,-61.0078,-31.4204,167.41140000000001,175,75
2026-05-07 18:25:06.763,2,0.17,-0.47,0.42,-57.4078,-35.6304,159.0514,175,75
2026-05-07 18:25:06.774,2,0.13,-0.4,0.33,-50.647800000000004,-36.3604,149.0514,175,75
2026-05-07 18:25:06.786,2,0.12,-0.33,0.29,-45.2178,-29.5304,142.5914,175,75
2026-05-07 18:25:06.796,2,0.15,-0.26,0.27,-39.2378,-10.020399999999999,134.4814,175,75
2026-05-07 18:25:06.796,2,0.17,-0.22,0.26,-36.317800000000005,8.5096,130.0314,175,75
2026-05-07 18:25:06.810,2,0.16,-0.18,0.24,-35.2778,23.4496,125.5814,175,75
2026-05-07 18:25:06.833,2,0.09,-0.19,0.23,-36.5578,37.7796,111.31139999999999,175,75
2026-05-07 18:25:06.844,2,0.09,-0.18,0.23,-38.4478,44.3696,101.31139999999999,175,75
2026-05-07 18:25:06.859,2,0.08,-0.14,0.24,-41.927800000000005,52.7796,91.6114,175,75
2026-05-07 18:25:06.868,2,0.05,-0.11,0.26,-44.4878,64.8596,83.9314,175,75
2026-05-07 18:25:06.894,2,-0.01,-0.07,0.33,-47.4078,84.2496,74.6014,175,75
2026-05-07 18:25:06.918,2,-0.04,-0.11,0.38,-53.3278,68.6996,65.5814,175,75
2026-05-07 18:25:06.932,2,-0.07,-0.1,0.37,-57.4078,59.1896,59.361399999999996,175,75
2026-05-07 18:25:06.937,2,-0.08,-0.08,0.35,-59.7878,59.1196,55.3314,175,75
2026-05-07 18:25:06.952,2,-0.12,-0.06,0.33,-58.6278,67.3596,51.731399999999994,175,75
2026-05-07 18:25:06.961,2,-0.14,-0.05,0.35,-55.0978,73.3296,48.1414,175,75
2026-05-07 18:25:06.974,2,-0.17,-0.04,0.35,-52.1678,74.36959999999999,44.3014,175,75
2026-05-07 18:25:06.985,2,-0.17,-0.03,0.37,-50.2178,72.4196,40.3914,175,75
2026-05-07 18:25:06.998,2,-0.18,0.0,0.37,-48.4478,69.5496,37.5314,175,75
2026-05-07 18:25:07.004,2,-0.18,0.03,0.35,-46.5578,66.6896,35.511399999999995,175,75
2026-05-07 18:25:07.016,2,-0.18,0.06,0.35,-44.2978,62.7196,32.1614,175,75
2026-05-07 18:25:07.044,2,-0.19,0.08,0.37,-40.8878,64.9796,26.861399999999996,175,75
2026-05-07 18:25:07.056,2,-0.19,0.1,0.39,-37.4778,63.9996,23.501399999999997,175,75
2026-05-07 18:25:07.068,2,-0.21,0.12,0.39,-34.3678,51.5596,21.191399999999998,175,75
2026-05-07 18:25:07.078,2,-0.22,0.14,0.38,-34.8478,41.619600000000005,18.871399999999998,175,75
2026-05-07 18:25:07.078,2,-0.23,0.18,0.36,-36.677800000000005,36.619600000000005,17.771399999999996,175,75
2026-05-07 18:25:07.091,2,-0.22,0.21,0.34,-37.7778,37.0496,16.981399999999997,175,75
2026-05-07 18:25:07.111,2,-0.21,0.21,0.34,-36.797799999999995,39.489599999999996,18.691399999999998,175,75
2026-05-07 18:25:07.123,2,-0.2,0.19,0.34,-35.4578,40.949600000000004,18.501399999999997,175,75
2026-05-07 18:25:07.133,2,-0.2,0.19,0.35,-34.9778,40.099599999999995,17.281399999999998,175,75
2026-05-07 18:25:07.154,2,-0.15,0.26,0.36,-38.327799999999996,41.9296,16.121399999999998,175,75
2026-05-07 18:25:07.165,2,-0.1,0.25,0.38,-37.1078,37.3596,16.431399999999996,175,75
2026-05-07 18:25:07.185,2,-0.11,0.26,0.39,-36.677800000000005,29.1896,15.211399999999998,175,75
2026-05-07 18:25:07.196,2,-0.11,0.28,0.38,-37.897800000000004,22.299599999999998,12.771399999999998,175,75
2026-05-07 18:25:07.196,2,-0.06,0.32,0.36,-38.6278,13.0296,10.821399999999997,175,75
2026-05-07 18:25:07.211,2,-0.06,0.34,0.34,-39.2378,5.5296,10.091399999999997,175,75
2026-05-07 18:25:07.224,2,-0.06,0.36,0.32,-41.067800000000005,3.1495999999999995,8.991399999999999,175,75
2026-05-07 18:25:07.236,2,-0.02,0.38,0.3,-42.1678,6.4996,6.371399999999998,175,75
2026-05-07 18:25:07.242,2,0.02,0.4,0.3,-41.8678,9.9196,5.151399999999999,175,75
2026-05-07 18:25:07.252,2,0.08,0.41,0.33,-41.0078,14.0596,1.6113999999999962,175,75
2026-05-07 18:25:07.275,2,0.17,0.41,0.39,-40.5878,15.2796,-2.718600000000002,175,75
2026-05-07 18:25:07.275,2,0.22,0.41,0.44,-40.4578,6.3796,-6.858600000000003,175,75
2026-05-07 18:25:07.297,2,0.27,0.41,0.48,-40.4578,-6.3603999999999985,-12.778600000000004,175,75
2026-05-07 18:25:07.297,2,0.35,0.41,0.49,-38.6278,-23.3104,-17.8386,175,75
2026-05-07 18:25:07.341,2,0.49,0.38,0.44,-34.1178,-40.6304,-49.2386,175,75
2026-05-07 18:25:07.381,2,0.65,0.15,0.48,-32.5978,-47.5804,-86.98859999999999,175,75
2026-05-07 18:25:07.381,2,0.65,0.0,0.47,-31.2578,-44.9004,-105.1586,175,75
2026-05-07 18:25:07.403,2,0.7,-0.14,0.43,-26.6178,-34.1104,-132.7186,175,75
2026-05-07 18:25:07.425,2,0.89,-0.2,0.48,-22.3478,-33.0704,-150.8286,175,75
2026-05-07 18:25:07.425,2,0.96,-0.28,0.47,-21.867800000000003,-28.1304,-161.1886,175,75
2026-05-07 18:25:07.447,2,0.91,-0.79,0.57,-47.6578,5.9496,-172.8986,175,75
2026-05-07 18:25:07.470,2,0.85,-1.34,0.77,-69.7878,19.4296,-172.7186,175,75
2026-05-07 18:25:07.492,2,0.86,-1.88,1.21,-67.40780000000001,-7.8904,-183.1386,175,75
2026-05-07 18:25:07.505,2,0.86,-2.03,1.34,-51.6178,-48.0104,-204.4186,175,75
2026-05-07 18:25:07.531,2,0.49,-1.88,1.34,9.412199999999999,-119.66040000000001,-270.27860000000004,175,75
2026-05-07 18:25:07.538,2,0.37,-1.78,1.25,39.2322,-165.1404,-287.1686,175,75
2026-05-07 18:25:07.564,2,0.12,-1.86,0.75,60.092200000000005,-180.8104,-292.95860000000005,175,75
2026-05-07 18:25:07.578,2,0.0,-1.88,0.6,56.5522,-135.5104,-298.9386,175,75
2026-05-07 18:25:07.591,2,-0.03,-1.86,0.58,64.2322,-76.5504,-307.46860000000004,175,75
2026-05-07 18:25:07.602,2,0.02,-1.85,0.65,79.0522,-37.8904,-313.1986,175,75
2026-05-07 18:25:07.602,2,0.06,-1.82,0.83,97.8322,-6.3004,-320.02860000000004,175,75
2026-05-07 18:25:07.621,2,0.17,-1.75,1.09,119.17219999999999,12.1696,-330.02860000000004,175,75
2026-05-07 18:25:07.643,2,0.25,-1.71,1.31,133.68220000000002,6.8096000000000005,-336.7386,175,75
2026-05-07 18:25:07.643,2,0.25,-1.68,1.45,141.91219999999998,-12.580400000000001,-338.8786,175,75
2026-05-07 18:25:07.662,2,0.11,-1.62,1.52,155.2722,-67.8304,-330.02860000000004,175,75
2026-05-07 18:25:07.673,2,0.05,-1.63,1.53,166.79219999999998,-102.46039999999999,-325.33860000000004,175,75
2026-05-07 18:25:07.685,2,-0.04,-1.74,1.52,180.0922,-132.5204,-321.2486,175,75
2026-05-07 18:25:07.695,2,-0.09,-1.83,1.54,184.7822,-141.7304,-322.28860000000003,175,75
2026-05-07 18:25:07.707,2,-0.13,-1.89,1.65,196.12220000000002,-154.1704,-327.77860000000004,175,75
2026-05-07 18:25:07.721,2,-0.16,-1.92,1.69,204.17219999999998,-170.0804,-328.01860000000005,175,75
2026-05-07 18:25:07.747,2,-0.36,-1.93,1.57,216.79219999999998,-203.3804,-334.3586,175,75
2026-05-07 18:25:07.757,2,-0.44,-1.89,1.48,223.50220000000002,-192.4004,-342.58860000000004,175,75
2026-05-07 18:25:07.771,2,-0.48,-1.78,1.4,239.05220000000003,-173.6204,-345.33860000000004,175,75
2026-05-07 18:25:07.792,2,-0.45,-1.57,1.41,273.0122,-157.0904,-343.8086,175,75
2026-05-07 18:25:07.807,2,-0.38,-1.43,1.42,289.60220000000004,-153.1304,-334.84860000000003,175,75
2026-05-07 18:25:07.821,2,-0.34,-1.34,1.41,295.8222,-155.1404,-323.9386,175,75
2026-05-07 18:25:07.833,2,-0.28,-1.25,1.39,304.23220000000003,-158.9204,-309.6686,175,75
2026-05-07 18:25:07.839,2,-0.26,-1.2,1.38,313.8722,-167.8904,-296.1286,175,75
2026-05-07 18:25:07.851,2,-0.26,-1.16,1.4,324.54220000000004,-185.5704,-279.4186,175,75
2026-05-07 18:25:07.861,2,-0.28,-1.15,1.36,330.2122,-208.1904,-264.3586,175,75
2026-05-07 18:25:07.881,2,-0.35,-1.15,1.27,330.3322,-223.6804,-251.30859999999998,175,75
2026-05-07 18:25:07.893,2,-0.44,-1.12,1.13,327.8322,-224.2304,-243.44859999999997,175,75
2026-05-07 18:25:07.904,2,-0.48,-1.06,0.98,326.61220000000003,-218.4404,-244.2386,175,75
2026-05-07 18:25:07.904,2,-0.46,-0.99,0.88,326.98220000000003,-205.3904,-247.7786,175,75
2026-05-07 18:25:07.914,2,-0.38,-0.9,0.79,331.4922,-186.2404,-249.1786,175,75
2026-05-07 18:25:07.928,2,-0.29,-0.81,0.77,338.8722,-162.8304,-239.1786,175,75
2026-05-07 18:25:07.965,2,-0.25,-0.68,0.77,346.98220000000003,-129.7804,-201.3786,175,75
2026-05-07 18:25:07.990,2,-0.26,-0.71,0.71,338.4422,-140.8104,-177.4086,175,75
2026-05-07 18:25:08.001,2,-0.27,-0.71,0.62,332.8922,-141.4904,-171.30859999999998,175,75
2026-05-07 18:25:08.023,2,-0.25,-0.65,0.51,323.2622,-119.1104,-163.6286,175,75
2026-05-07 18:25:08.051,2,-0.18,-0.66,0.46,312.5222,-101.7304,-150.33859999999999,175,75
2026-05-07 18:25:08.061,2,-0.19,-0.76,0.47,289.41220000000004,-101.3604,-132.77859999999998,175,75
2026-05-07 18:25:08.087,2,-0.35,-0.81,0.26,254.35220000000004,-133.9204,-121.30859999999998,175,75
2026-05-07 18:25:08.100,2,-0.41,-0.8,0.17,241.37220000000002,-140.9404,-119.05859999999998,175,75
2026-05-07 18:25:08.111,2,-0.51,-0.74,0.07,223.81220000000002,-126.4904,-113.4486,175,75
2026-05-07 18:25:08.122,2,-0.52,-0.67,-0.02,209.48219999999998,-95.0204,-104.6086,175,75
2026-05-07 18:25:08.134,2,-0.49,-0.54,-0.11,192.4622,-39.9004,-85.76859999999999,175,75
2026-05-07 18:25:08.139,2,-0.44,-0.4,-0.16,176.73219999999998,16.7496,-58.6886,175,75
2026-05-07 18:25:08.172,2,-0.35,-0.3,-0.13,155.3922,76.0096,-28.3286,175,75
2026-05-07 18:25:08.183,2,-0.2,-0.17,0.01,115.5722,145.2796,15.211399999999998,175,75
2026-05-07 18:25:08.201,2,0.04,-0.02,0.17,65.8822,159.3696,56.731399999999994,175,75
2026-05-07 18:25:08.219,2,0.15,0.03,0.23,36.1222,154.1896,71.9214,175,75
2026-05-07 18:25:08.231,2,0.25,0.09,0.27,-1.9878,146.7496,87.1614,175,75
2026-05-07 18:25:08.242,2,0.24,0.1,0.33,-39.9078,147.1696,100.0914,175,75
2026-05-07 18:25:08.252,2,0.24,0.1,0.43,-72.0478,164.1896,108.26140000000001,175,75
2026-05-07 18:25:08.255,2,0.34,0.04,0.54,-94.6678,178.2096,109.72139999999999,175,75
2026-05-07 18:25:08.269,2,0.55,-0.03,0.75,-123.9978,185.0396,103.0814,175,75
2026-05-07 18:25:08.283,2,0.77,-0.06,0.94,-146.9278,162.7196,89.3014,175,75
2026-05-07 18:25:08.303,2,0.68,0.08,1.11,-178.44779999999997,54.4896,67.1614,175,75
2026-05-07 18:25:08.324,2,0.6,0.13,0.98,-186.12779999999998,45.3396,63.3214,175,75
2026-05-07 18:25:08.324,2,0.55,0.12,0.85,-188.14780000000002,54.3696,68.9314,175,75
2026-05-07 18:25:08.341,2,0.46,0.08,0.75,-192.4778,82.0496,74.6614,175,75
2026-05-07 18:25:08.351,2,0.37,0.14,0.76,-202.1678,151.5596,72.8914,175,75
2026-05-07 18:25:08.381,2,0.46,0.31,1.1,-214.9078,259.7996,60.4514,175,75
2026-05-07 18:25:08.401,2,0.61,0.3,1.51,-215.94779999999997,201.1396,46.0014,175,75
2026-05-07 18:25:08.412,2,0.6,0.27,1.53,-220.45780000000002,154.6696,48.1414,175,75
2026-05-07 18:25:08.419,2,0.54,0.3,1.44,-232.4778,112.0496,52.651399999999995,175,75
2026-05-07 18:25:08.437,2,0.54,0.34,1.26,-243.44779999999997,84.7996,57.221399999999996,175,75
2026-05-07 18:25:08.437,2,0.5,0.37,1.09,-246.06779999999998,79.5496,63.1414,175,75
2026-05-07 18:25:08.450,2,0.45,0.38,0.97,-242.4778,93.7596,65.3914,175,75
2026-05-07 18:25:08.460,2,0.44,0.36,0.93,-238.14780000000002,120.3396,66.1214,175,75
2026-05-07 18:25:08.471,2,0.45,0.33,0.98,-232.7178,157.1696,63.691399999999994,175,75
2026-05-07 18:25:08.493,2,0.53,0.3,1.08,-230.70780000000002,168.0296,59.4214,175,75
2026-05-07 18:25:08.493,2,0.54,0.27,1.18,-230.76780000000002,156.2596,56.981399999999994,175,75
2026-05-07 18:25:08.505,2,0.56,0.28,1.2,-233.08780000000002,128.93959999999998,55.8214,175,75
2026-05-07 18:25:08.517,2,0.54,0.35,1.13,-233.99779999999998,103.0296,60.3914,175,75
2026-05-07 18:25:08.528,2,0.55,0.38,1.02,-231.9278,97.5996,65.6414,175,75
2026-05-07 18:25:08.544,2,0.55,0.38,0.94,-228.68779999999998,101.7496,70.0914,175,75
2026-05-07 18:25:08.558,2,0.58,0.36,0.89,-222.7778,121.8696,73.44139999999999,175,75
2026-05-07 18:25:08.567,2,0.62,0.33,0.91,-216.9278,140.5296,73.2014,175,75
2026-05-07 18:25:08.583,2,0.66,0.31,0.94,-213.44779999999997,147.0496,70.2114,175,75
2026-05-07 18:25:08.583,2,0.69,0.3,0.96,-212.4078,144.9196,67.1014,175,75
2026-05-07 18:25:08.602,2,0.69,0.3,0.96,-212.5378,134.7296,64.3014,175,75
2026-05-07 18:25:08.727,2,0.59,0.52,0.67,-209.3678,102.53960000000001,56.371399999999994,175,75
2026-05-07 18:25:08.741,2,0.53,0.57,0.63,-209.2378,90.4096,56.8014,175,75
2026-05-07 18:25:08.752,2,0.52,0.66,0.54,-210.76780000000002,77.0496,61.7314,175,75
2026-05-07 18:25:08.762,2,0.55,0.65,0.51,-209.9778,82.2296,65.0914,175,75
2026-05-07 18:25:08.769,2,0.62,0.59,0.48,-205.82780000000002,91.0796,64.6014,175,75
2026-05-07 18:25:08.795,2,0.62,0.58,0.48,-205.39780000000002,89.4296,56.371399999999994,175,75
2026-05-07 18:25:08.815,2,0.54,0.72,0.41,-201.12779999999998,79.4296,52.2814,175,75
2026-05-07 18:25:08.830,2,0.52,0.76,0.4,-196.6778,74.9796,53.5014,175,75
2026-05-07 18:25:08.851,2,0.58,0.69,0.43,-185.70780000000002,72.6596,55.9414,175,75
2026-05-07 18:25:08.861,2,0.62,0.65,0.44,-184.2378,63.6396,51.3114,175,75
2026-05-07 18:25:08.875,2,0.61,0.68,0.44,-183.20780000000002,50.1596,46.6714,175,75
2026-05-07 18:25:08.903,2,0.54,0.76,0.39,-179.8478,28.209600000000002,39.84139999999999,175,75
2026-05-07 18:25:08.914,2,0.53,0.85,0.28,-170.1578,-5.200399999999998,32.9514,175,75
2026-05-07 18:25:08.939,2,0.43,0.95,0.17,-150.2178,-9.5304,27.891399999999997,175,75
2026-05-07 18:25:08.954,2,0.39,1.06,0.13,-136.8678,8.2696,27.951399999999996,175,75
2026-05-07 18:25:08.991,2,0.47,1.11,0.02,-121.9278,-18.5004,31.001399999999997,175,75
2026-05-07 18:25:09.029,2,0.3,1.24,-0.12,-100.3378,-3.250399999999999,33.871399999999994,175,75
2026-05-07 18:25:09.051,2,0.41,1.21,-0.06,-98.2678,41.379599999999996,35.09139999999999,175,75
2026-05-07 18:25:09.062,2,0.49,1.18,-0.02,-95.4578,37.7196,33.7514,175,75
2026-05-07 18:25:09.070,2,0.54,1.2,0.0,-90.3978,12.659600000000001,32.4114,175,75
2026-05-07 18:25:09.082,2,0.53,1.27,0.0,-87.2278,-11.9104,33.2014,175,75
2026-05-07 18:25:09.094,2,0.54,1.33,0.0,-85.1578,-22.6404,34.231399999999994,175,75
2026-05-07 18:25:09.111,2,0.59,1.35,-0.0,-85.0978,-24.840400000000002,36.4314,175,75
2026-05-07 18:25:09.123,2,0.65,1.33,0.0,-85.9478,-25.450400000000002,32.7114,175,75
2026-05-07 18:25:09.139,2,0.7,1.27,0.0,-86.6178,-34.4104,17.411399999999997,175,75
2026-05-07 18:25:09.179,2,0.5,1.38,-0.04,-71.7378,6.3196,17.411399999999997,175,75
2026-05-07 18:25:09.194,2,0.47,1.39,0.03,-70.2178,38.5096,26.981399999999997,175,75
2026-05-07 18:25:09.200,2,0.54,1.38,0.1,-69.0578,59.3696,35.581399999999995,175,75
2026-05-07 18:25:09.217,2,0.68,1.3,0.19,-69.1178,70.03960000000001,46.6714,175,75
2026-05-07 18:25:09.234,2,0.82,1.2,0.27,-74.8478,58.3296,53.7514,175,75
2026-05-07 18:25:09.235,2,0.92,1.15,0.3,-78.3878,40.2196,54.971399999999996,175,75
2026-05-07 18:25:09.258,2,1.01,0.91,0.34,-71.67779999999999,33.1496,52.8914,175,75
2026-05-07 18:25:09.280,2,1.17,0.63,0.37,-60.647800000000004,58.6396,34.361399999999996,175,75
2026-05-07 18:25:09.292,2,1.23,0.59,0.38,-60.1578,47.5396,20.271399999999996,175,75
2026-05-07 18:25:09.313,2,1.27,0.61,0.41,-62.2878,36.2596,0.941399999999998,175,75
2026-05-07 18:25:09.325,2,1.32,0.61,0.44,-62.5378,34.9196,-11.438600000000001,175,75
2026-05-07 18:25:09.325,2,1.3,0.61,0.47,-63.9378,35.339600000000004,-20.5786,175,75
2026-05-07 18:25:09.336,2,1.2,0.6,0.47,-66.8678,34.369600000000005,-33.9386,175,75
2026-05-07 18:25:09.358,2,1.05,0.62,0.37,-72.2878,31.1996,-59.8486,175,75
2026-05-07 18:25:09.370,2,0.94,0.63,0.35,-73.7578,56.0096,-66.18860000000001,175,75
2026-05-07 18:25:09.381,2,0.87,0.62,0.37,-68.9978,92.7796,-70.33860000000001,175,75
2026-05-07 18:25:09.404,2,0.84,0.63,0.46,-58.2078,151.9896,-83.0786,175,75
2026-05-07 18:25:09.419,2,0.82,0.68,0.53,-54.4278,168.6396,-86.67859999999999,175,75
2026-05-07 18:25:09.434,2,1.0,0.69,0.62,-46.2578,182.4196,-98.01859999999999,175,75
2026-05-07 18:25:09.434,2,0.8,0.74,0.71,-37.7778,190.2196,-94.3586,175,75
2026-05-07 18:25:09.468,2,0.76,0.87,0.89,-25.8278,161.9896,-93.1386,175,75
2026-05-07 18:25:09.468,2,0.77,0.89,0.96,-26.9278,123.7596,-87.83860000000001,175,75
2026-05-07 18:25:09.500,2,0.75,0.85,0.96,-18.2678,46.3196,-68.8786,175,75
2026-05-07 18:25:09.512,2,0.72,0.86,0.86,-8.3878,7.9096,-63.568599999999996,175,75
2026-05-07 18:25:09.512,2,0.7,0.89,0.72,-4.2378,-17.7004,-61.61860000000001,175,75
2026-05-07 18:25:09.544,2,0.5,1.03,0.55,-3.0178000000000003,2.7796000000000003,-54.6086,175,75
2026-05-07 18:25:09.555,2,0.48,1.04,0.55,3.4421999999999997,19.3096,-51.7386,175,75
2026-05-07 18:25:09.567,2,0.51,1.03,0.62,7.1022,17.1696,-46.4386,175,75
2026-05-07 18:25:09.607,2,0.51,0.99,0.62,5.8222000000000005,-23.0704,-47.0486,175,75
2026-05-07 18:25:09.623,2,0.49,0.99,0.56,5.3322,-17.4004,-49.058600000000006,175,75
2026-05-07 18:25:09.651,2,0.34,1.11,0.48,15.272199999999998,37.7196,-50.888600000000004,175,75
2026-05-07 18:25:09.664,2,0.35,1.13,0.52,19.6622,56.0796,-49.5486,175,75
2026-05-07 18:25:09.686,2,0.37,1.1,0.62,26.5522,66.4996,-47.22860000000001,175,75
2026-05-07 18:25:09.686,2,0.41,1.08,0.65,28.2622,64.9196,-47.22860000000001,175,75
2026-05-07 18:25:09.697,2,0.45,1.1,0.65,27.952199999999998,58.5096,-44.178599999999996,175,75
2026-05-07 18:25:09.705,2,0.46,1.15,0.62,26.9122,48.699600000000004,-41.1286,175,75
2026-05-07 18:25:09.726,2,0.44,1.28,0.58,27.772199999999998,47.6596,-33.7486,175,75
2026-05-07 18:25:09.754,2,0.38,1.34,0.57,29.5422,50.6496,-28.3286,175,75
2026-05-07 18:25:09.754,2,0.38,1.34,0.6,30.212200000000003,49.5496,-25.0886,175,75
2026-05-07 18:25:09.756,2,0.4,1.34,0.6,29.962200000000003,46.1396,-20.698600000000006,175,75
2026-05-07 18:25:09.771,2,0.45,1.32,0.67,30.272199999999998,38.9396,-18.138600000000004,175,75
2026-05-07 18:25:09.781,2,0.56,1.32,0.68,28.2622,34.3096,-10.218600000000002,175,75
2026-05-07 18:25:09.797,2,0.59,1.3,0.65,23.8722,27.229599999999998,-4.908600000000003,175,75
2026-05-07 18:25:09.837,2,0.58,1.45,0.59,13.682199999999998,13.6996,14.111399999999998,175,75
2026-05-07 18:25:09.847,2,0.59,1.4,0.63,4.1122,-4.470399999999998,15.881399999999998,175,75
2026-05-07 18:25:09.860,2,0.12,1.41,0.56,-5.7678,-36.9104,5.331399999999999,175,75
2026-05-07 18:25:09.870,2,-0.63,1.59,0.74,-18.3878,-53.740399999999994,-7.778600000000004,175,75
2026-05-07 18:25:09.884,2,2.58,0.71,0.5,-65.8878,-91.6104,37.5314,175,75
2026-05-07 18:25:09.884,2,1.41,0.39,0.83,-43.2678,-7.2804,-28.628600000000006,175,75
2026-05-07 18:25:09.909,2,0.3,1.47,0.49,46.9122,96.3196,-11.6186,175,75
2026-05-07 18:25:09.931,2,0.64,1.39,0.34,39.352199999999996,167.3596,-12.718600000000002,175,75
2026-05-07 18:25:09.938,2,0.96,1.21,0.69,30.3322,164.9796,-18.3286,175,75
2026-05-07 18:25:09.951,2,1.02,1.14,0.87,22.712200000000003,79.2496,-21.6186,175,75
2026-05-07 18:25:09.981,2,0.59,1.83,0.37,4.722199999999999,-47.1604,-2.6586000000000034,175,75
2026-05-07 18:25:09.994,2,0.89,1.59,0.5,25.1522,21.4996,0.6413999999999973,175,75
2026-05-07 18:25:10.019,2,0.97,1.18,0.7,6.002199999999998,57.1696,-0.0286000000000044,175,75
2026-05-07 18:25:10.020,2,1.07,0.89,0.9,-14.8478,38.2096,-3.808600000000002,175,75
2026-05-07 18:25:10.034,2,0.99,0.77,0.96,-27.5378,-58.07040000000001,8.011399999999998,175,75
2026-05-07 18:25:10.046,2,0.74,1.0,0.61,-17.8978,-78.5004,20.211399999999998,175,75
2026-05-07 18:25:10.076,2,0.49,1.47,0.33,13.4422,-96.3004,-1.558600000000002,175,75
2026-05-07 18:25:10.077,2,0.73,1.4,0.43,10.392199999999999,-63.4404,-3.388600000000004,175,75
2026-05-07 18:25:10.090,2,0.86,1.21,0.57,2.3422,-41.9104,-1.438600000000001,175,75
2026-05-07 18:25:10.107,2,0.89,1.08,0.56,-2.3478000000000003,-61.6704,-4.788600000000002,175,75
2026-05-07 18:25:10.149,2,0.86,1.2,0.17,24.782200000000003,-43.6204,-25.5186,175,75
2026-05-07 18:25:10.171,2,0.53,1.36,0.09,36.852199999999996,-47.2204,-25.0886,175,75
2026-05-07 18:25:10.182,2,0.54,1.35,0.17,33.1322,-32.1604,-27.108600000000003,175,75
2026-05-07 18:25:10.213,2,0.66,1.35,0.29,9.482199999999999,-13.8004,-24.238600000000005,175,75
2026-05-07 18:25:10.219,2,0.69,1.39,0.25,5.3322,-39.050399999999996,-23.198600000000006,175,75
2026-05-07 18:25:10.231,2,0.67,1.39,0.2,1.1822,-48.800399999999996,-22.6586,175,75
2026-05-07 18:25:10.242,2,0.61,1.4,0.11,-3.2678000000000003,-45.6304,-21.858600000000003,175,75
2026-05-07 18:25:10.250,2,0.51,1.41,0.06,-1.6777999999999995,-36.4204,-19.668600000000005,175,75
2026-05-07 18:25:10.269,2,0.45,1.43,0.07,4.3522,-10.6904,-23.0786,175,75
2026-05-07 18:25:10.280,2,0.5,1.39,0.17,5.0222,22.6596,-23.748600000000003,175,75
2026-05-07 18:25:10.280,2,0.57,1.37,0.25,1.2422000000000004,41.4996,-24.968600000000002,175,75
2026-05-07 18:25:10.299,2,0.67,1.45,0.37,-5.457800000000001,-3.8604000000000003,-23.568600000000004,175,75
2026-05-07 18:25:10.311,2,0.6,1.43,0.36,-7.1678,-24.9604,-19.7286,175,75
2026-05-07 18:25:10.327,2,0.55,1.4,0.32,-7.957800000000001,-25.080399999999997,-19.608600000000003,175,75
2026-05-07 18:25:10.343,2,0.56,1.4,0.29,-5.6478,-14.110399999999998,-21.378600000000006,175,75
2026-05-07 18:25:10.355,2,0.6,1.46,0.35,1.4922000000000004,1.4396000000000004,-23.138600000000004,175,75
2026-05-07 18:25:10.367,2,0.61,1.47,0.39,1.9122000000000003,-1.7904,-23.748600000000003,175,75
2026-05-07 18:25:10.375,2,0.61,1.48,0.42,1.062199999999999,-11.360399999999998,-23.9386,175,75
2026-05-07 18:25:10.399,2,0.56,1.47,0.4,-1.3778000000000006,-23.9904,-23.5086,175,75
2026-05-07 18:25:10.417,2,0.53,1.47,0.38,-2.8378000000000005,-25.270400000000002,-23.388600000000004,175,75
2026-05-07 18:25:10.431,2,0.5,1.49,0.36,-3.7578000000000005,-21.970399999999998,-24.058600000000006,175,75
2026-05-07 18:25:10.442,2,0.48,1.49,0.38,-2.5378000000000007,-1.670399999999999,-24.968600000000002,175,75
2026-05-07 18:25:10.454,2,0.47,1.5,0.42,0.21219999999999928,8.8796,-25.638600000000004,175,75
2026-05-07 18:25:10.466,2,0.45,1.51,0.45,3.2622,14.7996,-25.888600000000004,175,75
2026-05-07 18:25:10.476,2,0.43,1.54,0.48,6.912199999999999,17.1096,-24.7286,175,75
2026-05-07 18:25:10.487,2,0.45,1.55,0.51,11.182199999999998,13.6996,-24.7286,175,75
2026-05-07 18:25:10.498,2,0.45,1.54,0.53,14.0522,7.5396,-24.1186,175,75
2026-05-07 18:25:10.508,2,0.43,1.49,0.55,13.5622,1.1996000000000002,-24.178600000000003,175,75
2026-05-07 18:25:10.533,2,0.35,1.45,0.52,17.8322,4.7296000000000005,-27.718600000000002,175,75
2026-05-07 18:25:10.564,2,0.29,1.42,0.56,24.782200000000003,24.3696,-30.7686,175,75
2026-05-07 18:25:10.576,2,0.2,1.36,0.64,30.022199999999998,47.2996,-33.198600000000006,175,75
2026-05-07 18:25:10.587,2,0.16,1.36,0.67,33.9922,56.8096,-33.9986,175,75
2026-05-07 18:25:10.631,2,0.07,1.33,0.77,40.0222,64.5496,-31.558600000000006,175,75
2026-05-07 18:25:10.631,2,0.05,1.3,0.79,41.6122,63.3896,-30.3386,175,75
2026-05-07 18:25:10.680,2,0.13,1.35,0.8,55.212199999999996,29.8596,-27.108600000000003,175,75
2026-05-07 18:25:10.702,2,0.17,1.3,0.81,55.0222,25.3396,-26.498600000000003,175,75
2026-05-07 18:25:10.705,2,0.15,1.26,0.83,51.0622,18.7596,-25.0886,175,75
2026-05-07 18:25:10.743,2,0.11,1.39,0.65,55.452200000000005,24.489600000000003,-31.1886,175,75
2026-05-07 18:25:10.771,2,0.01,1.55,0.62,66.9822,68.6996,-28.568600000000004,175,75
2026-05-07 18:25:10.782,2,-0.05,1.57,0.71,75.3922,91.3796,-23.448600000000006,175,75
2026-05-07 18:25:10.788,2,0.06,1.57,0.78,76.0622,90.4696,-23.388600000000004,175,75
2026-05-07 18:25:10.793,2,0.18,1.6,0.84,72.3422,75.1596,-13.388600000000004,175,75
2026-05-07 18:25:10.810,2,0.32,1.65,0.86,68.4422,48.3896,0.3913999999999973,175,75
2026-05-07 18:25:10.837,2,0.35,1.8,0.54,76.2422,16.9896,13.081399999999997,175,75
2026-05-07 18:25:10.848,2,0.17,1.85,0.39,95.0922,74.2496,3.0813999999999986,175,75
2026-05-07 18:25:10.862,2,0.45,1.9,0.51,117.95219999999999,118.6396,8.501399999999997,175,75
2026-05-07 18:25:10.923,2,1.2,1.41,0.77,84.9622,-40.2004,69.1114,175,75
2026-05-07 18:25:10.944,2,1.25,1.28,0.41,72.7122,-6.5504,33.5614,175,75
2026-05-07 18:25:10.944,2,1.24,1.3,0.37,76.5522,-1.3604000000000003,26.801399999999997,175,75
2026-05-07 18:25:10.958,2,1.19,1.26,0.38,80.7022,10.8896,17.711399999999998,175,75
2026-05-07 18:25:10.998,2,1.32,1.06,0.34,62.8322,55.4696,-5.828600000000002,175,75
2026-05-07 18:25:10.998,2,1.4,1.05,0.32,65.1522,62.9096,-13.508600000000001,175,75
2026-05-07 18:25:11.044,2,1.29,1.25,0.3,72.4022,74.0596,-41.918600000000005,175,75
2026-05-07 18:25:11.083,2,1.23,1.31,0.4,61.37220000000001,49.6096,-49.4886,175,75
2026-05-07 18:25:11.093,2,1.24,1.31,0.39,59.1122,32.229600000000005,-52.528600000000004,175,75
2026-05-07 18:25:11.093,2,1.23,1.28,0.37,58.202200000000005,19.979599999999998,-55.948600000000006,175,75
2026-05-07 18:25:11.115,2,1.21,1.25,0.34,56.432199999999995,8.329600000000001,-60.028600000000004,175,75
2026-05-07 18:25:11.115,2,1.2,1.24,0.27,54.6622,-5.570399999999999,-64.6686,175,75
2026-05-07 18:25:11.137,2,1.01,1.29,0.09,46.3722,-9.2304,-74.7286,175,75
2026-05-07 18:25:11.169,2,0.73,1.44,0.02,45.5722,42.9096,-77.83860000000001,175,75
2026-05-07 18:25:11.185,2,0.58,1.4,0.15,45.0222,87.5996,-72.1686,175,75
2026-05-07 18:25:11.201,2,0.54,1.36,0.23,44.7822,89.7996,-67.83860000000001,175,75
2026-05-07 18:25:11.210,2,0.45,1.36,0.31,43.5622,78.1496,-62.7186,175,75
2026-05-07 18:25:11.240,2,0.36,1.44,0.37,43.3222,57.6596,-49.78860000000001,175,75
2026-05-07 18:25:11.250,2,0.31,1.41,0.43,44.4122,56.0796,-43.3286,175,75
2026-05-07 18:25:11.261,2,0.22,1.37,0.49,46.6722,60.8296,-36.378600000000006,175,75
2026-05-07 18:25:11.273,2,0.16,1.34,0.53,49.8422,64.2496,-32.6586,175,75
2026-05-07 18:25:11.283,2,0.1,1.32,0.58,53.9322,63.9396,-27.348600000000005,175,75
2026-05-07 18:25:11.288,2,0.03,1.3,0.63,58.322199999999995,59.6696,-23.568600000000004,175,75
2026-05-07 18:25:11.299,2,-0.02,1.26,0.68,61.6122,54.3696,-21.128600000000006,175,75
2026-05-07 18:25:11.322,2,-0.09,1.08,0.85,61.6122,32.5396,-15.888600000000004,175,75
2026-05-07 18:25:11.335,2,-0.12,0.96,0.92,57.462199999999996,16.9896,-14.1186,175,75
2026-05-07 18:25:11.382,2,-0.21,0.89,0.78,52.5922,-71.4204,-19.1186,175,75
2026-05-07 18:25:11.386,2,-0.27,0.95,0.63,54.172200000000004,-57.8904,-28.388600000000004,175,75
2026-05-07 18:25:11.416,2,-0.37,1.0,0.53,65.5722,23.6996,-36.4986,175,75
2026-05-07 18:25:11.416,2,-0.27,0.98,0.63,67.5222,50.0396,-41.1286,175,75
2026-05-07 18:25:11.437,2,-0.15,0.94,0.78,62.712199999999996,69.9796,-43.0186,175,75
2026-05-07 18:25:11.451,2,-0.05,0.94,0.88,55.452200000000005,83.4496,-43.568599999999996,175,75
2026-05-07 18:25:11.452,2,0.02,0.99,0.93,50.0922,90.03960000000001,-43.6886,175,75
2026-05-07 18:25:11.479,2,-0.13,1.39,0.72,62.952200000000005,82.9696,-26.918600000000005,175,75
2026-05-07 18:25:11.479,2,-0.08,1.52,0.7,68.3822,72.1696,-28.998600000000003,175,75
2026-05-07 18:25:11.497,2,0.22,1.63,0.72,57.712199999999996,36.4996,-25.948600000000006,175,75
2026-05-07 18:25:11.497,2,0.42,1.71,0.69,34.8422,-3.8604000000000003,-11.498600000000003,175,75
2026-05-07 18:25:11.510,2,-0.05,2.03,0.54,-0.03780000000000072,-21.910400000000003,15.581399999999997,175,75
2026-05-07 18:25:11.530,2,0.3,2.54,0.36,-13.2078,-55.270399999999995,66.3714,175,75
2026-05-07 18:25:11.559,2,-1.18,2.7,0.57,10.2122,17.2296,67.8914,175,75
2026-05-07 18:25:11.590,2,2.24,0.56,0.73,-22.2878,-136.8504,4.111399999999996,175,75
2026-05-07 18:25:11.590,2,0.7,1.23,-0.43,25.702199999999998,-68.8004,51.611399999999996,175,75
2026-05-07 18:25:11.606,2,1.06,1.39,-0.05,62.952200000000005,147.2996,62.9514,175,75
2026-05-07 18:25:11.654,2,1.76,0.83,0.92,56.672200000000004,182.5996,6.191399999999998,175,75
2026-05-07 18:25:11.671,2,1.83,0.9,1.04,53.8122,123.5796,-6.498600000000003,175,75
2026-05-07 18:25:11.688,2,1.51,1.24,1.12,76.9122,77.8396,-15.0886,175,75
2026-05-07 18:25:11.688,2,1.51,1.25,1.08,88.3822,64.9196,-14.9086,175,75
2026-05-07 18:25:11.700,2,1.48,1.23,0.95,92.2222,51.199600000000004,-11.558600000000006,175,75
2026-05-07 18:25:11.717,2,1.13,1.29,0.64,94.7822,84.6696,-17.168600000000005,175,75
2026-05-07 18:25:11.741,2,1.09,1.14,0.98,100.4522,91.9896,-28.9386,175,75
2026-05-07 18:25:11.755,2,1.04,1.11,1.15,97.2822,82.1696,-30.218600000000002,175,75
2026-05-07 18:25:11.766,2,1.08,1.22,1.15,91.7922,59.6096,-26.1886,175,75
2026-05-07 18:25:11.776,2,1.1,1.29,1.1,91.4322,41.9296,-20.698600000000006,175,75
2026-05-07 18:25:11.787,2,1.08,1.26,1.06,94.5422,43.6396,-20.8286,175,75
2026-05-07 18:25:11.813,2,1.01,1.14,0.95,108.2022,92.5996,-29.178600000000003,175,75
2026-05-07 18:25:11.832,2,0.89,1.21,1.05,122.2222,108.4496,-32.958600000000004,175,75
2026-05-07 18:25:11.863,2,0.98,1.12,1.21,118.5622,98.7596,-24.058600000000006,175,75
2026-05-07 18:25:11.891,2,1.08,0.79,1.01,118.8722,70.33959999999999,-22.8386,175,75
2026-05-07 18:25:11.902,2,1.11,0.75,0.94,124.05220000000001,77.2996,-28.2686,175,75
2026-05-07 18:25:11.912,2,1.01,0.76,0.82,129.7822,89.9196,-27.958600000000004,175,75
2026-05-07 18:25:11.941,2,0.82,0.8,0.73,142.7122,92.53960000000001,-34.1786,175,75
2026-05-07 18:25:11.952,2,0.83,0.75,0.79,145.0222,90.4696,-33.628600000000006,175,75
2026-05-07 18:25:11.952,2,0.85,0.71,0.81,145.9422,79.0596,-32.958600000000004,175,75
2026-05-07 18:25:11.978,2,0.9,0.69,0.73,148.99220000000003,44.1896,-31.918600000000005,175,75
2026-05-07 18:25:12.000,2,0.82,0.62,0.6,149.9022,28.3896,-35.638600000000004,175,75
2026-05-07 18:25:12.033,2,0.65,0.66,0.36,152.5922,11.3796,-38.808600000000006,175,75
2026-05-07 18:25:12.044,2,0.57,0.69,0.32,152.2222,2.2996,-40.028600000000004,175,75
2026-05-07 18:25:12.063,2,0.59,0.71,0.3,146.67219999999998,-9.4104,-44.5486,175,75
2026-05-07 18:25:12.074,2,0.63,0.71,0.24,135.9422,-24.5304,-45.638600000000004,175,75
2026-05-07 18:25:12.087,2,0.6,0.73,0.17,120.39219999999999,-41.8504,-48.6886,175,75
2026-05-07 18:25:12.101,2,0.54,0.77,0.14,110.9422,-44.1704,-50.8286,175,75
2026-05-07 18:25:12.141,2,0.47,0.8,0.16,102.8922,47.0496,-47.89860000000001,175,75
2026-05-07 18:25:12.173,2,0.48,0.91,0.17,94.6022,10.3396,-42.4086,175,75
2026-05-07 18:25:12.186,2,0.42,1.07,0.15,80.4522,-32.2204,-37.5886,175,75
2026-05-07 18:25:12.236,2,0.6,0.95,0.35,71.5522,57.7796,-14.238600000000005,175,75
2026-05-07 18:25:12.251,2,0.58,1.01,0.36,69.2922,20.3396,-10.948600000000006,175,75
2026-05-07 18:25:12.271,2,0.52,1.11,0.32,60.3922,-34.1704,-12.108600000000003,175,75
2026-05-07 18:25:12.299,2,0.43,1.24,0.17,23.322200000000002,-7.340399999999999,-3.268600000000003,175,75
2026-05-07 18:25:12.319,2,0.41,1.17,0.22,15.572199999999999,40.7696,1.0013999999999967,175,75
2026-05-07 18:25:12.319,2,0.44,1.11,0.31,8.7422,75.09960000000001,5.701399999999996,175,75
2026-05-07 18:25:12.330,2,0.51,1.1,0.38,2.7121999999999993,83.9996,8.441399999999998,175,75
2026-05-07 18:25:12.365,2,0.62,1.22,0.59,-9.0578,1.4396000000000004,8.561399999999999,175,75
2026-05-07 18:25:12.375,2,0.6,1.26,0.6,-16.797800000000002,-47.3404,12.651399999999997,175,75
2026-05-07 18:25:12.396,2,0.51,1.25,0.42,-34.7278,-56.180400000000006,10.271399999999998,175,75
2026-05-07 18:25:12.408,2,0.48,1.24,0.35,-36.797799999999995,-43.7404,9.171399999999998,175,75
2026-05-07 18:25:12.422,2,0.42,1.26,0.32,-37.3478,-18.4404,6.921399999999998,175,75
2026-05-07 18:25:12.456,2,0.42,1.51,0.27,-28.817800000000002,35.8296,-2.468600000000002,175,75
2026-05-07 18:25:12.462,2,0.44,1.61,0.27,-17.4078,50.2796,-0.6386000000000038,175,75
2026-05-07 18:25:12.546,2,0.34,1.33,0.5,-14.607800000000001,6.8696,25.821399999999997,175,75
2026-05-07 18:25:12.553,2,0.31,1.34,0.47,-15.2778,8.6396,29.481399999999997,175,75
2026-05-07 18:25:12.611,2,0.58,1.39,0.63,-22.477800000000002,3.4496,40.8814,175,75
2026-05-07 18:25:12.616,2,0.54,1.38,0.61,-23.0178,-5.880399999999998,43.0814,175,75
2026-05-07 18:25:12.647,2,0.47,1.31,0.53,-19.9078,-9.720399999999998,43.4414,175,75
2026-05-07 18:25:12.658,2,0.42,1.28,0.52,-15.7078,-3.6204,44.541399999999996,175,75
2026-05-07 18:25:12.673,2,0.43,1.27,0.52,-11.8678,1.499600000000001,45.761399999999995,175,75
2026-05-07 18:25:12.700,2,0.34,1.23,0.55,-8.2078,15.5896,48.20139999999999,175,75
2026-05-07 18:25:12.701,2,0.28,1.18,0.56,-6.867800000000001,22.229599999999998,50.5814,175,75
2026-05-07 18:25:12.730,2,0.15,1.09,0.58,-4.6078,40.4096,54.6014,175,75
2026-05-07 18:25:12.750,2,0.08,1.09,0.6,-2.9578000000000007,61.5596,57.2814,175,75
2026-05-07 18:25:12.759,2,0.02,1.07,0.62,-2.2878000000000007,75.7696,59.301399999999994,175,75
2026-05-07 18:25:12.773,2,-0.05,1.03,0.64,-1.1278000000000006,94.5496,60.581399999999995,175,75
2026-05-07 18:25:12.786,2,-0.09,1.0,0.66,0.5122,111.3796,62.471399999999996,175,75
2026-05-07 18:25:12.811,2,-0.13,0.96,0.78,2.4621999999999993,141.3196,71.9214,175,75
2026-05-07 18:25:12.811,2,-0.12,0.95,0.83,0.022199999999999775,151.6196,79.6014,175,75
2026-05-07 18:25:12.827,2,-0.12,0.93,0.87,-3.5678,155.8296,86.5514,175,75
2026-05-07 18:25:12.841,2,-0.09,0.9,0.92,-8.9978,154.1896,94.0514,175,75
2026-05-07 18:25:12.854,2,-0.08,0.89,0.94,-14.607800000000001,147.7196,103.81139999999999,175,75
2026-05-07 18:25:12.854,2,-0.02,0.88,0.95,-17.477800000000002,140.0396,110.88139999999999,175,75
2026-05-07 18:25:12.877,2,0.11,0.82,0.95,-24.4878,123.2096,131.4914,175,75
2026-05-07 18:25:12.900,2,0.05,0.72,0.92,-42.7178,150.5896,152.4114,175,75
2026-05-07 18:25:12.937,2,0.25,0.41,1.23,-73.3878,166.9296,181.00140000000002,175,75
2026-05-07 18:25:12.948,2,0.35,0.27,1.34,-97.4778,146.1396,188.6214,175,75
2026-05-07 18:25:12.959,2,0.43,0.18,1.4,-122.1078,125.5896,203.75140000000002,175,75
2026-05-07 18:25:12.972,2,0.46,0.15,1.33,-132.4778,109.1196,219.66140000000001,175,75
2026-05-07 18:25:12.978,2,0.47,0.1,1.26,-128.0178,103.7596,226.5514,175,75
2026-05-07 18:25:12.986,2,0.48,0.01,1.25,-121.1878,112.0496,228.9314,175,75
2026-05-07 18:25:13.014,2,0.67,-0.25,1.46,-126.4978,122.7196,230.5114,175,75
2026-05-07 18:25:13.024,2,0.7,-0.33,1.56,-138.68779999999998,106.0796,231.7314,175,75
2026-05-07 18:25:13.046,2,0.74,-0.41,1.68,-153.26780000000002,38.0296,236.00140000000002,175,75
2026-05-07 18:25:13.057,2,0.93,-0.37,1.1,-167.89780000000002,-11.180399999999999,243.2014,175,75
2026-05-07 18:25:13.069,2,0.79,-0.39,1.55,-149.1178,-35.5704,258.5014,175,75
2026-05-07 18:25:13.078,2,0.93,-0.52,1.45,-130.33780000000002,-74.1104,254.3014,175,75
2026-05-07 18:25:13.091,2,1.02,-0.61,1.37,-125.3978,-80.6904,247.16140000000001,175,75
2026-05-07 18:25:13.105,2,0.98,-0.6,1.23,-125.0978,-66.7904,239.1114,175,75
2026-05-07 18:25:13.128,2,0.77,-0.48,1.12,-124.0578,-75.9404,223.9914,175,75
2026-05-07 18:25:13.135,2,0.7,-0.5,1.03,-124.23780000000001,-70.7504,218.9314,175,75
2026-05-07 18:25:13.156,2,0.7,-0.5,0.93,-124.1778,-61.6104,214.4214,175,75
2026-05-07 18:25:13.167,2,0.76,-0.45,0.79,-118.1478,-39.7204,208.1414,175,75
2026-05-07 18:25:13.192,2,0.77,-0.38,0.76,-97.9578,28.6996,197.9514,175,75
2026-05-07 18:25:13.192,2,0.75,-0.41,0.82,-94.4278,58.699600000000004,191.00140000000002,175,75
2026-05-07 18:25:13.220,2,0.68,-0.5,0.97,-96.0678,79.2496,178.1414,175,75
2026-05-07 18:25:13.230,2,0.68,-0.52,1.03,-97.3478,72.1696,169.97140000000002,175,75
2026-05-07 18:25:13.248,2,0.62,-0.48,1.07,-97.7178,34.2496,140.7014,175,75
2026-05-07 18:25:13.274,2,0.52,-0.32,0.9,-86.3778,21.7496,113.38139999999999,175,75
2026-05-07 18:25:13.287,2,0.48,-0.29,0.87,-77.9578,32.5396,102.3414,175,75
2026-05-07 18:25:13.287,2,0.43,-0.24,0.87,-67.2878,49.2496,91.98140000000001,175,75
2026-05-07 18:25:13.300,2,0.4,-0.2,0.91,-51.6178,71.4996,79.6014,175,75
2026-05-07 18:25:13.322,2,0.39,-0.17,0.94,-37.6578,86.4396,68.44139999999999,175,75
2026-05-07 18:25:13.327,2,0.41,-0.15,0.97,-27.1678,94.0596,60.761399999999995,175,75
2026-05-07 18:25:13.363,2,0.4,-0.1,1.02,8.0122,89.3696,32.5914,175,75
2026-05-07 18:25:13.386,2,0.31,-0.05,1.07,22.3422,77.3596,17.221399999999996,175,75
2026-05-07 18:25:13.397,2,0.29,-0.04,1.08,26.492199999999997,68.3896,11.491399999999997,175,75
2026-05-07 18:25:13.397,2,0.29,-0.02,1.1,29.0522,54.5496,5.941399999999998,175,75
2026-05-07 18:25:13.413,2,0.28,-0.01,1.12,30.0922,37.229600000000005,1.0013999999999967,175,75
2026-05-07 18:25:13.420,2,0.25,-0.0,1.16,32.1622,15.7096,-4.178600000000003,175,75
2026-05-07 18:25:13.454,2,0.18,-0.0,1.07,41.0622,-25.020400000000002,-13.508600000000001,175,75
2026-05-07 18:25:13.465,2,0.14,-0.0,1.08,44.9622,-30.7504,-16.988600000000005,175,75
2026-05-07 18:25:13.475,2,0.12,-0.01,1.07,48.2022,-34.3504,-19.358600000000003,175,75
2026-05-07 18:25:13.501,2,0.07,-0.04,1.08,55.3922,-43.2504,-23.3286,175,75
2026-05-07 18:25:13.515,2,0.06,-0.05,1.08,57.40219999999999,-47.9504,-23.878600000000006,175,75
2026-05-07 18:25:13.515,2,0.03,-0.07,1.09,59.1122,-53.1904,-24.418600000000005,175,75
2026-05-07 18:25:13.527,2,0.01,-0.09,1.08,61.062200000000004,-60.4504,-25.278600000000004,175,75
2026-05-07 18:25:13.537,2,-0.03,-0.09,1.08,63.1322,-67.3404,-27.288600000000002,175,75
2026-05-07 18:25:13.552,2,-0.04,-0.09,1.07,64.1722,-72.5204,-28.198600000000006,175,75
2026-05-07 18:25:13.564,2,-0.06,-0.09,1.07,65.2122,-77.4004,-28.448600000000006,175,75
2026-05-07 18:25:13.571,2,-0.06,-0.1,1.07,64.9622,-82.1604,-28.628600000000006,175,75
2026-05-07 18:25:13.583,2,-0.06,-0.11,1.07,64.2922,-88.3804,-28.198600000000006,175,75
2026-05-07 18:25:13.595,2,-0.07,-0.13,1.05,64.2322,-92.2204,-28.198600000000006,175,75
2026-05-07 18:25:13.605,2,-0.09,-0.14,1.05,63.9922,-94.6604,-28.998600000000003,175,75
2026-05-07 18:25:13.623,2,-0.09,-0.16,1.05,64.1722,-95.6904,-30.888600000000004,175,75
2026-05-07 18:25:13.648,2,-0.09,-0.23,1.02,66.8522,-95.6904,-34.848600000000005,175,75
2026-05-07 18:25:13.659,2,-0.12,-0.24,1.0,68.2022,-94.2304,-37.2886,175,75
2026-05-07 18:25:13.670,2,-0.15,-0.23,0.98,69.9622,-90.1404,-40.948600000000006,175,75
2026-05-07 18:25:13.764,2,-0.17,-0.12,0.94,86.1822,-28.3804,-48.6286,175,75
2026-05-07 18:25:13.780,2,-0.17,-0.13,0.94,85.51219999999999,-21.730400000000003,-46.7986,175,75
2026-05-07 18:25:13.805,2,-0.18,-0.11,0.95,84.1122,-10.880399999999998,-45.1586,175,75
2026-05-07 18:25:13.812,2,-0.17,-0.08,0.96,82.5922,-5.9404,-43.6286,175,75
2026-05-07 18:25:13.833,2,-0.16,-0.03,0.96,79.3522,0.09960000000000058,-39.418600000000005,175,75
2026-05-07 18:25:13.848,2,-0.15,0.0,0.98,73.5622,5.889600000000001,-32.168600000000005,175,75
2026-05-07 18:25:13.875,2,-0.15,0.05,0.99,67.8322,6.139600000000001,-25.1586,175,75
2026-05-07 18:25:13.885,2,-0.14,0.06,0.99,64.2922,5.0396,-21.678600000000003,175,75
2026-05-07 18:25:13.941,2,-0.13,0.12,1.0,38.0722,0.5296000000000003,2.3413999999999966,175,75
2026-05-07 18:25:13.975,2,-0.09,0.13,0.98,26.9122,-6.1204,8.561399999999999,175,75
2026-05-07 18:25:13.985,2,-0.08,0.13,0.97,21.182199999999998,-6.180399999999999,11.861399999999998,175,75
2026-05-07 18:25:14.010,2,-0.08,0.12,0.96,5.7021999999999995,-2.9504,15.881399999999998,175,75
2026-05-07 18:25:14.034,2,0.02,0.13,0.96,-17.4078,-5.1404,24.661399999999997,175,75
2026-05-07 18:25:14.051,2,0.03,0.12,0.96,-25.3978,-5.880399999999998,27.101399999999998,175,75
2026-05-07 18:25:14.051,2,0.03,0.1,0.96,-32.8378,-5.200399999999998,28.691399999999998,175,75
2026-05-07 18:25:14.076,2,0.02,0.08,0.95,-46.4378,1.0096000000000007,31.861399999999996,175,75
2026-05-07 18:25:14.099,2,0.0,0.07,0.95,-54.4278,7.9096,33.9914,175,75
2026-05-07 18:25:14.103,2,-0.0,0.06,0.96,-61.7978,14.249600000000001,36.0614,175,75
2026-05-07 18:25:14.113,2,-0.01,0.04,0.97,-69.6078,19.1196,37.9514,175,75
2026-05-07 18:25:14.129,2,-0.0,0.03,0.97,-75.6478,22.049599999999998,39.481399999999994,175,75
2026-05-07 18:25:14.145,2,0.01,0.02,0.99,-85.4578,23.0896,42.1614,175,75
2026-05-07 18:25:14.157,2,0.02,0.0,0.99,-91.7978,22.419600000000003,43.6914,175,75
2026-05-07 18:25:14.167,2,0.03,-0.01,0.99,-97.7178,22.419600000000003,45.09139999999999,175,75
2026-05-07 18:25:14.178,2,0.03,-0.03,0.99,-103.5078,22.7196,46.0014,175,75
2026-05-07 18:25:14.192,2,0.02,-0.05,0.99,-107.0478,24.2496,47.1614,175,75
2026-05-07 18:25:14.227,2,-0.01,-0.12,1.01,-115.7078,27.299599999999998,48.011399999999995,175,75
2026-05-07 18:25:14.231,2,-0.02,-0.14,1.03,-117.7178,27.7196,47.2814,175,75
2026-05-07 18:25:14.244,2,-0.03,-0.16,1.04,-118.2078,28.0896,46.2514,175,75
2026-05-07 18:25:14.252,2,-0.02,-0.16,1.03,-117.4078,28.209600000000002,45.3314,175,75
2026-05-07 18:25:14.268,2,-0.01,-0.16,1.05,-115.3378,28.0896,43.3214,175,75
2026-05-07 18:25:14.296,2,0.03,-0.13,1.05,-100.4578,27.419600000000003,37.7714,175,75
2026-05-07 18:25:14.310,2,0.01,-0.13,1.05,-96.0078,28.209600000000002,36.3114,175,75
2026-05-07 18:25:14.323,2,0.0,-0.14,1.05,-90.3978,28.3296,34.111399999999996,175,75
2026-05-07 18:25:14.329,2,0.0,-0.15,1.04,-83.3278,28.0896,31.731399999999997,175,75
2026-05-07 18:25:14.351,2,0.01,-0.15,1.03,-68.2678,22.169600000000003,26.6714,175,75
2026-05-07 18:25:14.361,2,-0.0,-0.15,1.01,-63.2678,22.1096,25.881399999999996,175,75
2026-05-07 18:25:14.374,2,-0.02,-0.15,1.0,-58.3878,23.4496,24.721399999999996,175,75
2026-05-07 18:25:14.387,2,-0.04,-0.15,1.0,-54.1178,26.0796,22.471399999999996,175,75
2026-05-07 18:25:14.399,2,-0.04,-0.16,1.02,-46.9278,32.479600000000005,19.051399999999997,175,75
2026-05-07 18:25:14.408,2,-0.04,-0.17,1.04,-41.317800000000005,36.7496,17.161399999999997,175,75
2026-05-07 18:25:14.419,2,-0.03,-0.18,1.08,-36.067800000000005,40.099599999999995,15.331399999999997,175,75
2026-05-07 18:25:14.443,2,-0.02,-0.18,1.11,-27.227800000000002,35.099599999999995,13.201399999999998,175,75
2026-05-07 18:25:14.454,2,-0.02,-0.17,1.11,-24.0578,34.6096,13.261399999999997,175,75
2026-05-07 18:25:14.465,2,-0.02,-0.16,1.1,-18.5078,36.5596,13.141399999999997,175,75
2026-05-07 18:25:14.470,2,-0.03,-0.14,1.08,-13.017800000000001,40.8296,12.771399999999998,175,75
2026-05-07 18:25:14.486,2,-0.05,-0.1,1.07,-6.5578,48.0296,12.341399999999997,175,75
2026-05-07 18:25:14.491,2,-0.06,-0.07,1.07,-1.4977999999999998,53.0896,12.891399999999997,175,75
2026-05-07 18:25:14.500,2,-0.07,-0.05,1.09,3.9922000000000004,57.5996,15.391399999999997,175,75
2026-05-07 18:25:14.523,2,-0.08,-0.04,1.13,7.592199999999998,56.8096,17.8314,175,75
2026-05-07 18:25:14.534,2,-0.07,-0.02,1.15,9.9622,47.5396,19.4214,175,75
2026-05-07 18:25:14.545,2,-0.05,0.02,1.19,11.182199999999998,31.3796,20.451399999999996,175,75
2026-05-07 18:25:14.552,2,-0.03,0.06,1.22,11.0622,13.579600000000001,22.041399999999996,175,75
2026-05-07 18:25:14.572,2,-0.02,0.14,1.25,11.432199999999998,-37.9504,26.251399999999997,175,75
2026-05-07 18:25:14.583,2,-0.04,0.17,1.27,13.0122,-66.9704,25.701399999999996,175,75
2026-05-07 18:25:14.598,2,-0.05,0.2,1.26,14.482199999999999,-89.1704,24.971399999999996,175,75
2026-05-07 18:25:14.644,2,-0.14,0.17,1.19,11.8522,-171.9104,20.151399999999995,175,75
2026-05-07 18:25:14.656,2,-0.16,0.11,1.15,8.202200000000001,-179.5304,16.6714,175,75
2026-05-07 18:25:14.667,2,-0.19,0.05,1.12,4.1122,-180.0204,12.531399999999998,175,75
2026-05-07 18:25:14.679,2,-0.22,-0.01,1.08,-1.6777999999999995,-174.5904,6.861399999999996,175,75
2026-05-07 18:25:14.695,2,-0.25,-0.12,1.05,-13.1478,-154.0504,-2.6586000000000034,175,75
2026-05-07 18:25:14.706,2,-0.27,-0.17,1.04,-18.7578,-138.0104,-7.468600000000002,175,75
2026-05-07 18:25:14.709,2,-0.28,-0.2,1.02,-23.7578,-119.41040000000001,-12.8386,175,75
2026-05-07 18:25:14.743,2,-0.26,-0.12,1.0,-27.5378,-54.7204,-30.1586,175,75
2026-05-07 18:25:14.754,2,-0.23,-0.07,1.02,-25.2178,-37.8304,-33.9986,175,75
2026-05-07 18:25:14.781,2,-0.14,0.01,1.05,-15.0978,-16.4904,-37.7186,175,75
2026-05-07 18:25:14.781,2,-0.11,0.02,1.07,-9.7278,-14.0504,-38.6886,175,75
2026-05-07 18:25:14.800,2,-0.08,0.04,1.09,-3.3278,-16.4204,-41.8586,175,75
2026-05-07 18:25:14.800,2,-0.06,0.05,1.1,-0.03780000000000072,-20.940399999999997,-42.9586,175,75
2026-05-07 18:25:14.815,2,-0.07,0.03,1.1,2.892199999999999,-24.1704,-41.61860000000001,175,75
2026-05-07 18:25:14.832,2,-0.16,-0.06,1.08,8.4422,-27.520400000000002,-36.918600000000005,175,75
2026-05-07 18:25:14.850,2,-0.08,-0.17,1.1,12.162199999999999,-40.6904,-38.9986,175,75
2026-05-07 18:25:14.861,2,-0.01,-0.23,1.09,14.9622,-52.770399999999995,-40.278600000000004,175,75
2026-05-07 18:25:14.879,2,0.02,-0.22,1.0,18.3222,-47.0304,-43.7486,175,75
2026-05-07 18:25:14.904,2,0.19,-0.18,1.01,30.272199999999998,-52.0904,-50.33860000000001,175,75
2026-05-07 18:25:14.916,2,0.27,-0.16,1.1,34.4122,-58.4404,-51.558600000000006,175,75
2026-05-07 18:25:14.920,2,0.45,-0.16,1.17,35.8822,-77.8304,-57.22860000000001,175,75
2026-05-07 18:25:14.933,2,0.69,-0.22,1.22,35.2122,-132.4004,-61.7386,175,75
2026-05-07 18:25:14.939,2,0.77,-0.31,1.23,33.6822,-185.2704,-64.9086,175,75
2026-05-07 18:25:14.951,2,0.71,-0.48,1.11,32.5922,-225.8104,-71.1286,175,75
2026-05-07 18:25:14.963,2,0.61,-0.58,0.86,33.5022,-228.8004,-84.7886,175,75
2026-05-07 18:25:14.975,2,0.53,-0.63,0.6,36.9122,-218.3804,-100.6386,175,75
2026-05-07 18:25:14.996,2,0.44,-0.7,0.3,42.2822,-167.7704,-129.7286,175,75
2026-05-07 18:25:15.018,2,0.52,-0.69,0.24,37.5922,-79.4704,-161.55859999999998,175,75
2026-05-07 18:25:15.049,2,0.52,-0.54,0.25,46.0022,-23.9904,-178.2686,175,75
2026-05-07 18:25:15.053,2,0.47,-0.5,0.3,53.5622,16.7496,-183.74859999999998,175,75
2026-05-07 18:25:15.121,2,0.19,-0.66,0.8,105.5722,24.669600000000003,-210.3986,175,75
2026-05-07 18:25:15.139,2,0.14,-0.53,0.79,111.9122,18.3296,-210.8886,175,75
2026-05-07 18:25:15.171,2,0.24,-0.26,0.81,119.5422,-3.5603999999999996,-200.9486,175,75
2026-05-07 18:25:15.188,2,0.35,-0.25,0.83,105.7022,-37.0304,-189.9686,175,75
2026-05-07 18:25:15.194,2,0.48,-0.3,0.76,97.0422,-55.2004,-190.2186,175,75
2026-05-07 18:25:15.223,2,0.61,-0.21,0.65,80.8822,-45.2704,-199.9686,175,75
2026-05-07 18:25:15.223,2,0.6,-0.03,0.65,78.2022,-23.190399999999997,-201.24859999999998,175,75
2026-05-07 18:25:15.256,2,0.72,0.2,0.77,68.9922,-26.1804,-189.2386,175,75
2026-05-07 18:25:15.269,2,0.82,0.18,0.85,54.542199999999994,-36.8504,-186.3786,175,75
2026-05-07 18:25:15.279,2,0.85,0.13,0.88,39.2322,-53.3104,-183.0786,175,75
2026-05-07 18:25:15.303,2,0.73,0.15,0.8,16.6122,-81.5504,-183.5686,175,75
2026-05-07 18:25:15.324,2,0.63,0.18,0.79,6.6722,-82.46039999999999,-176.6786,175,75
2026-05-07 18:25:15.387,2,0.46,0.43,0.82,-0.09779999999999944,-96.6704,-147.4086,175,75
2026-05-07 18:25:15.409,2,0.36,0.56,0.83,5.5722000000000005,-102.3404,-138.6286,175,75
2026-05-07 18:25:15.420,2,0.26,0.64,0.82,6.732199999999999,-101.9104,-132.2886,175,75
2026-05-07 18:25:15.431,2,0.15,0.71,0.8,6.552199999999999,-94.3504,-127.4086,175,75
2026-05-07 18:25:15.446,2,0.05,0.79,0.77,6.312200000000001,-84.8404,-122.6586,175,75
2026-05-07 18:25:15.449,2,-0.02,0.86,0.77,7.522199999999998,-71.7904,-118.3886,175,75
2026-05-07 18:25:15.474,2,-0.01,0.99,0.73,13.4422,-52.7004,-108.99859999999998,175,75
2026-05-07 18:25:15.483,2,0.0,1.02,0.75,15.272199999999998,-43.3104,-103.93860000000001,175,75
2026-05-07 18:25:15.497,2,-0.05,1.0,0.75,14.412199999999999,-24.050399999999996,-99.9086,175,75
2026-05-07 18:25:15.500,2,-0.11,1.01,0.73,15.272199999999998,-6.1204,-96.67859999999999,175,75
2026-05-07 18:25:15.574,2,-0.02,1.19,0.8,22.772199999999998,32.3596,-65.6986,175,75
2026-05-07 18:25:15.579,2,0.01,1.14,0.88,19.6022,11.0096,-68.1986,175,75
2026-05-07 18:25:15.592,2,0.01,1.11,0.93,14.412199999999999,-19.2304,-72.2886,175,75
2026-05-07 18:25:15.622,2,-0.68,1.28,0.99,-3.0178000000000003,-46.4904,-65.9486,175,75
2026-05-07 18:25:15.636,2,0.63,1.6,0.86,-34.3678,-158.5604,-25.1586,175,75
2026-05-07 18:25:15.648,2,0.59,1.06,0.62,-70.7678,-301.2404,0.3913999999999973,175,75
2026-05-07 18:25:15.674,2,0.23,1.2,0.08,-16.797800000000002,-21.300399999999996,-43.9986,175,75
2026-05-07 18:25:15.686,2,0.5,1.27,0.07,-10.277800000000001,26.6896,-43.0186,175,75
2026-05-07 18:25:15.686,2,0.29,1.29,0.32,-9.8478,76.6896,-40.5786,175,75
2026-05-07 18:25:15.702,2,0.59,1.33,0.45,-7.8978,86.8696,-39.11860000000001,175,75
2026-05-07 18:25:15.709,2,0.74,1.44,0.64,-4.2978000000000005,14.979600000000001,-42.9586,175,75
2026-05-07 18:25:15.736,2,0.54,1.74,0.44,-18.6278,-94.3504,-2.588600000000003,175,75
2026-05-07 18:25:15.747,2,0.49,1.83,0.23,-24.547800000000002,-94.6604,2.8313999999999986,175,75
2026-05-07 18:25:15.758,2,0.51,1.92,0.13,-25.3378,-77.2204,17.531399999999998,175,75
2026-05-07 18:25:15.769,2,0.6,1.9,0.18,-27.6578,-33.3104,34.3014,175,75
2026-05-07 18:25:15.784,2,0.7,1.77,0.29,-36.0078,23.9396,48.011399999999995,175,75
2026-05-07 18:25:15.813,2,1.07,1.48,0.69,-58.8778,-105.5104,48.5014,175,75
2026-05-07 18:25:15.836,2,0.85,1.41,0.26,-82.8378,-138.0704,38.6914,175,75
2026-05-07 18:25:15.847,2,0.78,1.38,0.14,-85.9478,-115.3304,35.09139999999999,175,75
2026-05-07 18:25:15.858,2,0.68,1.32,0.16,-86.9278,-67.1604,33.011399999999995,175,75
2026-05-07 18:25:15.868,2,0.63,1.28,0.25,-89.0578,-13.250399999999999,31.4914,175,75
2026-05-07 18:25:15.879,2,0.68,1.25,0.35,-90.7678,31.8096,28.5614,175,75
2026-05-07 18:25:15.879,2,0.77,1.24,0.5,-89.9778,40.4696,22.651399999999995,175,75
2026-05-07 18:25:15.908,2,0.76,1.26,0.74,-86.9278,-13.9204,16.801399999999997,175,75
2026-05-07 18:25:15.918,2,0.78,1.25,0.73,-89.4278,-29.7804,15.271399999999998,175,75
2026-05-07 18:25:15.971,2,0.66,1.37,0.56,-89.3678,-62.8904,5.451399999999996,175,75
2026-05-07 18:25:16.002,2,0.63,1.34,0.5,-87.5978,-40.8804,1.9813999999999972,175,75
2026-05-07 18:25:16.037,2,0.69,1.26,0.43,-89.8478,-21.790399999999998,-11.308600000000006,175,75
2026-05-07 18:25:16.049,2,0.54,1.28,0.43,-82.2278,2.169600000000001,-11.558600000000006,175,75
2026-05-07 18:25:16.077,2,0.47,1.38,0.52,-66.2578,21.6196,-8.198600000000006,175,75
2026-05-07 18:25:16.094,2,0.48,1.37,0.56,-77.2878,-2.4003999999999994,0.5113999999999983,175,75
2026-05-07 18:25:16.094,2,0.48,1.34,0.54,-86.4378,-14.900400000000001,2.7713999999999963,175,75
2026-05-07 18:25:16.105,2,0.5,1.31,0.52,-91.6778,-22.220399999999998,3.2613999999999983,175,75
2026-05-07 18:25:16.146,2,0.52,1.25,0.52,-89.6078,-21.0604,5.761399999999998,175,75
2026-05-07 18:25:16.146,2,0.53,1.24,0.52,-90.8278,-22.220399999999998,5.881399999999996,175,75
2026-05-07 18:25:16.162,2,0.49,1.23,0.51,-95.0378,-23.1304,6.001399999999997,175,75
2026-05-07 18:25:16.175,2,0.42,1.25,0.5,-101.0078,-13.0104,7.161399999999997,175,75
2026-05-07 18:25:16.208,2,0.51,1.29,0.63,-113.6878,-16.5504,5.821399999999997,175,75
2026-05-07 18:25:16.222,2,0.5,1.27,0.62,-121.6778,-22.160400000000003,4.721399999999996,175,75
2026-05-07 18:25:16.251,2,0.47,1.25,0.57,-125.8278,-14.290399999999998,3.9913999999999987,175,75
2026-05-07 18:25:16.261,2,0.47,1.2,0.63,-128.99779999999998,5.469600000000001,3.1413999999999973,175,75
2026-05-07 18:25:16.281,2,0.48,1.18,0.67,-130.8878,10.9496,2.7113999999999976,175,75
2026-05-07 18:25:16.291,2,0.51,1.15,0.72,-132.5978,13.5096,1.311399999999999,175,75
2026-05-07 18:25:16.301,2,0.53,1.14,0.76,-134.3678,11.4396,0.2113999999999976,175,75
2026-05-07 18:25:16.301,2,0.56,1.14,0.81,-135.8278,4.4896,-0.9486000000000026,175,75
2026-05-07 18:25:16.311,2,0.55,1.18,0.84,-137.5378,-1.7303999999999995,-1.2486000000000033,175,75
2026-05-07 18:25:16.328,2,0.53,1.19,0.84,-140.2178,-6.970399999999998,-1.9886000000000017,175,75
2026-05-07 18:25:16.342,2,0.49,1.17,0.83,-142.7178,-9.2304,-2.6586000000000034,175,75
2026-05-07 18:25:16.350,2,0.45,1.15,0.84,-146.9878,-12.0304,-6.0686000000000035,175,75
2026-05-07 18:25:16.373,2,0.44,1.14,0.85,-151.37779999999998,-13.0704,-9.1186,175,75
2026-05-07 18:25:16.383,2,0.39,1.16,0.91,-162.4078,-13.380399999999998,-14.178600000000003,175,75
2026-05-07 18:25:16.417,2,0.34,1.21,0.94,-178.81779999999998,-14.720399999999998,-19.178600000000003,175,75
2026-05-07 18:25:16.419,2,0.29,1.25,0.93,-185.82780000000002,-10.020399999999999,-19.5486,175,75
2026-05-07 18:25:16.467,2,-0.02,1.16,0.95,-213.68779999999998,49.4296,-3.938600000000001,175,75
2026-05-07 18:25:16.478,2,0.09,1.12,1.0,-224.2378,44.9796,-0.4586000000000041,175,75
2026-05-07 18:25:16.493,2,0.07,1.07,1.08,-243.38780000000003,26.5596,-2.898600000000002,175,75
2026-05-07 18:25:16.502,2,-0.01,1.1,1.13,-255.45780000000002,26.6896,-1.7386000000000017,175,75
2026-05-07 18:25:16.526,2,-0.83,1.46,1.3,-281.4378,84.5496,24.781399999999998,175,75
2026-05-07 18:25:16.531,2,1.73,0.9,1.19,-322.83779999999996,-44.6604,25.1514,175,75
2026-05-07 18:25:16.542,2,-0.29,0.71,1.26,-325.0378,-29.900399999999998,21.611399999999996,175,75
2026-05-07 18:25:16.554,2,0.82,0.72,0.69,-291.3778,116.1996,0.3913999999999973,175,75
2026-05-07 18:25:16.578,2,0.41,0.47,1.7,-283.5078,257.77959999999996,-35.3386,175,75
2026-05-07 18:25:16.594,2,0.07,0.56,2.24,-322.7778,146.4396,-51.61860000000001,175,75
2026-05-07 18:25:16.618,2,0.15,0.7,2.29,-333.6878,1.6196000000000002,6.491399999999999,175,75
2026-05-07 18:25:16.639,2,0.27,0.22,1.85,-302.4778,-8.560400000000001,13.321399999999997,175,75
2026-05-07 18:25:16.688,2,0.34,0.31,2.35,-246.43779999999998,72.9096,-14.7286,175,75
2026-05-07 18:25:16.688,2,0.28,0.33,2.49,-242.5378,54.7296,-12.468600000000002,175,75
2026-05-07 18:25:16.688,2,0.37,0.39,2.5,-239.6678,28.9996,-9.238600000000005,175,75
2026-05-07 18:25:16.714,2,0.36,0.42,2.32,-185.51780000000002,52.9696,-7.348600000000005,175,75
2026-05-07 18:25:16.735,2,0.32,0.53,2.38,-146.31779999999998,89.9196,-6.438600000000001,175,75
2026-05-07 18:25:16.766,2,0.38,0.78,2.68,-57.5978,91.6896,11.431399999999996,175,75
2026-05-07 18:25:16.795,2,0.59,0.7,2.81,-11.6178,-46.0004,23.0814,175,75
2026-05-07 18:25:16.844,2,0.56,0.73,2.19,31.9822,-93.1304,19.721399999999996,175,75
2026-05-07 18:25:16.855,2,0.58,0.68,2.14,40.7022,-54.7804,12.531399999999998,175,75
2026-05-07 18:25:16.868,2,0.59,0.64,2.16,48.4422,-30.080399999999997,6.4313999999999965,175,75
2026-05-07 18:25:16.886,2,0.59,0.58,2.23,67.8322,-11.970399999999998,1.8613999999999962,175,75
2026-05-07 18:25:16.912,2,0.6,0.66,2.13,84.6622,-10.080400000000001,6.491399999999999,175,75
2026-05-07 18:25:16.929,2,0.6,0.66,2.12,93.6222,0.829600000000001,5.701399999999996,175,75
2026-05-07 18:25:16.940,2,0.65,0.63,2.19,103.01219999999999,2.419600000000001,5.881399999999996,175,75
2026-05-07 18:25:16.966,2,0.58,0.54,2.26,121.18220000000001,-29.660400000000003,7.711399999999998,175,75
2026-05-07 18:25:16.977,2,0.53,0.55,2.2,131.37220000000002,-46.300399999999996,7.831399999999999,175,75
2026-05-07 18:25:16.990,2,0.53,0.52,2.15,138.4422,-52.7004,8.441399999999998,175,75
2026-05-07 18:25:17.025,2,0.57,0.45,2.03,168.50220000000002,-43.3104,6.861399999999996,175,75
2026-05-07 18:25:17.036,2,0.5,0.44,1.99,181.00220000000002,-40.7504,6.371399999999998,175,75
2026-05-07 18:25:17.040,2,0.49,0.44,1.96,194.9622,-42.3404,4.781399999999998,175,75
2026-05-07 18:25:17.077,2,0.45,0.35,1.85,218.81220000000002,-65.4504,7.101399999999998,175,75
2026-05-07 18:25:17.199,2,0.1,0.38,1.26,290.1522,-132.8904,11.491399999999997,175,75
2026-05-07 18:25:17.231,2,0.09,0.38,1.05,306.73220000000003,-163.1304,6.921399999999998,175,75
2026-05-07 18:25:17.277,2,0.05,0.42,0.97,312.2822,-162.5804,4.361399999999996,175,75
2026-05-07 18:25:17.277,2,0.04,0.45,0.9,318.0122,-156.9104,3.561399999999999,175,75
2026-05-07 18:25:17.277,2,0.02,0.44,0.89,323.4422,-151.5504,1.6713999999999984,175,75
2026-05-07 18:25:17.415,2,0.1,0.46,0.32,345.9422,-108.7404,0.6413999999999973,175,75
2026-05-07 18:25:17.447,2,0.09,0.45,0.14,345.1522,-137.6404,-3.018600000000003,175,75
2026-05-07 18:25:17.553,2,-0.03,0.37,-0.15,328.9322,-107.0304,-1.308600000000002,175,75
2026-05-07 18:25:17.553,2,-0.03,0.33,-0.28,318.4422,-96.0604,-0.5186000000000028,175,75
2026-05-07 18:25:17.553,2,-0.23,0.33,-0.44,166.43220000000002,166.1396,22.041399999999996,175,75
2026-05-07 18:25:17.561,2,-0.24,0.37,-0.35,135.5122,195.8896,25.641399999999997,175,75
2026-05-07 18:25:17.690,2,-0.35,0.41,-0.09,-21.677799999999998,246.3796,33.3214,175,75
2026-05-07 18:25:17.722,2,-0.26,0.03,0.75,-365.76779999999997,361.6896,28.931399999999996,175,75
2026-05-07 18:25:17.761,2,0.46,-1.02,1.02,-494.5478,313.3296,21.371399999999998,175,75
2026-05-07 18:25:17.956,2,1.43,-3.4,2.41,-615.2178,43.449600000000004,51.1914,175,75
2026-05-07 18:25:17.956,2,1.69,-3.56,1.74,-606.7378,-90.5104,44.971399999999996,175,75
2026-05-07 18:25:18.086,2,-0.09,0.17,1.3,-192.83780000000002,108.2096,-41.918600000000005,175,75
2026-05-07 18:25:18.086,2,-0.14,0.34,1.37,-173.75779999999997,121.6896,-39.9086,175,75
2026-05-07 18:25:18.086,2,-0.03,0.63,1.52,-145.76780000000002,86.5596,-47.3486,175,75
2026-05-07 18:25:18.203,2,-0.24,0.94,1.43,-120.8878,65.2796,-61.1886,175,75
2026-05-07 18:25:18.311,2,-0.7,0.84,1.3,-51.3178,26.3796,-54.6086,175,75
2026-05-07 18:25:18.311,2,-0.57,0.9,1.29,-8.6878,25.1596,-7.4086,175,75
2026-05-07 18:25:18.311,2,-0.46,0.93,1.33,-3.1478,3.3895999999999997,-2.898600000000002,175,75
2026-05-07 18:25:18.418,2,-0.48,1.06,1.09,25.702199999999998,-70.7504,25.7614,175,75
2026-05-07 18:25:18.443,2,-0.28,1.0,1.05,31.242199999999997,-72.0904,41.861399999999996,175,75
2026-05-07 18:25:18.443,2,0.88,0.65,0.73,96.6122,-177.6404,113.38139999999999,175,75
2026-05-07 18:25:18.512,2,0.93,0.47,0.61,107.0422,-198.7404,100.2114,175,75
2026-05-07 18:25:18.512,2,0.82,0.34,0.29,115.0922,-220.7504,66.98140000000001,175,75
2026-05-07 18:25:18.512,2,0.72,0.4,0.22,115.76219999999999,-198.8004,55.2714,175,75
2026-05-07 18:25:18.512,2,0.67,0.51,0.13,115.3322,-160.4504,49.541399999999996,175,75
2026-05-07 18:25:18.512,2,0.78,0.52,0.09,115.7022,-111.0604,42.59139999999999,175,75
2026-05-07 18:25:18.512,2,0.8,0.34,0.12,119.23219999999999,-56.3604,37.9514,175,75
2026-05-07 18:25:18.573,2,0.8,0.21,0.24,129.11219999999997,-27.4604,32.041399999999996,175,75
2026-05-07 18:25:18.628,2,0.74,0.23,0.43,145.8222,-64.96039999999999,25.451399999999996,175,75
2026-05-07 18:25:18.628,2,0.63,0.28,0.46,146.12220000000002,-97.8304,19.4214,175,75
2026-05-07 18:25:18.656,2,0.16,0.02,0.14,158.99220000000003,-115.6904,-1.558600000000002,175,75
2026-05-07 18:25:18.656,2,0.14,0.09,0.16,162.16219999999998,-102.1604,-2.838600000000003,175,75
2026-05-07 18:25:18.657,2,0.1,-0.08,0.28,162.6522,-64.2904,-0.9486000000000026,175,75
2026-05-07 18:25:18.822,2,0.06,-0.25,0.4,164.05220000000003,-36.1804,-0.5186000000000028,175,75
2026-05-07 18:25:18.822,2,0.03,-0.37,0.48,169.11219999999997,-21.120399999999997,0.821399999999997,175,75
2026-05-07 18:25:18.822,2,-0.09,-0.58,0.58,184.17219999999998,-116.1204,-0.39860000000000184,175,75
2026-05-07 18:25:18.842,2,-0.21,-0.83,0.78,210.3922,-168.9204,-15.3386,175,75
2026-05-07 18:25:18.866,2,-0.16,-0.83,0.74,201.61219999999997,-163.6804,-23.0786,175,75
2026-05-07 18:25:18.867,2,0.02,-0.95,0.78,199.66219999999998,-143.1904,-30.7686,175,75
2026-05-07 18:25:19.009,2,0.12,-1.3,0.96,222.04219999999998,-146.1204,-39.5486,175,75
2026-05-07 18:25:19.009,2,0.01,-1.4,0.98,224.41219999999998,-160.0804,-41.4386,175,75
2026-05-07 18:25:19.009,2,-0.14,-1.35,0.93,222.2222,-166.6704,-56.9886,175,75
2026-05-07 18:25:19.009,2,-0.04,-1.3,0.89,225.0222,-161.4904,-63.388600000000004,175,75
2026-05-07 18:25:19.210,2,-0.09,-1.75,0.86,191.49220000000003,-321.1804,-130.27859999999998,175,75
2026-05-07 18:25:19.210,2,-0.17,-1.63,0.63,187.16219999999998,-289.1704,-158.1986,175,75
2026-05-07 18:25:19.210,2,-0.14,-1.48,0.5,187.04219999999998,-242.6404,-184.4886,175,75
2026-05-07 18:25:19.210,2,0.02,-1.32,0.48,190.0222,-185.2004,-186.3786,175,75
2026-05-07 18:25:19.210,2,0.13,-1.19,0.54,190.8222,-140.0804,-167.7186,175,75
2026-05-07 18:25:19.210,2,0.18,-1.14,0.57,187.8322,-117.40039999999999,-158.6286,175,75
2026-05-07 18:25:19.210,2,0.17,-1.07,0.62,180.2722,-89.6604,-157.1086,175,75
2026-05-07 18:25:19.258,2,0.1,0.12,0.69,155.2122,-60.3304,-111.7986,175,75
2026-05-07 18:25:19.644,2,0.11,0.29,0.75,140.1522,-53.740399999999994,-100.45859999999999,175,75
2026-05-07 18:25:19.644,2,0.14,0.45,0.69,129.9022,-48.9204,-91.1286,175,75
2026-05-07 18:25:19.644,2,0.14,0.57,0.65,124.90220000000001,-35.5704,-81.8586,175,75
2026-05-07 18:25:19.644,2,0.12,0.61,0.65,120.5722,-24.1104,-78.26859999999999,175,75
2026-05-07 18:25:19.644,2,0.11,0.64,0.66,114.2922,-13.6204,-75.02860000000001,175,75
2026-05-07 18:25:19.644,2,0.11,0.66,0.68,107.6522,-9.590399999999999,-70.21860000000001,175,75
2026-05-07 18:25:19.644,2,0.12,0.88,0.66,46.4922,-47.8904,-12.898600000000002,175,75
2026-05-07 18:25:19.644,2,0.12,0.88,0.64,38.6222,-48.3804,-9.1186,175,75
2026-05-07 18:25:19.645,2,0.06,0.87,0.62,21.3722,-21.120399999999997,-1.8586000000000027,175,75
2026-05-07 18:25:19.645,2,0.05,0.87,0.6,16.1222,-17.5804,2.281399999999998,175,75
2026-05-07 18:25:19.645,2,0.01,0.82,0.59,4.962199999999999,-10.020399999999999,8.621399999999998,175,75
2026-05-07 18:25:19.674,2,0.09,0.71,0.68,-41.6178,28.5796,22.651399999999995,175,75
2026-05-07 18:25:19.675,2,0.11,0.68,0.69,-47.1678,28.209600000000002,24.301399999999997,175,75
2026-05-07 18:25:19.675,2,0.1,0.64,0.7,-51.8678,28.8196,24.301399999999997,175,75
2026-05-07 18:25:19.687,2,0.1,0.59,0.69,-58.6278,31.0096,23.871399999999998,175,75
2026-05-07 18:25:19.736,2,0.07,0.57,0.66,-63.9378,39.6696,23.3814,175,75
2026-05-07 18:25:19.736,2,0.06,0.57,0.63,-68.20779999999999,50.8896,23.2614,175,75
2026-05-07 18:25:19.736,2,0.02,0.55,0.62,-73.62780000000001,69.7296,23.871399999999998,175,75
2026-05-07 18:25:19.736,2,0.01,0.51,0.63,-78.9378,91.0796,24.541399999999996,175,75
2026-05-07 18:25:19.736,2,0.02,0.46,0.65,-86.1278,109.4296,25.821399999999997,175,75
2026-05-07 18:25:19.736,2,0.04,0.42,0.7,-92.6578,120.3396,27.101399999999998,175,75
2026-05-07 18:25:19.861,2,-0.02,0.28,0.83,-110.8878,135.52960000000002,31.611399999999996,175,75
2026-05-07 18:25:19.876,2,-0.44,-0.2,0.79,-189.4878,147.4196,65.1514,175,75
2026-05-07 18:25:19.883,2,-0.46,-0.3,0.79,-200.70780000000002,158.5096,72.0414,175,75
2026-05-07 18:25:19.925,2,-0.53,-0.81,0.87,-242.4778,190.6496,99.91139999999999,175,75
2026-05-07 18:25:19.925,2,-0.5,-1.02,0.91,-254.2978,194.0596,102.7714,175,75
2026-05-07 18:25:19.925,2,-0.51,-1.19,0.92,-267.7178,196.0796,102.04140000000001,175,75
2026-05-07 18:25:19.965,2,-0.59,-1.27,0.88,-282.89779999999996,209.2496,101.06139999999999,175,75
2026-05-07 18:25:19.965,2,-0.64,-1.31,0.87,-295.64779999999996,235.4696,101.8014,175,75
2026-05-07 18:25:20.111,2,-0.45,-3.74,1.38,-462.89779999999996,234.7996,49.481399999999994,175,75
2026-05-07 18:25:20.111,2,-0.4,-3.9,1.49,-452.2878,278.4496,33.2014,175,75
2026-05-07 18:25:20.217,2,-0.41,-3.46,1.81,-415.76779999999997,299.6696,-6.738600000000005,175,75
2026-05-07 18:25:20.217,2,-0.26,-2.96,1.78,-390.51779999999997,233.2096,-33.9986,175,75
2026-05-07 18:25:20.217,2,-0.23,-2.76,1.77,-382.5978,195.8896,-29.058600000000006,175,75
2026-05-07 18:25:20.334,2,0.17,-0.67,1.34,-266.1278,88.2696,-34.238600000000005,175,75
2026-05-07 18:25:20.334,2,0.3,-0.37,1.48,-244.6678,54.4296,-32.8986,175,75
2026-05-07 18:25:20.337,2,0.17,0.24,1.19,-197.6578,-16.9104,-25.218600000000002,175,75
2026-05-07 18:25:20.360,2,0.35,0.51,1.16,-162.0478,17.1696,-25.1586,175,75
2026-05-07 18:25:20.364,2,0.34,0.53,1.21,-150.82780000000002,30.8896,-29.418600000000005,175,75
2026-05-07 18:25:20.391,2,0.26,0.87,1.18,-101.6778,31.3796,-38.9986,175,75
2026-05-07 18:25:20.418,2,0.22,0.99,1.13,-79.1178,35.099599999999995,-41.1886,175,75
2026-05-07 18:25:20.421,2,0.15,0.96,1.12,-71.37780000000001,44.6096,-45.1586,175,75
2026-05-07 18:25:20.434,2,0.09,0.92,1.12,-62.5978,54.9796,-48.8786,175,75
2026-05-07 18:25:20.480,2,0.04,0.96,1.22,-25.0978,54.9196,-58.568599999999996,175,75
2026-05-07 18:25:20.490,2,-0.0,1.03,1.21,-15.7078,42.7796,-57.28860000000001,175,75
2026-05-07 18:25:20.490,2,-0.04,1.09,1.2,-7.0478000000000005,26.2596,-52.89860000000001,175,75
2026-05-07 18:25:20.514,2,-0.08,1.05,1.18,15.092199999999998,-11.5504,-44.72860000000001,175,75
2026-05-07 18:25:20.534,2,-0.13,1.05,1.15,28.2622,-19.7804,-42.22860000000001,175,75
2026-05-07 18:25:20.546,2,-0.15,1.05,1.13,36.0622,-24.290399999999998,-41.1886,175,75
2026-05-07 18:25:20.558,2,-0.17,1.06,1.1,43.9322,-27.770400000000002,-39.2386,175,75
2026-05-07 18:25:20.568,2,-0.22,1.06,1.1,50.1522,-29.5304,-37.958600000000004,175,75
2026-05-07 18:25:20.581,2,-0.28,1.01,1.05,66.6122,-29.3504,-30.5786,175,75
2026-05-07 18:25:20.589,2,-0.26,0.98,1.05,73.4422,-31.1804,-26.068600000000004,175,75
2026-05-07 18:25:20.608,2,-0.26,0.96,1.03,81.9822,-31.1804,-23.5086,175,75
2026-05-07 18:25:20.618,2,-0.23,0.94,1.03,91.6122,-26.970399999999998,-22.168600000000005,175,75
2026-05-07 18:25:20.633,2,-0.24,0.93,1.02,100.4522,-21.730400000000003,-21.0086,175,75
2026-05-07 18:25:20.633,2,-0.24,0.92,1.01,109.7222,-18.5604,-17.2286,175,75
2026-05-07 18:25:20.646,2,-0.24,0.91,1.02,118.20219999999999,-15.810400000000001,-14.9086,175,75
2026-05-07 18:25:20.665,2,-0.24,0.87,0.99,124.96220000000001,-14.0504,-12.528600000000004,175,75
2026-05-07 18:25:20.665,2,-0.23,0.81,0.99,132.3422,-15.080400000000001,-8.198600000000006,175,75
2026-05-07 18:25:20.677,2,-0.21,0.76,0.99,137.8922,-17.5204,-4.788600000000002,175,75
2026-05-07 18:25:20.689,2,-0.16,0.69,1.04,144.11219999999997,-18.1904,-4.058600000000002,175,75
2026-05-07 18:25:20.706,2,-0.14,0.64,1.07,148.3822,-20.1404,-2.5286000000000044,175,75
2026-05-07 18:25:20.717,2,-0.07,0.56,1.1,155.3322,-35.6304,1.9213999999999984,175,75
2026-05-07 18:25:20.727,2,-0.04,0.47,1.11,161.85219999999998,-58.620400000000004,6.921399999999998,175,75
2026-05-07 18:25:20.737,2,-0.06,0.41,1.09,167.7122,-72.0304,8.261399999999998,175,75
2026-05-07 18:25:20.740,2,-0.09,0.34,1.04,175.4522,-80.6304,8.931399999999996,175,75
2026-05-07 18:25:20.754,2,-0.01,0.28,1.08,183.68220000000002,-86.1804,8.381399999999996,175,75
2026-05-07 18:25:20.777,2,0.27,0.01,1.16,204.48219999999998,-137.7004,6.671399999999998,175,75
2026-05-07 18:25:20.817,2,0.19,-0.48,0.99,237.10219999999998,-199.1104,-20.8286,175,75
2026-05-07 18:25:20.817,2,0.17,-0.61,0.85,244.23219999999998,-193.3104,-34.238600000000005,175,75
2026-05-07 18:25:20.839,2,0.3,-0.95,0.71,252.5922,-170.5104,-54.4886,175,75
2026-05-07 18:25:20.855,2,0.34,-1.1,0.71,256.0022,-151.6104,-66.7986,175,75
2026-05-07 18:25:20.879,2,0.4,-1.31,0.75,264.17220000000003,-138.7404,-99.11860000000001,175,75
2026-05-07 18:25:20.879,2,0.36,-1.32,0.76,265.1522,-141.9704,-112.52859999999998,175,75
2026-05-07 18:25:20.917,2,0.2,-1.56,0.72,260.7622,-135.3304,-136.49859999999998,175,75
2026-05-07 18:25:20.946,2,0.19,-1.7,0.72,260.5722,-125.81039999999999,-140.9486,175,75
2026-05-07 18:25:20.970,2,0.04,-1.92,0.75,263.2022,-98.0104,-149.1186,175,75
2026-05-07 18:25:20.986,2,0.03,-2.1,0.81,279.54220000000004,-89.1104,-164.9686,175,75
2026-05-07 18:25:20.986,2,0.02,-2.17,0.83,289.17220000000003,-87.2804,-168.1986,175,75
2026-05-07 18:25:21.004,2,-0.1,-2.35,0.84,293.8122,-89.4704,-172.1686,175,75
2026-05-07 18:25:21.035,2,-0.25,-2.55,0.91,293.5022,-80.8104,-170.1586,175,75
2026-05-07 18:25:21.055,2,-0.26,-2.6,0.92,313.3822,-110.1404,-146.8586,175,75
2026-05-07 18:25:21.078,2,-0.27,-2.59,0.94,316.61220000000003,-121.5504,-134.7886,175,75
2026-05-07 18:25:21.089,2,-0.28,-2.56,0.92,313.2022,-143.6204,-124.11859999999999,175,75
2026-05-07 18:25:21.104,2,-0.28,-2.47,0.92,298.9922,-195.0204,-98.6286,175,75
2026-05-07 18:25:21.107,2,-0.24,-2.42,0.9,296.1822,-221.7304,-94.5486,175,75
2026-05-07 18:25:21.135,2,-0.2,-2.34,0.88,293.0722,-246.97039999999998,-97.0486,175,75
2026-05-07 18:25:21.167,2,-0.57,-1.91,0.69,263.3822,-263.9204,-118.26859999999999,175,75
2026-05-07 18:25:21.195,2,-0.76,-1.58,0.62,261.61220000000003,-225.6304,-140.8286,175,75
2026-05-07 18:25:21.213,2,-0.5,-1.27,0.57,262.04220000000004,-203.0704,-158.99859999999998,175,75
2026-05-07 18:25:21.224,2,-0.4,-1.11,0.56,261.3122,-193.6204,-161.1286,175,75
2026-05-07 18:25:21.236,2,-0.31,-0.96,0.57,261.0022,-179.2304,-162.83859999999999,175,75
2026-05-07 18:25:21.247,2,-0.14,-0.78,0.61,261.61220000000003,-161.4204,-157.77859999999998,175,75
2026-05-07 18:25:21.247,2,-0.03,-0.65,0.66,260.1522,-148.6804,-138.2686,175,75
2026-05-07 18:25:21.261,2,0.0,-0.51,0.73,255.8822,-138.5604,-111.67859999999999,175,75
2026-05-07 18:25:21.276,2,0.0,-0.44,0.77,247.10220000000004,-146.5504,-94.96860000000001,175,75
2026-05-07 18:25:21.287,2,0.03,-0.42,0.75,239.23219999999998,-158.3104,-88.80860000000001,175,75
2026-05-07 18:25:21.299,2,0.04,-0.39,0.67,231.98219999999998,-162.4004,-84.7886,175,75
2026-05-07 18:25:21.310,2,-0.02,-0.32,0.59,219.7822,-159.2904,-83.5686,175,75
2026-05-07 18:25:21.331,2,-0.07,-0.21,0.54,203.3822,-147.2804,-84.96860000000001,175,75
2026-05-07 18:25:21.341,2,-0.14,-0.05,0.49,188.1322,-130.3904,-82.52860000000001,175,75
2026-05-07 18:25:21.353,2,-0.19,0.14,0.43,175.4522,-110.5104,-76.61860000000001,175,75
2026-05-07 18:25:21.392,2,-0.13,0.34,0.41,161.67219999999998,-81.9104,-64.6686,175,75
2026-05-07 18:25:21.392,2,-0.15,0.37,0.41,156.43220000000002,-67.9504,-59.8486,175,75
2026-05-07 18:25:21.412,2,-0.2,0.42,0.36,142.16219999999998,-41.1204,-51.4386,175,75
2026-05-07 18:25:21.428,2,-0.27,0.52,0.33,121.8522,-15.880399999999998,-49.2386,175,75
2026-05-07 18:25:21.447,2,-0.3,0.59,0.31,111.3722,1.1996000000000002,-46.2486,175,75
2026-05-07 18:25:21.447,2,-0.32,0.65,0.29,102.8922,9.6096,-41.678599999999996,175,75
2026-05-07 18:25:21.453,2,-0.31,0.73,0.28,91.1822,15.889600000000002,-37.5886,175,75
2026-05-07 18:25:21.465,2,-0.3,0.79,0.29,78.26219999999999,21.0096,-33.9986,175,75
2026-05-07 18:25:21.483,2,-0.28,0.85,0.31,52.4022,43.8196,-20.278600000000004,175,75
2026-05-07 18:25:21.496,2,-0.26,0.83,0.33,44.5422,52.1096,-15.1586,175,75
2026-05-07 18:25:21.509,2,-0.22,0.79,0.38,37.6522,54.1896,-9.1186,175,75
2026-05-07 18:25:21.524,2,-0.2,0.75,0.44,31.4322,53.0896,-2.048600000000004,175,75
2026-05-07 18:25:21.567,2,-0.21,0.58,0.47,-11.8678,37.1096,22.951399999999996,175,75
2026-05-07 18:25:21.567,2,-0.23,0.56,0.43,-23.8778,41.4396,28.871399999999998,175,75
2026-05-07 18:25:21.593,2,-0.26,0.47,0.39,-51.0078,86.7496,44.541399999999996,175,75
2026-05-07 18:25:21.600,2,-0.24,0.39,0.46,-66.7978,122.6596,56.6714,175,75
2026-05-07 18:25:21.628,2,-0.17,0.21,0.65,-100.5878,163.2696,81.3714,175,75
2026-05-07 18:25:21.663,2,-0.07,-0.18,0.78,-175.39780000000002,178.0896,131.9814,175,75
2026-05-07 18:25:21.674,2,-0.04,-0.32,0.78,-198.87779999999998,181.0796,146.7314,175,75
2026-05-07 18:25:21.688,2,-0.06,-0.44,0.76,-220.70780000000002,195.2796,159.3014,175,75
2026-05-07 18:25:21.704,2,-0.11,-0.56,0.76,-244.2978,218.6996,170.8814,175,75
2026-05-07 18:25:21.714,2,-0.13,-0.66,0.81,-261.0678,235.7696,177.47140000000002,175,75
2026-05-07 18:25:21.724,2,-0.11,-0.79,0.86,-279.6678,247.7196,183.0114,175,75
2026-05-07 18:25:21.728,2,-0.09,-0.93,0.93,-296.9878,249.1196,188.2614,175,75
2026-05-07 18:25:21.747,2,-0.11,-1.06,1.02,-317.2278,246.3196,194.1114,175,75
2026-05-07 18:25:21.751,2,-0.12,-1.18,1.04,-333.20779999999996,242.1696,198.50140000000002,175,75
2026-05-07 18:25:21.775,2,-0.12,-1.26,1.05,-334.5478,239.0596,195.4514,175,75
2026-05-07 18:25:21.798,2,-0.09,-1.32,1.07,-325.88779999999997,243.0296,189.8414,175,75
2026-05-07 18:25:21.810,2,-0.02,-1.47,1.16,-309.2378,234.9796,179.3614,175,75
2026-05-07 18:25:21.820,2,-0.04,-1.54,1.19,-306.4978,221.5596,178.69140000000002,175,75
2026-05-07 18:25:21.820,2,-0.09,-1.58,1.19,-302.1078,209.9196,176.5514,175,75
2026-05-07 18:25:21.843,2,-0.14,-1.56,1.21,-276.3178,174.1196,153.2014,175,75
2026-05-07 18:25:21.858,2,-0.19,-1.42,1.25,-248.38780000000003,140.2196,117.10139999999998,175,75
2026-05-07 18:25:21.869,2,-0.17,-1.31,1.27,-233.99779999999998,116.4396,95.3314,175,75
2026-05-07 18:25:21.883,2,-0.16,-1.2,1.24,-227.0478,100.2196,90.51140000000001,175,75
2026-05-07 18:25:21.894,2,-0.19,-1.12,1.18,-218.50779999999997,86.8696,89.72139999999999,175,75
2026-05-07 18:25:21.903,2,-0.24,-1.1,1.13,-207.89780000000002,81.7496,89.23140000000001,175,75
2026-05-07 18:25:21.929,2,-0.34,-1.14,1.08,-190.51780000000002,89.4896,80.03139999999999,175,75
2026-05-07 18:25:21.934,2,-0.37,-1.15,1.08,-183.62779999999998,96.4996,71.73140000000001,175,75
2026-05-07 18:25:21.940,2,-0.38,-1.13,1.1,-178.32780000000002,98.0296,67.53139999999999,175,75
2026-05-07 18:25:21.953,2,-0.38,-1.08,1.1,-171.9278,98.6396,62.471399999999996,175,75
2026-05-07 18:25:21.971,2,-0.38,-1.0,1.12,-166.6178,101.4396,59.4214,175,75
2026-05-07 18:25:21.984,2,-0.36,-0.93,1.14,-163.56779999999998,103.3896,60.7014,175,75
2026-05-07 18:25:21.996,2,-0.34,-0.9,1.15,-162.2278,102.1696,63.5614,175,75
2026-05-07 18:25:22.006,2,-0.33,-0.87,1.15,-161.5578,101.6196,68.9914,175,75
2026-05-07 18:25:22.016,2,-0.37,-0.81,1.13,-157.95780000000002,103.0296,70.5114,175,75
2026-05-07 18:25:22.031,2,-0.37,-0.72,1.09,-150.82780000000002,109.9196,67.9514,175,75
2026-05-07 18:25:22.068,2,-0.38,-0.49,1.06,-132.1078,132.83960000000002,72.47139999999999,175,75
2026-05-07 18:25:22.068,2,-0.34,-0.44,1.06,-126.2578,130.0396,73.44139999999999,175,75
2026-05-07 18:25:22.092,2,-0.27,-0.33,1.06,-113.2078,106.4996,82.1614,175,75
2026-05-07 18:25:22.106,2,-0.24,-0.26,1.05,-105.3978,90.6496,82.28139999999999,175,75
2026-05-07 18:25:22.130,2,-0.21,-0.12,1.0,-92.0478,73.87960000000001,81.73140000000001,175,75
2026-05-07 18:25:22.155,2,-0.14,0.15,0.9,-79.6678,50.4696,84.78139999999999,175,75
2026-05-07 18:25:22.166,2,-0.11,0.25,0.88,-76.1278,45.2796,86.5514,175,75
2026-05-07 18:25:22.181,2,-0.06,0.31,0.83,-71.9878,37.839600000000004,88.0114,175,75
2026-05-07 18:25:22.191,2,-0.03,0.37,0.74,-67.1678,32.479600000000005,88.44139999999999,175,75
2026-05-07 18:25:22.204,2,-0.05,0.44,0.67,-63.9978,39.7996,83.0814,175,75
2026-05-07 18:25:22.210,2,-0.04,0.5,0.62,-61.3178,53.7596,78.0814,175,75
2026-05-07 18:25:22.241,2,0.05,0.6,0.62,-53.5078,81.3196,65.7614,175,75
2026-05-07 18:25:22.243,2,0.07,0.61,0.65,-53.4478,82.8396,61.4314,175,75
2026-05-07 18:25:22.251,2,0.09,0.63,0.66,-53.8778,77.7196,57.4114,175,75
2026-05-07 18:25:22.280,2,0.11,0.74,0.69,-54.7878,60.8896,46.9214,175,75
2026-05-07 18:25:22.291,2,0.14,0.76,0.68,-55.8878,56.9296,43.6914,175,75
2026-05-07 18:25:22.302,2,0.15,0.74,0.66,-57.897800000000004,51.0096,38.871399999999994,175,75
2026-05-07 18:25:22.313,2,0.18,0.72,0.65,-59.0578,47.9696,35.331399999999995,175,75
2026-05-07 18:25:22.324,2,0.25,0.76,0.65,-56.7978,47.1696,29.781399999999998,175,75
2026-05-07 18:25:22.329,2,0.38,0.8,0.67,-51.4378,43.089600000000004,22.101399999999998,175,75
2026-05-07 18:25:22.349,2,0.43,0.81,0.7,-49.6078,34.979600000000005,16.9214,175,75
2026-05-07 18:25:22.349,2,0.45,0.76,0.74,-49.5478,26.2596,9.541399999999998,175,75
2026-05-07 18:25:22.360,2,0.46,0.71,0.73,-48.3878,21.1396,4.231399999999997,175,75
2026-05-07 18:25:22.387,2,0.4,0.63,0.73,-39.0578,24.489600000000003,-10.948600000000006,175,75
2026-05-07 18:25:22.402,2,0.55,0.57,0.87,-28.3878,8.2096,-28.3286,175,75
2026-05-07 18:25:22.414,2,0.59,0.51,0.88,-25.4578,-7.6404,-35.8286,175,75
2026-05-07 18:25:22.425,2,0.56,0.48,0.84,-18.3878,-14.1704,-42.89860000000001,175,75
2026-05-07 18:25:22.436,2,0.55,0.47,0.82,-5.6478,-15.880399999999998,-52.6586,175,75
2026-05-07 18:25:22.449,2,0.62,0.49,0.84,9.7822,-18.5004,-62.778600000000004,175,75
2026-05-07 18:25:22.461,2,0.68,0.5,0.87,19.9022,-22.0304,-69.7886,175,75
2026-05-07 18:25:22.485,2,0.67,0.34,0.86,34.352199999999996,-20.5704,-79.17859999999999,175,75
2026-05-07 18:25:22.496,2,0.67,0.21,0.87,42.4622,-25.330399999999997,-86.0086,175,75
2026-05-07 18:25:22.508,2,0.7,0.13,0.89,46.4322,-31.3604,-93.26859999999999,175,75
2026-05-07 18:25:22.518,2,0.74,0.13,0.9,50.4522,-34.3504,-99.5486,175,75
2026-05-07 18:25:22.524,2,0.8,0.16,0.93,57.40219999999999,-39.8404,-108.3286,175,75
2026-05-07 18:25:22.537,2,0.88,0.1,1.01,66.1822,-53.1904,-116.30859999999998,175,75
2026-05-07 18:25:22.556,2,0.9,-0.05,1.1,70.2122,-66.9704,-122.0486,175,75
2026-05-07 18:25:22.569,2,0.88,-0.28,1.19,72.7122,-85.8104,-129.5486,175,75
2026-05-07 18:25:22.569,2,0.86,-0.53,1.3,75.2122,-115.5704,-137.6586,175,75
2026-05-07 18:25:22.584,2,0.83,-0.84,1.42,80.3922,-159.8404,-145.2186,175,75
2026-05-07 18:25:22.589,2,0.78,-1.14,1.46,89.4822,-214.1104,-150.33859999999999,175,75
2026-05-07 18:25:22.614,2,0.46,-1.46,1.25,112.3422,-270.3904,-172.1086,175,75
2026-05-07 18:25:22.637,2,0.29,-1.71,0.87,124.4122,-244.0504,-220.6386,175,75
2026-05-07 18:25:22.655,2,0.25,-1.83,0.74,130.2122,-204.5304,-241.55859999999998,175,75
2026-05-07 18:25:22.689,2,0.19,-2.01,0.95,175.1522,-115.8804,-276.1286,175,75
2026-05-07 18:25:22.700,2,0.17,-2.04,1.05,184.9622,-106.6104,-282.65860000000004,175,75
2026-05-07 18:25:22.712,2,0.13,-2.04,1.17,195.4522,-107.7004,-287.46860000000004,175,75
2026-05-07 18:25:22.724,2,0.03,-2.1,1.34,208.99220000000003,-147.2804,-295.15860000000004,175,75
2026-05-07 18:25:22.736,2,-0.04,-2.16,1.35,208.87220000000002,-169.2904,-303.7486,175,75
2026-05-07 18:25:22.743,2,-0.07,-2.2,1.33,206.79219999999998,-178.3804,-313.26860000000005,175,75
2026-05-07 18:25:22.751,2,-0.11,-2.19,1.34,207.7722,-183.4404,-321.1286,175,75
2026-05-07 18:25:22.767,2,-0.09,-2.18,1.43,215.3322,-194.8404,-329.78860000000003,175,75
2026-05-07 18:25:22.778,2,-0.1,-2.2,1.51,224.9022,-219.0504,-333.6886,175,75
2026-05-07 18:25:22.798,2,-0.34,-2.2,1.57,233.3822,-257.7004,-325.39860000000004,175,75
2026-05-07 18:25:22.824,2,-0.62,-2.18,1.46,236.55220000000003,-311.4904,-329.72860000000003,175,75
2026-05-07 18:25:22.858,2,-0.73,-1.99,1.25,238.2622,-312.0304,-377.46860000000004,175,75
2026-05-07 18:25:22.889,2,-0.39,-1.61,1.44,254.7822,-309.1704,-358.4486,175,75
2026-05-07 18:25:22.901,2,-0.45,-1.54,1.43,252.10220000000004,-307.6404,-335.21860000000004,175,75
2026-05-07 18:25:22.921,2,-0.58,-1.34,1.37,255.8822,-310.6304,-315.15860000000004,175,75
2026-05-07 18:25:22.936,2,-0.61,-1.28,1.32,259.41220000000004,-310.3904,-309.84860000000003,175,75
2026-05-07 18:25:22.973,2,-0.61,-0.96,0.99,262.9522,-274.9604,-296.9886,175,75
2026-05-07 18:25:22.973,2,-0.56,-0.83,0.91,266.61220000000003,-253.31040000000002,-290.8886,175,75
2026-05-07 18:25:22.994,2,-0.47,-0.64,0.85,273.1322,-223.1304,-274.4186,175,75
2026-05-07 18:25:23.059,2,-0.46,-0.41,0.74,224.48219999999998,-162.5804,-194.1786,175,75
2026-05-07 18:25:23.074,2,-0.55,-0.33,0.67,218.62220000000002,-122.9504,-177.1686,175,75
2026-05-07 18:25:23.111,2,-0.5,-0.22,0.66,215.1522,-97.2804,-157.4686,175,75
2026-05-07 18:25:23.126,2,-0.51,-0.17,0.58,201.49220000000003,-94.4704,-123.3286,175,75
2026-05-07 18:25:23.140,2,-0.53,-0.14,0.49,193.56220000000002,-96.4204,-110.6986,175,75
2026-05-07 18:25:23.140,2,-0.55,-0.11,0.4,185.2122,-96.2404,-99.17859999999999,175,75
2026-05-07 18:25:23.154,2,-0.55,-0.07,0.38,179.41219999999998,-82.0904,-85.02860000000001,175,75
2026-05-07 18:25:23.165,2,-0.52,-0.06,0.34,175.9422,-62.0904,-70.8286,175,75
2026-05-07 18:25:23.176,2,-0.47,-0.02,0.28,171.06220000000002,-46.4204,-52.9586,175,75
2026-05-07 18:25:23.189,2,-0.39,-0.01,0.26,162.6522,-32.6404,-37.8986,175,75
2026-05-07 18:25:23.205,2,-0.32,-0.05,0.2,137.04219999999998,-6.970399999999998,-7.778600000000004,175,75
2026-05-07 18:25:23.219,2,-0.29,-0.04,0.13,120.5722,5.889600000000001,3.201399999999996,175,75
2026-05-07 18:25:23.231,2,-0.28,-0.01,0.1,105.51219999999999,31.619600000000002,13.441399999999998,175,75
2026-05-07 18:25:23.250,2,-0.22,0.01,0.12,94.4122,62.1696,20.451399999999996,175,75
2026-05-07 18:25:23.261,2,-0.11,0.02,0.17,76.0022,102.2996,30.391399999999997,175,75
2026-05-07 18:25:23.261,2,-0.02,0.04,0.2,61.37220000000001,113.0896,36.8014,175,75
2026-05-07 18:25:23.281,2,0.05,0.07,0.24,44.9622,112.5996,43.621399999999994,175,75
2026-05-07 18:25:23.292,2,0.09,0.09,0.25,29.962200000000003,106.3196,50.5814,175,75
2026-05-07 18:25:23.307,2,0.09,0.04,0.27,-15.0378,103.3896,62.831399999999995,175,75
2026-05-07 18:25:23.324,2,0.15,0.12,0.23,-53.5078,132.9096,67.7714,175,75
2026-05-07 18:25:23.336,2,0.24,0.15,0.25,-72.0478,152.6596,70.2714,175,75
2026-05-07 18:25:23.346,2,0.3,0.15,0.3,-92.1678,177.6596,72.5914,175,75
2026-05-07 18:25:23.358,2,0.32,0.16,0.39,-117.8378,212.4796,74.5414,175,75
2026-05-07 18:25:23.383,2,0.45,0.08,0.66,-150.76780000000002,231.1996,66.4914,175,75
2026-05-07 18:25:23.396,2,0.47,0.07,0.78,-161.12779999999998,216.3196,60.8214,175,75
2026-05-07 18:25:23.423,2,0.51,0.03,0.93,-184.1178,163.7596,54.7814,175,75
2026-05-07 18:25:23.454,2,0.49,0.16,0.91,-197.0478,178.0296,52.8914,175,75
2026-05-07 18:25:23.465,2,0.56,0.22,0.99,-201.18779999999998,204.7996,51.4314,175,75
2026-05-07 18:25:23.476,2,0.6,0.25,1.09,-205.2178,216.2596,46.731399999999994,175,75
2026-05-07 18:25:23.489,2,0.61,0.29,1.2,-206.7978,213.0896,41.981399999999994,175,75
2026-05-07 18:25:23.499,2,0.61,0.33,1.28,-206.6778,192.9096,40.2714,175,75
2026-05-07 18:25:23.527,2,0.68,0.29,1.32,-217.4078,130.8296,45.2714,175,75
2026-05-07 18:25:23.538,2,0.69,0.26,1.26,-221.31779999999998,111.4996,46.121399999999994,175,75
2026-05-07 18:25:23.610,2,0.55,0.37,0.97,-205.33780000000002,151.8696,26.981399999999997,175,75
2026-05-07 18:25:23.648,2,0.53,0.41,0.91,-208.20780000000002,126.1996,32.5914,175,75
2026-05-07 18:25:23.698,2,0.69,0.45,0.91,-203.93779999999998,95.4696,34.4214,175,75
2026-05-07 18:25:23.708,2,0.64,0.48,0.85,-206.37779999999998,77.5996,35.761399999999995,175,75
2026-05-07 18:25:23.719,2,0.62,0.49,0.8,-209.0578,64.8596,38.5614,175,75
2026-05-07 18:25:23.730,2,0.62,0.5,0.74,-209.9078,58.1496,42.221399999999996,175,75
2026-05-07 18:25:23.742,2,0.61,0.49,0.67,-207.95780000000002,54.2496,45.3914,175,75
2026-05-07 18:25:23.748,2,0.61,0.48,0.63,-203.62779999999998,57.9696,48.0814,175,75
2026-05-07 18:25:23.766,2,0.62,0.46,0.61,-198.26780000000002,69.6696,53.4414,175,75
2026-05-07 18:25:23.776,2,0.6,0.48,0.59,-196.31779999999998,74.3096,57.7114,175,75
2026-05-07 18:25:23.801,2,0.58,0.56,0.54,-192.5978,75.33959999999999,63.691399999999994,175,75
2026-05-07 18:25:23.836,2,0.56,0.6,0.5,-182.2278,81.4996,69.3014,175,75
2026-05-07 18:25:23.848,2,0.54,0.63,0.51,-175.94779999999997,86.4996,67.9514,175,75
2026-05-07 18:25:23.862,2,0.57,0.64,0.52,-169.8478,78.3896,67.3414,175,75
2026-05-07 18:25:23.874,2,0.57,0.62,0.51,-166.43779999999998,67.1096,67.8914,175,75
2026-05-07 18:25:23.892,2,0.53,0.61,0.43,-161.25779999999997,50.6496,66.06139999999999,175,75
2026-05-07 18:25:23.916,2,0.45,0.69,0.35,-149.1778,52.1696,62.8914,175,75
2026-05-07 18:25:23.950,2,0.6,0.6,0.33,-130.0978,60.4696,56.1914,175,75
2026-05-07 18:25:23.961,2,0.69,0.59,0.35,-124.48780000000001,52.7196,48.5614,175,75
2026-05-07 18:25:23.974,2,0.68,0.65,0.35,-118.3878,33.2696,40.8814,175,75
2026-05-07 18:25:23.989,2,0.63,0.71,0.33,-114.0578,14.3696,33.011399999999995,175,75
2026-05-07 18:25:24.004,2,0.59,0.79,0.25,-109.48780000000001,-9.840399999999999,27.471399999999996,175,75
2026-05-07 18:25:24.004,2,0.57,0.81,0.2,-107.4778,-26.8504,24.231399999999997,175,75
2026-05-07 18:25:24.026,2,0.49,0.85,0.05,-102.4778,-40.4504,22.651399999999995,175,75
2026-05-07 18:25:24.038,2,0.44,0.87,0.0,-96.9278,-32.0904,20.821399999999997,175,75
2026-05-07 18:25:24.054,2,0.43,0.91,-0.02,-93.0178,-19.720399999999998,20.391399999999997,175,75
2026-05-07 18:25:24.062,2,0.46,0.94,-0.04,-92.5378,-12.0304,17.951399999999996,175,75
2026-05-07 18:25:24.072,2,0.5,0.94,-0.03,-93.7578,-6.240400000000001,15.211399999999998,175,75
2026-05-07 18:25:24.096,2,0.59,0.99,0.04,-87.3478,-15.200399999999998,-1.3786000000000023,175,75
2026-05-07 18:25:24.118,2,0.58,1.06,0.06,-81.4978,-25.020400000000002,-6.988600000000005,175,75
2026-05-07 18:25:24.133,2,0.6,1.22,0.05,-71.43780000000001,-54.8404,-16.988600000000005,175,75
2026-05-07 18:25:24.158,2,0.65,1.31,0.02,-67.4778,-77.8304,-27.288600000000002,175,75
2026-05-07 18:25:24.168,2,0.67,1.35,-0.01,-65.70779999999999,-85.5704,-36.0086,175,75
2026-05-07 18:25:24.196,2,0.7,1.39,-0.03,-62.2278,-91.4904,-47.3486,175,75
2026-05-07 18:25:24.207,2,0.7,1.38,-0.07,-61.7978,-101.1204,-54.5486,175,75
2026-05-07 18:25:24.227,2,0.64,1.4,-0.14,-68.62780000000001,-108.3104,-72.3486,175,75
2026-05-07 18:25:24.241,2,0.58,1.42,-0.15,-73.62780000000001,-90.2004,-77.4086,175,75
2026-05-07 18:25:24.265,2,0.51,1.52,-0.14,-75.7678,-20.6304,-87.4086,175,75
2026-05-07 18:25:24.265,2,0.56,1.56,-0.08,-75.2778,18.4496,-84.7886,175,75
2026-05-07 18:25:24.293,2,0.74,1.59,0.21,-74.7878,102.6596,-62.4686,175,75
2026-05-07 18:25:24.304,2,0.85,1.55,0.34,-73.4478,132.2296,-51.4986,175,75
2026-05-07 18:25:24.327,2,1.24,1.27,0.68,-53.3278,118.0296,-40.39860000000001,175,75
2026-05-07 18:25:24.348,2,1.27,1.2,0.83,-42.2278,69.7296,-41.9886,175,75
2026-05-07 18:25:24.366,2,1.46,0.98,0.87,-42.3478,88.6396,-53.2686,175,75
2026-05-07 18:25:24.394,2,1.29,0.64,0.99,-33.4478,90.2196,-86.30860000000001,175,75
2026-05-07 18:25:24.405,2,1.19,0.57,0.98,-23.5678,107.2996,-97.1086,175,75
2026-05-07 18:25:24.415,2,1.08,0.57,1.0,-16.4378,118.2696,-104.48859999999999,175,75
2026-05-07 18:25:24.426,2,1.08,0.62,1.03,-8.4478,130.0996,-113.01859999999999,175,75
2026-05-07 18:25:24.435,2,1.17,0.67,1.07,-2.5978000000000003,129.3696,-118.93860000000001,175,75
2026-05-07 18:25:24.450,2,1.15,0.73,1.07,0.7622,126.4996,-118.80859999999998,175,75
2026-05-07 18:25:24.467,2,1.05,0.74,1.07,3.0122,129.9196,-114.9086,175,75
2026-05-07 18:25:24.467,2,0.97,0.74,1.05,5.882199999999999,136.0796,-111.61859999999999,175,75
2026-05-07 18:25:24.491,2,0.91,0.76,0.99,24.352199999999996,185.8896,-104.48859999999999,175,75
2026-05-07 18:25:24.502,2,0.95,0.78,0.99,40.2122,231.4396,-105.5786,175,75
2026-05-07 18:25:24.514,2,1.0,0.78,1.07,58.3822,284.2496,-107.3486,175,75
2026-05-07 18:25:24.559,2,0.87,0.72,1.45,106.8522,363.7596,-96.55860000000001,175,75
2026-05-07 18:25:24.573,2,0.7,0.79,1.65,123.74220000000001,366.9296,-92.3486,175,75
2026-05-07 18:25:24.598,2,0.77,0.89,1.87,131.43220000000002,270.3396,-65.02860000000001,175,75
2026-05-07 18:25:24.598,2,0.71,0.86,1.85,124.8422,200.4096,-47.6586,175,75
2026-05-07 18:25:24.629,2,0.71,0.71,1.72,121.8522,98.8796,-30.638600000000004,175,75
2026-05-07 18:25:24.639,2,0.64,0.68,1.6,122.2222,84.1196,-27.8386,175,75
2026-05-07 18:25:24.652,2,0.6,0.68,1.52,124.7822,87.2296,-28.448600000000006,175,75
2026-05-07 18:25:24.662,2,0.56,0.69,1.47,129.7222,95.7696,-24.5486,175,75
2026-05-07 18:25:24.673,2,0.56,0.7,1.46,133.74220000000003,106.2596,-18.998600000000003,175,75
2026-05-07 18:25:24.697,2,0.51,0.72,1.42,136.18220000000002,114.9796,-13.138600000000004,175,75
2026-05-07 18:25:24.697,2,0.53,0.72,1.41,139.17219999999998,124.0596,-10.278600000000004,175,75
2026-05-07 18:25:24.707,2,0.53,0.72,1.44,143.56220000000002,139.18959999999998,-9.488600000000005,175,75
2026-05-07 18:25:24.718,2,0.55,0.72,1.53,146.91219999999998,153.2096,-9.2986,175,75
2026-05-07 18:25:24.718,2,0.59,0.71,1.61,146.31220000000002,151.7496,-7.108600000000003,175,75
2026-05-07 18:25:24.731,2,0.59,0.7,1.62,142.9522,136.8096,-3.1986000000000026,175,75
2026-05-07 18:25:24.742,2,0.56,0.67,1.62,140.1522,116.7496,0.451399999999996,175,75
2026-05-07 18:25:24.759,2,0.52,0.67,1.55,141.67219999999998,96.3196,5.511399999999998,175,75
2026-05-07 18:25:24.759,2,0.53,0.67,1.53,142.8922,90.7096,7.651399999999999,175,75
2026-05-07 18:25:24.772,2,0.52,0.69,1.51,142.5922,90.6496,9.421399999999997,175,75
2026-05-07 18:25:24.785,2,0.52,0.71,1.5,142.16219999999998,88.6396,10.881399999999998,175,75
2026-05-07 18:25:24.799,2,0.53,0.75,1.5,141.12220000000002,81.7496,14.301399999999997,175,75
2026-05-07 18:25:24.813,2,0.54,0.8,1.48,138.93220000000002,72.7196,20.211399999999998,175,75
2026-05-07 18:25:24.825,2,0.54,0.84,1.49,138.3822,62.0496,23.751399999999997,175,75
2026-05-07 18:25:24.835,2,0.63,0.87,1.49,138.93220000000002,51.3796,27.591399999999997,175,75
2026-05-07 18:25:24.847,2,0.66,0.89,1.5,136.79219999999998,41.4996,27.341399999999997,175,75
2026-05-07 18:25:24.858,2,0.71,0.92,1.46,135.2722,34.979600000000005,28.2614,175,75
2026-05-07 18:25:24.868,2,0.69,0.92,1.44,133.99220000000003,28.5796,27.101399999999998,175,75
2026-05-07 18:25:24.883,2,0.66,1.1,1.42,130.1522,16.7496,24.911399999999997,175,75
2026-05-07 18:25:24.928,2,0.02,1.47,1.37,105.8222,11.319600000000001,50.151399999999995,175,75
2026-05-07 18:25:24.939,2,1.98,0.5,1.55,81.1222,-37.2804,7.651399999999999,175,75
2026-05-07 18:25:24.952,2,2.26,0.9,1.14,106.6122,92.6596,11.861399999999998,175,75
2026-05-07 18:25:24.963,2,0.37,1.66,0.94,134.9022,40.589600000000004,6.981399999999997,175,75
2026-05-07 18:25:24.972,2,1.0,1.75,1.01,152.2822,168.0296,10.701399999999998,175,75
2026-05-07 18:25:24.986,2,0.93,1.63,1.38,161.24220000000003,157.0496,-0.5186000000000028,175,75
2026-05-07 18:25:24.997,2,1.21,1.39,1.49,153.81220000000002,103.3896,10.091399999999997,175,75
2026-05-07 18:25:25.046,2,1.2,0.96,0.88,83.6222,13.1496,28.501399999999997,175,75
2026-05-07 18:25:25.069,2,1.15,0.83,0.88,72.1022,40.5296,29.781399999999998,175,75
2026-05-07 18:25:25.081,2,1.12,0.79,0.89,68.1322,31.9296,31.861399999999996,175,75
2026-05-07 18:25:25.092,2,1.0,0.82,1.14,78.3222,-34.2904,22.341399999999997,175,75
2026-05-07 18:25:25.103,2,1.12,0.86,1.46,84.1722,-99.2304,6.861399999999996,175,75
2026-05-07 18:25:25.123,2,1.06,0.96,1.03,96.0022,-177.6404,32.831399999999995,175,75
2026-05-07 18:25:25.136,2,0.93,0.8,0.73,102.0422,-191.4904,30.821399999999997,175,75
2026-05-07 18:25:25.187,2,0.79,0.71,0.3,145.4522,63.2096,-20.028600000000004,175,75
2026-05-07 18:25:25.187,2,0.83,0.77,0.64,164.29219999999998,34.3096,-36.6186,175,75
2026-05-07 18:25:25.198,2,0.94,0.77,0.86,165.3322,23.3896,-40.7686,175,75
2026-05-07 18:25:25.208,2,1.01,0.75,0.91,151.73219999999998,15.2196,-35.0886,175,75
2026-05-07 18:25:25.228,2,1.04,0.7,0.78,136.98219999999998,-1.1803999999999988,-28.998600000000003,175,75
2026-05-07 18:25:25.228,2,1.05,0.61,0.54,141.85219999999998,0.5296000000000003,-39.5486,175,75
2026-05-07 18:25:25.263,2,0.94,0.63,0.18,172.16219999999998,56.2596,-55.638600000000004,175,75
2026-05-07 18:25:25.275,2,0.81,0.77,0.16,173.81220000000002,51.2596,-67.71860000000001,175,75
2026-05-07 18:25:25.285,2,0.87,0.82,0.25,171.67219999999998,60.5896,-75.08860000000001,175,75
2026-05-07 18:25:25.299,2,0.98,0.85,0.38,162.8922,83.8796,-73.3886,175,75
2026-05-07 18:25:25.306,2,1.05,0.84,0.39,154.05220000000003,81.2596,-73.5686,175,75
2026-05-07 18:25:25.319,2,1.08,0.85,0.34,149.41219999999998,76.2596,-74.2986,175,75
2026-05-07 18:25:25.329,2,1.08,0.9,0.23,148.68220000000002,84.4296,-77.89860000000002,175,75
2026-05-07 18:25:25.340,2,1.07,0.97,0.19,152.16219999999998,110.8296,-84.17859999999999,175,75
2026-05-07 18:25:25.352,2,1.09,1.02,0.24,156.12220000000002,134.9196,-87.4086,175,75
2026-05-07 18:25:25.366,2,1.09,1.09,0.33,158.93220000000002,144.2496,-87.71860000000001,175,75
2026-05-07 18:25:25.376,2,1.06,1.16,0.39,160.9422,137.9096,-85.33860000000001,175,75
2026-05-07 18:25:25.386,2,1.05,1.24,0.45,158.2622,123.0296,-81.61860000000001,175,75
2026-05-07 18:25:25.397,2,1.06,1.32,0.49,149.54219999999998,112.7196,-78.4486,175,75
2026-05-07 18:25:25.408,2,1.13,1.43,0.52,131.00220000000002,108.0296,-68.26859999999999,175,75
2026-05-07 18:25:25.418,2,1.18,1.41,0.52,125.45219999999999,101.7496,-65.21860000000001,175,75
2026-05-07 18:25:25.429,2,1.19,1.37,0.53,122.77220000000001,96.1996,-63.448600000000006,175,75
2026-05-07 18:25:25.446,2,1.19,1.39,0.54,123.5022,95.2796,-63.9386,175,75
2026-05-07 18:25:25.458,2,1.2,1.45,0.56,126.0022,94.7996,-63.9986,175,75
2026-05-07 18:25:25.470,2,1.14,1.48,0.58,128.81220000000002,96.2596,-61.918600000000005,175,75
2026-05-07 18:25:25.478,2,1.07,1.51,0.58,131.67219999999998,94.1196,-59.5486,175,75
2026-05-07 18:25:25.490,2,1.05,1.56,0.6,134.66219999999998,89.8596,-54.8486,175,75
2026-05-07 18:25:25.525,2,1.04,1.56,0.65,134.8422,86.2596,-51.558600000000006,175,75
2026-05-07 18:25:25.537,2,1.03,1.36,0.68,131.06220000000002,84.3096,-48.3286,175,75
2026-05-07 18:25:25.537,2,1.0,1.33,0.68,135.2122,90.5896,-50.39860000000001,175,75
2026-05-07 18:25:25.587,2,0.73,0.97,1.03,160.4522,125.4696,-63.198600000000006,175,75
2026-05-07 18:25:25.597,2,0.66,0.85,1.1,161.61219999999997,123.7596,-62.7186,175,75
2026-05-07 18:25:25.608,2,0.6,0.72,1.13,162.16219999999998,119.1896,-60.39860000000001,175,75
2026-05-07 18:25:25.619,2,0.51,0.52,1.17,162.2222,106.4996,-57.528600000000004,175,75
2026-05-07 18:25:25.631,2,0.48,0.38,1.2,161.37220000000002,92.4796,-57.83860000000001,175,75
2026-05-07 18:25:25.646,2,0.44,0.21,1.23,157.10219999999998,74.9796,-67.89860000000002,175,75
2026-05-07 18:25:25.652,2,0.46,0.14,1.12,150.2722,63.0296,-82.2286,175,75
2026-05-07 18:25:25.675,2,0.31,0.33,0.95,157.2822,95.2796,-90.39860000000002,175,75
2026-05-07 18:25:25.675,2,0.29,0.47,0.86,171.24220000000003,123.0296,-100.8886,175,75
2026-05-07 18:25:25.689,2,0.26,0.51,0.89,177.7722,145.2796,-101.98859999999999,175,75
2026-05-07 18:25:25.689,2,0.14,0.5,1.01,183.56220000000002,171.3196,-96.1286,175,75
2026-05-07 18:25:25.705,2,0.03,0.47,1.09,188.2022,189.5496,-89.96860000000001,175,75
2026-05-07 18:25:25.729,2,-0.05,0.47,1.14,189.66219999999998,194.1896,-88.01859999999999,175,75
2026-05-07 18:25:25.729,2,-0.15,0.5,1.16,188.68220000000002,185.5296,-88.5686,175,75
2026-05-07 18:25:25.740,2,-0.11,0.55,1.18,185.0922,161.7496,-85.39860000000002,175,75
2026-05-07 18:25:25.750,2,0.01,0.59,1.21,179.11219999999997,137.4196,-77.83860000000001,175,75
2026-05-07 18:25:25.761,2,0.12,0.68,1.13,169.9022,117.53960000000001,-42.7186,175,75
2026-05-07 18:25:25.772,2,0.21,0.68,1.03,169.9622,115.4096,-26.498600000000003,175,75
2026-05-07 18:25:25.802,2,-0.24,0.71,0.95,207.8922,338.6996,-52.4686,175,75
2026-05-07 18:25:25.802,2,0.08,0.75,1.21,225.2722,384.6096,-64.7286,175,75
2026-05-07 18:25:25.813,2,0.15,0.69,1.51,227.4622,391.3796,-74.9086,175,75
2026-05-07 18:25:25.820,2,0.36,0.6,1.89,210.0922,393.4496,-78.1986,175,75
2026-05-07 18:25:25.831,2,0.49,0.64,2.02,199.8422,363.8196,-68.6286,175,75
2026-05-07 18:25:25.838,2,0.52,0.92,2.04,202.5222,261.1396,-40.028600000000004,175,75
2026-05-07 18:25:25.869,2,0.51,1.44,1.94,224.8422,148.2096,-0.2786000000000044,175,75
2026-05-07 18:25:25.875,2,0.67,1.89,1.78,242.8322,66.1996,41.3114,175,75
2026-05-07 18:25:25.888,2,0.82,1.95,1.69,238.0122,44.1896,59.4214,175,75
2026-05-07 18:25:25.912,2,1.37,1.31,1.61,212.2222,73.2696,80.03139999999999,175,75
2026-05-07 18:25:25.912,2,1.45,1.17,1.67,234.17219999999998,164.2496,57.651399999999995,175,75
2026-05-07 18:25:25.925,2,1.78,1.19,1.78,258.3222,274.7996,31.981399999999997,175,75
2026-05-07 18:25:25.937,2,2.24,1.09,2.21,263.6822,339.3096,20.211399999999998,175,75
2026-05-07 18:25:25.948,2,2.38,0.71,2.73,233.68220000000002,380.7696,8.931399999999996,175,75
2026-05-07 18:25:25.968,2,2.76,-0.09,3.36,183.4422,341.9296,32.1614,175,75
2026-05-07 18:25:25.991,2,3.09,-0.23,3.47,228.0122,231.4396,72.1614,175,75
2026-05-07 18:25:26.013,2,3.19,-0.34,3.29,305.0922,186.0096,79.4214,175,75
2026-05-07 18:25:26.017,2,3.21,-0.39,3.17,342.2222,210.7696,54.481399999999994,175,75
2026-05-07 18:25:26.041,2,3.77,-0.23,3.41,379.54220000000004,151.9896,2.041399999999996,175,75
2026-05-07 18:25:26.067,2,3.54,-0.57,2.52,361.4922,21.1396,-14.238600000000005,175,75
2026-05-07 18:25:26.101,2,3.31,-0.68,1.67,341.98220000000003,126.0796,-61.1286,175,75
2026-05-07 18:25:26.114,2,2.8,-0.61,1.35,343.0122,247.5396,-76.18860000000001,175,75
2026-05-07 18:25:26.137,2,2.61,-0.59,1.33,354.60220000000004,286.9896,-72.83860000000001,175,75
2026-05-07 18:25:26.148,2,2.46,-0.52,1.4,363.8122,309.6696,-67.1686,175,75
2026-05-07 18:25:26.159,2,2.37,-0.39,1.55,363.6822,298.0296,-58.3286,175,75
2026-05-07 18:25:26.159,2,2.24,-0.35,1.62,358.2622,265.64959999999996,-48.2686,175,75
2026-05-07 18:25:26.183,2,1.8,-0.47,1.45,336.91220000000004,157.2296,-25.638600000000004,175,75
2026-05-07 18:25:26.183,2,1.6,-0.52,1.35,331.4922,124.3696,-21.738600000000005,175,75
2026-05-07 18:25:26.197,2,1.43,-0.62,1.23,325.2122,103.6996,-20.5786,175,75
2026-05-07 18:25:26.208,2,1.29,-0.72,1.14,321.73220000000003,93.5796,-19.668600000000005,175,75
2026-05-07 18:25:26.219,2,1.09,-0.92,1.03,322.7722,86.3796,-27.778600000000004,175,75
2026-05-07 18:25:26.236,2,0.99,-1.04,0.98,322.10220000000004,75.1596,-34.2986,175,75
2026-05-07 18:25:26.259,2,0.71,-1.14,0.91,301.1822,72.3596,-52.528600000000004,175,75
2026-05-07 18:25:26.291,2,0.4,-0.75,0.79,282.10220000000004,173.5796,-66.98859999999999,175,75
2026-05-07 18:25:26.335,2,0.28,-0.4,1.15,288.9922,324.1896,-38.6286,175,75
2026-05-07 18:25:26.343,2,0.3,-0.34,1.25,286.98220000000003,333.0296,-24.5486,175,75
2026-05-07 18:25:26.376,2,0.58,-0.24,1.66,258.6822,242.9696,5.031399999999998,175,75
2026-05-07 18:25:26.395,2,0.66,-0.3,1.69,245.3322,194.7996,11.001399999999997,175,75
2026-05-07 18:25:26.417,2,0.59,-0.32,1.42,231.85219999999998,144.2496,14.051399999999997,175,75
2026-05-07 18:25:26.446,2,0.55,-0.19,1.39,245.0922,260.8296,10.941399999999998,175,75
2026-05-07 18:25:26.468,2,0.78,-0.24,1.78,246.61220000000003,294.1196,17.591399999999997,175,75
2026-05-07 18:25:26.480,2,0.8,-0.26,1.85,243.3822,277.0496,20.451399999999996,175,75
2026-05-07 18:25:26.501,2,0.83,-0.17,1.82,242.2822,268.2096,28.691399999999998,175,75
2026-05-07 18:25:26.514,2,0.86,0.05,1.93,243.3222,251.6196,43.3214,175,75
2026-05-07 18:25:26.529,2,1.35,0.03,2.51,227.16219999999998,190.8896,45.45139999999999,175,75
2026-05-07 18:25:26.543,2,1.33,0.15,2.55,214.48219999999998,142.9096,51.6714,175,75
2026-05-07 18:25:26.558,2,1.18,0.44,2.3,220.3322,88.3296,67.8314,175,75
2026-05-07 18:25:26.579,2,0.81,0.93,1.79,257.04220000000004,130.0996,75.03139999999999,175,75
2026-05-07 18:25:26.591,2,1.32,1.55,2.02,308.9322,267.7196,133.2014,175,75
2026-05-07 18:25:26.613,2,2.24,0.99,2.38,288.0122,319.1896,154.1114,175,75
2026-05-07 18:25:26.613,2,3.33,0.62,2.69,273.7422,280.9496,133.2014,175,75
2026-05-07 18:25:26.621,2,2.97,0.85,2.67,258.7422,124.7296,156.5514,175,75
2026-05-07 18:25:26.636,2,2.91,0.69,2.74,243.2622,34.9196,140.4514,175,75
2026-05-07 18:25:26.649,2,2.6,0.58,2.21,245.8222,-54.35039999999999,162.5314,175,75
2026-05-07 18:25:26.660,2,2.62,0.07,1.76,236.43220000000002,-73.1304,120.7014,175,75
2026-05-07 18:25:26.672,2,2.81,-0.38,1.74,237.04219999999998,-53.3104,96.8614,175,75
2026-05-07 18:25:26.680,2,2.82,-0.66,1.62,242.4022,-46.2404,70.5814,175,75
2026-05-07 18:25:26.704,2,2.38,-0.41,0.76,287.10220000000004,36.2596,16.801399999999997,175,75
2026-05-07 18:25:26.729,2,2.17,-0.37,0.43,313.5622,107.2996,-1.308600000000002,175,75
2026-05-07 18:25:26.740,2,2.23,-0.39,0.74,317.7722,80.03960000000001,-9.5486,175,75
2026-05-07 18:25:26.751,2,2.21,-0.31,1.04,318.7422,12.659600000000001,-20.8286,175,75
2026-05-07 18:25:26.766,2,1.81,-0.28,1.12,307.5222,-114.9004,-37.8986,175,75
2026-05-07 18:25:26.781,2,1.51,-0.3,0.72,295.0222,-135.2004,-54.418600000000005,175,75
2026-05-07 18:25:26.811,2,1.13,-0.32,0.11,284.41220000000004,-74.2304,-105.27859999999998,175,75
2026-05-07 18:25:26.828,2,0.91,-0.29,0.04,289.41220000000004,-44.5904,-105.6986,175,75
2026-05-07 18:25:26.828,2,0.6,-0.19,-0.02,295.0222,-48.0104,-100.08860000000001,175,75
2026-05-07 18:25:26.839,2,0.51,-0.16,-0.06,284.7822,-76.9704,-135.3986,175,75
2026-05-07 18:25:26.858,2,0.75,0.05,-0.14,243.0122,-46.6704,-153.5086,175,75
2026-05-07 18:25:26.876,2,0.63,0.18,-0.22,226.61219999999997,0.15960000000000107,-151.8586,175,75
2026-05-07 18:25:26.884,2,0.54,0.15,-0.22,224.8422,35.6496,-155.7686,175,75
2026-05-07 18:25:26.903,2,0.56,0.09,-0.26,227.6522,47.6596,-155.9486,175,75
2026-05-07 18:25:26.913,2,0.48,0.18,-0.31,223.99220000000003,19.919600000000003,-157.77859999999998,175,75
2026-05-07 18:25:26.927,2,0.32,0.38,-0.39,224.7822,-0.5703999999999994,-153.0786,175,75
2026-05-07 18:25:26.944,2,0.18,0.5,-0.43,220.3322,-3.6204,-148.9386,175,75
2026-05-07 18:25:26.954,2,0.07,0.52,-0.4,198.4422,39.1896,-142.83859999999999,175,75
2026-05-07 18:25:26.969,2,0.09,0.48,-0.37,171.12220000000002,112.3596,-134.1186,175,75
2026-05-07 18:25:26.979,2,0.17,0.53,-0.4,153.4422,132.77960000000002,-126.8586,175,75
2026-05-07 18:25:26.981,2,0.19,0.63,-0.36,149.23219999999998,122.2996,-122.6586,175,75
2026-05-07 18:25:26.994,2,0.22,0.75,-0.32,144.48219999999998,97.2296,-115.27859999999998,175,75
2026-05-07 18:25:27.024,2,0.17,0.73,-0.2,129.66219999999998,82.8396,-97.2286,175,75
2026-05-07 18:25:27.024,2,0.12,0.65,-0.16,116.9122,76.3796,-87.58860000000001,175,75
2026-05-07 18:25:27.036,2,0.16,0.65,-0.18,106.3722,57.4796,-81.43860000000001,175,75
2026-05-07 18:25:27.048,2,0.16,0.74,-0.23,99.5422,23.7596,-75.9486,175,75
2026-05-07 18:25:27.064,2,0.13,0.83,-0.28,94.1722,-3.1904000000000003,-65.8886,175,75
2026-05-07 18:25:27.069,2,0.11,0.84,-0.3,82.5222,-12.700399999999998,-54.058600000000006,175,75
2026-05-07 18:25:27.084,2,0.09,0.79,-0.29,66.6722,-4.5304,-44.9686,175,75
2026-05-07 18:25:27.098,2,0.09,0.73,-0.26,50.5722,11.6196,-35.5186,175,75
2026-05-07 18:25:27.098,2,0.11,0.68,-0.24,41.3122,21.9296,-27.898600000000002,175,75
2026-05-07 18:25:27.110,2,0.16,0.64,-0.24,38.5622,14.1196,-20.398600000000002,175,75
2026-05-07 18:25:27.122,2,0.23,0.72,-0.29,32.4622,-38.6204,-16.4386,175,75
2026-05-07 18:25:27.156,2,-0.09,0.82,-0.45,-0.8878000000000004,-54.35039999999999,12.471399999999997,175,75
2026-05-07 18:25:27.168,2,-0.12,0.76,-0.43,-12.6578,-17.7704,21.861399999999996,175,75
2026-05-07 18:25:27.180,2,-0.1,0.72,-0.4,-27.0478,11.8096,29.301399999999997,175,75
2026-05-07 18:25:27.184,2,0.0,0.75,-0.35,-44.8478,27.3596,37.7114,175,75
2026-05-07 18:25:27.208,2,0.09,0.8,-0.29,-57.9578,22.3596,46.611399999999996,175,75
2026-05-07 18:25:27.219,2,0.13,0.78,-0.21,-70.2778,3.819600000000001,57.831399999999995,175,75
2026-05-07 18:25:27.219,2,0.11,0.74,-0.18,-80.8878,-10.810400000000001,65.6414,175,75
2026-05-07 18:25:27.242,2,0.08,0.71,-0.13,-93.8778,-22.2804,75.8814,175,75
2026-05-07 18:25:27.245,2,0.07,0.71,-0.1,-101.98780000000001,-24.3504,85.6414,175,75
2026-05-07 18:25:27.251,2,0.11,0.71,-0.08,-109.7278,-27.770400000000002,97.28139999999999,175,75
2026-05-07 18:25:27.272,2,0.2,0.77,-0.11,-121.1278,-52.0304,106.5514,175,75
2026-05-07 18:25:27.291,2,0.2,0.84,-0.11,-132.6578,-77.7004,114.97139999999999,175,75
2026-05-07 18:25:27.302,2,0.08,0.91,-0.09,-150.82780000000002,-85.8804,138.9914,175,75
2026-05-07 18:25:27.303,2,0.09,0.88,-0.06,-160.0378,-71.5504,151.4314,175,75
2026-05-07 18:25:27.316,2,0.17,0.86,-0.01,-167.4778,-61.9704,160.8814,175,75
2026-05-07 18:25:27.325,2,0.35,0.85,0.08,-175.2778,-66.3604,169.72140000000002,175,75
2026-05-07 18:25:27.352,2,0.99,1.01,0.3,-191.49779999999998,-156.4904,160.8814,175,75
2026-05-07 18:25:27.367,2,1.29,1.2,0.41,-196.5578,-233.9204,148.2014,175,75
2026-05-07 18:25:27.381,2,1.39,1.5,0.55,-195.70780000000002,-337.5804,140.3914,175,75
2026-05-07 18:25:27.397,2,0.71,1.91,0.33,-180.58780000000002,-444.5904,179.4814,175,75
2026-05-07 18:25:27.415,2,0.39,2.03,0.22,-171.6778,-452.7704,210.3314,175,75
2026-05-07 18:25:27.437,2,0.52,1.71,-0.16,-203.99779999999998,-450.4504,266.8614,175,75
2026-05-07 18:25:27.464,2,0.89,1.41,-0.77,-188.75779999999997,-342.8904,274.6614,175,75
2026-05-07 18:25:27.507,2,1.05,1.3,-1.09,-151.6178,-276.5504,280.4514,175,75
2026-05-07 18:25:27.507,2,0.81,1.1,-1.28,-141.31779999999998,-178.1904,271.3114,175,75
2026-05-07 18:25:27.507,2,0.57,0.82,-1.3,-156.49779999999998,-30.270400000000002,246.8014,175,75
2026-05-07 18:25:27.517,2,0.58,0.63,-1.17,-168.56779999999998,87.3596,214.1114,175,75
2026-05-07 18:25:27.517,2,0.74,0.52,-0.88,-173.38780000000003,196.1996,179.97140000000002,175,75
2026-05-07 18:25:27.529,2,0.73,0.51,-0.43,-177.2878,289.3696,144.0514,175,75
2026-05-07 18:25:27.551,2,0.71,0.54,0.07,-183.32780000000002,378.9396,99.60139999999998,175,75
2026-05-07 18:25:27.624,2,0.62,1.51,1.1,-60.2178,30.9496,13.811399999999997,175,75
2026-05-07 18:25:27.646,2,0.49,1.46,1.0,-47.2278,16.1996,11.671399999999997,175,75
2026-05-07 18:25:27.685,2,0.25,1.47,0.73,-16.1278,77.1696,-21.128600000000006,175,75
2026-05-07 18:25:27.685,2,0.26,1.56,0.73,-0.39780000000000015,88.3296,-24.5486,175,75
2026-05-07 18:25:27.685,2,0.3,1.58,0.78,10.5122,80.2196,-25.5786,175,75
2026-05-07 18:25:27.713,2,0.35,1.53,0.82,15.5122,61.6896,-21.858600000000003,175,75
2026-05-07 18:25:27.728,2,0.27,1.34,0.71,17.522199999999998,15.5896,-14.848600000000005,175,75
2026-05-07 18:25:27.739,2,0.19,1.36,0.68,22.5922,19.2496,-21.498600000000003,175,75
2026-05-07 18:25:27.753,2,0.16,1.48,0.67,30.272199999999998,41.4396,-21.128600000000006,175,75
2026-05-07 18:25:27.784,2,0.21,1.44,0.69,21.4922,30.8296,-8.448600000000006,175,75
2026-05-07 18:25:27.809,2,0.22,1.36,0.68,11.912199999999999,12.4196,-0.5186000000000028,175,75
2026-05-07 18:25:27.840,2,0.29,1.33,0.68,-1.187800000000001,1.3196000000000012,10.211399999999998,175,75
2026-05-07 18:25:27.857,2,0.28,1.38,0.72,-1.3778000000000006,-3.5603999999999996,14.781399999999998,175,75
2026-05-07 18:25:27.857,2,0.34,1.35,0.75,-3.3878000000000004,-36.3604,18.931399999999996,175,75
2026-05-07 18:25:27.886,2,0.27,1.33,0.69,-11.3178,-83.2504,23.441399999999998,175,75
2026-05-07 18:25:27.907,2,0.39,1.3,0.67,-15.1578,-104.8404,21.3114,175,75
2026-05-07 18:25:27.918,2,0.39,1.33,0.53,-13.267800000000001,-113.8004,19.841399999999997,175,75
2026-05-07 18:25:27.918,2,0.42,1.4,0.49,-13.6278,-112.3404,20.941399999999998,175,75
2026-05-07 18:25:27.934,2,0.37,1.54,0.35,-10.7078,-91.5504,25.3314,175,75
2026-05-07 18:25:27.944,2,0.31,1.62,0.27,-12.7178,-70.7504,29.841399999999997,175,75
2026-05-07 18:25:28.000,2,0.46,1.64,0.21,-19.0578,-20.1404,31.551399999999997,175,75
2026-05-07 18:25:28.057,2,0.57,1.62,0.26,-25.3378,-15.6904,38.1414,175,75
2026-05-07 18:25:28.081,2,0.6,1.61,0.25,-31.8678,-32.7004,43.7514,175,75
2026-05-07 18:25:28.090,2,0.62,1.59,0.22,-34.6678,-39.2904,48.3214,175,75
2026-05-07 18:25:28.099,2,0.59,1.6,0.13,-35.827799999999996,-42.0304,54.84139999999999,175,75
2026-05-07 18:25:28.099,2,0.46,1.58,0.11,-39.297799999999995,-15.330400000000001,54.7814,175,75
2026-05-07 18:25:28.112,2,0.54,1.55,0.17,-42.5978,1.499600000000001,53.871399999999994,175,75
2026-05-07 18:25:28.134,2,0.7,1.52,0.26,-46.4978,-6.180399999999999,54.971399999999996,175,75
2026-05-07 18:25:28.134,2,0.74,1.48,0.3,-49.9078,-22.770400000000002,56.611399999999996,175,75
2026-05-07 18:25:28.134,2,0.7,1.47,0.24,-52.0478,-24.050399999999996,59.1714,175,75
2026-05-07 18:25:28.134,2,0.64,1.5,0.12,-50.7078,-10.020399999999999,57.2814,175,75
2026-05-07 18:25:28.152,2,0.46,1.44,0.18,-45.7078,52.8396,55.761399999999995,175,75
2026-05-07 18:25:28.181,2,0.48,1.31,0.52,-62.1078,-6.3603999999999985,46.2514,175,75
2026-05-07 18:25:28.181,2,-0.36,1.33,0.48,-70.3978,-91.6104,13.691399999999998,175,75
2026-05-07 18:25:28.190,2,1.35,1.44,0.79,-120.3978,-130.5704,116.4314,175,75
2026-05-07 18:25:28.229,2,0.42,1.68,0.3,23.812199999999997,68.9396,31.371399999999998,175,75
2026-05-07 18:25:28.240,2,0.57,1.59,0.15,6.792200000000001,104.1896,28.5614,175,75
2026-05-07 18:25:28.250,2,0.93,1.53,0.56,2.7121999999999993,92.4796,10.821399999999997,175,75
2026-05-07 18:25:28.262,2,1.13,1.37,0.86,0.8222000000000005,17.6596,1.311399999999999,175,75
2026-05-07 18:25:28.276,2,0.99,1.32,0.85,-14.9778,-95.8104,28.691399999999998,175,75
2026-05-07 18:25:28.299,2,0.89,1.36,0.62,-30.7678,-161.4904,37.8914,175,75
2026-05-07 18:25:28.301,2,0.65,1.55,-0.03,-42.7178,-149.9004,27.281399999999998,175,75
2026-05-07 18:25:28.327,2,0.69,1.59,-0.17,-28.9378,-96.8504,25.821399999999997,175,75
2026-05-07 18:25:28.327,2,0.61,1.58,-0.1,-18.6278,-45.6304,28.871399999999998,175,75
2026-05-07 18:25:28.338,2,0.52,1.49,0.02,-17.1678,27.419600000000003,30.7614,175,75
2026-05-07 18:25:28.338,2,0.57,1.39,0.14,-23.937800000000003,83.3296,28.0814,175,75
2026-05-07 18:25:28.364,2,0.87,1.28,0.36,-31.5578,86.5596,8.201399999999996,175,75
2026-05-07 18:25:28.366,2,0.84,1.26,0.59,-30.3378,54.4296,4.231399999999997,175,75
2026-05-07 18:25:28.387,2,0.84,1.24,0.66,-30.4578,33.2096,4.481399999999997,175,75
2026-05-07 18:25:28.439,2,0.61,1.4,0.47,-33.7578,7.2296000000000005,-8.748600000000003,175,75
2026-05-07 18:25:28.439,2,0.68,1.33,0.63,-36.8678,-12.8904,-8.508600000000001,175,75
2026-05-07 18:25:28.450,2,0.72,1.32,0.64,-43.4478,-39.9004,-6.008600000000001,175,75
2026-05-07 18:25:28.488,2,0.58,1.33,0.39,-31.7978,-23.2504,-12.348600000000005,175,75
2026-05-07 18:25:28.488,2,0.59,1.34,0.41,-19.977800000000002,-6.240400000000001,-18.6886,175,75
2026-05-07 18:25:28.520,2,0.62,1.37,0.5,-10.6478,-0.9404000000000003,-24.358600000000003,175,75
2026-05-07 18:25:28.520,2,0.57,1.4,0.58,-9.7878,-6.6103999999999985,-23.5086,175,75
2026-05-07 18:25:28.530,2,0.5,1.41,0.62,-11.8678,-19.9004,-24.358600000000003,175,75
2026-05-07 18:25:28.530,2,0.46,1.39,0.65,-16.8678,-42.6404,-23.0786,175,75
2026-05-07 18:25:28.547,2,0.43,1.39,0.63,-21.497799999999998,-61.9704,-21.378600000000006,175,75
2026-05-07 18:25:28.562,2,0.35,1.38,0.5,-24.367800000000003,-75.8804,-23.448600000000006,175,75
2026-05-07 18:25:28.573,2,0.28,1.41,0.44,-22.1678,-65.2004,-26.1886,175,75
2026-05-07 18:25:28.591,2,0.21,1.47,0.41,-13.1478,-14.9604,-30.1586,175,75
2026-05-07 18:25:28.606,2,0.25,1.47,0.43,-8.9378,9.0596,-32.1086,175,75
2026-05-07 18:25:28.632,2,0.23,1.48,0.44,-6.9878,26.7496,-30.458600000000004,175,75
2026-05-07 18:25:28.632,2,0.16,1.51,0.46,-7.6578,43.5796,-28.748600000000003,175,75
2026-05-07 18:25:28.645,2,0.11,1.58,0.49,-5.8878,73.4496,-24.668600000000005,175,75
2026-05-07 18:25:28.664,2,0.1,1.59,0.54,-3.8178,84.4896,-22.348600000000005,175,75
2026-05-07 18:25:28.676,2,0.14,1.55,0.68,-0.7678000000000011,83.0296,-20.5786,175,75
2026-05-07 18:25:28.705,2,0.15,1.57,0.73,2.3422,70.4696,-20.5186,175,75
2026-05-07 18:25:28.705,2,0.16,1.61,0.76,6.312200000000001,53.0896,-18.138600000000004,175,75
2026-05-07 18:25:28.740,2,0.17,1.66,0.75,8.682199999999998,17.9696,-7.718600000000002,175,75
2026-05-07 18:25:28.740,2,0.17,1.66,0.73,7.402200000000001,2.5996000000000006,-1.678600000000003,175,75
2026-05-07 18:25:28.753,2,0.18,1.62,0.67,8.5622,-11.7304,5.391399999999997,175,75
2026-05-07 18:25:28.761,2,0.19,1.63,0.64,11.5522,-8.740400000000001,6.5513999999999974,175,75
2026-05-07 18:25:28.796,2,0.21,1.63,0.64,15.452200000000001,-1.7303999999999995,9.661399999999997,175,75
2026-05-07 18:25:28.796,2,0.24,1.6,0.63,17.5922,0.829600000000001,13.561399999999997,175,75
2026-05-07 18:25:28.816,2,0.25,1.61,0.62,15.452200000000001,-3.8604000000000003,16.9214,175,75
2026-05-07 18:25:28.825,2,0.27,1.64,0.61,13.072199999999999,-4.840399999999999,20.7614,175,75
2026-05-07 18:25:28.838,2,0.36,1.61,0.62,11.2422,-15.1404,29.721399999999996,175,75
2026-05-07 18:25:28.854,2,0.43,1.6,0.62,13.932199999999998,-29.840400000000002,31.121399999999998,175,75
2026-05-07 18:25:28.862,2,0.46,1.64,0.59,18.3822,-38.8604,31.431399999999996,175,75
2026-05-07 18:25:28.897,2,0.47,1.66,0.55,21.182199999999998,-46.3604,33.2014,175,75
2026-05-07 18:25:28.897,2,0.48,1.63,0.52,18.2622,-51.0604,34.721399999999996,175,75
2026-05-07 18:25:28.908,2,0.49,1.56,0.48,11.3122,-50.2704,37.1614,175,75
2026-05-07 18:25:28.926,2,0.51,1.49,0.46,5.882199999999999,-48.1304,37.7114,175,75
2026-05-07 18:25:28.926,2,0.54,1.44,0.42,2.892199999999999,-46.9104,35.761399999999995,175,75
2026-05-07 18:25:28.938,2,0.58,1.45,0.37,3.6221999999999994,-47.7004,31.981399999999997,175,75
2026-05-07 18:25:28.950,2,0.6,1.49,0.33,6.432199999999998,-43.8604,27.8314,175,75
2026-05-07 18:25:28.960,2,0.58,1.48,0.31,7.1022,-34.5304,26.001399999999997,175,75
2026-05-07 18:25:28.998,2,0.56,1.42,0.26,3.132199999999999,-21.6104,23.441399999999998,175,75
2026-05-07 18:25:29.024,2,0.68,1.36,0.15,-0.15779999999999994,3.0296000000000003,15.211399999999998,175,75
2026-05-07 18:25:29.024,2,0.72,1.4,0.13,-1.6178000000000008,10.5296,12.591399999999997,175,75
2026-05-07 18:25:29.034,2,0.68,1.61,0.17,21.0022,46.4996,9.231399999999997,175,75
2026-05-07 18:25:29.034,2,0.75,1.62,0.2,18.3822,48.3896,8.011399999999998,175,75
2026-05-07 18:25:29.045,2,0.8,1.61,0.2,10.7622,38.089600000000004,10.641399999999997,175,75
2026-05-07 18:25:29.059,2,0.75,1.59,0.16,1.5521999999999991,11.989600000000001,18.5614,175,75
2026-05-07 18:25:29.072,2,0.59,1.6,0.1,4.542199999999999,-7.090399999999999,23.321399999999997,175,75
2026-05-07 18:25:29.080,2,0.38,1.57,0.11,14.6022,2.9696,20.091399999999997,175,75
2026-05-07 18:25:29.097,2,0.39,1.52,0.17,12.952200000000001,29.6696,14.601399999999998,175,75
2026-05-07 18:25:29.132,2,0.6,1.49,0.2,-1.3778000000000006,52.4796,9.111399999999996,175,75
2026-05-07 18:25:29.139,2,0.71,1.52,0.17,-10.9478,63.9396,6.121399999999998,175,75
2026-05-07 18:25:29.174,2,0.61,1.6,0.34,-2.4078,137.0496,3.5013999999999967,175,75
2026-05-07 18:25:29.179,2,0.78,1.57,0.54,-11.7378,119.3696,-0.8886000000000038,175,75
2026-05-07 18:25:29.180,2,0.84,1.6,0.68,-22.477800000000002,70.4096,0.5813999999999986,175,75
2026-05-07 18:25:29.257,2,0.77,1.45,0.45,-59.6078,-141.3604,31.861399999999996,175,75
2026-05-07 18:25:29.257,2,0.7,1.26,0.13,-54.7878,-54.96039999999999,8.261399999999998,175,75
2026-05-07 18:25:29.268,2,0.66,1.26,0.13,-47.2278,-14.840399999999999,1.311399999999999,175,75
2026-05-07 18:25:29.280,2,0.65,1.25,0.23,-36.437799999999996,57.1696,-7.6586,175,75
2026-05-07 18:25:29.306,2,0.56,1.21,0.68,-23.5078,111.7496,-27.348600000000005,175,75
2026-05-07 18:25:29.319,2,0.52,1.2,0.71,-18.0878,107.53960000000001,-28.5086,175,75
2026-05-07 18:25:29.332,2,0.42,1.21,0.72,-4.1178,89.2496,-33.628600000000006,175,75
2026-05-07 18:25:29.375,2,0.45,1.36,0.72,9.482199999999999,81.3796,-30.5786,175,75
2026-05-07 18:25:29.388,2,0.45,1.33,0.75,14.9022,78.2096,-28.3286,175,75
2026-05-07 18:25:29.406,2,0.43,1.31,0.77,25.5122,44.7996,-24.1186,175,75
2026-05-07 18:25:29.428,2,0.37,1.35,0.73,29.5422,0.2796000000000003,-18.5086,175,75
2026-05-07 18:25:29.450,2,0.44,1.35,0.76,23.6222,-39.6604,-15.0886,175,75
2026-05-07 18:25:29.462,2,0.45,1.33,0.71,20.3322,-58.800399999999996,-13.198600000000006,175,75
2026-05-07 18:25:29.472,2,0.43,1.34,0.61,19.6622,-76.9704,-10.888600000000004,175,75
2026-05-07 18:25:29.496,2,0.28,1.47,0.41,26.312199999999997,-52.160399999999996,-7.0486,175,75
2026-05-07 18:25:29.524,2,0.38,1.45,0.46,27.892200000000003,16.0096,-3.4486000000000026,175,75
2026-05-07 18:25:29.561,2,0.49,1.41,0.58,21.9122,-9.5304,1.191399999999998,175,75
2026-05-07 18:25:29.572,2,0.5,1.44,0.54,20.1522,-28.7404,2.7113999999999976,175,75
2026-05-07 18:25:29.593,2,0.5,1.46,0.5,16.9822,-49.1704,4.541399999999996,175,75
2026-05-07 18:25:29.613,2,0.35,1.51,0.33,14.9622,-37.5804,10.331399999999997,175,75
2026-05-07 18:25:29.613,2,0.42,1.46,0.41,13.072199999999999,-45.1404,13.081399999999997,175,75
2026-05-07 18:25:29.636,2,0.58,1.35,0.52,0.15220000000000056,-91.9704,17.471399999999996,175,75
2026-05-07 18:25:29.711,2,0.37,1.49,0.06,0.5122,-49.9004,18.3814,175,75
2026-05-07 18:25:29.711,2,0.44,1.38,0.19,-5.9478,27.169600000000003,14.911399999999997,175,75
2026-05-07 18:25:29.724,2,0.52,1.39,0.34,-13.017800000000001,42.839600000000004,20.7614,175,75
2026-05-07 18:25:29.733,2,0.52,1.36,0.33,-20.4578,46.1396,26.731399999999997,175,75
2026-05-07 18:25:29.792,2,0.09,1.19,0.47,-52.1678,55.0996,25.391399999999997,175,75
2026-05-07 18:25:29.825,2,1.18,1.09,-0.07,-90.5178,107.6596,44.0514,175,75
2026-05-07 18:25:29.858,2,-0.1,1.52,0.37,5.5122,92.1696,-15.3386,175,75
2026-05-07 18:25:29.858,2,0.32,2.03,0.18,43.3822,256.9296,27.471399999999996,175,75
2026-05-07 18:25:29.858,2,0.39,2.24,0.31,60.822199999999995,257.1096,-5.088600000000003,175,75
2026-05-07 18:25:29.896,2,1.18,1.2,1.36,28.6222,-115.5704,-5.338600000000003,175,75
2026-05-07 18:25:29.909,2,0.93,1.2,1.07,-0.39780000000000015,-262.5204,24.911399999999997,175,75
2026-05-07 18:25:29.926,2,0.7,1.33,0.73,-13.8178,-363.0704,57.471399999999996,175,75
2026-05-07 18:25:29.942,2,0.57,1.4,0.41,-19.547800000000002,-429.2304,75.7614,175,75
2026-05-07 18:25:30.004,2,-0.1,1.32,-0.4,-16.8678,-223.3104,-0.9486000000000026,175,75
2026-05-07 18:25:30.004,2,-0.15,1.42,-0.54,-1.7978000000000005,-109.7204,2.161399999999997,175,75
2026-05-07 18:25:30.004,2,-0.05,1.45,-0.58,10.392199999999999,69.3096,-13.508600000000001,175,75
2026-05-07 18:25:30.026,2,0.65,1.35,0.06,15.452200000000001,390.0396,-26.738600000000005,175,75
2026-05-07 18:25:30.038,2,0.69,1.46,0.58,38.7422,280.5896,-45.1586,175,75
2026-05-07 18:25:30.038,2,0.64,1.44,0.74,42.1622,218.8196,-25.8286,175,75
2026-05-07 18:25:30.064,2,0.52,1.47,0.69,31.7922,158.3296,-11.988600000000005,175,75
2026-05-07 18:25:30.073,2,0.44,1.48,0.72,26.7322,64.6096,-4.488600000000002,175,75
2026-05-07 18:25:30.095,2,0.64,1.39,0.87,16.0022,4.9196,-10.948600000000006,175,75
2026-05-07 18:25:30.095,2,0.75,1.34,0.94,-1.3178,-49.9004,-5.398600000000002,175,75
2026-05-07 18:25:30.129,2,0.89,1.38,0.54,-19.6078,-206.5504,17.161399999999997,175,75
2026-05-07 18:25:30.142,2,0.49,1.33,0.14,-16.3178,-136.4904,-7.718600000000002,175,75
2026-05-07 18:25:30.168,2,0.69,1.35,0.33,36.6722,70.58959999999999,-21.128600000000006,175,75
2026-05-07 18:25:30.179,2,0.73,1.29,0.54,36.6122,58.5096,-28.6886,175,75
2026-05-07 18:25:30.192,2,0.65,1.28,0.67,31.492199999999997,34.3096,-30.028600000000004,175,75
2026-05-07 18:25:30.213,2,0.56,1.45,0.6,22.712200000000003,-4.5304,-30.458600000000004,175,75
2026-05-07 18:25:30.222,2,0.59,1.49,0.55,21.4922,-10.9404,-30.8286,175,75
2026-05-07 18:25:30.245,2,0.61,1.5,0.5,22.282200000000003,-5.630399999999998,-30.3386,175,75
2026-05-07 18:25:30.257,2,0.59,1.52,0.46,27.8322,5.6496,-30.398600000000002,175,75
2026-05-07 18:25:30.290,2,0.51,1.62,0.52,30.882199999999997,9.1196,-25.278600000000004,175,75
2026-05-07 18:25:30.331,2,0.67,1.7,0.62,18.5622,-24.9604,-6.128600000000002,175,75
2026-05-07 18:25:30.345,2,0.72,1.71,0.61,14.232199999999999,-43.8604,-1.558600000000002,175,75
2026-05-07 18:25:30.368,2,0.72,1.75,0.46,10.392199999999999,-79.1704,4.231399999999997,175,75
2026-05-07 18:25:30.378,2,0.7,1.75,0.42,11.3122,-85.0204,5.701399999999996,175,75
2026-05-07 18:25:30.382,2,0.66,1.76,0.41,11.6722,-90.0804,7.341399999999997,175,75
2026-05-07 18:25:30.413,2,0.61,1.79,0.36,10.702200000000001,-87.1604,11.861399999999998,175,75
2026-05-07 18:25:30.413,2,0.62,1.77,0.31,9.9022,-80.6904,12.951399999999998,175,75
2026-05-07 18:25:30.483,2,0.69,1.81,0.17,27.4022,-9.720399999999998,10.151399999999997,175,75
2026-05-07 18:25:30.528,2,0.6,1.62,0.41,28.4422,-14.290399999999998,13.621399999999998,175,75
2026-05-07 18:25:30.552,2,0.48,1.31,0.46,20.5722,-26.550399999999996,15.511399999999997,175,75
2026-05-07 18:25:30.562,2,0.34,1.05,0.49,14.112200000000001,3.329600000000001,6.5513999999999974,175,75
2026-05-07 18:25:30.602,2,0.16,0.78,0.79,-14.7278,8.1496,-11.008600000000001,175,75
2026-05-07 18:25:30.602,2,0.21,0.75,0.8,-17.2878,-3.0703999999999994,-15.698600000000006,175,75
2026-05-07 18:25:30.610,2,-0.08,0.73,0.78,-14.7878,3.6395999999999997,-26.988600000000005,175,75
2026-05-07 18:25:30.619,2,-0.78,0.94,0.66,-14.2378,22.7196,-42.0486,175,75
2026-05-07 18:25:30.644,2,4.3,0.29,0.99,-77.9578,-111.9704,-14.5486,175,75
2026-05-07 18:25:30.655,2,0.49,0.16,0.51,-42.897800000000004,70.5296,-75.1586,175,75
2026-05-07 18:25:30.667,2,-0.3,0.57,-0.23,26.1222,90.1596,-84.8486,175,75
2026-05-07 18:25:30.670,2,-0.81,0.72,0.21,85.4522,291.7496,-80.1586,175,75
2026-05-07 18:25:30.685,2,-0.19,0.93,0.4,109.6622,448.0296,-81.3786,175,75
2026-05-07 18:25:30.743,2,0.32,1.51,1.23,89.9622,114.6096,-90.45859999999999,175,75
2026-05-07 18:25:30.753,2,0.43,1.82,0.57,88.4422,-191.7904,12.411399999999997,175,75
2026-05-07 18:25:30.753,2,0.54,1.49,0.18,75.0222,-223.4404,-50.33860000000001,175,75
2026-05-07 18:25:30.765,2,0.29,1.61,-0.21,63.87220000000001,-178.3804,-74.8486,175,75
2026-05-07 18:25:30.789,2,0.54,1.94,-0.31,60.0222,8.6396,-56.1886,175,75
2026-05-07 18:25:30.811,2,0.53,2.04,-0.17,56.852199999999996,72.1696,-38.9386,175,75
2026-05-07 18:25:30.848,2,0.48,2.36,0.04,28.322200000000002,9.249600000000001,-1.1286000000000023,175,75
2026-05-07 18:25:30.859,2,0.67,2.01,0.02,-8.0878,0.2796000000000003,19.721399999999996,175,75
2026-05-07 18:25:30.870,2,0.77,1.81,0.05,-25.2778,32.1696,27.951399999999996,175,75
2026-05-07 18:25:30.912,2,1.18,1.5,0.13,-33.9978,22.779600000000002,18.751399999999997,175,75
2026-05-07 18:25:30.927,2,1.01,1.72,0.15,-12.5978,-40.5104,11.861399999999998,175,75
2026-05-07 18:25:30.939,2,0.84,1.74,0.09,-15.4578,-46.8504,8.991399999999999,175,75
2026-05-07 18:25:30.951,2,0.54,1.74,0.11,-18.7578,-20.510399999999997,14.661399999999997,175,75
2026-05-07 18:25:30.951,2,0.57,1.68,0.15,-14.8478,22.6596,13.931399999999996,175,75
2026-05-07 18:25:30.962,2,0.58,1.64,0.22,-10.6478,52.4196,18.321399999999997,175,75
2026-05-07 18:25:30.988,2,0.62,1.58,0.3,-12.3478,61.4396,15.701399999999998,175,75
2026-05-07 18:25:30.988,2,0.67,1.44,0.44,-34.2378,-17.220399999999998,1.2513999999999967,175,75
2026-05-07 18:25:31.001,2,0.61,1.45,0.38,-49.6078,-41.9104,-5.578600000000002,175,75
2026-05-07 18:25:31.009,2,0.48,1.51,0.3,-56.0678,-39.2304,-10.828600000000002,175,75
2026-05-07 18:25:31.023,2,0.44,1.52,0.24,-53.9378,-6.420400000000001,-22.528600000000004,175,75
2026-05-07 18:25:31.086,2,0.21,1.51,0.42,-53.5678,109.4896,-16.128600000000006,175,75
2026-05-07 18:25:31.112,2,0.29,1.5,0.67,-65.9478,75.2796,-2.718600000000002,175,75
2026-05-07 18:25:31.112,2,0.33,1.44,0.7,-67.4778,58.5796,-1.558600000000002,175,75
2026-05-07 18:25:31.126,2,0.34,1.44,0.69,-63.9978,35.6496,0.3313999999999986,175,75
2026-05-07 18:25:31.131,2,0.31,1.47,0.68,-59.1178,14.9196,3.201399999999996,175,75
2026-05-07 18:25:31.146,2,0.24,1.53,0.69,-56.7978,-7.520399999999999,10.091399999999997,175,75
2026-05-07 18:25:31.159,2,0.27,1.53,0.71,-58.4478,-15.6904,15.031399999999998,175,75
2026-05-07 18:25:31.179,2,0.27,1.49,0.72,-60.397800000000004,-16.4204,16.981399999999997,175,75
2026-05-07 18:25:31.204,2,0.3,1.4,0.64,-58.3278,-15.880399999999998,17.041399999999996,175,75
2026-05-07 18:25:31.225,2,0.31,1.42,0.63,-57.8378,-18.6204,15.701399999999998,175,75
2026-05-07 18:25:31.225,2,0.31,1.46,0.63,-59.1778,-14.900400000000001,13.931399999999996,175,75
2026-05-07 18:25:31.262,2,0.26,1.53,0.64,-65.7678,3.3895999999999997,14.361399999999998,175,75
2026-05-07 18:25:31.319,2,0.31,1.51,0.58,-69.9778,16.8696,11.001399999999997,175,75
2026-05-07 18:25:31.336,2,0.3,1.55,0.62,-71.3178,54.2496,13.011399999999997,175,75
2026-05-07 18:25:31.353,2,0.3,1.5,0.68,-74.5478,62.5996,14.481399999999997,175,75
2026-05-07 18:25:31.353,2,0.36,1.48,0.75,-75.0378,59.3096,14.481399999999997,175,75
2026-05-07 18:25:31.369,2,0.38,1.48,0.8,-73.68780000000001,47.5396,16.431399999999996,175,75
2026-05-07 18:25:31.389,2,0.37,1.55,0.85,-71.4978,33.5096,19.4214,175,75
2026-05-07 18:25:31.402,2,0.36,1.69,0.82,-68.9978,22.169600000000003,27.591399999999997,175,75
2026-05-07 18:25:31.402,2,0.33,1.74,0.83,-68.5678,21.0796,31.431399999999996,175,75
2026-05-07 18:25:31.417,2,0.38,1.7,0.88,-70.70779999999999,29.4296,33.6914,175,75
2026-05-07 18:25:31.435,2,0.57,1.44,0.99,-71.0078,35.6496,34.111399999999996,175,75
2026-05-07 18:25:31.457,2,0.58,1.46,1.05,-65.8878,34.979600000000005,29.721399999999996,175,75
2026-05-07 18:25:31.489,2,0.71,1.58,1.25,-64.6078,16.3796,24.601399999999998,175,75
2026-05-07 18:25:31.489,2,0.62,1.57,1.23,-63.9978,-9.720399999999998,29.971399999999996,175,75
2026-05-07 18:25:31.529,2,0.69,1.47,1.27,-50.7078,-89.0504,35.3914,175,75
2026-05-07 18:25:31.542,2,0.67,1.44,1.15,-44.4878,-87.7004,39.231399999999994,175,75
2026-05-07 18:25:31.566,2,0.55,1.46,1.0,-34.1178,-57.2204,27.651399999999995,175,75
2026-05-07 18:25:31.566,2,0.6,1.42,1.01,-26.0078,-33.3104,17.951399999999996,175,75
2026-05-07 18:25:31.566,2,0.57,1.41,1.09,-20.8278,-20.8804,15.331399999999997,175,75
2026-05-07 18:25:31.581,2,0.4,1.42,1.0,-21.3778,-41.1804,17.711399999999998,175,75
2026-05-07 18:25:31.592,2,-0.09,1.49,0.85,-28.3878,-57.8904,13.321399999999997,175,75
2026-05-07 18:25:31.623,2,2.6,0.88,1.03,-88.9378,-90.6304,23.0114,175,75
2026-05-07 18:25:31.623,2,1.6,1.02,0.24,-77.4778,-3.1904000000000003,-7.2286,175,75
2026-05-07 18:25:31.640,2,0.15,1.58,-0.21,-41.927800000000005,-97.7704,5.151399999999999,175,75
2026-05-07 18:25:31.648,2,-0.54,1.74,0.53,-14.177800000000001,70.4696,18.141399999999997,175,75
2026-05-07 18:25:31.682,2,0.91,1.33,0.9,-42.897800000000004,263.2096,20.151399999999995,175,75
2026-05-07 18:25:31.707,2,0.45,1.1,1.48,-81.98780000000001,30.4096,3.6213999999999977,175,75
2026-05-07 18:25:31.716,2,0.58,1.01,1.64,-114.9078,-95.3904,44.721399999999996,175,75
2026-05-07 18:25:31.726,2,0.49,1.09,1.47,-121.1878,-226.7304,70.94139999999999,175,75
2026-05-07 18:25:31.763,2,0.42,1.17,1.18,-114.8478,-289.2904,85.8814,175,75
2026-05-07 18:25:31.763,2,0.38,1.18,0.66,-108.8778,-261.3004,58.081399999999995,175,75
2026-05-07 18:25:31.787,2,0.09,1.39,0.3,-87.1078,-68.9904,50.70139999999999,175,75
2026-05-07 18:25:31.797,2,0.12,1.4,0.36,-71.6178,90.03960000000001,55.9414,175,75
2026-05-07 18:25:31.816,2,0.26,1.33,0.61,-65.7678,253.9996,62.7114,175,75
2026-05-07 18:25:31.827,2,0.58,1.17,1.36,-62.8378,196.4396,30.8814,175,75
2026-05-07 18:25:31.838,2,0.7,1.08,1.64,-76.2578,98.0896,25.5814,175,75
2026-05-07 18:25:31.848,2,0.73,1.03,1.81,-100.5878,21.4996,23.141399999999997,175,75
2026-05-07 18:25:31.848,2,0.72,1.09,1.82,-117.7778,-72.1604,34.3014,175,75
2026-05-07 18:25:31.859,2,0.69,1.15,1.73,-113.9978,-122.09039999999999,46.4914,175,75
2026-05-07 18:25:31.881,2,0.68,1.19,1.6,-105.0978,-152.0304,60.331399999999995,175,75
2026-05-07 18:25:31.881,2,0.75,1.19,1.52,-96.4378,-163.2504,71.25139999999999,175,75
2026-05-07 18:25:31.881,2,0.8,1.06,1.42,-86.5578,-127.5204,71.25139999999999,175,75
2026-05-07 18:25:31.892,2,0.7,1.0,1.24,-73.1478,-31.6104,61.6714,175,75
2026-05-07 18:25:31.906,2,0.71,1.03,1.49,-2.5978000000000003,148.9996,17.771399999999996,175,75
2026-05-07 18:25:31.919,2,0.92,0.99,2.1,12.7122,197.5396,-12.348600000000005,175,75
2026-05-07 18:25:31.932,2,1.25,1.17,2.45,12.342199999999998,102.2996,13.991399999999997,175,75
2026-05-07 18:25:31.942,2,1.28,1.15,2.53,25.702199999999998,17.0496,35.0314,175,75
2026-05-07 18:25:31.942,2,1.27,1.03,2.37,41.7322,-52.46039999999999,50.45139999999999,175,75
2026-05-07 18:25:32.014,2,1.36,1.0,1.92,84.5422,-118.9204,36.731399999999994,175,75
2026-05-07 18:25:32.014,2,1.46,0.96,1.81,90.8822,-82.8304,9.661399999999997,175,75
2026-05-07 18:25:32.014,2,1.47,0.93,1.76,98.8722,-46.300399999999996,-6.678600000000003,175,75
2026-05-07 18:25:32.024,2,1.51,0.93,1.7,116.1822,-14.290399999999998,-18.748600000000003,175,75
2026-05-07 18:25:32.084,2,1.42,0.85,1.56,148.2622,-5.510400000000001,-36.4986,175,75
2026-05-07 18:25:32.084,2,1.33,0.85,1.44,156.55220000000003,-5.880399999999998,-39.9686,175,75
2026-05-07 18:25:32.109,2,1.29,0.97,1.36,198.99220000000003,-5.200399999999998,-60.39860000000001,175,75
2026-05-07 18:25:32.152,2,0.82,0.97,1.05,238.87220000000002,-53.990399999999994,-69.2986,175,75
2026-05-07 18:25:32.162,2,0.64,0.93,0.92,256.79220000000004,-32.8904,-71.8586,175,75
2026-05-07 18:25:32.180,2,0.38,0.71,0.77,299.54220000000004,33.879599999999996,-72.46860000000001,175,75
2026-05-07 18:25:32.197,2,0.23,0.55,0.79,341.1222,74.8596,-56.918600000000005,175,75
2026-05-07 18:25:32.225,2,0.23,0.36,0.95,367.8322,20.0396,-34.1186,175,75
2026-05-07 18:25:32.246,2,0.19,0.31,0.96,362.04220000000004,-29.470399999999998,-22.6586,175,75
2026-05-07 18:25:32.282,2,0.08,0.26,0.79,333.3222,-131.2404,-8.508600000000001,175,75
2026-05-07 18:25:32.289,2,-0.14,0.24,0.52,293.8722,-199.9604,-12.4086,175,75
2026-05-07 18:25:32.302,2,-0.2,0.21,0.47,282.10220000000004,-192.5804,-17.4086,175,75
2026-05-07 18:25:32.313,2,-0.23,0.18,0.43,272.3422,-174.8404,-23.808600000000006,175,75
2026-05-07 18:25:32.333,2,-0.36,0.13,0.38,255.0222,-130.6304,-30.218600000000002,175,75
2026-05-07 18:25:32.342,2,-0.36,0.11,0.38,247.5222,-104.4104,-40.278600000000004,175,75
2026-05-07 18:25:32.354,2,-0.28,0.12,0.41,231.00220000000002,-83.7404,-51.1286,175,75
2026-05-07 18:25:32.376,2,-0.25,0.2,0.4,212.4022,-83.6204,-59.058600000000006,175,75
2026-05-07 18:25:32.376,2,-0.28,0.33,0.32,194.35219999999998,-106.8504,-69.17859999999999,175,75
2026-05-07 18:25:32.382,2,-0.3,0.4,0.25,185.5122,-123.31039999999999,-73.0786,175,75
2026-05-07 18:25:32.415,2,-0.33,0.44,0.17,179.17219999999998,-127.28039999999999,-76.43860000000001,175,75
2026-05-07 18:25:32.415,2,-0.43,0.47,0.07,173.2622,-112.8904,-70.27860000000001,175,75
2026-05-07 18:25:32.461,2,-0.0,0.83,-0.29,106.0022,-57.46039999999999,-55.5186,175,75
2026-05-07 18:25:32.472,2,-0.05,0.91,-0.41,92.1622,-93.8604,-56.4386,175,75
2026-05-07 18:25:32.490,2,-0.18,1.03,-0.54,87.2822,-127.16040000000001,-53.448600000000006,175,75
2026-05-07 18:25:32.500,2,-0.3,1.14,-0.67,85.4522,-135.0204,-38.808600000000006,175,75
2026-05-07 18:25:32.500,2,-0.29,1.26,-0.87,77.5222,-112.0304,-17.2286,175,75
2026-05-07 18:25:32.571,2,-0.19,1.36,-1.0,52.7122,-56.180400000000006,-0.7686000000000028,175,75
2026-05-07 18:25:32.571,2,-0.01,1.45,-1.05,15.1522,8.6396,11.121399999999998,175,75
2026-05-07 18:25:32.571,2,0.17,1.49,-1.02,-5.6478,38.9396,17.951399999999996,175,75
2026-05-07 18:25:32.594,2,0.32,1.26,-0.86,-10.3978,-0.6303999999999998,18.8114,175,75
2026-05-07 18:25:32.605,2,0.36,1.21,-0.89,-12.8378,-17.5804,21.731399999999997,175,75
2026-05-07 18:25:32.617,2,0.34,1.31,-0.91,-15.4578,-37.3404,24.661399999999997,175,75
2026-05-07 18:25:32.617,2,0.35,1.5,-0.95,-17.6578,-48.5004,30.5114,175,75
2026-05-07 18:25:32.680,2,0.36,1.63,-0.92,-21.0078,-39.8404,35.511399999999995,175,75
2026-05-07 18:25:32.707,2,0.36,1.62,-0.87,-27.3478,-15.270399999999999,35.581399999999995,175,75
2026-05-07 18:25:32.707,2,0.38,1.51,-0.8,-35.827799999999996,9.1196,33.8114,175,75
2026-05-07 18:25:32.749,2,0.34,1.38,-0.71,-40.827799999999996,46.9896,31.121399999999998,175,75
2026-05-07 18:25:32.773,2,0.41,1.3,-0.62,-33.9978,63.8796,27.8314,175,75
2026-05-07 18:25:32.773,2,0.54,1.22,-0.52,-27.0478,59.4296,23.3814,175,75
2026-05-07 18:25:32.784,2,0.66,1.25,-0.41,-17.5378,-0.020400000000000418,13.201399999999998,175,75
2026-05-07 18:25:32.796,2,0.64,1.35,-0.36,-12.8978,-60.0804,13.261399999999997,175,75
2026-05-07 18:25:32.796,2,0.53,1.34,-0.38,-14.0578,-101.6704,8.931399999999996,175,75
2026-05-07 18:25:32.866,2,0.37,1.13,-0.53,-20.0978,58.5096,-29.488600000000005,175,75
2026-05-07 18:25:32.866,2,0.43,1.27,-0.44,-20.3978,38.9996,-34.9686,175,75
2026-05-07 18:25:32.881,2,0.42,1.43,-0.34,-25.5878,-25.7504,-42.1086,175,75
2026-05-07 18:25:32.894,2,0.35,1.46,-0.31,-33.5078,-79.1104,-48.0786,175,75
2026-05-07 18:25:32.923,2,0.26,1.41,-0.34,-38.8778,-98.6804,-51.1886,175,75
2026-05-07 18:25:32.929,2,0.06,1.34,-0.38,-41.187799999999996,-91.3604,-56.068599999999996,175,75
2026-05-07 18:25:32.933,2,-0.16,1.33,-0.39,-27.5378,4.6696,-59.3586,175,75
2026-05-07 18:25:32.936,2,-0.14,1.32,-0.34,-21.867800000000003,41.619600000000005,-61.068599999999996,175,75
2026-05-07 18:25:32.949,2,-0.23,1.34,-0.08,-11.0678,99.6096,-49.3586,175,75
2026-05-07 18:25:32.965,2,-0.19,1.33,0.02,-6.7378,89.4296,-38.9386,175,75
2026-05-07 18:25:32.965,2,-0.14,1.3,0.1,-3.8178,73.81960000000001,-31.248600000000003,175,75
2026-05-07 18:25:32.980,2,-0.12,1.26,0.14,-5.707800000000001,55.0396,-24.1186,175,75
2026-05-07 18:25:32.980,2,-0.08,1.24,0.17,-12.0478,33.0296,-15.7686,175,75
2026-05-07 18:25:33.004,2,-0.17,1.13,0.25,-32.1078,45.6496,11.311399999999997,175,75
2026-05-07 18:25:33.014,2,-0.2,1.05,0.31,-38.327799999999996,87.3596,16.551399999999997,175,75
2026-05-07 18:25:33.026,2,-0.31,0.99,0.4,-41.067800000000005,132.6596,20.641399999999997,175,75
2026-05-07 18:25:33.047,2,0.51,0.72,1.34,-42.2278,177.9696,-34.668600000000005,175,75
2026-05-07 18:25:33.057,2,0.23,0.75,1.56,-54.5478,102.7196,-33.9986,175,75
2026-05-07 18:25:33.063,2,0.22,0.75,1.66,-49.1178,47.3596,-26.918600000000005,175,75
2026-05-07 18:25:33.097,2,0.08,0.69,1.63,-5.5178,6.5596000000000005,-24.358600000000003,175,75
2026-05-07 18:25:33.115,2,-0.02,0.75,1.17,49.6622,-34.9004,-27.528600000000004,175,75
2026-05-07 18:25:33.115,2,-0.03,0.82,1.06,50.9422,-19.720399999999998,-32.7186,175,75
2026-05-07 18:25:33.128,2,0.04,0.85,0.97,58.1322,-3.3804,-41.918600000000005,175,75
2026-05-07 18:25:33.137,2,0.08,0.95,0.67,57.8322,-61.790400000000005,-45.888600000000004,175,75
2026-05-07 18:25:33.195,2,-0.75,1.91,0.23,36.4922,-357.7004,-53.568599999999996,175,75
2026-05-07 18:25:33.195,2,-0.16,0.81,-1.15,-41.8678,-589.3504,-4.488600000000002,175,75
2026-05-07 18:25:33.207,2,-1.6,1.32,-1.5,-63.6878,-379.0504,27.101399999999998,175,75
2026-05-07 18:25:33.237,2,-1.72,1.6,-1.84,-18.997799999999998,-145.0204,81.3714,175,75
2026-05-07 18:25:33.237,2,-0.97,1.56,-1.96,12.892199999999999,-12.340399999999999,94.54140000000001,175,75
2026-05-07 18:25:33.258,2,-0.78,1.33,-1.12,-58.147800000000004,131.68959999999998,119.0514,175,75
2026-05-07 18:25:33.283,2,-0.45,1.29,-1.0,-65.2178,200.0396,123.69139999999999,175,75
2026-05-07 18:25:33.309,2,0.77,1.1,-0.59,-40.647800000000004,141.5596,119.97139999999999,175,75
2026-05-07 18:25:33.318,2,0.9,1.18,-0.51,-42.3478,102.1096,108.75139999999999,175,75
2026-05-07 18:25:33.330,2,0.96,1.28,-0.47,-43.9378,59.8596,101.06139999999999,175,75
2026-05-07 18:25:33.341,2,0.81,1.52,-0.47,-35.4578,-36.550399999999996,79.5414,175,75
2026-05-07 18:25:33.374,2,0.67,1.58,-0.47,-31.317800000000002,-71.9704,73.3214,175,75
2026-05-07 18:25:33.386,2,0.51,1.57,-0.46,-33.9978,-85.5704,68.0114,175,75
2026-05-07 18:25:33.403,2,0.4,1.4,-0.39,-47.5378,-72.4004,60.581399999999995,175,75
2026-05-07 18:25:33.428,2,0.25,1.17,-0.23,-65.0378,-34.1704,34.481399999999994,175,75
2026-05-07 18:25:33.439,2,0.23,1.18,-0.22,-67.7178,-18.8004,31.611399999999996,175,75
2026-05-07 18:25:33.482,2,0.21,1.13,-0.18,-63.3278,23.5096,28.5614,175,75
2026-05-07 18:25:33.482,2,0.22,1.08,-0.12,-59.8478,31.8096,26.801399999999997,175,75
2026-05-07 18:25:33.487,2,0.19,1.05,-0.07,-58.7578,30.709600000000002,23.3814,175,75
2026-05-07 18:25:33.535,2,0.04,1.11,0.04,-61.3178,-20.8804,18.201399999999996,175,75
2026-05-07 18:25:33.535,2,-0.01,1.13,0.0,-58.0878,-29.290399999999998,19.301399999999997,175,75
2026-05-07 18:25:33.590,2,-0.13,1.26,-0.16,-48.6878,29.5496,22.101399999999998,175,75
2026-05-07 18:25:33.614,2,-0.09,1.26,-0.09,-53.147800000000004,40.4696,27.101399999999998,175,75
2026-05-07 18:25:33.614,2,0.0,1.24,-0.04,-58.6278,34.0596,32.651399999999995,175,75
2026-05-07 18:25:33.627,2,0.01,1.21,-0.03,-63.3278,-7.2804,40.151399999999995,175,75
2026-05-07 18:25:33.639,2,0.01,1.24,-0.04,-65.2778,-20.330399999999997,43.9914,175,75
2026-05-07 18:25:33.650,2,-0.04,1.21,-0.05,-67.65780000000001,-15.080400000000001,46.4314,175,75
2026-05-07 18:25:33.650,2,-0.06,1.17,-0.04,-68.5678,-0.33039999999999914,48.5014,175,75
2026-05-07 18:25:33.669,2,-0.04,1.13,-0.0,-67.4778,11.0096,51.3114,175,75
2026-05-07 18:25:33.684,2,-0.01,1.18,0.08,-61.3778,14.3696,54.6614,175,75
2026-05-07 18:25:33.707,2,-0.01,1.22,0.1,-61.3178,3.7596000000000007,59.2314,175,75
2026-05-07 18:25:33.717,2,0.03,1.2,0.1,-65.2778,-19.470399999999998,63.3214,175,75
2026-05-07 18:25:33.744,2,0.05,1.19,0.08,-64.0578,-19.1704,62.8914,175,75
2026-05-07 18:25:33.751,2,0.08,1.19,0.06,-61.6778,-13.560400000000001,61.0614,175,75
2026-05-07 18:25:33.780,2,0.08,1.21,0.04,-58.9978,1.0096000000000007,58.691399999999994,175,75
2026-05-07 18:25:33.790,2,0.1,1.34,0.09,-50.8278,23.7596,60.0914,175,75
2026-05-07 18:25:33.800,2,0.15,1.39,0.12,-48.8778,15.829600000000001,59.971399999999996,175,75
2026-05-07 18:25:33.815,2,0.27,1.42,0.16,-47.897800000000004,1.749600000000001,59.971399999999996,175,75
2026-05-07 18:25:33.825,2,0.27,1.41,0.17,-47.4778,-12.090399999999999,59.111399999999996,175,75
2026-05-07 18:25:33.834,2,0.26,1.36,0.16,-44.4878,-18.6804,57.7114,175,75
2026-05-07 18:25:33.848,2,0.24,1.34,0.12,-43.6278,-22.950400000000002,56.4314,175,75
2026-05-07 18:25:33.859,2,0.22,1.36,0.09,-45.0978,-25.690399999999997,56.121399999999994,175,75
2026-05-07 18:25:33.869,2,0.19,1.37,0.08,-45.8878,-22.2804,55.9414,175,75
2026-05-07 18:25:33.897,2,0.16,1.35,0.08,-45.4578,-10.1404,54.721399999999996,175,75
2026-05-07 18:25:33.930,2,0.31,1.13,0.38,-44.7278,-1.6104000000000003,64.97139999999999,175,75
2026-05-07 18:25:33.948,2,0.31,1.18,0.39,-46.1278,-22.830399999999997,67.6514,175,75
2026-05-07 18:25:33.957,2,0.25,1.22,0.36,-52.0478,-31.120399999999997,72.4114,175,75
2026-05-07 18:25:33.976,2,0.17,1.15,0.34,-70.2778,-22.4604,79.97139999999999,175,75
2026-05-07 18:25:33.997,2,0.26,1.35,0.27,-76.4378,-25.6304,80.8814,175,75
2026-05-07 18:25:34.033,2,0.13,1.61,0.12,-73.5078,25.279600000000002,70.3314,175,75
2026-05-07 18:25:34.054,2,0.12,1.59,0.13,-70.2178,41.6896,71.3714,175,75
2026-05-07 18:25:34.054,2,0.12,1.57,0.16,-68.62780000000001,50.2196,78.69139999999999,175,75
2026-05-07 18:25:34.073,2,0.16,1.58,0.22,-67.1678,45.7696,85.5114,175,75
2026-05-07 18:25:34.073,2,0.26,1.54,0.31,-66.12780000000001,33.879599999999996,89.3014,175,75
2026-05-07 18:25:34.122,2,0.37,1.38,0.37,-72.1078,1.6896000000000004,96.06139999999999,175,75
2026-05-07 18:25:34.133,2,0.4,1.39,0.29,-68.5678,-1.7904,98.44139999999999,175,75
2026-05-07 18:25:34.155,2,0.44,1.45,0.18,-55.7078,51.4396,95.51140000000001,175,75
2026-05-07 18:25:34.188,2,0.51,1.43,0.27,-53.7578,66.6896,96.4314,175,75
2026-05-07 18:25:34.200,2,0.63,1.36,0.46,-48.2078,40.8296,101.8014,175,75
2026-05-07 18:25:34.212,2,0.64,1.33,0.49,-49.9778,11.5596,104.54140000000001,175,75
2026-05-07 18:25:34.283,2,0.56,1.2,0.36,-51.2578,-2.160399999999999,95.2714,175,75
2026-05-07 18:25:34.318,2,0.59,1.15,0.54,-47.2878,27.3596,86.19139999999999,175,75
2026-05-07 18:25:34.354,2,0.63,1.19,0.63,-42.5378,22.419600000000003,86.8614,175,75
2026-05-07 18:25:34.354,2,0.64,1.23,0.65,-38.9978,17.9096,87.7714,175,75
2026-05-07 18:25:34.354,2,0.62,1.26,0.67,-34.297799999999995,13.5096,87.7114,175,75
2026-05-07 18:25:34.354,2,0.62,1.25,0.68,-29.4278,5.5296,92.5914,175,75
2026-05-07 18:25:34.375,2,0.65,1.21,0.67,-24.177799999999998,-10.9404,96.5514,175,75
2026-05-07 18:25:34.389,2,0.61,1.0,0.63,-24.427799999999998,-12.0304,96.98140000000001,175,75
2026-05-07 18:25:34.392,2,0.63,0.87,0.6,-23.6278,-8.0704,93.44139999999999,175,75
2026-05-07 18:25:34.413,2,0.65,0.88,0.54,-12.8378,7.719600000000001,84.72139999999999,175,75
2026-05-07 18:25:34.413,2,0.64,1.05,0.49,-2.4078,19.7296,81.00139999999999,175,75
2026-05-07 18:25:34.415,2,0.61,1.18,0.49,7.2822,33.1496,80.7014,175,75
2026-05-07 18:25:34.438,2,0.62,1.14,0.56,10.272199999999998,35.2796,81.8014,175,75
2026-05-07 18:25:34.460,2,0.68,0.87,0.66,9.7222,16.6896,85.3914,175,75
2026-05-07 18:25:34.472,2,0.68,0.75,0.62,12.1022,-11.970399999999998,84.5414,175,75
2026-05-07 18:25:34.483,2,0.7,0.81,0.59,15.822199999999999,-20.940399999999997,82.8914,175,75
2026-05-07 18:25:34.507,2,0.65,0.87,0.55,25.882199999999997,-32.8304,79.1714,175,75
2026-05-07 18:25:34.507,2,0.63,0.82,0.55,29.1122,-33.9904,80.8214,175,75
2026-05-07 18:25:34.527,2,0.65,0.69,0.52,35.5722,-35.3904,83.56139999999999,175,75
2026-05-07 18:25:34.540,2,0.66,0.65,0.47,38.0122,-32.4004,85.3314,175,75
2026-05-07 18:25:34.554,2,0.57,0.65,0.42,45.3922,-3.1904000000000003,84.5414,175,75
2026-05-07 18:25:34.589,2,0.57,0.65,0.52,61.732200000000006,32.2996,82.8314,175,75
2026-05-07 18:25:34.621,2,0.59,0.64,0.59,66.2422,32.599599999999995,83.2614,175,75
2026-05-07 18:25:34.621,2,0.58,0.67,0.63,70.4522,25.9496,86.4914,175,75
2026-05-07 18:25:34.621,2,0.54,0.66,0.67,74.8422,21.5596,91.4314,175,75
2026-05-07 18:25:34.645,2,0.51,0.57,0.73,76.5522,19.3696,97.5914,175,75
2026-05-07 18:25:34.655,2,0.53,0.48,0.75,76.0622,13.2096,102.16139999999999,175,75
2026-05-07 18:25:34.655,2,0.57,0.4,0.74,75.3922,-7.220399999999998,107.7714,175,75
2026-05-07 18:25:34.665,2,0.52,0.38,0.72,75.6322,-15.750399999999999,111.8014,175,75
2026-05-07 18:25:34.686,2,0.51,0.37,0.67,76.7922,-17.7004,111.8014,175,75
2026-05-07 18:25:34.692,2,0.46,0.38,0.62,77.7122,-19.3504,111.98140000000001,175,75
2026-05-07 18:25:34.734,2,0.32,0.41,0.58,77.8322,-10.200399999999998,114.48140000000001,175,75
2026-05-07 18:25:34.734,2,0.22,0.44,0.55,79.7222,7.599600000000001,121.3714,175,75
2026-05-07 18:25:34.734,2,0.33,0.45,0.53,84.9622,14.3696,125.3914,175,75
2026-05-07 18:25:34.739,2,0.45,0.45,0.58,91.8522,7.299600000000001,128.7514,175,75
2026-05-07 18:25:34.746,2,0.43,0.31,0.72,85.8822,8.6996,131.6714,175,75
2026-05-07 18:25:34.766,2,0.35,0.22,0.75,79.6622,-3.1904000000000003,134.7214,175,75
2026-05-07 18:25:34.804,2,0.23,0.1,0.66,71.6722,-22.340400000000002,148.9914,175,75
2026-05-07 18:25:34.831,2,0.41,0.11,0.61,85.8822,-50.3904,142.2214,175,75
2026-05-07 18:25:34.875,2,0.31,0.03,0.58,88.6822,-47.8304,137.7714,175,75
2026-05-07 18:25:34.875,2,0.29,-0.04,0.58,84.6622,-51.6104,137.8914,175,75
2026-05-07 18:25:34.875,2,0.32,-0.11,0.56,82.1022,-58.680400000000006,138.0114,175,75
2026-05-07 18:25:34.910,2,0.28,-0.2,0.47,80.2122,-76.3604,134.2314,175,75
2026-05-07 18:25:34.910,2,0.33,-0.15,0.24,84.4822,-111.0604,106.6114,175,75
2026-05-07 18:25:34.920,2,0.24,-0.16,0.18,82.7722,-105.3304,101.3714,175,75
2026-05-07 18:25:34.942,2,-0.0,-0.26,0.1,73.26219999999999,-67.8304,106.5514,175,75
2026-05-07 18:25:34.974,2,-0.01,-0.34,0.05,61.182199999999995,-11.4204,121.98140000000001,175,75
2026-05-07 18:25:34.995,2,0.16,-0.41,0.1,58.682199999999995,10.4696,130.3914,175,75
2026-05-07 18:25:35.011,2,0.26,-0.48,0.18,55.15219999999999,22.169600000000003,134.4814,175,75
2026-05-07 18:25:35.011,2,0.31,-0.51,0.23,53.1322,20.099600000000002,134.3614,175,75
2026-05-07 18:25:35.021,2,0.3,-0.55,0.26,50.9422,0.6495999999999995,133.1414,175,75
2026-05-07 18:25:35.085,2,0.01,-0.28,0.01,50.3922,-52.0904,122.53139999999999,175,75
2026-05-07 18:25:35.085,2,-0.04,-0.29,-0.02,50.7022,-42.8304,121.8014,175,75
2026-05-07 18:25:35.096,2,-0.13,-0.3,-0.06,49.4122,-26.0604,117.5914,175,75
2026-05-07 18:25:35.096,2,-0.15,-0.26,-0.08,46.5522,-13.6204,112.22139999999999,175,75
2026-05-07 18:25:35.112,2,-0.17,-0.19,-0.12,40.8822,0.2195999999999998,110.4514,175,75
2026-05-07 18:25:35.114,2,-0.21,-0.14,-0.15,33.6822,16.7496,110.76140000000001,175,75
2026-05-07 18:25:35.140,2,-0.24,-0.15,-0.14,23.8722,48.8796,113.6214,175,75
2026-05-07 18:25:35.192,2,-0.01,-0.24,0.16,-27.5978,71.2596,114.66139999999999,175,75
2026-05-07 18:25:35.220,2,-0.04,-0.25,0.16,-36.067800000000005,58.0896,112.7114,175,75
2026-05-07 18:25:35.220,2,-0.05,-0.21,0.16,-43.5678,55.1596,110.2714,175,75
2026-05-07 18:25:35.245,2,-0.06,-0.18,0.19,-60.5878,68.3296,110.5814,175,75
2026-05-07 18:25:35.245,2,-0.05,-0.22,0.22,-67.40780000000001,76.2596,108.9314,175,75
2026-05-07 18:25:35.268,2,-0.05,-0.25,0.26,-73.68780000000001,83.6396,106.4914,175,75
2026-05-07 18:25:35.280,2,-0.07,-0.27,0.32,-78.6878,89.4296,101.31139999999999,175,75
2026-05-07 18:25:35.310,2,-0.05,-0.24,0.37,-82.5978,93.3896,94.72139999999999,175,75
2026-05-07 18:25:35.347,2,-0.03,-0.21,0.41,-85.0378,92.3596,90.76140000000001,175,75
2026-05-07 18:25:35.347,2,-0.06,-0.18,0.47,-86.98780000000001,90.6496,85.8214,175,75
2026-05-07 18:25:35.358,2,-0.01,-0.17,0.53,-85.2178,88.8796,76.31139999999999,175,75
2026-05-07 18:25:35.428,2,-0.01,-0.05,0.64,-65.6478,55.949600000000004,54.721399999999996,175,75
2026-05-07 18:25:35.441,2,-0.01,0.07,0.61,-55.2178,43.6396,48.1414,175,75
2026-05-07 18:25:35.441,2,-0.01,0.11,0.58,-50.647800000000004,41.4996,46.3114,175,75
2026-05-07 18:25:35.457,2,0.01,0.14,0.58,-45.3378,41.0096,43.871399999999994,175,75
2026-05-07 18:25:35.467,2,0.03,0.15,0.57,-39.6678,39.8596,41.0614,175,75
2026-05-07 18:25:35.472,2,0.06,0.22,0.6,-30.2778,33.9996,30.941399999999998,175,75
2026-05-07 18:25:35.503,2,0.07,0.29,0.61,-25.2178,28.8196,27.221399999999996,175,75
2026-05-07 18:25:35.512,2,0.09,0.34,0.62,-20.2178,19.7996,23.621399999999998,175,75
2026-05-07 18:25:35.551,2,0.11,0.35,0.62,-16.8678,9.5496,21.3114,175,75
2026-05-07 18:25:35.561,2,0.09,0.39,0.58,-12.777800000000001,-5.200399999999998,15.211399999999998,175,75
2026-05-07 18:25:35.561,2,0.08,0.39,0.57,-9.7278,-5.200399999999998,12.041399999999998,175,75
2026-05-07 18:25:35.586,2,0.07,0.4,0.57,-5.3978,-4.590399999999999,8.621399999999998,175,75
2026-05-07 18:25:35.599,2,0.09,0.44,0.61,2.6522000000000006,-9.6604,2.8313999999999986,175,75
2026-05-07 18:25:35.599,2,0.1,0.45,0.65,5.0222,-15.5704,0.15139999999999887,175,75
2026-05-07 18:25:35.599,2,0.14,0.44,0.66,7.592199999999998,-26.1804,-2.958600000000004,175,75
2026-05-07 18:25:35.620,2,0.14,0.41,0.65,9.3522,-35.1404,-6.0686000000000035,175,75
2026-05-07 18:25:35.657,2,0.12,0.39,0.62,12.522199999999998,-43.5604,-11.6186,175,75
2026-05-07 18:25:35.657,2,0.09,0.39,0.6,14.9622,-45.3904,-18.198600000000006,175,75
2026-05-07 18:25:35.665,2,0.04,0.31,0.58,19.1122,-37.1604,-29.358600000000003,175,75
2026-05-07 18:25:35.696,2,0.03,0.19,0.65,33.4422,-45.6904,-42.4686,175,75
2026-05-07 18:25:35.708,2,0.04,0.12,0.65,38.9922,-58.8604,-48.808600000000006,175,75
2026-05-07 18:25:35.720,2,-0.01,0.07,0.55,52.5222,-66.2404,-66.0086,175,75
2026-05-07 18:25:35.731,2,-0.08,0.08,0.5,57.40219999999999,-61.910399999999996,-71.43860000000001,175,75
2026-05-07 18:25:35.743,2,-0.18,0.1,0.52,63.01219999999999,-47.4004,-73.1986,175,75
2026-05-07 18:25:35.754,2,-0.15,0.05,0.57,67.5222,-38.1904,-72.95859999999999,175,75
2026-05-07 18:25:35.754,2,-0.07,-0.05,0.66,70.51219999999999,-39.6604,-71.98859999999999,175,75
2026-05-07 18:25:35.776,2,0.04,-0.19,0.78,71.8522,-53.2504,-71.0686,175,75
2026-05-07 18:25:35.797,2,0.22,-0.54,0.92,65.5722,-98.8004,-79.48859999999999,175,75
2026-05-07 18:25:35.809,2,0.23,-0.8,0.9,55.212199999999996,-124.90039999999999,-89.5486,175,75
2026-05-07 18:25:35.826,2,0.09,-0.9,0.84,45.7022,-128.1904,-98.0786,175,75
2026-05-07 18:25:35.826,2,-0.11,-0.93,0.81,34.9622,-110.3304,-102.77859999999998,175,75
2026-05-07 18:25:35.834,2,-0.14,-0.91,0.79,30.022199999999998,-95.2704,-118.01859999999999,175,75
2026-05-07 18:25:35.844,2,-0.08,-0.94,0.84,29.2922,-93.0704,-132.77859999999998,175,75
2026-05-07 18:25:35.856,2,-0.03,-0.95,0.89,29.6622,-91.1204,-138.4486,175,75
2026-05-07 18:25:35.878,2,-0.01,-0.95,0.93,29.5422,-91.3004,-141.49859999999998,175,75
2026-05-07 18:25:35.936,2,-0.01,-0.95,0.94,28.992199999999997,-103.8604,-151.7986,175,75
2026-05-07 18:25:35.971,2,-0.06,-0.96,0.89,31.4322,-107.0904,-158.6286,175,75
2026-05-07 18:25:35.993,2,-0.1,-0.81,0.83,42.2222,-82.3404,-175.33859999999999,175,75
2026-05-07 18:25:35.993,2,-0.08,-0.78,0.84,49.8422,-80.3304,-176.9886,175,75
2026-05-07 18:25:35.993,2,-0.07,-0.75,0.87,56.732200000000006,-80.2704,-177.77859999999998,175,75
2026-05-07 18:25:36.005,2,-0.09,-0.73,0.85,62.2822,-81.6704,-178.5686,175,75
2026-05-07 18:25:36.005,2,-0.12,-0.66,0.83,69.7822,-80.3904,-182.1686,175,75
2026-05-07 18:25:36.015,2,-0.11,-0.59,0.83,76.4322,-78.6204,-185.3986,175,75
2026-05-07 18:25:36.015,2,-0.09,-0.51,0.84,82.4622,-75.5104,-185.6386,175,75
2026-05-07 18:25:36.034,2,-0.08,-0.46,0.86,84.2322,-73.9904,-182.52859999999998,175,75
2026-05-07 18:25:36.066,2,-0.08,-0.4,0.9,81.6122,-79.1704,-174.05859999999998,175,75
2026-05-07 18:25:36.066,2,-0.08,-0.4,0.93,78.3222,-85.0804,-168.99859999999998,175,75
2026-05-07 18:25:36.066,2,-0.08,-0.4,0.94,74.9622,-91.1804,-165.3986,175,75
2026-05-07 18:25:36.088,2,-0.11,-0.36,0.96,66.0622,-96.3604,-157.3486,175,75
2026-05-07 18:25:36.098,2,-0.14,-0.32,0.96,60.51219999999999,-92.4004,-151.7986,175,75
2026-05-07 18:25:36.109,2,-0.19,-0.37,1.01,48.8722,-91.9104,-129.8486,175,75
2026-05-07 18:25:36.128,2,-0.23,-0.38,1.01,45.3322,-97.0904,-124.8486,175,75
2026-05-07 18:25:36.184,2,-0.28,-0.24,0.97,42.4622,-92.8904,-120.1586,175,75
2026-05-07 18:25:36.184,2,-0.26,-0.17,0.97,42.9522,-86.0004,-112.95859999999999,175,75
2026-05-07 18:25:36.184,2,-0.27,-0.11,0.97,45.1522,-79.1104,-103.93860000000001,175,75
2026-05-07 18:25:36.194,2,-0.27,-0.07,0.97,47.8322,-72.0904,-93.0786,175,75
2026-05-07 18:25:36.194,2,-0.28,-0.06,0.97,51.2422,-71.1804,-80.8286,175,75
2026-05-07 18:25:36.194,2,-0.28,-0.04,0.96,53.9322,-71.5504,-72.1086,175,75
2026-05-07 18:25:36.208,2,-0.28,-0.0,0.95,55.452200000000005,-66.7904,-62.4086,175,75
2026-05-07 18:25:36.234,2,-0.25,0.07,0.92,57.5222,-56.3604,-45.8286,175,75
2026-05-07 18:25:36.258,2,-0.21,0.09,0.94,56.2422,-50.0204,-28.2686,175,75
2026-05-07 18:25:36.270,2,-0.2,0.1,0.96,54.7222,-52.0904,-21.918600000000005,175,75
2026-05-07 18:25:36.273,2,-0.19,0.12,0.97,52.4622,-55.7504,-15.028600000000004,175,75
2026-05-07 18:25:36.322,2,-0.17,0.18,0.92,46.0622,-63.8604,-0.0286000000000044,175,75
2026-05-07 18:25:36.322,2,-0.19,0.19,0.87,42.6522,-61.790400000000005,3.9913999999999987,175,75
2026-05-07 18:25:36.356,2,-0.21,0.23,0.8,37.6522,-47.5804,11.191399999999998,175,75
2026-05-07 18:25:36.367,2,-0.21,0.25,0.77,35.2722,-33.3104,16.4914,175,75
2026-05-07 18:25:36.367,2,-0.19,0.27,0.76,31.5522,-17.0304,21.4914,175,75
2026-05-07 18:25:36.402,2,-0.19,0.31,0.74,23.2622,13.8796,30.8814,175,75
2026-05-07 18:25:36.402,2,-0.18,0.32,0.76,19.4122,26.8696,35.7014,175,75
2026-05-07 18:25:36.410,2,-0.15,0.32,0.78,15.022199999999998,36.989599999999996,40.6414,175,75
2026-05-07 18:25:36.462,2,-0.08,0.31,0.85,-5.037800000000001,64.1896,63.261399999999995,175,75
2026-05-07 18:25:36.462,2,-0.06,0.3,0.88,-9.2978,67.2296,69.3014,175,75
2026-05-07 18:25:36.473,2,-0.02,0.29,0.91,-14.8478,69.1896,76.06139999999999,175,75
2026-05-07 18:25:36.473,2,0.0,0.26,0.95,-20.2778,70.4696,83.0814,175,75
2026-05-07 18:25:36.486,2,0.02,0.21,0.98,-25.2778,68.5096,87.8314,175,75
2026-05-07 18:25:36.527,2,0.05,0.09,1.03,-37.7778,53.699600000000004,98.75139999999999,175,75
2026-05-07 18:25:36.556,2,0.07,0.03,1.02,-48.3278,47.5996,105.4514,175,75
2026-05-07 18:25:36.568,2,0.06,-0.01,1.01,-54.2378,54.4896,111.06139999999999,175,75
2026-05-07 18:25:36.568,2,0.05,-0.04,1.01,-56.8678,58.2696,114.78139999999999,175,75
2026-05-07 18:25:36.623,2,0.05,-0.09,1.0,-59.4278,62.4196,120.2714,175,75
2026-05-07 18:25:36.644,2,0.03,-0.17,0.97,-62.2878,76.7496,129.9714,175,75
2026-05-07 18:25:36.655,2,0.03,-0.22,0.97,-61.3178,87.2996,133.5014,175,75
2026-05-07 18:25:36.655,2,0.03,-0.27,0.96,-60.7678,98.3896,136.1914,175,75
2026-05-07 18:25:36.655,2,0.03,-0.32,0.97,-62.1678,107.1096,137.4714,175,75
2026-05-07 18:25:36.676,2,-0.12,-0.41,0.93,-65.70779999999999,130.27960000000002,144.0514,175,75
2026-05-07 18:25:36.693,2,-0.17,-0.44,0.91,-67.0478,139.4296,150.2114,175,75
2026-05-07 18:25:36.693,2,-0.19,-0.48,0.89,-68.20779999999999,148.0296,159.72140000000002,175,75
2026-05-07 18:25:36.734,2,-0.12,-0.81,0.96,-63.0178,163.0296,186.0614,175,75
2026-05-07 18:25:36.744,2,-0.04,-0.86,1.0,-55.5178,143.2096,181.8014,175,75
2026-05-07 18:25:36.750,2,0.01,-0.83,1.04,-45.3378,115.03960000000001,171.7314,175,75
2026-05-07 18:25:36.761,2,0.13,-0.74,1.06,-33.3878,77.9096,154.5414,175,75
2026-05-07 18:25:36.775,2,0.24,-0.61,1.02,-20.7078,29.369600000000002,145.5114,175,75
2026-05-07 18:25:36.779,2,0.24,-0.46,0.91,-9.7278,-10.3904,143.8714,175,75
2026-05-07 18:25:36.802,2,0.13,-0.3,0.72,4.1722,-44.1704,135.5814,175,75
2026-05-07 18:25:36.816,2,0.05,-0.2,0.58,14.9022,-57.8904,124.8414,175,75
2026-05-07 18:25:36.826,2,-0.01,-0.13,0.47,21.3722,-61.300399999999996,116.25139999999999,175,75
2026-05-07 18:25:36.838,2,-0.11,-0.07,0.37,24.8422,-58.130399999999995,109.60139999999998,175,75
2026-05-07 18:25:36.849,2,-0.19,-0.05,0.28,25.0922,-47.6404,101.73140000000001,175,75
2026-05-07 18:25:36.860,2,-0.25,-0.04,0.22,23.6222,-28.440399999999997,93.56139999999999,175,75
2026-05-07 18:25:36.860,2,-0.26,-0.04,0.18,21.9822,-4.170400000000001,86.1214,175,75
2026-05-07 18:25:36.881,2,-0.24,-0.05,0.16,18.7422,40.4696,76.6114,175,75
2026-05-07 18:25:36.891,2,-0.24,-0.07,0.19,14.842199999999998,76.5596,72.53139999999999,175,75
2026-05-07 18:25:36.902,2,-0.22,-0.11,0.24,9.482199999999999,110.9496,67.3414,175,75
2026-05-07 18:25:36.929,2,-0.09,-0.15,0.42,-2.4078,115.1596,50.761399999999995,175,75
2026-05-07 18:25:36.944,2,-0.09,-0.14,0.45,-7.1078,98.2096,45.151399999999995,175,75
2026-05-07 18:25:36.955,2,-0.12,-0.12,0.44,-12.0478,79.1196,40.9414,175,75
2026-05-07 18:25:36.965,2,-0.15,-0.08,0.41,-15.2778,67.4796,37.9514,175,75
2026-05-07 18:25:36.965,2,-0.18,-0.05,0.37,-16.2578,59.8596,35.151399999999995,175,75
2026-05-07 18:25:36.981,2,-0.23,-0.02,0.34,-17.1078,57.1696,33.081399999999995,175,75
2026-05-07 18:25:36.981,2,-0.28,0.03,0.32,-17.8378,60.5896,32.9514,175,75
2026-05-07 18:25:36.996,2,-0.3,0.06,0.31,-19.427799999999998,66.9896,34.231399999999994,175,75
2026-05-07 18:25:37.011,2,-0.28,0.06,0.32,-21.797800000000002,70.1596,35.7014,175,75
2026-05-07 18:25:37.031,2,-0.28,0.05,0.36,-25.6478,64.9796,36.611399999999996,175,75
2026-05-07 18:25:37.060,2,-0.29,0.09,0.35,-35.037800000000004,49.7296,32.651399999999995,175,75
2026-05-07 18:25:37.076,2,-0.34,0.11,0.35,-40.037800000000004,56.8096,32.2814,175,75
2026-05-07 18:25:37.110,2,-0.36,0.14,0.36,-44.2978,56.6196,29.481399999999997,175,75
2026-05-07 18:25:37.142,2,-0.4,0.21,0.24,-56.3178,33.3296,32.221399999999996,175,75
2026-05-07 18:25:37.143,2,-0.42,0.22,0.19,-64.0578,33.3296,33.9314,175,75
2026-05-07 18:25:37.158,2,-0.47,0.2,0.16,-72.2878,57.4796,38.1414,175,75
2026-05-07 18:25:37.176,2,-0.43,0.14,0.14,-74.5478,92.9096,37.2814,175,75
2026-05-07 18:25:37.190,2,-0.39,0.08,0.26,-73.5678,120.03960000000001,32.4114,175,75
2026-05-07 18:25:37.212,2,-0.35,0.09,0.31,-74.7878,112.9696,26.731399999999997,175,75
2026-05-07 18:25:37.222,2,-0.28,0.11,0.33,-76.0678,84.4896,22.471399999999996,175,75
2026-05-07 18:25:37.226,2,-0.27,0.15,0.3,-74.5478,52.0496,21.6714,175,75
2026-05-07 18:25:37.261,2,-0.32,0.14,0.19,-72.0478,35.589600000000004,19.481399999999997,175,75
2026-05-07 18:25:37.274,2,-0.31,0.13,0.18,-71.18780000000001,50.0996,18.8114,175,75
2026-05-07 18:25:37.283,2,-0.26,0.12,0.21,-68.68780000000001,65.8896,16.731399999999997,175,75
2026-05-07 18:25:37.307,2,-0.11,0.14,0.33,-63.8178,66.0096,8.751399999999997,175,75
2026-05-07 18:25:37.319,2,-0.04,0.16,0.35,-60.1578,44.9196,4.0513999999999974,175,75
2026-05-07 18:25:37.333,2,-0.03,0.21,0.33,-56.9878,24.669600000000003,1.3713999999999977,175,75
2026-05-07 18:25:37.343,2,-0.07,0.25,0.31,-53.8778,12.7796,-1.438600000000001,175,75
2026-05-07 18:25:37.357,2,-0.05,0.29,0.28,-50.9478,18.029600000000002,-3.5086000000000013,175,75
2026-05-07 18:25:37.368,2,-0.0,0.3,0.29,-48.3878,29.4896,-5.278600000000004,175,75
2026-05-07 18:25:37.379,2,0.11,0.29,0.34,-45.3378,39.3096,-9.488600000000005,175,75
2026-05-07 18:25:37.390,2,0.21,0.26,0.38,-42.3478,36.199600000000004,-15.278600000000004,175,75
2026-05-07 18:25:37.401,2,0.27,0.27,0.43,-40.1578,22.9696,-19.2986,175,75
2026-05-07 18:25:37.401,2,0.33,0.28,0.47,-37.537800000000004,0.829600000000001,-24.358600000000003,175,75
2026-05-07 18:25:37.413,2,0.38,0.3,0.46,-35.1578,-28.800399999999996,-30.5186,175,75
2026-05-07 18:25:37.426,2,0.39,0.34,0.43,-33.2078,-48.3104,-37.8386,175,75
2026-05-07 18:25:37.437,2,0.38,0.38,0.33,-31.2578,-58.4404,-46.3786,175,75
2026-05-07 18:25:37.445,2,0.32,0.41,0.26,-28.9978,-57.5804,-54.058600000000006,175,75
2026-05-07 18:25:37.455,2,0.27,0.39,0.23,-28.3878,-47.8904,-58.388600000000004,175,75
2026-05-07 18:25:37.469,2,0.32,0.29,0.24,-30.0378,-33.6804,-63.9386,175,75
2026-05-07 18:25:37.486,2,0.5,0.1,0.32,-35.1578,-12.700399999999998,-70.8286,175,75
2026-05-07 18:25:37.496,2,0.71,-0.11,0.47,-38.4478,-12.6404,-83.3286,175,75
2026-05-07 18:25:37.529,2,0.82,-0.52,0.73,-59.7278,-119.96039999999999,-114.17859999999999,175,75
2026-05-07 18:25:37.541,2,0.78,-0.59,0.71,-63.147800000000004,-151.0004,-123.6286,175,75
2026-05-07 18:25:37.554,2,0.71,-0.69,0.69,-63.2678,-180.7504,-135.2186,175,75
2026-05-07 18:25:37.564,2,0.68,-0.91,0.67,-62.4778,-202.7004,-153.3886,175,75
2026-05-07 18:25:37.564,2,0.66,-1.12,0.65,-63.2078,-208.6804,-169.2386,175,75
2026-05-07 18:25:37.589,2,0.43,-1.49,0.61,-62.7178,-175.5104,-209.6086,175,75
2026-05-07 18:25:37.606,2,0.36,-1.56,0.6,-61.3778,-154.4104,-230.2186,175,75
2026-05-07 18:25:37.627,2,0.44,-1.67,0.68,-38.6278,-114.2304,-278.6886,175,75
2026-05-07 18:25:37.637,2,0.37,-1.67,0.72,-24.0578,-99.2904,-288.01860000000005,175,75
2026-05-07 18:25:37.649,2,0.25,-1.65,0.73,-11.4378,-79.96039999999999,-300.33860000000004,175,75
2026-05-07 18:25:37.662,2,0.19,-1.65,0.76,0.8821999999999992,-53.380399999999995,-315.45860000000005,175,75
2026-05-07 18:25:37.662,2,0.14,-1.63,0.77,6.062200000000001,-33.1904,-321.8586,175,75
2026-05-07 18:25:37.674,2,0.08,-1.6,0.75,13.502199999999998,-6.060400000000001,-328.4486,175,75
2026-05-07 18:25:37.684,2,0.06,-1.55,0.78,26.242199999999997,28.2696,-335.21860000000004,175,75
2026-05-07 18:25:37.698,2,0.05,-1.48,0.87,36.9822,52.8396,-338.5686,175,75
2026-05-07 18:25:37.708,2,0.13,-1.37,1.1,46.9822,64.8596,-344.1186,175,75
2026-05-07 18:25:37.721,2,0.32,-1.37,1.34,52.6522,34.4296,-344.78860000000003,175,75
2026-05-07 18:25:37.731,2,0.35,-1.43,1.47,62.952200000000005,-8.500399999999999,-336.7386,175,75
2026-05-07 18:25:37.741,2,0.3,-1.47,1.46,77.8922,-43.6204,-331.4386,175,75
2026-05-07 18:25:37.763,2,0.17,-1.53,1.4,96.1822,-78.3104,-332.71860000000004,175,75
2026-05-07 18:25:37.763,2,0.09,-1.57,1.39,109.4122,-101.5504,-338.07860000000005,175,75
2026-05-07 18:25:37.772,2,0.07,-1.59,1.38,115.76219999999999,-117.09039999999999,-340.27860000000004,175,75
2026-05-07 18:25:37.800,2,0.01,-1.67,1.41,127.52220000000001,-166.2404,-339.0586,175,75
2026-05-07 18:25:37.823,2,-0.1,-1.72,1.29,135.2722,-209.9604,-345.15860000000004,175,75
2026-05-07 18:25:37.836,2,-0.19,-1.65,1.22,138.1322,-208.5004,-349.3586,175,75
2026-05-07 18:25:37.846,2,-0.2,-1.54,1.23,144.9022,-213.3104,-349.5486,175,75
2026-05-07 18:25:37.867,2,-0.17,-1.5,1.16,147.4622,-214.5904,-346.0086,175,75
2026-05-07 18:25:37.877,2,-0.2,-1.4,1.05,144.7222,-198.5004,-338.1386,175,75
2026-05-07 18:25:37.900,2,-0.19,-1.12,0.96,164.7822,-174.4704,-328.1986,175,75
2026-05-07 18:25:37.910,2,-0.18,-1.03,0.99,168.56220000000002,-164.2904,-321.7986,175,75
2026-05-07 18:25:37.925,2,-0.18,-0.95,0.99,169.60219999999998,-158.2504,-316.1886,175,75
2026-05-07 18:25:37.935,2,-0.17,-0.87,0.99,172.5222,-157.8304,-311.9186,175,75
2026-05-07 18:25:37.947,2,-0.13,-0.79,0.94,180.2122,-164.1704,-304.84860000000003,175,75
2026-05-07 18:25:37.971,2,-0.17,-0.77,0.8,188.99220000000003,-169.9004,-290.9486,175,75
2026-05-07 18:25:37.979,2,-0.24,-0.73,0.74,193.4422,-161.3604,-287.65860000000004,175,75
2026-05-07 18:25:37.997,2,-0.24,-0.67,0.69,201.43220000000002,-150.5704,-285.02860000000004,175,75
2026-05-07 18:25:38.003,2,-0.27,-0.61,0.71,209.8422,-143.8604,-276.4986,175,75
2026-05-07 18:25:38.013,2,-0.28,-0.58,0.69,216.85219999999998,-142.5204,-270.82860000000005,175,75
2026-05-07 18:25:38.027,2,-0.3,-0.56,0.65,220.5122,-137.7004,-266.9186,175,75
2026-05-07 18:25:38.050,2,-0.29,-0.43,0.56,229.29219999999998,-102.2804,-254.1786,175,75
2026-05-07 18:25:38.061,2,-0.23,-0.36,0.53,240.8222,-83.8604,-245.1586,175,75
2026-05-07 18:25:38.078,2,-0.21,-0.33,0.53,250.2122,-66.8504,-236.18859999999998,175,75
2026-05-07 18:25:38.089,2,-0.19,-0.32,0.56,257.5922,-51.550399999999996,-225.9486,175,75
2026-05-07 18:25:38.100,2,-0.21,-0.32,0.6,261.85220000000004,-48.0104,-219.2986,175,75
2026-05-07 18:25:38.111,2,-0.24,-0.3,0.63,266.1822,-52.400400000000005,-211.7986,175,75
2026-05-07 18:25:38.111,2,-0.25,-0.27,0.62,267.8922,-56.9704,-207.3486,175,75
2026-05-07 18:25:38.128,2,-0.23,-0.24,0.58,268.4422,-60.3904,-199.8486,175,75
2026-05-07 18:25:38.148,2,-0.21,-0.25,0.47,271.2422,-53.010400000000004,-184.6686,175,75
2026-05-07 18:25:38.154,2,-0.2,-0.26,0.44,273.5622,-45.1404,-179.7886,175,75
2026-05-07 18:25:38.169,2,-0.19,-0.29,0.44,275.0922,-37.5204,-176.49859999999998,175,75
2026-05-07 18:25:38.194,2,-0.15,-0.31,0.41,272.7722,-33.7404,-163.3886,175,75
2026-05-07 18:25:38.225,2,-0.18,-0.29,0.2,237.16219999999998,-112.3404,-141.9886,175,75
2026-05-07 18:25:38.236,2,-0.38,-0.27,0.01,203.74220000000003,-149.1104,-127.46860000000001,175,75
2026-05-07 18:25:38.253,2,-0.4,-0.25,-0.11,185.4522,-144.9604,-119.8486,175,75
2026-05-07 18:25:38.279,2,-0.39,-0.17,-0.33,147.10219999999998,-111.5504,-84.3586,175,75
2026-05-07 18:25:38.295,2,-0.31,-0.1,-0.41,107.8922,-60.1404,-49.6086,175,75
2026-05-07 18:25:38.307,2,-0.2,-0.02,-0.4,78.8122,-18.6204,-19.848600000000005,175,75
2026-05-07 18:25:38.317,2,-0.11,0.07,-0.35,51.5522,20.5896,11.491399999999997,175,75
2026-05-07 18:25:38.328,2,0.1,0.08,-0.25,20.6322,33.9396,33.011399999999995,175,75
2026-05-07 18:25:38.352,2,0.13,0.04,-0.13,-11.4378,32.7196,44.111399999999996,175,75
2026-05-07 18:25:38.352,2,0.1,0.09,-0.06,-31.6778,45.3396,51.371399999999994,175,75
2026-05-07 18:25:38.363,2,0.12,0.17,0.03,-39.2378,73.08959999999999,67.1614,175,75
2026-05-07 18:25:38.384,2,0.36,0.14,0.21,-35.827799999999996,125.4096,103.81139999999999,175,75
2026-05-07 18:25:38.396,2,0.56,0.07,0.4,-45.5878,150.1596,107.10139999999998,175,75
2026-05-07 18:25:38.469,2,0.69,0.37,0.93,-110.4578,54.8596,117.7714,175,75
2026-05-07 18:25:38.482,2,0.62,0.33,0.81,-113.9378,59.9796,118.0814,175,75
2026-05-07 18:25:38.482,2,0.54,0.28,0.67,-117.3478,82.0496,115.2114,175,75
2026-05-07 18:25:38.496,2,0.48,0.27,0.6,-122.1078,116.1996,110.2114,175,75
2026-05-07 18:25:38.507,2,0.47,0.3,0.62,-129.1178,160.7096,103.6214,175,75
2026-05-07 18:25:38.528,2,0.56,0.32,0.69,-137.4778,172.6596,98.75139999999999,175,75
2026-05-07 18:25:38.538,2,0.6,0.33,0.74,-144.7878,160.9496,97.10139999999998,175,75
2026-05-07 18:25:38.545,2,0.6,0.35,0.76,-155.51780000000002,146.8696,95.94139999999999,175,75
2026-05-07 18:25:38.561,2,0.59,0.35,0.75,-164.4278,136.37959999999998,94.66139999999999,175,75
2026-05-07 18:25:38.583,2,0.55,0.37,0.71,-167.3478,131.68959999999998,95.2114,175,75
2026-05-07 18:25:38.583,2,0.52,0.38,0.68,-171.06779999999998,133.6996,95.5814,175,75
2026-05-07 18:25:38.606,2,0.54,0.4,0.69,-178.08780000000002,141.3196,94.97139999999999,175,75
2026-05-07 18:25:38.641,2,0.54,0.38,0.75,-183.93779999999998,126.0096,92.28139999999999,175,75
2026-05-07 18:25:38.650,2,0.47,0.38,0.71,-184.3678,121.3196,93.6214,175,75
2026-05-07 18:25:38.677,2,0.44,0.38,0.67,-183.20780000000002,124.7996,93.56139999999999,175,75
2026-05-07 18:25:38.688,2,0.48,0.35,0.63,-176.7378,137.6596,93.01140000000001,175,75
2026-05-07 18:25:38.702,2,0.56,0.29,0.65,-173.08780000000002,138.9996,92.41139999999999,175,75
2026-05-07 18:25:38.708,2,0.59,0.24,0.68,-171.8678,135.33960000000002,90.7014,175,75
2026-05-07 18:25:38.721,2,0.59,0.24,0.69,-172.1078,128.3896,90.0914,175,75
2026-05-07 18:25:38.742,2,0.55,0.32,0.58,-172.2878,109.6696,90.4514,175,75
2026-05-07 18:25:38.756,2,0.48,0.35,0.51,-175.1578,112.0496,91.6114,175,75
2026-05-07 18:25:38.769,2,0.43,0.35,0.47,-176.18779999999998,127.4796,92.41139999999999,175,75
2026-05-07 18:25:38.769,2,0.43,0.35,0.46,-174.8478,148.0296,92.10139999999998,175,75
2026-05-07 18:25:38.789,2,0.5,0.32,0.49,-170.94779999999997,171.6196,89.54140000000001,175,75
2026-05-07 18:25:38.800,2,0.58,0.3,0.58,-166.9278,186.2596,84.6014,175,75
2026-05-07 18:25:38.813,2,0.64,0.3,0.66,-166.49779999999998,180.0396,74.48140000000001,175,75
2026-05-07 18:25:38.826,2,0.62,0.35,0.67,-170.45780000000002,161.4396,66.8614,175,75
2026-05-07 18:25:38.826,2,0.57,0.39,0.66,-173.38780000000003,151.4996,61.2514,175,75
2026-05-07 18:25:38.855,2,0.52,0.43,0.62,-175.2778,145.0396,53.3814,175,75
2026-05-07 18:25:38.866,2,0.46,0.45,0.61,-171.9878,144.7996,49.9114,175,75
2026-05-07 18:25:38.877,2,0.42,0.46,0.61,-168.75779999999997,143.7596,48.5014,175,75
2026-05-07 18:25:38.889,2,0.41,0.46,0.61,-166.6178,141.1996,48.621399999999994,175,75
2026-05-07 18:25:38.916,2,0.37,0.49,0.55,-165.70780000000002,130.0996,48.3214,175,75
2026-05-07 18:25:38.953,2,0.48,0.58,0.52,-153.99779999999998,119.7996,46.8014,175,75
2026-05-07 18:25:38.981,2,0.45,0.59,0.6,-142.7778,48.9396,44.1714,175,75
2026-05-07 18:25:38.991,2,0.52,0.59,0.58,-143.32780000000002,11.9296,38.7514,175,75
2026-05-07 18:25:39.017,2,0.62,0.59,0.47,-145.51780000000002,-36.4204,37.1014,175,75
2026-05-07 18:25:39.028,2,0.64,0.6,0.34,-146.6178,-65.6904,35.4514,175,75
2026-05-07 18:25:39.028,2,0.61,0.58,0.06,-142.89780000000002,-82.3404,27.891399999999997,175,75
2026-05-07 18:25:39.038,2,0.5,0.6,-0.04,-138.81779999999998,-56.790400000000005,25.091399999999997,175,75
2026-05-07 18:25:39.052,2,0.37,0.65,-0.11,-135.0978,-12.1604,18.3814,175,75
2026-05-07 18:25:39.075,2,0.26,0.71,-0.15,-133.2678,58.7596,8.561399999999999,175,75
2026-05-07 18:25:39.087,2,0.41,0.66,0.1,-128.68779999999998,168.0296,-11.558600000000006,175,75
2026-05-07 18:25:39.097,2,0.44,0.66,0.21,-125.4578,157.8396,-13.568600000000004,175,75
2026-05-07 18:25:39.129,2,0.42,0.71,0.25,-122.2878,131.6196,-16.1886,175,75
2026-05-07 18:25:39.168,2,0.83,0.68,0.36,-104.0578,73.3896,-28.2686,175,75
2026-05-07 18:25:39.181,2,0.86,0.72,0.37,-99.9778,50.7096,-39.5486,175,75
2026-05-07 18:25:39.191,2,0.75,0.82,0.35,-95.5878,32.6596,-44.4886,175,75
2026-05-07 18:25:39.193,2,0.56,0.96,0.28,-88.1478,12.8396,-49.3586,175,75
2026-05-07 18:25:39.222,2,0.19,1.18,0.01,-66.12780000000001,-21.8504,-54.418600000000005,175,75
2026-05-07 18:25:39.241,2,0.12,1.28,-0.06,-55.7678,10.6496,-43.9986,175,75
2026-05-07 18:25:39.281,2,0.44,1.38,0.28,-70.3378,229.2496,-5.338600000000003,175,75
2026-05-07 18:25:39.305,2,0.86,1.41,0.75,-89.8478,241.7496,17.711399999999998,175,75
2026-05-07 18:25:39.342,2,1.05,1.26,1.02,-53.9378,72.4796,22.101399999999998,175,75
2026-05-07 18:25:39.356,2,1.02,1.13,0.99,-53.6878,40.4096,17.101399999999998,175,75
2026-05-07 18:25:39.372,2,1.01,1.06,0.94,-50.9478,36.6896,14.481399999999997,175,75
2026-05-07 18:25:39.378,2,1.01,1.03,0.97,-38.9978,60.0996,12.341399999999997,175,75
2026-05-07 18:25:39.489,2,1.14,1.04,1.29,-28.1478,18.6396,-7.0486,175,75
2026-05-07 18:25:39.513,2,0.97,1.02,1.04,-29.0578,-54.050399999999996,-24.238600000000005,175,75
2026-05-07 18:25:39.567,2,0.8,0.84,1.33,11.912199999999999,0.9496000000000002,-44.3586,175,75
2026-05-07 18:25:39.617,2,0.7,0.8,1.16,28.132199999999997,1.499600000000001,-43.50860000000001,175,75
2026-05-07 18:25:39.617,2,0.72,0.83,1.17,35.9422,8.7596,-42.0486,175,75
2026-05-07 18:25:39.632,2,0.74,0.83,1.17,39.1122,8.819600000000001,-40.33860000000001,175,75
2026-05-07 18:25:39.649,2,0.74,0.86,1.17,42.2822,9.1896,-37.8986,175,75
2026-05-07 18:25:39.660,2,0.75,0.91,1.18,50.6322,13.3896,-35.458600000000004,175,75
2026-05-07 18:25:39.671,2,0.78,0.94,1.19,58.072199999999995,4.799600000000001,-37.958600000000004,175,75
2026-05-07 18:25:39.682,2,0.74,0.93,1.17,59.4122,0.829600000000001,-40.7686,175,75
2026-05-07 18:25:39.682,2,0.72,0.92,1.15,62.7722,8.819600000000001,-41.068599999999996,175,75
2026-05-07 18:25:39.695,2,0.7,0.91,1.14,68.5022,18.5796,-38.0186,175,75
2026-05-07 18:25:39.712,2,0.64,0.9,1.16,77.0422,26.8696,-32.2886,175,75
2026-05-07 18:25:39.719,2,0.63,0.86,1.19,84.7822,25.709600000000002,-30.458600000000004,175,75
2026-05-07 18:25:39.719,2,0.64,0.84,1.21,88.5622,15.889600000000002,-29.848600000000005,175,75
2026-05-07 18:25:39.760,2,0.64,0.84,1.22,86.7322,-7.220399999999998,-30.1586,175,75
2026-05-07 18:25:39.795,2,0.63,0.86,1.21,80.3322,-19.3504,-29.968600000000002,175,75
2026-05-07 18:25:39.795,2,0.69,0.94,1.11,76.6722,-35.8804,-30.7686,175,75
2026-05-07 18:25:39.807,2,0.68,0.95,1.04,76.9122,-40.1404,-32.6586,175,75
2026-05-07 18:25:39.807,2,0.61,0.95,0.99,74.7822,-26.8504,-33.6886,175,75
2026-05-07 18:25:39.821,2,0.57,0.97,1.04,77.7722,22.9696,-31.128600000000006,175,75
2026-05-07 18:25:39.821,2,0.63,0.95,1.13,77.5922,26.2596,-31.988600000000005,175,75
2026-05-07 18:25:39.845,2,0.69,0.94,1.21,67.5922,-10.880399999999998,-36.918600000000005,175,75
2026-05-07 18:25:39.865,2,0.64,0.99,1.2,64.4822,-41.1204,-43.0186,175,75
2026-05-07 18:25:39.865,2,0.7,1.0,1.18,60.51219999999999,-70.4504,-45.08860000000001,175,75
2026-05-07 18:25:39.882,2,0.68,1.04,1.09,43.7422,-129.1704,-48.9386,175,75
2026-05-07 18:25:39.911,2,0.71,1.07,1.03,39.352199999999996,-143.1304,-49.668600000000005,175,75
2026-05-07 18:25:39.922,2,0.78,1.22,0.71,28.8722,-138.4404,-50.4586,175,75
2026-05-07 18:25:39.950,2,0.79,1.31,0.56,20.9422,-105.5704,-49.6086,175,75
2026-05-07 18:25:39.960,2,0.81,1.39,0.47,9.112200000000001,-48.1904,-46.678599999999996,175,75
2026-05-07 18:25:39.984,2,1.37,1.36,0.84,-3.6278000000000006,-3.1304,-38.9986,175,75
2026-05-07 18:25:39.984,2,1.38,1.15,1.14,-27.5978,-59.4704,-38.5686,175,75
2026-05-07 18:25:39.995,2,1.17,0.86,1.15,-55.0378,-133.2504,-43.8786,175,75
2026-05-07 18:25:40.007,2,0.86,0.73,1.08,-63.7578,-150.0204,-46.558600000000006,175,75
2026-05-07 18:25:40.035,2,-0.38,1.22,0.71,-54.2978,-74.1104,3.561399999999999,175,75
2026-05-07 18:25:40.078,2,3.01,0.45,0.61,-42.3478,-180.4504,-62.6586,175,75
2026-05-07 18:25:40.089,2,0.17,1.2,-0.01,20.3922,217.6596,-50.7686,175,75
2026-05-07 18:25:40.100,2,0.72,1.14,0.24,54.4122,409.7996,-42.28860000000001,175,75
2026-05-07 18:25:40.120,2,1.18,1.21,0.55,52.1622,409.5496,-32.958600000000004,175,75
2026-05-07 18:25:40.120,2,0.97,1.21,1.38,33.8722,207.8396,-64.3586,175,75
2026-05-07 18:25:40.137,2,1.27,0.79,1.42,-8.8778,62.4196,-26.068600000000004,175,75
2026-05-07 18:25:40.148,2,1.2,0.43,1.05,-31.5578,-54.2304,1.6713999999999984,175,75
2026-05-07 18:25:40.148,2,0.89,0.41,0.3,-27.7778,-80.3904,-24.488600000000005,175,75
2026-05-07 18:25:40.159,2,0.77,0.55,0.07,-14.5478,-73.3104,-31.248600000000003,175,75
2026-05-07 18:25:40.170,2,0.65,0.69,0.04,-0.27780000000000094,-40.3904,-29.178600000000003,175,75
2026-05-07 18:25:40.170,2,0.42,0.75,0.21,8.4422,54.7296,-27.718600000000002,175,75
2026-05-07 18:25:40.173,2,0.44,0.78,0.37,13.502199999999998,159.8596,-24.788600000000002,175,75
2026-05-07 18:25:40.233,2,0.82,0.78,0.85,41.2422,93.2096,-31.378600000000006,175,75
2026-05-07 18:25:40.244,2,0.9,0.73,0.83,46.7922,44.6696,-24.608600000000003,175,75
2026-05-07 18:25:40.244,2,0.85,0.78,0.41,47.5922,31.2596,-28.878600000000006,175,75
2026-05-07 18:25:40.254,2,0.76,0.89,0.19,53.0122,45.0996,-27.168600000000005,175,75
2026-05-07 18:25:40.265,2,0.58,1.03,0.17,71.5522,68.0296,-24.608600000000003,175,75
2026-05-07 18:25:40.286,2,0.83,0.97,0.45,69.9022,62.5996,-28.0186,175,75
2026-05-07 18:25:40.317,2,0.87,0.87,0.58,51.6122,-67.3404,-22.468600000000002,175,75
2026-05-07 18:25:40.329,2,0.85,0.87,0.35,50.7622,-63.010400000000004,-29.238600000000005,175,75
2026-05-07 18:25:40.339,2,0.82,0.89,0.18,57.592200000000005,-45.7504,-34.1186,175,75
2026-05-07 18:25:40.365,2,0.69,0.96,0.05,66.7322,-22.160400000000003,-34.238600000000005,175,75
2026-05-07 18:25:40.365,2,0.52,1.07,0.02,73.0722,-1.000399999999999,-33.3286,175,75
2026-05-07 18:25:40.395,2,0.49,1.14,0.11,73.7422,30.8296,-36.7986,175,75
2026-05-07 18:25:40.410,2,0.79,1.14,0.42,63.562200000000004,41.5596,-43.6286,175,75
2026-05-07 18:25:40.410,2,0.8,1.14,0.57,60.15219999999999,12.7196,-40.8286,175,75
2026-05-07 18:25:40.422,2,0.75,1.14,0.52,50.5722,-19.6604,-40.4586,175,75
2026-05-07 18:25:40.433,2,0.72,1.16,0.45,51.0022,-14.900400000000001,-43.808600000000006,175,75
2026-05-07 18:25:40.443,2,0.61,1.21,0.37,62.40219999999999,4.3696,-44.418600000000005,175,75
2026-05-07 18:25:40.469,2,0.54,1.24,0.37,62.40219999999999,7.4796000000000005,-44.668600000000005,175,75
2026-05-07 18:25:40.471,2,0.56,1.28,0.46,48.5622,20.6496,-42.7186,175,75
2026-05-07 18:25:40.534,2,0.61,1.22,0.57,42.7122,16.6196,-40.028600000000004,175,75
2026-05-07 18:25:40.534,2,0.58,1.23,0.57,45.5122,13.4496,-40.948600000000006,175,75
2026-05-07 18:25:40.546,2,0.56,1.23,0.58,48.0122,12.2296,-42.28860000000001,175,75
2026-05-07 18:25:40.632,2,0.39,1.32,0.57,63.1322,48.1496,-39.178599999999996,175,75
2026-05-07 18:25:40.632,2,0.38,1.34,0.58,65.5722,52.2996,-37.1086,175,75
2026-05-07 18:25:40.632,2,0.37,1.35,0.58,67.5222,58.3296,-35.278600000000004,175,75
2026-05-07 18:25:40.703,2,0.42,1.34,0.61,76.9822,55.6496,-27.958600000000004,175,75
2026-05-07 18:25:40.913,2,0.28,1.42,0.54,72.3422,98.8196,-33.448600000000006,175,75
2026-05-07 18:25:40.913,2,0.26,1.48,0.62,81.6122,95.4096,-30.398600000000002,175,75
2026-05-07 18:25:40.923,2,0.31,1.7,0.65,83.9922,59.1196,-4.908600000000003,175,75
2026-05-07 18:25:40.939,2,0.5,1.71,0.63,73.9322,19.8596,19.971399999999996,175,75
2026-05-07 18:25:40.939,2,0.57,1.63,0.63,65.5722,16.5596,27.341399999999997,175,75
2026-05-07 18:25:40.939,2,0.63,1.55,0.62,60.212199999999996,16.6196,29.231399999999997,175,75
2026-05-07 18:25:40.950,2,0.76,1.45,0.59,54.542199999999994,3.329600000000001,27.771399999999996,175,75
2026-05-07 18:25:40.950,2,0.78,1.43,0.59,53.0722,-6.670400000000001,23.2614,175,75
2026-05-07 18:25:41.020,2,0.79,1.32,0.55,36.3722,-53.8604,17.8314,175,75
2026-05-07 18:25:41.031,2,0.77,1.35,0.45,34.7822,-53.5004,14.171399999999997,175,75
2026-05-07 18:25:41.031,2,0.79,1.38,0.34,37.7122,-38.5004,9.661399999999997,175,75
2026-05-07 18:25:41.031,2,0.82,1.41,0.27,39.8422,-15.200399999999998,3.3813999999999957,175,75
2026-05-07 18:25:41.031,2,0.87,1.45,0.23,38.8122,10.5296,-1.8586000000000027,175,75
2026-05-07 18:25:41.031,2,0.89,1.47,0.23,37.4622,32.6596,-8.2686,175,75
2026-05-07 18:25:41.043,2,0.89,1.45,0.27,36.0022,63.9996,-14.358600000000003,175,75
2026-05-07 18:25:41.054,2,0.87,1.43,0.33,36.3122,82.5996,-20.638600000000004,175,75
2026-05-07 18:25:41.054,2,0.86,1.44,0.43,37.8322,93.3896,-24.358600000000003,175,75
2026-05-07 18:25:41.103,2,0.84,1.43,0.65,33.3822,84.4296,-29.788600000000002,175,75
2026-05-07 18:25:41.114,2,0.65,1.46,0.66,28.4422,49.3096,-25.698600000000006,175,75
2026-05-07 18:25:41.128,2,0.64,1.44,0.66,28.0122,43.9996,-23.748600000000003,175,75
2026-05-07 18:25:41.138,2,0.64,1.43,0.66,26.3722,38.5796,-21.6186,175,75
2026-05-07 18:25:41.138,2,0.66,1.4,0.67,24.352199999999996,32.7796,-21.6186,175,75
2026-05-07 18:25:41.162,2,0.69,1.35,0.64,24.0522,29.7996,-22.2286,175,75
2026-05-07 18:25:41.201,2,0.64,1.36,0.59,26.5522,35.5296,-23.0786,175,75
2026-05-07 18:25:41.211,2,0.53,1.43,0.58,30.882199999999997,56.9296,-23.388600000000004,175,75
2026-05-07 18:25:41.211,2,0.47,1.43,0.61,33.9322,69.4896,-23.0786,175,75
2026-05-07 18:25:41.224,2,0.44,1.39,0.66,34.8422,75.1596,-22.5886,175,75
2026-05-07 18:25:41.224,2,0.4,1.34,0.68,36.6122,73.7596,-18.628600000000006,175,75
2026-05-07 18:25:41.234,2,0.37,1.3,0.69,40.5122,61.0796,-16.988600000000005,175,75
2026-05-07 18:25:41.276,2,0.36,1.3,0.72,44.5422,48.3896,-14.1186,175,75
2026-05-07 18:25:41.276,2,0.39,1.3,0.74,46.1822,39.6696,-12.168600000000005,175,75
2026-05-07 18:25:41.276,2,0.3,1.35,0.66,49.4122,23.6996,-3.5686000000000035,175,75
2026-05-07 18:25:41.307,2,0.29,1.37,0.66,51.1822,11.8096,-5.398600000000002,175,75
2026-05-07 18:25:41.307,2,0.28,1.35,0.65,52.3422,11.6196,3.691399999999998,175,75
2026-05-07 18:25:41.312,2,0.23,1.33,0.61,54.482200000000006,11.989600000000001,2.7713999999999963,175,75
2026-05-07 18:25:41.347,2,0.27,1.35,0.69,50.3322,20.5896,7.711399999999998,175,75
2026-05-07 18:25:41.350,2,0.28,1.35,0.73,48.4422,19.5496,11.921399999999997,175,75
2026-05-07 18:25:41.378,2,0.33,1.32,0.72,48.2022,3.329600000000001,20.151399999999995,175,75
2026-05-07 18:25:41.392,2,0.31,1.32,0.69,48.6822,3.2096,22.591399999999997,175,75
2026-05-07 18:25:41.392,2,0.3,1.36,0.65,49.9022,9.4896,25.5814,175,75
2026-05-07 18:25:41.425,2,0.28,1.4,0.58,51.9822,13.5096,29.361399999999996,175,75
2026-05-07 18:25:41.425,2,0.29,1.4,0.61,52.8922,15.0396,29.111399999999996,175,75
2026-05-07 18:25:41.447,2,0.48,1.37,0.67,41.3722,14.3696,36.731399999999994,175,75
2026-05-07 18:25:41.460,2,0.55,1.37,0.66,38.5622,8.7596,40.6414,175,75
2026-05-07 18:25:41.473,2,0.6,1.37,0.61,38.0122,8.9396,45.45139999999999,175,75
2026-05-07 18:25:41.505,2,0.73,1.41,0.54,35.4522,4.429600000000001,54.0514,175,75
2026-05-07 18:25:41.528,2,0.75,1.4,0.56,29.8422,-4.590399999999999,53.7514,175,75
2026-05-07 18:25:41.542,2,0.81,1.36,0.59,21.432199999999998,-19.2304,54.361399999999996,175,75
2026-05-07 18:25:41.570,2,0.72,1.4,0.26,8.0122,-5.750399999999999,33.1414,175,75
2026-05-07 18:25:41.580,2,0.19,1.34,0.44,3.5022,-6.5504,4.781399999999998,175,75
2026-05-07 18:25:41.613,2,1.68,0.94,0.11,-15.0378,83.9996,-14.7286,175,75
2026-05-07 18:25:41.626,2,0.51,1.69,0.08,46.1222,40.099599999999995,-26.7986,175,75
2026-05-07 18:25:41.639,2,0.65,1.61,0.19,63.62220000000001,237.5996,-9.788600000000002,175,75
2026-05-07 18:25:41.678,2,1.03,1.16,1.12,25.882199999999997,-24.660400000000003,-27.168600000000005,175,75
2026-05-07 18:25:41.693,2,0.93,1.25,0.93,10.022199999999998,-94.4704,-16.738600000000005,175,75
2026-05-07 18:25:41.704,2,0.63,1.5,0.51,17.4022,-72.5804,-18.6886,175,75
2026-05-07 18:25:41.715,2,0.69,1.51,0.28,33.8722,-3.8604000000000003,-20.458600000000004,175,75
2026-05-07 18:25:41.726,2,0.76,1.41,0.21,42.5222,47.0496,-20.5786,175,75
2026-05-07 18:25:41.739,2,0.41,1.37,0.02,48.0722,90.2196,2.411399999999997,175,75
2026-05-07 18:25:41.750,2,0.11,1.4,0.1,55.702200000000005,97.5996,6.311399999999999,175,75
2026-05-07 18:25:41.761,2,0.33,1.28,0.41,47.2822,125.7096,-2.1086000000000027,175,75
2026-05-07 18:25:41.789,2,0.76,1.2,1.02,11.6722,8.0296,-9.608600000000003,175,75
2026-05-07 18:25:41.789,2,0.85,1.27,1.07,-0.27780000000000094,-40.6904,2.2213999999999956,175,75
2026-05-07 18:25:41.810,2,0.95,1.27,0.94,0.392199999999999,-97.3404,18.141399999999997,175,75
2026-05-07 18:25:41.820,2,0.92,1.12,0.67,3.812199999999999,-121.6104,12.891399999999997,175,75
2026-05-07 18:25:41.829,2,0.74,1.05,0.35,2.5221999999999998,-64.1704,-6.558600000000002,175,75
2026-05-07 18:25:41.840,2,0.74,1.17,0.18,6.732199999999999,-12.4604,-8.388600000000004,175,75
2026-05-07 18:25:41.851,2,0.5,1.37,0.14,17.1622,24.549599999999998,2.161399999999997,175,75
2026-05-07 18:25:41.864,2,0.49,1.35,0.35,21.2422,72.0496,-1.188600000000001,175,75
2026-05-07 18:25:41.876,2,0.72,1.21,0.63,14.482199999999999,96.8696,-3.9986000000000033,175,75
2026-05-07 18:25:41.887,2,0.76,1.11,0.86,8.2622,77.1096,-8.2686,175,75
2026-05-07 18:25:41.899,2,0.75,1.05,1.03,-6.3178,39.6696,-5.6986000000000026,175,75
2026-05-07 18:25:41.921,2,0.76,1.14,0.88,-23.0878,-16.4904,6.061399999999999,175,75
2026-05-07 18:25:41.964,2,0.68,1.17,0.55,-7.777800000000001,26.4996,1.3713999999999977,175,75
2026-05-07 18:25:41.973,2,0.73,1.2,0.59,5.9422,40.7096,0.0913999999999966,175,75
2026-05-07 18:25:41.999,2,0.73,1.24,0.65,17.8322,46.6196,2.8313999999999986,175,75
2026-05-07 18:25:42.013,2,0.75,1.24,0.74,26.1222,41.4396,3.201399999999996,175,75
2026-05-07 18:25:42.013,2,0.78,1.16,0.81,26.5522,25.6496,1.061399999999999,175,75
2026-05-07 18:25:42.013,2,0.83,1.08,0.82,24.4822,7.299600000000001,-1.7386000000000017,175,75
2026-05-07 18:25:42.026,2,0.85,1.05,0.78,20.8822,-8.0104,-5.888600000000004,175,75
2026-05-07 18:25:42.033,2,0.81,1.12,0.58,21.5522,-13.560400000000001,-16.988600000000005,175,75
2026-05-07 18:25:42.049,2,0.78,1.17,0.5,26.852199999999996,1.3196000000000012,-23.5086,175,75
2026-05-07 18:25:42.199,2,0.64,1.17,0.53,42.9522,44.4296,-33.7486,175,75
2026-05-07 18:25:42.226,2,0.59,1.21,0.72,50.8222,51.7496,-28.198600000000006,175,75
2026-05-07 18:25:42.226,2,0.6,1.22,0.75,50.5122,37.0496,-25.0886,175,75
2026-05-07 18:25:42.226,2,0.61,1.26,0.7,46.852199999999996,16.5596,-22.288600000000002,175,75
2026-05-07 18:25:42.226,2,0.58,1.26,0.64,41.1222,5.5296,-20.278600000000004,175,75
2026-05-07 18:25:42.306,2,0.5,1.27,0.58,31.4322,1.4396000000000004,-17.168600000000005,175,75
2026-05-07 18:25:42.350,2,0.5,1.29,0.61,25.212200000000003,-1.670399999999999,-12.5886,175,75
2026-05-07 18:25:42.377,2,0.48,1.29,0.58,25.452199999999998,-14.590399999999999,-9.058600000000006,175,75
2026-05-07 18:25:42.386,2,0.48,1.31,0.58,25.632199999999997,-10.880399999999998,-7.288600000000002,175,75
2026-05-07 18:25:42.386,2,0.5,1.33,0.6,26.1222,-6.790399999999998,-4.668600000000001,175,75
2026-05-07 18:25:42.393,2,0.58,1.35,0.62,28.202199999999998,-13.250399999999999,-1.9886000000000017,175,75
2026-05-07 18:25:42.404,2,0.58,1.39,0.61,25.9422,-17.0304,-0.5786000000000016,175,75
2026-05-07 18:25:42.404,2,0.58,1.42,0.59,23.6222,-17.4604,0.2113999999999976,175,75
2026-05-07 18:25:42.417,2,0.59,1.43,0.55,21.6722,-14.9604,1.311399999999999,175,75
2026-05-07 18:25:42.428,2,0.59,1.43,0.54,18.4422,-11.5504,2.7713999999999963,175,75
2026-05-07 18:25:42.516,2,0.6,1.47,0.59,18.8722,32.5396,-3.268600000000003,175,75
2026-05-07 18:25:42.563,2,0.53,1.54,0.64,7.1022,-0.20040000000000013,9.231399999999997,175,75
2026-05-07 18:25:42.575,2,0.55,1.43,0.62,-3.1478,-11.360399999999998,21.6714,175,75
2026-05-07 18:25:42.623,2,0.66,1.56,0.56,-30.5878,-2.7704000000000004,19.541399999999996,175,75
2026-05-07 18:25:42.695,2,0.76,1.49,0.79,-41.5578,-24.660400000000003,22.411399999999997,175,75
2026-05-07 18:25:42.738,2,0.77,1.37,0.69,-36.3778,-63.990399999999994,24.1714,175,75
2026-05-07 18:25:42.771,2,0.76,1.36,0.65,-33.2678,-61.910399999999996,24.541399999999996,175,75
2026-05-07 18:25:42.780,2,0.72,1.37,0.62,-30.8278,-59.96039999999999,24.481399999999997,175,75
2026-05-07 18:25:42.792,2,0.74,1.36,0.63,-26.4978,-53.380399999999995,19.841399999999997,175,75
2026-05-07 18:25:42.810,2,0.73,1.38,0.59,-17.477800000000002,-34.050399999999996,16.371399999999998,175,75
2026-05-07 18:25:42.810,2,0.7,1.4,0.57,-13.2078,-23.8604,15.331399999999997,175,75
2026-05-07 18:25:42.810,2,0.67,1.36,0.6,-6.4978,-4.590399999999999,12.831399999999997,175,75
2026-05-07 18:25:42.905,2,0.65,1.22,0.65,2.8322000000000003,-10.9404,-4.418600000000001,175,75
2026-05-07 18:25:42.905,2,0.59,1.24,0.65,7.042200000000001,-2.8903999999999996,-8.198600000000006,175,75
2026-05-07 18:25:42.915,2,0.57,1.26,0.62,8.6222,0.2195999999999998,-8.998600000000003,175,75
2026-05-07 18:25:42.915,2,0.52,1.28,0.61,10.882200000000001,6.3196,-8.688600000000001,175,75
2026-05-07 18:25:42.927,2,0.49,1.28,0.59,13.4422,9.6096,-7.8386,175,75
2026-05-07 18:25:42.941,2,0.49,1.26,0.62,16.5522,8.2696,-9.418600000000005,175,75
2026-05-07 18:25:42.951,2,0.54,1.24,0.68,25.702199999999998,-0.020400000000000418,-13.508600000000001,175,75
2026-05-07 18:25:42.991,2,0.54,1.25,0.65,30.392200000000003,-9.1704,-14.418600000000005,175,75
2026-05-07 18:25:43.040,2,0.42,1.37,0.56,37.4022,-6.180399999999999,-9.5486,175,75
2026-05-07 18:25:43.129,2,0.49,1.4,0.49,22.282200000000003,-21.0004,1.2513999999999967,175,75
2026-05-07 18:25:43.147,2,0.58,1.39,0.46,5.632199999999999,-12.340399999999999,5.511399999999998,175,75
2026-05-07 18:25:43.160,2,0.61,1.38,0.46,3.132199999999999,-17.4004,7.161399999999997,175,75
2026-05-07 18:25:43.196,2,0.61,1.4,0.47,2.0421999999999993,-15.450399999999998,8.261399999999998,175,75
2026-05-07 18:25:43.239,2,0.61,1.44,0.47,-0.21780000000000044,-12.770399999999999,13.201399999999998,175,75
2026-05-07 18:25:43.250,2,0.47,1.5,0.4,-9.9778,-16.7304,24.1714,175,75
2026-05-07 18:25:43.262,2,0.52,1.48,0.37,-18.4478,-16.5504,30.211399999999998,175,75
2026-05-07 18:25:43.262,2,0.73,1.28,0.48,-33.7578,-27.2804,29.301399999999997,175,75
2026-05-07 18:25:43.262,2,0.61,1.3,0.43,-36.5578,-42.4004,25.5814,175,75
2026-05-07 18:25:43.276,2,-0.11,1.54,0.42,-36.9878,-50.8104,11.191399999999998,175,75
2026-05-07 18:25:43.299,2,1.41,1.15,-0.33,-68.20779999999999,-58.130399999999995,-9.058600000000006,175,75
2026-05-07 18:25:43.309,2,0.73,1.4,-0.53,-5.0978,-18.6804,-24.2986,175,75
2026-05-07 18:25:43.309,2,0.02,1.71,0.03,30.272199999999998,246.8096,16.121399999999998,175,75
2026-05-07 18:25:43.389,2,0.88,1.39,1.18,23.132199999999997,193.5796,-35.948600000000006,175,75
2026-05-07 18:25:43.389,2,1.12,1.16,1.27,-28.6278,5.2796,26.121399999999998,175,75
2026-05-07 18:25:43.389,2,0.89,1.29,0.59,-35.2778,-105.0204,86.4314,175,75
2026-05-07 18:25:43.397,2,0.5,1.09,0.13,-34.1178,-162.8904,34.6014,175,75
2026-05-07 18:25:43.477,2,0.83,1.08,0.74,-1.5578000000000003,74.36959999999999,-3.1986000000000026,175,75
2026-05-07 18:25:43.499,2,0.83,1.09,0.4,-13.9378,29.3096,-15.398600000000002,175,75
2026-05-07 18:25:43.533,2,0.55,1.23,0.27,24.8422,79.8596,-5.518600000000003,175,75
2026-05-07 18:25:43.590,2,0.72,1.16,0.41,-2.2878000000000007,-36.9104,-19.788600000000002,175,75
2026-05-07 18:25:43.601,2,0.71,1.17,0.34,4.232199999999999,-20.450400000000002,-25.028600000000004,175,75
2026-05-07 18:25:43.612,2,0.66,1.18,0.37,20.2122,16.2596,-27.348600000000005,175,75
2026-05-07 18:25:43.612,2,0.61,1.18,0.4,22.712200000000003,21.6196,-26.7986,175,75
2026-05-07 18:25:43.625,2,0.61,1.21,0.44,23.992199999999997,23.6396,-30.7686,175,75
2026-05-07 18:25:43.637,2,0.6,1.3,0.49,22.952199999999998,24.489600000000003,-31.988600000000005,175,75
2026-05-07 18:25:43.688,2,0.58,1.36,0.62,17.1622,38.449600000000004,-32.778600000000004,175,75
2026-05-07 18:25:43.689,2,0.55,1.36,0.66,16.6722,34.489599999999996,-33.3286,175,75
2026-05-07 18:25:43.701,2,0.54,1.37,0.69,17.4022,31.0096,-33.7486,175,75
2026-05-07 18:25:43.745,2,0.49,1.49,0.67,11.982199999999999,6.009600000000001,-25.1586,175,75
2026-05-07 18:25:43.763,2,0.48,1.5,0.68,12.042200000000001,10.9496,-22.4086,175,75
2026-05-07 18:25:43.785,2,0.51,1.47,0.71,11.432199999999998,12.4796,-19.178600000000003,175,75
2026-05-07 18:25:43.836,2,0.51,1.44,0.71,10.3322,10.829600000000001,-17.108600000000003,175,75
2026-05-07 18:25:43.917,2,0.49,1.37,0.62,22.522199999999998,21.9296,-16.248600000000003,175,75
2026-05-07 18:25:43.963,2,0.49,1.38,0.6,25.9422,25.0396,-15.828600000000002,175,75
2026-05-07 18:25:43.976,2,0.5,1.47,0.59,37.4022,28.3296,-14.238600000000005,175,75
2026-05-07 18:25:43.976,2,0.5,1.5,0.59,40.9422,28.8196,-11.988600000000005,175,75
2026-05-07 18:25:43.988,2,0.51,1.44,0.58,44.1122,23.5796,-5.158600000000003,175,75
2026-05-07 18:25:43.999,2,0.51,1.37,0.52,42.6522,24.979599999999998,-5.218600000000002,175,75
2026-05-07 18:25:43.999,2,0.49,1.36,0.47,40.2122,31.8096,-4.968600000000002,175,75
2026-05-07 18:25:44.010,2,0.51,1.31,0.44,38.6822,44.1196,-5.458600000000004,175,75
2026-05-07 18:25:44.021,2,0.62,1.24,0.44,31.5522,54.2496,-11.498600000000003,175,75
2026-05-07 18:25:44.021,2,0.53,1.37,0.46,36.2422,81.5596,-4.488600000000002,175,75
2026-05-07 18:25:44.032,2,0.56,1.42,0.54,46.0622,87.2996,-1.9886000000000017,175,75
2026-05-07 18:25:44.043,2,0.56,1.33,0.63,42.9522,73.14959999999999,-1.308600000000002,175,75
2026-05-07 18:25:44.043,2,0.54,1.21,0.73,33.5622,57.9096,-1.308600000000002,175,75
2026-05-07 18:25:44.095,2,0.4,1.07,0.76,27.522199999999998,-14.1704,-1.3786000000000023,175,75
2026-05-07 18:25:44.095,2,0.35,1.15,0.76,30.572200000000002,-25.8804,-6.438600000000001,175,75
2026-05-07 18:25:44.095,2,0.4,1.22,0.79,28.812199999999997,-36.3604,-12.468600000000002,175,75
2026-05-07 18:25:44.106,2,0.43,1.3,0.79,23.992199999999997,-44.050399999999996,-12.168600000000005,175,75
2026-05-07 18:25:44.117,2,0.5,1.35,0.74,20.272199999999998,-52.2204,-17.288600000000002,175,75
2026-05-07 18:25:44.128,2,0.31,1.65,0.51,38.6222,9.7996,-8.328600000000002,175,75
2026-05-07 18:25:44.171,2,0.61,1.77,0.67,46.1222,23.3896,19.601399999999998,175,75
2026-05-07 18:25:44.195,2,0.79,1.74,0.7,50.4522,6.6196,27.771399999999996,175,75
2026-05-07 18:25:44.308,2,0.88,1.28,0.74,39.8422,-27.090400000000002,11.801399999999997,175,75
2026-05-07 18:25:44.335,2,0.75,1.26,0.66,31.1822,-41.8504,-4.908600000000003,175,75
2026-05-07 18:25:44.356,2,0.67,1.45,0.49,30.212200000000003,14.9196,-15.218600000000002,175,75
2026-05-07 18:25:44.367,2,0.67,1.45,0.48,34.1122,44.5496,-15.638600000000004,175,75
2026-05-07 18:25:44.367,2,0.68,1.47,0.53,38.3822,66.9296,-14.668600000000005,175,75
2026-05-07 18:25:44.379,2,0.73,1.46,0.71,42.102199999999996,97.8396,-12.718600000000002,175,75
2026-05-07 18:25:44.390,2,0.74,1.44,0.79,41.3722,100.6496,-13.138600000000004,175,75
2026-05-07 18:25:44.390,2,0.76,1.43,0.86,40.8222,96.0096,-13.998600000000003,175,75
2026-05-07 18:25:44.401,2,0.77,1.42,0.94,40.8222,83.8196,-13.198600000000006,175,75
2026-05-07 18:25:44.417,2,0.74,1.41,0.95,38.3222,65.9496,-12.898600000000002,175,75
2026-05-07 18:25:44.417,2,0.72,1.39,0.99,34.7222,36.0796,-12.718600000000002,175,75
2026-05-07 18:25:44.463,2,0.68,1.43,0.74,47.6522,30.0996,-16.378600000000006,175,75
2026-05-07 18:25:44.560,2,0.62,1.36,0.91,65.3922,41.5596,-15.278600000000004,175,75
2026-05-07 18:25:44.560,2,0.61,1.34,0.93,66.8522,29.7296,-14.668600000000005,175,75
2026-05-07 18:25:44.562,2,0.65,1.32,0.94,67.0422,17.5396,-12.4086,175,75
2026-05-07 18:25:44.584,2,0.61,1.33,0.88,70.8222,0.829600000000001,-12.898600000000002,175,75
2026-05-07 18:25:44.585,2,0.61,1.35,0.84,72.2222,0.8895999999999997,-14.608600000000003,175,75
2026-05-07 18:25:44.601,2,0.59,1.38,0.81,73.0722,5.339600000000001,-15.578600000000002,175,75
2026-05-07 18:25:44.611,2,0.59,1.38,0.8,75.2722,16.3796,-18.0186,175,75
2026-05-07 18:25:44.633,2,0.58,1.37,0.8,77.8322,25.1596,-18.808600000000006,175,75
2026-05-07 18:25:44.644,2,0.56,1.36,0.81,78.3822,29.2496,-18.998600000000003,175,75
2026-05-07 18:25:44.656,2,0.57,1.36,0.82,76.9822,30.8896,-18.6886,175,75
2026-05-07 18:25:44.664,2,0.55,1.37,0.82,75.51219999999999,32.9696,-17.168600000000005,175,75
2026-05-07 18:25:44.688,2,0.54,1.35,0.82,74.7822,35.8896,-16.0086,175,75
2026-05-07 18:25:44.689,2,0.55,1.34,0.83,75.7022,38.7596,-14.848600000000005,175,75
2026-05-07 18:25:44.728,2,0.56,1.3,0.81,80.76219999999999,39.4296,-14.418600000000005,175,75
2026-05-07 18:25:44.739,2,0.57,1.31,0.79,84.5422,43.2696,-13.388600000000004,175,75
2026-05-07 18:25:44.810,2,0.63,1.3,0.84,87.4622,34.369600000000005,-11.128600000000006,175,75
2026-05-07 18:25:44.846,2,0.61,1.26,0.85,83.4422,12.2296,-4.298600000000004,175,75
2026-05-07 18:25:44.856,2,0.67,1.28,0.69,75.8222,0.9496000000000002,-1.8586000000000027,175,75
2026-05-07 18:25:44.867,2,0.61,1.32,0.64,75.3322,13.0896,-3.7486000000000033,175,75
2026-05-07 18:25:44.887,2,0.61,1.31,0.63,77.1022,34.979600000000005,-9.608600000000003,175,75
2026-05-07 18:25:44.926,2,0.4,1.4,0.73,76.1222,55.5896,-20.888600000000004,175,75
2026-05-07 18:25:44.976,2,-1.4,1.69,0.89,72.1022,110.03960000000001,-50.4586,175,75
2026-05-07 18:25:44.976,2,3.15,1.69,0.98,38.9322,162.7796,20.5814,175,75
2026-05-07 18:25:44.976,2,2.17,0.28,0.92,12.162199999999999,-14.6604,-26.128600000000006,175,75
2026-05-07 18:25:44.980,2,0.9,0.88,-0.23,54.4122,98.4496,-56.4386,175,75
2026-05-07 18:25:45.044,2,0.94,1.15,0.99,78.01219999999999,23.6996,-25.698600000000006,175,75
2026-05-07 18:25:45.044,2,0.4,1.54,0.0,91.4922,58.7596,-42.7186,175,75
2026-05-07 18:25:45.056,2,0.13,1.87,-0.01,126.3722,75.5296,-24.968600000000002,175,75
2026-05-07 18:25:45.081,2,0.32,1.59,0.5,125.51219999999999,249.7296,8.201399999999996,175,75
2026-05-07 18:25:45.084,2,1.11,1.31,0.75,98.3222,308.8796,9.781399999999998,175,75
2026-05-07 18:25:45.113,2,1.33,0.95,1.4,62.2822,87.5996,-4.418600000000001,175,75
2026-05-07 18:25:45.113,2,1.34,0.91,1.45,51.852199999999996,-30.200400000000002,6.001399999999997,175,75
2026-05-07 18:25:45.123,2,1.28,0.96,1.28,51.6722,-113.1304,16.731399999999997,175,75
2026-05-07 18:25:45.206,2,0.59,1.22,0.22,37.7122,-59.660399999999996,-24.488600000000005,175,75
2026-05-07 18:25:45.242,2,0.36,1.28,0.17,70.3322,74.6696,-16.988600000000005,175,75
2026-05-07 18:25:45.285,2,1.08,1.1,0.78,65.3922,63.1496,-3.7486000000000033,175,75
2026-05-07 18:25:45.298,2,0.96,1.01,0.68,56.062200000000004,32.6596,-4.968600000000002,175,75
2026-05-07 18:25:45.309,2,0.9,1.04,0.5,61.182199999999995,30.8296,-7.2286,175,75
2026-05-07 18:25:45.309,2,0.86,1.07,0.44,74.6022,22.599600000000002,-10.578600000000002,175,75
2026-05-07 18:25:45.336,2,0.77,1.08,0.56,86.0622,3.329600000000001,-16.068600000000004,175,75
2026-05-07 18:25:45.344,2,0.76,1.08,0.48,74.1122,-31.6704,-19.2986,175,75
2026-05-07 18:25:45.363,2,0.7,1.09,0.36,65.51219999999999,-43.0104,-24.238600000000005,175,75
2026-05-07 18:25:45.393,2,0.53,1.22,0.17,51.9822,20.8296,-33.0186,175,75
2026-05-07 18:25:45.404,2,0.57,1.21,0.2,46.9822,47.2296,-33.388600000000004,175,75
2026-05-07 18:25:45.404,2,0.58,1.2,0.27,41.9122,72.59960000000001,-30.278600000000004,175,75
2026-05-07 18:25:45.414,2,0.59,1.19,0.37,40.7022,85.8896,-27.288600000000002,175,75
2026-05-07 18:25:45.449,2,0.67,1.22,0.61,36.7922,16.0096,-24.058600000000006,175,75
2026-05-07 18:25:45.479,2,0.56,1.27,0.42,13.7422,-54.1704,-16.678600000000003,175,75
2026-05-07 18:25:45.619,2,0.63,1.19,0.39,-7.3478,-35.3304,23.5614,175,75
2026-05-07 18:25:45.619,2,0.7,1.15,0.44,-16.4978,-65.9404,23.441399999999998,175,75
2026-05-07 18:25:45.648,2,0.45,1.25,0.23,-33.567800000000005,-116.7904,43.0814,175,75
2026-05-07 18:25:45.676,2,0.43,1.24,0.25,-38.817800000000005,-118.13040000000001,49.4214,175,75
2026-05-07 18:25:45.701,2,-0.34,1.23,0.39,-56.5578,-128.8604,47.7114,175,75
2026-05-07 18:25:45.708,2,4.62,0.55,-0.04,-95.2778,-319.5304,34.9114,175,75
2026-05-07 18:25:45.728,2,0.32,0.64,0.03,-108.8178,-345.3304,45.8814,175,75
2026-05-07 18:25:45.740,2,0.62,1.03,-0.69,-65.6478,-183.9204,37.59139999999999,175,75
2026-05-07 18:25:45.761,2,-0.34,1.18,-0.09,-41.677800000000005,72.3596,40.8214,175,75
2026-05-07 18:25:45.761,2,0.48,1.19,-0.11,-51.1278,201.9896,48.1414,175,75
2026-05-07 18:25:45.789,2,1.33,1.21,0.6,-74.5478,107.7196,20.8814,175,75
2026-05-07 18:25:45.818,2,0.58,1.3,0.75,-89.8478,-105.8804,73.3214,175,75
2026-05-07 18:25:45.829,2,0.59,1.28,0.54,-97.1678,-148.2504,75.1514,175,75
2026-05-07 18:25:45.840,2,0.6,1.41,0.18,-96.1878,-149.4704,70.3314,175,75
2026-05-07 18:25:45.852,2,0.61,1.52,0.14,-86.4978,-123.9904,71.25139999999999,175,75
2026-05-07 18:25:45.873,2,0.7,1.6,0.24,-81.6178,-39.9004,80.3914,175,75
2026-05-07 18:25:45.903,2,0.81,1.42,0.59,-102.7178,-78.6804,76.25139999999999,175,75
2026-05-07 18:25:45.927,2,0.78,1.46,0.44,-107.5978,-107.3404,73.44139999999999,175,75
2026-05-07 18:25:45.944,2,0.89,1.35,0.29,-111.2578,-94.2304,60.331399999999995,175,75
2026-05-07 18:25:45.968,2,0.8,1.33,0.28,-109.6678,-47.4004,54.4214,175,75
2026-05-07 18:25:45.990,2,0.9,1.38,0.52,-104.6078,27.9096,38.1414,175,75
2026-05-07 18:25:46.015,2,0.79,1.39,0.58,-104.7278,19.979599999999998,39.6614,175,75
2026-05-07 18:25:46.015,2,0.71,1.41,0.64,-98.0878,5.5296,38.2014,175,75
2026-05-07 18:25:46.028,2,0.74,1.37,0.7,-93.6278,-11.060400000000001,35.3914,175,75
2026-05-07 18:25:46.039,2,0.74,1.34,0.71,-99.48780000000001,-18.4404,36.5514,175,75
2026-05-07 18:25:46.049,2,0.71,1.33,0.67,-104.8478,-24.470399999999998,34.481399999999994,175,75
2026-05-07 18:25:46.059,2,0.7,1.32,0.61,-108.4478,-30.7504,30.5114,175,75
2026-05-07 18:25:46.298,2,0.44,1.34,0.83,-105.6478,44.3096,3.5013999999999967,175,75
2026-05-07 18:25:46.382,2,0.43,1.36,0.83,-114.23780000000001,9.249600000000001,10.451399999999998,175,75
2026-05-07 18:25:46.383,2,0.4,1.35,0.76,-117.2878,2.419600000000001,11.121399999999998,175,75
2026-05-07 18:25:46.417,2,0.39,1.23,0.76,-133.4478,24.8596,12.531399999999998,175,75
2026-05-07 18:25:46.435,2,0.41,1.21,0.92,-148.14780000000002,13.8796,19.1714,175,75
2026-05-07 18:25:46.486,2,0.49,1.13,1.04,-178.20780000000002,-29.720399999999998,27.711399999999998,175,75
2026-05-07 18:25:46.533,2,1.58,0.93,1.18,-270.51779999999997,-72.5804,70.6414,175,75
2026-05-07 18:25:46.547,2,0.64,0.47,0.87,-289.2378,-115.8104,38.621399999999994,175,75
2026-05-07 18:25:46.613,2,0.49,0.81,1.76,-270.9478,28.1496,23.141399999999997,175,75
2026-05-07 18:25:46.613,2,0.51,0.73,1.65,-272.4778,-111.0604,72.4114,175,75
2026-05-07 18:25:46.662,2,0.83,0.64,1.58,-175.45780000000002,-18.6204,51.9214,175,75
2026-05-07 18:25:46.676,2,0.87,0.74,1.99,-129.2378,28.8796,32.7114,175,75
2026-05-07 18:25:46.686,2,1.01,0.78,1.99,-115.2778,16.6896,35.9414,175,75
2026-05-07 18:25:46.717,2,0.94,0.78,1.79,-88.2678,-0.8803999999999998,43.3214,175,75
2026-05-07 18:25:46.805,2,1.22,0.83,2.0,-43.6878,26.8096,21.731399999999997,175,75
2026-05-07 18:25:46.805,2,1.2,0.92,2.01,-28.7578,2.909600000000001,14.421399999999997,175,75
2026-05-07 18:25:46.805,2,1.22,0.96,2.03,-20.9478,-5.330400000000001,10.031399999999998,175,75
2026-05-07 18:25:46.815,2,1.26,0.99,2.04,-13.5678,-12.090399999999999,7.041399999999996,175,75
2026-05-07 18:25:46.874,2,1.3,0.87,2.05,20.7622,-18.3104,-7.0486,175,75
2026-05-07 18:25:46.905,2,0.98,0.78,1.99,80.3922,2.4795999999999996,-24.358600000000003,175,75
2026-05-07 18:25:46.909,2,1.0,0.76,1.96,93.7422,0.03960000000000008,-23.3286,175,75
2026-05-07 18:25:46.948,2,1.0,0.69,1.77,127.52220000000001,2.7796000000000003,-19.358600000000003,175,75
2026-05-07 18:25:47.036,2,0.73,0.48,1.27,213.2022,-30.5704,-39.78860000000001,175,75
2026-05-07 18:25:47.110,2,0.7,0.39,1.13,248.74220000000003,-10.6904,-52.1086,175,75
2026-05-07 18:25:47.148,2,0.37,0.32,1.02,310.2122,-16.6104,-57.1086,175,75
2026-05-07 18:25:47.159,2,0.34,0.28,1.0,316.91220000000004,-27.520400000000002,-54.9686,175,75
2026-05-07 18:25:47.167,2,0.33,0.26,0.97,321.4922,-38.2504,-55.5186,175,75
2026-05-07 18:25:47.203,2,0.33,0.27,0.89,331.3122,-59.7204,-54.72860000000001,175,75
2026-05-07 18:25:47.218,2,0.29,0.25,0.83,341.3122,-66.0604,-54.3586,175,75
2026-05-07 18:25:47.232,2,0.26,0.25,0.82,347.3422,-68.5004,-52.89860000000001,175,75
2026-05-07 18:25:47.305,2,0.21,0.31,0.67,375.5722,-34.8404,-31.378600000000006,175,75
2026-05-07 18:25:47.312,2,0.25,0.31,0.59,374.17220000000003,-56.7304,-21.378600000000006,175,75
2026-05-07 18:25:47.336,2,0.19,0.34,0.53,371.4322,-70.0804,-19.058600000000006,175,75
2026-05-07 18:25:47.336,2,0.15,0.33,0.45,372.9522,-73.1304,-19.488600000000005,175,75
2026-05-07 18:25:47.369,2,0.14,0.31,0.37,374.66220000000004,-71.0604,-15.0886,175,75
2026-05-07 18:25:47.388,2,0.16,0.25,-0.1,360.3322,-60.4504,-5.578600000000002,175,75
2026-05-07 18:25:47.400,2,0.13,0.26,-0.22,351.98220000000003,-57.8904,-4.488600000000002,175,75
2026-05-07 18:25:47.410,2,0.11,0.25,-0.29,341.3722,-32.5804,-0.7686000000000028,175,75
2026-05-07 18:25:47.447,2,0.41,0.13,-0.33,296.67220000000003,29.9196,10.331399999999997,175,75
2026-05-07 18:25:47.468,2,0.57,0.01,-0.33,260.8822,-26.790399999999998,5.581399999999999,175,75
2026-05-07 18:25:47.495,2,0.53,-0.01,-0.43,209.29219999999998,-87.1604,-12.288600000000002,175,75
2026-05-07 18:25:47.530,2,0.38,0.13,-0.68,145.3922,-86.6104,-34.238600000000005,175,75
2026-05-07 18:25:47.544,2,0.28,0.18,-0.75,77.8322,-5.450399999999998,-48.808600000000006,175,75
2026-05-07 18:25:47.583,2,0.44,0.23,-0.63,20.9422,78.6996,-53.0786,175,75
2026-05-07 18:25:47.594,2,0.52,0.28,-0.52,-0.27780000000000094,90.9496,-53.0786,175,75
2026-05-07 18:25:47.594,2,0.58,0.33,-0.41,-17.8978,88.4496,-51.1286,175,75
2026-05-07 18:25:47.621,2,0.63,0.39,-0.29,-39.9078,72.2296,-47.1086,175,75
2026-05-07 18:25:47.621,2,0.64,0.45,-0.19,-58.8178,49.4896,-41.8586,175,75
2026-05-07 18:25:47.627,2,0.65,0.52,-0.15,-94.7278,-30.8804,-19.238600000000005,175,75
2026-05-07 18:25:47.639,2,0.59,0.53,-0.19,-103.1478,-55.9404,-9.608600000000003,175,75
2026-05-07 18:25:47.660,2,0.48,0.61,-0.4,-122.1678,-76.7904,21.121399999999998,175,75
2026-05-07 18:25:47.700,2,0.41,0.64,-0.45,-128.14780000000002,-69.4104,31.611399999999996,175,75
2026-05-07 18:25:47.700,2,0.35,0.69,-0.51,-133.93779999999998,-51.6704,43.011399999999995,175,75
2026-05-07 18:25:47.738,2,0.22,0.69,-0.51,-156.9878,39.5496,76.8614,175,75
2026-05-07 18:25:47.764,2,0.2,0.68,-0.45,-164.1778,49.3096,85.7614,175,75
2026-05-07 18:25:47.764,2,0.26,0.65,-0.39,-170.88780000000003,46.8696,89.3014,175,75
2026-05-07 18:25:47.774,2,0.28,0.62,-0.32,-180.88780000000003,31.9896,92.3414,175,75
2026-05-07 18:25:47.805,2,0.31,0.62,-0.17,-204.7878,-1.1204,97.04140000000001,175,75
2026-05-07 18:25:47.817,2,0.32,0.61,-0.11,-222.5378,-32.8904,100.94139999999999,175,75
2026-05-07 18:25:47.827,2,0.29,0.62,-0.08,-231.43779999999998,-45.2004,104.66139999999999,175,75
2026-05-07 18:25:47.869,2,0.15,0.64,-0.0,-236.7978,-31.4204,113.8714,175,75
2026-05-07 18:25:47.881,2,0.05,0.63,0.1,-230.64780000000002,5.0396,128.9314,175,75
2026-05-07 18:25:47.906,2,0.05,0.57,0.39,-218.38780000000003,80.3396,127.41139999999999,175,75
2026-05-07 18:25:47.908,2,0.06,0.59,0.47,-212.2278,93.0896,126.06139999999999,175,75
2026-05-07 18:25:47.920,2,0.09,0.6,0.54,-208.14780000000002,93.2096,123.0814,175,75
2026-05-07 18:25:48.026,2,0.11,0.61,0.66,-154.4878,72.9696,136.2514,175,75
2026-05-07 18:25:48.031,2,0.13,0.62,0.7,-149.7278,70.8296,137.7114,175,75
2026-05-07 18:25:48.059,2,0.16,0.63,0.74,-141.8678,61.8096,143.3214,175,75
2026-05-07 18:25:48.076,2,0.2,0.62,0.76,-137.3478,52.6596,147.4114,175,75
2026-05-07 18:25:48.120,2,0.22,0.58,0.73,-129.1778,43.9996,150.0314,175,75
2026-05-07 18:25:48.121,2,0.28,0.56,0.72,-122.6578,40.1596,150.1514,175,75
2026-05-07 18:25:48.172,2,0.35,0.54,0.68,-78.7578,31.4996,159.0514,175,75
2026-05-07 18:25:48.211,2,0.34,0.5,0.67,-67.0478,24.669600000000003,164.3014,175,75
2026-05-07 18:25:48.234,2,0.32,0.41,0.61,-59.6078,20.4696,176.8014,175,75
2026-05-07 18:25:48.234,2,0.31,0.35,0.61,-55.647800000000004,21.7496,183.0814,175,75
2026-05-07 18:25:48.234,2,0.31,0.3,0.62,-53.2678,19.6096,188.44140000000002,175,75
2026-05-07 18:25:48.244,2,0.31,0.27,0.63,-50.4578,17.5396,194.5414,175,75
2026-05-07 18:25:48.244,2,0.34,0.22,0.63,-46.0078,12.909600000000001,200.2714,175,75
2026-05-07 18:25:48.251,2,0.4,0.15,0.62,-41.187799999999996,7.1696,206.0614,175,75
2026-05-07 18:25:48.276,2,0.48,-0.09,0.63,-33.0178,19.6696,217.5314,175,75
2026-05-07 18:25:48.313,2,0.32,-0.22,0.58,-39.9078,37.1696,233.8714,175,75
2026-05-07 18:25:48.362,2,0.05,-0.62,0.59,-60.9478,144.9196,302.04139999999995,175,75
2026-05-07 18:25:48.387,2,0.54,-0.75,0.77,-73.4478,178.9996,296.8614,175,75
2026-05-07 18:25:48.399,2,0.67,-0.58,1.05,-65.8878,145.7096,291.92139999999995,175,75
2026-05-07 18:25:48.429,2,0.62,-0.66,1.15,-68.9978,106.4996,288.4414,175,75
2026-05-07 18:25:48.449,2,0.38,-0.9,1.15,-40.2778,-67.2204,271.5514,175,75
2026-05-07 18:25:48.477,2,0.48,-0.49,0.66,35.2722,-169.7804,180.6414,175,75
2026-05-07 18:25:48.499,2,0.0,-0.44,0.17,102.7722,-135.2004,158.5614,175,75
2026-05-07 18:25:48.510,2,-0.08,-0.52,0.12,111.6122,-98.1304,153.9914,175,75
2026-05-07 18:25:48.564,2,0.06,-0.49,0.13,120.21220000000001,61.7496,133.4414,175,75
2026-05-07 18:25:48.564,2,0.15,-0.41,0.25,118.5622,83.0896,132.5314,175,75
2026-05-07 18:25:48.564,2,0.23,-0.38,0.34,115.4522,79.2496,128.6214,175,75
2026-05-07 18:25:48.596,2,0.31,-0.39,0.5,101.0022,9.6696,117.10139999999998,175,75
2026-05-07 18:25:48.596,2,0.22,-0.37,0.48,89.1722,-46.8504,110.1514,175,75
2026-05-07 18:25:48.609,2,0.17,-0.33,0.39,78.6822,-87.3404,101.19139999999999,175,75
2026-05-07 18:25:48.643,2,0.04,-0.26,0.16,70.6322,-133.1904,85.6414,175,75
2026-05-07 18:25:48.643,2,-0.06,-0.24,0.08,70.0222,-125.3304,76.4314,175,75
2026-05-07 18:25:48.676,2,-0.12,-0.2,0.02,61.6122,-116.6104,67.22139999999999,175,75
2026-05-07 18:25:48.689,2,-0.19,-0.13,-0.05,37.9522,-88.6804,55.8814,175,75
2026-05-07 18:25:48.728,2,-0.19,-0.17,0.01,22.522199999999998,-35.5704,43.5014,175,75
2026-05-07 18:25:48.765,2,-0.25,-0.01,0.2,-18.3278,-6.910399999999999,14.841399999999997,175,75
2026-05-07 18:25:48.777,2,-0.31,-0.06,0.31,-40.9478,42.7796,11.491399999999997,175,75
2026-05-07 18:25:48.795,2,-0.3,-0.08,0.41,-44.0578,63.0896,9.051399999999997,175,75
2026-05-07 18:25:48.806,2,-0.27,-0.08,0.5,-45.8278,74.7296,5.641399999999997,175,75
2026-05-07 18:25:48.806,2,-0.2,-0.06,0.64,-45.1578,69.36959999999999,-2.1686000000000014,175,75
2026-05-07 18:25:48.823,2,-0.15,-0.04,0.76,-43.5078,41.0796,-8.938600000000001,175,75
2026-05-07 18:25:48.834,2,-0.14,0.0,0.84,-45.0978,-9.590399999999999,-11.308600000000006,175,75
2026-05-07 18:25:48.847,2,-0.19,0.04,0.82,-51.9278,-46.7304,-9.788600000000002,175,75
2026-05-07 18:25:48.857,2,-0.25,0.1,0.75,-61.5578,-67.7704,-10.028600000000004,175,75
2026-05-07 18:25:48.868,2,-0.29,0.11,0.68,-67.0478,-67.9504,-10.028600000000004,175,75
2026-05-07 18:25:48.880,2,-0.32,0.11,0.64,-67.5378,-49.050399999999996,-9.058600000000006,175,75
2026-05-07 18:25:48.906,2,-0.24,0.05,0.8,-57.5978,-3.0703999999999994,-13.448600000000006,175,75
2026-05-07 18:25:48.928,2,-0.21,0.05,0.9,-56.6178,-13.130399999999998,-18.3286,175,75
2026-05-07 18:25:48.938,2,-0.21,0.09,0.93,-54.9778,-35.6304,-21.1886,175,75
2026-05-07 18:25:48.949,2,-0.23,0.11,0.9,-53.7578,-54.900400000000005,-21.988600000000005,175,75
2026-05-07 18:25:48.967,2,-0.28,0.12,0.81,-50.8878,-60.4504,-24.1186,175,75
2026-05-07 18:25:48.988,2,-0.29,0.1,0.78,-44.2378,-34.1104,-28.6886,175,75
2026-05-07 18:25:48.998,2,-0.27,0.09,0.82,-40.5878,-25.450400000000002,-30.5786,175,75
2026-05-07 18:25:49.014,2,-0.27,0.1,0.87,-37.7178,-23.620399999999997,-31.918600000000005,175,75
2026-05-07 18:25:49.028,2,-0.25,0.1,0.9,-35.7078,-27.770400000000002,-32.348600000000005,175,75
2026-05-07 18:25:49.038,2,-0.23,0.09,0.92,-33.6278,-31.910400000000003,-31.6186,175,75
2026-05-07 18:25:49.049,2,-0.21,0.06,0.95,-30.0378,-39.4104,-32.168600000000005,175,75
2026-05-07 18:25:49.060,2,-0.21,0.03,0.96,-27.2878,-43.0104,-32.8986,175,75
2026-05-07 18:25:49.073,2,-0.2,-0.03,0.97,-19.8478,-49.3504,-38.5686,175,75
2026-05-07 18:25:49.089,2,-0.19,-0.05,0.97,-16.2578,-51.9704,-41.4986,175,75
2026-05-07 18:25:49.103,2,-0.19,-0.05,0.96,-12.777800000000001,-52.160399999999996,-44.72860000000001,175,75
2026-05-07 18:25:49.115,2,-0.18,-0.05,0.95,-8.8178,-50.6904,-48.0786,175,75
2026-05-07 18:25:49.128,2,-0.16,-0.07,0.96,-5.9478,-48.4404,-49.8486,175,75
2026-05-07 18:25:49.128,2,-0.17,-0.09,0.96,-3.9378,-43.1904,-49.9686,175,75
2026-05-07 18:25:49.143,2,-0.17,-0.13,0.97,-1.3778000000000006,-38.3804,-50.7686,175,75
2026-05-07 18:25:49.162,2,-0.12,-0.26,1.03,4.962199999999999,-38.8604,-52.83860000000001,175,75
2026-05-07 18:25:49.192,2,-0.06,-0.38,1.08,12.892199999999999,-52.8304,-58.448600000000006,175,75
2026-05-07 18:25:49.206,2,-0.02,-0.41,1.08,18.2022,-65.2004,-67.2286,175,75
2026-05-07 18:25:49.223,2,0.01,-0.37,1.04,26.7922,-79.4704,-85.27860000000001,175,75
2026-05-07 18:25:49.239,2,-0.03,-0.33,1.01,30.572200000000002,-79.4104,-93.93860000000001,175,75
2026-05-07 18:25:49.250,2,-0.11,-0.28,0.97,35.0922,-70.6304,-99.7886,175,75
2026-05-07 18:25:49.274,2,-0.09,-0.26,1.03,45.8822,-77.8304,-110.76859999999999,175,75
2026-05-07 18:25:49.287,2,-0.07,-0.28,1.05,43.9322,-81.3604,-111.18860000000001,175,75
2026-05-07 18:25:49.308,2,-0.02,-0.45,1.02,42.4622,-94.3504,-110.6986,175,75
2026-05-07 18:25:49.312,2,-0.03,-0.52,1.0,43.0722,-100.6904,-114.9086,175,75
2026-05-07 18:25:49.358,2,-0.12,-0.58,0.9,39.9622,-59.5904,-147.7186,175,75
2026-05-07 18:25:49.358,2,-0.12,-0.58,0.94,38.9322,-43.3104,-151.9186,175,75
2026-05-07 18:25:49.382,2,-0.17,-0.58,1.0,41.852199999999996,-12.700399999999998,-151.1886,175,75
2026-05-07 18:25:49.411,2,-0.22,-0.55,1.21,61.37220000000001,24.489600000000003,-141.30859999999998,175,75
2026-05-07 18:25:49.427,2,-0.12,-0.7,1.45,76.9822,-31.4204,-139.05859999999998,175,75
2026-05-07 18:25:49.438,2,-0.04,-0.8,1.55,68.6822,-104.0504,-137.77859999999998,175,75
2026-05-07 18:25:49.463,2,-0.13,-0.74,1.34,77.5222,-181.0604,-128.0786,175,75
2026-05-07 18:25:49.475,2,-0.2,-0.69,1.22,89.7822,-189.3504,-130.7686,175,75
2026-05-07 18:25:49.489,2,-0.24,-0.67,1.2,97.0422,-197.8304,-137.4686,175,75
2026-05-07 18:25:49.493,2,-0.2,-0.61,1.17,102.9522,-210.3904,-147.52859999999998,175,75
2026-05-07 18:25:49.528,2,-0.05,-0.52,1.1,121.7922,-262.9504,-140.08859999999999,175,75
2026-05-07 18:25:49.551,2,-0.18,-0.62,0.97,121.49220000000001,-265.9404,-144.2986,175,75
2026-05-07 18:25:49.562,2,-0.25,-0.65,0.92,115.51219999999999,-249.7804,-147.7186,175,75
2026-05-07 18:25:49.576,2,-0.3,-0.63,0.87,111.6722,-226.9704,-152.8986,175,75
2026-05-07 18:25:49.587,2,-0.28,-0.54,0.84,114.0522,-219.4104,-162.7186,175,75
2026-05-07 18:25:49.615,2,-0.25,-0.33,0.72,92.3422,-180.2004,-155.08859999999999,175,75
2026-05-07 18:25:49.627,2,-0.24,-0.28,0.69,87.4022,-161.6104,-152.0486,175,75
2026-05-07 18:25:49.655,2,-0.22,-0.13,0.65,82.0422,-112.7004,-144.9086,175,75
2026-05-07 18:25:49.680,2,-0.16,0.1,0.77,75.8822,-51.9104,-123.6286,175,75
2026-05-07 18:25:49.706,2,-0.17,0.18,0.83,74.9622,-41.9704,-116.49859999999998,175,75
2026-05-07 18:25:49.719,2,-0.14,0.25,0.88,75.0922,-42.7004,-109.17859999999999,175,75
2026-05-07 18:25:49.719,2,-0.15,0.32,0.9,73.5622,-50.5704,-99.05860000000001,175,75
2026-05-07 18:25:49.729,2,-0.16,0.37,0.9,70.8222,-56.6704,-91.18860000000001,175,75
2026-05-07 18:25:49.748,2,-0.22,0.43,0.85,54.962199999999996,-53.740399999999994,-74.23859999999999,175,75
2026-05-07 18:25:49.781,2,-0.26,0.43,0.85,45.7022,-40.8804,-63.2686,175,75
2026-05-07 18:25:49.781,2,-0.27,0.47,0.82,42.6522,-38.9904,-60.2186,175,75
2026-05-07 18:25:49.862,2,-0.35,0.6,0.72,14.842199999999998,46.1396,-10.948600000000006,175,75
2026-05-07 18:25:49.868,2,-0.35,0.58,0.75,9.292200000000001,66.4996,3.3813999999999957,175,75
2026-05-07 18:25:49.879,2,-0.33,0.56,0.78,4.482199999999999,81.2596,14.911399999999997,175,75
2026-05-07 18:25:49.890,2,-0.2,0.46,0.85,-7.8978,93.9396,43.20139999999999,175,75
2026-05-07 18:25:49.902,2,-0.16,0.37,0.87,-14.5478,92.9096,56.731399999999994,175,75
2026-05-07 18:25:49.913,2,-0.12,0.29,0.88,-19.2378,90.3396,69.48140000000001,175,75
2026-05-07 18:25:49.923,2,-0.09,0.22,0.9,-21.5578,87.9696,79.3014,175,75
2026-05-07 18:25:49.937,2,-0.04,0.13,0.91,-22.2878,81.9296,94.1714,175,75
2026-05-07 18:25:49.937,2,-0.03,0.09,0.91,-22.1078,76.9296,103.2014,175,75
2026-05-07 18:25:49.950,2,-0.04,0.05,0.9,-22.5378,71.0796,115.3314,175,75
2026-05-07 18:25:49.962,2,-0.06,-0.01,0.87,-25.9478,63.7596,129.7214,175,75
2026-05-07 18:25:50.005,2,-0.08,-0.07,0.83,-31.6178,61.0796,145.9414,175,75
2026-05-07 18:25:50.014,2,-0.11,-0.16,0.77,-49.6678,76.0096,177.8914,175,75
2026-05-07 18:25:50.024,2,-0.11,-0.19,0.76,-61.7378,91.0096,196.19140000000002,175,75
2026-05-07 18:25:50.055,2,-0.02,-0.25,0.81,-83.7578,114.0596,232.5914,175,75
2026-05-07 18:25:50.067,2,0.1,-0.31,0.88,-94.2978,108.9396,245.2714,175,75
2026-05-07 18:25:50.124,2,0.29,-0.5,0.99,-110.9478,57.6596,264.6614,175,75
2026-05-07 18:25:50.124,2,0.29,-0.57,0.99,-112.7778,37.4196,265.4514,175,75
2026-05-07 18:25:50.135,2,0.07,-0.81,0.88,-119.4278,-57.8904,267.71139999999997,175,75
2026-05-07 18:25:50.145,2,0.0,-0.85,0.83,-115.5178,-77.2804,266.0614,175,75
2026-05-07 18:25:50.163,2,-0.09,-0.98,0.73,-76.7978,-109.96039999999999,240.4514,175,75
2026-05-07 18:25:50.174,2,-0.1,-0.98,0.68,-57.4078,-118.9204,229.1714,175,75
2026-05-07 18:25:50.184,2,-0.15,-0.95,0.59,-35.4578,-129.3504,214.3614,175,75
2026-05-07 18:25:50.254,2,-0.29,-0.67,0.25,40.5122,-108.1904,173.44140000000002,175,75
2026-05-07 18:25:50.260,2,-0.38,-0.52,0.08,41.4322,-79.2304,145.5114,175,75
2026-05-07 18:25:50.301,2,-0.41,-0.19,-0.0,17.2822,38.3296,124.60139999999998,175,75
2026-05-07 18:25:50.305,2,-0.38,-0.07,0.01,-2.0478000000000005,84.0596,122.7714,175,75
2026-05-07 18:25:50.327,2,-0.4,0.03,0.12,-44.4278,135.52960000000002,121.00139999999999,175,75
2026-05-07 18:25:50.357,2,-0.26,0.02,0.32,-77.3478,166.4396,111.6114,175,75
2026-05-07 18:25:50.368,2,-0.2,0.02,0.42,-85.4578,157.9096,104.0514,175,75
2026-05-07 18:25:50.368,2,-0.14,0.02,0.54,-94.6078,129.4896,93.01140000000001,175,75
2026-05-07 18:25:50.370,2,-0.12,0.01,0.62,-102.1678,100.5296,84.78139999999999,175,75
2026-05-07 18:25:50.492,2,-0.3,0.03,0.57,-110.5878,69.4896,64.0514,175,75
2026-05-07 18:25:50.503,2,-0.22,0.04,0.72,-97.9578,88.3896,54.6614,175,75
2026-05-07 18:25:50.503,2,-0.16,0.05,0.78,-91.5578,86.6896,49.4214,175,75
2026-05-07 18:25:50.503,2,-0.08,0.09,0.85,-80.4578,73.6996,41.5514,175,75
2026-05-07 18:25:50.515,2,-0.04,0.12,0.9,-71.12780000000001,56.8096,37.34139999999999,175,75
2026-05-07 18:25:50.515,2,-0.08,0.13,0.9,-58.2078,33.3296,29.301399999999997,175,75
2026-05-07 18:25:50.526,2,-0.09,0.14,0.87,-51.8678,23.3296,24.111399999999996,175,75
2026-05-07 18:25:50.532,2,-0.11,0.22,0.82,-36.2578,16.9296,13.381399999999998,175,75
2026-05-07 18:25:50.576,2,-0.09,0.27,0.85,-26.7378,13.8796,6.861399999999996,175,75
2026-05-07 18:25:50.576,2,-0.06,0.29,0.88,-19.547800000000002,8.5096,2.2213999999999956,175,75
2026-05-07 18:25:50.581,2,-0.02,0.3,0.92,-8.017800000000001,-5.330400000000001,-4.788600000000002,175,75
2026-05-07 18:25:50.593,2,-0.01,0.29,0.93,4.482199999999999,-24.840400000000002,-12.2286,175,75
2026-05-07 18:25:50.610,2,-0.11,0.29,0.81,22.892200000000003,-40.9404,-27.958600000000004,175,75
2026-05-07 18:25:50.659,2,-0.17,0.31,0.72,37.4622,-33.800399999999996,-40.7686,175,75
2026-05-07 18:25:50.692,2,-0.18,0.29,0.74,42.7722,-26.550399999999996,-45.5786,175,75
2026-05-07 18:25:50.705,2,-0.1,0.22,0.84,50.7022,-33.5604,-55.5786,175,75
2026-05-07 18:25:50.747,2,-0.14,0.06,0.79,54.0522,-53.010400000000004,-65.8286,175,75
2026-05-07 18:25:50.768,2,-0.21,0.03,0.75,59.0522,-51.6704,-73.80860000000001,175,75
2026-05-07 18:25:50.799,2,-0.2,0.03,0.72,65.1522,-48.6204,-84.7886,175,75
2026-05-07 18:25:50.809,2,-0.18,0.06,0.73,66.0622,-44.1704,-87.1686,175,75
2026-05-07 18:25:50.832,2,-0.16,0.02,0.73,67.8922,-42.5204,-87.77860000000001,175,75
2026-05-07 18:25:50.832,2,-0.21,-0.17,0.74,75.0922,-43.5004,-90.27860000000001,175,75
2026-05-07 18:25:50.832,2,-0.22,-0.28,0.76,79.6622,-43.0104,-94.5486,175,75
2026-05-07 18:25:50.847,2,-0.17,-0.43,0.85,84.6622,-45.8104,-102.3486,175,75
2026-05-07 18:25:50.856,2,-0.1,-0.63,0.97,88.9922,-64.6604,-100.8286,175,75
2026-05-07 18:25:50.928,2,-0.49,-0.88,0.7,61.4922,-75.0204,-181.9886,175,75
2026-05-07 18:25:50.960,2,-0.26,-0.78,0.96,96.0022,-61.3604,-190.3986,175,75
2026-05-07 18:25:50.975,2,-0.22,-0.93,1.0,95.2122,-95.5104,-177.1686,175,75
2026-05-07 18:25:50.995,2,-0.33,-1.04,0.96,95.76219999999999,-106.0004,-171.9186,175,75
2026-05-07 18:25:50.998,2,-0.43,-1.05,0.86,105.2722,-122.8304,-196.8586,175,75
2026-05-07 18:25:51.022,2,-0.36,-1.08,0.9,107.1622,-107.5204,-216.6786,175,75
2026-05-07 18:25:51.050,2,-0.49,-1.01,0.94,108.6822,-111.4904,-202.4086,175,75
2026-05-07 18:25:51.160,2,-0.39,-0.65,1.01,86.1222,-95.2704,-174.1786,175,75
2026-05-07 18:25:51.172,2,-0.43,-0.58,1.09,73.26219999999999,-97.3404,-159.5486,175,75
2026-05-07 18:25:51.172,2,-0.44,-0.53,1.12,67.3422,-98.9204,-156.0086,175,75
2026-05-07 18:25:51.186,2,-0.44,-0.42,1.17,57.2822,-105.8104,-143.1386,175,75
2026-05-07 18:25:51.197,2,-0.44,-0.35,1.18,50.0222,-118.9904,-130.7686,175,75
2026-05-07 18:25:51.197,2,-0.46,-0.21,1.16,35.2722,-139.1104,-108.8786,175,75
2026-05-07 18:25:51.203,2,-0.46,-0.15,1.13,29.4122,-141.8504,-97.95859999999999,175,75
2026-05-07 18:25:51.222,2,-0.45,-0.09,1.1,24.7222,-139.6604,-86.55860000000001,175,75
2026-05-07 18:25:51.236,2,-0.42,-0.01,1.06,17.1022,-125.94040000000001,-66.8586,175,75
2026-05-07 18:25:51.299,2,-0.41,0.07,1.05,9.0522,-101.2404,-47.4086,175,75
2026-05-07 18:25:51.312,2,-0.38,0.11,1.05,7.1022,-88.5604,-36.0086,175,75
2026-05-07 18:25:51.373,2,-0.41,0.22,0.92,5.152200000000001,-20.0204,-9.848600000000005,175,75
2026-05-07 18:25:51.391,2,-0.38,0.3,0.92,7.592199999999998,20.2196,2.3413999999999966,175,75
2026-05-07 18:25:51.420,2,-0.36,0.3,0.93,6.062200000000001,33.7596,9.231399999999997,175,75
2026-05-07 18:25:51.449,2,-0.35,0.27,0.95,-0.27780000000000094,55.2796,20.211399999999998,175,75
2026-05-07 18:25:51.460,2,-0.33,0.24,0.94,-4.1178,65.2196,24.721399999999996,175,75
2026-05-07 18:25:51.481,2,-0.29,0.23,0.94,-12.5978,85.5896,27.591399999999997,175,75
2026-05-07 18:25:51.493,2,-0.32,0.25,0.95,-20.2778,104.9796,30.391399999999997,175,75
2026-05-07 18:25:51.513,2,-0.31,0.16,1.07,-51.1878,143.8196,59.1714,175,75
2026-05-07 18:25:51.522,2,-0.27,0.12,1.09,-57.2278,141.7496,66.8614,175,75
2026-05-07 18:25:51.535,2,-0.21,0.1,1.1,-61.3178,133.6996,76.06139999999999,175,75
2026-05-07 18:25:51.556,2,0.01,0.04,1.12,-67.1678,108.0896,94.78139999999999,175,75
2026-05-07 18:25:51.568,2,0.04,-0.01,1.1,-70.15780000000001,98.5096,103.2014,175,75
2026-05-07 18:25:51.568,2,0.0,-0.0,1.04,-72.2878,102.2996,111.00139999999999,175,75
2026-05-07 18:25:51.589,2,0.04,-0.07,0.83,-83.9978,106.4396,125.5814,175,75
2026-05-07 18:25:51.621,2,-0.01,-0.58,0.7,-166.06779999999998,172.6596,152.8914,175,75
2026-05-07 18:25:51.621,2,-0.0,-0.64,0.73,-181.49779999999998,173.9996,165.5114,175,75
2026-05-07 18:25:51.658,2,0.39,-0.85,0.91,-200.70780000000002,66.86959999999999,180.7614,175,75
2026-05-07 18:25:51.662,2,0.66,-0.89,0.87,-196.7378,10.7696,194.66140000000001,175,75
2026-05-07 18:25:51.692,2,0.72,-0.83,0.35,-129.1778,-2.7704000000000004,200.8814,175,75
2026-05-07 18:25:51.702,2,0.66,-0.76,0.29,-104.5478,18.3296,195.3314,175,75
2026-05-07 18:25:51.717,2,0.6,-0.69,0.3,-90.4578,33.2696,190.7014,175,75
2026-05-07 18:25:51.717,2,0.52,-0.62,0.38,-84.4278,37.839600000000004,182.6514,175,75
2026-05-07 18:25:51.730,2,0.43,-0.56,0.4,-84.9078,37.1696,173.9914,175,75
2026-05-07 18:25:51.786,2,0.14,-0.42,0.31,-84.1778,31.3796,146.4914,175,75
2026-05-07 18:25:51.817,2,-0.0,-0.35,0.27,-85.5178,62.9096,137.8314,175,75
2026-05-07 18:25:51.830,2,-0.01,-0.35,0.31,-89.48780000000001,95.4096,136.4914,175,75
2026-05-07 18:25:51.840,2,0.05,-0.37,0.33,-92.8378,111.3796,131.8614,175,75
2026-05-07 18:25:51.840,2,0.09,-0.37,0.38,-94.9078,116.4996,126.00139999999999,175,75
2026-05-07 18:25:51.853,2,0.14,-0.36,0.43,-96.6778,118.9996,115.1514,175,75
2026-05-07 18:25:51.864,2,0.17,-0.32,0.51,-95.5878,131.1396,105.5814,175,75
2026-05-07 18:25:51.873,2,0.2,-0.29,0.55,-92.5378,143.7596,99.0514,175,75
2026-05-07 18:25:51.873,2,0.21,-0.24,0.61,-88.2678,152.6596,90.94139999999999,175,75
2026-05-07 18:25:51.891,2,0.28,-0.16,0.77,-82.4078,140.5296,75.6414,175,75
2026-05-07 18:25:51.914,2,0.29,-0.05,0.84,-78.5078,82.1096,65.3914,175,75
2026-05-07 18:25:51.938,2,0.16,0.1,0.56,-71.67779999999999,6.8696,55.511399999999995,175,75
2026-05-07 18:25:51.949,2,0.13,0.09,0.49,-71.6178,3.8796,49.111399999999996,175,75
2026-05-07 18:25:51.983,2,0.14,0.08,0.43,-70.0378,6.5596000000000005,44.1714,175,75
2026-05-07 18:25:51.997,2,0.03,0.13,0.35,-65.45779999999999,25.4096,33.081399999999995,175,75
2026-05-07 18:25:51.997,2,-0.0,0.16,0.31,-65.45779999999999,33.9396,30.151399999999995,175,75
2026-05-07 18:25:52.019,2,-0.03,0.2,0.31,-65.9478,42.5396,27.221399999999996,175,75
2026-05-07 18:25:52.035,2,-0.01,0.21,0.29,-65.70779999999999,53.2696,27.101399999999998,175,75
2026-05-07 18:25:52.035,2,-0.01,0.21,0.3,-65.2778,60.8896,26.611399999999996,175,75
2026-05-07 18:25:52.045,2,0.03,0.2,0.32,-63.4478,64.36959999999999,23.501399999999997,175,75
2026-05-07 18:25:52.058,2,0.09,0.21,0.36,-61.7378,52.1696,16.9214,175,75
2026-05-07 18:25:52.066,2,0.08,0.21,0.36,-61.0678,40.589600000000004,11.921399999999997,175,75
2026-05-07 18:25:52.100,2,0.04,0.23,0.3,-57.2878,28.1496,5.331399999999999,175,75
2026-05-07 18:25:52.116,2,0.07,0.21,0.32,-46.7378,27.479599999999998,0.2713999999999963,175,75
2026-05-07 18:25:52.159,2,0.08,0.22,0.3,-45.397800000000004,14.979600000000001,-2.468600000000002,175,75
2026-05-07 18:25:52.165,2,0.13,0.28,0.26,-40.9478,14.7996,-16.128600000000006,175,75
2026-05-07 18:25:52.212,2,0.15,0.28,0.33,-37.7778,38.089600000000004,-25.0886,175,75
2026-05-07 18:25:52.225,2,0.2,0.28,0.4,-34.8478,41.5596,-29.178600000000003,175,75
2026-05-07 18:25:52.235,2,0.27,0.29,0.47,-29.5478,36.6896,-34.7286,175,75
2026-05-07 18:25:52.235,2,0.31,0.3,0.52,-24.7878,26.5596,-38.808600000000006,175,75
2026-05-07 18:25:52.250,2,0.33,0.3,0.55,-18.8778,-1.670399999999999,-49.9686,175,75
2026-05-07 18:25:52.260,2,0.3,0.3,0.5,-16.3178,-8.380399999999998,-54.8486,175,75
2026-05-07 18:25:52.276,2,0.26,0.31,0.48,-12.0478,-0.20040000000000013,-58.808600000000006,175,75
2026-05-07 18:25:52.300,2,0.31,0.35,0.57,3.2021999999999995,16.5596,-68.26859999999999,175,75
2026-05-07 18:25:52.300,2,0.38,0.36,0.69,11.0622,15.0996,-75.02860000000001,175,75
2026-05-07 18:25:52.315,2,0.51,0.35,0.89,21.8522,-16.9104,-87.2886,175,75
2026-05-07 18:25:52.337,2,0.54,0.32,0.92,29.352199999999996,-43.6804,-89.7286,175,75
2026-05-07 18:25:52.347,2,0.55,0.26,0.9,35.8822,-66.3004,-95.8286,175,75
2026-05-07 18:25:52.360,2,0.55,0.19,0.87,43.6822,-83.9904,-102.77859999999998,175,75
2026-05-07 18:25:52.366,2,0.51,0.12,0.84,49.4822,-93.8604,-112.77859999999998,175,75
2026-05-07 18:25:52.385,2,0.53,0.09,0.84,55.572199999999995,-105.3304,-125.02859999999998,175,75
2026-05-07 18:25:52.432,2,0.56,0.08,0.83,59.352199999999996,-115.4504,-134.1186,175,75
2026-05-07 18:25:52.432,2,0.56,0.04,0.85,60.0222,-116.85040000000001,-139.7286,175,75
2026-05-07 18:25:52.432,2,0.59,-0.09,0.91,59.482200000000006,-121.2404,-149.2386,175,75
2026-05-07 18:25:52.443,2,0.52,-0.5,1.04,54.842200000000005,-124.35040000000001,-156.6786,175,75
2026-05-07 18:25:52.452,2,0.5,-0.75,1.11,53.0122,-122.5804,-157.2886,175,75
2026-05-07 18:25:52.476,2,0.5,-1.38,1.39,46.7922,-135.3304,-155.08859999999999,175,75
2026-05-07 18:25:52.490,2,0.39,-1.72,1.55,45.9422,-187.2204,-174.3586,175,75
2026-05-07 18:25:52.502,2,0.27,-1.67,1.54,56.6122,-205.3904,-198.5086,175,75
2026-05-07 18:25:52.524,2,0.18,-1.38,1.39,116.4322,-260.3304,-270.57860000000005,175,75
2026-05-07 18:25:52.550,2,0.17,-1.48,1.16,144.23219999999998,-252.2804,-252.7786,175,75
2026-05-07 18:25:52.567,2,-0.08,-1.75,0.93,140.0922,-165.8104,-277.83860000000004,175,75
2026-05-07 18:25:52.593,2,-0.1,-1.79,0.92,146.98219999999998,-114.1104,-297.40860000000004,175,75
2026-05-07 18:25:52.604,2,-0.06,-1.59,1.27,208.81220000000002,-38.5004,-326.9886,175,75
2026-05-07 18:25:52.634,2,0.06,-1.57,1.67,234.7222,-74.6604,-325.45860000000005,175,75
2026-05-07 18:25:52.645,2,0.08,-1.6,1.66,233.2622,-127.7004,-310.15860000000004,175,75
2026-05-07 18:25:52.657,2,-0.02,-1.56,1.5,239.8422,-168.1904,-298.5686,175,75
2026-05-07 18:25:52.667,2,-0.09,-1.53,1.44,247.04220000000004,-173.2504,-305.27860000000004,175,75
2026-05-07 18:25:52.678,2,-0.04,-1.56,1.47,251.37220000000002,-168.3804,-313.9986,175,75
2026-05-07 18:25:52.684,2,-0.02,-1.56,1.53,254.8422,-164.1704,-312.52860000000004,175,75
2026-05-07 18:25:52.692,2,-0.04,-1.51,1.59,261.67220000000003,-162.9504,-303.3886,175,75
2026-05-07 18:25:52.730,2,-0.11,-1.46,1.67,282.7722,-186.0604,-278.32860000000005,175,75
2026-05-07 18:25:52.796,2,-0.0,-1.14,1.77,319.48220000000003,-251.73039999999997,-244.9086,175,75
2026-05-07 18:25:52.807,2,-0.06,-1.02,1.67,328.6822,-261.9104,-224.2386,175,75
2026-05-07 18:25:52.819,2,-0.1,-0.96,1.61,336.3722,-265.3904,-209.7286,175,75
2026-05-07 18:25:52.824,2,-0.1,-0.94,1.54,339.8422,-261.8504,-199.9686,175,75
2026-05-07 18:25:52.840,2,-0.11,-0.88,1.45,339.17220000000003,-256.6704,-196.3786,175,75
2026-05-07 18:25:52.880,2,-0.11,-0.77,1.33,338.2622,-249.5904,-193.99859999999998,175,75
2026-05-07 18:25:52.911,2,0.0,-0.59,1.19,332.4022,-228.3804,-176.1286,175,75
2026-05-07 18:25:52.911,2,-0.04,-0.6,1.08,328.2022,-219.4104,-163.5686,175,75
2026-05-07 18:25:52.941,2,-0.22,-0.56,0.77,316.4322,-174.9604,-162.1086,175,75
2026-05-07 18:25:52.954,2,-0.21,-0.5,0.67,309.23220000000003,-154.4704,-162.52859999999998,175,75
2026-05-07 18:25:52.977,2,-0.16,-0.34,0.51,286.5522,-98.9204,-160.6986,175,75
2026-05-07 18:25:52.999,2,-0.13,-0.23,0.56,248.62220000000002,-33.4404,-146.1286,175,75
2026-05-07 18:25:53.049,2,-0.13,-0.16,0.58,206.00220000000002,-73.1304,-128.3886,175,75
2026-05-07 18:25:53.101,2,-0.47,0.03,0.14,125.5722,-4.840399999999999,-105.1586,175,75
2026-05-07 18:25:53.114,2,-0.46,0.08,0.17,109.4122,36.989599999999996,-95.1586,175,75
2026-05-07 18:25:53.134,2,-0.37,0.11,0.22,85.3922,71.1396,-85.76859999999999,175,75
2026-05-07 18:25:53.155,2,-0.32,0.16,0.33,40.5122,97.2296,-76.1286,175,75
2026-05-07 18:25:53.180,2,-0.55,0.37,0.33,-6.1878,165.2796,-53.0786,175,75
2026-05-07 18:25:53.194,2,-0.59,0.47,0.43,-20.7678,213.5796,-44.2386,175,75
2026-05-07 18:25:53.208,2,-0.48,0.62,0.73,-46.1878,300.6496,-25.698600000000006,175,75
2026-05-07 18:25:53.219,2,-0.2,0.65,0.96,-52.7178,300.6496,-30.278600000000004,175,75
2026-05-07 18:25:53.329,2,0.51,0.13,0.22,-231.12779999999998,-104.4104,29.1714,175,75
2026-05-07 18:25:53.354,2,0.36,0.08,0.01,-312.6578,-69.3504,49.7814,175,75
2026-05-07 18:25:53.378,2,0.76,-0.02,0.34,-423.4478,104.3096,77.28139999999999,175,75
2026-05-07 18:25:53.389,2,0.89,-0.08,0.52,-447.0478,104.7296,78.56139999999999,175,75
2026-05-07 18:25:53.389,2,0.95,-0.11,0.75,-470.9478,84.7996,78.50139999999999,175,75
2026-05-07 18:25:53.438,2,1.01,-0.25,1.1,-501.0678,-84.8404,128.5014,175,75
2026-05-07 18:25:53.450,2,1.32,-0.54,0.94,-481.9278,-75.7504,148.7514,175,75
2026-05-07 18:25:53.461,2,1.43,-0.65,0.89,-453.8178,-35.2704,139.1114,175,75
2026-05-07 18:25:53.461,2,1.69,-0.58,1.03,-419.8478,13.9396,121.00139999999999,175,75
2026-05-07 18:25:53.472,2,1.81,-0.39,1.29,-402.5378,11.0096,95.6414,175,75
2026-05-07 18:25:53.489,2,1.73,-0.22,1.46,-398.01779999999997,-33.0704,78.50139999999999,175,75
2026-05-07 18:25:53.510,2,1.3,0.04,1.62,-388.7578,-182.3404,60.7014,175,75
2026-05-07 18:25:53.521,2,1.41,-0.0,1.33,-381.1278,-246.79039999999998,57.1014,175,75
2026-05-07 18:25:53.545,2,1.37,-0.07,0.67,-359.8478,-237.9504,33.9914,175,75
2026-05-07 18:25:53.559,2,1.36,0.11,0.33,-323.14779999999996,-160.3904,18.141399999999997,175,75
2026-05-07 18:25:53.570,2,1.2,0.31,0.21,-289.1178,-63.990399999999994,4.3013999999999974,175,75
2026-05-07 18:25:53.581,2,1.04,0.49,0.25,-268.14779999999996,30.5896,-9.848600000000005,175,75
2026-05-07 18:25:53.607,2,1.01,1.34,0.81,-219.6078,73.14959999999999,-36.7986,175,75
2026-05-07 18:25:53.627,2,0.99,1.57,0.85,-201.31779999999998,11.5596,-33.5686,175,75
2026-05-07 18:25:53.634,2,0.96,1.71,0.71,-191.12779999999998,-55.510400000000004,-21.6186,175,75
2026-05-07 18:25:53.671,2,0.86,1.73,0.52,-193.08780000000002,-76.9104,-13.998600000000003,175,75
2026-05-07 18:25:53.671,2,0.79,1.84,0.3,-192.5978,-74.5904,-3.938600000000001,175,75
2026-05-07 18:25:53.726,2,1.21,1.77,0.54,-155.0378,-33.5604,-0.6386000000000038,175,75
2026-05-07 18:25:53.726,2,1.2,1.73,0.6,-151.7378,-95.3904,0.7613999999999983,175,75
2026-05-07 18:25:53.726,2,1.06,1.79,0.47,-150.2178,-146.7904,7.281399999999998,175,75
2026-05-07 18:25:53.748,2,0.65,1.9,-0.08,-142.7178,-145.1404,22.161399999999997,175,75
2026-05-07 18:25:53.771,2,0.39,1.87,-0.08,-149.3678,15.889600000000002,45.2114,175,75
2026-05-07 18:25:53.782,2,0.55,1.6,0.08,-162.7778,69.5496,45.09139999999999,175,75
2026-05-07 18:25:53.801,2,0.86,1.22,0.53,-170.39780000000002,31.619600000000002,33.7514,175,75
2026-05-07 18:25:53.844,2,0.8,1.34,0.51,-113.8778,55.8296,26.191399999999998,175,75
2026-05-07 18:25:53.858,2,0.8,1.25,0.65,-106.0678,56.7496,23.691399999999998,175,75
2026-05-07 18:25:53.879,2,0.72,1.1,0.74,-93.6878,9.0596,17.101399999999998,175,75
2026-05-07 18:25:53.899,2,0.52,1.12,0.62,-94.4278,-1.9103999999999992,8.561399999999999,175,75
2026-05-07 18:25:53.991,2,0.42,1.18,0.6,-26.4978,29.9196,-14.1186,175,75
2026-05-07 18:25:53.991,2,0.32,1.22,0.55,-22.8378,38.3896,-18.448600000000006,175,75
2026-05-07 18:25:54.011,2,0.22,1.36,0.55,-14.6678,60.6496,-17.5886,175,75
2026-05-07 18:25:54.024,2,0.33,1.38,0.67,-5.6478,58.699600000000004,-12.718600000000002,175,75
2026-05-07 18:25:54.094,2,0.39,1.28,0.66,7.772199999999998,-27.8904,-6.188600000000001,175,75
2026-05-07 18:25:54.115,2,0.27,1.4,0.42,10.092199999999998,-32.6404,-4.058600000000002,175,75
2026-05-07 18:25:54.120,2,0.29,1.45,0.39,8.502199999999998,5.7696000000000005,0.5813999999999986,175,75
2026-05-07 18:25:54.132,2,0.33,1.41,0.44,8.9922,16.7496,2.7113999999999976,175,75
2026-05-07 18:25:54.132,2,0.38,1.37,0.49,10.022199999999998,15.2796,4.661399999999997,175,75
2026-05-07 18:25:54.143,2,0.42,1.35,0.53,12.772199999999998,3.089600000000001,7.711399999999998,175,75
2026-05-07 18:25:54.154,2,0.43,1.32,0.54,15.2122,-10.270399999999999,8.441399999999998,175,75
2026-05-07 18:25:54.166,2,0.49,1.3,0.53,17.6522,-28.440399999999997,8.691399999999998,175,75
2026-05-07 18:25:54.166,2,0.47,1.33,0.46,19.4822,-35.8104,9.171399999999998,175,75
2026-05-07 18:25:54.183,2,0.43,1.39,0.38,20.6322,-35.7504,9.541399999999998,175,75
2026-05-07 18:25:54.183,2,0.39,1.42,0.33,20.022199999999998,-25.8804,11.001399999999997,175,75
2026-05-07 18:25:54.195,2,0.39,1.4,0.3,19.2922,-11.360399999999998,12.591399999999997,175,75
2026-05-07 18:25:54.202,2,0.43,1.37,0.33,19.4822,4.2496,15.641399999999997,175,75
2026-05-07 18:25:54.232,2,0.53,1.32,0.44,19.9022,-6.8504000000000005,17.101399999999998,175,75
2026-05-07 18:25:54.237,2,0.56,1.29,0.45,18.3822,-29.660400000000003,16.611399999999996,175,75
2026-05-07 18:25:54.254,2,0.52,1.3,0.41,18.4422,-42.5204,16.4914,175,75
2026-05-07 18:25:54.266,2,0.47,1.29,0.37,19.6622,-41.9104,14.841399999999997,175,75
2026-05-07 18:25:54.302,2,0.48,1.34,0.35,19.4122,-31.120399999999997,13.811399999999997,175,75
2026-05-07 18:25:54.344,2,0.5,1.39,0.29,10.5122,-18.0104,10.511399999999997,175,75
2026-05-07 18:25:54.355,2,0.49,1.43,0.29,8.382200000000001,-5.880399999999998,9.911399999999997,175,75
2026-05-07 18:25:54.371,2,0.53,1.48,0.32,7.1022,10.0996,8.811399999999999,175,75
2026-05-07 18:25:54.382,2,0.62,1.5,0.46,4.052199999999999,1.1395999999999997,13.141399999999997,175,75
2026-05-07 18:25:54.394,2,0.63,1.51,0.45,5.0222,-5.570399999999999,15.031399999999998,175,75
2026-05-07 18:25:54.403,2,0.66,1.5,0.44,4.962199999999999,-12.580400000000001,16.121399999999998,175,75
2026-05-07 18:25:54.424,2,0.71,1.51,0.41,3.6221999999999994,-23.7404,15.881399999999998,175,75
2026-05-07 18:25:54.437,2,0.79,1.61,0.37,-0.21780000000000044,-37.7704,13.081399999999997,175,75
2026-05-07 18:25:54.447,2,0.81,1.61,0.37,-2.5378000000000007,-41.7904,11.371399999999998,175,75
2026-05-07 18:25:54.462,2,0.81,1.59,0.36,-5.457800000000001,-43.1904,9.111399999999996,175,75
2026-05-07 18:25:54.475,2,0.8,1.55,0.3,-9.9078,-42.2204,5.881399999999996,175,75
2026-05-07 18:25:54.475,2,0.74,1.55,0.23,-14.367799999999999,-34.7804,3.0113999999999983,175,75
2026-05-07 18:25:54.495,2,0.63,1.58,0.13,-21.3178,11.8696,-5.398600000000002,175,75
2026-05-07 18:25:54.536,2,0.7,1.54,0.33,-31.9278,65.5296,-14.1186,175,75
2026-05-07 18:25:54.547,2,0.7,1.47,0.4,-36.6178,61.8096,-14.788600000000002,175,75
2026-05-07 18:25:54.558,2,0.7,1.41,0.41,-38.0878,55.6496,-16.918600000000005,175,75
2026-05-07 18:25:54.583,2,0.65,1.4,0.39,-35.647800000000004,53.3896,-19.7286,175,75
2026-05-07 18:25:54.594,2,0.54,1.48,0.42,-25.4578,63.2696,-16.738600000000005,175,75
2026-05-07 18:25:54.607,2,0.53,1.44,0.51,-20.3978,61.0096,-16.0086,175,75
2026-05-07 18:25:54.619,2,0.56,1.37,0.58,-17.8978,46.4996,-15.1586,175,75
2026-05-07 18:25:54.633,2,0.57,1.33,0.6,-19.177799999999998,30.3396,-13.878600000000006,175,75
2026-05-07 18:25:54.647,2,0.53,1.37,0.5,-20.5178,15.159600000000001,-13.328600000000002,175,75
2026-05-07 18:25:54.659,2,0.51,1.39,0.4,-19.2378,21.0096,-13.748600000000003,175,75
2026-05-07 18:25:54.675,2,0.49,1.43,0.35,-19.177799999999998,39.119600000000005,-16.128600000000006,175,75
2026-05-07 18:25:54.709,2,0.52,1.42,0.51,-16.9278,84.8596,-20.0886,175,75
2026-05-07 18:25:54.722,2,0.52,1.42,0.58,-15.587800000000001,85.4696,-20.8286,175,75
2026-05-07 18:25:54.733,2,0.49,1.45,0.61,-16.0678,80.0996,-20.5186,175,75
2026-05-07 18:25:54.743,2,0.46,1.48,0.63,-17.8378,73.5096,-18.3286,175,75
2026-05-07 18:25:54.755,2,0.44,1.49,0.63,-19.427799999999998,66.2596,-15.398600000000002,175,75
2026-05-07 18:25:54.767,2,0.43,1.52,0.7,-18.6278,58.9396,-11.678600000000003,175,75
2026-05-07 18:25:54.779,2,0.43,1.51,0.74,-20.1578,50.3396,-9.1186,175,75
2026-05-07 18:25:54.789,2,0.43,1.48,0.8,-23.4478,35.4096,-5.088600000000003,175,75
2026-05-07 18:25:54.838,2,0.47,1.45,0.71,-21.677799999999998,-39.2304,1.7313999999999972,175,75
2026-05-07 18:25:54.847,2,0.43,1.47,0.63,-23.3878,-29.660400000000003,0.0913999999999966,175,75
2026-05-07 18:25:54.864,2,0.4,1.47,0.59,-21.867800000000003,-4.660399999999999,-2.7786000000000044,175,75
2026-05-07 18:25:54.879,2,0.46,1.46,0.73,-13.8778,10.3396,-5.9486000000000026,175,75
2026-05-07 18:25:54.898,2,0.51,1.55,0.76,-14.6678,-6.5504,-0.4586000000000041,175,75
2026-05-07 18:25:54.917,2,0.53,1.59,0.71,-12.8978,-16.3004,3.7513999999999967,175,75
2026-05-07 18:25:54.929,2,0.55,1.6,0.65,-11.0678,-19.2304,6.671399999999998,175,75
2026-05-07 18:25:54.947,2,0.49,1.58,0.56,-8.5678,25.8296,2.101399999999998,175,75
2026-05-07 18:25:54.968,2,0.49,1.64,0.57,2.1022,45.7096,3.321399999999997,175,75
2026-05-07 18:25:54.977,2,0.59,1.61,0.64,12.892199999999999,41.5596,6.611399999999996,175,75
2026-05-07 18:25:54.993,2,0.76,1.43,0.76,13.6222,17.2296,9.601399999999998,175,75
2026-05-07 18:25:55.009,2,0.81,1.32,0.76,10.1522,-3.8004,8.871399999999998,175,75
2026-05-07 18:25:55.009,2,0.79,1.3,0.71,9.9622,-20.8804,6.4313999999999965,175,75
2026-05-07 18:25:55.026,2,0.72,1.35,0.59,13.382200000000001,-28.9204,0.3913999999999973,175,75
2026-05-07 18:25:55.031,2,0.66,1.38,0.53,15.452200000000001,-24.590400000000002,-5.638600000000004,175,75
2026-05-07 18:25:55.041,2,0.6,1.36,0.51,16.4922,-14.900400000000001,-10.218600000000002,175,75
2026-05-07 18:25:55.057,2,0.55,1.32,0.49,20.022199999999998,-6.180399999999999,-15.028600000000004,175,75
2026-05-07 18:25:55.085,2,0.47,1.39,0.39,30.272199999999998,10.0396,-20.3386,175,75
2026-05-07 18:25:55.170,2,0.46,1.42,0.48,33.6222,34.3096,-21.7986,175,75
2026-05-07 18:25:55.200,2,0.44,1.46,0.44,26.002200000000002,6.4996,-14.358600000000003,175,75
2026-05-07 18:25:55.207,2,0.44,1.46,0.42,19.8422,-2.5204000000000004,-11.678600000000003,175,75
2026-05-07 18:25:55.207,2,0.46,1.45,0.43,15.9422,-8.560400000000001,-10.278600000000004,175,75
2026-05-07 18:25:55.219,2,0.45,1.43,0.44,12.2822,-15.020399999999999,-8.138600000000004,175,75
2026-05-07 18:25:55.250,2,0.41,1.42,0.45,6.6722,-24.410400000000003,-6.378600000000002,175,75
2026-05-07 18:25:55.260,2,0.41,1.5,0.45,8.9922,-29.290399999999998,-2.7786000000000044,175,75
2026-05-07 18:25:55.306,2,0.37,1.49,0.4,4.232199999999999,-23.9904,3.321399999999997,175,75
2026-05-07 18:25:55.306,2,0.44,1.45,0.48,-2.2278000000000002,-14.2304,5.271399999999996,175,75
2026-05-07 18:25:55.317,2,0.49,1.47,0.54,-3.4478,-21.1804,5.761399999999998,175,75
2026-05-07 18:25:55.335,2,0.49,1.47,0.56,-3.6878,-37.7704,6.251399999999997,175,75
2026-05-07 18:25:55.347,2,0.46,1.45,0.5,-4.2978000000000005,-41.7904,7.591399999999997,175,75
2026-05-07 18:25:55.347,2,0.43,1.47,0.42,-5.7678,-41.1204,9.541399999999998,175,75
2026-05-07 18:25:55.363,2,0.4,1.52,0.35,-8.7578,-27.6404,10.451399999999998,175,75
2026-05-07 18:25:55.375,2,0.43,1.51,0.38,-10.2178,-7.400400000000001,10.091399999999997,175,75
2026-05-07 18:25:55.388,2,0.49,1.49,0.48,-12.107800000000001,-3.9903999999999993,10.211399999999998,175,75
2026-05-07 18:25:55.409,2,0.52,1.5,0.55,-16.2578,-22.8904,11.311399999999997,175,75
2026-05-07 18:25:55.420,2,0.49,1.52,0.52,-18.3878,-31.0004,11.981399999999997,175,75
2026-05-07 18:25:55.432,2,0.45,1.54,0.45,-20.2178,-34.1704,13.261399999999997,175,75
2026-05-07 18:25:55.454,2,0.4,1.55,0.42,-23.0178,-18.5004,15.391399999999997,175,75
2026-05-07 18:25:55.467,2,0.41,1.56,0.45,-24.547800000000002,-12.6404,18.0114,175,75
2026-05-07 18:25:55.497,2,0.45,1.54,0.52,-33.3878,-7.6404,23.201399999999996,175,75
2026-05-07 18:25:55.507,2,0.5,1.53,0.57,-33.5078,-12.090399999999999,23.691399999999998,175,75
2026-05-07 18:25:55.518,2,0.53,1.49,0.6,-34.427800000000005,-21.0604,25.271399999999996,175,75
2026-05-07 18:25:55.529,2,0.52,1.47,0.59,-34.9778,-28.7404,25.941399999999998,175,75
2026-05-07 18:25:55.539,2,0.5,1.49,0.55,-34.177800000000005,-31.0004,26.3114,175,75
2026-05-07 18:25:55.546,2,0.48,1.51,0.51,-33.2078,-28.9204,25.641399999999997,175,75
2026-05-07 18:25:55.578,2,0.47,1.51,0.5,-32.897800000000004,-23.5604,25.031399999999998,175,75
2026-05-07 18:25:55.588,2,0.48,1.52,0.53,-30.8878,-18.6204,26.731399999999997,175,75
2026-05-07 18:25:55.596,2,0.48,1.48,0.56,-33.147800000000004,-23.3104,27.8314,175,75
2026-05-07 18:25:55.613,2,0.47,1.47,0.55,-33.327799999999996,-35.8804,28.5614,175,75
2026-05-07 18:25:55.633,2,0.51,1.52,0.56,-30.8878,-41.7904,28.751399999999997,175,75
2026-05-07 18:25:55.651,2,0.54,1.53,0.48,-34.2378,-52.0904,32.4114,175,75
2026-05-07 18:25:55.661,2,0.51,1.49,0.43,-36.797799999999995,-49.9004,32.5914,175,75
2026-05-07 18:25:55.668,2,0.49,1.45,0.4,-36.3778,-40.4504,31.861399999999996,175,75
2026-05-07 18:25:55.681,2,0.5,1.44,0.4,-33.0178,-26.6104,30.5114,175,75
2026-05-07 18:25:55.692,2,0.5,1.43,0.45,-33.147800000000004,-23.9204,29.911399999999997,175,75
2026-05-07 18:25:55.712,2,0.53,1.42,0.47,-34.787800000000004,-26.910400000000003,29.4214,175,75
2026-05-07 18:25:55.712,2,0.55,1.43,0.48,-35.8878,-30.510399999999997,28.931399999999996,175,75
2026-05-07 18:25:55.727,2,0.54,1.45,0.48,-35.9478,-32.0904,28.871399999999998,175,75
2026-05-07 18:25:55.727,2,0.52,1.45,0.45,-37.1678,-30.7504,29.301399999999997,175,75
2026-05-07 18:25:55.762,2,0.53,1.4,0.41,-38.5078,-26.970399999999998,28.871399999999998,175,75
2026-05-07 18:25:55.768,2,0.55,1.39,0.41,-37.287800000000004,-27.2804,28.441399999999998,175,75
2026-05-07 18:25:55.793,2,0.61,1.38,0.43,-34.9078,-34.2904,26.251399999999997,175,75
2026-05-07 18:25:55.793,2,0.59,1.36,0.42,-34.3678,-37.8304,25.451399999999996,175,75
2026-05-07 18:25:55.810,2,0.56,1.35,0.4,-34.1178,-39.9004,25.1514,175,75
2026-05-07 18:25:55.820,2,0.57,1.36,0.37,-31.2578,-40.7504,24.661399999999997,175,75
2026-05-07 18:25:55.842,2,0.56,1.35,0.31,-31.6178,-40.6304,23.8114,175,75
2026-05-07 18:25:55.870,2,0.57,1.39,0.28,-30.7678,-23.9904,20.821399999999997,175,75
2026-05-07 18:25:55.884,2,0.59,1.42,0.32,-29.5478,-20.0204,20.151399999999995,175,75
2026-05-07 18:25:55.923,2,0.58,1.46,0.36,-33.7578,-26.1804,23.9914,175,75
2026-05-07 18:25:55.973,2,0.6,1.47,0.36,-36.927800000000005,-28.7404,26.371399999999998,175,75
2026-05-07 18:25:55.973,2,0.66,1.41,0.4,-40.1578,-31.2404,27.161399999999997,175,75
2026-05-07 18:25:55.983,2,0.73,1.31,0.46,-41.1278,-38.6804,26.191399999999998,175,75
2026-05-07 18:25:56.031,2,0.71,1.34,0.53,-43.8178,-58.620400000000004,21.981399999999997,175,75
2026-05-07 18:25:56.031,2,0.68,1.37,0.51,-42.9578,-58.3104,22.531399999999998,175,75
2026-05-07 18:25:56.049,2,0.65,1.36,0.49,-39.6078,-59.900400000000005,21.551399999999997,175,75
2026-05-07 18:25:56.049,2,0.62,1.4,0.46,-34.177800000000005,-54.35039999999999,20.3314,175,75
2026-05-07 18:25:56.097,2,0.64,1.66,0.5,-23.937800000000003,-2.7004,18.871399999999998,175,75
2026-05-07 18:25:56.102,2,0.66,1.63,0.63,-22.9578,28.029600000000002,17.411399999999997,175,75
2026-05-07 18:25:56.158,2,0.87,1.55,0.92,-17.1078,52.9096,12.041399999999998,175,75
2026-05-07 18:25:56.209,2,0.7,1.51,1.04,-32.1078,82.8396,4.781399999999998,175,75
2026-05-07 18:25:56.219,2,0.67,1.26,1.13,-36.7378,93.5096,5.331399999999999,175,75
2026-05-07 18:25:56.227,2,0.78,1.33,1.18,-23.0178,103.4496,-0.6386000000000038,175,75
2026-05-07 18:25:56.235,2,0.83,1.33,1.23,-15.4578,103.3296,-7.288600000000002,175,75
2026-05-07 18:25:56.267,2,0.74,1.24,1.1,29.352199999999996,32.1096,-5.028600000000004,175,75
2026-05-07 18:25:56.271,2,0.68,1.26,0.94,47.3422,13.819600000000001,2.041399999999996,175,75
2026-05-07 18:25:56.347,2,0.59,1.2,0.65,58.322199999999995,34.119600000000005,-6.558600000000002,175,75
2026-05-07 18:25:56.355,2,0.52,1.15,0.53,60.822199999999995,75.2796,-16.558600000000006,175,75
2026-05-07 18:25:56.377,2,0.51,1.18,0.5,64.7822,114.7996,-25.638600000000004,175,75
2026-05-07 18:25:56.410,2,0.62,1.31,0.8,73.6822,134.4296,-37.4686,175,75
2026-05-07 18:25:56.431,2,0.69,1.4,0.98,68.8722,76.0796,-31.988600000000005,175,75
2026-05-07 18:25:56.440,2,0.57,1.4,0.85,67.8322,-24.470399999999998,-10.7686,175,75
2026-05-07 18:25:56.491,2,0.63,1.37,0.66,62.8322,25.9496,-21.6186,175,75
2026-05-07 18:25:56.491,2,0.64,1.36,0.73,58.1322,-8.6204,-20.8286,175,75
2026-05-07 18:25:56.506,2,0.43,1.48,0.41,49.6622,-4.840399999999999,-12.718600000000002,175,75
2026-05-07 18:25:56.532,2,0.58,1.37,0.56,42.2222,31.7496,-11.988600000000005,175,75
2026-05-07 18:25:56.543,2,0.56,1.33,0.61,27.952199999999998,8.6396,-7.348600000000005,175,75
2026-05-07 18:25:56.554,2,0.5,1.34,0.55,24.1122,1.9296000000000006,-4.058600000000002,175,75
2026-05-07 18:25:56.564,2,0.45,1.4,0.52,21.6122,-0.5103999999999989,-1.678600000000003,175,75
2026-05-07 18:25:56.583,2,0.44,1.5,0.49,14.6022,-1.0603999999999996,5.391399999999997,175,75
2026-05-07 18:25:56.593,2,0.47,1.48,0.49,10.392199999999999,-3.8004,11.061399999999997,175,75
2026-05-07 18:25:56.656,2,0.64,1.44,0.37,14.232199999999999,-38.1304,16.731399999999997,175,75
2026-05-07 18:25:56.669,2,0.62,1.43,0.34,16.182199999999998,-34.5304,15.821399999999997,175,75
2026-05-07 18:25:56.685,2,0.64,1.41,0.36,17.0422,-29.290399999999998,12.041399999999998,175,75
2026-05-07 18:25:56.726,2,0.7,1.24,0.25,-9.1178,-92.2204,-7.168600000000005,175,75
2026-05-07 18:25:56.759,2,0.29,1.65,0.21,-4.9778,44.1896,-9.668600000000005,175,75
2026-05-07 18:25:56.781,2,0.48,1.51,0.4,-13.6878,71.5596,1.8613999999999962,175,75
2026-05-07 18:25:56.801,2,0.61,1.49,0.48,-13.4478,65.8896,3.321399999999997,175,75
2026-05-07 18:25:56.830,2,0.79,1.49,0.6,-13.7578,27.8396,3.9313999999999965,175,75
2026-05-07 18:25:56.883,2,0.46,1.45,0.53,-20.4578,-28.5004,1.9213999999999984,175,75
2026-05-07 18:25:56.908,2,0.34,1.45,0.49,-29.1778,2.9696,0.5113999999999983,175,75
2026-05-07 18:25:56.931,2,0.32,1.48,0.5,-21.9878,62.6596,-3.268600000000003,175,75
2026-05-07 18:25:56.940,2,0.33,1.48,0.58,-15.4578,88.2696,-3.808600000000002,175,75
2026-05-07 18:25:56.952,2,0.36,1.5,0.67,-9.1778,101.6196,-2.5286000000000044,175,75
2026-05-07 18:25:56.963,2,0.4,1.49,0.74,-5.6478,103.0896,-1.678600000000003,175,75
2026-05-07 18:25:56.999,2,0.53,1.48,0.9,-0.33779999999999966,6.8096000000000005,13.261399999999997,175,75
2026-05-07 18:25:57.108,2,0.48,1.46,0.63,-0.5877999999999997,-39.9004,20.3314,175,75
2026-05-07 18:25:57.145,2,0.58,1.45,0.59,3.382199999999999,-5.510400000000001,24.301399999999997,175,75
2026-05-07 18:25:57.145,2,0.62,1.45,0.62,3.382199999999999,5.469600000000001,23.751399999999997,175,75
2026-05-07 18:25:57.184,2,0.62,1.42,0.69,0.15220000000000056,8.329600000000001,22.471399999999996,175,75
2026-05-07 18:25:57.249,2,0.69,1.43,0.66,-13.3278,-11.8504,27.651399999999995,175,75
2026-05-07 18:25:57.258,2,0.72,1.46,0.64,-13.017800000000001,-6.910399999999999,26.9214,175,75
2026-05-07 18:25:57.305,2,0.77,1.33,0.7,-10.6478,-31.0004,20.031399999999998,175,75
2026-05-07 18:25:57.325,2,0.77,1.33,0.67,-7.8978,-44.4704,15.881399999999998,175,75
2026-05-07 18:25:57.358,2,0.76,1.36,0.63,-4.1778,-48.5004,12.221399999999997,175,75
2026-05-07 18:25:57.368,2,0.73,1.4,0.57,3.132199999999999,-41.6104,6.921399999999998,175,75
2026-05-07 18:25:57.380,2,0.71,1.37,0.56,8.072199999999999,-22.520400000000002,0.5113999999999983,175,75
2026-05-07 18:25:57.412,2,0.69,1.36,0.57,10.392199999999999,-10.880399999999998,-3.5686000000000035,175,75
2026-05-07 18:25:57.412,2,0.67,1.37,0.59,11.0622,-3.6204,-6.008600000000001,175,75
2026-05-07 18:25:57.412,2,0.65,1.39,0.61,10.7622,2.1096000000000004,-8.078600000000002,175,75
2026-05-07 18:25:57.434,2,0.59,1.42,0.62,12.162199999999999,17.0496,-10.888600000000004,175,75
2026-05-07 18:25:57.440,2,0.58,1.41,0.68,13.0122,27.3596,-12.348600000000005,175,75
2026-05-07 18:25:57.440,2,0.57,1.39,0.72,12.162199999999999,34.6096,-12.4086,175,75
2026-05-07 18:25:57.451,2,0.51,1.42,0.75,15.9422,48.5096,-12.4086,175,75
2026-05-07 18:25:57.462,2,0.46,1.42,0.77,19.9022,61.4996,-10.948600000000006,175,75
2026-05-07 18:25:57.476,2,0.42,1.44,0.79,24.7222,79.7996,-9.668600000000005,175,75
2026-05-07 18:25:57.485,2,0.41,1.52,0.8,34.9022,111.5596,-4.118600000000004,175,75
2026-05-07 18:25:57.489,2,0.4,1.55,0.85,40.8222,132.2296,-2.838600000000003,175,75
2026-05-07 18:25:57.503,2,0.39,1.54,0.91,43.0722,146.6896,-2.348600000000001,175,75
2026-05-07 18:25:57.518,2,0.39,1.53,1.0,44.0522,159.0596,-2.348600000000001,175,75
2026-05-07 18:25:57.566,2,0.39,1.6,1.15,44.1722,145.2796,5.031399999999998,175,75
2026-05-07 18:25:57.605,2,0.44,1.66,1.23,38.8122,78.0296,29.1714,175,75
2026-05-07 18:25:57.605,2,0.48,1.67,1.26,34.602199999999996,46.7496,41.4914,175,75
2026-05-07 18:25:57.621,2,1.0,1.7,1.37,19.4122,-43.5004,64.97139999999999,175,75
2026-05-07 18:25:57.638,2,1.52,1.47,1.17,-15.587800000000001,-245.5704,73.2014,175,75
2026-05-07 18:25:57.670,2,1.89,1.18,0.24,-3.2078000000000007,-176.0004,22.221399999999996,175,75
2026-05-07 18:25:57.727,2,1.48,1.0,0.63,-24.2378,-148.0704,-6.248600000000003,175,75
2026-05-07 18:25:57.765,2,1.08,0.91,0.32,-45.3378,-124.1104,-25.638600000000004,175,75
2026-05-07 18:25:57.765,2,0.88,0.74,0.1,-31.9878,-42.8304,-47.89860000000001,175,75
2026-05-07 18:25:57.768,2,0.72,0.72,-0.09,-6.5578,30.1596,-55.5186,175,75
2026-05-07 18:25:57.807,2,0.93,1.22,0.52,84.6022,318.3296,-88.0786,175,75
2026-05-07 18:25:57.903,2,0.27,1.18,-0.42,64.8422,-230.5104,-40.4586,175,75
2026-05-07 18:25:57.918,2,0.26,1.28,-0.58,59.6622,-217.5204,-42.28860000000001,175,75
2026-05-07 18:25:57.931,2,0.03,1.62,-0.8,23.072200000000002,-0.6904000000000003,-21.1886,175,75
2026-05-07 18:25:57.931,2,0.13,1.54,-0.73,15.272199999999998,75.5296,-13.878600000000006,175,75
2026-05-07 18:25:57.941,2,0.31,1.17,-0.39,-9.1778,136.43959999999998,-1.8586000000000027,175,75
2026-05-07 18:25:57.956,2,0.2,1.06,-0.22,-18.0878,47.1696,-6.498600000000003,175,75
2026-05-07 18:25:58.044,2,-0.05,1.48,-0.25,-23.4478,77.9096,-4.548600000000004,175,75
2026-05-07 18:25:58.054,2,0.15,1.35,-0.17,-20.3378,103.5096,14.841399999999997,175,75
2026-05-07 18:25:58.054,2,0.26,1.22,-0.08,-25.3378,105.7096,23.201399999999996,175,75
2026-05-07 18:25:58.116,2,0.54,0.99,0.4,-59.5478,-171.2404,46.611399999999996,175,75
2026-05-07 18:25:58.116,2,0.6,1.0,0.25,-60.1578,-185.2704,42.221399999999996,175,75
2026-05-07 18:25:58.125,2,0.61,1.08,0.13,-54.0578,-172.2204,34.541399999999996,175,75
2026-05-07 18:25:58.138,2,0.55,1.13,0.08,-40.4578,-113.1304,23.751399999999997,175,75
2026-05-07 18:25:58.149,2,0.53,1.12,0.14,-31.4378,-57.5804,16.251399999999997,175,75
2026-05-07 18:25:58.149,2,0.49,1.17,0.21,-22.9578,-21.6104,12.101399999999998,175,75
2026-05-07 18:25:58.160,2,0.54,1.26,0.32,-14.9078,0.7096,6.611399999999996,175,75
2026-05-07 18:25:58.178,2,0.66,1.33,0.63,-15.8878,23.6396,6.861399999999996,175,75
2026-05-07 18:25:58.195,2,0.65,1.44,0.67,-13.5678,4.6696,25.091399999999997,175,75
2026-05-07 18:25:58.208,2,0.22,1.51,0.63,-24.6078,3.9396000000000004,37.041399999999996,175,75
2026-05-07 18:25:58.233,2,0.49,1.34,0.83,-39.1178,-10.020399999999999,32.4114,175,75
2026-05-07 18:25:58.243,2,-1.2,1.39,0.59,-48.9378,-91.1804,-19.358600000000003,175,75
2026-05-07 18:25:58.257,2,1.93,1.08,0.72,-123.1478,-62.3404,99.4214,175,75
2026-05-07 18:25:58.268,2,1.05,0.59,0.64,-70.3978,105.8896,-5.578600000000002,175,75
2026-05-07 18:25:58.276,2,0.09,1.17,0.2,19.9622,61.4996,-13.2686,175,75
2026-05-07 18:25:58.342,2,0.4,0.92,1.34,11.3122,223.4496,-46.918600000000005,175,75
2026-05-07 18:25:58.342,2,0.38,0.85,1.61,-25.9478,87.1696,-54.178599999999996,175,75
2026-05-07 18:25:58.366,2,0.2,1.14,0.9,-25.6478,-156.5504,19.721399999999996,175,75
2026-05-07 18:25:58.366,2,0.14,1.11,0.59,-11.677800000000001,-121.4904,4.781399999999998,175,75
2026-05-07 18:25:58.377,2,0.12,1.15,0.38,6.6722,-26.910400000000003,-8.388600000000004,175,75
2026-05-07 18:25:58.410,2,0.55,1.42,0.68,34.5422,79.7296,-27.898600000000002,175,75
2026-05-07 18:25:58.447,2,0.53,1.99,0.74,58.682199999999995,24.6096,-13.878600000000006,175,75
2026-05-07 18:25:58.447,2,0.57,2.11,0.63,51.3722,-20.200400000000002,2.951399999999996,175,75
2026-05-07 18:25:58.459,2,0.62,1.95,0.56,38.2622,-49.1704,8.621399999999998,175,75
2026-05-07 18:25:58.471,2,0.6,1.39,0.47,32.4622,2.2996,-6.918600000000005,175,75
2026-05-07 18:25:58.484,2,0.79,1.34,0.7,41.1222,-29.410400000000003,-7.958600000000004,175,75
2026-05-07 18:25:58.512,2,0.76,1.31,0.66,10.092199999999998,-73.9904,3.1413999999999973,175,75
2026-05-07 18:25:58.528,2,0.74,1.34,0.51,3.0122,-80.7504,5.821399999999997,175,75
2026-05-07 18:25:58.573,2,0.77,1.58,0.35,5.0222,59.4296,-13.138600000000004,175,75
2026-05-07 18:25:58.586,2,0.84,1.51,0.58,6.732199999999999,66.0096,-19.7286,175,75
2026-05-07 18:25:58.592,2,0.84,1.45,0.69,7.522199999999998,47.4796,-22.168600000000005,175,75
2026-05-07 18:25:58.626,2,0.84,1.45,0.71,5.212199999999999,25.9496,-24.1186,175,75
2026-05-07 18:25:58.648,2,0.81,1.46,0.67,4.052199999999999,13.8796,-24.608600000000003,175,75
2026-05-07 18:25:58.675,2,0.7,1.46,0.54,5.632199999999999,22.229599999999998,-22.2286,175,75
2026-05-07 18:25:58.675,2,0.51,1.38,0.54,17.2222,44.6096,-28.388600000000004,175,75
2026-05-07 18:25:58.675,2,0.52,1.33,0.7,22.6522,53.0296,-29.2986,175,75
2026-05-07 18:25:58.687,2,0.54,1.33,0.79,23.992199999999997,52.5396,-28.878600000000006,175,75
2026-05-07 18:25:58.699,2,0.62,1.36,0.8,23.9322,36.869600000000005,-24.848600000000005,175,75
2026-05-07 18:25:58.736,2,0.71,1.4,0.62,38.5022,15.5896,-22.718600000000002,175,75
2026-05-07 18:25:58.769,2,0.71,1.49,0.63,57.462199999999996,33.2696,-26.0086,175,75
2026-05-07 18:25:58.785,2,0.73,1.53,0.72,63.932199999999995,17.7196,-29.788600000000002,175,75
2026-05-07 18:25:58.807,2,0.82,1.49,0.82,52.3422,-39.7804,-28.3286,175,75
2026-05-07 18:25:58.820,2,0.81,1.48,0.59,51.852199999999996,-66.6704,-35.8286,175,75
2026-05-07 18:25:58.872,2,0.72,1.48,0.45,48.7422,-34.1104,-46.7386,175,75
2026-05-07 18:25:58.891,2,0.7,1.66,0.61,55.76219999999999,59.7996,-43.0186,175,75
2026-05-07 18:25:58.901,2,0.76,1.6,0.69,49.5422,43.3896,-38.0786,175,75
2026-05-07 18:25:58.910,2,0.79,1.53,0.72,45.2122,23.0896,-34.5486,175,75
2026-05-07 18:25:58.918,2,0.79,1.48,0.7,44.7222,4.3096000000000005,-33.2686,175,75
2026-05-07 18:25:58.946,2,0.72,1.42,0.56,53.0122,-18.0704,-39.2986,175,75
2026-05-07 18:25:58.946,2,0.7,1.4,0.53,56.982200000000006,-15.880399999999998,-42.58860000000001,175,75
2026-05-07 18:25:58.975,2,0.51,1.32,0.42,69.6622,2.9696,-49.668600000000005,175,75
2026-05-07 18:25:59.018,2,0.39,1.21,0.38,78.4422,22.9696,-50.33860000000001,175,75
2026-05-07 18:25:59.018,2,0.32,1.13,0.4,83.5622,37.3596,-50.8286,175,75
2026-05-07 18:25:59.078,2,0.07,1.01,0.42,100.3322,80.4696,-53.8786,175,75
2026-05-07 18:25:59.086,2,0.22,0.91,0.31,90.7022,71.8096,-63.138600000000004,175,75
2026-05-07 18:25:59.103,2,0.07,0.94,0.33,93.3222,96.8096,-59.9686,175,75
2026-05-07 18:25:59.147,2,-0.07,0.95,0.49,98.01219999999999,172.9696,-58.8786,175,75
2026-05-07 18:25:59.147,2,-0.09,1.02,0.53,95.76219999999999,183.0896,-55.948600000000006,175,75
2026-05-07 18:25:59.157,2,-0.07,1.11,0.54,92.5922,174.7296,-50.2186,175,75
2026-05-07 18:25:59.219,2,-0.06,1.32,0.72,89.8422,130.4696,-56.4986,175,75
2026-05-07 18:25:59.267,2,0.08,1.68,0.87,70.6322,85.4096,-56.4386,175,75
2026-05-07 18:25:59.289,2,0.16,2.44,0.38,118.74220000000001,105.4696,-20.0886,175,75
2026-05-07 18:25:59.289,2,0.51,2.33,0.48,141.06220000000002,146.6896,9.361399999999996,175,75
2026-05-07 18:25:59.306,2,0.82,2.09,0.76,133.99220000000003,146.0796,23.9914,175,75
2026-05-07 18:25:59.315,2,1.17,1.83,1.13,103.6822,111.7496,37.471399999999996,175,75
2026-05-07 18:25:59.327,2,1.42,1.66,1.28,74.2922,31.0796,47.2814,175,75
2026-05-07 18:25:59.340,2,1.57,1.58,1.23,69.0522,-92.5804,56.0614,175,75
2026-05-07 18:25:59.340,2,1.51,1.5,1.04,75.3922,-198.2504,58.621399999999994,175,75
2026-05-07 18:25:59.352,2,1.42,1.35,0.71,67.3422,-215.3904,41.2514,175,75
2026-05-07 18:25:59.352,2,1.27,1.28,0.33,53.1322,-162.7704,14.361399999999998,175,75
2026-05-07 18:25:59.363,2,1.33,1.23,0.06,46.3122,-99.7804,-4.118600000000004,175,75
2026-05-07 18:25:59.375,2,1.32,1.14,-0.04,55.092200000000005,-13.6204,-25.218600000000002,175,75
2026-05-07 18:25:59.387,2,1.22,1.11,0.23,73.9922,232.0496,-53.9986,175,75
2026-05-07 18:25:59.399,2,1.44,1.22,0.56,79.5422,287.2296,-69.6086,175,75
2026-05-07 18:25:59.399,2,1.32,1.32,1.03,88.8722,248.3896,-78.1986,175,75
2026-05-07 18:25:59.410,2,1.2,1.28,1.21,90.1522,225.7696,-77.6586,175,75
2026-05-07 18:25:59.432,2,1.03,1.23,1.17,78.4422,150.8296,-70.5786,175,75
2026-05-07 18:25:59.442,2,0.91,1.14,1.1,90.6322,119.0596,-65.27860000000001,175,75
2026-05-07 18:25:59.469,2,0.84,1.12,1.09,96.1222,116.0096,-64.8486,175,75
2026-05-07 18:25:59.493,2,0.75,1.09,1.02,111.0622,99.7996,-62.7186,175,75
2026-05-07 18:25:59.493,2,0.71,1.03,0.99,111.0622,91.9896,-61.7386,175,75
2026-05-07 18:25:59.530,2,0.65,0.98,0.95,113.01219999999999,84.1896,-59.4886,175,75
2026-05-07 18:25:59.530,2,0.62,0.96,0.95,113.4422,76.1396,-57.7186,175,75
2026-05-07 18:25:59.563,2,0.58,0.92,0.94,112.8322,63.9396,-55.698600000000006,175,75
2026-05-07 18:25:59.584,2,0.52,0.88,0.9,113.26219999999999,46.9896,-53.2686,175,75
2026-05-07 18:25:59.632,2,0.47,0.9,0.82,114.7222,38.9996,-52.28860000000001,175,75
2026-05-07 18:25:59.632,2,0.43,0.95,0.73,117.0422,37.0496,-50.8286,175,75
2026-05-07 18:25:59.632,2,0.36,1.04,0.6,119.7222,43.8796,-49.3586,175,75
2026-05-07 18:25:59.654,2,0.47,1.09,0.68,120.15220000000001,72.9096,-43.198600000000006,175,75
2026-05-07 18:25:59.664,2,0.45,1.05,0.69,107.3422,23.8796,-35.698600000000006,175,75
2026-05-07 18:25:59.689,2,0.3,0.92,0.44,90.1522,52.1096,-34.058600000000006,175,75
2026-05-07 18:25:59.700,2,0.31,0.9,0.47,88.8722,65.64959999999999,-33.9386,175,75
2026-05-07 18:25:59.715,2,0.31,0.99,0.57,84.1122,68.9396,-31.678600000000003,175,75
2026-05-07 18:25:59.734,2,0.33,1.02,0.59,80.3922,62.0496,-28.568600000000004,175,75
2026-05-07 18:25:59.770,2,0.32,1.01,0.57,77.2222,54.7996,-26.498600000000003,175,75
2026-05-07 18:25:59.780,2,0.3,1.06,0.55,68.8122,44.4896,-20.218600000000002,175,75
2026-05-07 18:25:59.780,2,0.31,1.17,0.51,63.1322,35.0396,-18.0186,175,75
2026-05-07 18:25:59.803,2,0.28,1.31,0.46,59.7222,39.7996,-14.668600000000005,175,75
2026-05-07 18:25:59.814,2,0.29,1.49,0.45,59.6622,55.0396,-7.0486,175,75
2026-05-07 18:25:59.814,2,0.29,1.62,0.44,58.072199999999995,78.9996,-0.7686000000000028,175,75
2026-05-07 18:25:59.827,2,0.34,1.68,0.47,55.51219999999999,87.7196,5.701399999999996,175,75
2026-05-07 18:25:59.892,2,0.48,1.77,0.57,49.0522,89.8596,22.041399999999996,175,75
2026-05-07 18:25:59.912,2,0.74,1.83,0.64,40.0922,60.2196,38.1414,175,75
2026-05-07 18:25:59.928,2,0.9,1.81,0.5,1.0022000000000002,-29.410400000000003,54.231399999999994,175,75
2026-05-07 18:25:59.942,2,1.21,1.74,0.38,-6.127800000000001,-35.6904,54.481399999999994,175,75
2026-05-07 18:25:59.951,2,1.18,1.61,0.27,-9.5478,-36.6704,49.9114,175,75
2026-05-07 18:25:59.964,2,-0.25,2.28,0.36,-37.9578,-69.4104,67.7714,175,75
2026-05-07 18:25:59.979,2,3.34,0.07,0.54,-88.5678,-117.34039999999999,-28.388600000000004,175,75
2026-05-07 18:25:59.992,2,2.14,1.11,-0.08,-56.6178,114.7296,20.451399999999996,175,75
2026-05-07 18:26:00.003,2,0.91,1.92,-0.33,0.3322000000000003,39.369600000000005,-26.678600000000003,175,75
2026-05-07 18:26:00.003,2,0.41,2.01,0.4,50.9422,224.3096,-13.568600000000004,175,75
2026-05-07 18:26:00.017,2,0.62,1.49,0.38,78.2022,344.9196,-6.438600000000001,175,75
2026-05-07 18:26:00.036,2,1.11,1.38,1.24,71.9122,231.1996,-46.7986,175,75
2026-05-07 18:26:00.046,2,1.06,1.32,1.47,28.072200000000002,15.0396,-19.5486,175,75
2026-05-07 18:26:00.046,2,0.81,1.53,1.17,21.6722,-184.9004,30.641399999999997,175,75
2026-05-07 18:26:00.057,2,0.66,1.51,0.97,19.1122,-233.9904,41.1914,175,75
2026-05-07 18:26:00.075,2,0.63,1.22,0.61,-0.21780000000000044,-207.5804,8.691399999999998,175,75
2026-05-07 18:26:00.078,2,0.59,1.05,0.29,9.9022,-23.6804,-31.308600000000006,175,75
2026-05-07 18:26:00.091,2,0.54,1.14,0.26,41.1822,135.0396,-40.7686,175,75
2026-05-07 18:26:00.161,2,0.39,1.43,0.7,102.2222,309.7996,-38.7486,175,75
2026-05-07 18:26:00.180,2,0.44,1.5,1.45,120.33219999999999,341.2596,-43.3286,175,75
2026-05-07 18:26:00.238,2,0.81,1.23,1.84,104.6022,69.9796,39.1714,175,75
2026-05-07 18:26:00.238,2,0.77,1.16,1.74,127.3422,26.8696,43.3214,175,75
2026-05-07 18:26:00.238,2,0.99,1.09,1.52,134.7222,-3.8004,51.731399999999994,175,75
2026-05-07 18:26:00.249,2,1.07,1.06,1.36,131.31220000000002,-29.470399999999998,59.361399999999996,175,75
2026-05-07 18:26:00.272,2,1.02,0.91,0.99,133.3222,110.7696,-7.168600000000005,175,75
2026-05-07 18:26:00.272,2,1.19,1.07,1.02,149.17219999999998,151.5596,-19.358600000000003,175,75
2026-05-07 18:26:00.295,2,1.16,1.05,1.39,162.8322,95.5296,-22.468600000000002,175,75
2026-05-07 18:26:00.351,2,1.14,1.01,1.01,165.3922,103.2696,-37.4086,175,75
2026-05-07 18:26:00.351,2,1.15,1.14,1.0,171.91219999999998,112.9096,-39.72860000000001,175,75
2026-05-07 18:26:00.381,2,1.13,1.26,1.03,178.3222,115.3396,-38.388600000000004,175,75
2026-05-07 18:26:00.391,2,1.13,1.27,1.07,179.29219999999998,118.4496,-37.528600000000004,175,75
2026-05-07 18:26:00.391,2,1.09,1.08,1.05,173.93220000000002,94.7296,-34.7286,175,75
2026-05-07 18:26:00.408,2,1.07,1.18,0.85,173.62220000000002,49.7296,-27.718600000000002,175,75
2026-05-07 18:26:00.444,2,1.06,1.22,0.74,173.68220000000002,43.0296,-26.738600000000005,175,75
2026-05-07 18:26:00.455,2,1.05,1.25,0.68,175.7022,39.7996,-26.308600000000006,175,75
2026-05-07 18:26:00.494,2,0.96,1.25,0.69,167.2222,-0.8103999999999996,-19.968600000000002,175,75
2026-05-07 18:26:00.506,2,0.9,1.18,0.66,154.7822,-20.0204,-16.858600000000003,175,75
2026-05-07 18:26:00.506,2,0.81,1.1,0.6,142.6522,-40.6304,-16.858600000000003,175,75
2026-05-07 18:26:00.517,2,0.74,0.92,0.44,123.93220000000001,-58.4404,-24.668600000000005,175,75
2026-05-07 18:26:00.528,2,0.63,0.86,0.32,120.39219999999999,-40.5704,-30.218600000000002,175,75
2026-05-07 18:26:00.528,2,0.47,0.79,0.26,123.5622,5.4096,-38.138600000000004,175,75
2026-05-07 18:26:00.550,2,0.37,0.61,0.43,137.3422,152.5996,-40.7686,175,75
2026-05-07 18:26:00.563,2,0.47,0.66,0.67,122.2822,71.0796,-32.2286,175,75
2026-05-07 18:26:00.588,2,0.19,0.69,0.46,82.2222,-34.4104,-27.6586,175,75
2026-05-07 18:26:00.615,2,0.14,0.72,0.22,67.8922,12.7796,-47.528600000000004,175,75
2026-05-07 18:26:00.633,2,0.01,0.75,0.15,75.1522,53.3296,-47.0486,175,75
2026-05-07 18:26:00.645,2,-0.55,0.93,0.19,79.8422,86.6896,-48.7486,175,75
2026-05-07 18:26:00.645,2,-1.52,1.54,0.4,75.0222,32.5396,-85.9486,175,75
2026-05-07 18:26:00.664,2,1.06,-0.35,1.09,1.6722000000000001,187.8396,-20.3386,175,75
2026-05-07 18:26:00.675,2,-0.46,1.1,0.69,110.5722,110.2196,-64.6686,175,75
2026-05-07 18:26:00.702,2,-0.17,1.02,0.78,67.5922,30.7696,-43.138600000000004,175,75
2026-05-07 18:26:00.778,2,0.14,1.15,0.86,30.3322,-80.5704,-20.398600000000002,175,75
2026-05-07 18:26:00.778,2,0.07,1.82,0.65,74.9622,55.0396,-9.178600000000003,175,75
2026-05-07 18:26:00.789,2,0.3,2.08,0.73,95.0222,114.3096,-12.2286,175,75
2026-05-07 18:26:00.801,2,0.59,2.35,0.61,127.52220000000001,112.5996,39.361399999999996,175,75
2026-05-07 18:26:00.811,2,0.97,2.39,0.65,110.0922,57.7796,54.971399999999996,175,75
2026-05-07 18:26:00.832,2,1.42,2.11,0.77,47.1622,-7.700399999999998,48.8114,175,75
2026-05-07 18:26:00.856,2,1.24,1.96,0.87,51.9122,-33.5004,52.221399999999996,175,75
2026-05-07 18:26:00.866,2,1.36,1.94,0.74,58.26219999999999,-16.790399999999998,59.2314,175,75
2026-05-07 18:26:00.878,2,1.41,1.98,0.59,66.5522,-3.9903999999999993,60.0314,175,75
2026-05-07 18:26:00.899,2,1.49,1.93,0.41,80.2122,37.3596,47.221399999999996,175,75
2026-05-07 18:26:00.904,2,1.51,1.9,0.44,79.7222,65.2196,35.3914,175,75
2026-05-07 18:26:00.928,2,1.66,1.82,0.57,68.2022,95.8296,11.311399999999997,175,75
2026-05-07 18:26:00.928,2,1.6,1.73,0.77,56.792199999999994,115.1596,-4.178600000000003,175,75
2026-05-07 18:26:00.976,2,0.92,1.58,1.02,66.3122,145.5296,-7.718600000000002,175,75
2026-05-07 18:26:00.993,2,0.96,1.36,1.27,66.9822,110.0996,-16.498600000000003,175,75
2026-05-07 18:26:00.993,2,1.09,1.17,1.41,62.2222,80.8296,-22.4086,175,75
2026-05-07 18:26:01.003,2,1.08,1.11,1.41,67.9522,61.8696,-29.7286,175,75
2026-05-07 18:26:01.028,2,0.81,1.11,1.1,94.1722,31.8096,-32.2286,175,75
2026-05-07 18:26:01.041,2,0.73,1.06,0.96,100.3322,46.8096,-44.058600000000006,175,75
2026-05-07 18:26:01.055,2,0.62,1.01,0.9,104.5422,72.1096,-49.8486,175,75
2026-05-07 18:26:01.071,2,0.53,1.0,0.88,110.0922,92.4196,-54.058600000000006,175,75
2026-05-07 18:26:01.075,2,0.41,1.07,0.91,118.8722,115.4696,-56.8586,175,75
2026-05-07 18:26:01.095,2,0.35,1.09,1.04,122.1022,129.8596,-54.8486,175,75
2026-05-07 18:26:01.109,2,0.29,1.03,1.06,116.0022,119.4896,-49.178599999999996,175,75
2026-05-07 18:26:01.137,2,0.23,0.97,0.99,114.4122,70.33959999999999,-40.278600000000004,175,75
2026-05-07 18:26:01.218,2,0.07,1.07,0.78,113.6222,99.1196,-27.348600000000005,175,75
2026-05-07 18:26:01.218,2,0.07,1.09,0.8,109.4822,103.3896,-21.4386,175,75
2026-05-07 18:26:01.240,2,0.06,1.09,0.76,101.3722,96.8696,-11.248600000000003,175,75
2026-05-07 18:26:01.251,2,0.07,1.11,0.76,95.6322,84.8596,-7.4086,175,75
2026-05-07 18:26:01.251,2,0.16,1.13,0.81,90.8822,70.4696,-7.2286,175,75
2026-05-07 18:26:01.266,2,0.22,1.18,0.81,86.0622,56.4996,-3.9986000000000033,175,75
2026-05-07 18:26:01.271,2,0.23,1.23,0.76,81.2422,46.9896,-1.2486000000000033,175,75
2026-05-07 18:26:01.283,2,0.19,1.3,0.67,76.5522,44.9196,-2.6586000000000034,175,75
2026-05-07 18:26:01.296,2,0.17,1.38,0.59,71.9122,62.9096,-5.6986000000000026,175,75
2026-05-07 18:26:01.357,2,0.26,1.51,0.61,49.2922,108.0896,-3.5086000000000013,175,75
2026-05-07 18:26:01.369,2,0.24,1.64,0.59,40.8222,109.5496,2.531399999999998,175,75
2026-05-07 18:26:01.420,2,0.44,1.92,0.67,16.0022,158.5796,16.6714,175,75
2026-05-07 18:26:01.420,2,0.58,1.94,0.73,5.2722,169.7996,21.9214,175,75
2026-05-07 18:26:01.450,2,0.65,1.81,0.84,-83.5078,136.9296,46.731399999999994,175,75
2026-05-07 18:26:01.468,2,0.6,1.8,0.9,-103.7578,119.7996,46.371399999999994,175,75
2026-05-07 18:26:01.482,2,0.66,1.69,0.94,-117.7778,90.5896,44.971399999999996,175,75
2026-05-07 18:26:01.482,2,0.2,1.62,1.07,-129.6078,86.3196,50.6414,175,75
2026-05-07 18:26:01.499,2,1.34,0.68,1.19,-199.9778,45.5896,52.8314,175,75
2026-05-07 18:26:01.533,2,-0.15,1.14,1.3,-159.2378,123.6396,52.5314,175,75
2026-05-07 18:26:01.544,2,0.97,0.77,1.3,-169.4878,241.9296,75.7614,175,75
2026-05-07 18:26:01.554,2,0.57,0.71,1.8,-180.45780000000002,161.9896,55.70139999999999,175,75
2026-05-07 18:26:01.580,2,0.88,0.55,1.88,-191.18779999999998,111.9896,65.2114,175,75
2026-05-07 18:26:01.618,2,0.74,0.59,1.65,-137.2878,-44.4104,61.191399999999994,175,75
2026-05-07 18:26:01.634,2,0.78,1.07,1.95,-66.37780000000001,25.2196,61.121399999999994,175,75
2026-05-07 18:26:01.684,2,0.95,0.76,2.19,-14.6678,46.0796,73.9914,175,75
2026-05-07 18:26:01.702,2,1.04,0.69,2.22,9.112200000000001,15.0996,80.8214,175,75
2026-05-07 18:26:01.745,2,0.99,0.62,1.88,42.9522,-41.7904,69.4214,175,75
2026-05-07 18:26:01.745,2,1.13,0.57,2.01,56.0022,-50.3904,66.6114,175,75
2026-05-07 18:26:01.754,2,1.31,0.87,1.83,78.8122,-129.7804,63.5014,175,75
2026-05-07 18:26:01.762,2,1.37,0.79,1.71,85.8222,-128.1304,60.7014,175,75
2026-05-07 18:26:01.773,2,1.25,0.71,1.54,92.4022,-97.9504,56.9214,175,75
2026-05-07 18:26:01.806,2,1.09,0.66,1.54,112.0422,-35.8104,15.761399999999997,175,75
2026-05-07 18:26:01.813,2,1.29,0.61,1.78,133.62220000000002,-27.950400000000002,2.7113999999999976,175,75
2026-05-07 18:26:01.826,2,1.26,0.54,1.69,144.48219999999998,-27.700400000000002,3.6213999999999977,175,75
2026-05-07 18:26:01.828,2,1.17,0.41,1.58,156.61219999999997,-11.7304,-4.418600000000001,175,75
2026-05-07 18:26:01.839,2,1.12,0.34,1.46,173.0722,5.0396,-10.7686,175,75
2026-05-07 18:26:01.860,2,1.04,0.42,1.46,204.54219999999998,1.499600000000001,-18.448600000000006,175,75
2026-05-07 18:26:01.933,2,1.23,0.42,1.45,213.62220000000002,-60.9404,-24.058600000000006,175,75
2026-05-07 18:26:01.954,2,1.1,0.31,1.02,246.73220000000003,-85.6904,-67.4086,175,75
2026-05-07 18:26:01.970,2,1.03,0.36,1.02,257.2222,-84.96039999999999,-77.3486,175,75
2026-05-07 18:26:01.986,2,1.04,0.51,0.96,269.11220000000003,-80.9404,-84.6086,175,75
2026-05-07 18:26:02.075,2,0.68,0.37,0.76,320.0222,-43.0104,-102.83859999999999,175,75
2026-05-07 18:26:02.087,2,0.5,0.38,0.74,336.4322,-36.300399999999996,-100.76859999999999,175,75
2026-05-07 18:26:02.097,2,0.38,0.26,0.77,373.1322,-41.1204,-93.26859999999999,175,75
2026-05-07 18:26:02.109,2,0.36,0.22,0.76,386.79220000000004,-53.680400000000006,-92.1086,175,75
2026-05-07 18:26:02.131,2,0.31,0.16,0.7,395.4522,-66.0604,-91.49860000000001,175,75
2026-05-07 18:26:02.144,2,0.24,0.14,0.67,401.2422,-67.5204,-90.21860000000001,175,75
2026-05-07 18:26:02.149,2,0.12,0.13,0.61,412.04220000000004,-61.120400000000004,-86.73859999999999,175,75
2026-05-07 18:26:02.169,2,-0.05,0.09,0.62,434.54220000000004,-32.5804,-73.68860000000001,175,75
2026-05-07 18:26:02.229,2,-0.08,0.05,0.65,434.29220000000004,-43.4404,-66.3786,175,75
2026-05-07 18:26:02.239,2,-0.07,0.06,0.65,424.8422,-53.800399999999996,-66.9186,175,75
2026-05-07 18:26:02.275,2,-0.11,0.12,0.63,413.4422,-54.050399999999996,-62.83860000000001,175,75
2026-05-07 18:26:02.286,2,-0.16,0.18,0.63,397.8922,-33.0704,-58.448600000000006,175,75
2026-05-07 18:26:02.286,2,-0.17,0.21,0.65,390.2122,-36.7304,-56.4986,175,75
2026-05-07 18:26:02.299,2,-0.14,0.21,0.65,367.7722,-77.2804,-66.0086,175,75
2026-05-07 18:26:02.323,2,-0.2,0.18,0.57,348.5622,-99.1104,-76.9186,175,75
2026-05-07 18:26:02.357,2,0.03,-0.16,0.54,306.0622,-64.2904,-106.18860000000001,175,75
2026-05-07 18:26:02.380,2,0.05,-0.19,0.51,295.5722,-79.2904,-108.4486,175,75
2026-05-07 18:26:02.420,2,0.07,-0.19,0.44,282.6522,-114.5904,-109.05859999999998,175,75
2026-05-07 18:26:02.472,2,0.01,-0.06,-0.03,215.5722,-268.1304,-141.0686,175,75
2026-05-07 18:26:02.495,2,-0.43,-0.16,-1.02,133.2622,-150.4504,-136.30859999999998,175,75
2026-05-07 18:26:02.505,2,-0.28,-0.19,-1.15,113.5622,-77.7704,-126.24859999999998,175,75
2026-05-07 18:26:02.544,2,-0.16,-0.13,-1.18,87.2222,-15.880399999999998,-112.71860000000001,175,75
2026-05-07 18:26:02.544,2,0.32,0.3,-0.56,18.932199999999998,83.9396,-50.698600000000006,175,75
2026-05-07 18:26:02.575,2,0.65,0.31,-0.19,-40.397800000000004,84.7296,-21.1886,175,75
2026-05-07 18:26:02.585,2,0.5,0.35,0.02,-54.1178,101.2596,-9.5486,175,75
2026-05-07 18:26:02.600,2,0.56,0.41,0.22,-57.897800000000004,98.0896,-1.308600000000002,175,75
2026-05-07 18:26:02.611,2,0.67,0.37,0.35,-60.647800000000004,74.3096,3.561399999999999,175,75
2026-05-07 18:26:02.655,2,0.54,0.42,0.04,-65.2178,-101.0004,12.161399999999997,175,75
2026-05-07 18:26:02.668,2,0.46,0.47,-0.05,-67.0478,-97.6404,16.121399999999998,175,75
2026-05-07 18:26:02.668,2,0.33,0.52,-0.16,-70.5878,-54.050399999999996,23.691399999999998,175,75
2026-05-07 18:26:02.716,2,0.55,0.25,-0.24,-116.3178,24.3096,42.651399999999995,175,75
2026-05-07 18:26:02.716,2,0.55,0.26,-0.28,-123.8178,5.4096,46.9214,175,75
2026-05-07 18:26:02.729,2,0.41,0.34,-0.36,-130.8278,-15.9404,57.5914,175,75
2026-05-07 18:26:02.756,2,0.3,0.42,-0.43,-135.64780000000002,-16.7304,68.6214,175,75
2026-05-07 18:26:02.756,2,0.26,0.43,-0.48,-142.4778,-3.8604000000000003,79.78139999999999,175,75
2026-05-07 18:26:02.770,2,0.19,0.41,-0.52,-156.6178,21.0796,91.6714,175,75
2026-05-07 18:26:02.786,2,0.14,0.32,-0.53,-185.94779999999997,61.6896,109.78139999999999,175,75
2026-05-07 18:26:02.813,2,0.15,0.22,-0.39,-239.1778,98.8196,132.8314,175,75
2026-05-07 18:26:02.838,2,0.03,0.27,-0.32,-254.1178,97.4196,143.3214,175,75
2026-05-07 18:26:02.867,2,-0.13,0.3,-0.18,-268.26779999999997,90.4696,168.6214,175,75
2026-05-07 18:26:02.867,2,-0.22,0.27,-0.1,-284.8478,84.0596,182.22140000000002,175,75
2026-05-07 18:26:02.878,2,-0.27,0.24,-0.07,-303.01779999999997,81.3796,194.66140000000001,175,75
2026-05-07 18:26:02.896,2,-0.3,0.24,-0.05,-319.1178,82.2996,205.5814,175,75
2026-05-07 18:26:02.896,2,-0.34,0.24,-0.01,-331.4378,91.9896,219.97140000000002,175,75
2026-05-07 18:26:02.926,2,-0.32,0.19,0.14,-358.6878,144.0596,240.8814,175,75
2026-05-07 18:26:02.947,2,-0.26,0.15,0.28,-372.89779999999996,179.6096,249.5414,175,75
2026-05-07 18:26:02.947,2,-0.13,0.09,0.39,-384.1178,206.0796,246.3714,175,75
2026-05-07 18:26:02.964,2,0.1,0.03,0.6,-404.6078,188.1496,225.3314,175,75
2026-05-07 18:26:02.978,2,0.28,0.0,0.76,-413.26779999999997,160.1596,208.44140000000002,175,75
2026-05-07 18:26:02.984,2,0.47,-0.01,0.91,-416.5578,98.5796,188.3814,175,75
2026-05-07 18:26:02.991,2,0.43,0.01,0.99,-419.2978,20.2196,186.19140000000002,175,75
2026-05-07 18:26:03.034,2,0.28,0.04,0.73,-454.6078,-146.4204,205.4514,175,75
2026-05-07 18:26:03.056,2,0.04,-0.26,0.42,-456.3178,-117.22040000000001,232.9514,175,75
2026-05-07 18:26:03.056,2,0.04,-0.53,0.41,-454.6078,-73.6804,238.5614,175,75
2026-05-07 18:26:03.077,2,0.3,-0.85,0.3,-445.2778,-14.0504,240.7614,175,75
2026-05-07 18:26:03.083,2,0.44,-1.1,0.33,-427.5378,9.0596,220.2714,175,75
2026-05-07 18:26:03.126,2,0.77,-1.44,0.58,-401.5578,54.6696,160.5814,175,75
2026-05-07 18:26:03.126,2,0.91,-1.4,0.84,-371.5578,106.4996,120.5814,175,75
2026-05-07 18:26:03.126,2,1.0,-0.98,1.13,-325.0378,147.3596,64.78139999999999,175,75
2026-05-07 18:26:03.130,2,0.99,-0.38,1.41,-257.1078,188.6996,28.501399999999997,175,75
2026-05-07 18:26:03.148,2,0.71,1.18,1.54,-91.73780000000001,307.8396,2.041399999999996,175,75
2026-05-07 18:26:03.169,2,1.41,1.8,1.63,32.4022,172.3596,31.9214,175,75
2026-05-07 18:26:03.184,2,1.7,1.14,2.08,7.222200000000001,54.9196,14.841399999999997,175,75
2026-05-07 18:26:03.188,2,1.89,0.68,2.17,-12.1678,-42.5204,-2.588600000000003,175,75
2026-05-07 18:26:03.199,2,1.81,0.64,1.93,-11.927800000000001,-166.4904,4.111399999999996,175,75
2026-05-07 18:26:03.213,2,1.5,1.09,1.34,3.2622,-306.3004,38.6914,175,75
2026-05-07 18:26:03.225,2,1.22,1.42,0.67,5.212199999999999,-359.4104,71.8614,175,75
2026-05-07 18:26:03.236,2,0.8,1.38,0.1,-9.6678,-252.8904,34.481399999999994,175,75
2026-05-07 18:26:03.260,2,0.73,1.39,-0.47,-20.5878,22.8396,25.701399999999996,175,75
2026-05-07 18:26:03.260,2,1.11,1.25,-0.13,-16.6178,200.4096,17.591399999999997,175,75
2026-05-07 18:26:03.274,2,1.52,1.04,0.82,-5.1578,230.4696,-9.2986,175,75
2026-05-07 18:26:03.292,2,1.35,0.92,1.45,-11.9878,189.1896,-24.788600000000002,175,75
2026-05-07 18:26:03.315,2,1.34,0.98,1.54,-29.3678,93.2096,-13.388600000000004,175,75
2026-05-07 18:26:03.315,2,1.24,1.17,1.4,-24.6078,-62.8304,19.971399999999996,175,75
2026-05-07 18:26:03.328,2,1.11,1.17,1.15,-3.6278000000000006,-160.3904,47.221399999999996,175,75
2026-05-07 18:26:03.338,2,1.03,1.05,0.82,7.712199999999999,-198.8604,54.1714,175,75
2026-05-07 18:26:03.349,2,0.8,0.9,0.47,10.022199999999998,-138.8604,25.7614,175,75
2026-05-07 18:26:03.361,2,0.79,0.85,0.09,17.4022,26.8096,-0.08860000000000312,175,75
2026-05-07 18:26:03.373,2,0.99,0.87,0.36,34.4822,83.2096,-13.328600000000002,175,75
2026-05-07 18:26:03.384,2,0.97,0.89,0.69,44.7822,88.1496,-20.0886,175,75
2026-05-07 18:26:03.384,2,0.97,0.91,0.87,43.3822,70.64959999999999,-22.0486,175,75
2026-05-07 18:26:03.394,2,0.93,0.94,0.88,34.1722,31.619600000000002,-16.068600000000004,175,75
2026-05-07 18:26:03.417,2,0.78,1.01,0.72,23.382199999999997,-25.450400000000002,-5.888600000000004,175,75
2026-05-07 18:26:03.427,2,0.65,0.99,0.55,18.6222,-29.230400000000003,-6.378600000000002,175,75
2026-05-07 18:26:03.427,2,0.59,0.96,0.44,14.3522,-8.130399999999998,-10.7686,175,75
2026-05-07 18:26:03.444,2,0.6,1.0,0.45,8.7422,22.599600000000002,-13.748600000000003,175,75
2026-05-07 18:26:03.459,2,0.6,1.05,0.6,5.392199999999999,37.9696,-14.788600000000002,175,75
2026-05-07 18:26:03.475,2,0.64,1.05,0.74,2.6522000000000006,32.9696,-13.568600000000004,175,75
2026-05-07 18:26:03.486,2,0.63,1.01,0.82,0.9421999999999997,11.9296,-8.938600000000001,175,75
2026-05-07 18:26:03.498,2,0.55,0.98,0.83,2.2821999999999996,-13.990400000000001,-3.5086000000000013,175,75
2026-05-07 18:26:03.510,2,0.49,0.98,0.8,4.1122,-28.9904,-0.2786000000000044,175,75
2026-05-07 18:26:03.521,2,0.42,1.01,0.73,4.902200000000001,-35.8104,3.3813999999999957,175,75
2026-05-07 18:26:03.522,2,0.35,1.03,0.68,4.902200000000001,-37.5804,6.191399999999998,175,75
2026-05-07 18:26:03.538,2,0.35,1.01,0.71,4.1722,-32.8904,6.671399999999998,175,75
2026-05-07 18:26:03.551,2,0.33,0.97,0.76,4.542199999999999,-35.0204,7.951399999999996,175,75
2026-05-07 18:26:03.564,2,0.33,0.98,0.78,6.792200000000001,-43.3804,10.151399999999997,175,75
2026-05-07 18:26:03.588,2,0.31,1.03,0.78,13.132200000000001,-63.1904,16.551399999999997,175,75
2026-05-07 18:26:03.600,2,0.26,0.99,0.72,15.3322,-70.6904,21.731399999999997,175,75
2026-05-07 18:26:03.616,2,0.21,0.97,0.68,18.8722,-65.5104,23.2614,175,75
2026-05-07 18:26:03.627,2,0.17,0.96,0.65,21.7322,-57.7004,25.451399999999996,175,75
2026-05-07 18:26:03.638,2,0.15,0.95,0.67,23.132199999999997,-47.1604,27.8314,175,75
2026-05-07 18:26:03.638,2,0.14,0.94,0.72,23.502200000000002,-43.5604,32.1014,175,75
2026-05-07 18:26:03.669,2,0.17,0.95,0.82,26.1822,-61.0604,40.511399999999995,175,75
2026-05-07 18:26:03.710,2,0.13,0.92,0.8,23.562199999999997,-110.6904,59.8414,175,75
2026-05-07 18:26:03.715,2,0.08,0.91,0.75,22.952199999999998,-121.7904,66.9214,175,75
2026-05-07 18:26:03.719,2,0.03,0.89,0.69,25.3322,-121.91040000000001,72.7714,175,75
2026-05-07 18:26:03.732,2,-0.01,0.87,0.63,29.0522,-115.5104,77.7114,175,75
2026-05-07 18:26:03.732,2,-0.06,0.87,0.6,32.2222,-103.9904,83.44139999999999,175,75
2026-05-07 18:26:03.767,2,0.03,0.72,0.83,38.6222,-94.6604,99.54140000000001,175,75
2026-05-07 18:26:03.777,2,0.01,0.65,0.86,43.8722,-108.2504,108.50139999999999,175,75
2026-05-07 18:26:03.777,2,-0.0,0.62,0.83,49.0522,-119.84039999999999,118.38139999999999,175,75
2026-05-07 18:26:03.788,2,0.03,0.59,0.78,56.672200000000004,-142.4604,130.7614,175,75
2026-05-07 18:26:03.811,2,0.04,0.53,0.68,73.3222,-136.1804,136.8614,175,75
2026-05-07 18:26:03.822,2,0.02,0.45,0.63,81.6722,-120.94040000000001,140.88139999999999,175,75
2026-05-07 18:26:03.834,2,-0.01,0.38,0.64,90.2122,-117.16040000000001,143.8114,175,75
2026-05-07 18:26:03.845,2,0.0,0.33,0.66,95.8822,-116.4204,144.1114,175,75
2026-05-07 18:26:03.856,2,0.06,0.28,0.66,99.9022,-118.13040000000001,146.4914,175,75
2026-05-07 18:26:03.867,2,0.13,0.25,0.64,100.3322,-122.8304,148.9914,175,75
2026-05-07 18:26:03.881,2,0.15,0.19,0.63,101.9822,-118.25040000000001,151.8614,175,75
2026-05-07 18:26:03.892,2,0.15,0.08,0.64,110.2722,-102.7004,152.1614,175,75
2026-05-07 18:26:03.904,2,0.19,-0.05,0.66,123.93220000000001,-92.4004,153.1414,175,75
2026-05-07 18:26:03.915,2,0.24,-0.25,0.77,145.3322,-98.2504,152.3414,175,75
2026-05-07 18:26:03.941,2,0.4,-0.44,0.84,179.66219999999998,-151.0004,136.6114,175,75
2026-05-07 18:26:03.955,2,0.4,-0.4,0.78,190.3322,-165.2004,127.04140000000001,175,75
2026-05-07 18:26:03.955,2,0.32,-0.34,0.66,202.8922,-165.6304,117.04140000000001,175,75
2026-05-07 18:26:03.968,2,0.26,-0.46,0.63,210.3922,-157.1604,111.1214,175,75
2026-05-07 18:26:03.997,2,0.31,-0.91,0.68,220.5122,-150.5104,99.1114,175,75
2026-05-07 18:26:04.004,2,0.4,-1.18,0.69,227.10219999999998,-150.2004,87.8314,175,75
2026-05-07 18:26:04.020,2,0.36,-1.45,0.71,246.31220000000002,-157.7004,43.5614,175,75
2026-05-07 18:26:04.077,2,0.29,-1.42,0.71,256.67220000000003,-159.3504,18.0814,175,75
2026-05-07 18:26:04.077,2,0.23,-1.29,0.7,271.85220000000004,-160.7504,-14.2986,175,75
2026-05-07 18:26:04.077,2,0.22,-1.45,0.65,278.7422,-157.2204,-16.0086,175,75
2026-05-07 18:26:04.097,2,0.16,-1.64,0.65,275.1522,-147.2204,-19.968600000000002,175,75
2026-05-07 18:26:04.097,2,0.18,-1.83,0.64,267.4022,-139.1704,-31.738600000000005,175,75
2026-05-07 18:26:04.127,2,0.2,-1.8,0.69,277.5222,-157.6404,-83.3286,175,75
2026-05-07 18:26:04.127,2,0.29,-1.72,0.74,292.04220000000004,-184.4704,-112.46860000000001,175,75
2026-05-07 18:26:04.137,2,0.37,-1.71,0.82,298.9922,-216.2404,-125.76859999999999,175,75
2026-05-07 18:26:04.168,2,0.32,-1.73,0.84,294.9022,-232.6404,-124.4186,175,75
2026-05-07 18:26:04.168,2,0.03,-1.81,0.73,282.7122,-278.2504,-145.33859999999999,175,75
2026-05-07 18:26:04.186,2,-0.13,-1.8,0.65,275.2122,-285.4504,-167.6586,175,75
2026-05-07 18:26:04.193,2,-0.26,-1.72,0.58,268.4422,-281.7904,-191.7986,175,75
2026-05-07 18:26:04.202,2,-0.32,-1.58,0.53,266.0022,-270.5104,-216.4386,175,75
2026-05-07 18:26:04.213,2,-0.29,-1.48,0.53,262.9522,-259.5904,-232.0486,175,75
2026-05-07 18:26:04.223,2,-0.25,-1.31,0.59,250.2122,-235.2004,-236.30859999999998,175,75
2026-05-07 18:26:04.243,2,-0.25,-1.23,0.65,235.4522,-223.4404,-226.1886,175,75
2026-05-07 18:26:04.255,2,-0.31,-1.13,0.68,218.81220000000002,-216.4904,-223.6886,175,75
2026-05-07 18:26:04.269,2,-0.33,-0.99,0.69,200.2722,-212.5804,-231.18859999999998,175,75
2026-05-07 18:26:04.303,2,-0.33,-0.58,0.64,168.93220000000002,-187.0304,-229.6086,175,75
2026-05-07 18:26:04.315,2,-0.31,-0.24,0.64,153.99220000000003,-152.7704,-204.1186,175,75
2026-05-07 18:26:04.326,2,-0.31,-0.11,0.69,142.2822,-128.0104,-183.3286,175,75
2026-05-07 18:26:04.331,2,-0.28,-0.03,0.76,127.0422,-111.9104,-161.7386,175,75
2026-05-07 18:26:04.338,2,-0.24,0.01,0.8,115.8822,-113.5004,-150.9486,175,75
2026-05-07 18:26:04.354,2,-0.26,0.06,0.84,98.8122,-120.2704,-136.30859999999998,175,75
2026-05-07 18:26:04.369,2,-0.29,0.14,0.84,85.5722,-118.7404,-125.21860000000001,175,75
2026-05-07 18:26:04.400,2,-0.31,0.22,0.84,74.2922,-113.9904,-114.6686,175,75
2026-05-07 18:26:04.411,2,-0.3,0.3,0.84,64.1722,-107.0304,-103.3286,175,75
2026-05-07 18:26:04.411,2,-0.26,0.38,0.85,50.7022,-103.1304,-85.6986,175,75
2026-05-07 18:26:04.411,2,-0.25,0.43,0.85,39.1122,-105.4504,-71.8586,175,75
2026-05-07 18:26:04.448,2,-0.24,0.47,0.86,24.2322,-106.3004,-54.668600000000005,175,75
2026-05-07 18:26:04.448,2,-0.22,0.5,0.86,14.9622,-106.1204,-42.168600000000005,175,75
2026-05-07 18:26:04.463,2,-0.2,0.51,0.84,6.552199999999999,-109.4104,-27.898600000000002,175,75
2026-05-07 18:26:04.481,2,-0.24,0.57,0.82,-8.8178,-103.3804,-0.08860000000000312,175,75
2026-05-07 18:26:04.481,2,-0.21,0.59,0.8,-11.927800000000001,-101.0604,11.921399999999997,175,75
2026-05-07 18:26:04.517,2,-0.15,0.61,0.79,-18.3878,-114.2904,52.471399999999996,175,75
2026-05-07 18:26:04.517,2,-0.09,0.6,0.76,-18.0878,-118.9204,67.0414,175,75
2026-05-07 18:26:04.529,2,-0.05,0.6,0.75,-18.6278,-124.1104,76.73140000000001,175,75
2026-05-07 18:26:04.538,2,-0.04,0.59,0.74,-20.5178,-125.3904,84.48140000000001,175,75
2026-05-07 18:26:04.572,2,-0.08,0.59,0.66,-27.1678,-115.6904,101.19139999999999,175,75
2026-05-07 18:26:04.587,2,-0.1,0.59,0.62,-28.6278,-106.6104,110.5814,175,75
2026-05-07 18:26:04.608,2,-0.02,0.48,0.59,-33.937799999999996,-85.8104,132.8914,175,75
2026-05-07 18:26:04.620,2,0.01,0.45,0.56,-38.6278,-53.380399999999995,139.9714,175,75
2026-05-07 18:26:04.632,2,-0.0,0.43,0.57,-40.827799999999996,-35.0804,143.4414,175,75
2026-05-07 18:26:04.640,2,0.02,0.38,0.57,-43.9978,-18.2504,146.9214,175,75
2026-05-07 18:26:04.651,2,0.04,0.34,0.59,-48.7578,-5.570399999999999,150.2114,175,75
2026-05-07 18:26:04.662,2,0.03,0.31,0.6,-52.8378,5.6496,152.2814,175,75
2026-05-07 18:26:04.673,2,0.06,0.27,0.61,-56.7378,18.6996,154.5414,175,75
2026-05-07 18:26:04.703,2,0.08,0.13,0.61,-60.9478,47.1696,159.97140000000002,175,75
2026-05-07 18:26:04.724,2,0.09,0.04,0.63,-61.2578,74.2496,160.2114,175,75
2026-05-07 18:26:04.761,2,0.13,-0.14,0.73,-60.4578,146.0096,158.6214,175,75
2026-05-07 18:26:04.761,2,0.13,-0.22,0.85,-67.65780000000001,180.5896,158.3814,175,75
2026-05-07 18:26:04.761,2,0.15,-0.37,0.99,-79.0578,196.7496,160.1514,175,75
2026-05-07 18:26:04.783,2,0.13,-0.57,1.15,-94.2978,191.6896,165.3914,175,75
2026-05-07 18:26:04.799,2,0.16,-0.57,1.11,-97.0478,199.1896,165.8214,175,75
2026-05-07 18:26:04.832,2,-0.03,-0.45,1.04,-105.4578,296.7496,171.0614,175,75
2026-05-07 18:26:04.842,2,0.02,-0.47,1.14,-103.2678,318.0296,175.8814,175,75
2026-05-07 18:26:04.855,2,0.08,-0.51,1.25,-101.1278,308.5796,176.6714,175,75
2026-05-07 18:26:04.867,2,0.19,-0.54,1.33,-98.7578,279.9196,172.3414,175,75
2026-05-07 18:26:04.910,2,0.31,-0.43,1.28,-72.7778,104.9196,152.8314,175,75
2026-05-07 18:26:04.922,2,0.19,-0.44,1.18,-68.9978,71.2596,152.4114,175,75
2026-05-07 18:26:04.925,2,0.09,-0.43,1.11,-64.9778,48.9396,148.6914,175,75
2026-05-07 18:26:04.942,2,0.02,-0.42,1.03,-58.3278,32.229600000000005,142.6514,175,75
2026-05-07 18:26:04.949,2,-0.0,-0.38,0.96,-49.9078,17.1696,137.6514,175,75
2026-05-07 18:26:04.967,2,0.06,-0.33,0.89,-35.037800000000004,-0.8103999999999996,136.0614,175,75
2026-05-07 18:26:04.978,2,0.08,-0.32,0.84,-27.3478,-4.470399999999998,136.8614,175,75
2026-05-07 18:26:04.990,2,0.08,-0.35,0.78,-19.427799999999998,-3.3103999999999996,137.2814,175,75
2026-05-07 18:26:05.001,2,0.06,-0.39,0.73,-12.777800000000001,2.169600000000001,136.0614,175,75
2026-05-07 18:26:05.012,2,0.03,-0.41,0.65,-7.5978,13.9396,130.0314,175,75
2026-05-07 18:26:05.023,2,-0.02,-0.39,0.6,-5.5878000000000005,30.9496,123.81139999999999,175,75
2026-05-07 18:26:05.033,2,-0.02,-0.32,0.58,-3.2078000000000007,53.9396,116.5514,175,75
2026-05-07 18:26:05.059,2,-0.02,-0.25,0.6,-0.33779999999999966,73.3296,114.4214,175,75
2026-05-07 18:26:05.059,2,0.01,-0.2,0.66,2.7121999999999993,81.8096,114.78139999999999,175,75
2026-05-07 18:26:05.070,2,0.03,-0.18,0.73,3.8721999999999994,74.0596,111.4914,175,75
2026-05-07 18:26:05.081,2,0.02,-0.16,0.78,2.7121999999999993,56.3796,108.1414,175,75
2026-05-07 18:26:05.091,2,0.01,-0.13,0.78,-1.0678,29.6096,104.54140000000001,175,75
2026-05-07 18:26:05.102,2,-0.03,-0.1,0.71,-4.1778,4.8596,103.01140000000001,175,75
2026-05-07 18:26:05.107,2,-0.06,-0.08,0.63,-4.9078,-6.5504,101.25139999999999,175,75
2026-05-07 18:26:05.120,2,-0.07,-0.06,0.57,-5.9478,-10.630399999999998,98.75139999999999,175,75
2026-05-07 18:26:05.131,2,-0.08,-0.04,0.52,-7.4078,-9.290399999999998,95.88139999999999,175,75
2026-05-07 18:26:05.141,2,-0.1,-0.02,0.49,-9.9778,-3.4404000000000003,92.04140000000001,175,75
2026-05-07 18:26:05.152,2,-0.12,0.0,0.48,-13.6878,6.9896,88.75139999999999,175,75
2026-05-07 18:26:05.168,2,-0.15,0.02,0.46,-17.5978,13.329600000000001,87.4114,175,75
2026-05-07 18:26:05.178,2,-0.17,0.02,0.46,-21.677799999999998,19.4296,85.8214,175,75
2026-05-07 18:26:05.192,2,-0.16,-0.01,0.47,-25.7078,20.2196,80.7014,175,75
2026-05-07 18:26:05.204,2,-0.15,0.0,0.48,-30.0378,21.0096,76.9214,175,75
2026-05-07 18:26:05.218,2,-0.16,0.0,0.48,-32.1078,25.279600000000002,73.3814,175,75
2026-05-07 18:26:05.229,2,-0.18,0.01,0.49,-32.2278,28.8196,69.1714,175,75
2026-05-07 18:26:05.241,2,-0.18,0.02,0.51,-33.5078,28.6996,64.4214,175,75
2026-05-07 18:26:05.256,2,-0.18,0.0,0.52,-36.0078,25.4696,60.511399999999995,175,75
2026-05-07 18:26:05.280,2,-0.23,-0.0,0.5,-37.047799999999995,28.4496,53.5614,175,75
2026-05-07 18:26:05.293,2,-0.24,0.01,0.51,-36.927800000000005,37.5396,50.3314,175,75
2026-05-07 18:26:05.293,2,-0.24,0.01,0.53,-36.927800000000005,43.9396,48.011399999999995,175,75
2026-05-07 18:26:05.305,2,-0.23,0.01,0.56,-37.4778,47.1096,46.4314,175,75
2026-05-07 18:26:05.320,2,-0.2,-0.0,0.6,-37.537800000000004,48.2096,43.20139999999999,175,75
2026-05-07 18:26:05.334,2,-0.19,0.0,0.65,-36.7378,47.7796,39.971399999999996,175,75
2026-05-07 18:26:05.338,2,-0.16,0.02,0.69,-35.1578,45.7096,36.8014,175,75
2026-05-07 18:26:05.360,2,-0.14,0.01,0.73,-32.9578,40.5296,33.4414,175,75
2026-05-07 18:26:05.360,2,-0.16,0.02,0.74,-30.3378,34.8596,29.721399999999996,175,75
2026-05-07 18:26:05.383,2,-0.17,0.04,0.75,-27.0478,32.479600000000005,24.911399999999997,175,75
2026-05-07 18:26:05.416,2,-0.16,0.1,0.77,-18.5678,30.1596,18.691399999999998,175,75
2026-05-07 18:26:05.416,2,-0.15,0.13,0.79,-16.9278,27.9096,16.551399999999997,175,75
2026-05-07 18:26:05.425,2,-0.13,0.15,0.81,-15.517800000000001,25.8896,14.541399999999998,175,75
2026-05-07 18:26:05.435,2,-0.11,0.17,0.85,-13.5678,21.9296,11.371399999999998,175,75
2026-05-07 18:26:05.446,2,-0.1,0.17,0.86,-11.0078,16.4396,8.201399999999996,175,75
2026-05-07 18:26:05.461,2,-0.08,0.16,0.9,-8.0878,11.3796,4.911399999999997,175,75
2026-05-07 18:26:05.472,2,-0.06,0.12,0.93,-6.2578000000000005,6.6196,1.6713999999999984,175,75
2026-05-07 18:26:05.483,2,-0.04,0.07,0.94,-4.8478,-1.2403999999999993,-1.678600000000003,175,75
2026-05-07 18:26:05.506,2,-0.06,0.04,0.95,-4.1178,-7.090399999999999,-6.128600000000002,175,75
2026-05-07 18:26:05.507,2,-0.07,0.04,0.96,-0.5877999999999997,-10.1404,-11.248600000000003,175,75
2026-05-07 18:26:05.542,2,-0.03,-0.0,0.96,9.6022,-23.1304,-21.128600000000006,175,75
2026-05-07 18:26:05.564,2,-0.01,-0.03,0.96,16.2422,-23.620399999999997,-25.948600000000006,175,75
2026-05-07 18:26:05.577,2,-0.01,-0.07,0.94,22.8322,-25.1404,-30.028600000000004,175,75
2026-05-07 18:26:05.577,2,-0.01,-0.11,0.9,26.852199999999996,-23.800399999999996,-33.7486,175,75
2026-05-07 18:26:05.588,2,-0.05,-0.15,0.88,29.602199999999996,-17.4604,-36.558600000000006,175,75
2026-05-07 18:26:05.612,2,-0.03,-0.23,0.91,35.5122,-7.520399999999999,-40.948600000000006,175,75
2026-05-07 18:26:05.640,2,0.14,-0.49,1.03,46.9122,-32.1604,-52.9586,175,75
2026-05-07 18:26:05.651,2,0.16,-0.61,1.02,53.3222,-50.0204,-62.22860000000001,175,75
2026-05-07 18:26:05.673,2,-0.07,-0.63,0.91,70.9422,-50.8104,-92.52860000000001,175,75
2026-05-07 18:26:05.683,2,-0.02,-0.59,0.94,82.1022,-62.9504,-108.1986,175,75
2026-05-07 18:26:05.694,2,0.04,-0.57,1.0,93.9322,-81.8504,-122.95859999999999,175,75
2026-05-07 18:26:05.711,2,0.09,-0.57,1.02,101.9822,-97.46039999999999,-129.9686,175,75
2026-05-07 18:26:05.723,2,0.1,-0.64,0.99,106.4922,-120.2704,-135.7686,175,75
2026-05-07 18:26:05.723,2,0.01,-0.71,0.95,109.9022,-132.7704,-142.6586,175,75
2026-05-07 18:26:05.752,2,-0.14,-0.78,0.87,114.2322,-133.2504,-154.3586,175,75
2026-05-07 18:26:05.752,2,-0.26,-0.81,0.85,119.2922,-126.85040000000001,-166.7986,175,75
2026-05-07 18:26:05.763,2,-0.25,-0.83,0.88,123.3222,-130.2004,-174.9686,175,75
2026-05-07 18:26:05.785,2,-0.21,-0.94,0.93,129.29219999999998,-147.2204,-181.7986,175,75
2026-05-07 18:26:05.785,2,-0.21,-1.06,0.94,130.2722,-167.7704,-183.3886,175,75
2026-05-07 18:26:05.811,2,-0.3,-1.13,0.88,126.49220000000001,-176.1804,-188.99859999999998,175,75
2026-05-07 18:26:05.824,2,-0.39,-1.13,0.8,121.3122,-171.4904,-202.58859999999999,175,75
2026-05-07 18:26:05.855,2,-0.22,-0.83,0.77,111.2422,-95.3304,-235.45860000000002,175,75
2026-05-07 18:26:05.912,2,-0.25,-0.79,0.91,99.0522,-67.8304,-204.6086,175,75
2026-05-07 18:26:05.933,2,-0.31,-0.81,1.03,90.6322,-74.7804,-198.0786,175,75
2026-05-07 18:26:05.933,2,-0.35,-0.75,1.1,82.8922,-90.2704,-195.8886,175,75
2026-05-07 18:26:05.951,2,-0.38,-0.61,1.12,60.6322,-124.1704,-187.58859999999999,175,75
2026-05-07 18:26:05.963,2,-0.4,-0.54,1.09,51.1822,-132.5804,-178.3286,175,75
2026-05-07 18:26:05.963,2,-0.42,-0.47,1.06,44.7822,-138.9204,-167.7186,175,75
2026-05-07 18:26:05.973,2,-0.45,-0.41,1.01,40.7622,-140.8804,-157.0486,175,75
2026-05-07 18:26:05.993,2,-0.48,-0.31,0.98,29.962200000000003,-123.9904,-138.0186,175,75
2026-05-07 18:26:06.004,2,-0.47,-0.24,0.98,24.962200000000003,-114.7804,-126.18860000000001,175,75
2026-05-07 18:26:06.015,2,-0.45,-0.18,0.98,22.6522,-109.2904,-116.73859999999999,175,75
2026-05-07 18:26:06.028,2,-0.39,-0.13,0.99,20.4522,-105.9404,-106.43860000000001,175,75
2026-05-07 18:26:06.036,2,-0.37,-0.08,0.99,17.1022,-98.6804,-93.3886,175,75
2026-05-07 18:26:06.050,2,-0.37,-0.03,1.0,14.662199999999999,-91.4904,-83.8786,175,75
2026-05-07 18:26:06.050,2,-0.37,0.02,1.0,13.382200000000001,-82.46039999999999,-74.6686,175,75
2026-05-07 18:26:06.064,2,-0.37,0.06,0.99,13.7422,-73.8604,-65.08860000000001,175,75
2026-05-07 18:26:06.076,2,-0.36,0.1,1.01,14.1722,-69.0504,-57.778600000000004,175,75
2026-05-07 18:26:06.088,2,-0.35,0.13,1.02,13.8722,-66.1804,-46.7986,175,75
2026-05-07 18:26:06.099,2,-0.34,0.17,1.02,11.8522,-66.1204,-36.378600000000006,175,75
2026-05-07 18:26:06.121,2,-0.32,0.2,1.03,10.572199999999999,-67.8904,-24.058600000000006,175,75
2026-05-07 18:26:06.132,2,-0.31,0.21,1.02,9.9622,-69.1704,-15.638600000000004,175,75
2026-05-07 18:26:06.132,2,-0.3,0.23,1.0,9.7822,-69.0504,-5.6986000000000026,175,75
2026-05-07 18:26:06.142,2,-0.28,0.23,0.98,9.7222,-68.5604,3.9913999999999987,175,75
2026-05-07 18:26:06.184,2,-0.25,0.28,0.91,10.452200000000001,-44.050399999999996,24.231399999999997,175,75
2026-05-07 18:26:06.194,2,-0.21,0.29,0.9,12.4022,-31.4904,32.3414,175,75
2026-05-07 18:26:06.206,2,-0.19,0.28,0.9,12.162199999999999,-21.970399999999998,40.4514,175,75
2026-05-07 18:26:06.213,2,-0.18,0.26,0.91,10.822199999999999,-14.0504,47.5314,175,75
2026-05-07 18:26:06.237,2,-0.18,0.25,0.91,8.8722,-5.020399999999999,53.621399999999994,175,75
2026-05-07 18:26:06.252,2,-0.16,0.25,0.9,6.552199999999999,4.9796000000000005,59.051399999999994,175,75
2026-05-07 18:26:06.279,2,-0.15,0.25,0.9,4.6022,13.6396,62.7114,175,75
2026-05-07 18:26:06.292,2,-0.13,0.26,0.9,2.3422,23.6996,67.47139999999999,175,75
2026-05-07 18:26:06.304,2,-0.12,0.28,0.9,-0.15779999999999994,35.4696,73.2014,175,75
2026-05-07 18:26:06.332,2,-0.02,0.26,1.04,-19.547800000000002,85.4696,101.4914,175,75
2026-05-07 18:26:06.342,2,0.0,0.25,1.07,-23.1478,88.2696,105.88139999999999,175,75
2026-05-07 18:26:06.352,2,0.01,0.23,1.1,-27.8978,90.2196,110.3314,175,75
2026-05-07 18:26:06.365,2,0.02,0.17,1.14,-40.2778,94.0596,117.10139999999998,175,75
2026-05-07 18:26:06.376,2,0.04,0.13,1.17,-47.5978,96.0096,120.5814,175,75
2026-05-07 18:26:06.406,2,0.06,0.01,1.23,-62.4778,83.9396,129.5414,175,75
2026-05-07 18:26:06.416,2,0.07,-0.02,1.24,-67.2878,73.7596,131.8614,175,75
2026-05-07 18:26:06.427,2,0.09,-0.05,1.23,-70.8278,64.3096,135.2714,175,75
2026-05-07 18:26:06.438,2,0.13,-0.09,1.21,-72.3478,54.2496,137.7114,175,75
2026-05-07 18:26:06.450,2,0.17,-0.12,1.19,-73.20779999999999,43.449600000000004,137.5914,175,75
2026-05-07 18:26:06.450,2,0.19,-0.15,1.18,-73.20779999999999,36.4396,136.4914,175,75
2026-05-07 18:26:06.477,2,0.24,-0.19,1.12,-71.0678,17.779600000000002,134.9714,175,75
2026-05-07 18:26:06.512,2,0.22,-0.22,0.98,-68.0878,19.6696,132.1614,175,75
2026-05-07 18:26:06.544,2,0.24,-0.25,0.83,-69.6678,26.8096,128.0814,175,75
2026-05-07 18:26:06.554,2,0.27,-0.25,0.71,-75.4578,36.0796,124.66139999999999,175,75
2026-05-07 18:26:06.573,2,0.26,-0.23,0.62,-81.5578,53.6396,129.0514,175,75
2026-05-07 18:26:06.599,2,0.26,-0.29,0.57,-85.3978,78.2696,143.6914,175,75
2026-05-07 18:26:06.599,2,0.28,-0.41,0.58,-84.7878,93.2096,156.8614,175,75
2026-05-07 18:26:06.610,2,0.39,-0.76,0.7,-76.5578,78.6396,175.1514,175,75
2026-05-07 18:26:06.619,2,0.47,-0.91,0.75,-71.3178,47.4196,172.7114,175,75
2026-05-07 18:26:06.630,2,0.54,-0.99,0.71,-60.9478,10.8896,161.19140000000002,175,75
2026-05-07 18:26:06.641,2,0.54,-0.93,0.57,-43.147800000000004,-18.0104,141.1214,175,75
2026-05-07 18:26:06.664,2,0.53,-0.81,0.47,-23.1478,-33.0704,124.3614,175,75
2026-05-07 18:26:06.664,2,0.45,-0.6,0.37,-0.21780000000000044,-48.1304,109.4214,175,75
2026-05-07 18:26:06.680,2,0.36,-0.44,0.24,15.2122,-63.3104,94.3014,175,75
2026-05-07 18:26:06.680,2,0.25,-0.34,0.14,18.932199999999998,-75.5104,84.1114,175,75
2026-05-07 18:26:06.691,2,0.14,-0.27,0.01,19.0522,-84.3504,74.4214,175,75
2026-05-07 18:26:06.704,2,-0.02,-0.17,-0.12,18.9922,-90.8804,61.7314,175,75
2026-05-07 18:26:06.704,2,-0.16,-0.08,-0.22,18.7422,-76.9704,55.09139999999999,175,75
2026-05-07 18:26:06.714,2,-0.3,-0.01,-0.27,14.7822,-26.730400000000003,50.3314,175,75
2026-05-07 18:26:06.723,2,-0.37,0.04,-0.25,5.7622,42.6596,50.5814,175,75
2026-05-07 18:26:06.744,2,-0.33,0.06,-0.17,-5.8878,122.9096,53.0814,175,75
2026-05-07 18:26:06.744,2,-0.22,0.05,-0.02,-16.7378,175.8896,54.3014,175,75
2026-05-07 18:26:06.762,2,-0.15,0.04,0.17,-22.8378,197.2996,53.0814,175,75
2026-05-07 18:26:06.780,2,-0.08,0.01,0.26,-25.3978,194.7296,49.9114,175,75
2026-05-07 18:26:06.793,2,-0.0,-0.0,0.39,-29.1178,157.8396,42.95139999999999,175,75
2026-05-07 18:26:06.793,2,-0.02,-0.01,0.46,-34.297799999999995,119.6696,40.8814,175,75
2026-05-07 18:26:06.805,2,-0.05,-0.0,0.48,-43.0878,88.5096,40.2714,175,75
2026-05-07 18:26:06.805,2,-0.07,0.02,0.46,-55.5178,65.7096,39.6014,175,75
2026-05-07 18:26:06.826,2,-0.08,0.03,0.42,-61.7378,55.7096,41.0614,175,75
2026-05-07 18:26:06.826,2,-0.1,0.03,0.4,-62.1078,51.9896,43.20139999999999,175,75
2026-05-07 18:26:06.851,2,-0.17,-0.0,0.41,-62.6578,41.4996,46.0614,175,75
2026-05-07 18:26:06.863,2,-0.19,0.01,0.42,-67.0478,39.489599999999996,47.34139999999999,175,75
2026-05-07 18:26:06.887,2,-0.2,0.02,0.41,-68.93780000000001,37.229600000000005,49.9114,175,75
2026-05-07 18:26:06.898,2,-0.2,-0.01,0.41,-70.2178,37.7796,51.0614,175,75
2026-05-07 18:26:06.898,2,-0.2,-0.05,0.42,-71.3178,43.2696,51.861399999999996,175,75
2026-05-07 18:26:06.917,2,-0.21,-0.08,0.45,-70.45779999999999,51.4996,51.121399999999994,175,75
2026-05-07 18:26:06.928,2,-0.19,-0.06,0.46,-68.5678,51.2596,46.981399999999994,175,75
2026-05-07 18:26:06.938,2,-0.2,-0.01,0.45,-67.65780000000001,45.0996,44.361399999999996,175,75
2026-05-07 18:26:06.948,2,-0.21,0.03,0.44,-68.62780000000001,43.2696,46.4314,175,75
2026-05-07 18:26:06.958,2,-0.19,0.05,0.43,-68.0878,44.1196,48.4414,175,75
2026-05-07 18:26:06.994,2,-0.17,0.03,0.43,-66.6178,42.479600000000005,48.9314,175,75
2026-05-07 18:26:06.995,2,-0.12,0.02,0.42,-65.0978,37.2996,46.8014,175,75
2026-05-07 18:26:07.013,2,-0.12,0.03,0.4,-63.3878,34.6696,44.4214,175,75
2026-05-07 18:26:07.044,2,-0.14,0.06,0.3,-64.2978,24.3096,38.7514,175,75
2026-05-07 18:26:07.048,2,-0.17,0.08,0.27,-64.1178,28.1496,36.981399999999994,175,75
2026-05-07 18:26:07.071,2,-0.15,0.1,0.24,-63.5078,39.2496,34.84139999999999,175,75
2026-05-07 18:26:07.071,2,-0.11,0.1,0.26,-62.9578,44.1896,33.5614,175,75
2026-05-07 18:26:07.081,2,-0.06,0.12,0.27,-62.2878,41.2596,30.8814,175,75
2026-05-07 18:26:07.091,2,-0.04,0.14,0.27,-62.9578,35.589600000000004,28.501399999999997,175,75
2026-05-07 18:26:07.091,2,-0.02,0.16,0.27,-64.2378,31.1396,25.5114,175,75
2026-05-07 18:26:07.110,2,0.02,0.18,0.26,-64.0578,28.5796,21.981399999999997,175,75
2026-05-07 18:26:07.121,2,0.04,0.21,0.26,-64.42779999999999,24.729599999999998,19.1714,175,75
2026-05-07 18:26:07.136,2,0.05,0.25,0.27,-65.0978,23.8196,15.761399999999997,175,75
2026-05-07 18:26:07.147,2,0.1,0.27,0.3,-65.2778,23.5096,12.041399999999998,175,75
2026-05-07 18:26:07.178,2,0.19,0.28,0.35,-61.7978,9.4896,6.8013999999999974,175,75
2026-05-07 18:26:07.181,2,0.2,0.27,0.37,-60.8278,-1.7904,0.15139999999999887,175,75
2026-05-07 18:26:07.207,2,0.25,0.3,0.34,-57.2878,-10.6904,-14.968600000000002,175,75
2026-05-07 18:26:07.218,2,0.3,0.33,0.36,-50.397800000000004,-7.6404,-29.5486,175,75
2026-05-07 18:26:07.247,2,0.35,0.34,0.39,-47.5378,-8.500399999999999,-36.378600000000006,175,75
2026-05-07 18:26:07.259,2,0.44,0.31,0.49,-40.827799999999996,-15.200399999999998,-52.22860000000001,175,75
2026-05-07 18:26:07.268,2,0.45,0.27,0.54,-36.8678,-25.3904,-59.2986,175,75
2026-05-07 18:26:07.285,2,0.5,0.24,0.58,-34.4878,-35.3304,-68.4486,175,75
2026-05-07 18:26:07.285,2,0.61,0.18,0.63,-30.6478,-48.6804,-80.76859999999999,175,75
2026-05-07 18:26:07.307,2,0.68,0.12,0.66,-21.2578,-64.6604,-102.1686,175,75
2026-05-07 18:26:07.319,2,0.71,0.08,0.68,-11.7378,-76.7904,-116.43860000000001,175,75
2026-05-07 18:26:07.330,2,0.69,0.02,0.71,-2.6578,-86.0604,-130.27859999999998,175,75
2026-05-07 18:26:07.340,2,0.67,-0.03,0.72,1.7921999999999993,-94.8404,-139.2986,175,75
2026-05-07 18:26:07.341,2,0.68,-0.08,0.74,4.482199999999999,-104.96039999999999,-147.4086,175,75
2026-05-07 18:26:07.350,2,0.69,-0.13,0.78,5.212199999999999,-115.6304,-153.6886,175,75
2026-05-07 18:26:07.363,2,0.7,-0.29,0.84,-0.5877999999999997,-124.2304,-156.8586,175,75
2026-05-07 18:26:07.380,2,0.72,-0.46,0.84,-7.8378,-131.6104,-159.6686,175,75
2026-05-07 18:26:07.380,2,0.72,-0.64,0.84,-15.1578,-136.5504,-163.6886,175,75
2026-05-07 18:26:07.401,2,0.73,-0.78,0.84,-19.8478,-136.7304,-170.6386,175,75
2026-05-07 18:26:07.424,2,0.73,-1.13,0.94,-21.437800000000003,-121.12039999999999,-193.74859999999998,175,75
2026-05-07 18:26:07.424,2,0.77,-1.36,1.04,-19.727800000000002,-112.8904,-205.2186,175,75
2026-05-07 18:26:07.458,2,0.55,-1.75,1.34,-15.2178,-103.5604,-224.4886,175,75
2026-05-07 18:26:07.458,2,0.38,-1.77,1.48,-2.0478000000000005,-118.0704,-241.7986,175,75
2026-05-07 18:26:07.480,2,0.23,-1.74,1.43,37.8322,-175.4504,-277.77860000000004,175,75
2026-05-07 18:26:07.480,2,0.17,-1.74,1.31,56.432199999999995,-199.0504,-291.6786,175,75
2026-05-07 18:26:07.519,2,0.05,-1.72,0.93,80.4522,-157.4004,-325.45860000000005,175,75
2026-05-07 18:26:07.534,2,0.06,-1.69,0.88,94.2322,-117.9504,-328.7486,175,75
2026-05-07 18:26:07.567,2,0.1,-1.64,1.1,140.2722,-57.8904,-335.51860000000005,175,75
2026-05-07 18:26:07.567,2,0.27,-1.62,1.53,169.23219999999998,-78.2504,-353.3886,175,75
2026-05-07 18:26:07.570,2,0.33,-1.65,1.63,168.2022,-103.6804,-353.8086,175,75
2026-05-07 18:26:07.601,2,0.17,-1.75,1.62,184.23219999999998,-193.9204,-339.0586,175,75
2026-05-07 18:26:07.640,2,0.04,-1.84,1.65,186.85219999999998,-229.0504,-346.9186,175,75
2026-05-07 18:26:07.650,2,-0.13,-1.8,1.65,187.04219999999998,-243.3804,-345.33860000000004,175,75
2026-05-07 18:26:07.662,2,-0.21,-1.79,1.63,193.93220000000002,-261.0004,-343.6286,175,75
2026-05-07 18:26:07.685,2,-0.26,-1.77,1.58,202.10219999999998,-276.2404,-345.39860000000004,175,75
2026-05-07 18:26:07.695,2,-0.29,-1.71,1.51,207.8322,-286.6104,-354.2386,175,75
2026-05-07 18:26:07.695,2,-0.33,-1.63,1.46,209.23219999999998,-280.9404,-361.6786,175,75
2026-05-07 18:26:07.717,2,-0.31,-1.48,1.45,213.0722,-271.4204,-362.95860000000005,175,75
2026-05-07 18:26:07.735,2,-0.19,-1.32,1.48,225.3322,-278.0704,-347.65860000000004,175,75
2026-05-07 18:26:07.747,2,-0.17,-1.27,1.46,227.7122,-274.6604,-336.8586,175,75
2026-05-07 18:26:07.756,2,-0.2,-1.18,1.44,231.49220000000003,-265.5104,-326.1286,175,75
2026-05-07 18:26:07.768,2,-0.24,-1.09,1.4,239.23219999999998,-259.4104,-319.78860000000003,175,75
2026-05-07 18:26:07.778,2,-0.27,-0.98,1.36,251.55220000000003,-258.3804,-312.89860000000004,175,75
2026-05-07 18:26:07.786,2,-0.3,-0.91,1.32,258.3222,-256.6704,-306.6786,175,75
2026-05-07 18:26:07.812,2,-0.33,-0.7,1.12,259.7222,-226.1204,-273.07860000000005,175,75
2026-05-07 18:26:07.831,2,-0.31,-0.63,1.07,258.2622,-199.8404,-263.9986,175,75
2026-05-07 18:26:07.845,2,-0.28,-0.6,1.04,259.7222,-185.6304,-258.26860000000005,175,75
2026-05-07 18:26:07.845,2,-0.27,-0.56,1.02,262.5222,-175.5104,-252.2286,175,75
2026-05-07 18:26:07.867,2,-0.29,-0.48,0.93,263.6822,-146.3004,-233.87859999999998,175,75
2026-05-07 18:26:07.878,2,-0.33,-0.45,0.92,261.5522,-129.5904,-226.1886,175,75
2026-05-07 18:26:07.889,2,-0.32,-0.44,0.92,260.8822,-122.7704,-220.5786,175,75
2026-05-07 18:26:07.900,2,-0.31,-0.46,0.88,259.7822,-122.7004,-211.6786,175,75
2026-05-07 18:26:07.922,2,-0.3,-0.47,0.77,255.4522,-119.2904,-202.7186,175,75
2026-05-07 18:26:07.922,2,-0.31,-0.48,0.71,252.2222,-114.96039999999999,-198.0186,175,75
2026-05-07 18:26:07.940,2,-0.35,-0.5,0.65,248.93220000000002,-96.4904,-192.4686,175,75
2026-05-07 18:26:07.947,2,-0.36,-0.49,0.6,247.8322,-81.9704,-187.0486,175,75
2026-05-07 18:26:07.973,2,-0.3,-0.48,0.58,246.06220000000002,-63.990399999999994,-177.58859999999999,175,75
2026-05-07 18:26:07.974,2,-0.28,-0.46,0.59,239.7222,-59.290400000000005,-169.2386,175,75
2026-05-07 18:26:07.997,2,-0.23,-0.42,0.55,222.8922,-73.0104,-158.5686,175,75
2026-05-07 18:26:08.008,2,-0.18,-0.41,0.46,206.98219999999998,-93.8604,-147.7186,175,75
2026-05-07 18:26:08.022,2,-0.21,-0.42,0.36,186.61219999999997,-115.6904,-139.9686,175,75
2026-05-07 18:26:08.034,2,-0.29,-0.39,0.24,167.5222,-126.06039999999999,-134.8486,175,75
2026-05-07 18:26:08.034,2,-0.35,-0.33,0.15,151.79219999999998,-125.2704,-130.6986,175,75
2026-05-07 18:26:08.047,2,-0.37,-0.27,0.1,139.9022,-110.0804,-124.2986,175,75
2026-05-07 18:26:08.102,2,-0.16,-0.02,-0.08,69.3522,24.729599999999998,-18.388600000000004,175,75
2026-05-07 18:26:08.161,2,0.14,0.07,0.26,10.5122,134.6696,52.7714,175,75
2026-05-07 18:26:08.161,2,0.25,0.12,0.3,-7.4078,133.5796,71.06139999999999,175,75
2026-05-07 18:26:08.183,2,0.27,0.18,0.38,-31.7378,108.6996,84.97139999999999,175,75
2026-05-07 18:26:08.193,2,0.28,0.17,0.45,-51.1278,119.6096,91.6714,175,75
2026-05-07 18:26:08.234,2,0.59,0.19,0.7,-100.8878,143.8796,89.4214,175,75
2026-05-07 18:26:08.269,2,0.6,0.15,0.73,-124.2978,100.7696,78.75139999999999,175,75
2026-05-07 18:26:08.269,2,0.55,0.13,0.62,-125.8878,104.1896,78.9314,175,75
2026-05-07 18:26:08.282,2,0.58,0.11,0.55,-123.4478,119.9796,81.5514,175,75
2026-05-07 18:26:08.282,2,0.64,0.12,0.56,-123.6278,156.3796,83.0114,175,75
2026-05-07 18:26:08.295,2,0.75,0.18,0.68,-131.7378,191.1996,79.0514,175,75
2026-05-07 18:26:08.316,2,0.82,0.26,0.82,-148.26780000000002,200.4096,71.9214,175,75
2026-05-07 18:26:08.329,2,0.79,0.34,0.95,-165.0978,198.8196,65.6414,175,75
2026-05-07 18:26:08.329,2,0.76,0.41,1.05,-176.7378,191.4996,60.4514,175,75
2026-05-07 18:26:08.351,2,0.71,0.4,1.12,-184.8478,177.2296,59.6014,175,75
2026-05-07 18:26:08.361,2,0.61,0.32,1.15,-188.93779999999998,156.1996,64.1714,175,75
2026-05-07 18:26:08.361,2,0.57,0.32,1.1,-191.31779999999998,145.4696,66.8614,175,75
2026-05-07 18:26:08.387,2,0.53,0.4,0.98,-196.25779999999997,146.0796,67.8914,175,75
2026-05-07 18:26:08.404,2,0.52,0.45,0.92,-200.2778,157.5396,68.69139999999999,175,75
2026-05-07 18:26:08.416,2,0.54,0.47,0.92,-202.3478,179.4896,65.0914,175,75
2026-05-07 18:26:08.416,2,0.58,0.46,0.98,-202.2278,188.8796,61.4314,175,75
2026-05-07 18:26:08.422,2,0.61,0.43,1.03,-204.1778,180.8296,57.471399999999996,175,75
2026-05-07 18:26:08.447,2,0.61,0.44,0.98,-216.6178,153.9996,52.2814,175,75
2026-05-07 18:26:08.482,2,0.53,0.47,0.86,-220.76780000000002,154.7996,52.471399999999996,175,75
2026-05-07 18:26:08.496,2,0.49,0.47,0.82,-219.3678,172.7196,56.0014,175,75
2026-05-07 18:26:08.507,2,0.53,0.44,0.86,-217.6578,179.4896,56.4914,175,75
2026-05-07 18:26:08.527,2,0.57,0.41,0.93,-216.00779999999997,182.3596,55.3314,175,75
2026-05-07 18:26:08.527,2,0.63,0.37,0.98,-213.62779999999998,178.8196,53.4414,175,75
2026-05-07 18:26:08.563,2,0.68,0.39,1.03,-205.94779999999997,122.9696,45.8814,175,75
2026-05-07 18:26:08.578,2,0.65,0.44,0.96,-206.5578,107.53960000000001,46.121399999999994,175,75
2026-05-07 18:26:08.590,2,0.62,0.47,0.9,-204.9778,98.5096,44.971399999999996,175,75
2026-05-07 18:26:08.603,2,0.62,0.46,0.84,-201.18779999999998,92.1696,44.231399999999994,175,75
2026-05-07 18:26:08.603,2,0.58,0.43,0.79,-196.00779999999997,89.1196,45.09139999999999,175,75
2026-05-07 18:26:08.614,2,0.55,0.42,0.76,-192.4078,88.4496,45.8214,175,75
2026-05-07 18:26:08.637,2,0.54,0.41,0.67,-191.9278,86.6896,49.7814,175,75
2026-05-07 18:26:08.665,2,0.51,0.44,0.6,-192.1078,100.4696,49.7814,175,75
2026-05-07 18:26:08.685,2,0.5,0.39,0.68,-178.01780000000002,130.58960000000002,53.7514,175,75
2026-05-07 18:26:08.698,2,0.52,0.39,0.72,-177.0478,123.1496,54.481399999999994,175,75
2026-05-07 18:26:08.701,2,0.53,0.4,0.72,-177.1678,116.6196,54.84139999999999,175,75
2026-05-07 18:26:08.734,2,0.54,0.44,0.71,-176.31779999999998,111.5596,55.3914,175,75
2026-05-07 18:26:08.752,2,0.58,0.45,0.7,-173.75779999999997,107.0496,55.8214,175,75
2026-05-07 18:26:08.770,2,0.72,0.37,0.75,-165.51780000000002,69.1896,46.731399999999994,175,75
2026-05-07 18:26:08.770,2,0.68,0.43,0.7,-165.39780000000002,44.9796,43.9914,175,75
2026-05-07 18:26:08.783,2,0.64,0.46,0.63,-164.3678,30.4096,44.3014,175,75
2026-05-07 18:26:08.795,2,0.57,0.5,0.54,-163.93779999999998,19.0596,45.9414,175,75
2026-05-07 18:26:08.805,2,0.51,0.53,0.46,-163.75779999999997,13.2096,46.611399999999996,175,75
2026-05-07 18:26:08.815,2,0.49,0.56,0.34,-157.7178,30.4096,49.971399999999996,175,75
2026-05-07 18:26:08.866,2,0.63,0.41,0.34,-149.1778,61.5596,48.011399999999995,175,75
2026-05-07 18:26:08.873,2,0.6,0.47,0.37,-150.0978,42.7796,37.34139999999999,175,75
2026-05-07 18:26:08.886,2,0.52,0.56,0.35,-148.44779999999997,20.1596,32.5914,175,75
2026-05-07 18:26:08.909,2,0.43,0.64,0.23,-148.99779999999998,-14.900400000000001,30.151399999999995,175,75
2026-05-07 18:26:08.920,2,0.39,0.66,0.15,-150.82780000000002,-25.080399999999997,30.271399999999996,175,75
2026-05-07 18:26:08.920,2,0.35,0.67,0.08,-151.25779999999997,-23.9904,29.051399999999997,175,75
2026-05-07 18:26:08.943,2,0.33,0.68,0.03,-150.45780000000002,-9.6604,26.431399999999996,175,75
2026-05-07 18:26:08.961,2,0.29,0.7,0.01,-146.7978,13.1496,24.361399999999996,175,75
2026-05-07 18:26:09.039,2,0.44,0.85,0.12,-134.3678,48.8196,-0.3386000000000031,175,75
2026-05-07 18:26:09.061,2,0.42,0.89,0.11,-129.1778,35.8896,-4.488600000000002,175,75
2026-05-07 18:26:09.068,2,0.42,1.05,0.1,-115.2178,13.579600000000001,-7.0486,175,75
2026-05-07 18:26:09.083,2,0.43,1.11,0.09,-112.2878,8.0296,-6.738600000000005,175,75
2026-05-07 18:26:09.093,2,0.53,1.1,0.05,-115.6478,-10.020399999999999,-8.2686,175,75
2026-05-07 18:26:09.106,2,0.54,1.07,0.01,-115.3378,-17.7704,-11.7986,175,75
2026-05-07 18:26:09.119,2,0.56,1.18,-0.03,-103.5078,2.1096000000000004,-13.138600000000004,175,75
2026-05-07 18:26:09.148,2,0.56,1.24,0.01,-100.1578,22.9096,-9.418600000000005,175,75
2026-05-07 18:26:09.163,2,0.59,1.26,0.09,-99.48780000000001,39.3096,-5.638600000000004,175,75
2026-05-07 18:26:09.173,2,0.61,1.29,0.21,-99.1778,50.4096,-1.188600000000001,175,75
2026-05-07 18:26:09.195,2,0.77,1.27,0.4,-97.0478,28.4496,0.5813999999999986,175,75
2026-05-07 18:26:09.207,2,0.81,1.25,0.41,-95.0978,-7.220399999999998,-0.2786000000000044,175,75
2026-05-07 18:26:09.209,2,0.77,1.22,0.4,-96.6178,-17.9504,-1.6186000000000043,175,75
2026-05-07 18:26:09.225,2,0.76,1.17,0.4,-96.4378,-6.240400000000001,-2.958600000000004,175,75
2026-05-07 18:26:09.290,2,0.97,0.95,0.65,-78.0878,70.09960000000001,6.491399999999999,175,75
2026-05-07 18:26:09.304,2,1.36,0.85,1.01,-60.7078,-91.6104,-13.808600000000006,175,75
2026-05-07 18:26:09.316,2,1.35,0.83,0.91,-64.90780000000001,-123.44040000000001,-21.918600000000005,175,75
2026-05-07 18:26:09.327,2,1.33,0.85,0.64,-68.8178,-118.9904,-33.7486,175,75
2026-05-07 18:26:09.327,2,1.28,0.86,0.33,-61.6778,-93.9904,-43.0186,175,75
2026-05-07 18:26:09.365,2,1.06,0.88,0.25,-30.0978,14.1196,-60.7686,175,75
2026-05-07 18:26:09.410,2,1.31,1.06,0.54,-23.6278,93.6396,-78.3286,175,75
2026-05-07 18:26:09.421,2,1.31,1.04,0.61,-21.497799999999998,82.0496,-84.17859999999999,175,75
2026-05-07 18:26:09.421,2,1.24,0.82,0.65,-24.117800000000003,141.9296,-102.77859999999998,175,75
2026-05-07 18:26:09.428,2,1.28,0.78,0.71,-15.8278,170.8296,-113.5686,175,75
2026-05-07 18:26:09.443,2,1.23,0.74,0.76,0.7622,212.9696,-126.67859999999999,175,75
2026-05-07 18:26:09.453,2,1.09,0.81,0.97,25.392200000000003,250.2196,-138.5686,175,75
2026-05-07 18:26:09.467,2,0.98,0.91,1.14,46.1222,277.3596,-146.7386,175,75
2026-05-07 18:26:09.467,2,0.98,0.96,1.33,49.602199999999996,277.0496,-152.6586,175,75
2026-05-07 18:26:09.499,2,0.98,0.81,1.55,80.0222,181.1996,-124.7286,175,75
2026-05-07 18:26:09.512,2,0.91,0.76,1.46,107.2222,148.7596,-120.02859999999998,175,75
2026-05-07 18:26:09.520,2,0.91,0.81,1.4,114.6622,140.0396,-116.0686,175,75
2026-05-07 18:26:09.532,2,0.88,0.89,1.33,122.40220000000001,127.7796,-109.11859999999999,175,75
2026-05-07 18:26:09.546,2,0.8,0.92,1.26,126.0622,123.8196,-101.3786,175,75
2026-05-07 18:26:09.562,2,0.72,0.92,1.24,127.5922,128.87959999999998,-95.45859999999999,175,75
2026-05-07 18:26:09.719,2,0.66,0.7,1.26,136.79219999999998,69.36959999999999,-69.48859999999999,175,75
2026-05-07 18:26:09.728,2,0.58,0.69,1.05,133.2622,59.5496,-66.49860000000001,175,75
2026-05-07 18:26:09.760,2,0.54,0.76,0.98,140.2122,102.3596,-60.39860000000001,175,75
2026-05-07 18:26:09.772,2,0.52,0.72,0.99,137.8922,106.1396,-56.7986,175,75
2026-05-07 18:26:09.772,2,0.49,0.71,0.99,135.0922,104.6696,-53.138600000000004,175,75
2026-05-07 18:26:09.796,2,0.36,0.96,0.95,120.5722,117.53960000000001,-28.0186,175,75
2026-05-07 18:26:09.796,2,0.36,0.94,1.01,111.3722,116.3196,-20.8286,175,75
2026-05-07 18:26:09.809,2,0.38,0.91,1.06,104.8422,106.7496,-12.0486,175,75
2026-05-07 18:26:09.816,2,0.39,0.88,1.06,103.0722,91.6896,-1.188600000000001,175,75
2026-05-07 18:26:09.829,2,0.4,0.88,1.05,102.3422,77.2996,10.581399999999997,175,75
2026-05-07 18:26:09.829,2,0.42,0.89,1.05,100.1522,71.4396,14.971399999999997,175,75
2026-05-07 18:26:09.840,2,0.44,0.92,1.03,96.1222,64.1896,22.471399999999996,175,75
2026-05-07 18:26:09.846,2,0.45,0.94,1.08,94.7822,53.5796,26.001399999999997,175,75
2026-05-07 18:26:09.846,2,0.51,0.96,1.14,91.8522,40.6496,30.7614,175,75
2026-05-07 18:26:09.892,2,0.55,1.28,0.94,89.6022,-25.7504,3.691399999999998,175,75
2026-05-07 18:26:09.903,2,-1.05,1.6,1.79,87.8322,202.2996,-23.5086,175,75
2026-05-07 18:26:09.913,2,2.82,0.73,1.49,68.4422,102.53960000000001,-36.2486,175,75
2026-05-07 18:26:09.924,2,1.59,0.75,1.1,79.9622,273.7596,-26.7986,175,75
2026-05-07 18:26:09.930,2,0.23,1.61,0.99,149.60219999999998,256.7496,-19.668600000000005,175,75
2026-05-07 18:26:09.971,2,0.9,1.78,1.91,179.11219999999997,313.4496,-57.58860000000001,175,75
2026-05-07 18:26:09.984,2,0.57,1.79,2.11,150.8822,252.5996,-52.168600000000005,175,75
2026-05-07 18:26:09.998,2,0.8,1.61,2.28,88.5622,1.2596000000000007,30.8814,175,75
2026-05-07 18:26:10.008,2,0.96,1.52,2.18,94.5422,-80.8104,57.221399999999996,175,75
2026-05-07 18:26:10.008,2,1.11,1.41,1.86,104.5422,-120.75040000000001,66.06139999999999,175,75
2026-05-07 18:26:10.029,2,1.53,1.62,1.06,179.54219999999998,128.6396,1.0013999999999967,175,75
2026-05-07 18:26:10.041,2,1.6,1.57,1.36,191.06220000000002,172.7796,5.941399999999998,175,75
2026-05-07 18:26:10.077,2,1.64,1.17,1.42,154.9022,113.2696,18.0114,175,75
2026-05-07 18:26:10.079,2,1.64,0.95,1.41,133.74220000000003,62.9096,20.8814,175,75
2026-05-07 18:26:10.089,2,1.66,0.75,1.28,128.62220000000002,26.8096,12.411399999999997,175,75
2026-05-07 18:26:10.101,2,1.73,0.67,1.14,132.6522,12.3596,-4.968600000000002,175,75
2026-05-07 18:26:10.125,2,1.59,0.8,1.01,142.2822,52.2996,-26.498600000000003,175,75
2026-05-07 18:26:10.136,2,1.38,0.84,0.91,152.5922,94.2496,-21.7986,175,75
2026-05-07 18:26:10.147,2,1.14,0.84,0.81,158.1322,117.2296,-15.948600000000006,175,75
2026-05-07 18:26:10.175,2,1.12,0.64,1.23,143.74220000000003,73.6396,-25.948600000000006,175,75
2026-05-07 18:26:10.187,2,1.08,0.59,1.25,129.23219999999998,56.8696,-20.398600000000002,175,75
2026-05-07 18:26:10.199,2,1.08,0.62,1.14,124.4122,38.5096,-15.028600000000004,175,75
2026-05-07 18:26:10.209,2,1.03,0.69,0.96,132.6522,55.4096,-16.678600000000003,175,75
2026-05-07 18:26:10.220,2,1.0,0.69,0.86,142.7722,103.1496,-22.778600000000004,175,75
2026-05-07 18:26:10.234,2,1.04,0.7,0.9,158.0722,152.2296,-26.678600000000003,175,75
2026-05-07 18:26:10.245,2,0.99,0.73,1.0,171.79219999999998,169.5496,-27.348600000000005,175,75
2026-05-07 18:26:10.269,2,0.84,0.82,1.18,180.7022,180.2196,-22.4086,175,75
2026-05-07 18:26:10.283,2,0.71,0.77,1.23,172.7122,177.8396,-15.028600000000004,175,75
2026-05-07 18:26:10.337,2,0.7,0.64,1.39,155.0922,95.03960000000001,23.441399999999998,175,75
2026-05-07 18:26:10.394,2,1.01,0.48,1.32,173.1322,25.099600000000002,37.7114,175,75
2026-05-07 18:26:10.435,2,1.04,0.44,1.0,191.31220000000002,1.8696000000000002,26.3114,175,75
2026-05-07 18:26:10.513,2,1.18,0.56,0.55,201.43220000000002,101.2596,-10.828600000000002,175,75
2026-05-07 18:26:10.547,2,1.23,0.55,0.81,196.00220000000002,136.0796,-25.3386,175,75
2026-05-07 18:26:10.568,2,1.09,0.53,0.9,193.62220000000002,134.5496,-30.5186,175,75
2026-05-07 18:26:10.595,2,1.08,0.53,0.97,197.7122,123.0296,-33.2686,175,75
2026-05-07 18:26:10.595,2,1.07,0.54,1.02,197.9522,105.5896,-34.6086,175,75
2026-05-07 18:26:10.643,2,0.93,0.46,0.76,187.6522,46.2596,-52.7186,175,75
2026-05-07 18:26:10.652,2,0.82,0.47,0.68,184.66219999999998,64.36959999999999,-57.528600000000004,175,75
2026-05-07 18:26:10.721,2,0.66,0.66,0.74,193.0722,94.8596,-58.7486,175,75
2026-05-07 18:26:10.722,2,0.62,0.69,0.68,193.0722,104.7996,-58.198600000000006,175,75
2026-05-07 18:26:10.736,2,0.6,0.76,0.62,196.00220000000002,122.7796,-58.0186,175,75
2026-05-07 18:26:10.745,2,0.58,0.88,0.65,200.6322,145.0396,-54.6086,175,75
2026-05-07 18:26:10.759,2,0.54,0.98,0.72,202.2822,164.6096,-49.78860000000001,175,75
2026-05-07 18:26:10.770,2,0.5,1.07,0.78,205.7622,178.8796,-43.568599999999996,175,75
2026-05-07 18:26:10.801,2,0.71,1.08,0.94,202.7722,137.6596,-8.2686,175,75
2026-05-07 18:26:10.815,2,0.82,0.99,0.93,183.56220000000002,95.7096,7.161399999999997,175,75
2026-05-07 18:26:10.826,2,0.87,0.84,0.87,168.56220000000002,64.3096,14.481399999999997,175,75
2026-05-07 18:26:10.836,2,0.87,0.77,0.8,163.99220000000003,72.59960000000001,8.561399999999999,175,75
2026-05-07 18:26:10.842,2,0.95,0.78,0.74,163.50220000000002,89.4896,2.5913999999999966,175,75
2026-05-07 18:26:10.860,2,0.99,0.82,0.72,165.7622,89.7996,3.9313999999999965,175,75
2026-05-07 18:26:10.879,2,0.86,0.88,0.7,170.0222,85.2796,10.151399999999997,175,75
2026-05-07 18:26:10.915,2,0.83,1.01,0.69,188.4422,69.4896,11.731399999999997,175,75
2026-05-07 18:26:10.915,2,0.88,0.97,0.64,184.48219999999998,57.7196,8.201399999999996,175,75
2026-05-07 18:26:10.932,2,0.85,0.95,0.39,163.4422,50.8296,8.381399999999996,175,75
2026-05-07 18:26:10.959,2,0.81,0.99,0.29,154.7222,54.4896,6.4313999999999965,175,75
2026-05-07 18:26:10.977,2,0.71,1.01,0.26,138.2622,69.8596,9.231399999999997,175,75
2026-05-07 18:26:10.988,2,0.69,1.05,0.31,128.0722,55.7696,8.201399999999996,175,75
2026-05-07 18:26:10.990,2,0.72,1.1,0.37,118.20219999999999,47.2996,6.611399999999996,175,75
2026-05-07 18:26:10.998,2,0.87,1.15,0.43,107.5222,40.589600000000004,0.8813999999999957,175,75
2026-05-07 18:26:11.008,2,1.15,1.11,0.41,90.3922,28.6996,-2.468600000000002,175,75
2026-05-07 18:26:11.024,2,1.1,1.05,0.27,78.5622,37.6596,-2.958600000000004,175,75
2026-05-07 18:26:11.039,2,1.08,1.03,0.3,84.7822,28.0896,-15.7686,175,75
2026-05-07 18:26:11.057,2,1.11,1.1,0.36,87.9522,20.2196,-19.5486,175,75
2026-05-07 18:26:11.064,2,1.06,1.16,0.38,87.0422,6.3796,-22.288600000000002,175,75
2026-05-07 18:26:11.092,2,0.9,1.19,0.29,86.5522,-13.8004,-26.378600000000006,175,75
2026-05-07 18:26:11.092,2,0.76,1.22,0.24,87.4022,-15.3904,-27.898600000000002,175,75
2026-05-07 18:26:11.100,2,0.66,1.22,0.24,83.3222,-13.250399999999999,-29.2986,175,75
2026-05-07 18:26:11.130,2,0.62,1.2,0.24,75.0222,-10.880399999999998,-30.698600000000006,175,75
2026-05-07 18:26:11.141,2,0.48,1.24,0.29,68.6222,-1.4903999999999993,-27.898600000000002,175,75
2026-05-07 18:26:11.152,2,0.45,1.27,0.3,68.6822,4.1196,-25.698600000000006,175,75
2026-05-07 18:26:11.166,2,0.43,1.3,0.29,67.2822,12.7796,-23.388600000000004,175,75
2026-05-07 18:26:11.177,2,0.41,1.31,0.24,66.5522,20.099600000000002,-19.2986,175,75
2026-05-07 18:26:11.183,2,0.44,1.3,0.22,65.1522,28.6396,-17.348600000000005,175,75
2026-05-07 18:26:11.210,2,0.45,1.31,0.28,61.2422,41.2596,-12.718600000000002,175,75
2026-05-07 18:26:11.220,2,0.51,1.26,0.41,58.322199999999995,35.339600000000004,-11.858600000000003,175,75
2026-05-07 18:26:11.231,2,0.48,1.26,0.46,54.7822,22.169600000000003,-12.0486,175,75
2026-05-07 18:26:11.244,2,0.47,1.26,0.53,49.9022,-2.7704000000000004,-9.5486,175,75
2026-05-07 18:26:11.256,2,0.45,1.27,0.53,46.3122,-35.6304,-8.138600000000004,175,75
2026-05-07 18:26:11.268,2,0.46,1.25,0.48,42.7122,-51.9104,-7.6586,175,75
2026-05-07 18:26:11.291,2,0.35,1.24,0.22,35.3322,-11.490400000000001,-9.9086,175,75
2026-05-07 18:26:11.313,2,0.37,1.2,0.26,30.452199999999998,9.729600000000001,-11.7986,175,75
2026-05-07 18:26:11.327,2,0.3,1.28,0.54,28.382199999999997,50.949600000000004,-7.6586,175,75
2026-05-07 18:26:11.337,2,0.36,1.27,0.67,24.2322,45.7696,-13.2686,175,75
2026-05-07 18:26:11.361,2,0.42,1.25,0.69,10.882200000000001,14.4296,-5.638600000000004,175,75
2026-05-07 18:26:11.361,2,0.41,1.27,0.6,8.5622,-14.590399999999999,-1.678600000000003,175,75
2026-05-07 18:26:11.373,2,0.34,1.32,0.45,5.5722000000000005,-17.1604,-0.8286000000000016,175,75
2026-05-07 18:26:11.388,2,0.31,1.42,0.39,2.1622000000000003,13.2696,-1.678600000000003,175,75
2026-05-07 18:26:11.415,2,0.42,1.63,0.58,6.612200000000001,66.8096,7.651399999999999,175,75
2026-05-07 18:26:11.415,2,0.57,1.67,0.72,4.232199999999999,61.1396,11.671399999999997,175,75
2026-05-07 18:26:11.423,2,0.69,1.63,0.76,-8.6878,28.9396,22.221399999999996,175,75
2026-05-07 18:26:11.433,2,0.58,1.65,0.64,-19.427799999999998,-8.500399999999999,35.581399999999995,175,75
2026-05-07 18:26:11.453,2,0.35,1.74,0.54,-28.2678,-26.4204,39.721399999999996,175,75
2026-05-07 18:26:11.453,2,0.33,1.83,0.49,-42.3478,-50.8104,46.861399999999996,175,75
2026-05-07 18:26:11.478,2,0.5,1.72,0.46,-59.0578,-82.8904,46.1914,175,75
2026-05-07 18:26:11.486,2,-0.59,1.61,0.57,-45.7078,-115.3904,-19.178600000000003,175,75
2026-05-07 18:26:11.498,2,2.17,0.25,0.66,-95.5178,-77.1604,-12.8386,175,75
2026-05-07 18:26:11.512,2,0.52,2.21,-0.48,-11.5578,0.03960000000000008,28.691399999999998,175,75
2026-05-07 18:26:11.534,2,0.49,2.05,0.3,69.1122,290.8896,44.111399999999996,175,75
2026-05-07 18:26:11.558,2,0.88,1.66,0.27,70.1522,275.3396,19.911399999999997,175,75
2026-05-07 18:26:11.564,2,1.37,1.05,1.21,44.8422,103.4496,-7.5886,175,75
2026-05-07 18:26:11.587,2,1.41,0.86,1.38,27.282200000000003,-51.1204,-1.9186000000000014,175,75
2026-05-07 18:26:11.587,2,1.31,0.85,1.28,15.9422,-155.5104,7.591399999999997,175,75
2026-05-07 18:26:11.597,2,1.2,0.94,1.11,8.382200000000001,-246.91039999999998,20.821399999999997,175,75
2026-05-07 18:26:11.611,2,1.1,1.03,0.73,7.1022,-320.3304,31.981399999999997,175,75
2026-05-07 18:26:11.626,2,0.56,0.92,0.0,4.6622,-184.3504,-18.5086,175,75
2026-05-07 18:26:11.638,2,0.41,1.0,-0.17,25.9422,-41.3604,-19.178600000000003,175,75
2026-05-07 18:26:11.666,2,0.24,1.09,-0.03,45.4522,100.4096,-21.1886,175,75
2026-05-07 18:26:11.674,2,0.33,1.16,0.2,40.0922,239.3696,-28.0786,175,75
2026-05-07 18:26:11.698,2,0.91,1.15,0.46,33.2022,300.8296,-38.6886,175,75
2026-05-07 18:26:11.698,2,0.8,1.2,0.66,45.0922,262.9096,-33.198600000000006,175,75
2026-05-07 18:26:11.709,2,0.56,1.37,0.77,63.202200000000005,231.4996,-29.238600000000005,175,75
2026-05-07 18:26:11.709,2,0.53,1.49,0.9,74.7822,207.1696,-34.668600000000005,175,75
2026-05-07 18:26:11.740,2,0.6,1.44,1.03,62.342200000000005,187.8396,-29.5486,175,75
2026-05-07 18:26:11.740,2,0.64,1.41,1.1,45.2722,166.7496,-20.8286,175,75
2026-05-07 18:26:11.751,2,0.62,1.35,1.14,31.9822,120.0996,-7.168600000000005,175,75
2026-05-07 18:26:11.767,2,0.67,1.17,1.22,34.2322,23.0896,10.151399999999997,175,75
2026-05-07 18:26:11.777,2,0.75,1.05,1.24,30.882199999999997,-31.2404,12.951399999999998,175,75
2026-05-07 18:26:11.789,2,0.85,1.04,1.19,28.072200000000002,-75.0204,14.051399999999997,175,75
2026-05-07 18:26:11.800,2,0.8,1.07,1.08,32.2822,-102.0904,12.891399999999997,175,75
2026-05-07 18:26:11.810,2,0.73,1.14,0.9,45.1522,-113.5004,9.301399999999997,175,75
2026-05-07 18:26:11.830,2,0.59,1.16,0.75,55.0222,-74.8404,-7.778600000000004,175,75
2026-05-07 18:26:11.840,2,0.75,1.18,0.71,67.8322,-17.3404,-21.128600000000006,175,75
2026-05-07 18:26:11.850,2,0.83,1.15,0.78,77.8322,-6.490400000000001,-23.748600000000003,175,75
2026-05-07 18:26:11.861,2,0.82,1.08,0.8,81.6722,2.4795999999999996,-26.378600000000006,175,75
2026-05-07 18:26:11.868,2,0.81,1.02,0.78,82.2222,27.6596,-32.2286,175,75
2026-05-07 18:26:11.880,2,0.83,1.04,0.74,83.9922,43.7596,-36.308600000000006,175,75
2026-05-07 18:26:11.892,2,0.83,1.12,0.71,90.5722,42.9096,-38.6886,175,75
2026-05-07 18:26:11.892,2,0.92,1.17,0.76,98.5622,30.0996,-36.558600000000006,175,75
2026-05-07 18:26:11.902,2,0.96,1.16,0.75,99.6622,13.4496,-36.1886,175,75
2026-05-07 18:26:11.916,2,0.99,1.13,0.71,97.1622,4.6696,-36.4986,175,75
2026-05-07 18:26:11.927,2,0.98,1.13,0.64,97.5922,1.3196000000000012,-40.5786,175,75
2026-05-07 18:26:11.954,2,0.93,1.21,0.53,102.0422,-15.1404,-44.3586,175,75
2026-05-07 18:26:11.954,2,0.95,1.22,0.54,101.1222,-27.090400000000002,-45.8286,175,75
2026-05-07 18:26:11.966,2,0.87,1.25,0.48,93.9322,-42.7004,-43.198600000000006,175,75
2026-05-07 18:26:11.978,2,0.83,1.28,0.43,89.3522,-53.9204,-44.78860000000001,175,75
2026-05-07 18:26:11.990,2,0.85,1.33,0.37,83.3222,-61.6104,-42.58860000000001,175,75
2026-05-07 18:26:12.001,2,0.83,1.37,0.25,78.5622,-64.9004,-40.39860000000001,175,75
2026-05-07 18:26:12.013,2,0.84,1.37,0.08,74.3522,-51.1804,-39.058600000000006,175,75
2026-05-07 18:26:12.020,2,0.8,1.36,0.07,75.3922,-34.6604,-38.3286,175,75
2026-05-07 18:26:12.035,2,0.78,1.34,0.09,77.5222,-19.470399999999998,-36.128600000000006,175,75
2026-05-07 18:26:12.048,2,0.7,1.34,0.11,77.2222,-18.8004,-33.198600000000006,175,75
2026-05-07 18:26:12.058,2,0.62,1.32,0.11,72.2222,-20.200400000000002,-32.6586,175,75
2026-05-07 18:26:12.069,2,0.61,1.28,0.1,65.0222,-18.4404,-33.5686,175,75
2026-05-07 18:26:12.075,2,0.59,1.24,0.04,60.822199999999995,-15.6904,-33.448600000000006,175,75
2026-05-07 18:26:12.088,2,0.57,1.21,0.02,60.452200000000005,-12.6404,-35.638600000000004,175,75
2026-05-07 18:26:12.098,2,0.54,1.19,0.02,60.9422,-1.1204,-36.558600000000006,175,75
2026-05-07 18:26:12.109,2,0.46,1.2,0.04,62.102199999999996,20.709600000000002,-35.3386,175,75
2026-05-07 18:26:12.120,2,0.4,1.22,0.06,63.682199999999995,33.7596,-33.6886,175,75
2026-05-07 18:26:12.132,2,0.34,1.21,0.1,62.1622,47.2296,-28.998600000000003,175,75
2026-05-07 18:26:12.149,2,0.3,1.17,0.16,54.4122,52.9096,-22.168600000000005,175,75
2026-05-07 18:26:12.151,2,0.29,1.14,0.21,47.0422,52.4196,-17.468600000000002,175,75
2026-05-07 18:26:12.175,2,0.38,0.95,0.34,32.1622,34.7996,-14.7286,175,75
2026-05-07 18:26:12.187,2,0.34,0.85,0.38,23.6822,20.279600000000002,-8.388600000000004,175,75
2026-05-07 18:26:12.199,2,0.27,0.78,0.41,17.1022,11.8096,-8.748600000000003,175,75
2026-05-07 18:26:12.201,2,0.18,0.76,0.46,8.202200000000001,-3.9903999999999993,-10.5186,175,75
2026-05-07 18:26:12.237,2,0.19,0.87,0.43,-7.4778,-24.5304,-23.628600000000006,175,75
2026-05-07 18:26:12.248,2,0.09,0.87,0.4,-4.1778,17.599600000000002,-37.8386,175,75
2026-05-07 18:26:12.258,2,-0.17,0.95,0.36,6.432199999999998,35.6496,-45.5786,175,75
2026-05-07 18:26:12.270,2,-1.37,1.33,0.26,15.272199999999998,26.2596,-85.6386,175,75
2026-05-07 18:26:12.275,2,-1.43,1.51,1.24,-27.2878,166.7496,-48.388600000000004,175,75
2026-05-07 18:26:12.304,2,-0.04,0.92,-0.14,-12.0478,64.1896,-62.3486,175,75
2026-05-07 18:26:12.312,2,-0.36,0.92,0.57,61.6122,194.5496,-82.2886,175,75
2026-05-07 18:26:12.323,2,0.79,1.37,0.6,72.5922,197.5996,-95.45859999999999,175,75
2026-05-07 18:26:12.334,2,0.06,1.64,1.11,55.6322,102.7796,-112.2886,175,75
2026-05-07 18:26:12.345,2,0.05,1.71,1.21,30.822200000000002,93.3296,-95.39860000000002,175,75
2026-05-07 18:26:12.351,2,0.18,1.76,0.91,35.7622,20.4696,-52.3486,175,75
2026-05-07 18:26:12.363,2,0.24,1.85,0.65,54.6622,-49.8404,-18.138600000000004,175,75
2026-05-07 18:26:12.377,2,0.28,1.84,0.5,63.932199999999995,-80.6304,-4.118600000000004,175,75
2026-05-07 18:26:12.394,2,0.27,1.78,0.17,52.3422,67.0496,-20.948600000000006,175,75
2026-05-07 18:26:12.421,2,0.81,1.98,0.43,73.4422,135.7696,0.6413999999999973,175,75
2026-05-07 18:26:12.424,2,0.82,2.04,0.69,85.0222,131.1396,14.541399999999998,175,75
2026-05-07 18:26:12.449,2,0.96,1.98,0.99,68.2022,84.7296,25.701399999999996,175,75
2026-05-07 18:26:12.468,2,1.14,1.87,0.99,52.7722,3.2696000000000005,43.621399999999994,175,75
2026-05-07 18:26:12.479,2,1.15,1.73,0.93,44.1122,-107.4004,58.5614,175,75
2026-05-07 18:26:12.492,2,1.24,1.53,0.82,38.3822,-181.4204,58.871399999999994,175,75
2026-05-07 18:26:12.492,2,1.02,1.28,0.56,23.992199999999997,-170.6304,16.6714,175,75
2026-05-07 18:26:12.503,2,0.71,1.45,0.15,19.3522,-25.450400000000002,-9.488600000000005,175,75
2026-05-07 18:26:12.518,2,0.8,1.78,0.21,24.352199999999996,60.5296,-14.668600000000005,175,75
2026-05-07 18:26:12.529,2,0.86,2.05,0.42,43.2622,133.2096,-10.5186,175,75
2026-05-07 18:26:12.539,2,0.65,1.96,0.66,54.962199999999996,190.1596,1.9813999999999972,175,75
2026-05-07 18:26:12.549,2,0.6,1.83,0.85,55.0222,192.3596,-0.2786000000000044,175,75
2026-05-07 18:26:12.573,2,0.93,1.51,1.33,36.1222,155.8896,-9.058600000000006,175,75
2026-05-07 18:26:12.609,2,1.01,1.46,1.5,62.5222,16.0096,17.651399999999995,175,75
2026-05-07 18:26:12.620,2,1.02,1.34,1.4,80.9422,-11.1204,16.6714,175,75
2026-05-07 18:26:12.633,2,1.0,1.21,1.37,91.9122,-31.0604,10.091399999999997,175,75
2026-05-07 18:26:12.646,2,0.96,1.16,1.24,99.1722,-42.2204,-0.3386000000000031,175,75
2026-05-07 18:26:12.667,2,0.96,1.14,1.15,105.51219999999999,-33.6804,-18.448600000000006,175,75
2026-05-07 18:26:12.681,2,0.94,1.17,0.94,117.2822,50.4696,-53.138600000000004,175,75
2026-05-07 18:26:12.693,2,0.9,1.19,0.93,122.2822,67.59960000000001,-57.4086,175,75
2026-05-07 18:26:12.696,2,0.83,1.2,0.94,124.7222,80.8896,-61.558600000000006,175,75
2026-05-07 18:26:12.714,2,0.8,1.21,0.94,124.7222,93.8196,-62.4086,175,75
2026-05-07 18:26:12.724,2,0.71,1.21,0.98,131.61219999999997,118.8796,-64.7286,175,75
2026-05-07 18:26:12.748,2,0.72,1.18,1.03,132.6522,123.2696,-65.8886,175,75
2026-05-07 18:26:12.761,2,0.7,1.16,1.04,127.1622,116.9896,-64.7286,175,75
2026-05-07 18:26:12.761,2,0.62,1.12,1.03,122.77220000000001,111.5596,-63.6286,175,75
2026-05-07 18:26:12.773,2,0.57,1.08,1.01,120.70219999999999,108.2696,-62.58860000000001,175,75
2026-05-07 18:26:12.784,2,0.51,1.02,0.99,120.45219999999999,108.3296,-60.33860000000001,175,75
2026-05-07 18:26:12.808,2,0.51,0.95,0.95,121.7922,107.4196,-55.1586,175,75
2026-05-07 18:26:12.838,2,0.49,1.01,1.0,122.2222,106.1996,-49.9086,175,75
2026-05-07 18:26:12.849,2,0.5,1.04,1.04,119.7822,97.7196,-46.7386,175,75
2026-05-07 18:26:12.860,2,0.5,1.03,1.07,116.5522,80.1596,-41.00860000000001,175,75
2026-05-07 18:26:12.860,2,0.49,0.98,1.05,113.5622,62.3596,-35.698600000000006,175,75
2026-05-07 18:26:12.868,2,0.45,0.94,1.03,111.0622,48.699600000000004,-31.738600000000005,175,75
2026-05-07 18:26:12.886,2,0.43,0.92,0.98,108.9322,46.4396,-30.1586,175,75
2026-05-07 18:26:12.898,2,0.42,0.88,0.96,104.1722,50.8296,-31.128600000000006,175,75
2026-05-07 18:26:12.908,2,0.42,0.83,0.95,101.4922,59.7296,-31.858600000000003,175,75
2026-05-07 18:26:12.937,2,0.39,0.76,0.96,99.8422,72.1096,-33.808600000000006,175,75
2026-05-07 18:26:12.948,2,0.38,0.73,0.98,100.0922,83.5796,-35.3386,175,75
2026-05-07 18:26:12.948,2,0.32,0.78,0.95,102.7122,100.1596,-33.878600000000006,175,75
2026-05-07 18:26:12.961,2,0.34,1.02,0.97,113.7422,123.4496,-28.878600000000006,175,75
2026-05-07 18:26:12.978,2,0.45,1.22,1.05,119.05220000000001,124.5496,-21.378600000000006,175,75
2026-05-07 18:26:12.996,2,0.49,1.29,1.14,121.18220000000001,108.9396,-18.3286,175,75
2026-05-07 18:26:13.007,2,0.54,1.36,1.21,120.0922,87.5996,-14.418600000000005,175,75
2026-05-07 18:26:13.030,2,0.68,1.47,1.27,109.8422,33.879599999999996,4.3013999999999974,175,75
2026-05-07 18:26:13.053,2,0.61,1.47,1.25,98.26219999999999,18.3896,8.931399999999996,175,75
2026-05-07 18:26:13.092,2,0.96,1.66,1.19,76.0022,19.979599999999998,14.721399999999997,175,75
2026-05-07 18:26:13.092,2,1.07,1.65,1.15,69.5422,33.0296,12.161399999999997,175,75
2026-05-07 18:26:13.102,2,0.83,1.66,1.09,62.462199999999996,61.0096,10.641399999999997,175,75
2026-05-07 18:26:13.117,2,-1.15,1.71,1.19,74.2922,148.9396,-50.278600000000004,175,75
2026-05-07 18:26:13.128,2,3.93,1.14,1.13,79.9022,267.4196,15.151399999999997,175,75
2026-05-07 18:26:13.164,2,1.69,2.28,1.83,234.48219999999998,326.1396,-43.2686,175,75
2026-05-07 18:26:13.175,2,1.58,1.94,1.98,189.35219999999998,185.9496,-29.2986,175,75
2026-05-07 18:26:13.187,2,1.58,1.37,2.06,126.55220000000001,-78.0104,7.591399999999997,175,75
2026-05-07 18:26:13.198,2,1.63,1.35,1.74,124.23219999999999,-178.6204,37.5314,175,75
2026-05-07 18:26:13.209,2,1.48,1.09,1.11,120.8222,-219.5904,36.8014,175,75
2026-05-07 18:26:13.237,2,1.83,0.72,0.41,133.3222,93.0296,-32.1086,175,75
2026-05-07 18:26:13.263,2,1.47,0.84,0.5,162.5922,170.9496,-34.7286,175,75
2026-05-07 18:26:13.273,2,0.89,1.14,0.24,175.7622,134.7996,-31.738600000000005,175,75
2026-05-07 18:26:13.300,2,1.37,1.01,1.17,146.24220000000003,91.1396,-66.8586,175,75
2026-05-07 18:26:13.312,2,1.26,0.91,1.18,126.24220000000001,65.2796,-64.11860000000001,175,75
2026-05-07 18:26:13.312,2,1.13,0.85,1.11,116.3122,49.9196,-52.28860000000001,175,75
2026-05-07 18:26:13.326,2,0.95,0.75,1.08,127.1022,86.4396,-51.7386,175,75
2026-05-07 18:26:13.339,2,0.96,0.63,1.03,144.7222,125.2796,-53.808600000000006,175,75
2026-05-07 18:26:13.351,2,0.91,0.6,1.07,157.5922,128.08960000000002,-51.4386,175,75
2026-05-07 18:26:13.382,2,0.54,0.94,0.95,162.5922,125.5896,-29.2986,175,75
2026-05-07 18:26:13.393,2,0.51,0.96,0.95,161.49220000000003,110.1596,-24.358600000000003,175,75
2026-05-07 18:26:13.417,2,0.59,0.84,1.18,166.12220000000002,100.1596,-22.108600000000003,175,75
2026-05-07 18:26:13.434,2,0.76,0.74,1.18,159.17219999999998,79.6096,-16.378600000000006,175,75
2026-05-07 18:26:13.455,2,0.78,0.75,1.11,156.91219999999998,54.3096,-7.2286,175,75
2026-05-07 18:26:13.455,2,0.8,0.75,1.05,159.60219999999998,45.4096,-6.128600000000002,175,75
2026-05-07 18:26:13.490,2,0.72,0.75,0.89,165.7622,119.3696,-23.448600000000006,175,75
2026-05-07 18:26:13.516,2,0.73,0.94,1.01,184.7822,146.0096,-19.9086,175,75
2026-05-07 18:26:13.523,2,0.88,1.01,1.15,175.3922,140.9496,-8.938600000000001,175,75
2026-05-07 18:26:13.560,2,0.96,0.99,1.13,163.0722,88.8796,7.951399999999996,175,75
2026-05-07 18:26:13.571,2,1.0,0.96,1.09,162.5922,59.1896,13.561399999999997,175,75
2026-05-07 18:26:13.584,2,0.99,0.92,1.03,161.85219999999998,45.7096,13.561399999999997,175,75
2026-05-07 18:26:13.584,2,0.95,0.93,0.92,158.2022,64.9196,1.4913999999999987,175,75
2026-05-07 18:26:13.621,2,1.08,0.88,0.93,147.4022,92.2296,-13.628600000000006,175,75
2026-05-07 18:26:13.638,2,1.1,0.87,0.92,144.9022,90.6496,-17.348600000000005,175,75
2026-05-07 18:26:13.651,2,1.07,0.92,0.89,144.7822,87.9696,-25.7686,175,75
2026-05-07 18:26:13.691,2,0.93,1.0,0.95,153.56220000000002,80.3396,-34.238600000000005,175,75
2026-05-07 18:26:13.716,2,0.88,1.0,0.91,153.87220000000002,69.9796,-34.238600000000005,175,75
2026-05-07 18:26:13.717,2,0.8,1.01,0.84,157.7722,65.09960000000001,-35.028600000000004,175,75
2026-05-07 18:26:13.735,2,0.75,1.01,0.76,161.06220000000002,69.7996,-34.7286,175,75
2026-05-07 18:26:13.735,2,0.7,1.03,0.74,164.60219999999998,80.5296,-34.1186,175,75
2026-05-07 18:26:13.751,2,0.69,1.03,0.75,167.7722,91.0796,-32.6586,175,75
2026-05-07 18:26:13.773,2,0.69,1.06,0.76,171.37220000000002,102.3596,-24.5486,175,75
2026-05-07 18:26:13.782,2,0.69,1.01,0.75,165.7622,107.3596,-11.858600000000003,175,75
2026-05-07 18:26:13.812,2,0.71,0.89,0.75,163.50220000000002,115.03960000000001,-4.058600000000002,175,75
2026-05-07 18:26:13.848,2,0.85,0.89,0.83,152.4622,106.9296,-4.488600000000002,175,75
2026-05-07 18:26:13.872,2,0.82,0.7,0.86,136.98219999999998,87.2296,-14.7286,175,75
2026-05-07 18:26:13.883,2,0.77,0.67,0.86,132.5922,84.3696,-21.558600000000006,175,75
2026-05-07 18:26:13.883,2,0.73,0.69,0.86,131.79219999999998,84.0596,-27.778600000000004,175,75
2026-05-07 18:26:13.908,2,0.67,0.71,0.89,133.62220000000002,85.4696,-34.6086,175,75
2026-05-07 18:26:13.986,2,0.57,0.72,0.87,140.1522,52.7196,-49.11860000000001,175,75
2026-05-07 18:26:13.993,2,0.47,0.95,0.81,166.37220000000002,67.53960000000001,-47.168600000000005,175,75
2026-05-07 18:26:14.007,2,0.53,0.97,0.8,169.66219999999998,57.5396,-45.638600000000004,175,75
2026-05-07 18:26:14.076,2,0.52,0.97,0.49,144.7222,63.2096,-37.528600000000004,175,75
2026-05-07 18:26:14.089,2,0.29,1.78,0.56,160.5722,188.3896,-46.4986,175,75
2026-05-07 18:26:14.120,2,0.44,2.29,0.74,208.0722,196.9896,-7.468600000000002,175,75
2026-05-07 18:26:14.135,2,0.68,1.9,0.84,201.24220000000003,157.0496,39.1714,175,75
2026-05-07 18:26:14.135,2,0.87,1.4,1.01,166.49220000000003,75.5296,84.23140000000001,175,75
2026-05-07 18:26:14.146,2,1.21,0.86,1.16,111.0622,-53.5004,118.56139999999999,175,75
2026-05-07 18:26:14.149,2,1.44,0.67,1.17,91.1222,-140.8104,123.0814,175,75
2026-05-07 18:26:14.161,2,0.91,0.43,0.6,95.5722,-31.4204,30.8814,175,75
2026-05-07 18:26:14.180,2,1.24,1.24,0.28,116.7922,-5.330400000000001,8.621399999999998,175,75
2026-05-07 18:26:14.193,2,1.11,1.4,0.43,122.40220000000001,-16.2404,12.771399999999998,175,75
2026-05-07 18:26:14.251,2,1.14,1.11,0.15,53.2022,-65.0204,17.411399999999997,175,75
2026-05-07 18:26:14.261,2,1.23,1.03,0.05,51.6722,-38.2504,7.281399999999998,175,75
2026-05-07 18:26:14.261,2,1.24,0.98,0.04,51.1222,-11.360399999999998,-4.788600000000002,175,75
2026-05-07 18:26:14.273,2,1.1,1.06,0.16,54.292199999999994,20.5896,-23.0786,175,75
2026-05-07 18:26:14.305,2,0.88,1.16,0.22,51.6122,37.479600000000005,-37.778600000000004,175,75
2026-05-07 18:26:14.326,2,0.88,1.1,0.38,46.7922,67.4796,-43.568599999999996,175,75
2026-05-07 18:26:14.347,2,0.84,1.08,0.45,45.2122,62.9096,-48.50860000000001,175,75
2026-05-07 18:26:14.347,2,0.8,1.05,0.51,45.9422,51.8696,-50.638600000000004,175,75
2026-05-07 18:26:14.383,2,0.45,1.12,0.44,60.9422,42.839600000000004,-55.278600000000004,175,75
2026-05-07 18:26:14.398,2,0.4,1.17,0.46,66.1822,58.5796,-56.1886,175,75
2026-05-07 18:26:14.420,2,0.39,1.2,0.48,71.1822,72.0496,-54.5486,175,75
2026-05-07 18:26:14.420,2,0.36,1.22,0.5,74.1722,78.7596,-53.198600000000006,175,75
2026-05-07 18:26:14.430,2,0.37,1.2,0.55,76.0622,77.9696,-50.698600000000006,175,75
2026-05-07 18:26:14.440,2,0.38,1.21,0.55,77.1022,67.4796,-45.7686,175,75
2026-05-07 18:26:14.451,2,0.38,1.21,0.56,78.0722,43.699600000000004,-43.9986,175,75
2026-05-07 18:26:14.481,2,0.34,1.29,0.55,75.8222,17.6596,-37.5886,175,75
2026-05-07 18:26:14.481,2,0.32,1.3,0.54,74.9622,14.249600000000001,-35.3986,175,75
2026-05-07 18:26:14.491,2,0.3,1.28,0.54,72.7722,9.6696,-31.918600000000005,175,75
2026-05-07 18:26:14.513,2,0.33,1.27,0.45,63.932199999999995,-1.420399999999999,-27.168600000000005,175,75
2026-05-07 18:26:14.520,2,0.3,1.29,0.38,62.952200000000005,2.659600000000001,-26.678600000000003,175,75
2026-05-07 18:26:14.533,2,0.28,1.32,0.32,62.952200000000005,17.4796,-26.128600000000006,175,75
2026-05-07 18:26:14.618,2,0.36,1.39,0.51,45.1522,21.6196,-11.008600000000001,175,75
2026-05-07 18:26:14.632,2,0.38,1.43,0.49,40.2122,9.4296,-7.5886,175,75
2026-05-07 18:26:14.632,2,0.41,1.5,0.43,36.1222,3.8796,-4.968600000000002,175,75
2026-05-07 18:26:14.644,2,0.48,1.53,0.42,33.8122,4.1196,-3.938600000000001,175,75
2026-05-07 18:26:14.657,2,0.57,1.52,0.43,31.1822,6.6896,-2.2286000000000037,175,75
2026-05-07 18:26:14.667,2,0.63,1.52,0.48,28.992199999999997,2.9696,-1.1286000000000023,175,75
2026-05-07 18:26:14.685,2,0.67,1.54,0.49,27.2222,-7.220399999999998,-1.0686000000000035,175,75
2026-05-07 18:26:14.720,2,0.66,1.68,0.38,18.682199999999998,-28.5604,14.781399999999998,175,75
2026-05-07 18:26:14.733,2,0.74,1.74,0.4,18.6222,-28.800399999999996,21.251399999999997,175,75
2026-05-07 18:26:14.776,2,0.51,1.68,0.35,-15.9478,-50.1404,37.1014,175,75
2026-05-07 18:26:14.787,2,0.65,1.53,0.33,-28.567800000000002,-74.2304,36.5514,175,75
2026-05-07 18:26:14.801,2,0.0,1.66,0.07,-28.2078,-51.1804,19.361399999999996,175,75
2026-05-07 18:26:14.814,2,0.12,1.93,0.42,-29.4278,-1.6104000000000003,74.3614,175,75
2026-05-07 18:26:14.825,2,-0.23,1.12,-0.07,44.1722,114.4296,-17.718600000000002,175,75
2026-05-07 18:26:14.830,2,0.09,1.27,0.19,65.3922,355.2796,41.1914,175,75
2026-05-07 18:26:14.841,2,1.3,1.35,0.09,63.072199999999995,306.0796,-0.8886000000000038,175,75
2026-05-07 18:26:14.853,2,0.78,1.35,1.27,32.6522,107.9096,-16.0086,175,75
2026-05-07 18:26:14.859,2,1.15,0.95,1.36,2.8322000000000003,-26.550399999999996,-13.998600000000003,175,75
2026-05-07 18:26:14.875,2,1.37,0.68,1.4,-20.9478,-207.2804,25.881399999999996,175,75
2026-05-07 18:26:14.875,2,1.2,0.75,1.0,-22.047800000000002,-309.7804,38.261399999999995,175,75
2026-05-07 18:26:14.910,2,0.97,0.84,0.43,-17.9578,-288.2504,-3.7486000000000033,175,75
2026-05-07 18:26:14.910,2,0.65,1.07,-0.33,-2.8378000000000005,-127.7704,-40.5186,175,75
2026-05-07 18:26:14.910,2,0.62,1.19,-0.41,22.712200000000003,-22.0304,-41.1286,175,75
2026-05-07 18:26:14.921,2,0.4,1.21,-0.28,46.4322,81.0796,-33.5086,175,75
2026-05-07 18:26:14.946,2,0.16,1.21,-0.04,64.8422,210.4696,-22.778600000000004,175,75
2026-05-07 18:26:14.973,2,0.14,1.23,0.15,67.0422,291.5596,-19.418600000000005,175,75
2026-05-07 18:26:14.973,2,0.45,1.26,0.44,60.3322,321.1396,-33.138600000000004,175,75
2026-05-07 18:26:14.986,2,0.55,1.3,0.81,49.9622,286.9896,-35.3986,175,75
2026-05-07 18:26:14.998,2,0.65,1.31,0.96,36.5522,259.3696,-31.858600000000003,175,75
2026-05-07 18:26:14.998,2,1.05,1.25,1.01,7.402200000000001,160.4696,1.5513999999999974,175,75
2026-05-07 18:26:15.010,2,0.91,1.23,1.01,8.6222,95.2196,23.441399999999998,175,75
2026-05-07 18:26:15.021,2,0.75,1.2,0.98,24.352199999999996,88.2096,17.411399999999997,175,75
2026-05-07 18:26:15.032,2,0.74,1.08,0.98,33.5022,105.1596,8.011399999999998,175,75
2026-05-07 18:26:15.042,2,0.89,1.04,1.01,36.2422,95.8296,3.0813999999999986,175,75
2026-05-07 18:26:15.054,2,0.85,1.05,1.12,39.8422,65.2196,-2.468600000000002,175,75
2026-05-07 18:26:15.069,2,0.8,1.09,1.23,47.102199999999996,48.7596,-11.378600000000006,175,75
2026-05-07 18:26:15.105,2,0.98,1.06,1.16,51.7322,-93.6204,-5.398600000000002,175,75
2026-05-07 18:26:15.105,2,0.93,1.09,0.99,54.4122,-132.6404,8.501399999999997,175,75
2026-05-07 18:26:15.108,2,0.73,1.02,0.73,59.172200000000004,-114.96039999999999,-18.138600000000004,175,75
2026-05-07 18:26:15.115,2,0.59,0.96,0.43,61.182199999999995,-20.450400000000002,-40.638600000000004,175,75
2026-05-07 18:26:15.125,2,0.83,1.06,0.35,74.1122,30.9496,-43.9986,175,75
2026-05-07 18:26:15.154,2,0.83,1.1,0.68,105.51219999999999,51.0796,-54.058600000000006,175,75
2026-05-07 18:26:15.165,2,0.85,1.06,0.8,104.9622,78.1496,-56.068599999999996,175,75
2026-05-07 18:26:15.179,2,0.79,1.07,0.82,103.5022,83.2696,-58.2686,175,75
2026-05-07 18:26:15.186,2,0.76,1.14,0.8,109.0522,72.1096,-57.28860000000001,175,75
2026-05-07 18:26:15.199,2,0.75,1.22,0.75,115.0222,50.949600000000004,-52.3486,175,75
2026-05-07 18:26:15.212,2,0.79,1.23,0.74,115.76219999999999,19.4296,-49.4886,175,75
2026-05-07 18:26:15.225,2,0.86,1.25,0.7,112.8922,-12.770399999999999,-47.778600000000004,175,75
2026-05-07 18:26:15.225,2,0.9,1.29,0.65,111.0622,-39.5904,-46.308600000000006,175,75
2026-05-07 18:26:15.240,2,0.92,1.29,0.58,106.4322,-65.2004,-47.3486,175,75
2026-05-07 18:26:15.252,2,0.88,1.29,0.47,101.1222,-77.3404,-47.83860000000001,175,75
2026-05-07 18:26:15.262,2,0.82,1.3,0.41,97.7122,-83.6804,-48.9986,175,75
2026-05-07 18:26:15.279,2,0.78,1.31,0.3,94.1722,-89.3504,-48.198600000000006,175,75
2026-05-07 18:26:15.285,2,0.72,1.35,0.24,91.7922,-88.0704,-46.8586,175,75
2026-05-07 18:26:15.343,2,0.63,1.42,0.07,85.0922,-68.6204,-42.528600000000004,175,75
2026-05-07 18:26:15.343,2,0.6,1.42,0.04,80.3922,-51.1804,-41.1886,175,75
2026-05-07 18:26:15.354,2,0.61,1.38,0.06,79.1122,-33.800399999999996,-42.3486,175,75
2026-05-07 18:26:15.365,2,0.63,1.32,0.11,79.1722,-23.620399999999997,-43.448600000000006,175,75
2026-05-07 18:26:15.365,2,0.57,1.29,0.16,77.8322,-15.630399999999998,-44.668600000000005,175,75
2026-05-07 18:26:15.375,2,0.5,1.27,0.18,76.2422,-5.1404,-43.50860000000001,175,75
2026-05-07 18:26:15.375,2,0.37,1.28,0.15,75.51219999999999,6.5596000000000005,-40.1586,175,75
2026-05-07 18:26:15.388,2,0.26,1.3,0.13,71.3722,20.3396,-35.5186,175,75
2026-05-07 18:26:15.410,2,0.27,1.26,0.17,66.3122,40.4096,-32.2886,175,75
2026-05-07 18:26:15.439,2,0.34,1.09,0.41,65.7022,72.2296,-23.6886,175,75
2026-05-07 18:26:15.450,2,0.31,1.03,0.5,64.4122,68.4496,-20.5186,175,75
2026-05-07 18:26:15.458,2,0.23,0.97,0.59,61.5522,55.6496,-21.0086,175,75
2026-05-07 18:26:15.470,2,0.19,0.88,0.67,53.8722,31.4396,-16.858600000000003,175,75
2026-05-07 18:26:15.513,2,0.13,0.74,0.63,26.3722,-31.6104,-9.9086,175,75
2026-05-07 18:26:15.527,2,0.13,0.74,0.58,18.6222,-36.9104,-10.698600000000006,175,75
2026-05-07 18:26:15.540,2,-0.02,0.79,0.51,10.5122,-27.090400000000002,-18.808600000000006,175,75
2026-05-07 18:26:15.562,2,0.07,0.93,0.72,13.322199999999999,33.449600000000004,-30.5786,175,75
2026-05-07 18:26:15.575,2,-0.1,0.92,0.7,8.132200000000001,17.8396,-30.0886,175,75
2026-05-07 18:26:15.585,2,-0.27,1.04,0.67,9.3522,14.8596,-36.738600000000005,175,75
2026-05-07 18:26:15.611,2,-1.58,1.52,0.73,11.4922,32.3596,-63.808600000000006,175,75
2026-05-07 18:26:15.611,2,1.49,1.69,0.23,-39.6078,59.3096,80.8814,175,75
2026-05-07 18:26:15.614,2,1.3,0.46,0.73,-31.9278,-41.7304,-52.6586,175,75
2026-05-07 18:26:15.629,2,0.02,1.16,0.0,26.7322,76.9296,-51.3786,175,75
2026-05-07 18:26:15.631,2,-0.0,1.4,0.21,57.65219999999999,183.5096,-38.388600000000004,175,75
2026-05-07 18:26:15.646,2,0.78,1.65,0.43,56.4922,108.3296,-63.6286,175,75
2026-05-07 18:26:15.665,2,0.2,1.77,0.9,37.102199999999996,61.5596,-51.9886,175,75
2026-05-07 18:26:15.714,2,0.44,1.56,0.36,37.7122,-86.0604,-13.508600000000001,175,75
2026-05-07 18:26:15.765,2,0.66,1.73,-0.23,53.3822,109.4296,2.651399999999999,175,75
2026-05-07 18:26:15.775,2,0.92,1.89,-0.06,42.0422,148.3296,23.9914,175,75
2026-05-07 18:26:15.810,2,1.26,1.68,0.16,0.8222000000000005,-19.470399999999998,53.1414,175,75
2026-05-07 18:26:15.814,2,1.47,1.47,0.02,-11.1278,-31.6104,38.8114,175,75
2026-05-07 18:26:15.841,2,1.33,1.48,-0.1,-9.6678,3.0296000000000003,19.361399999999996,175,75
2026-05-07 18:26:15.850,2,1.07,1.51,0.02,-28.0178,71.37960000000001,3.1413999999999973,175,75
2026-05-07 18:26:15.878,2,0.73,1.65,0.02,-26.1278,116.4996,15.821399999999997,175,75
2026-05-07 18:26:15.884,2,0.65,1.59,0.33,-14.5478,179.5496,26.731399999999997,175,75
2026-05-07 18:26:15.920,2,0.99,1.47,0.61,-21.497799999999998,152.5996,9.841399999999997,175,75
2026-05-07 18:26:15.926,2,1.02,1.37,0.95,-60.5178,-16.1204,1.6113999999999962,175,75
2026-05-07 18:26:15.944,2,1.0,1.31,0.66,-62.3478,-28.3804,-14.7286,175,75
2026-05-07 18:26:15.960,2,0.74,1.39,0.46,-59.2378,-7.2804,-16.498600000000003,175,75
2026-05-07 18:26:15.973,2,0.57,1.42,0.44,-49.4278,37.7196,-22.0486,175,75
2026-05-07 18:26:15.991,2,0.42,1.29,0.59,-47.1678,91.1396,-24.848600000000005,175,75
2026-05-07 18:26:16.018,2,0.26,1.25,0.68,-52.1678,107.5996,-30.028600000000004,175,75
2026-05-07 18:26:16.039,2,0.22,1.37,0.78,-47.4778,132.4196,-29.5486,175,75
2026-05-07 18:26:16.090,2,0.08,1.29,0.87,-49.5478,91.3796,-14.848600000000005,175,75
2026-05-07 18:26:16.102,2,0.17,1.3,0.88,-50.7078,86.1396,-12.898600000000002,175,75
2026-05-07 18:26:16.107,2,0.16,1.25,0.88,-56.2578,78.2096,-12.6586,175,75
2026-05-07 18:26:16.117,2,0.14,1.21,0.88,-60.1578,77.2296,-14.358600000000003,175,75
2026-05-07 18:26:16.137,2,0.14,1.2,0.87,-59.2378,77.8396,-13.628600000000006,175,75
2026-05-07 18:26:16.152,2,0.14,1.21,0.87,-56.9878,73.3896,-13.198600000000006,175,75
2026-05-07 18:26:16.152,2,0.14,1.23,0.85,-54.9778,67.2996,-13.808600000000006,175,75
2026-05-07 18:26:16.163,2,0.12,1.23,0.83,-55.4578,66.31960000000001,-14.9086,175,75
2026-05-07 18:26:16.185,2,0.06,1.21,0.76,-56.1278,73.4496,-15.578600000000002,175,75
2026-05-07 18:26:16.185,2,0.02,1.24,0.76,-56.9878,86.1996,-17.0486,175,75
2026-05-07 18:26:16.194,2,0.01,1.34,0.8,-57.5978,108.0296,-13.688600000000001,175,75
2026-05-07 18:26:16.206,2,0.08,1.41,0.89,-59.6078,135.0396,-10.218600000000002,175,75
2026-05-07 18:26:16.220,2,0.16,1.35,1.0,-63.8778,142.3596,-10.698600000000006,175,75
2026-05-07 18:26:16.230,2,0.23,1.22,1.14,-70.5178,123.8796,-13.2686,175,75
2026-05-07 18:26:16.269,2,0.14,1.19,1.07,-75.4578,60.6496,-10.698600000000006,175,75
2026-05-07 18:26:16.281,2,-0.01,1.45,0.95,-81.3178,59.4896,0.8813999999999957,175,75
2026-05-07 18:26:16.299,2,0.02,1.49,1.07,-88.8778,74.7296,7.341399999999997,175,75
2026-05-07 18:26:16.299,2,0.19,1.53,1.27,-97.5978,75.9496,13.261399999999997,175,75
2026-05-07 18:26:16.318,2,0.36,1.44,1.42,-112.8978,48.699600000000004,20.271399999999996,175,75
2026-05-07 18:26:16.318,2,0.44,1.31,1.43,-125.3978,2.7796000000000003,32.9514,175,75
2026-05-07 18:26:16.331,2,0.41,1.23,1.27,-125.3378,-48.7404,43.3214,175,75
2026-05-07 18:26:16.343,2,0.33,1.2,1.08,-130.58780000000002,-72.5204,48.8114,175,75
2026-05-07 18:26:16.358,2,0.2,1.2,0.98,-141.7378,-72.0304,46.371399999999994,175,75
2026-05-07 18:26:16.402,2,0.34,1.19,1.03,-156.12779999999998,-33.4404,38.9314,175,75
2026-05-07 18:26:16.420,2,0.45,1.05,1.09,-180.51780000000002,6.4996,33.3814,175,75
2026-05-07 18:26:16.434,2,0.44,1.02,1.12,-190.2778,60.4696,36.0014,175,75
2026-05-07 18:26:16.434,2,-0.72,1.26,1.03,-196.9278,82.7196,51.5514,175,75
2026-05-07 18:26:16.444,2,2.3,0.03,1.49,-245.0378,71.8096,-44.4886,175,75
2026-05-07 18:26:16.456,2,0.47,0.65,1.15,-219.9078,229.1896,22.651399999999995,175,75
2026-05-07 18:26:16.457,2,0.63,1.02,0.47,-155.82780000000002,161.5596,9.301399999999997,175,75
2026-05-07 18:26:16.469,2,-0.14,1.1,1.15,-124.1178,226.0796,3.691399999999998,175,75
2026-05-07 18:26:16.498,2,0.39,0.63,2.09,-148.62779999999998,354.4896,-46.918600000000005,175,75
2026-05-07 18:26:16.529,2,0.12,0.56,2.94,-166.7378,-13.740400000000001,-1.188600000000001,175,75
2026-05-07 18:26:16.539,2,0.03,0.79,2.65,-86.6778,-77.4004,34.6014,175,75
2026-05-07 18:26:16.549,2,0.19,0.9,2.32,-46.4978,-126.4904,46.3114,175,75
2026-05-07 18:26:16.560,2,0.26,1.02,2.27,-51.4978,-109.0504,48.261399999999995,175,75
2026-05-07 18:26:16.571,2,0.42,1.07,2.29,-59.2978,-39.7804,38.4414,175,75
2026-05-07 18:26:16.639,2,0.53,1.02,2.65,8.9922,-74.8404,52.221399999999996,175,75
2026-05-07 18:26:16.655,2,0.51,0.68,2.49,32.3422,-98.0704,42.59139999999999,175,75
2026-05-07 18:26:16.668,2,0.56,0.69,2.5,48.8122,-82.8904,35.0314,175,75
2026-05-07 18:26:16.674,2,0.61,0.8,2.49,64.1722,-77.8304,31.801399999999997,175,75
2026-05-07 18:26:16.689,2,0.65,0.88,2.47,74.9622,-77.4004,32.9514,175,75
2026-05-07 18:26:16.699,2,0.62,0.84,2.43,84.7822,-85.4504,35.7014,175,75
2026-05-07 18:26:16.709,2,0.57,0.71,2.4,98.26219999999999,-92.6404,35.09139999999999,175,75
2026-05-07 18:26:16.776,2,0.63,0.46,2.14,146.98219999999998,-167.0904,26.981399999999997,175,75
2026-05-07 18:26:16.803,2,0.64,0.49,2.04,158.0122,-177.8304,25.091399999999997,175,75
2026-05-07 18:26:16.819,2,0.65,0.48,1.9,177.10219999999998,-165.9404,12.891399999999997,175,75
2026-05-07 18:26:16.832,2,0.74,0.26,1.83,188.2022,-159.5904,5.821399999999997,175,75
2026-05-07 18:26:16.843,2,0.74,0.2,1.76,195.1522,-169.3504,-0.9486000000000026,175,75
2026-05-07 18:26:16.843,2,0.76,0.25,1.71,203.4422,-179.2904,-8.328600000000002,175,75
2026-05-07 18:26:16.855,2,0.81,0.3,1.6,215.4522,-190.6904,-14.178600000000003,175,75
2026-05-07 18:26:16.889,2,0.75,0.18,1.38,222.8322,-209.9604,-18.628600000000006,175,75
2026-05-07 18:26:16.910,2,0.87,0.24,1.19,252.9522,-167.2804,-61.00860000000001,175,75
2026-05-07 18:26:16.924,2,0.91,0.21,1.17,255.7022,-181.0004,-66.1286,175,75
2026-05-07 18:26:16.929,2,0.88,0.14,1.11,255.0222,-200.2004,-73.3886,175,75
2026-05-07 18:26:16.959,2,0.72,0.05,0.46,273.2622,-186.3004,-118.6286,175,75
2026-05-07 18:26:16.970,2,0.58,0.18,0.2,288.8722,-133.8604,-130.7686,175,75
2026-05-07 18:26:16.998,2,0.52,0.38,0.28,329.35220000000004,-38.5004,-142.1686,175,75
2026-05-07 18:26:17.013,2,0.59,0.33,0.45,339.9022,-19.0504,-143.4486,175,75
2026-05-07 18:26:17.046,2,0.5,0.01,0.67,360.3922,-49.1104,-139.9686,175,75
2026-05-07 18:26:17.056,2,0.41,-0.11,0.64,368.8122,-66.7304,-140.1586,175,75
2026-05-07 18:26:17.056,2,0.33,-0.18,0.57,377.2222,-81.9704,-144.6686,175,75
2026-05-07 18:26:17.078,2,0.28,-0.26,0.4,386.98220000000003,-115.0804,-153.6886,175,75
2026-05-07 18:26:17.093,2,0.18,-0.23,0.26,384.60220000000004,-123.19040000000001,-158.5686,175,75
2026-05-07 18:26:17.139,2,-0.26,-0.02,0.06,409.7822,-39.5904,-150.5186,175,75
2026-05-07 18:26:17.160,2,-0.06,-0.04,0.39,396.98220000000003,95.0996,-103.3886,175,75
2026-05-07 18:26:17.180,2,0.03,-0.03,0.51,397.04220000000004,80.4096,-93.74860000000001,175,75
2026-05-07 18:26:17.191,2,0.16,-0.04,0.63,395.7022,31.9896,-93.80860000000001,175,75
2026-05-07 18:26:17.201,2,0.02,-0.04,0.74,387.4022,-35.3304,-88.99860000000001,175,75
2026-05-07 18:26:17.202,2,-0.09,-0.05,0.77,364.7222,-86.8504,-93.01859999999999,175,75
2026-05-07 18:26:17.249,2,-0.27,-0.03,0.24,287.5922,-194.5304,-142.7186,175,75
2026-05-07 18:26:17.281,2,-0.34,-0.08,0.12,266.73220000000003,-208.0104,-163.0786,175,75
2026-05-07 18:26:17.294,2,-0.47,-0.14,-0.08,226.31220000000002,-141.1204,-156.0686,175,75
2026-05-07 18:26:17.296,2,-0.5,-0.19,-0.16,200.8822,-87.0904,-154.6686,175,75
2026-05-07 18:26:17.321,2,-0.34,0.0,-0.38,164.29219999999998,-49.5304,-143.2686,175,75
2026-05-07 18:26:17.343,2,-0.33,0.14,-0.42,154.23219999999998,-58.2504,-133.4486,175,75
2026-05-07 18:26:17.360,2,-0.22,0.23,-0.57,120.02220000000001,-38.5004,-98.6286,175,75
2026-05-07 18:26:17.371,2,-0.2,0.27,-0.71,100.2722,-40.5104,-80.8286,175,75
2026-05-07 18:26:17.384,2,-0.15,0.33,-0.82,91.9122,-32.2804,-66.7986,175,75
2026-05-07 18:26:17.384,2,-0.14,0.37,-0.93,89.0522,-14.470399999999998,-49.178599999999996,175,75
2026-05-07 18:26:17.406,2,-0.03,0.37,-1.03,87.2822,21.4996,-24.7286,175,75
2026-05-07 18:26:17.406,2,0.08,0.46,-1.02,79.6622,71.31960000000001,-6.008600000000001,175,75
2026-05-07 18:26:17.417,2,0.2,0.58,-0.92,66.3122,108.4496,7.411399999999997,175,75
2026-05-07 18:26:17.428,2,0.38,0.63,-0.82,52.8322,114.7296,15.941399999999998,175,75
2026-05-07 18:26:17.440,2,0.47,0.66,-0.73,34.4122,90.7696,22.411399999999997,175,75
2026-05-07 18:26:17.451,2,0.44,0.71,-0.69,18.1322,53.9396,28.751399999999997,175,75
2026-05-07 18:26:17.492,2,0.34,0.88,-0.62,-15.767800000000001,68.3896,32.2814,175,75
2026-05-07 18:26:17.502,2,0.4,0.87,-0.53,-30.4578,113.2696,29.541399999999996,175,75
2026-05-07 18:26:17.502,2,0.49,0.8,-0.38,-39.6678,151.5596,26.001399999999997,175,75
2026-05-07 18:26:17.513,2,0.56,0.7,-0.22,-43.3878,181.2596,21.4914,175,75
2026-05-07 18:26:17.513,2,0.67,0.58,-0.03,-43.8178,202.2296,17.411399999999997,175,75
2026-05-07 18:26:17.546,2,0.8,0.49,0.21,-42.7178,202.1096,14.231399999999997,175,75
2026-05-07 18:26:17.546,2,0.8,0.5,0.38,-39.297799999999995,160.9496,13.991399999999997,175,75
2026-05-07 18:26:17.568,2,0.8,0.56,0.53,-31.4978,87.5996,6.371399999999998,175,75
2026-05-07 18:26:17.592,2,0.69,0.7,0.43,-30.8278,-61.490399999999994,-2.718600000000002,175,75
2026-05-07 18:26:17.592,2,0.66,0.64,0.24,-32.7778,-87.0904,-5.768600000000003,175,75
2026-05-07 18:26:17.624,2,0.61,0.54,0.1,-31.9278,-82.46039999999999,-5.578600000000002,175,75
2026-05-07 18:26:17.691,2,0.6,0.57,-0.03,-35.1578,-1.7904,0.701399999999996,175,75
2026-05-07 18:26:17.701,2,0.59,0.54,-0.04,-38.9978,-7.4604,-0.9486000000000026,175,75
2026-05-07 18:26:17.724,2,0.58,0.55,-0.07,-41.067800000000005,-1.8504000000000005,-0.5786000000000016,175,75
2026-05-07 18:26:17.742,2,0.56,0.58,-0.04,-44.7278,12.5996,-0.5186000000000028,175,75
2026-05-07 18:26:17.754,2,0.64,0.64,0.02,-51.0678,15.889600000000002,-1.0686000000000035,175,75
2026-05-07 18:26:17.765,2,0.64,0.64,0.05,-51.6778,0.09960000000000058,-2.1086000000000027,175,75
2026-05-07 18:26:17.773,2,0.64,0.64,0.03,-51.1878,-21.120399999999997,-2.588600000000003,175,75
2026-05-07 18:26:17.773,2,0.59,0.64,-0.01,-50.647800000000004,-31.730400000000003,-2.2286000000000037,175,75
2026-05-07 18:26:17.785,2,0.53,0.6,-0.08,-50.2178,-28.7404,-2.1086000000000027,175,75
2026-05-07 18:26:17.803,2,0.51,0.56,-0.12,-50.397800000000004,-4.660399999999999,-1.0686000000000035,175,75
2026-05-07 18:26:17.822,2,0.58,0.52,-0.11,-49.7878,48.699600000000004,1.6113999999999962,175,75
2026-05-07 18:26:17.832,2,0.63,0.53,-0.04,-49.4878,59.3096,1.311399999999999,175,75
2026-05-07 18:26:17.846,2,0.62,0.54,0.04,-55.7078,43.0296,-0.9486000000000026,175,75
2026-05-07 18:26:17.846,2,0.59,0.53,0.03,-60.647800000000004,25.8896,-1.9886000000000017,175,75
2026-05-07 18:26:17.860,2,0.46,0.51,0.0,-65.6478,10.2196,-2.838600000000003,175,75
2026-05-07 18:26:17.871,2,0.36,0.49,-0.04,-71.0678,9.1196,-1.7386000000000017,175,75
2026-05-07 18:26:17.910,2,-0.01,0.51,-0.11,-92.4778,81.4396,15.641399999999997,175,75
2026-05-07 18:26:17.950,2,-0.01,0.52,0.01,-176.06779999999998,124.3696,45.70139999999999,175,75
2026-05-07 18:26:17.967,2,-0.07,0.47,0.03,-229.1178,109.3096,70.3914,175,75
2026-05-07 18:26:18.012,2,-0.11,0.19,0.01,-361.9278,44.1196,130.6414,175,75
2026-05-07 18:26:18.043,2,-0.08,0.02,-0.12,-451.7378,-33.7404,162.47140000000002,175,75
2026-05-07 18:26:18.068,2,-0.31,0.03,-0.2,-467.2878,-67.0304,168.0814,175,75
2026-05-07 18:26:18.118,2,-0.32,-0.41,-0.28,-553.5078000000001,-50.0204,296.4314,175,75
2026-05-07 18:26:18.144,2,-0.13,-0.52,-0.2,-565.4578,-34.6604,330.4514,175,75
2026-05-07 18:26:18.180,2,0.12,-0.93,0.14,-526.5578,108.2096,365.7014,175,75
2026-05-07 18:26:18.205,2,1.94,-2.67,1.34,-527.1078,-3.8004,217.8914,175,75
2026-05-07 18:26:18.241,2,1.96,-1.03,1.37,-367.95779999999996,163.8796,118.0814,175,75
2026-05-07 18:26:18.251,2,1.37,0.16,2.06,-265.5178,246.8096,29.301399999999997,175,75
2026-05-07 18:26:18.262,2,1.37,0.72,2.16,-239.5478,272.9096,-5.278600000000004,175,75
2026-05-07 18:26:18.273,2,1.55,1.15,2.2,-202.4778,221.4396,3.6213999999999977,175,75
2026-05-07 18:26:18.280,2,1.47,1.33,2.34,-145.94779999999997,99.1196,31.191399999999998,175,75
2026-05-07 18:26:18.295,2,1.29,1.07,2.32,-95.8278,0.15960000000000107,50.8814,175,75
2026-05-07 18:26:18.305,2,1.2,0.86,2.08,-71.67779999999999,-45.2704,58.261399999999995,175,75
2026-05-07 18:26:18.305,2,1.08,0.81,1.77,-46.6778,-64.7204,57.9514,175,75
2026-05-07 18:26:18.317,2,1.08,0.84,1.58,-22.7178,-56.120400000000004,49.0514,175,75
2026-05-07 18:26:18.351,2,1.16,0.84,1.47,-6.5578,-33.1904,33.3814,175,75
2026-05-07 18:26:18.351,2,1.18,0.83,1.39,-4.2978000000000005,-29.1704,25.941399999999998,175,75
2026-05-07 18:26:18.362,2,1.16,0.84,1.33,-3.0878000000000005,-33.7404,18.691399999999998,175,75
2026-05-07 18:26:18.362,2,1.09,0.87,1.27,1.062199999999999,-38.8604,15.511399999999997,175,75
2026-05-07 18:26:18.397,2,0.95,0.97,1.09,11.6722,-49.2904,16.731399999999997,175,75
2026-05-07 18:26:18.408,2,0.84,1.0,0.96,10.392199999999999,-48.0104,18.871399999999998,175,75
2026-05-07 18:26:18.408,2,0.78,0.98,0.89,3.562199999999999,-40.4504,19.301399999999997,175,75
2026-05-07 18:26:18.421,2,0.8,0.91,0.88,-8.1478,-23.7404,13.931399999999996,175,75
2026-05-07 18:26:18.446,2,0.85,0.87,0.93,-13.5078,-0.9404000000000003,3.9313999999999965,175,75
2026-05-07 18:26:18.460,2,0.84,0.91,0.98,-12.3478,-3.500399999999999,2.531399999999998,175,75
2026-05-07 18:26:18.460,2,0.83,0.95,1.0,-12.2278,-8.500399999999999,2.3413999999999966,175,75
2026-05-07 18:26:18.471,2,0.83,0.96,1.01,-11.4378,-17.220399999999998,3.0813999999999986,175,75
2026-05-07 18:26:18.497,2,0.77,0.96,0.99,-10.8878,-29.230400000000003,6.001399999999997,175,75
2026-05-07 18:26:18.497,2,0.75,0.95,0.97,-9.9078,-42.5804,7.411399999999997,175,75
2026-05-07 18:26:18.509,2,0.76,0.94,0.95,-9.2378,-49.2304,7.531399999999998,175,75
2026-05-07 18:26:18.529,2,0.76,0.94,0.92,-5.5878000000000005,-53.740399999999994,6.371399999999998,175,75
2026-05-07 18:26:18.529,2,0.75,0.94,0.88,-0.21780000000000044,-56.9704,4.841399999999997,175,75
2026-05-07 18:26:18.560,2,0.73,0.96,0.84,3.3222000000000005,-58.620400000000004,3.691399999999998,175,75
2026-05-07 18:26:18.571,2,0.62,0.93,0.75,9.6022,-42.5204,-3.688600000000001,175,75
2026-05-07 18:26:18.584,2,0.49,0.96,0.73,16.432199999999998,-29.7804,-2.838600000000003,175,75
2026-05-07 18:26:18.610,2,0.46,0.99,0.73,15.632200000000001,-42.4604,6.001399999999997,175,75
2026-05-07 18:26:18.622,2,0.45,0.99,0.71,15.1522,-56.4204,13.081399999999997,175,75
2026-05-07 18:26:18.633,2,0.43,0.99,0.69,14.0522,-63.8604,18.691399999999998,175,75
2026-05-07 18:26:18.638,2,0.42,0.98,0.67,12.892199999999999,-66.2404,22.471399999999996,175,75
2026-05-07 18:26:18.652,2,0.42,0.96,0.67,11.1222,-66.6704,25.091399999999997,175,75
2026-05-07 18:26:18.663,2,0.43,0.94,0.68,9.9622,-66.9104,27.591399999999997,175,75
2026-05-07 18:26:18.711,2,0.26,0.89,0.67,13.132200000000001,-80.4504,49.361399999999996,175,75
2026-05-07 18:26:18.725,2,0.23,0.89,0.67,15.452200000000001,-77.1604,51.981399999999994,175,75
2026-05-07 18:26:18.736,2,0.18,0.88,0.65,18.8722,-69.0504,56.981399999999994,175,75
2026-05-07 18:26:18.746,2,0.13,0.86,0.67,21.3122,-59.1104,60.8214,175,75
2026-05-07 18:26:18.760,2,0.02,0.8,0.75,30.392200000000003,-37.5804,73.3214,175,75
2026-05-07 18:26:18.788,2,0.11,0.75,0.78,37.6522,-53.4404,91.6714,175,75
2026-05-07 18:26:18.795,2,0.14,0.74,0.78,40.3922,-61.240399999999994,99.4214,175,75
2026-05-07 18:26:18.808,2,0.06,0.67,0.76,42.7122,-56.6704,99.78139999999999,175,75
2026-05-07 18:26:18.830,2,0.02,0.65,0.79,47.5222,-40.8104,99.91139999999999,175,75
2026-05-07 18:26:18.843,2,-0.01,0.63,0.84,55.452200000000005,-24.720399999999998,103.2014,175,75
2026-05-07 18:26:18.853,2,0.07,0.58,0.88,58.072199999999995,-26.6104,109.54140000000001,175,75
2026-05-07 18:26:18.853,2,0.14,0.5,0.91,58.682199999999995,-44.2904,116.4914,175,75
2026-05-07 18:26:18.871,2,0.21,0.41,0.94,59.172200000000004,-70.2704,121.00139999999999,175,75
2026-05-07 18:26:18.882,2,0.23,0.38,0.92,59.6622,-81.6104,124.1114,175,75
2026-05-07 18:26:18.894,2,0.23,0.36,0.87,63.87220000000001,-90.8104,125.82140000000001,175,75
2026-05-07 18:26:18.899,2,0.24,0.36,0.79,72.8922,-101.7304,124.8414,175,75
2026-05-07 18:26:18.910,2,0.3,0.34,0.75,78.4422,-100.5704,125.0914,175,75
2026-05-07 18:26:18.920,2,0.39,0.28,0.69,82.2822,-91.8504,126.8614,175,75
2026-05-07 18:26:18.940,2,0.51,0.14,0.67,89.6022,-87.7004,124.0514,175,75
2026-05-07 18:26:18.940,2,0.6,0.02,0.67,94.2922,-86.1804,118.6214,175,75
2026-05-07 18:26:18.951,2,0.67,-0.03,0.66,97.7722,-84.7204,109.1114,175,75
2026-05-07 18:26:18.961,2,0.73,0.03,0.61,101.4322,-77.5204,101.8014,175,75
2026-05-07 18:26:18.969,2,0.76,0.1,0.6,111.4322,-78.7404,92.7714,175,75
2026-05-07 18:26:18.996,2,0.79,0.04,0.65,126.7922,-93.0704,85.5114,175,75
2026-05-07 18:26:19.013,2,0.69,-0.08,0.66,133.0722,-92.0304,82.22139999999999,175,75
2026-05-07 18:26:19.025,2,0.6,-0.16,0.66,136.61219999999997,-82.0304,80.3314,175,75
2026-05-07 18:26:19.035,2,0.54,-0.27,0.79,141.79219999999998,-86.2404,78.75139999999999,175,75
2026-05-07 18:26:19.062,2,0.62,-0.34,0.84,147.4622,-105.0804,74.9114,175,75
2026-05-07 18:26:19.065,2,0.66,-0.39,0.83,156.24220000000003,-123.62039999999999,70.5814,175,75
2026-05-07 18:26:19.078,2,0.63,-0.41,0.81,163.68220000000002,-129.4704,67.8914,175,75
2026-05-07 18:26:19.090,2,0.58,-0.45,0.79,174.7222,-132.9504,61.6714,175,75
2026-05-07 18:26:19.106,2,0.45,-0.39,0.85,192.7722,-132.0304,47.34139999999999,175,75
2026-05-07 18:26:19.132,2,0.41,-0.4,0.94,201.12220000000002,-153.3104,38.621399999999994,175,75
2026-05-07 18:26:19.139,2,0.4,-0.44,0.97,204.7822,-165.6304,35.9414,175,75
2026-05-07 18:26:19.153,2,0.41,-0.48,1.0,214.7822,-195.9404,26.0614,175,75
2026-05-07 18:26:19.171,2,0.34,-0.53,1.04,225.5122,-223.3104,16.001399999999997,175,75
2026-05-07 18:26:19.180,2,0.31,-0.6,1.02,231.31220000000002,-240.6904,10.581399999999997,175,75
2026-05-07 18:26:19.201,2,0.17,-0.82,1.01,236.91219999999998,-262.5204,4.421399999999998,175,75
2026-05-07 18:26:19.213,2,0.13,-0.98,1.02,239.11219999999997,-274.5304,5.641399999999997,175,75
2026-05-07 18:26:19.224,2,0.12,-1.22,1.05,239.66219999999998,-298.6204,8.561399999999999,175,75
2026-05-07 18:26:19.275,2,-0.05,-1.79,0.86,184.05220000000003,-343.1304,-71.24860000000001,175,75
2026-05-07 18:26:19.308,2,-0.1,-1.36,0.65,210.6322,-340.8804,-172.1086,175,75
2026-05-07 18:26:19.320,2,-0.15,-1.3,0.62,211.37220000000002,-322.2804,-170.1586,175,75
2026-05-07 18:26:19.344,2,-0.41,-1.13,0.52,196.31220000000002,-267.9504,-176.9186,175,75
2026-05-07 18:26:19.369,2,-0.43,-0.84,0.47,168.2022,-203.0104,-222.1686,175,75
2026-05-07 18:26:19.391,2,-0.3,-0.45,0.45,150.2122,-154.5304,-215.7686,175,75
2026-05-07 18:26:19.403,2,-0.24,-0.26,0.47,142.9522,-123.8004,-193.8786,175,75
2026-05-07 18:26:19.431,2,-0.17,-0.04,0.62,124.23219999999999,-44.4104,-152.4086,175,75
2026-05-07 18:26:19.442,2,-0.14,-0.02,0.74,116.9122,-31.970399999999998,-141.0686,175,75
2026-05-07 18:26:19.453,2,-0.12,-0.02,0.85,110.9422,-37.2204,-132.6586,175,75
2026-05-07 18:26:19.468,2,-0.14,0.04,0.95,92.6522,-72.7704,-122.1086,175,75
2026-05-07 18:26:19.479,2,-0.19,0.14,0.95,70.51219999999999,-91.6104,-114.5486,175,75
2026-05-07 18:26:19.491,2,-0.2,0.21,0.92,53.5622,-98.9204,-106.18860000000001,175,75
2026-05-07 18:26:19.540,2,-0.24,0.32,0.9,7.712199999999999,-100.0804,-62.168600000000005,175,75
2026-05-07 18:26:19.552,2,-0.24,0.34,0.89,-1.7978000000000005,-102.5804,-53.9386,175,75
2026-05-07 18:26:19.561,2,-0.23,0.36,0.87,-10.0978,-104.1104,-45.08860000000001,175,75
2026-05-07 18:26:19.574,2,-0.25,0.38,0.83,-25.0978,-98.9904,-26.1886,175,75
2026-05-07 18:26:19.598,2,-0.26,0.45,0.77,-36.4978,-73.1304,-10.888600000000004,175,75
2026-05-07 18:26:19.611,2,-0.25,0.47,0.76,-39.547799999999995,-66.4904,-4.058600000000002,175,75
2026-05-07 18:26:19.623,2,-0.23,0.47,0.76,-43.3278,-62.9504,3.691399999999998,175,75
2026-05-07 18:26:19.634,2,-0.21,0.47,0.74,-46.7978,-59.4704,11.921399999999997,175,75
2026-05-07 18:26:19.644,2,-0.21,0.45,0.75,-48.9978,-54.35039999999999,18.0814,175,75
2026-05-07 18:26:19.646,2,-0.22,0.44,0.75,-50.5178,-47.1604,22.951399999999996,175,75
2026-05-07 18:26:19.663,2,-0.21,0.44,0.73,-51.9878,-36.300399999999996,28.8114,175,75
2026-05-07 18:26:19.678,2,-0.21,0.46,0.72,-52.4778,-24.410400000000003,33.5014,175,75
2026-05-07 18:26:19.706,2,-0.23,0.45,0.7,-55.7678,8.329600000000001,46.2514,175,75
2026-05-07 18:26:19.706,2,-0.26,0.42,0.7,-58.2678,27.9696,56.981399999999994,175,75
2026-05-07 18:26:19.734,2,-0.24,0.37,0.73,-59.4278,37.0496,64.78139999999999,175,75
2026-05-07 18:26:19.745,2,-0.2,0.29,0.78,-62.4078,52.2296,82.22139999999999,175,75
2026-05-07 18:26:19.764,2,-0.14,0.25,0.78,-63.147800000000004,61.8096,93.38139999999999,175,75
2026-05-07 18:26:19.788,2,-0.08,0.13,0.84,-69.42779999999999,74.36959999999999,111.73140000000001,175,75
2026-05-07 18:26:19.788,2,-0.06,0.05,0.85,-73.93780000000001,81.5596,119.8414,175,75
2026-05-07 18:26:19.796,2,-0.06,-0.01,0.84,-78.6278,87.1096,127.41139999999999,175,75
2026-05-07 18:26:19.823,2,-0.12,-0.15,0.85,-92.0478,112.0496,150.9414,175,75
2026-05-07 18:26:19.834,2,-0.12,-0.21,0.86,-96.1878,123.0896,161.6714,175,75
2026-05-07 18:26:19.889,2,-0.09,-0.43,0.92,-119.0578,173.1496,197.7114,175,75
2026-05-07 18:26:19.892,2,-0.06,-0.55,0.97,-134.1778,190.8896,219.3014,175,75
2026-05-07 18:26:19.943,2,0.12,-0.6,1.07,-129.9078,167.1696,226.0614,175,75
2026-05-07 18:26:19.943,2,0.25,-0.59,1.11,-124.8478,137.4796,223.44140000000002,175,75
2026-05-07 18:26:19.944,2,0.26,-0.57,1.12,-121.7978,111.8696,224.3614,175,75
2026-05-07 18:26:19.963,2,0.24,-0.54,1.07,-117.4778,90.0996,225.8814,175,75
2026-05-07 18:26:19.989,2,0.19,-0.54,1.04,-105.9478,53.3896,225.5114,175,75
2026-05-07 18:26:19.989,2,0.16,-0.61,1.06,-92.1678,12.4196,227.7714,175,75
2026-05-07 18:26:19.989,2,0.16,-0.72,1.01,-79.4278,-36.1204,231.3114,175,75
2026-05-07 18:26:20.008,2,0.2,-0.82,0.82,-59.1178,-121.06039999999999,204.3614,175,75
2026-05-07 18:26:20.020,2,0.21,-0.81,0.65,-48.8778,-143.3104,177.41140000000001,175,75
2026-05-07 18:26:20.041,2,0.06,-0.55,0.13,-13.3878,-123.62039999999999,142.8914,175,75
2026-05-07 18:26:20.056,2,-0.24,-0.5,-0.04,-0.45780000000000065,-65.0804,131.1214,175,75
2026-05-07 18:26:20.103,2,-0.17,-0.28,0.04,-12.7178,110.4696,115.4514,175,75
2026-05-07 18:26:20.118,2,-0.12,-0.2,0.13,-12.5978,132.2296,114.3614,175,75
2026-05-07 18:26:20.143,2,0.03,-0.14,0.41,-18.937800000000003,129.18959999999998,103.9314,175,75
2026-05-07 18:26:20.159,2,0.03,-0.03,0.59,-37.2278,43.7596,95.1514,175,75
2026-05-07 18:26:20.211,2,-0.03,0.04,0.48,-56.7978,-11.4204,91.1214,175,75
2026-05-07 18:26:20.211,2,-0.06,0.03,0.45,-56.1878,-9.900400000000001,87.53139999999999,175,75
2026-05-07 18:26:20.221,2,-0.07,0.03,0.46,-54.4278,-3.9903999999999993,81.25139999999999,175,75
2026-05-07 18:26:20.221,2,-0.08,0.04,0.48,-54.1178,0.09960000000000058,76.98140000000001,175,75
2026-05-07 18:26:20.234,2,-0.12,0.06,0.51,-52.5378,3.3895999999999997,71.6114,175,75
2026-05-07 18:26:20.244,2,-0.13,0.08,0.54,-50.2778,4.6696,67.5914,175,75
2026-05-07 18:26:20.249,2,-0.15,0.1,0.55,-47.2278,6.4996,63.7514,175,75
2026-05-07 18:26:20.269,2,-0.16,0.1,0.56,-44.5478,8.7596,60.2714,175,75
2026-05-07 18:26:20.279,2,-0.16,0.12,0.6,-39.787800000000004,13.5096,53.011399999999995,175,75
2026-05-07 18:26:20.292,2,-0.12,0.11,0.63,-35.7678,16.0796,48.261399999999995,175,75
2026-05-07 18:26:20.303,2,-0.11,0.09,0.65,-31.5578,15.7696,44.1714,175,75
2026-05-07 18:26:20.331,2,-0.12,0.09,0.67,-27.2878,16.1996,39.111399999999996,175,75
2026-05-07 18:26:20.331,2,-0.15,0.13,0.66,-23.687800000000003,17.2296,33.8114,175,75
2026-05-07 18:26:20.331,2,-0.15,0.17,0.66,-21.0078,18.7596,27.041399999999996,175,75
2026-05-07 18:26:20.353,2,-0.19,0.22,0.67,-15.767800000000001,25.099600000000002,21.551399999999997,175,75
2026-05-07 18:26:20.365,2,-0.17,0.22,0.71,-13.0878,24.979599999999998,17.771399999999996,175,75
2026-05-07 18:26:20.378,2,-0.14,0.21,0.74,-10.3978,22.1096,15.511399999999997,175,75
2026-05-07 18:26:20.390,2,-0.14,0.18,0.77,-6.4978,13.5096,15.091399999999997,175,75
2026-05-07 18:26:20.413,2,-0.14,0.17,0.77,-3.8178,0.09960000000000058,13.691399999999998,175,75
2026-05-07 18:26:20.413,2,-0.14,0.16,0.76,-1.2577999999999996,-14.5304,9.661399999999997,175,75
2026-05-07 18:26:20.413,2,-0.12,0.17,0.72,0.8821999999999992,-26.8504,4.841399999999997,175,75
2026-05-07 18:26:20.433,2,-0.13,0.2,0.67,3.562199999999999,-29.720399999999998,2.3413999999999966,175,75
2026-05-07 18:26:20.445,2,-0.15,0.21,0.66,6.8522,-27.2804,0.6413999999999973,175,75
2026-05-07 18:26:20.456,2,-0.15,0.17,0.66,11.0622,-28.1304,-2.048600000000004,175,75
2026-05-07 18:26:20.464,2,-0.15,0.14,0.67,13.8122,-36.300399999999996,-7.0486,175,75
2026-05-07 18:26:20.481,2,-0.15,0.13,0.68,14.1722,-42.0304,-11.378600000000006,175,75
2026-05-07 18:26:20.490,2,-0.15,0.14,0.65,16.1222,-46.2404,-15.458600000000004,175,75
2026-05-07 18:26:20.501,2,-0.15,0.11,0.65,21.0022,-49.7804,-19.488600000000005,175,75
2026-05-07 18:26:20.501,2,-0.14,0.07,0.65,24.962200000000003,-52.0904,-23.3286,175,75
2026-05-07 18:26:20.525,2,-0.14,-0.01,0.67,29.352199999999996,-56.910399999999996,-33.5086,175,75
2026-05-07 18:26:20.535,2,-0.11,-0.03,0.68,32.0422,-59.7804,-40.5186,175,75
2026-05-07 18:26:20.546,2,-0.1,-0.05,0.66,35.2722,-62.3404,-45.5786,175,75
2026-05-07 18:26:20.546,2,-0.13,-0.07,0.61,37.3422,-63.5004,-50.1586,175,75
2026-05-07 18:26:20.557,2,-0.18,-0.08,0.56,38.0722,-60.020399999999995,-56.7986,175,75
2026-05-07 18:26:20.583,2,-0.25,-0.05,0.54,41.6722,-8.1904,-66.24860000000001,175,75
2026-05-07 18:26:20.594,2,-0.2,-0.09,0.63,44.2922,5.2796,-65.6386,175,75
2026-05-07 18:26:20.604,2,-0.14,-0.15,0.73,46.5522,5.9496,-63.9386,175,75
2026-05-07 18:26:20.618,2,-0.07,-0.26,0.82,48.5022,-6.5504,-63.198600000000006,175,75
2026-05-07 18:26:20.637,2,0.0,-0.39,0.89,49.2922,-31.4904,-62.58860000000001,175,75
2026-05-07 18:26:20.671,2,0.03,-0.62,0.97,49.0522,-82.2204,-68.68860000000001,175,75
2026-05-07 18:26:20.671,2,0.01,-0.67,0.94,51.5522,-105.6304,-79.11860000000001,175,75
2026-05-07 18:26:20.714,2,-0.13,-0.48,0.72,69.6622,-146.9104,-132.83859999999999,175,75
2026-05-07 18:26:20.723,2,-0.13,-0.46,0.7,73.6822,-141.0604,-138.6886,175,75
2026-05-07 18:26:20.746,2,-0.13,-0.48,0.69,76.8522,-133.0704,-145.6986,175,75
2026-05-07 18:26:20.763,2,-0.13,-0.53,0.7,73.01219999999999,-118.62039999999999,-162.4086,175,75
2026-05-07 18:26:20.784,2,-0.14,-0.53,0.71,67.6522,-105.1404,-172.77859999999998,175,75
2026-05-07 18:26:20.784,2,-0.16,-0.55,0.73,61.792199999999994,-95.2704,-178.3886,175,75
2026-05-07 18:26:20.799,2,-0.17,-0.59,0.74,54.4122,-85.9404,-182.1686,175,75
2026-05-07 18:26:20.811,2,-0.2,-0.64,0.77,46.2422,-76.1204,-185.4586,175,75
2026-05-07 18:26:20.834,2,-0.24,-0.72,0.83,32.7722,-57.520399999999995,-189.6086,175,75
2026-05-07 18:26:20.847,2,-0.24,-0.74,0.85,27.4022,-52.5804,-191.1886,175,75
2026-05-07 18:26:20.887,2,-0.15,-0.86,0.97,16.9122,-40.2704,-182.6586,175,75
2026-05-07 18:26:20.901,2,-0.31,-0.96,0.96,21.0622,-55.3904,-188.1386,175,75
2026-05-07 18:26:20.962,2,-0.32,-0.72,0.96,39.602199999999996,-63.9204,-205.1586,175,75
2026-05-07 18:26:21.017,2,-0.35,-0.55,0.95,51.6722,-65.0204,-171.0086,175,75
2026-05-07 18:26:21.034,2,-0.4,-0.35,1.0,59.292199999999994,-70.6904,-155.08859999999999,175,75
2026-05-07 18:26:21.034,2,-0.36,-0.19,1.0,54.7822,-74.2304,-134.8486,175,75
2026-05-07 18:26:21.065,2,-0.36,-0.06,0.99,48.6222,-80.8804,-102.89859999999999,175,75
2026-05-07 18:26:21.081,2,-0.37,-0.01,0.98,46.1222,-80.4504,-96.7986,175,75
2026-05-07 18:26:21.101,2,-0.37,0.05,0.95,44.1722,-75.3904,-88.1386,175,75
2026-05-07 18:26:21.101,2,-0.36,0.11,0.94,43.5622,-72.0304,-80.39860000000002,175,75
2026-05-07 18:26:21.135,2,-0.33,0.15,0.92,38.2622,-52.2204,-54.178599999999996,175,75
2026-05-07 18:26:21.159,2,-0.31,0.16,0.92,37.102199999999996,-52.2204,-48.388600000000004,175,75
2026-05-07 18:26:21.159,2,-0.31,0.18,0.9,35.2722,-53.3104,-43.6286,175,75
2026-05-07 18:26:21.181,2,-0.32,0.22,0.85,28.6222,-42.7704,-31.6186,175,75
2026-05-07 18:26:21.207,2,-0.34,0.25,0.8,23.0122,-8.740400000000001,-17.2286,175,75
2026-05-07 18:26:21.275,2,-0.33,0.32,0.85,-2.4778000000000002,75.9496,37.651399999999995,175,75
2026-05-07 18:26:21.288,2,-0.32,0.31,0.87,-8.0878,86.9296,47.651399999999995,175,75
2026-05-07 18:26:21.295,2,-0.27,0.31,0.89,-13.9978,95.03960000000001,55.45139999999999,175,75
2026-05-07 18:26:21.311,2,-0.25,0.32,0.9,-20.3378,101.4996,63.3214,175,75
2026-05-07 18:26:21.317,2,-0.22,0.32,0.91,-28.5078,108.7596,73.44139999999999,175,75
2026-05-07 18:26:21.330,2,-0.19,0.31,0.94,-37.047799999999995,113.8796,83.6214,175,75
2026-05-07 18:26:21.337,2,-0.18,0.28,0.97,-43.147800000000004,115.1596,90.82140000000001,175,75
2026-05-07 18:26:21.350,2,-0.18,0.27,0.99,-50.647800000000004,117.4796,101.06139999999999,175,75
2026-05-07 18:26:21.371,2,-0.16,0.26,1.03,-57.7778,110.0996,113.1414,175,75
2026-05-07 18:26:21.382,2,-0.04,0.17,1.09,-69.6078,78.9396,136.9814,175,75
2026-05-07 18:26:21.396,2,-0.03,0.02,1.05,-87.1678,42.599599999999995,162.47140000000002,175,75
2026-05-07 18:26:21.427,2,-0.03,-0.22,0.94,-107.9578,26.8096,188.9314,175,75
2026-05-07 18:26:21.454,2,0.02,-0.34,0.89,-116.8678,24.549599999999998,199.3014,175,75
2026-05-07 18:26:21.469,2,0.09,-0.49,0.86,-124.9778,21.0796,210.1514,175,75
2026-05-07 18:26:21.469,2,0.12,-0.58,0.85,-126.4978,19.5496,220.1514,175,75
2026-05-07 18:26:21.491,2,0.26,-0.83,0.79,-115.3378,-11.4204,255.1514,175,75
2026-05-07 18:26:21.491,2,0.31,-0.89,0.73,-105.0978,-25.510399999999997,267.53139999999996,175,75
2026-05-07 18:26:21.571,2,0.51,-1.02,0.63,-42.6578,-78.7404,267.71139999999997,175,75
2026-05-07 18:26:21.583,2,0.43,-0.88,0.46,-4.2978000000000005,-109.2304,233.50140000000002,175,75
2026-05-07 18:26:21.596,2,0.25,-0.7,0.27,14.6022,-116.0604,201.8614,175,75
2026-05-07 18:26:21.596,2,0.14,-0.59,0.2,21.8522,-115.5104,186.8014,175,75
2026-05-07 18:26:21.596,2,0.01,-0.48,0.12,26.7922,-111.6704,170.4514,175,75
2026-05-07 18:26:21.681,2,-0.11,-0.35,-0.0,25.882199999999997,-72.2804,145.3314,175,75
2026-05-07 18:26:21.695,2,-0.15,-0.22,-0.09,14.542200000000001,69.5496,113.50139999999999,175,75
2026-05-07 18:26:21.695,2,-0.13,-0.19,-0.05,6.312200000000001,117.0496,98.81139999999999,175,75
2026-05-07 18:26:21.695,2,-0.1,-0.15,-0.01,-3.2678000000000003,156.7496,86.06139999999999,175,75
2026-05-07 18:26:21.708,2,-0.09,-0.09,0.07,-24.6678,214.9796,67.28139999999999,175,75
2026-05-07 18:26:21.716,2,-0.11,-0.1,0.08,-35.1578,241.0096,57.7714,175,75
2026-05-07 18:26:21.738,2,-0.15,-0.13,0.09,-44.6078,275.7096,50.6414,175,75
2026-05-07 18:26:21.738,2,-0.21,-0.14,0.2,-52.8378,316.5596,46.4914,175,75
2026-05-07 18:26:21.769,2,-0.04,-0.1,0.57,-67.65780000000001,354.4296,29.481399999999997,175,75
2026-05-07 18:26:21.769,2,0.04,-0.05,0.73,-69.0578,298.2696,16.0614,175,75
2026-05-07 18:26:21.826,2,0.11,0.0,0.74,-93.1478,83.0296,10.151399999999997,175,75
2026-05-07 18:26:21.837,2,-0.0,0.06,0.46,-102.8978,25.4096,6.001399999999997,175,75
2026-05-07 18:26:21.841,2,-0.08,0.07,0.34,-100.2778,23.209600000000002,5.941399999999998,175,75
2026-05-07 18:26:21.854,2,-0.16,0.08,0.28,-98.3878,38.9996,10.451399999999998,175,75
2026-05-07 18:26:21.865,2,-0.16,0.07,0.26,-98.9378,60.949600000000004,12.531399999999998,175,75
2026-05-07 18:26:21.876,2,-0.12,0.05,0.29,-100.7078,86.8696,13.501399999999997,175,75
2026-05-07 18:26:21.887,2,-0.08,0.05,0.34,-99.8478,91.8096,11.861399999999998,175,75
2026-05-07 18:26:21.910,2,-0.05,0.08,0.36,-97.2878,82.1096,8.441399999999998,175,75
2026-05-07 18:26:21.910,2,-0.06,0.11,0.36,-96.1278,75.09960000000001,7.281399999999998,175,75
2026-05-07 18:26:21.946,2,-0.09,0.15,0.36,-91.0678,81.8096,7.771399999999996,175,75
2026-05-07 18:26:21.961,2,-0.05,0.18,0.39,-86.9278,86.9296,7.891399999999997,175,75
2026-05-07 18:26:21.972,2,-0.01,0.21,0.43,-85.0378,88.9996,7.411399999999997,175,75
2026-05-07 18:26:21.983,2,0.11,0.25,0.5,-80.3978,66.8096,0.821399999999997,175,75
2026-05-07 18:26:21.994,2,0.11,0.28,0.52,-78.9378,49.6696,-2.718600000000002,175,75
2026-05-07 18:26:21.994,2,0.12,0.3,0.51,-76.73780000000001,42.5396,-5.088600000000003,175,75
2026-05-07 18:26:22.011,2,0.15,0.33,0.52,-74.1178,36.0096,-8.138600000000004,175,75
2026-05-07 18:26:22.017,2,0.17,0.33,0.55,-71.7978,36.5596,-11.008600000000001,175,75
2026-05-07 18:26:22.025,2,0.2,0.33,0.56,-67.1678,33.9396,-14.1186,175,75
2026-05-07 18:26:22.044,2,0.25,0.32,0.57,-59.1778,20.6496,-22.168600000000005,175,75
2026-05-07 18:26:22.096,2,0.29,0.38,0.61,-28.8778,31.7496,-44.5486,175,75
2026-05-07 18:26:22.106,2,0.32,0.37,0.68,-23.4478,32.479600000000005,-49.418600000000005,175,75
2026-05-07 18:26:22.117,2,0.36,0.36,0.75,-17.7778,31.3796,-53.388600000000004,175,75
2026-05-07 18:26:22.126,2,0.44,0.38,0.91,-6.2578000000000005,20.3396,-60.1586,175,75
2026-05-07 18:26:22.163,2,0.82,0.48,1.36,26.3722,-56.3604,-80.6386,175,75
2026-05-07 18:26:22.204,2,1.24,-0.01,1.7,60.212199999999996,-312.1604,-99.05860000000001,175,75
2026-05-07 18:26:22.204,2,1.08,-0.27,1.55,69.7822,-423.4404,-86.7986,175,75
2026-05-07 18:26:22.229,2,-0.01,-0.72,0.35,12.6522,-388.3804,-175.27859999999998,175,75
2026-05-07 18:26:22.250,2,0.25,-0.65,0.15,-2.1678000000000006,-328.7404,-204.1186,175,75
2026-05-07 18:26:22.290,2,0.31,-0.6,0.42,-4.4878,-147.0304,-215.08859999999999,175,75
2026-05-07 18:26:22.300,2,0.16,-1.05,0.68,-28.4478,-122.09039999999999,-204.7286,175,75
2026-05-07 18:26:22.308,2,0.19,-1.41,0.84,-46.2578,-105.8804,-191.9186,175,75
2026-05-07 18:26:22.360,2,0.27,-1.86,1.02,-22.5978,-91.1204,-299.96860000000004,175,75
2026-05-07 18:26:22.380,2,0.41,-1.58,1.08,19.1722,-82.5204,-335.33860000000004,175,75
2026-05-07 18:26:22.429,2,-0.05,-1.67,0.94,89.7822,-81.4204,-285.6986,175,75
2026-05-07 18:26:22.441,2,-0.25,-1.77,0.81,97.0422,-62.5804,-291.2486,175,75
2026-05-07 18:26:22.441,2,-0.43,-1.72,0.74,108.4422,-37.0304,-302.1086,175,75
2026-05-07 18:26:22.441,2,-0.49,-1.56,0.84,136.00220000000002,-23.010399999999997,-323.07860000000005,175,75
2026-05-07 18:26:22.493,2,-0.35,-1.43,1.22,173.3222,-49.8404,-361.8586,175,75
2026-05-07 18:26:22.514,2,-0.16,-1.33,1.37,165.1522,-91.9104,-366.2486,175,75
2026-05-07 18:26:22.538,2,0.03,-1.27,1.28,173.50220000000002,-144.2904,-349.4186,175,75
2026-05-07 18:26:22.552,2,0.04,-1.23,1.07,189.11219999999997,-117.8904,-329.84860000000003,175,75
2026-05-07 18:26:22.562,2,-0.0,-1.17,1.09,201.91219999999998,-94.4704,-327.22860000000003,175,75
2026-05-07 18:26:22.562,2,-0.06,-1.11,1.21,214.9622,-84.9004,-323.9386,175,75
2026-05-07 18:26:22.584,2,-0.16,-0.99,1.4,226.67219999999998,-77.46039999999999,-318.5086,175,75
2026-05-07 18:26:22.584,2,-0.17,-0.92,1.48,232.4622,-85.6904,-313.8786,175,75
2026-05-07 18:26:22.601,2,-0.15,-0.87,1.51,235.3322,-110.3904,-304.6686,175,75
2026-05-07 18:26:22.644,2,-0.23,-0.64,1.45,255.2122,-217.0304,-224.2386,175,75
2026-05-07 18:26:22.654,2,-0.28,-0.62,1.41,257.8922,-230.7504,-210.2186,175,75
2026-05-07 18:26:22.698,2,-0.17,-0.54,0.96,268.0722,-222.7004,-186.8586,175,75
2026-05-07 18:26:22.725,2,-0.13,-0.56,0.83,271.79220000000004,-196.3604,-187.52859999999998,175,75
2026-05-07 18:26:22.725,2,-0.14,-0.56,0.75,276.4322,-163.9204,-187.83859999999999,175,75
2026-05-07 18:26:22.739,2,-0.09,-0.54,0.68,285.2122,-133.8604,-189.2986,175,75
2026-05-07 18:26:22.751,2,-0.06,-0.53,0.64,292.7722,-111.0004,-189.1786,175,75
2026-05-07 18:26:22.762,2,-0.1,-0.5,0.56,300.5122,-75.6904,-181.6786,175,75
2026-05-07 18:26:22.768,2,-0.11,-0.47,0.52,304.23220000000003,-53.9204,-177.1086,175,75
2026-05-07 18:26:22.777,2,-0.07,-0.47,0.5,307.9522,-34.6604,-175.1586,175,75
2026-05-07 18:26:22.796,2,0.02,-0.43,0.5,309.60220000000004,-10.450399999999998,-159.4186,175,75
2026-05-07 18:26:22.819,2,0.04,-0.42,0.5,306.2422,-11.1204,-155.6386,175,75
2026-05-07 18:26:22.839,2,0.05,-0.38,0.49,300.5722,-11.1204,-148.5086,175,75
2026-05-07 18:26:22.864,2,0.16,-0.34,0.51,268.9322,-42.8904,-135.3986,175,75
2026-05-07 18:26:22.893,2,0.16,-0.24,0.4,235.0922,-76.7304,-125.21860000000001,175,75
2026-05-07 18:26:22.893,2,0.16,-0.2,0.31,217.9522,-91.4904,-119.96860000000001,175,75
2026-05-07 18:26:22.902,2,0.12,-0.15,0.21,199.11219999999997,-105.4504,-114.7286,175,75
2026-05-07 18:26:22.913,2,0.1,-0.12,0.14,186.98219999999998,-105.4504,-109.7886,175,75
2026-05-07 18:26:22.961,2,0.03,0.02,0.08,135.2122,-55.270399999999995,-71.49860000000001,175,75
2026-05-07 18:26:22.963,2,0.03,0.1,0.07,120.70219999999999,-56.85039999999999,-56.678599999999996,175,75
2026-05-07 18:26:22.982,2,0.07,0.15,0.07,110.8822,-58.5004,-44.2386,175,75
2026-05-07 18:26:23.012,2,0.14,0.24,0.05,78.6822,-25.080399999999997,-3.938600000000001,175,75
2026-05-07 18:26:23.012,2,0.19,0.24,0.1,64.2322,-1.6104000000000003,7.771399999999996,175,75
2026-05-07 18:26:23.081,2,0.52,0.39,0.37,-33.817800000000005,-15.3904,89.78139999999999,175,75
2026-05-07 18:26:23.098,2,0.49,0.27,0.28,-103.5078,84.3696,86.4914,175,75
2026-05-07 18:26:23.121,2,0.53,0.26,0.4,-98.4478,130.2196,82.8314,175,75
2026-05-07 18:26:23.165,2,0.74,0.34,0.94,-143.50779999999997,164.6096,76.4314,175,75
2026-05-07 18:26:23.197,2,0.69,0.49,1.21,-163.14780000000002,184.9196,59.8414,175,75
2026-05-07 18:26:23.197,2,0.7,0.5,1.27,-165.70780000000002,178.2696,57.7114,175,75
2026-05-07 18:26:23.239,2,0.68,0.41,1.05,-176.7378,130.58960000000002,75.03139999999999,175,75
2026-05-07 18:26:23.249,2,0.64,0.42,1.0,-178.81779999999998,143.0296,70.2114,175,75
2026-05-07 18:26:23.268,2,0.63,0.46,1.02,-182.6578,163.3296,62.471399999999996,175,75
2026-05-07 18:26:23.274,2,0.64,0.48,1.1,-183.50779999999997,170.3396,56.731399999999994,175,75
2026-05-07 18:26:23.297,2,0.64,0.47,1.16,-183.68779999999998,160.9496,53.621399999999994,175,75
2026-05-07 18:26:23.297,2,0.63,0.46,1.17,-188.14780000000002,143.3896,49.7814,175,75
2026-05-07 18:26:23.334,2,0.56,0.51,1.08,-203.87779999999998,136.68959999999998,40.3914,175,75
2026-05-07 18:26:23.334,2,0.53,0.51,1.06,-203.87779999999998,141.8696,37.7114,175,75
2026-05-07 18:26:23.344,2,0.53,0.47,1.08,-201.6778,142.1696,34.481399999999994,175,75
2026-05-07 18:26:23.355,2,0.57,0.45,1.09,-201.7978,134.5496,31.981399999999997,175,75
2026-05-07 18:26:23.365,2,0.61,0.43,1.09,-204.1178,122.9696,29.4214,175,75
2026-05-07 18:26:23.376,2,0.64,0.42,1.06,-208.08780000000002,111.1996,27.711399999999998,175,75
2026-05-07 18:26:23.394,2,0.6,0.42,1.0,-210.2178,106.7496,28.0814,175,75
2026-05-07 18:26:23.409,2,0.59,0.42,0.95,-210.70780000000002,105.7696,26.3114,175,75
2026-05-07 18:26:23.426,2,0.6,0.42,0.96,-210.2178,119.6696,24.1714,175,75
2026-05-07 18:26:23.447,2,0.62,0.39,1.0,-208.08780000000002,122.1096,23.3814,175,75
2026-05-07 18:26:23.447,2,0.63,0.37,1.03,-206.9278,118.5796,24.541399999999996,175,75
2026-05-07 18:26:23.457,2,0.59,0.35,1.01,-205.1578,109.7296,29.541399999999996,175,75
2026-05-07 18:26:23.476,2,0.55,0.35,0.97,-203.62779999999998,109.1196,32.221399999999996,175,75
2026-05-07 18:26:23.515,2,0.56,0.36,0.95,-200.76780000000002,112.1096,33.081399999999995,175,75
2026-05-07 18:26:23.515,2,0.6,0.34,0.96,-192.2878,114.7296,32.7714,175,75
2026-05-07 18:26:23.548,2,0.64,0.38,0.99,-185.88780000000003,111.0796,28.871399999999998,175,75
2026-05-07 18:26:23.564,2,0.62,0.41,0.98,-184.9778,102.53960000000001,29.301399999999997,175,75
2026-05-07 18:26:23.575,2,0.6,0.43,0.93,-185.64780000000002,93.9396,30.091399999999997,175,75
2026-05-07 18:26:23.589,2,0.58,0.46,0.85,-189.7878,87.2296,31.861399999999996,175,75
2026-05-07 18:26:23.601,2,0.59,0.44,0.8,-189.0578,89.7296,33.3214,175,75
2026-05-07 18:26:23.612,2,0.55,0.41,0.78,-190.2178,93.6996,34.231399999999994,175,75
2026-05-07 18:26:23.625,2,0.5,0.42,0.75,-194.6678,108.5096,33.261399999999995,175,75
2026-05-07 18:26:23.655,2,0.5,0.42,0.76,-195.45780000000002,111.1396,31.9214,175,75
2026-05-07 18:26:23.671,2,0.54,0.39,0.77,-195.1578,111.0796,29.4214,175,75
2026-05-07 18:26:23.696,2,0.58,0.31,0.79,-194.3678,94.9796,22.591399999999997,175,75
2026-05-07 18:26:23.706,2,0.51,0.42,0.7,-197.5378,79.3696,18.0814,175,75
2026-05-07 18:26:23.709,2,0.49,0.49,0.64,-198.68779999999998,71.6896,16.861399999999996,175,75
2026-05-07 18:26:23.755,2,0.61,0.56,0.58,-191.8678,71.4396,14.971399999999997,175,75
2026-05-07 18:26:23.791,2,0.67,0.62,0.58,-182.89780000000002,40.4096,-2.898600000000002,175,75
2026-05-07 18:26:23.802,2,0.51,0.8,0.49,-176.5578,0.8895999999999997,-11.988600000000005,175,75
2026-05-07 18:26:23.803,2,0.51,0.88,0.43,-171.7978,-14.590399999999999,-12.958600000000004,175,75
2026-05-07 18:26:23.845,2,0.59,0.88,0.28,-159.0578,-26.790399999999998,-23.0786,175,75
2026-05-07 18:26:23.882,2,0.47,1.13,0.15,-136.49779999999998,-42.1604,-18.0786,175,75
2026-05-07 18:26:23.900,2,0.5,1.21,0.11,-126.5578,-21.8504,-11.308600000000006,175,75
2026-05-07 18:26:23.911,2,0.54,1.23,0.12,-123.9378,-8.250399999999999,-8.748600000000003,175,75
2026-05-07 18:26:23.918,2,0.65,1.23,0.13,-118.8778,1.9296000000000006,-9.178600000000003,175,75
2026-05-07 18:26:23.992,2,0.69,1.37,0.05,-86.2578,11.6196,-9.968600000000002,175,75
2026-05-07 18:26:24.003,2,0.75,1.33,0.2,-81.2578,66.4996,-1.9186000000000014,175,75
2026-05-07 18:26:24.059,2,0.93,1.01,0.45,-93.9378,-4.720399999999998,9.361399999999996,175,75
2026-05-07 18:26:24.084,2,0.95,0.91,0.5,-98.8778,-3.9903999999999993,11.611399999999998,175,75
2026-05-07 18:26:24.084,2,0.97,0.86,0.54,-102.5378,-4.590399999999999,11.121399999999998,175,75
2026-05-07 18:26:24.126,2,1.07,0.61,0.6,-118.5078,-52.0904,-5.768600000000003,175,75
2026-05-07 18:26:24.168,2,1.0,0.54,0.39,-123.2678,-42.0304,-29.238600000000005,175,75
2026-05-07 18:26:24.201,2,0.93,0.55,0.38,-120.7078,-17.0304,-32.778600000000004,175,75
2026-05-07 18:26:24.201,2,0.89,0.57,0.39,-115.7678,12.7196,-34.058600000000006,175,75
2026-05-07 18:26:24.208,2,0.88,0.59,0.4,-110.8878,34.6096,-35.638600000000004,175,75
2026-05-07 18:26:24.208,2,0.92,0.6,0.44,-105.8278,49.7296,-36.308600000000006,175,75
2026-05-07 18:26:24.251,2,0.87,0.68,0.47,-104.8478,45.0396,-30.0886,175,75
2026-05-07 18:26:24.256,2,0.74,0.71,0.49,-102.5978,48.2696,-25.3386,175,75
2026-05-07 18:26:24.292,2,0.71,0.57,0.75,-72.5378,97.8396,-34.7286,175,75
2026-05-07 18:26:24.340,2,0.68,0.67,0.79,-65.45779999999999,45.7696,-41.1286,175,75
2026-05-07 18:26:24.350,2,0.63,0.68,0.71,-53.6278,56.5596,-47.168600000000005,175,75
2026-05-07 18:26:24.398,2,0.54,0.86,0.68,-5.5178,79.6096,-52.9586,175,75
2026-05-07 18:26:24.410,2,0.51,1.02,0.64,15.2122,102.4796,-46.8586,175,75
2026-05-07 18:26:24.410,2,0.65,0.96,0.57,23.502200000000002,127.9096,-59.6086,175,75
2026-05-07 18:26:24.421,2,0.58,1.04,0.64,37.6522,157.7196,-50.638600000000004,175,75
2026-05-07 18:26:24.432,2,0.6,1.07,0.73,52.8322,174.6696,-55.948600000000006,175,75
2026-05-07 18:26:24.467,2,0.65,1.11,0.82,46.0022,148.7596,-47.89860000000001,175,75
2026-05-07 18:26:24.467,2,0.6,1.16,0.83,46.4322,135.8296,-41.9886,175,75
2026-05-07 18:26:24.497,2,0.6,1.17,0.92,52.102199999999996,123.0296,-38.7486,175,75
2026-05-07 18:26:24.511,2,0.68,1.11,1.07,53.3222,69.4896,-29.1186,175,75
2026-05-07 18:26:24.520,2,0.63,1.11,1.0,50.5122,18.8196,-19.178600000000003,175,75
2026-05-07 18:26:24.520,2,0.62,1.09,0.94,50.0922,-10.5704,-16.498600000000003,175,75
2026-05-07 18:26:24.533,2,0.61,1.08,0.76,45.3922,-25.270400000000002,-17.2286,175,75
2026-05-07 18:26:24.583,2,0.6,1.15,0.62,49.0522,18.029600000000002,-20.888600000000004,175,75
2026-05-07 18:26:24.583,2,0.71,1.14,0.7,56.062200000000004,37.5396,-20.398600000000002,175,75
2026-05-07 18:26:24.610,2,0.66,1.09,0.85,59.0522,36.7496,-21.308600000000006,175,75
2026-05-07 18:26:24.623,2,0.63,1.1,0.84,57.342200000000005,21.7496,-19.488600000000005,175,75
2026-05-07 18:26:24.623,2,0.62,1.11,0.81,54.962199999999996,8.579600000000001,-18.998600000000003,175,75
2026-05-07 18:26:24.634,2,0.67,1.12,0.74,51.7322,-5.630399999999998,-21.248600000000003,175,75
2026-05-07 18:26:24.663,2,0.65,1.19,0.67,48.9922,10.5896,-24.488600000000005,175,75
2026-05-07 18:26:24.674,2,0.59,1.3,0.72,50.0922,29.6696,-15.638600000000004,175,75
2026-05-07 18:26:24.701,2,0.69,1.31,0.82,36.4322,19.4296,-5.338600000000003,175,75
2026-05-07 18:26:24.712,2,0.83,1.24,0.75,21.6722,-29.290399999999998,6.001399999999997,175,75
2026-05-07 18:26:24.733,2,0.86,1.17,0.66,1.9821999999999989,-72.8304,7.411399999999997,175,75
2026-05-07 18:26:24.744,2,0.43,1.3,0.55,-13.8178,-67.6404,6.921399999999998,175,75
2026-05-07 18:26:24.825,2,1.91,1.14,-0.29,-15.517800000000001,-78.2504,3.6213999999999977,175,75
2026-05-07 18:26:24.825,2,0.07,1.41,0.52,20.5722,-61.790400000000005,-24.058600000000006,175,75
2026-05-07 18:26:24.836,2,0.91,1.29,0.21,28.2622,114.6696,0.2113999999999976,175,75
2026-05-07 18:26:24.870,2,0.94,1.17,0.9,29.4122,72.9096,-26.128600000000006,175,75
2026-05-07 18:26:24.902,2,0.92,1.51,0.37,30.7622,-50.8104,2.8913999999999973,175,75
2026-05-07 18:26:24.926,2,0.56,1.34,0.19,31.3722,2.1096000000000004,-15.5186,175,75
2026-05-07 18:26:24.926,2,0.75,1.26,0.27,29.1122,37.7196,-15.028600000000004,175,75
2026-05-07 18:26:24.935,2,0.93,1.17,0.68,32.8322,21.9296,-21.498600000000003,175,75
2026-05-07 18:26:24.946,2,0.94,1.02,0.92,32.1622,-27.580399999999997,-20.5786,175,75
2026-05-07 18:26:24.959,2,0.9,0.91,0.98,16.182199999999998,-79.2304,-10.888600000000004,175,75
2026-05-07 18:26:24.959,2,0.85,0.92,0.8,-11.0678,-148.6804,6.121399999999998,175,75
2026-05-07 18:26:24.970,2,0.77,0.98,0.52,-20.5878,-170.8104,4.421399999999998,175,75
2026-05-07 18:26:24.979,2,0.7,1.05,0.17,-11.7978,-116.4904,-14.488600000000005,175,75
2026-05-07 18:26:25.007,2,0.77,1.2,-0.12,31.9122,-0.6904000000000003,-28.198600000000006,175,75
2026-05-07 18:26:25.007,2,0.49,1.26,-0.11,48.8122,39.0596,-19.358600000000003,175,75
2026-05-07 18:26:25.013,2,0.46,1.21,0.18,48.2622,117.8396,-31.308600000000006,175,75
2026-05-07 18:26:25.013,2,0.63,1.19,0.38,41.0022,136.1396,-36.7986,175,75
2026-05-07 18:26:25.026,2,0.74,1.16,0.56,40.4522,102.2996,-42.0486,175,75
2026-05-07 18:26:25.037,2,0.72,1.2,0.57,29.7222,-7.520399999999999,-31.498600000000003,175,75
2026-05-07 18:26:25.046,2,0.65,1.2,0.4,16.182199999999998,-22.4604,-31.498600000000003,175,75
2026-05-07 18:26:25.061,2,0.65,1.22,0.29,13.6222,-22.4604,-33.5686,175,75
2026-05-07 18:26:25.090,2,0.64,1.26,0.23,21.4922,-8.130399999999998,-35.5786,175,75
2026-05-07 18:26:25.090,2,0.63,1.31,0.22,27.712200000000003,9.979600000000001,-36.1886,175,75
2026-05-07 18:26:25.125,2,0.59,1.33,0.28,26.6122,39.6096,-35.888600000000004,175,75
2026-05-07 18:26:25.125,2,0.6,1.33,0.32,25.5122,45.4696,-34.9086,175,75
2026-05-07 18:26:25.127,2,0.6,1.32,0.37,25.1522,42.4196,-33.878600000000006,175,75
2026-05-07 18:26:25.151,2,0.56,1.31,0.4,22.5922,33.879599999999996,-31.7986,175,75
2026-05-07 18:26:25.204,2,0.48,1.33,0.53,17.4622,21.7496,-29.608600000000003,175,75
2026-05-07 18:26:25.204,2,0.47,1.33,0.55,18.682199999999998,16.1996,-29.788600000000002,175,75
2026-05-07 18:26:25.215,2,0.46,1.33,0.56,18.6222,9.0596,-29.238600000000005,175,75
2026-05-07 18:26:25.227,2,0.43,1.36,0.48,10.9422,-6.420400000000001,-25.698600000000006,175,75
2026-05-07 18:26:25.227,2,0.41,1.36,0.46,7.462199999999999,-4.720399999999998,-23.998600000000003,175,75
2026-05-07 18:26:25.239,2,0.41,1.33,0.45,6.612200000000001,2.419600000000001,-22.2286,175,75
2026-05-07 18:26:25.251,2,0.42,1.31,0.47,8.202200000000001,10.2196,-22.5886,175,75
2026-05-07 18:26:25.272,2,0.45,1.32,0.51,10.1522,13.8796,-23.0186,175,75
2026-05-07 18:26:25.284,2,0.46,1.33,0.53,12.7122,15.159600000000001,-23.198600000000006,175,75
2026-05-07 18:26:25.326,2,0.36,1.39,0.43,20.022199999999998,38.089600000000004,-22.348600000000005,175,75
2026-05-07 18:26:25.338,2,0.38,1.39,0.5,22.1622,50.2196,-18.568600000000004,175,75
2026-05-07 18:26:25.338,2,0.37,1.39,0.53,24.6622,48.9396,-17.288600000000002,175,75
2026-05-07 18:26:25.356,2,0.36,1.39,0.53,27.282200000000003,45.1596,-14.058600000000006,175,75
2026-05-07 18:26:25.382,2,0.34,1.41,0.5,26.4322,41.2596,-11.988600000000005,175,75
2026-05-07 18:26:25.421,2,0.46,1.43,0.64,31.9822,47.6596,1.8013999999999974,175,75
2026-05-07 18:26:25.433,2,0.46,1.34,0.72,29.2922,36.3196,2.7113999999999976,175,75
2026-05-07 18:26:25.476,2,0.48,1.28,0.79,33.9922,-21.300399999999996,-0.5786000000000016,175,75
2026-05-07 18:26:25.491,2,0.47,1.26,0.76,35.5122,-33.800399999999996,-2.468600000000002,175,75
2026-05-07 18:26:25.500,2,0.45,1.24,0.74,36.4322,-36.4904,-4.608600000000003,175,75
2026-05-07 18:26:25.512,2,0.42,1.23,0.71,37.5222,-34.2904,-9.238600000000005,175,75
2026-05-07 18:26:25.519,2,0.42,1.28,0.68,38.6822,-28.800399999999996,-12.528600000000004,175,75
2026-05-07 18:26:25.541,2,0.44,1.39,0.66,37.2222,-21.6104,-16.918600000000005,175,75
2026-05-07 18:26:25.553,2,0.42,1.42,0.65,36.4322,-17.3404,-18.0186,175,75
2026-05-07 18:26:25.565,2,0.37,1.49,0.63,36.852199999999996,-4.9604,-17.958600000000004,175,75
2026-05-07 18:26:25.606,2,0.27,1.77,0.61,59.7222,97.2996,6.8013999999999974,175,75
2026-05-07 18:26:25.634,2,0.35,1.76,0.67,66.5522,84.3096,12.951399999999998,175,75
2026-05-07 18:26:25.634,2,0.44,1.7,0.75,62.1622,60.0996,26.801399999999997,175,75
2026-05-07 18:26:25.639,2,0.59,1.61,0.77,42.4022,13.819600000000001,44.541399999999996,175,75
2026-05-07 18:26:25.651,2,0.73,1.53,0.72,19.9022,-28.620399999999997,61.0614,175,75
2026-05-07 18:26:25.659,2,0.74,1.52,0.61,9.112200000000001,-34.1104,64.78139999999999,175,75
2026-05-07 18:26:25.664,2,0.75,1.44,0.5,7.652200000000001,-5.020399999999999,57.8914,175,75
2026-05-07 18:26:25.689,2,1.02,1.3,0.55,10.702200000000001,21.2596,44.84139999999999,175,75
2026-05-07 18:26:25.709,2,1.13,1.22,0.68,9.412199999999999,13.1496,35.761399999999995,175,75
2026-05-07 18:26:25.738,2,1.09,1.23,0.73,-0.21780000000000044,-43.7404,10.091399999999997,175,75
2026-05-07 18:26:25.766,2,0.92,1.38,0.58,2.4022000000000006,-60.510400000000004,9.601399999999998,175,75
2026-05-07 18:26:25.791,2,0.78,1.47,0.43,6.182199999999998,-7.0304,5.881399999999996,175,75
2026-05-07 18:26:25.798,2,0.77,1.46,0.44,8.2622,7.4196,4.0513999999999974,175,75
2026-05-07 18:26:25.834,2,0.73,1.41,0.63,8.0122,47.2296,-3.9986000000000033,175,75
2026-05-07 18:26:25.849,2,0.72,1.41,0.68,8.0122,49.6696,-5.028600000000004,175,75
2026-05-07 18:26:25.895,2,0.59,1.31,0.76,5.3322,16.3796,-2.7786000000000044,175,75
2026-05-07 18:26:25.913,2,0.59,1.31,0.76,10.9422,3.6996,-1.6186000000000043,175,75
2026-05-07 18:26:25.933,2,0.56,1.34,0.72,15.572199999999999,-0.7503999999999991,0.941399999999998,175,75
2026-05-07 18:26:25.945,2,0.51,1.38,0.68,19.6622,3.6996,2.8913999999999973,175,75
2026-05-07 18:26:25.959,2,0.45,1.4,0.68,21.7922,13.819600000000001,4.971399999999996,175,75
2026-05-07 18:26:25.985,2,0.53,1.35,0.78,14.112200000000001,12.9696,8.561399999999999,175,75
2026-05-07 18:26:25.997,2,0.53,1.31,0.72,6.002199999999998,-15.1404,17.771399999999996,175,75
2026-05-07 18:26:26.008,2,0.47,1.37,0.65,0.8821999999999992,-14.110399999999998,20.7614,175,75
2026-05-07 18:26:26.020,2,0.46,1.45,0.58,-2.9578000000000007,-0.8103999999999996,32.5914,175,75
2026-05-07 18:26:26.042,2,0.57,1.34,0.57,-12.9578,4.549600000000001,51.4914,175,75
2026-05-07 18:26:26.075,2,0.62,1.06,0.72,-20.8278,-33.6204,38.3214,175,75
2026-05-07 18:26:26.121,2,0.57,1.25,0.27,-0.33779999999999966,-34.3504,21.6714,175,75
2026-05-07 18:26:26.161,2,0.58,1.25,0.37,24.4822,70.2196,5.641399999999997,175,75
2026-05-07 18:26:26.202,2,0.66,1.29,0.7,34.352199999999996,6.0796,-0.8886000000000038,175,75
2026-05-07 18:26:26.236,2,0.65,1.35,0.52,25.452199999999998,-14.9604,3.0813999999999986,175,75
2026-05-07 18:26:26.247,2,0.64,1.38,0.48,25.9422,4.9196,4.541399999999996,175,75
2026-05-07 18:26:26.258,2,0.6,1.36,0.49,26.4322,21.0096,3.9313999999999965,175,75
2026-05-07 18:26:26.258,2,0.6,1.34,0.55,25.9422,40.2196,5.761399999999998,175,75
2026-05-07 18:26:26.277,2,0.61,1.36,0.56,24.2322,39.369600000000005,12.651399999999997,175,75
2026-05-07 18:26:26.277,2,0.57,1.36,0.58,20.4522,32.7196,14.911399999999997,175,75
2026-05-07 18:26:26.300,2,0.69,1.26,0.68,15.2122,26.0796,13.561399999999997,175,75
2026-05-07 18:26:26.318,2,0.65,1.28,0.56,17.772199999999998,2.659600000000001,8.991399999999999,175,75
2026-05-07 18:26:26.349,2,-0.55,1.67,0.26,15.5122,-51.0004,-67.1686,175,75
2026-05-07 18:26:26.361,2,1.49,0.72,0.78,-57.8378,-21.970399999999998,28.931399999999996,175,75
2026-05-07 18:26:26.388,2,0.74,1.51,-0.2,24.0522,36.3196,1.3713999999999977,175,75
2026-05-07 18:26:26.447,2,0.91,1.33,1.14,66.2422,102.5996,-45.7686,175,75
2026-05-07 18:26:26.447,2,0.66,1.32,1.37,40.0222,18.9396,-35.1586,175,75
2026-05-07 18:26:26.476,2,0.79,1.17,0.72,42.2222,-151.2404,-4.908600000000003,175,75
2026-05-07 18:26:26.493,2,0.91,1.28,0.44,67.0422,-50.0804,-13.138600000000004,175,75
2026-05-07 18:26:26.563,2,0.76,1.2,0.48,19.9622,-15.630399999999998,-11.128600000000006,175,75
2026-05-07 18:26:26.764,2,0.76,1.06,0.6,36.4922,-52.8304,-12.288600000000002,175,75
2026-05-07 18:26:26.790,2,0.72,1.15,0.39,52.2822,-30.690399999999997,-7.5886,175,75
2026-05-07 18:26:26.801,2,0.65,1.15,0.44,61.0022,-25.3904,-15.638600000000004,175,75
2026-05-07 18:26:26.801,2,0.61,1.16,0.49,57.592200000000005,-3.4404000000000003,-16.918600000000005,175,75
2026-05-07 18:26:26.859,2,0.65,1.19,0.49,42.102199999999996,34.2496,-25.5186,175,75
2026-05-07 18:26:26.885,2,0.68,1.2,0.6,30.212200000000003,15.0396,-23.748600000000003,175,75
2026-05-07 18:26:26.885,2,0.68,1.19,0.59,24.172199999999997,3.0296000000000003,-23.3286,175,75
2026-05-07 18:26:26.968,2,0.63,1.29,0.63,24.6622,19.3696,-15.1586,175,75
2026-05-07 18:26:26.984,2,0.53,1.28,0.63,15.092199999999998,-2.2804,-11.248600000000003,175,75
2026-05-07 18:26:27.026,2,0.54,1.39,0.66,6.2422,-28.620399999999997,-1.1286000000000023,175,75
2026-05-07 18:26:27.132,2,0.38,1.31,0.91,6.432199999999998,56.3196,-5.398600000000002,175,75
2026-05-07 18:26:27.144,2,0.4,1.33,0.96,0.5722000000000005,42.6596,-3.6286000000000023,175,75
2026-05-07 18:26:27.171,2,0.43,1.2,1.0,-12.0478,11.8096,0.3913999999999973,175,75
2026-05-07 18:26:27.199,2,0.28,1.24,0.89,-13.3878,12.9696,-19.238600000000005,175,75
2026-05-07 18:26:27.221,2,0.45,1.39,0.9,-2.2278000000000002,-32.2204,-6.738600000000005,175,75
2026-05-07 18:26:27.232,2,0.55,1.46,0.88,3.0122,-66.4904,-0.5786000000000016,175,75
2026-05-07 18:26:27.232,2,0.57,1.58,0.78,18.0722,-91.1804,6.191399999999998,175,75
2026-05-07 18:26:27.243,2,0.6,1.69,0.54,34.4122,-100.8804,5.451399999999996,175,75
2026-05-07 18:26:27.332,2,0.89,1.47,0.08,24.962200000000003,68.14959999999999,42.8914,175,75
2026-05-07 18:26:27.362,2,0.88,1.52,0.22,41.6122,13.0296,49.4214,175,75
2026-05-07 18:26:27.362,2,0.91,1.58,0.26,45.4522,-4.3504000000000005,53.20139999999999,175,75
2026-05-07 18:26:27.388,2,1.06,1.52,0.28,27.2222,-68.3104,65.94139999999999,175,75
2026-05-07 18:26:27.388,2,1.15,1.35,0.23,12.2222,-63.07040000000001,56.611399999999996,175,75
2026-05-07 18:26:27.424,2,1.07,1.03,0.37,6.982199999999999,-52.160399999999996,55.3314,175,75
2026-05-07 18:26:27.461,2,0.9,0.97,0.33,-21.497799999999998,-132.8904,28.0114,175,75
2026-05-07 18:26:27.476,2,0.81,0.95,0.33,-25.2178,-134.2304,12.891399999999997,175,75
2026-05-07 18:26:27.512,2,0.41,1.13,0.25,-62.2278,-63.9204,-30.398600000000002,175,75
2026-05-07 18:26:27.572,2,0.23,1.48,0.61,-52.1078,150.4096,-34.418600000000005,175,75
2026-05-07 18:26:27.610,2,0.23,1.52,0.7,-43.8178,162.7196,-27.168600000000005,175,75
2026-05-07 18:26:27.620,2,0.46,1.47,0.99,-33.3878,118.2696,-11.128600000000006,175,75
2026-05-07 18:26:27.663,2,0.59,1.45,1.0,-23.4478,-23.2504,9.971399999999997,175,75
2026-05-07 18:26:27.738,2,0.41,1.41,0.59,-13.3278,-34.4704,8.081399999999999,175,75
2026-05-07 18:26:27.738,2,0.48,1.37,0.68,-8.267800000000001,-14.470399999999998,6.611399999999996,175,75
2026-05-07 18:26:27.748,2,0.47,1.34,0.68,-8.3878,-9.5304,6.981399999999997,175,75
2026-05-07 18:26:27.761,2,0.45,1.36,0.67,-1.9878,6.5596000000000005,6.4313999999999965,175,75
2026-05-07 18:26:27.770,2,0.45,1.35,0.71,-2.2278000000000002,9.6096,3.691399999999998,175,75
2026-05-07 18:26:27.857,2,0.44,1.44,0.65,16.182199999999998,16.6896,-0.08860000000000312,175,75
2026-05-07 18:26:27.868,2,0.49,1.46,0.7,19.4122,17.5396,0.031399999999997874,175,75
2026-05-07 18:26:27.886,2,0.68,1.46,0.75,14.292200000000001,-7.830400000000001,10.151399999999997,175,75
2026-05-07 18:26:27.902,2,0.65,1.51,0.65,1.1822,-63.5604,24.361399999999996,175,75
2026-05-07 18:26:27.917,2,0.66,1.51,0.5,-8.0878,-77.0304,28.751399999999997,175,75
2026-05-07 18:26:27.929,2,0.58,1.55,0.35,-12.4078,-71.6704,29.911399999999997,175,75
2026-05-07 18:26:27.954,2,0.76,1.7,0.2,-6.4378,-36.0004,30.451399999999996,175,75
2026-05-07 18:26:27.960,2,0.38,1.88,0.15,3.6221999999999994,-25.1404,29.971399999999996,175,75
2026-05-07 18:26:27.995,2,1.6,0.74,-0.02,-52.1078,-2.160399999999999,17.8314,175,75
2026-05-07 18:26:28.034,2,0.78,1.34,0.35,16.6722,101.1996,18.141399999999997,175,75
2026-05-07 18:26:28.034,2,1.22,1.53,0.38,0.392199999999999,74.4296,15.881399999999998,175,75
2026-05-07 18:26:28.072,2,1.1,0.96,0.52,-25.7078,-25.270400000000002,6.671399999999998,175,75
2026-05-07 18:26:28.104,2,0.93,1.1,0.05,-5.037800000000001,28.9396,-9.2986,175,75
2026-05-07 18:26:28.136,2,0.62,1.11,0.26,5.7021999999999995,97.6596,-13.508600000000001,175,75
2026-05-07 18:26:28.318,2,0.89,0.98,0.56,-3.2678000000000003,64.7296,-17.528600000000004,175,75
2026-05-07 18:26:28.318,2,0.81,0.96,0.67,-4.4878,33.699600000000004,-22.108600000000003,175,75
2026-05-07 18:26:28.318,2,0.85,0.99,0.57,0.09220000000000006,33.5096,-25.7686,175,75
2026-05-07 18:26:28.318,2,0.86,1.04,0.47,14.7222,31.4996,-29.968600000000002,175,75
2026-05-07 18:26:28.318,2,0.71,1.1,0.36,41.3122,32.3596,-25.458600000000004,175,75
2026-05-07 18:26:28.318,2,0.63,1.15,0.41,45.9422,24.979599999999998,-32.5886,175,75
2026-05-07 18:26:28.386,2,0.52,1.33,0.4,33.7422,36.9296,-44.4886,175,75
2026-05-07 18:26:28.386,2,0.51,1.35,0.47,31.7322,46.6196,-43.6286,175,75
2026-05-07 18:26:28.690,2,0.5,1.39,0.54,29.6622,52.1696,-41.4386,175,75
2026-05-07 18:26:28.690,2,0.52,1.4,0.58,27.4022,49.5496,-39.11860000000001,175,75
2026-05-07 18:26:28.690,2,0.53,1.4,0.62,23.6822,39.4296,-35.8286,175,75
2026-05-07 18:26:28.690,2,0.53,1.4,0.63,20.272199999999998,28.9996,-32.7186,175,75
2026-05-07 18:26:28.690,2,0.51,1.42,0.61,19.2322,14.8596,-28.568600000000004,175,75
2026-05-07 18:26:28.690,2,0.48,1.31,0.56,43.5022,35.7696,-6.858600000000003,175,75
2026-05-07 18:26:29.053,2,0.29,1.05,0.72,26.7322,-6.180399999999999,-30.3386,175,75
2026-05-07 18:26:29.053,2,0.99,1.89,0.87,86.1822,53.0896,99.3614,175,75
2026-05-07 18:26:29.053,2,1.47,1.18,1.1,34.4122,-134.6604,61.0614,175,75
2026-05-07 18:26:29.053,2,1.26,1.15,0.86,23.742199999999997,-171.2404,46.121399999999994,175,75
2026-05-07 18:26:29.053,2,1.1,1.25,0.12,9.662199999999999,-41.8504,0.2713999999999963,175,75
2026-05-07 18:26:29.053,2,0.96,1.24,0.14,36.9822,123.0896,-11.068600000000004,175,75
2026-05-07 18:26:29.053,2,0.99,1.19,0.44,50.1522,215.5896,-21.988600000000005,175,75
2026-05-07 18:26:29.053,2,1.01,1.2,0.83,60.15219999999999,247.4796,-33.808600000000006,175,75
2026-05-07 18:26:29.141,2,0.68,1.18,1.15,87.2822,15.3396,-7.108600000000003,175,75
2026-05-07 18:26:29.141,2,0.68,1.07,1.11,107.4022,46.0796,-18.5086,175,75
2026-05-07 18:26:29.196,2,0.76,0.96,1.15,118.26219999999999,-56.180400000000006,-13.078600000000002,175,75
2026-05-07 18:26:29.196,2,0.7,0.97,0.79,124.7822,-38.8604,-21.738600000000005,175,75
2026-05-07 18:26:29.196,2,0.69,1.02,0.71,131.31220000000002,-3.8604000000000003,-27.0486,175,75
2026-05-07 18:26:29.249,2,0.75,1.03,0.75,135.3322,12.659600000000001,-29.058600000000006,175,75
2026-05-07 18:26:29.249,2,0.77,0.99,0.77,130.2122,-22.340400000000002,-32.5886,175,75
2026-05-07 18:26:29.319,2,0.69,1.08,0.4,126.55220000000001,38.449600000000004,-51.00860000000001,175,75
2026-05-07 18:26:29.319,2,0.72,1.11,0.4,127.0422,55.2196,-51.7986,175,75
2026-05-07 18:26:29.319,2,0.73,1.12,0.44,124.7822,57.3596,-52.22860000000001,175,75
2026-05-07 18:26:29.374,2,0.7,1.14,0.47,114.7222,55.1596,-50.33860000000001,175,75
2026-05-07 18:26:29.374,2,0.7,1.18,0.47,109.8422,47.6596,-48.568599999999996,175,75
2026-05-07 18:26:29.374,2,0.62,1.18,0.45,98.8122,48.699600000000004,-42.58860000000001,175,75
2026-05-07 18:26:29.458,2,0.6,1.14,0.48,93.8122,69.0596,-38.5686,175,75
2026-05-07 18:26:29.458,2,0.58,1.13,0.51,93.26219999999999,78.6396,-36.6786,175,75
2026-05-07 18:26:29.684,2,0.58,1.14,0.71,89.0522,76.6896,-29.9086,175,75
2026-05-07 18:26:29.684,2,0.58,1.18,0.72,87.7122,51.8696,-26.308600000000006,175,75
2026-05-07 18:26:29.684,2,0.54,1.5,0.85,90.1522,101.0096,-21.248600000000003,175,75
2026-05-07 18:26:29.684,2,0.68,1.5,0.97,83.3822,70.64959999999999,-20.3386,175,75
2026-05-07 18:26:29.684,2,0.53,1.43,0.92,73.01219999999999,-3.680399999999999,-15.828600000000002,175,75
2026-05-07 18:26:29.684,2,-0.51,1.84,0.78,73.0722,20.9496,-8.508600000000001,175,75
2026-05-07 18:26:29.775,2,1.27,1.23,-0.19,36.6122,23.5796,-37.7186,175,75
2026-05-07 18:26:29.949,2,0.59,1.98,0.34,144.9022,320.2796,-15.828600000000002,175,75
2026-05-07 18:26:29.949,2,1.18,1.53,0.81,144.54219999999998,286.4996,-13.448600000000006,175,75
2026-05-07 18:26:29.949,2,1.62,0.77,1.36,126.61219999999999,93.0896,-14.668600000000005,175,75
2026-05-07 18:26:29.949,2,0.75,1.02,0.34,30.822200000000002,-196.6704,-29.418600000000005,175,75
2026-05-07 18:26:29.949,2,0.21,1.22,-0.08,93.9322,14.4896,-23.198600000000006,175,75
2026-05-07 18:26:29.949,2,0.54,1.07,-0.01,90.3322,191.3196,-24.9086,175,75
2026-05-07 18:26:30.046,2,0.56,1.17,0.12,89.8422,100.5896,-48.388600000000004,175,75
2026-05-07 18:26:30.046,2,0.67,1.13,0.33,82.5222,128.2696,-37.6586,175,75
2026-05-07 18:26:30.322,2,0.43,1.22,0.18,17.1622,-24.290399999999998,-29.788600000000002,175,75
2026-05-07 18:26:30.379,2,0.55,1.2,0.34,-24.177799999999998,-90.6304,28.441399999999998,175,75
2026-05-07 18:26:30.379,2,0.55,1.22,0.18,-27.8378,-94.4104,32.1614,175,75
2026-05-07 18:26:30.524,2,0.36,1.24,0.07,-26.3778,-57.2204,43.4414,175,75
2026-05-07 18:26:30.526,2,-0.37,1.36,0.21,-50.3378,198.9996,40.6414,175,75
2026-05-07 18:26:30.912,2,1.14,1.32,0.79,-71.8678,164.9196,17.8314,175,75
2026-05-07 18:26:30.912,2,0.53,1.38,0.98,-82.7178,63.1496,34.4214,175,75
2026-05-07 18:26:30.913,2,0.7,1.33,0.46,-101.3778,-88.3804,45.2714,175,75
2026-05-07 18:26:30.913,2,0.71,1.45,0.31,-101.6778,-70.1404,42.2814,175,75
2026-05-07 18:26:30.913,2,0.72,1.58,0.3,-95.4578,-30.3904,41.5514,175,75
2026-05-07 18:26:30.913,2,0.61,1.6,0.8,-70.9478,77.5996,21.121399999999998,175,75
2026-05-07 18:26:30.913,2,0.64,1.52,0.91,-71.0678,72.3596,22.041399999999996,175,75
2026-05-07 18:26:30.914,2,0.66,1.28,0.88,-91.3178,-21.730400000000003,7.341399999999997,175,75
2026-05-07 18:26:30.969,2,0.35,1.54,0.82,-48.7578,38.0296,-3.018600000000003,175,75
2026-05-07 18:26:31.044,2,0.41,1.48,0.91,-50.5178,17.1096,8.141399999999997,175,75
2026-05-07 18:26:31.044,2,0.43,1.44,0.9,-55.4578,-1.4903999999999993,8.751399999999997,175,75
2026-05-07 18:26:31.185,2,0.41,1.47,0.86,-78.3878,52.1696,9.971399999999997,175,75
2026-05-07 18:26:31.185,2,0.48,1.45,0.91,-85.1578,37.3596,12.101399999999998,175,75
2026-05-07 18:26:31.185,2,0.5,1.4,0.92,-91.1278,27.6596,13.261399999999997,175,75
2026-05-07 18:26:31.205,2,0.43,1.42,0.92,-89.7878,33.5096,13.871399999999998,175,75
2026-05-07 18:26:31.208,2,0.43,1.42,0.98,-91.5578,33.2096,15.391399999999997,175,75
2026-05-07 18:26:31.261,2,0.45,1.33,1.08,-97.2278,21.2596,17.651399999999995,175,75
2026-05-07 18:26:31.387,2,-0.86,1.34,1.22,-152.83780000000002,53.9396,30.5814,175,75
2026-05-07 18:26:31.556,2,0.05,1.39,0.88,-118.5678,326.7496,45.09139999999999,175,75
2026-05-07 18:26:31.556,2,1.07,1.19,1.51,-121.3178,285.0996,-17.718600000000002,175,75
2026-05-07 18:26:31.557,2,0.3,1.06,1.78,-160.1578,202.2996,7.281399999999998,175,75
2026-05-07 18:26:31.557,2,0.51,0.96,1.94,-178.14780000000002,95.7096,27.651399999999995,175,75
2026-05-07 18:26:31.559,2,0.98,1.02,2.03,-13.8178,-8.130399999999998,15.031399999999998,175,75
2026-05-07 18:26:31.614,2,1.05,0.96,2.06,-4.3678,-18.0704,13.441399999999998,175,75
2026-05-07 18:26:31.627,2,1.0,0.95,1.89,24.5422,-35.3904,3.2613999999999983,175,75
2026-05-07 18:26:31.673,2,0.85,0.92,1.87,57.042199999999994,16.9296,-20.028600000000004,175,75
2026-05-07 18:26:31.740,2,0.71,0.85,1.83,87.6522,-39.7804,-5.518600000000003,175,75
2026-05-07 18:26:31.749,2,0.73,0.75,1.75,107.7722,-48.4404,-8.448600000000006,175,75
2026-05-07 18:26:31.769,2,0.68,0.85,1.67,133.81220000000002,-34.6604,-13.448600000000006,175,75
2026-05-07 18:26:31.871,2,0.48,0.71,1.13,219.05220000000003,-19.6604,-26.1886,175,75
2026-05-07 18:26:31.884,2,0.48,0.7,1.2,233.1322,-16.1804,-23.0786,175,75
2026-05-07 18:26:31.908,2,0.51,0.65,1.24,241.55220000000003,-27.6404,-21.308600000000006,175,75
2026-05-07 18:26:31.942,2,0.49,0.56,1.19,255.7622,-62.2204,-19.848600000000005,175,75
2026-05-07 18:26:31.992,2,0.43,0.32,0.87,336.73220000000003,-50.3904,-45.028600000000004,175,75
2026-05-07 18:26:32.029,2,0.46,0.21,0.77,357.2222,-66.5504,-56.3786,175,75
2026-05-07 18:26:32.104,2,0.5,0.21,0.34,378.9322,-113.5604,-73.74860000000001,175,75
2026-05-07 18:26:32.116,2,0.4,0.35,0.12,371.0022,-150.0204,-86.9186,175,75
2026-05-07 18:26:32.141,2,0.28,0.34,-0.06,359.9622,-144.0504,-94.05860000000001,175,75
2026-05-07 18:26:32.151,2,0.2,0.29,-0.15,350.6322,-118.62039999999999,-96.7986,175,75
2026-05-07 18:26:32.151,2,0.08,0.27,-0.19,343.8722,-84.7804,-92.77860000000001,175,75
2026-05-07 18:26:32.200,2,0.34,0.21,-0.23,323.9922,-25.8104,-73.4486,175,75
2026-05-07 18:26:32.200,2,0.39,0.2,-0.25,312.8322,-54.7204,-70.9486,175,75
2026-05-07 18:26:32.253,2,0.05,0.2,-0.53,253.62220000000002,-115.3904,-61.068599999999996,175,75
2026-05-07 18:26:32.284,2,-0.02,0.22,-0.68,208.56220000000002,-77.2804,-53.6286,175,75
2026-05-07 18:26:32.315,2,0.05,0.32,-0.78,162.5922,-34.7804,-45.888600000000004,175,75
2026-05-07 18:26:32.319,2,0.06,0.41,-0.79,120.76219999999999,-17.220399999999998,-40.028600000000004,175,75
2026-05-07 18:26:32.354,2,0.04,0.45,-0.76,72.2822,4.4896,-31.4386,175,75
2026-05-07 18:26:32.365,2,0.06,0.46,-0.7,40.0922,22.6596,-27.0486,175,75
2026-05-07 18:26:32.389,2,0.16,0.59,-0.56,-7.8378,39.4296,-20.888600000000004,175,75
2026-05-07 18:26:32.400,2,0.16,0.7,-0.48,-28.3278,43.7596,-15.278600000000004,175,75
2026-05-07 18:26:32.411,2,0.18,0.8,-0.4,-42.7178,51.4996,-9.7286,175,75
2026-05-07 18:26:32.411,2,0.2,0.87,-0.34,-52.8378,61.0096,-3.5086000000000013,175,75
2026-05-07 18:26:32.458,2,0.32,0.9,-0.04,-66.12780000000001,95.5296,7.951399999999996,175,75
2026-05-07 18:26:32.465,2,0.36,0.9,0.03,-66.92779999999999,92.5996,9.661399999999997,175,75
2026-05-07 18:26:32.566,2,0.43,0.89,0.22,-35.1578,-26.730400000000003,13.751399999999997,175,75
2026-05-07 18:26:32.591,2,0.4,0.92,0.16,-27.6578,-33.800399999999996,13.561399999999997,175,75
2026-05-07 18:26:32.602,2,0.37,0.91,0.06,-17.6578,-12.2804,13.871399999999998,175,75
2026-05-07 18:26:32.626,2,0.39,0.88,-0.01,-11.5578,12.909600000000001,14.911399999999997,175,75
2026-05-07 18:26:32.654,2,0.4,0.9,-0.06,-13.6878,-1.4903999999999993,15.821399999999997,175,75
2026-05-07 18:26:32.673,2,0.35,0.93,-0.19,-22.477800000000002,-27.090400000000002,17.591399999999997,175,75
2026-05-07 18:26:32.723,2,0.29,0.91,-0.29,-35.1578,5.6496,15.391399999999997,175,75
2026-05-07 18:26:32.805,2,0.23,1.06,-0.17,-51.8678,13.2096,8.621399999999998,175,75
2026-05-07 18:26:32.823,2,0.35,1.06,-0.16,-53.8178,14.4296,6.311399999999999,175,75
2026-05-07 18:26:32.852,2,0.54,1.1,-0.25,-72.65780000000001,-14.840399999999999,-3.4486000000000026,175,75
2026-05-07 18:26:32.881,2,0.37,1.19,-0.22,-78.4478,-5.1404,-2.838600000000003,175,75
2026-05-07 18:26:32.881,2,0.38,1.2,-0.18,-78.9978,-2.5204000000000004,-2.048600000000004,175,75
2026-05-07 18:26:32.936,2,0.63,1.2,-0.11,-103.2078,-57.6404,-5.9486000000000026,175,75
2026-05-07 18:26:32.972,2,0.55,1.29,-0.19,-123.1478,-108.3104,-4.908600000000003,175,75
2026-05-07 18:26:33.034,2,0.5,1.18,-0.07,-150.70780000000002,-36.0004,-2.6586000000000034,175,75
2026-05-07 18:26:33.084,2,0.34,1.44,0.18,-161.43779999999998,-155.3904,23.691399999999998,175,75
2026-05-07 18:26:33.137,2,-0.03,1.12,-0.47,-211.00779999999997,34.5496,130.6414,175,75
2026-05-07 18:26:33.148,2,-0.02,1.03,-0.46,-214.6678,93.3296,140.5114,175,75
2026-05-07 18:26:33.159,2,0.36,0.32,0.16,-242.2878,311.0096,126.1214,175,75
2026-05-07 18:26:33.258,2,0.48,1.06,0.75,-31.7978,76.5596,13.321399999999997,175,75
2026-05-07 18:26:33.279,2,0.5,1.15,0.78,-3.4478,63.449600000000004,5.151399999999999,175,75
2026-05-07 18:26:33.292,2,0.44,1.25,0.68,20.022199999999998,37.1696,6.5513999999999974,175,75
2026-05-07 18:26:33.310,2,0.37,1.29,0.42,46.2422,16.5596,4.361399999999996,175,75
2026-05-07 18:26:33.343,2,0.58,1.37,0.38,33.5022,3.089600000000001,1.5513999999999974,175,75
2026-05-07 18:26:33.363,2,0.65,1.37,0.34,11.612200000000001,24.919600000000003,1.7313999999999972,175,75
2026-05-07 18:26:33.392,2,0.54,1.45,0.36,10.1522,23.5096,2.161399999999997,175,75
2026-05-07 18:26:33.392,2,0.51,1.46,0.35,12.522199999999998,25.099600000000002,2.3413999999999966,175,75
2026-05-07 18:26:33.403,2,0.53,1.45,0.36,14.112200000000001,23.8196,1.9213999999999984,175,75
2026-05-07 18:26:33.462,2,0.59,1.42,0.32,17.522199999999998,6.7496,0.2713999999999963,175,75
2026-05-07 18:26:33.499,2,0.58,1.4,0.35,10.9422,10.7696,-2.6586000000000034,175,75
2026-05-07 18:26:33.512,2,0.59,1.39,0.38,6.312200000000001,3.6996,-1.798600000000004,175,75
2026-05-07 18:26:33.512,2,0.56,1.37,0.35,2.5922,-2.2804,-1.558600000000002,175,75
2026-05-07 18:26:33.526,2,0.54,1.35,0.32,1.5521999999999991,2.3596000000000004,-3.138600000000004,175,75
2026-05-07 18:26:33.577,2,0.55,1.39,0.43,6.432199999999998,24.669600000000003,-8.808600000000006,175,75
2026-05-07 18:26:33.589,2,0.51,1.36,0.47,6.792200000000001,19.6696,-8.688600000000001,175,75
2026-05-07 18:26:33.612,2,0.48,1.34,0.46,7.772199999999998,14.1196,-7.2286,175,75
2026-05-07 18:26:33.612,2,0.46,1.35,0.46,8.072199999999999,12.8396,-6.308600000000002,175,75
2026-05-07 18:26:33.667,2,0.5,1.39,0.42,11.3722,15.7096,-2.5286000000000044,175,75
2026-05-07 18:26:33.667,2,0.52,1.38,0.43,12.4622,17.9096,-2.348600000000001,175,75
2026-05-07 18:26:33.704,2,0.56,1.37,0.49,13.8722,11.6196,-3.0786000000000016,175,75
2026-05-07 18:26:33.789,2,0.5,1.41,0.39,10.632200000000001,-4.2303999999999995,1.7313999999999972,175,75
2026-05-07 18:26:33.795,2,0.53,1.39,0.39,10.9422,-2.2804,1.8013999999999974,175,75
2026-05-07 18:26:33.886,2,0.55,1.41,0.39,8.072199999999999,5.9496,-8.448600000000006,175,75
2026-05-07 18:26:33.898,2,0.52,1.44,0.38,8.7422,11.319600000000001,-8.448600000000006,175,75
2026-05-07 18:26:33.912,2,0.54,1.48,0.44,11.3722,22.8396,-6.498600000000003,175,75
2026-05-07 18:26:33.946,2,0.54,1.44,0.51,9.7222,-4.1104,-1.9886000000000017,175,75
2026-05-07 18:26:33.946,2,0.51,1.44,0.47,8.502199999999998,-6.790399999999998,-1.308600000000002,175,75
2026-05-07 18:26:33.971,2,0.5,1.47,0.44,7.8322,-1.4903999999999993,-0.6986000000000026,175,75
2026-05-07 18:26:33.991,2,0.54,1.47,0.47,6.432199999999998,8.8796,0.3313999999999986,175,75
2026-05-07 18:26:34.011,2,0.57,1.43,0.51,3.6221999999999994,4.3696,1.8613999999999962,175,75
2026-05-07 18:26:34.092,2,0.54,1.42,0.44,1.5521999999999991,0.5296000000000003,2.041399999999996,175,75
2026-05-07 18:26:34.124,2,0.53,1.43,0.45,0.6321999999999992,11.319600000000001,0.821399999999997,175,75
2026-05-07 18:26:34.162,2,0.56,1.41,0.48,4.1722,4.4896,3.2613999999999983,175,75
2026-05-07 18:26:34.198,2,0.58,1.43,0.48,6.062200000000001,-1.4903999999999993,4.781399999999998,175,75
2026-05-07 18:26:34.200,2,0.58,1.44,0.48,6.182199999999998,-9.0504,5.391399999999997,175,75
2026-05-07 18:26:34.215,2,0.57,1.39,0.45,4.3522,-16.2404,4.541399999999996,175,75
2026-05-07 18:26:34.235,2,0.53,1.35,0.39,7.772199999999998,-8.680399999999999,1.311399999999999,175,75
2026-05-07 18:26:34.294,2,0.57,1.39,0.44,9.9022,17.4796,-3.0786000000000016,175,75
2026-05-07 18:26:34.327,2,0.55,1.39,0.46,11.2422,-8.9204,-0.39860000000000184,175,75
2026-05-07 18:26:34.345,2,0.51,1.38,0.42,12.1022,-13.560400000000001,0.15139999999999887,175,75
2026-05-07 18:26:34.412,2,0.54,1.33,0.42,17.3422,-18.4404,-12.4086,175,75
2026-05-07 18:26:34.426,2,0.5,1.27,0.42,19.2322,-15.9404,-16.128600000000006,175,75
2026-05-07 18:26:34.426,2,0.46,1.22,0.39,23.8722,-14.7804,-16.378600000000006,175,75
2026-05-07 18:26:34.438,2,0.4,1.24,0.32,25.822200000000002,-12.090399999999999,-15.278600000000004,175,75
2026-05-07 18:26:34.450,2,0.33,1.39,0.25,28.502200000000002,28.209600000000002,-15.028600000000004,175,75
2026-05-07 18:26:34.481,2,0.39,1.42,0.31,34.1122,53.5096,-8.328600000000002,175,75
2026-05-07 18:26:34.519,2,0.48,1.37,0.45,40.0922,35.1596,3.561399999999999,175,75
2026-05-07 18:26:34.539,2,0.44,1.41,0.4,37.7722,22.599600000000002,10.211399999999998,175,75
2026-05-07 18:26:34.539,2,0.4,1.42,0.34,35.1522,15.409600000000001,15.941399999999998,175,75
2026-05-07 18:26:34.546,2,0.34,1.42,0.31,29.6622,14.979600000000001,23.2614,175,75
2026-05-07 18:26:34.573,2,0.29,1.28,0.43,22.102199999999996,13.8796,43.5614,175,75
2026-05-07 18:26:34.599,2,0.27,1.28,0.46,20.5722,-5.630399999999998,59.301399999999994,175,75
2026-05-07 18:26:34.599,2,0.26,1.31,0.49,22.1622,-18.9204,67.9514,175,75
2026-05-07 18:26:34.614,2,0.27,1.29,0.51,21.8522,-29.1704,75.2114,175,75
2026-05-07 18:26:34.614,2,0.3,1.22,0.53,20.5122,-48.3104,84.5414,175,75
2026-05-07 18:26:34.623,2,0.31,1.14,0.54,20.6322,-62.8304,88.9914,175,75
2026-05-07 18:26:34.650,2,0.33,1.06,0.55,21.8522,-76.4204,92.3414,175,75
2026-05-07 18:26:34.664,2,0.34,1.0,0.54,23.4422,-89.1704,94.66139999999999,175,75
2026-05-07 18:26:34.702,2,0.17,1.07,0.31,21.4922,-86.0004,102.41139999999999,175,75
2026-05-07 18:26:34.702,2,0.15,1.05,0.3,23.072200000000002,-67.0304,105.2714,175,75
2026-05-07 18:26:34.708,2,0.13,0.97,0.34,22.6522,-42.4604,109.60139999999998,175,75
2026-05-07 18:26:34.742,2,0.15,0.87,0.44,21.9822,-5.880399999999998,117.7114,175,75
2026-05-07 18:26:34.756,2,0.18,0.84,0.52,26.312199999999997,1.3796,120.7014,175,75
2026-05-07 18:26:34.772,2,0.2,0.79,0.57,30.7622,3.1495999999999995,123.01140000000001,175,75
2026-05-07 18:26:34.819,2,0.09,0.73,0.59,39.4122,37.1696,133.2014,175,75
2026-05-07 18:26:34.830,2,0.05,0.7,0.61,41.1222,53.8196,138.8714,175,75
2026-05-07 18:26:34.896,2,0.22,0.42,0.83,26.002200000000002,93.4496,186.7314,175,75
2026-05-07 18:26:34.917,2,0.23,0.37,0.86,19.4122,102.8396,197.47140000000002,175,75
2026-05-07 18:26:34.942,2,0.26,0.27,0.9,9.0522,109.8596,205.5114,175,75
2026-05-07 18:26:34.966,2,0.41,-0.01,1.03,-9.9778,74.9196,205.94140000000002,175,75
2026-05-07 18:26:34.998,2,0.31,-0.1,0.99,-20.7678,78.1496,210.3314,175,75
2026-05-07 18:26:35.061,2,0.43,-0.49,1.06,-44.1778,131.5596,245.0314,175,75
2026-05-07 18:26:35.082,2,0.32,-0.68,1.04,-59.2978,150.8296,261.9214,175,75
2026-05-07 18:26:35.091,2,0.3,-0.75,1.03,-70.0978,158.9396,271.9814,175,75
2026-05-07 18:26:35.132,2,0.26,-0.8,0.99,-101.9278,172.9096,316.4314,175,75
2026-05-07 18:26:35.176,2,0.44,-1.3,0.89,-73.68780000000001,80.0996,308.3814,175,75
2026-05-07 18:26:35.221,2,0.25,-1.02,0.92,-20.6478,8.1496,273.8114,175,75
2026-05-07 18:26:35.232,2,-0.02,-0.78,0.39,48.4422,-14.1704,193.50140000000002,175,75
2026-05-07 18:26:35.246,2,0.01,-0.67,0.36,64.8422,25.709600000000002,169.97140000000002,175,75
2026-05-07 18:26:35.258,2,0.03,-0.62,0.37,73.3822,43.5096,158.8114,175,75
2026-05-07 18:26:35.269,2,-0.04,-0.55,0.4,78.9322,48.2096,148.1414,175,75
2026-05-07 18:26:35.269,2,-0.03,-0.52,0.37,76.1822,40.4696,139.3014,175,75
2026-05-07 18:26:35.294,2,-0.05,-0.5,0.33,67.4022,30.8296,130.2114,175,75
2026-05-07 18:26:35.311,2,-0.13,-0.29,0.16,42.7122,45.2796,90.88139999999999,175,75
2026-05-07 18:26:35.327,2,-0.17,-0.12,0.1,22.282200000000003,70.2196,76.6114,175,75
2026-05-07 18:26:35.341,2,-0.17,-0.07,0.11,14.482199999999999,91.0796,70.8814,175,75
2026-05-07 18:26:35.354,2,-0.18,-0.04,0.13,9.232199999999999,108.5096,66.25139999999999,175,75
2026-05-07 18:26:35.413,2,-0.19,0.03,0.31,-12.3478,125.5896,50.70139999999999,175,75
2026-05-07 18:26:35.424,2,-0.14,0.08,0.39,-21.5578,122.0496,44.6614,175,75
2026-05-07 18:26:35.425,2,-0.12,0.13,0.47,-27.2878,111.0796,39.4214,175,75
2026-05-07 18:26:35.449,2,-0.11,0.15,0.55,-38.3878,61.0796,25.641399999999997,175,75
2026-05-07 18:26:35.462,2,-0.13,0.17,0.52,-40.5878,58.3296,20.821399999999997,175,75
2026-05-07 18:26:35.473,2,-0.17,0.18,0.5,-38.8778,59.3696,10.091399999999997,175,75
2026-05-07 18:26:35.479,2,-0.21,0.18,0.5,-40.2178,63.449600000000004,5.031399999999998,175,75
2026-05-07 18:26:35.499,2,-0.24,0.19,0.53,-41.187799999999996,70.03960000000001,0.821399999999997,175,75
2026-05-07 18:26:35.499,2,-0.25,0.18,0.58,-39.2378,72.59960000000001,-3.0786000000000016,175,75
2026-05-07 18:26:35.516,2,-0.25,0.16,0.61,-33.8778,67.3596,-6.558600000000002,175,75
2026-05-07 18:26:35.516,2,-0.25,0.13,0.65,-28.2078,53.0896,-9.9086,175,75
2026-05-07 18:26:35.535,2,-0.29,0.14,0.62,-24.6678,32.479600000000005,-12.348600000000005,175,75
2026-05-07 18:26:35.567,2,-0.34,0.11,0.46,-13.0878,21.1996,-19.178600000000003,175,75
2026-05-07 18:26:35.582,2,-0.35,0.09,0.47,-8.8178,31.4396,-22.348600000000005,175,75
2026-05-07 18:26:35.595,2,-0.31,0.07,0.54,-0.45780000000000065,30.0396,-30.028600000000004,175,75
2026-05-07 18:26:35.605,2,-0.3,0.09,0.55,2.4022000000000006,18.6396,-33.628600000000006,175,75
2026-05-07 18:26:35.633,2,-0.34,0.12,0.52,4.3522,11.8096,-34.6086,175,75
2026-05-07 18:26:35.651,2,-0.37,0.14,0.46,6.002199999999998,5.7696000000000005,-36.0686,175,75
2026-05-07 18:26:35.651,2,-0.35,0.14,0.42,6.732199999999999,4.9796000000000005,-36.0686,175,75
2026-05-07 18:26:35.651,2,-0.34,0.13,0.41,7.1022,12.4196,-36.128600000000006,175,75
2026-05-07 18:26:35.679,2,-0.27,0.06,0.49,13.932199999999998,25.4696,-39.058600000000006,175,75
2026-05-07 18:26:35.687,2,-0.28,0.03,0.53,17.772199999999998,16.8096,-41.068599999999996,175,75
2026-05-07 18:26:35.728,2,-0.31,0.05,0.5,21.7922,1.9296000000000006,-43.7486,175,75
2026-05-07 18:26:35.755,2,-0.24,0.12,0.5,27.8322,3.329600000000001,-46.918600000000005,175,75
2026-05-07 18:26:35.755,2,-0.21,0.13,0.54,29.1122,4.2496,-49.2386,175,75
2026-05-07 18:26:35.770,2,-0.14,0.15,0.61,28.6222,-0.8803999999999998,-55.948600000000006,175,75
2026-05-07 18:26:35.802,2,-0.22,0.06,0.6,25.822200000000002,-9.5304,-65.6386,175,75
2026-05-07 18:26:35.815,2,-0.3,0.09,0.6,24.7222,0.4695999999999998,-67.2886,175,75
2026-05-07 18:26:35.851,2,-0.06,0.11,0.78,33.4422,3.2696000000000005,-73.0786,175,75
2026-05-07 18:26:35.864,2,0.01,0.09,0.8,34.9022,-9.110399999999998,-79.96860000000001,175,75
2026-05-07 18:26:35.875,2,0.04,0.09,0.76,36.7922,-14.900400000000001,-88.74860000000001,175,75
2026-05-07 18:26:35.893,2,0.03,0.09,0.69,38.2622,-7.2804,-99.23859999999999,175,75
2026-05-07 18:26:35.942,2,0.01,0.09,0.73,39.602199999999996,32.229600000000005,-127.52859999999998,175,75
2026-05-07 18:26:35.942,2,0.07,0.06,0.78,39.8422,34.489599999999996,-132.6586,175,75
2026-05-07 18:26:35.952,2,0.09,-0.01,0.77,39.2922,40.5296,-137.3486,175,75
2026-05-07 18:26:36.015,2,0.52,-0.99,1.39,87.9522,7.599600000000001,-156.6186,175,75
2026-05-07 18:26:36.039,2,0.53,-1.39,1.07,82.6522,-66.2404,-152.1686,175,75
2026-05-07 18:26:36.049,2,0.22,-1.59,0.71,118.20219999999999,24.979599999999998,-206.1886,175,75
2026-05-07 18:26:36.078,2,0.01,-1.29,0.76,184.48219999999998,60.4696,-267.95860000000005,175,75
2026-05-07 18:26:36.129,2,0.3,-0.91,0.83,219.05220000000003,111.0796,-281.5586,175,75
2026-05-07 18:26:36.141,2,0.19,-0.83,0.86,238.0122,130.1596,-273.6286,175,75
2026-05-07 18:26:36.150,2,0.17,-0.72,1.15,266.67220000000003,153.2696,-272.0486,175,75
2026-05-07 18:26:36.154,2,0.19,-0.6,1.24,275.4522,155.1596,-265.33860000000004,175,75
2026-05-07 18:26:36.161,2,0.21,-0.45,1.3,281.79220000000004,147.3596,-256.0086,175,75
2026-05-07 18:26:36.177,2,0.24,-0.3,1.33,286.79220000000004,138.3296,-247.0486,175,75
2026-05-07 18:26:36.250,2,0.35,0.23,1.5,314.29220000000004,123.6396,-194.1186,175,75
2026-05-07 18:26:36.259,2,0.32,0.4,1.47,338.5022,156.9296,-158.8786,175,75
2026-05-07 18:26:36.295,2,0.19,0.76,1.31,366.73220000000003,250.7696,-117.46860000000001,175,75
2026-05-07 18:26:36.336,2,-0.14,1.09,1.55,417.8922,313.8796,-63.3286,175,75
2026-05-07 18:26:36.347,2,-0.15,1.25,1.84,422.8322,270.8896,-25.1586,175,75
2026-05-07 18:26:36.358,2,-0.02,1.31,1.96,400.0922,202.1696,2.281399999999998,175,75
2026-05-07 18:26:36.358,2,0.02,1.35,2.03,368.7422,123.0896,34.971399999999996,175,75
2026-05-07 18:26:36.373,2,0.04,1.34,2.01,344.7222,52.2296,58.3214,175,75
2026-05-07 18:26:36.382,2,-0.01,1.24,1.79,336.79220000000004,-20.200400000000002,71.00139999999999,175,75
2026-05-07 18:26:36.424,2,-0.08,1.11,1.56,349.8422,-66.3004,70.2714,175,75
2026-05-07 18:26:36.435,2,-0.06,1.11,1.23,347.8322,-87.7704,41.0614,175,75
2026-05-07 18:26:36.447,2,-0.03,1.27,1.05,333.5022,-65.1404,32.651399999999995,175,75
2026-05-07 18:26:36.499,2,0.03,1.55,0.97,281.73220000000003,-38.4404,42.471399999999996,175,75
2026-05-07 18:26:36.522,2,-0.09,1.6,0.92,248.87220000000002,-111.0604,45.45139999999999,175,75
2026-05-07 18:26:36.534,2,-0.04,1.6,0.87,238.74220000000003,-130.0804,46.4914,175,75
2026-05-07 18:26:36.541,2,0.01,1.59,0.84,227.7722,-166.4904,44.111399999999996,175,75
2026-05-07 18:26:36.566,2,-0.05,1.56,0.74,200.0922,-258.6204,36.0014,175,75
2026-05-07 18:26:36.594,2,-0.11,1.55,0.52,174.66219999999998,-326.0604,27.041399999999996,175,75
2026-05-07 18:26:36.616,2,-0.21,1.54,0.39,162.6522,-349.6604,25.211399999999998,175,75
2026-05-07 18:26:36.642,2,-0.32,1.55,0.3,153.3822,-350.3304,26.371399999999998,175,75
2026-05-07 18:26:36.670,2,-0.27,1.48,0.08,120.8222,-285.2004,30.701399999999996,175,75
2026-05-07 18:26:36.692,2,-0.27,1.48,-0.0,104.2322,-251.42039999999997,29.781399999999998,175,75
2026-05-07 18:26:36.706,2,-0.24,1.48,-0.03,95.0222,-215.9404,29.841399999999997,175,75
2026-05-07 18:26:36.737,2,-0.15,1.43,0.02,75.6322,-173.8004,31.431399999999996,175,75
2026-05-07 18:26:36.737,2,-0.16,1.43,0.02,61.732200000000006,-174.6604,33.011399999999995,175,75
2026-05-07 18:26:36.772,2,-0.32,1.47,-0.09,35.5722,-65.0804,40.3914,175,75
2026-05-07 18:26:36.785,2,-0.3,1.4,-0.05,32.2822,-18.9204,40.2714,175,75
2026-05-07 18:26:36.786,2,-0.26,1.38,0.07,28.322200000000002,6.5596000000000005,38.8114,175,75
2026-05-07 18:26:36.801,2,-0.15,1.4,0.2,28.072200000000002,20.3396,37.831399999999995,175,75
2026-05-07 18:26:36.869,2,0.0,1.43,0.08,11.432199999999998,-69.0504,44.6014,175,75
2026-05-07 18:26:36.897,2,-0.31,1.48,-0.06,-5.2178,70.8896,27.591399999999997,175,75
2026-05-07 18:26:36.911,2,-0.25,1.52,0.02,-5.8278,101.6896,25.5114,175,75
2026-05-07 18:26:36.912,2,-0.09,1.53,0.05,-9.2378,94.6096,22.951399999999996,175,75
2026-05-07 18:26:36.931,2,-0.11,1.59,0.11,-22.3478,33.5796,21.431399999999996,175,75
2026-05-07 18:26:37.010,2,-0.04,1.63,0.06,-19.6078,-12.0304,21.731399999999997,175,75
2026-05-07 18:26:37.023,2,-0.07,1.58,-0.03,-19.547800000000002,-64.2904,23.2614,175,75
2026-05-07 18:26:37.049,2,-0.03,1.6,-0.07,-11.677800000000001,-35.0204,13.141399999999997,175,75
2026-05-07 18:26:37.060,2,-0.09,1.63,-0.02,-8.7578,-30.8104,10.211399999999998,175,75
2026-05-07 18:26:37.092,2,-0.04,1.67,0.11,1.1221999999999994,-82.4004,8.261399999999998,175,75
2026-05-07 18:26:37.100,2,-0.03,1.66,0.06,0.5122,-116.2404,11.001399999999997,175,75
2026-05-07 18:26:37.117,2,-0.23,1.61,-0.11,-1.5578000000000003,-123.56039999999999,11.431399999999996,175,75
2026-05-07 18:26:37.127,2,-0.32,1.59,-0.13,-0.7078000000000007,-85.4504,7.411399999999997,175,75
2026-05-07 18:26:37.148,2,-0.25,1.58,-0.1,3.0722000000000005,-39.2304,5.151399999999999,175,75
2026-05-07 18:26:37.159,2,-0.2,1.58,-0.05,1.8521999999999998,-43.0704,7.771399999999996,175,75
2026-05-07 18:26:37.202,2,-0.19,1.58,-0.02,-1.8678000000000008,-54.5904,13.201399999999998,175,75
2026-05-07 18:26:37.202,2,-0.15,1.57,-0.02,-5.9478,-64.1704,15.451399999999998,175,75
2026-05-07 18:26:37.281,2,-0.0,1.47,0.18,26.672199999999997,80.2796,11.611399999999998,175,75
2026-05-07 18:26:37.296,2,-0.0,1.47,0.16,19.1722,44.3696,16.371399999999998,175,75
2026-05-07 18:26:37.297,2,-0.01,1.47,0.04,14.3522,26.4396,13.381399999999998,175,75
2026-05-07 18:26:37.309,2,-0.07,1.44,-0.17,7.402200000000001,11.3796,7.161399999999997,175,75
2026-05-07 18:26:37.349,2,-0.17,1.46,-0.29,-5.5178,11.1996,0.2713999999999963,175,75
2026-05-07 18:26:37.376,2,-0.34,1.48,-0.28,-15.0378,43.9396,-3.6286000000000023,175,75
2026-05-07 18:26:37.417,2,-0.21,1.47,0.0,-20.5178,142.9096,-3.938600000000001,175,75
2026-05-07 18:26:37.482,2,-0.25,1.6,0.17,-10.3378,5.469600000000001,-0.8886000000000038,175,75
2026-05-07 18:26:37.492,2,-0.13,1.62,0.11,-7.537800000000001,7.7796,0.2113999999999976,175,75
2026-05-07 18:26:37.537,2,-0.06,1.6,-0.11,-19.2378,-41.0004,-5.398600000000002,175,75
2026-05-07 18:26:37.542,2,-0.18,1.64,-0.1,-21.797800000000002,-42.3404,-6.128600000000002,175,75
2026-05-07 18:26:37.559,2,-0.24,1.64,-0.06,-18.5678,-16.2404,-7.5886,175,75
2026-05-07 18:26:37.582,2,-0.03,1.63,0.21,-3.7578000000000005,-62.2804,-15.1586,175,75
2026-05-07 18:26:37.610,2,-0.18,1.66,0.04,-10.517800000000001,-150.0204,-2.1086000000000027,175,75
2026-05-07 18:26:37.610,2,-0.3,1.65,-0.12,-12.4778,-147.3404,-2.2286000000000037,175,75
2026-05-07 18:26:37.630,2,-0.58,1.63,-0.27,-5.707800000000001,-68.8004,-4.488600000000002,175,75
2026-05-07 18:26:37.640,2,-0.59,1.61,-0.16,-10.0978,-15.080400000000001,1.0013999999999967,175,75
2026-05-07 18:26:37.650,2,-0.32,1.62,0.02,-13.3878,-17.1604,5.451399999999996,175,75
2026-05-07 18:26:37.669,2,-0.35,1.6,-0.07,-15.9478,-47.4004,18.441399999999998,175,75
2026-05-07 18:26:37.703,2,-0.47,1.56,-0.09,-18.4478,-2.7004,17.531399999999998,175,75
2026-05-07 18:26:37.743,2,-0.39,1.51,-0.03,0.09220000000000006,117.4196,7.531399999999998,175,75
2026-05-07 18:26:37.768,2,0.05,1.52,0.28,13.502199999999998,92.3596,4.601399999999998,175,75
2026-05-07 18:26:37.782,2,0.03,1.51,0.14,-0.27780000000000094,22.6596,7.891399999999997,175,75
2026-05-07 18:26:37.842,2,-0.51,1.56,-0.19,-34.1178,100.1596,-2.1686000000000014,175,75
2026-05-07 18:26:37.852,2,-0.42,1.56,-0.04,-32.8378,163.6396,0.0913999999999966,175,75
2026-05-07 18:26:37.877,2,-0.2,1.62,0.34,-18.0878,126.3196,2.8913999999999973,175,75
2026-05-07 18:26:37.888,2,-0.21,1.65,0.3,-12.6578,85.4696,6.5513999999999974,175,75
2026-05-07 18:26:37.937,2,0.02,1.68,0.43,-7.1678,-7.340399999999999,19.301399999999997,175,75
2026-05-07 18:26:37.945,2,0.22,1.71,0.34,-16.3778,-84.5304,19.1714,175,75
2026-05-07 18:26:37.959,2,0.08,1.73,-0.05,-22.227800000000002,-173.1304,15.031399999999998,175,75
2026-05-07 18:26:37.982,2,-0.16,1.7,-0.14,-9.1178,-27.160400000000003,6.4313999999999965,175,75
2026-05-07 18:26:37.992,2,-0.02,1.7,-0.06,-6.0678,12.0496,3.691399999999998,175,75
2026-05-07 18:26:37.992,2,0.08,1.71,0.06,-2.7778,10.159600000000001,-1.0686000000000035,175,75
2026-05-07 18:26:38.016,2,0.14,1.74,0.19,1.2422000000000004,-45.3304,-6.378600000000002,175,75
2026-05-07 18:26:38.030,2,0.07,1.77,0.14,-1.4977999999999998,-104.2904,2.101399999999998,175,75
2026-05-07 18:26:38.030,2,-0.01,1.78,-0.0,-9.4278,-150.0804,6.921399999999998,175,75
2026-05-07 18:26:38.083,2,-0.1,1.76,-0.29,-8.9978,4.6696,2.7113999999999976,175,75
2026-05-07 18:26:38.137,2,-0.22,1.69,-0.26,-10.8878,3.7596000000000007,25.3314,175,75
2026-05-07 18:26:38.154,2,-0.28,1.63,-0.07,2.7721999999999998,120.3396,26.0614,175,75
2026-05-07 18:26:38.212,2,0.44,1.55,0.64,48.3822,208.7596,-5.6986000000000026,175,75
2026-05-07 18:26:38.212,2,0.35,1.59,0.82,55.8822,161.5596,-1.678600000000003,175,75
2026-05-07 18:26:38.212,2,0.34,1.63,0.82,51.852199999999996,63.9396,8.261399999999998,175,75
2026-05-07 18:26:38.224,2,0.34,1.63,0.67,42.1622,-36.300399999999996,26.981399999999997,175,75
2026-05-07 18:26:38.238,2,-0.02,1.5,0.19,20.0922,-124.41040000000001,22.591399999999997,175,75
2026-05-07 18:26:38.268,2,0.01,1.5,0.1,-3.6878,77.4796,13.871399999999998,175,75
2026-05-07 18:26:38.282,2,0.31,1.47,0.29,-8.267800000000001,76.3196,4.911399999999997,175,75
2026-05-07 18:26:38.301,2,0.36,1.48,0.4,-12.9578,49.2496,6.061399999999999,175,75
2026-05-07 18:26:38.308,2,0.32,1.54,0.53,-14.177800000000001,19.1896,4.0513999999999974,175,75
2026-05-07 18:26:38.317,2,0.36,1.57,0.54,-12.3478,-4.410399999999999,2.8313999999999986,175,75
2026-05-07 18:26:38.327,2,0.36,1.58,0.42,-13.3278,-38.6204,7.341399999999997,175,75
2026-05-07 18:26:38.340,2,0.25,1.57,0.29,-16.3178,-59.7204,8.931399999999996,175,75
2026-05-07 18:26:38.350,2,0.14,1.55,0.18,-16.797800000000002,-52.520399999999995,10.091399999999997,175,75
2026-05-07 18:26:38.381,2,0.14,1.57,0.05,-15.8278,-24.840400000000002,10.701399999999998,175,75
2026-05-07 18:26:38.387,2,0.18,1.57,0.04,-20.0978,-20.690399999999997,12.161399999999997,175,75
2026-05-07 18:26:38.403,2,0.19,1.58,0.04,-24.177799999999998,-9.290399999999998,13.691399999999998,175,75
2026-05-07 18:26:38.428,2,0.17,1.57,0.07,-21.677799999999998,4.9796000000000005,13.931399999999996,175,75
2026-05-07 18:26:38.440,2,0.19,1.59,0.07,-16.8678,17.0496,15.151399999999997,175,75
2026-05-07 18:26:38.440,2,0.19,1.58,0.05,-14.9078,21.7496,16.731399999999997,175,75
2026-05-07 18:26:38.457,2,0.1,1.6,0.2,-3.6878,59.3696,25.821399999999997,175,75
2026-05-07 18:26:38.507,2,0.03,1.58,0.26,-9.5478,-0.7503999999999991,45.511399999999995,175,75
2026-05-07 18:26:38.587,2,0.1,1.29,-0.01,-48.8178,28.8796,45.5814,175,75
2026-05-07 18:26:38.628,2,0.03,1.32,0.18,-93.8778,54.3096,52.95139999999999,175,75
2026-05-07 18:26:38.628,2,-0.04,1.3,0.26,-103.4478,68.0296,56.0614,175,75
2026-05-07 18:26:38.628,2,0.04,1.28,0.32,-112.2278,84.0596,57.8914,175,75
2026-05-07 18:26:38.677,2,0.07,1.24,0.61,-176.06779999999998,-39.3504,84.48140000000001,175,75
2026-05-07 18:26:38.687,2,0.0,1.32,0.51,-189.1178,-81.2404,106.4914,175,75
2026-05-07 18:26:38.709,2,-0.18,1.24,0.13,-230.2178,-15.270399999999999,142.0414,175,75
2026-05-07 18:26:38.730,2,-0.3,1.24,0.15,-257.5978,104.4296,156.0614,175,75
2026-05-07 18:26:38.745,2,-0.17,1.15,0.31,-292.7178,190.8296,163.3214,175,75
2026-05-07 18:26:38.745,2,-0.1,1.08,0.4,-310.33779999999996,207.2996,164.0514,175,75
2026-05-07 18:26:38.756,2,-0.07,1.0,0.52,-332.4078,216.2596,162.41140000000001,175,75
2026-05-07 18:26:38.779,2,0.16,0.9,0.73,-372.7178,178.8196,151.6114,175,75
2026-05-07 18:26:38.842,2,0.01,0.69,0.7,-472.95779999999996,72.9096,195.5814,175,75
2026-05-07 18:26:38.858,2,0.32,0.14,1.09,-476.8678,126.9296,199.7814,175,75
2026-05-07 18:26:38.905,2,0.75,-0.41,2.08,-480.9478,38.2096,179.1714,175,75
2026-05-07 18:26:38.905,2,0.56,-0.42,2.24,-477.4778,38.879599999999996,179.72140000000002,175,75
2026-05-07 18:26:38.921,2,0.55,-0.47,2.13,-464.1178,-12.950399999999998,181.6714,175,75
2026-05-07 18:26:38.940,2,0.63,-0.38,1.95,-421.3778,-96.6704,218.0814,175,75
