Time,ID,Ax,Ay,Az,Gx,Gy,Gz,Height,Weight
2026-05-09 15:53:47.031,2,-0.72,0.94,0.79,-31.452199999999998,280.36199999999997,-10.4386,175,75
2026-05-09 15:53:47.042,2,-0.78,1.22,0.91,-25.9022,222.742,17.4214,175,75
2026-05-09 15:53:47.042,2,-0.75,1.12,0.97,-24.8722,116.342,50.901399999999995,175,75
2026-05-09 15:53:47.054,2,-0.67,0.85,1.02,-32.9122,-60.727999999999994,94.8014,175,75
2026-05-09 15:53:47.060,2,-0.56,0.58,0.98,-42.492200000000004,-195.918,117.9114,175,75
2026-05-09 15:53:47.074,2,-0.69,0.4,0.76,-39.382200000000005,-291.218,118.1614,175,75
2026-05-09 15:53:47.102,2,-0.73,0.33,0.51,-24.072200000000002,-331.88800000000003,114.56139999999999,175,75
2026-05-09 15:53:47.112,2,-0.9,0.02,-0.04,22.017799999999998,-391.528,110.4114,175,75
2026-05-09 15:53:47.187,2,-0.51,-1.69,-0.52,32.3878,137.322,111.1414,175,75
2026-05-09 15:53:47.251,2,-0.75,-1.17,-0.2,95.6778,191.462,98.2814,175,75
2026-05-09 15:53:47.256,2,-0.64,-0.91,-0.09,112.7578,146.402,38.8314,175,75
2026-05-09 15:53:47.264,2,-0.1,-1.55,0.15,16.407799999999998,1.5219999999999985,30.1714,175,75
2026-05-09 15:53:47.285,2,-0.47,-1.55,-0.04,7.4478,55.672,76.3914,175,75
2026-05-09 15:53:47.285,2,-0.74,-1.09,-0.15,67.99780000000001,26.032,-28.058600000000002,175,75
2026-05-09 15:53:47.297,2,-0.55,-0.77,0.08,48.117799999999995,23.662,-97.0886,175,75
2026-05-09 15:53:47.321,2,-0.14,-0.26,0.17,4.2778,47.251999999999995,-48.1786,175,75
2026-05-09 15:53:47.364,2,-0.32,-0.03,0.35,30.8678,41.462,8.5214,175,75
2026-05-09 15:53:47.393,2,-0.25,-0.02,0.48,5.2578,-40.178,-24.218600000000002,175,75
2026-05-09 15:53:47.403,2,-0.25,0.25,0.42,-18.2222,-89.268,-26.968600000000002,175,75
2026-05-09 15:53:47.404,2,-0.23,0.52,0.28,-26.9422,-120.308,-18.058600000000002,175,75
2026-05-09 15:53:47.416,2,-0.26,0.77,0.18,-22.3722,-135.548,-10.1386,175,75
2026-05-09 15:53:47.426,2,-0.24,0.99,0.1,-6.762200000000001,-116.58800000000001,-12.448599999999999,175,75
2026-05-09 15:53:47.430,2,-0.12,1.07,0.11,6.8978,-60.428,-7.818600000000001,175,75
2026-05-09 15:53:47.472,2,0.08,0.74,0.19,2.6978,-31.767999999999997,-7.448600000000001,175,75
2026-05-09 15:53:47.472,2,0.01,0.55,0.22,-9.4422,-63.288,-21.7786,175,75
2026-05-09 15:53:47.487,2,-0.1,0.48,0.16,-14.322200000000002,-97.13799999999999,-31.8386,175,75
2026-05-09 15:53:47.536,2,-0.18,0.4,0.08,-17.6122,-127.67799999999998,-36.3586,175,75
2026-05-09 15:53:47.536,2,-0.31,0.18,-0.0,-25.5422,-150.918,-32.4486,175,75
2026-05-09 15:53:47.559,2,-0.72,-0.48,-0.1,-44.6822,-125.728,-16.1686,175,75
2026-05-09 15:53:47.559,2,-0.87,-0.9,-0.12,-55.7822,-94.328,-6.7786,175,75
2026-05-09 15:53:47.590,2,-1.07,-1.5,-0.17,-60.7222,-21.528000000000002,51.3914,175,75
2026-05-09 15:53:47.590,2,-1.48,-1.83,-0.12,-25.3522,73.292,88.4014,175,75
2026-05-09 15:53:47.601,2,-1.74,-1.93,-0.02,-2.3722000000000003,111.102,79.56139999999999,175,75
2026-05-09 15:53:47.613,2,-1.88,-2.04,0.14,12.087800000000001,128.232,63.8914,175,75
2026-05-09 15:53:47.623,2,-1.9,-2.11,0.29,17.7578,127.802,39.6814,175,75
2026-05-09 15:53:47.636,2,-1.86,-2.1,0.52,15.2578,108.47200000000001,-2.2685999999999997,175,75
2026-05-09 15:53:47.652,2,-1.6,-1.51,0.8,-4.9322,56.522000000000006,-77.0286,175,75
2026-05-09 15:53:47.657,2,-1.39,-1.26,0.83,-12.002200000000002,23.842,-88.3686,175,75
2026-05-09 15:53:47.693,2,-0.91,-0.56,0.71,-4.5022,-89.99799999999999,-68.9186,175,75
2026-05-09 15:53:47.716,2,-0.87,0.03,0.44,32.5078,-144.328,-77.0286,175,75
2026-05-09 15:53:47.741,2,-0.39,0.52,0.12,44.6478,-134.638,3.8314,175,75
2026-05-09 15:53:47.765,2,-0.58,0.3,0.18,10.4378,-22.928,91.3314,175,75
2026-05-09 15:53:47.778,2,-0.85,0.5,0.15,7.9378,74.512,-19.468600000000002,175,75
2026-05-09 15:53:47.832,2,0.0,0.16,0.42,0.06779999999999964,6.2219999999999995,52.3014,175,75
2026-05-09 15:53:47.854,2,-0.36,0.02,0.36,-25.2922,-62.74799999999999,27.121399999999998,175,75
2026-05-09 15:53:47.876,2,-0.59,0.43,0.17,-1.8822,-64.758,-11.538599999999999,175,75
2026-05-09 15:53:47.901,2,-0.65,0.17,0.1,13.8478,-27.197999999999997,43.4614,175,75
2026-05-09 15:53:47.949,2,-0.57,-1.58,0.2,-26.9422,-33.837999999999994,121.8814,175,75
2026-05-09 15:53:47.970,2,-1.28,-1.65,-0.06,6.9578,38.052,96.5714,175,75
2026-05-09 15:53:47.982,2,-1.55,-1.54,-0.1,29.4578,51.832,33.1614,175,75
2026-05-09 15:53:47.995,2,-1.24,-1.2,0.09,42.1478,58.232,-121.7786,175,75
2026-05-09 15:53:48.007,2,-0.89,-1.03,0.23,25.5578,57.682,-133.5486,175,75
2026-05-09 15:53:48.026,2,-0.55,-0.93,0.35,-1.7022000000000004,75.002,-112.0886,175,75
2026-05-09 15:53:48.062,2,-0.51,-0.94,0.45,-28.9522,127.44200000000001,-32.0886,175,75
2026-05-09 15:53:48.062,2,-0.84,-0.51,0.48,-17.1222,131.03199999999998,11.3314,175,75
2026-05-09 15:53:48.075,2,-1.02,-0.27,0.53,-1.2722000000000007,117.622,-39.0386,175,75
2026-05-09 15:53:48.081,2,-1.04,-0.08,0.58,6.9578,108.352,-103.1186,175,75
2026-05-09 15:53:48.122,2,-0.23,1.29,0.47,-2.1222000000000003,192.072,-107.1486,175,75
2026-05-09 15:53:48.143,2,-1.14,1.47,0.48,-2.6122000000000005,217.38199999999998,-21.538600000000002,175,75
2026-05-09 15:53:48.168,2,-0.85,0.99,0.75,-10.1722,171.462,35.6014,175,75
2026-05-09 15:53:48.183,2,-0.69,0.71,0.85,-44.2622,107.802,121.3914,175,75
2026-05-09 15:53:48.183,2,0.02,0.34,1.0,-43.6522,-54.69799999999999,91.7514,175,75
2026-05-09 15:53:48.194,2,-0.94,0.07,0.68,-41.7022,-118.718,51.5114,175,75
2026-05-09 15:53:48.205,2,-0.62,-0.06,0.5,-34.992200000000004,-162.318,38.7714,175,75
2026-05-09 15:53:48.225,2,-0.49,-0.23,0.39,-29.8022,-216.828,47.3014,175,75
2026-05-09 15:53:48.235,2,-0.57,-0.41,0.3,-25.5422,-224.328,71.9414,175,75
2026-05-09 15:53:48.246,2,-0.81,-1.21,-0.05,-10.482199999999999,-132.138,118.6414,175,75
2026-05-09 15:53:48.270,2,-0.96,-1.55,-0.3,15.317799999999998,-32.007999999999996,113.4614,175,75
2026-05-09 15:53:48.308,2,-0.95,-1.17,-0.24,108.6678,8.661999999999999,-67.2086,175,75
2026-05-09 15:53:48.318,2,-0.65,-1.17,-0.25,81.1678,-41.098,-81.04860000000001,175,75
2026-05-09 15:53:48.318,2,-0.55,-1.31,-0.34,37.9978,-60.117999999999995,-64.5286,175,75
2026-05-09 15:53:48.332,2,-0.62,-1.4,-0.49,10.4378,-37.257999999999996,-42.028600000000004,175,75
2026-05-09 15:53:48.342,2,-0.82,-1.37,-0.65,1.1677999999999997,30.612000000000002,-22.8186,175,75
2026-05-09 15:53:48.360,2,-0.86,-1.15,-0.51,29.2778,142.252,-11.8386,175,75
2026-05-09 15:53:48.371,2,-0.73,-0.93,-0.2,61.1078,185.91199999999998,-1.0486,175,75
2026-05-09 15:53:48.393,2,-0.54,-0.63,0.12,75.98780000000001,155.362,0.35139999999999993,175,75
2026-05-09 15:53:48.405,2,-0.48,-0.54,0.19,62.0878,89.69200000000001,-16.0486,175,75
2026-05-09 15:53:48.419,2,-0.39,-0.49,0.26,27.5678,20.612,-42.028600000000004,175,75
2026-05-09 15:53:48.432,2,-0.33,-0.42,0.3,-2.5522,-9.088000000000001,-61.6586,175,75
2026-05-09 15:53:48.436,2,-0.26,-0.25,0.27,-25.7222,-28.538,-78.3686,175,75
2026-05-09 15:53:48.447,2,-0.17,-0.04,0.23,-29.2622,-34.087999999999994,-72.0886,175,75
2026-05-09 15:53:48.459,2,-0.24,0.34,0.17,-15.542200000000001,-24.638,-35.0086,175,75
2026-05-09 15:53:48.484,2,-0.45,0.67,0.15,5.9277999999999995,-12.808000000000003,-13.2486,175,75
2026-05-09 15:53:48.501,2,-0.42,0.82,0.21,-4.5022,-23.108,-26.108600000000003,175,75
2026-05-09 15:53:48.512,2,-0.41,0.87,0.21,-27.982200000000002,-24.267999999999997,-11.778599999999999,175,75
2026-05-09 15:53:48.523,2,-0.39,0.86,0.24,-44.742200000000004,-28.227999999999998,-6.8986,175,75
2026-05-09 15:53:48.536,2,-0.46,0.79,0.27,-45.5422,-23.778000000000002,-8.4286,175,75
2026-05-09 15:53:48.544,2,-0.57,0.74,0.33,-34.9322,-4.148,-16.5986,175,75
2026-05-09 15:53:48.559,2,-0.62,0.72,0.39,-29.8022,17.322,-23.308600000000002,175,75
2026-05-09 15:53:48.567,2,-0.58,0.67,0.46,-28.2822,37.562,-29.038600000000002,175,75
2026-05-09 15:53:48.582,2,-0.52,0.51,0.54,-30.5422,20.552,-27.2086,175,75
2026-05-09 15:53:48.598,2,-0.54,0.26,0.59,-34.6822,-33.837999999999994,-11.048599999999999,175,75
2026-05-09 15:53:48.615,2,-0.6,-0.06,0.57,-41.9422,-109.878,9.5614,175,75
2026-05-09 15:53:48.615,2,-0.61,-0.34,0.6,-48.5222,-163.538,33.9514,175,75
2026-05-09 15:53:48.642,2,-0.64,-0.9,0.52,-72.5522,-252.378,102.4214,175,75
2026-05-09 15:53:48.666,2,-1.27,-1.6,0.22,-85.9622,-188.96800000000002,149.13139999999999,175,75
2026-05-09 15:53:48.666,2,-1.73,-1.83,0.03,-75.0522,-89.448,126.0814,175,75
2026-05-09 15:53:48.688,2,-1.95,-1.96,0.04,-15.542200000000001,53.352000000000004,29.3814,175,75
2026-05-09 15:53:48.704,2,-1.73,-1.87,0.31,20.497799999999998,64.632,-17.8186,175,75
2026-05-09 15:53:48.727,2,-1.46,-1.88,0.52,36.8378,50.492000000000004,-32.5086,175,75
2026-05-09 15:53:48.733,2,-1.27,-1.88,0.64,33.4278,25.432,-24.038600000000002,175,75
2026-05-09 15:53:48.733,2,-1.22,-1.81,0.69,9.8278,-3.7779999999999987,-3.5486,175,75
2026-05-09 15:53:48.759,2,-1.32,-1.58,0.62,-12.182200000000002,-4.638000000000002,-4.038600000000001,175,75
2026-05-09 15:53:48.759,2,-1.25,-1.36,0.56,-8.7122,-1.2779999999999987,-24.2786,175,75
2026-05-09 15:53:48.769,2,-1.07,-1.1,0.54,14.8278,-10.488000000000003,-49.5886,175,75
2026-05-09 15:53:48.769,2,-0.93,-0.81,0.53,41.1678,-29.208000000000002,-76.04860000000001,175,75
2026-05-09 15:53:48.783,2,-0.8,-0.47,0.5,61.6578,-57.928,-108.54860000000001,175,75
2026-05-09 15:53:48.831,2,-0.33,0.46,0.2,64.2778,-116.098,-181.0486,175,75
2026-05-09 15:53:48.853,2,-1.07,0.9,-0.01,42.8178,-15.668000000000003,62.8514,175,75
2026-05-09 15:53:48.853,2,-0.54,0.4,0.07,11.5978,48.052,72.4214,175,75
2026-05-09 15:53:48.865,2,-0.65,0.3,0.16,-13.772200000000002,66.342,3.7114000000000003,175,75
2026-05-09 15:53:48.876,2,-1.11,0.58,0.1,-11.3322,128.902,-38.8586,175,75
2026-05-09 15:53:48.892,2,-0.52,0.71,0.16,9.457799999999999,156.34199999999998,-42.8786,175,75
2026-05-09 15:53:48.905,2,-0.52,0.69,0.24,15.2578,169.332,-1.0486,175,75
2026-05-09 15:53:48.905,2,-0.48,0.46,0.34,6.2278,163.41199999999998,33.7114,175,75
2026-05-09 15:53:48.938,2,-0.17,0.15,0.46,-6.8822,120.122,50.111399999999996,175,75
2026-05-09 15:53:48.938,2,-0.16,-0.06,0.56,-16.0222,54.94199999999999,48.1014,175,75
2026-05-09 15:53:48.949,2,-0.42,-0.13,0.56,-22.2422,13.172,34.4414,175,75
2026-05-09 15:53:48.968,2,-0.47,-0.03,0.47,-14.9922,-17.068,13.8314,175,75
2026-05-09 15:53:48.978,2,-0.59,0.2,0.34,2.8777999999999997,-44.818,-9.3986,175,75
2026-05-09 15:53:48.978,2,-0.65,0.31,0.26,12.817799999999998,-46.828,-6.9686,175,75
2026-05-09 15:53:48.989,2,-0.74,0.3,0.2,17.5078,-37.498000000000005,14.3114,175,75
2026-05-09 15:53:48.989,2,-0.89,0.08,0.17,19.037799999999997,-23.657999999999998,47.791399999999996,175,75
2026-05-09 15:53:49.012,2,-0.9,-0.26,0.18,17.2078,-17.498,78.0314,175,75
2026-05-09 15:53:49.024,2,-0.6,-0.83,0.25,8.117799999999999,-28.418000000000003,113.6414,175,75
2026-05-09 15:53:49.035,2,-0.56,-1.3,0.28,0.9877999999999998,-26.587999999999997,144.0114,175,75
2026-05-09 15:53:49.035,2,-0.76,-1.68,0.26,5.9878,20.002,174.6214,175,75
2026-05-09 15:53:49.062,2,-1.55,-1.84,0.11,71.71780000000001,142.382,157.4214,175,75
2026-05-09 15:53:49.072,2,-1.85,-1.59,0.22,117.2078,122.932,49.1314,175,75
2026-05-09 15:53:49.084,2,-1.57,-1.48,0.47,127.7578,78.602,-57.028600000000004,175,75
2026-05-09 15:53:49.117,2,-0.67,-1.17,0.53,41.8978,-47.55799999999999,-95.9886,175,75
2026-05-09 15:53:49.117,2,-0.45,-0.95,0.45,-18.8322,-99.38799999999999,-81.3586,175,75
2026-05-09 15:53:49.129,2,-0.37,-0.74,0.42,-60.3522,-104.878,-68.4886,175,75
2026-05-09 15:53:49.140,2,-0.39,-0.56,0.42,-76.8222,-52.928,-56.0486,175,75
2026-05-09 15:53:49.154,2,-0.37,-0.35,0.38,-62.7922,16.522,-31.2286,175,75
2026-05-09 15:53:49.165,2,-0.55,-0.08,0.43,-29.322200000000002,86.522,-6.4186000000000005,175,75
2026-05-09 15:53:49.176,2,-0.76,0.18,0.52,5.4978,147.56199999999998,-11.2286,175,75
2026-05-09 15:53:49.186,2,-0.97,0.6,0.55,37.507799999999996,188.292,-61.6586,175,75
2026-05-09 15:53:49.192,2,-0.91,1.18,0.6,58.0578,183.052,-138.0586,175,75
2026-05-09 15:53:49.217,2,-0.16,1.71,0.82,31.4778,120.062,-73.7286,175,75
2026-05-09 15:53:49.237,2,-0.79,1.46,0.61,-23.2822,-103.718,41.3314,175,75
2026-05-09 15:53:49.272,2,-1.35,0.54,0.42,-51.1522,-160.178,36.6914,175,75
2026-05-09 15:53:49.284,2,-1.33,0.48,0.2,-29.132200000000005,-78.968,4.8614,175,75
2026-05-09 15:53:49.284,2,-0.96,0.29,0.24,-11.452200000000001,12.682,-3.7285999999999997,175,75
2026-05-09 15:53:49.295,2,-0.86,0.08,0.28,-14.802200000000003,63.05200000000001,25.1714,175,75
2026-05-09 15:53:49.309,2,-0.63,-0.33,0.43,-31.0922,67.862,58.5214,175,75
2026-05-09 15:53:49.335,2,-0.5,-0.55,0.57,-48.3422,30.732,75.8414,175,75
2026-05-09 15:53:49.346,2,-0.57,-1.04,0.59,-57.6122,-12.498000000000001,111.2714,175,75
2026-05-09 15:53:49.375,2,-0.81,-1.44,0.41,-41.2122,-97.49799999999999,163.7714,175,75
2026-05-09 15:53:49.375,2,-1.24,-1.45,0.19,-10.292200000000001,-120.85799999999999,119.56139999999999,175,75
2026-05-09 15:53:49.388,2,-1.64,-1.4,-0.03,22.3878,-122.748,34.0114,175,75
2026-05-09 15:53:49.398,2,-1.63,-1.41,-0.17,44.3978,-124.08800000000001,-49.4686,175,75
2026-05-09 15:53:49.409,2,-1.36,-1.45,-0.26,45.9878,-125.978,-74.4686,175,75
2026-05-09 15:53:49.409,2,-1.21,-1.53,-0.37,35.437799999999996,-117.438,-59.4686,175,75
2026-05-09 15:53:49.429,2,-1.2,-1.66,-0.53,20.9878,-49.02799999999999,-40.3786,175,75
2026-05-09 15:53:49.466,2,-1.24,-1.69,-0.61,16.407799999999998,30.972,-30.678600000000003,175,75
2026-05-09 15:53:49.466,2,-1.23,-1.57,-0.57,22.087799999999998,130.302,-20.8686,175,75
2026-05-09 15:53:49.490,2,-1.06,-1.03,-0.05,69.15780000000001,258.172,2.9114,175,75
2026-05-09 15:53:49.490,2,-0.91,-0.85,0.17,84.51780000000001,245.732,2.7914,175,75
2026-05-09 15:53:49.501,2,-0.81,-0.73,0.34,82.1478,157.922,-14.7686,175,75
2026-05-09 15:53:49.512,2,-0.75,-0.7,0.41,56.4778,54.572,-38.6686,175,75
2026-05-09 15:53:49.533,2,-0.71,-0.66,0.36,14.517800000000001,-22.558000000000003,-56.7186,175,75
2026-05-09 15:53:49.533,2,-0.63,-0.54,0.25,-33.5922,-73.968,-76.8386,175,75
2026-05-09 15:53:49.543,2,-0.58,-0.43,0.14,-59.4422,-91.218,-94.5886,175,75
2026-05-09 15:53:49.551,2,-0.59,-0.26,0.07,-73.28219999999999,-86.038,-113.2486,175,75
2026-05-09 15:53:49.558,2,-0.33,0.03,0.0,-59.2022,-44.818,-89.7086,175,75
2026-05-09 15:53:49.572,2,-0.45,0.45,0.0,-21.212200000000003,34.572,-14.2186,175,75
2026-05-09 15:53:49.582,2,-0.53,0.62,0.04,3.3678,82.742,3.2814,175,75
2026-05-09 15:53:49.596,2,-0.42,0.62,0.16,16.407799999999998,110.00200000000001,-12.9986,175,75
2026-05-09 15:53:49.609,2,-0.42,0.57,0.26,9.3378,112.622,-35.2586,175,75
2026-05-09 15:53:49.620,2,-0.41,0.64,0.36,-14.802200000000003,107.072,-49.098600000000005,175,75
2026-05-09 15:53:49.680,2,-0.32,1.1,0.41,-41.0922,26.102,-25.6186,175,75
2026-05-09 15:53:49.680,2,-0.29,1.03,0.49,-30.962200000000003,-0.9780000000000015,-15.2586,175,75
2026-05-09 15:53:49.680,2,-0.3,0.85,0.53,-28.712200000000003,-30.308000000000003,-9.2186,175,75
2026-05-09 15:53:49.692,2,-0.4,0.61,0.51,-43.8922,-98.598,-23.428600000000003,175,75
2026-05-09 15:53:49.703,2,-0.45,0.59,0.44,-45.9022,-123.41799999999999,-25.8686,175,75
2026-05-09 15:53:49.731,2,-0.54,0.46,0.38,-43.6522,-134.388,-17.0886,175,75
2026-05-09 15:53:49.776,2,-0.83,-1.36,0.25,-74.26219999999999,-134.268,101.3914,175,75
2026-05-09 15:53:49.787,2,-1.03,-1.67,0.17,-73.5222,-91.468,126.3314,175,75
2026-05-09 15:53:49.799,2,-1.39,-1.95,0.07,-61.5122,-26.038,129.0714,175,75
2026-05-09 15:53:49.809,2,-1.67,-2.15,0.06,-41.5122,27.622,107.8514,175,75
2026-05-09 15:53:49.822,2,-1.78,-2.35,0.21,-16.9422,65.002,54.5614,175,75
2026-05-09 15:53:49.834,2,-1.7,-2.47,0.42,-2.1822,67.562,-6.1686000000000005,175,75
2026-05-09 15:53:49.845,2,-1.62,-2.44,0.59,-2.1822,55.55200000000001,-44.708600000000004,175,75
2026-05-09 15:53:49.877,2,-1.56,-1.37,0.67,-12.3722,29.631999999999998,-135.1986,175,75
2026-05-09 15:53:49.889,2,-1.38,-1.0,0.64,0.19779999999999998,17.381999999999998,-146.5986,175,75
2026-05-09 15:53:49.902,2,-1.11,-0.59,0.6,24.767799999999998,-5.058,-152.2086,175,75
2026-05-09 15:53:49.926,2,-0.82,-0.0,0.46,66.5978,-47.988,-163.2486,175,75
2026-05-09 15:53:49.926,2,-0.83,0.24,0.36,76.7778,-64.99799999999999,-168.7286,175,75
2026-05-09 15:53:49.943,2,-0.49,0.49,0.28,77.5078,-62.068,-133.8586,175,75
2026-05-09 15:53:49.954,2,-0.41,0.83,0.19,70.43780000000001,-36.397999999999996,-17.148600000000002,175,75
2026-05-09 15:53:49.983,2,-0.39,0.28,0.42,-19.0122,101.58200000000001,94.8014,175,75
2026-05-09 15:53:49.995,2,-0.31,0.36,0.48,-20.962200000000003,55.122,27.0014,175,75
2026-05-09 15:53:50.007,2,-1.07,0.61,0.39,4.2177999999999995,75.062,-30.198600000000003,175,75
2026-05-09 15:53:50.022,2,-0.3,0.78,0.36,36.1678,30.852,-27.268600000000003,175,75
2026-05-09 15:53:50.032,2,-0.55,0.83,0.36,22.3878,25.852,37.1814,175,75
2026-05-09 15:53:50.042,2,-0.39,0.62,0.4,3.2977999999999996,7.0120000000000005,61.0214,175,75
2026-05-09 15:53:50.059,2,-0.01,0.26,0.49,-15.6022,-43.897999999999996,61.0814,175,75
2026-05-09 15:53:50.072,2,-0.33,0.1,0.48,-23.6522,-77.068,42.0014,175,75
2026-05-09 15:53:50.072,2,-0.42,0.08,0.37,-18.6522,-83.10799999999999,22.4914,175,75
2026-05-09 15:53:50.082,2,-0.49,0.18,0.26,-6.762200000000001,-90.118,2.7314000000000003,175,75
2026-05-09 15:53:50.095,2,-0.62,0.29,0.17,8.1778,-84.148,-11.2286,175,75
2026-05-09 15:53:50.105,2,-0.68,0.33,0.13,15.0078,-60.24799999999999,-6.7786,175,75
2026-05-09 15:53:50.122,2,-0.81,0.17,0.13,15.1978,-19.998,15.961400000000001,175,75
2026-05-09 15:53:50.133,2,-0.82,-0.07,0.14,11.7778,8.902,34.2514,175,75
2026-05-09 15:53:50.133,2,-0.77,-0.4,0.17,7.3877999999999995,11.282,53.9514,175,75
2026-05-09 15:53:50.168,2,-0.6,-1.76,0.22,-10.662199999999999,-0.9179999999999993,172.4214,175,75
2026-05-09 15:53:50.195,2,-1.46,-2.05,-0.05,24.8278,103.532,182.5514,175,75
2026-05-09 15:53:50.216,2,-1.82,-1.53,0.31,82.7578,155.06199999999998,-26.108600000000003,175,75
2026-05-09 15:53:50.232,2,-0.66,-1.35,0.85,61.0478,52.992000000000004,-105.9286,175,75
2026-05-09 15:53:50.245,2,-0.39,-1.3,0.87,23.907799999999998,-22.197999999999997,-94.5286,175,75
2026-05-09 15:53:50.257,2,-0.35,-1.09,0.65,-67.4922,-156.27800000000002,-24.768600000000003,175,75
2026-05-09 15:53:50.272,2,-0.56,-0.85,0.5,-88.28219999999999,-168.048,0.29139999999999994,175,75
2026-05-09 15:53:50.299,2,-1.26,0.06,0.18,-48.0422,-63.10799999999999,-88.6086,175,75
2026-05-09 15:53:50.300,2,-1.36,0.49,0.21,-11.392199999999999,9.142,-146.4186,175,75
2026-05-09 15:53:50.310,2,-0.87,1.36,0.35,45.7378,124.14200000000001,-202.2086,175,75
2026-05-09 15:53:50.322,2,-0.25,2.13,0.34,65.2578,246.34199999999998,-33.4886,175,75
2026-05-09 15:53:50.346,2,-1.16,1.99,0.45,82.62780000000001,262.622,-10.6886,175,75
2026-05-09 15:53:50.346,2,-0.59,1.13,0.88,22.447799999999997,127.072,65.6014,175,75
2026-05-09 15:53:50.370,2,1.24,0.35,1.3,-103.7722,-54.02799999999999,188.3414,175,75
2026-05-09 15:53:50.380,2,-1.42,0.1,1.14,-53.7122,-196.58800000000002,75.6614,175,75
2026-05-09 15:53:50.391,2,-1.07,0.11,0.7,-25.7222,-131.27800000000002,19.5014,175,75
2026-05-09 15:53:50.402,2,-1.11,0.3,0.49,-2.9822000000000006,-164.93800000000002,-32.1486,175,75
2026-05-09 15:53:50.414,2,-0.96,0.22,0.37,14.0978,-135.858,-48.0586,175,75
2026-05-09 15:53:50.428,2,-0.66,0.07,0.33,11.957799999999999,-95.728,12.4214,175,75
2026-05-09 15:53:50.439,2,-0.61,-0.22,0.28,2.8777999999999997,-67.198,103.6414,175,75
2026-05-09 15:53:50.452,2,-0.38,-0.68,0.32,-3.4022000000000006,-79.38799999999999,126.2714,175,75
2026-05-09 15:53:50.463,2,-0.58,-0.98,0.3,-5.0522,-82.49799999999999,131.2114,175,75
2026-05-09 15:53:50.479,2,-1.03,-1.54,-0.01,19.4578,6.8919999999999995,125.7214,175,75
2026-05-09 15:53:50.505,2,-1.43,-1.27,-0.23,77.8178,59.022000000000006,11.3914,175,75
2026-05-09 15:53:50.507,2,-1.27,-1.04,-0.14,100.37780000000001,39.141999999999996,-63.2486,175,75
2026-05-09 15:53:50.522,2,-1.02,-0.96,-0.15,86.65780000000001,-0.7880000000000003,-73.3086,175,75
2026-05-09 15:53:50.544,2,-0.89,-1.21,-0.45,30.3178,-43.658,-34.888600000000004,175,75
2026-05-09 15:53:50.555,2,-1.07,-1.51,-0.78,0.1277999999999997,32.132,-27.5786,175,75
2026-05-09 15:53:50.576,2,-1.25,-1.68,-1.05,-2.7322000000000006,163.292,-22.6386,175,75
2026-05-09 15:53:50.587,2,-1.39,-1.62,-1.08,12.3278,284.212,-12.7586,175,75
2026-05-09 15:53:50.598,2,-1.52,-0.98,-0.57,67.01780000000001,507.382,9.5614,175,75
2026-05-09 15:53:50.612,2,-1.38,-0.74,-0.18,82.62780000000001,580.432,22.6114,175,75
2026-05-09 15:53:50.626,2,-1.1,-0.66,0.15,86.5978,618.902,26.4514,175,75
2026-05-09 15:53:50.641,2,-0.83,-0.67,0.42,87.6978,615.732,18.031399999999998,175,75
2026-05-09 15:53:50.641,2,-0.59,-0.67,0.7,90.9278,549.692,-2.6986,175,75
2026-05-09 15:53:50.667,2,-0.53,-0.59,1.21,79.3378,300.42199999999997,-60.9286,175,75
2026-05-09 15:53:50.691,2,-0.28,-0.34,1.28,23.907799999999998,-6.527999999999999,-124.7686,175,75
2026-05-09 15:53:50.703,2,-0.19,-0.14,1.09,-7.852200000000001,-158.288,-135.9286,175,75
2026-05-09 15:53:50.714,2,0.05,0.2,0.78,-29.8722,-293.598,-64.5286,175,75
2026-05-09 15:53:50.726,2,-0.53,0.6,0.54,-31.392200000000003,-367.19800000000004,17.121399999999998,175,75
2026-05-09 15:53:50.737,2,-0.75,0.82,0.37,-27.0622,-388.108,35.6614,175,75
2026-05-09 15:53:50.737,2,-0.75,0.99,0.19,-20.1122,-400.178,27.551399999999997,175,75
2026-05-09 15:53:50.752,2,-0.84,0.95,0.18,-18.2222,-375.178,6.3313999999999995,175,75
2026-05-09 15:53:50.765,2,-0.91,0.89,-0.03,-27.732200000000002,-283.358,-21.7786,175,75
2026-05-09 15:53:50.768,2,-0.91,0.89,-0.19,-38.0422,-131.39800000000002,1.1414,175,75
2026-05-09 15:53:50.780,2,-0.79,0.87,-0.23,-45.0522,-17.008,8.8914,175,75
2026-05-09 15:53:50.794,2,-0.67,0.85,-0.03,-44.0122,103.842,-1.4786000000000001,175,75
2026-05-09 15:53:50.805,2,-0.48,0.83,0.17,-34.742200000000004,155.06199999999998,-10.3186,175,75
2026-05-09 15:53:50.818,2,-0.3,0.82,0.41,-19.2022,179.512,-28.178600000000003,175,75
2026-05-09 15:53:50.830,2,-0.26,0.74,0.61,-16.392200000000003,152.682,-41.2286,175,75
2026-05-09 15:53:50.842,2,-0.17,0.68,0.69,-25.842200000000002,92.86200000000001,-35.8686,175,75
2026-05-09 15:53:50.857,2,-0.26,0.56,0.79,-45.0522,-32.678,-11.288599999999999,175,75
2026-05-09 15:53:50.857,2,-0.34,0.27,0.76,-50.0522,-140.30800000000002,5.7214,175,75
2026-05-09 15:53:50.872,2,-0.39,-0.07,0.73,-60.0522,-214.328,22.851399999999998,175,75
2026-05-09 15:53:50.894,2,-0.45,-0.45,0.73,-72.67219999999999,-259.208,44.2514,175,75
2026-05-09 15:53:50.908,2,-0.63,-1.4,0.51,-116.09219999999999,-326.278,110.1714,175,75
2026-05-09 15:53:50.922,2,-1.17,-1.84,0.22,-109.20219999999999,-269.44800000000004,122.2414,175,75
2026-05-09 15:53:50.933,2,-1.61,-2.07,-0.04,-86.09219999999999,-192.678,99.0114,175,75
2026-05-09 15:53:50.943,2,-2.08,-2.15,-0.2,-42.3722,-97.74799999999999,33.7114,175,75
2026-05-09 15:53:50.954,2,-2.22,-1.91,-0.07,3.4878,-16.038,-47.208600000000004,175,75
2026-05-09 15:53:50.966,2,-1.7,-1.79,0.16,30.4378,19.512,-85.2586,175,75
2026-05-09 15:53:50.976,2,-1.3,-1.75,0.34,33.5478,22.012,-68.4886,175,75
2026-05-09 15:53:50.995,2,-1.1,-1.71,0.41,25.197799999999997,19.332,-38.1186,175,75
2026-05-09 15:53:51.006,2,-1.16,-1.42,0.42,6.347799999999999,31.162,-7.638600000000001,175,75
2026-05-09 15:53:51.032,2,-1.2,-0.93,0.47,20.0678,43.532,-63.7886,175,75
2026-05-09 15:53:51.044,2,-1.1,-0.55,0.49,28.787799999999997,28.112000000000002,-102.9986,175,75
2026-05-09 15:53:51.058,2,-1.0,-0.22,0.48,33.0578,0.3019999999999996,-135.1986,175,75
2026-05-09 15:53:51.069,2,-0.92,0.06,0.44,32.6978,-28.778000000000002,-157.9386,175,75
2026-05-09 15:53:51.080,2,-0.67,0.35,0.35,26.7178,-59.63799999999999,-169.4686,175,75
2026-05-09 15:53:51.106,2,-0.86,1.16,0.14,19.0978,-70.66799999999999,53.221399999999996,175,75
2026-05-09 15:53:51.119,2,-0.96,0.82,0.28,13.367799999999999,-23.358,77.6714,175,75
2026-05-09 15:53:51.143,2,-1.1,0.45,0.33,-17.1822,-3.3580000000000005,16.0814,175,75
2026-05-09 15:53:51.154,2,-0.58,0.57,0.28,-7.9822,9.022,-20.378600000000002,175,75
2026-05-09 15:53:51.164,2,-0.42,0.7,0.32,5.5578,-17.197999999999997,2.5514,175,75
2026-05-09 15:53:51.185,2,-0.45,0.67,0.3,7.0878,-38.837999999999994,39.6814,175,75
2026-05-09 15:53:51.185,2,-0.39,0.5,0.3,0.9877999999999998,-74.448,56.0214,175,75
2026-05-09 15:53:51.207,2,-0.46,0.27,0.3,-10.3522,-117.378,56.2714,175,75
2026-05-09 15:53:51.208,2,-0.58,0.15,0.24,-15.3522,-132.988,49.1314,175,75
2026-05-09 15:53:51.222,2,-0.68,0.05,0.15,-13.6522,-121.278,42.3014,175,75
2026-05-09 15:53:51.239,2,-0.7,-0.1,0.11,-10.112200000000001,-103.41799999999999,45.901399999999995,175,75
2026-05-09 15:53:51.264,2,-0.6,-0.67,0.23,-10.7822,-62.678,67.0014,175,75
2026-05-09 15:53:51.264,2,-0.53,-1.01,0.26,-22.982200000000002,-56.647999999999996,76.3314,175,75
2026-05-09 15:53:51.274,2,-0.52,-1.29,0.28,-28.2222,-55.488,94.31139999999999,175,75
2026-05-09 15:53:51.286,2,-0.64,-1.48,0.28,-27.1222,-49.087999999999994,107.3014,175,75
2026-05-09 15:53:51.303,2,-0.92,-1.56,0.2,-18.4022,-29.328,97.2414,175,75
2026-05-09 15:53:51.350,2,-1.55,-1.06,0.26,9.8278,72.862,-90.3786,175,75
2026-05-09 15:53:51.352,2,-1.28,-0.89,0.44,3.4878,102.19200000000001,-95.2586,175,75
2026-05-09 15:53:51.371,2,-0.95,-0.78,0.63,-13.522200000000002,119.822,-70.7486,175,75
2026-05-09 15:53:51.395,2,-0.41,-0.81,1.0,-47.6122,91.282,-20.0086,175,75
2026-05-09 15:53:51.423,2,-0.41,-0.49,1.2,-41.632200000000005,-57.678,-53.3086,175,75
2026-05-09 15:53:51.445,2,-0.39,0.4,0.83,-27.1222,-81.88799999999999,-100.8686,175,75
2026-05-09 15:53:51.459,2,-0.26,0.87,0.73,-9.7422,-52.678,-59.2186,175,75
2026-05-09 15:53:51.472,2,-0.36,1.41,0.37,58.9078,-68.478,-17.7586,175,75
2026-05-09 15:53:51.483,2,-0.31,0.9,0.24,61.8378,-116.82799999999999,4.501399999999999,175,75
2026-05-09 15:53:51.495,2,-0.42,0.48,0.15,32.7578,-168.358,30.1714,175,75
2026-05-09 15:53:51.510,2,-0.57,0.23,0.06,-0.9022000000000001,-190.24800000000002,29.2514,175,75
2026-05-09 15:53:51.510,2,-1.0,0.06,-0.06,-27.552200000000003,-140.178,-13.368599999999999,175,75
2026-05-09 15:53:51.520,2,-1.57,0.01,-0.28,-43.4622,-3.1080000000000005,-57.2686,175,75
2026-05-09 15:53:51.540,2,-1.59,0.11,-0.39,-32.1822,170.612,-60.3186,175,75
2026-05-09 15:53:51.557,2,-1.14,-0.01,-0.01,12.9378,362.132,6.3914,175,75
2026-05-09 15:53:51.568,2,-0.9,-0.35,0.1,15.497799999999998,352.86199999999997,39.0714,175,75
2026-05-09 15:53:51.599,2,-0.92,-1.11,0.05,0.8677999999999999,186.832,109.8614,175,75
2026-05-09 15:53:51.609,2,-1.1,-1.33,-0.1,-1.1522000000000006,150.91199999999998,120.4114,175,75
2026-05-09 15:53:51.609,2,-1.32,-1.43,-0.32,5.437799999999999,148.472,99.31139999999999,175,75
2026-05-09 15:53:51.620,2,-1.52,-1.49,-0.52,25.5578,185.91199999999998,45.6614,175,75
2026-05-09 15:53:51.635,2,-1.48,-1.42,-0.54,47.3878,241.28199999999998,-0.4386000000000001,175,75
2026-05-09 15:53:51.648,2,-1.05,-1.16,-0.33,73.7278,306.952,-30.4386,175,75
2026-05-09 15:53:51.661,2,-0.75,-1.05,-0.06,86.8378,329.822,-15.9886,175,75
2026-05-09 15:53:51.661,2,-0.38,-1.21,0.1,86.10780000000001,322.74199999999996,24.9914,175,75
2026-05-09 15:53:51.682,2,-0.17,-1.36,0.26,80.49780000000001,259.942,84.9214,175,75
2026-05-09 15:53:51.696,2,-0.27,-1.57,0.37,66.2278,163.53199999999998,138.5814,175,75
2026-05-09 15:53:51.719,2,-0.83,-1.8,0.41,32.5678,27.862000000000002,104.7414,175,75
2026-05-09 15:53:51.719,2,-0.98,-1.76,0.32,17.8178,-17.008,27.0614,175,75
2026-05-09 15:53:51.733,2,-0.92,-1.57,0.26,7.5078,-51.468,-39.4686,175,75
2026-05-09 15:53:51.746,2,-0.75,-1.23,0.22,-2.7922000000000002,-80.788,-90.8086,175,75
2026-05-09 15:53:51.753,2,-0.58,-0.83,0.18,-12.5522,-109.63799999999999,-118.8586,175,75
2026-05-09 15:53:51.779,2,-0.46,-0.49,0.16,-17.732200000000002,-129.638,-126.5386,175,75
2026-05-09 15:53:51.804,2,-0.4,0.38,0.07,18.3678,-55.548,69.1314,175,75
2026-05-09 15:53:51.851,2,-0.26,0.33,0.29,-22.732200000000002,-73.598,-29.948600000000003,175,75
2026-05-09 15:53:51.881,2,-0.25,0.78,0.14,-20.842200000000002,-107.92799999999998,-24.8886,175,75
2026-05-09 15:53:51.881,2,-0.28,0.99,0.01,-17.1222,-114.38799999999999,-13.0586,175,75
2026-05-09 15:53:51.895,2,-0.34,1.11,-0.05,-9.502200000000002,-98.898,-6.8986,175,75
2026-05-09 15:53:51.909,2,-0.43,1.03,-0.04,-15.052200000000003,-58.288,-7.5086,175,75
2026-05-09 15:53:51.910,2,-0.44,0.87,-0.02,-24.5622,-9.937999999999999,-6.288600000000001,175,75
2026-05-09 15:53:51.920,2,-0.4,0.73,0.07,-27.982200000000002,29.082,-9.3386,175,75
2026-05-09 15:53:51.933,2,-0.36,0.65,0.19,-23.6522,39.942,-14.7686,175,75
2026-05-09 15:53:51.953,2,-0.37,0.24,0.44,-38.2222,10.911999999999999,-19.2786,175,75
2026-05-09 15:53:51.975,2,-0.4,-0.06,0.52,-55.8422,-29.087999999999997,-12.8186,175,75
2026-05-09 15:53:51.975,2,-0.41,-0.42,0.61,-68.0422,-88.968,4.501399999999999,175,75
2026-05-09 15:53:51.988,2,-0.52,-0.68,0.68,-84.0722,-151.888,21.941399999999998,175,75
2026-05-09 15:53:52.013,2,-0.73,-1.19,0.52,-100.4122,-243.71800000000002,72.5514,175,75
2026-05-09 15:53:52.013,2,-1.06,-1.37,0.37,-105.11219999999999,-255.978,74.2514,175,75
2026-05-09 15:53:52.030,2,-1.39,-1.54,0.22,-106.0222,-228.288,53.3414,175,75
2026-05-09 15:53:52.095,2,-1.27,-1.58,0.39,6.4778,48.172,17.4214,175,75
2026-05-09 15:53:52.100,2,-1.16,-1.64,0.6,17.6978,39.572,26.141399999999997,175,75
2026-05-09 15:53:52.112,2,-1.18,-1.5,0.64,13.607800000000001,18.052,-7.638600000000001,175,75
2026-05-09 15:53:52.132,2,-1.14,-1.18,0.66,8.2378,-10.178,-53.0586,175,75
2026-05-09 15:53:52.146,2,-1.07,-0.83,0.61,7.9378,-34.757999999999996,-84.3386,175,75
2026-05-09 15:53:52.209,2,-0.59,0.49,0.14,30.0678,21.462,43.4614,175,75
2026-05-09 15:53:52.222,2,-1.0,0.48,0.12,34.9478,76.402,-6.2286,175,75
2026-05-09 15:53:52.271,2,-0.71,0.86,0.21,37.9978,170.91199999999998,32.611399999999996,175,75
2026-05-09 15:53:52.271,2,-0.54,0.61,0.32,21.537799999999997,147.992,44.0714,175,75
2026-05-09 15:53:52.282,2,-0.46,0.41,0.39,5.6178,114.572,53.401399999999995,175,75
2026-05-09 15:53:52.301,2,-0.41,0.24,0.45,-7.9822,60.852000000000004,55.7814,175,75
2026-05-09 15:53:52.354,2,-0.8,0.11,0.16,4.6478,-48.16799999999999,50.8414,175,75
2026-05-09 15:53:52.371,2,-0.69,-0.36,0.16,12.207799999999999,-37.928,77.4914,175,75
2026-05-09 15:53:52.383,2,-0.52,-0.79,0.19,8.547799999999999,-67.868,84.1314,175,75
2026-05-09 15:53:52.395,2,-0.51,-1.12,0.14,4.8877999999999995,-92.49799999999999,90.2314,175,75
2026-05-09 15:53:52.395,2,-0.68,-1.29,0.06,-1.1522000000000006,-98.228,88.8914,175,75
2026-05-09 15:53:52.445,2,-1.22,-0.92,0.13,-19.5622,66.582,-11.8386,175,75
2026-05-09 15:53:52.488,2,-0.61,-1.19,0.43,-34.8722,4.692,46.6314,175,75
2026-05-09 15:53:52.499,2,-0.76,-1.22,0.41,-46.5722,-27.378000000000004,45.111399999999996,175,75
2026-05-09 15:53:52.511,2,-1.11,-1.02,0.28,-64.01219999999999,-10.308000000000003,-22.148600000000002,175,75
2026-05-09 15:53:52.512,2,-1.06,-0.81,0.28,-62.302200000000006,22.322,-49.1586,175,75
2026-05-09 15:53:52.522,2,-0.98,-0.57,0.29,-56.7622,48.962,-61.2886,175,75
2026-05-09 15:53:52.551,2,-0.74,0.26,0.39,-25.7822,128.352,-68.0586,175,75
2026-05-09 15:53:52.564,2,-0.69,0.9,0.35,-8.6522,182.13199999999998,-22.0286,175,75
2026-05-09 15:53:52.575,2,-0.78,1.33,0.3,2.2077999999999998,201.28199999999998,0.29139999999999994,175,75
2026-05-09 15:53:52.597,2,-0.43,1.19,0.54,8.0578,163.78199999999998,33.1014,175,75
2026-05-09 15:53:52.620,2,-0.41,0.2,0.61,-49.0722,27.252,55.4114,175,75
2026-05-09 15:53:52.632,2,-0.69,0.0,0.55,-60.7822,-10.058000000000003,47.3014,175,75
2026-05-09 15:53:52.632,2,-0.76,-0.13,0.14,-55.9622,-23.418000000000003,30.6614,175,75
2026-05-09 15:53:52.648,2,-1.01,-0.11,0.36,-45.9022,-7.257999999999999,20.4714,175,75
2026-05-09 15:53:52.683,2,-0.64,-0.45,0.32,0.8677999999999999,-27.068,26.0814,175,75
2026-05-09 15:53:52.696,2,-0.61,-0.61,0.3,8.6678,-55.66799999999999,44.5614,175,75
2026-05-09 15:53:52.710,2,-0.56,-0.86,0.25,16.1678,-89.818,72.5514,175,75
2026-05-09 15:53:52.710,2,-0.64,-1.08,0.12,24.6478,-120.17799999999998,96.6314,175,75
2026-05-09 15:53:52.736,2,-1.34,-1.0,-0.31,47.3878,-98.968,36.6314,175,75
2026-05-09 15:53:52.746,2,-1.43,-0.84,-0.41,54.1578,-73.838,-12.8186,175,75
2026-05-09 15:53:52.780,2,-0.59,-1.07,-0.32,37.2678,-1.708000000000002,52.1814,175,75
2026-05-09 15:53:52.798,2,-0.78,-1.19,-0.41,43.367799999999995,14.332,81.0214,175,75
2026-05-09 15:53:52.801,2,-1.01,-1.31,-0.5,51.6578,37.562,76.0814,175,75
2026-05-09 15:53:52.825,2,-1.2,-1.38,-0.48,55.6778,73.292,43.3414,175,75
2026-05-09 15:53:52.836,2,-1.27,-1.33,-0.38,53.117799999999995,114.572,-3.0585999999999998,175,75
2026-05-09 15:53:52.847,2,-1.15,-1.16,-0.23,49.4578,142.932,-41.8386,175,75
2026-05-09 15:53:52.862,2,-0.99,-0.95,-0.16,47.2678,142.382,-60.0086,175,75
2026-05-09 15:53:52.862,2,-0.85,-0.68,-0.11,43.7878,119.75200000000001,-71.5986,175,75
2026-05-09 15:53:52.884,2,-0.42,-0.28,-0.01,29.8878,71.222,-55.5586,175,75
2026-05-09 15:53:52.895,2,-0.41,-0.08,0.01,22.3878,69.392,-16.0486,175,75
2026-05-09 15:53:52.905,2,-0.5,0.07,0.06,20.3778,76.402,-0.8686000000000001,175,75
2026-05-09 15:53:52.929,2,-0.42,0.15,0.19,17.8178,64.822,-24.038600000000002,175,75
2026-05-09 15:53:52.937,2,-0.43,0.29,0.2,10.0678,37.501999999999995,-28.608600000000003,175,75
2026-05-09 15:53:52.952,2,-0.46,0.54,0.18,-1.4522000000000004,8.602,-33.3086,175,75
2026-05-09 15:53:52.963,2,-0.48,0.76,0.15,-14.072200000000002,0.24200000000000088,-32.208600000000004,175,75
2026-05-09 15:53:52.987,2,-0.58,0.96,0.16,-17.6122,13.411999999999999,-25.3186,175,75
2026-05-09 15:53:52.987,2,-0.58,1.01,0.19,-19.3822,27.012,-21.5986,175,75
2026-05-09 15:53:53.001,2,-0.52,0.95,0.28,-23.7722,39.572,-16.718600000000002,175,75
2026-05-09 15:53:53.013,2,-0.45,0.86,0.36,-29.742200000000004,38.842,-14.3986,175,75
2026-05-09 15:53:53.035,2,-0.37,0.72,0.47,-38.5922,-15.117999999999999,-17.0886,175,75
2026-05-09 15:53:53.046,2,-0.36,0.67,0.46,-35.2922,-66.648,-16.358600000000003,175,75
2026-05-09 15:53:53.058,2,-0.38,0.55,0.42,-32.7322,-115.36800000000001,-12.5786,175,75
2026-05-09 15:53:53.079,2,-0.53,0.25,0.3,-41.2722,-158.71800000000002,-7.208600000000001,175,75
2026-05-09 15:53:53.120,2,-0.59,0.04,0.28,-43.8922,-157.74800000000002,-1.8386,175,75
2026-05-09 15:53:53.132,2,-0.61,-0.77,0.21,-46.5122,-135.36800000000002,15.2314,175,75
2026-05-09 15:53:53.143,2,-0.67,-1.14,0.19,-47.5522,-132.37800000000001,35.721399999999996,175,75
2026-05-09 15:53:53.155,2,-1.16,-1.62,-0.01,-41.9422,-119.818,73.4614,175,75
2026-05-09 15:53:53.166,2,-1.96,-1.73,-0.27,-22.1222,-25.248,-1.7186,175,75
2026-05-09 15:53:53.176,2,-1.93,-1.73,-0.23,-10.232199999999999,31.832,-51.5386,175,75
2026-05-09 15:53:53.199,2,-1.61,-1.75,-0.11,-1.2122000000000002,75.672,-65.9286,175,75
2026-05-09 15:53:53.211,2,-1.37,-1.67,0.02,7.7578,106.462,-42.4486,175,75
2026-05-09 15:53:53.211,2,-1.35,-1.49,0.12,16.9578,125.00200000000001,-18.9786,175,75
2026-05-09 15:53:53.236,2,-1.33,-1.35,0.21,25.927799999999998,128.472,-17.6386,175,75
2026-05-09 15:53:53.248,2,-1.3,-1.26,0.29,30.5578,122.86200000000001,-21.1686,175,75
2026-05-09 15:53:53.262,2,-1.18,-1.08,0.4,30.6178,102.682,-28.9186,175,75
2026-05-09 15:53:53.313,2,-0.86,-0.63,0.45,15.5578,14.271999999999998,-61.2886,175,75
2026-05-09 15:53:53.313,2,-0.81,-0.42,0.44,7.267799999999999,-22.868,-76.5386,175,75
2026-05-09 15:53:53.334,2,-0.77,-0.12,0.4,-3.4622,-47.988,-98.1186,175,75
2026-05-09 15:53:53.334,2,-0.6,0.07,0.4,-8.772200000000002,-44.38799999999999,-94.8886,175,75
2026-05-09 15:53:53.369,2,-0.64,0.59,0.36,-3.1622000000000003,22.802,33.3414,175,75
2026-05-09 15:53:53.369,2,-0.55,0.54,0.44,3.7878,37.251999999999995,42.0614,175,75
2026-05-09 15:53:53.369,2,-0.48,0.34,0.54,3.5477999999999996,19.332,13.5214,175,75
2026-05-09 15:53:53.379,2,-0.62,0.34,0.53,-3.8322000000000003,-0.36799999999999855,-10.0786,175,75
2026-05-09 15:53:53.408,2,-0.61,0.78,0.33,-2.6722,-48.048,-11.2286,175,75
2026-05-09 15:53:53.460,2,-0.36,0.17,0.41,3.9078,-3.4780000000000015,38.7714,175,75
2026-05-09 15:53:53.486,2,-0.35,0.01,0.38,6.2278,-35.918000000000006,20.2914,175,75
2026-05-09 15:53:53.502,2,-0.41,-0.01,0.36,13.7878,-63.35799999999999,4.251399999999999,175,75
2026-05-09 15:53:53.502,2,-0.52,0.06,0.26,21.0478,-82.55799999999999,-3.9186,175,75
2026-05-09 15:53:53.530,2,-0.67,-0.03,0.16,24.4578,-98.41799999999999,8.4614,175,75
2026-05-09 15:53:53.530,2,-0.73,-0.21,0.13,24.157799999999998,-103.16799999999999,21.141399999999997,175,75
2026-05-09 15:53:53.556,2,-0.68,-0.67,0.12,20.5578,-100.548,40.3514,175,75
2026-05-09 15:53:53.569,2,-0.74,-1.02,0.1,16.1678,-82.008,49.4414,175,75
2026-05-09 15:53:53.581,2,-0.82,-1.42,-0.05,22.3878,-52.617999999999995,74.6814,175,75
2026-05-09 15:53:53.606,2,-1.49,-1.52,-0.35,62.2078,15.732,60.4114,175,75
2026-05-09 15:53:53.666,2,-1.32,-1.02,0.24,67.0878,231.402,-53.3086,175,75
2026-05-09 15:53:53.666,2,-1.05,-0.89,0.4,53.1778,225.12199999999999,-39.6486,175,75
2026-05-09 15:53:53.677,2,-0.72,-0.88,0.56,26.0478,170.612,-20.4386,175,75
2026-05-09 15:53:53.700,2,-0.68,-0.79,0.69,-45.8422,36.522,-6.288600000000001,175,75
2026-05-09 15:53:53.734,2,-1.08,0.04,0.47,-84.3222,3.3520000000000003,-99.4686,175,75
2026-05-09 15:53:53.761,2,-0.95,0.4,0.39,-70.9022,8.411999999999999,-134.1586,175,75
2026-05-09 15:53:53.821,2,0.02,0.82,0.35,-2.7322000000000006,17.502,81.5114,175,75
2026-05-09 15:53:53.821,2,-0.29,0.42,0.35,-19.4422,-37.928,57.2414,175,75
2026-05-09 15:53:53.833,2,-0.45,0.29,0.12,-28.4022,-13.168000000000003,-13.8586,175,75
2026-05-09 15:53:53.863,2,-0.76,0.26,0.1,-14.2622,81.892,-15.4386,175,75
2026-05-09 15:53:53.881,2,-0.87,0.06,0.19,-19.802200000000003,115.302,-4.0986,175,75
2026-05-09 15:53:53.903,2,-0.34,-0.86,0.39,-52.1822,-62.80799999999999,47.8514,175,75
2026-05-09 15:53:53.918,2,-0.36,-1.27,0.17,-57.3022,-141.768,54.5014,175,75
2026-05-09 15:53:53.941,2,-0.56,-1.32,0.0,-44.132200000000005,-145.548,43.5814,175,75
2026-05-09 15:53:53.951,2,-0.84,-0.84,-0.22,48.5478,-91.708,-42.2686,175,75
2026-05-09 15:53:53.979,2,-0.71,-0.95,-0.23,55.9278,-109.698,-21.108600000000003,175,75
2026-05-09 15:53:53.992,2,-0.68,-1.14,-0.31,51.7178,-116.70799999999998,9.5614,175,75
2026-05-09 15:53:54.003,2,-0.75,-1.29,-0.45,46.5978,-103.288,16.3914,175,75
2026-05-09 15:53:54.014,2,-0.88,-1.42,-0.56,41.7778,-70.30799999999999,3.8914,175,75
2026-05-09 15:53:54.014,2,-1.06,-1.47,-0.62,35.1278,-9.937999999999999,-21.898600000000002,175,75
2026-05-09 15:53:54.028,2,-1.16,-1.26,-0.53,27.9378,65.002,-58.4886,175,75
2026-05-09 15:53:54.043,2,-0.97,-0.74,-0.19,28.3678,126.83200000000001,-91.4186,175,75
2026-05-09 15:53:54.086,2,-0.51,-0.21,0.06,28.5478,54.751999999999995,-27.3286,175,75
2026-05-09 15:53:54.097,2,-0.56,-0.2,0.07,14.0378,28.962,-6.8986,175,75
2026-05-09 15:53:54.110,2,-0.65,-0.14,0.05,-1.8222000000000005,29.881999999999998,-26.8386,175,75
2026-05-09 15:53:54.168,2,-0.49,0.61,0.18,-9.682200000000002,53.412,-40.138600000000004,175,75
2026-05-09 15:53:54.190,2,-0.42,0.81,0.21,-14.7422,44.332,-26.0486,175,75
2026-05-09 15:53:54.200,2,-0.45,0.86,0.3,-17.552200000000003,21.892,-27.268600000000003,175,75
2026-05-09 15:53:54.227,2,-0.5,0.74,0.38,-17.6722,1.3419999999999987,-22.8186,175,75
2026-05-09 15:53:54.251,2,-0.52,0.6,0.42,-20.5422,-15.248000000000001,-20.3186,175,75
2026-05-09 15:53:54.267,2,-0.5,0.33,0.45,-29.8722,-51.708,-10.198599999999999,175,75
2026-05-09 15:53:54.278,2,-0.49,0.02,0.48,-42.0022,-94.698,1.6913999999999998,175,75
2026-05-09 15:53:54.278,2,-0.45,-0.31,0.49,-53.2822,-138.418,15.1114,175,75
2026-05-09 15:53:54.291,2,-0.53,-0.5,0.56,-63.5922,-180.858,28.7714,175,75
2026-05-09 15:53:54.291,2,-0.58,-0.88,0.37,-70.5422,-208.288,46.4514,175,75
2026-05-09 15:53:54.324,2,-0.85,-1.2,0.16,-74.87219999999999,-211.15800000000002,65.4114,175,75
2026-05-09 15:53:54.338,2,-1.51,-1.54,-0.21,-54.992200000000004,-62.928,22.851399999999998,175,75
2026-05-09 15:53:54.410,2,-1.27,-1.37,-0.04,13.0578,94.632,-19.3386,175,75
2026-05-09 15:53:54.410,2,-1.0,-1.34,0.17,46.2278,109.272,0.051399999999999946,175,75
2026-05-09 15:53:54.470,2,-1.1,-1.73,0.22,27.3878,40.972,16.8814,175,75
2026-05-09 15:53:54.481,2,-1.0,-1.11,0.19,23.2378,36.641999999999996,-89.2786,175,75
2026-05-09 15:53:54.492,2,-0.22,0.18,0.26,13.727799999999998,40.122,-104.8886,175,75
2026-05-09 15:53:54.503,2,-0.33,0.5,0.22,11.047799999999999,80.062,-2.9986,175,75
2026-05-09 15:53:54.545,2,-0.34,0.67,0.37,-3.7122,-52.49799999999999,-19.2786,175,75
2026-05-09 15:53:54.555,2,-0.44,1.08,0.24,12.3278,-77.678,27.551399999999997,175,75
2026-05-09 15:53:54.582,2,-0.28,0.56,0.23,0.8677999999999999,-66.27799999999999,40.7814,175,75
2026-05-09 15:53:54.599,2,-0.24,0.26,0.25,-10.7822,-56.708,34.1914,175,75
2026-05-09 15:53:54.612,2,-0.23,-0.04,0.25,-7.2421999999999995,-75.978,12.551400000000001,175,75
2026-05-09 15:53:54.626,2,-0.31,-0.11,0.25,-0.9622000000000002,-97.198,8.1014,175,75
2026-05-09 15:53:54.626,2,-0.4,-0.19,0.22,-0.23220000000000018,-121.468,9.9914,175,75
2026-05-09 15:53:54.648,2,-0.47,-0.48,0.16,-11.2122,-149.758,27.551399999999997,175,75
2026-05-09 15:53:54.658,2,-0.45,-0.75,0.13,-17.4922,-154.02800000000002,37.9114,175,75
2026-05-09 15:53:54.658,2,-0.41,-1.03,-0.0,-24.6222,-147.86800000000002,44.4414,175,75
2026-05-09 15:53:54.672,2,-0.52,-1.32,0.0,-24.1322,-118.41799999999999,50.901399999999995,175,75
2026-05-09 15:53:54.682,2,-0.72,-1.41,-0.08,-8.7122,-73.228,52.6714,175,75
2026-05-09 15:53:54.682,2,-1.02,-1.25,-0.09,14.2778,-28.538,34.6814,175,75
2026-05-09 15:53:54.704,2,-1.19,-0.97,0.14,49.6478,24.392,-23.9186,175,75
2026-05-09 15:53:54.714,2,-0.95,-1.1,0.33,43.5478,20.852,-18.9786,175,75
2026-05-09 15:53:54.714,2,-0.8,-1.28,0.36,22.697799999999997,-11.648,5.961399999999999,175,75
2026-05-09 15:53:54.726,2,-0.89,-1.35,0.28,-5.9022,-52.378,21.6314,175,75
2026-05-09 15:53:54.739,2,-1.36,-1.11,0.09,-31.022199999999998,35.001999999999995,-46.5386,175,75
2026-05-09 15:53:54.768,2,-1.15,-0.46,0.32,-7.9121999999999995,174.142,-84.1586,175,75
2026-05-09 15:53:54.768,2,-1.1,-0.16,0.46,4.767799999999999,216.772,-82.0286,175,75
2026-05-09 15:53:54.779,2,-1.1,0.06,0.57,13.547799999999999,247.922,-84.2186,175,75
2026-05-09 15:53:54.804,2,-0.53,0.91,0.84,-4.0722000000000005,215.91199999999998,1.2713999999999999,175,75
2026-05-09 15:53:54.842,2,-0.68,0.84,0.74,-17.7922,-10.918000000000003,43.8914,175,75
2026-05-09 15:53:54.848,2,-0.74,0.57,0.55,-27.982200000000002,-68.048,55.2314,175,75
2026-05-09 15:53:54.861,2,-0.79,0.33,0.38,-46.7622,-93.538,72.06139999999999,175,75
2026-05-09 15:53:54.875,2,-0.92,0.32,0.29,-48.7122,-39.328,55.0514,175,75
2026-05-09 15:53:54.887,2,-1.12,0.56,0.04,-25.052200000000003,81.162,11.5114,175,75
2026-05-09 15:53:54.904,2,-1.01,0.63,0.01,-2.3722000000000003,136.402,21.691399999999998,175,75
2026-05-09 15:53:54.941,2,-0.42,-0.27,0.23,-29.322200000000002,139.822,126.3314,175,75
2026-05-09 15:53:54.972,2,-0.66,-1.69,-0.11,-18.462200000000003,6.522,177.1214,175,75
2026-05-09 15:53:54.983,2,-1.17,-1.7,-0.5,19.2178,-5.178000000000001,127.6114,175,75
2026-05-09 15:53:54.993,2,-1.48,-1.43,-0.74,53.117799999999995,24.942,13.5814,175,75
2026-05-09 15:53:55.004,2,-1.16,-1.24,-0.72,64.3978,62.622,-51.778600000000004,175,75
2026-05-09 15:53:55.019,2,-0.0,-1.36,-0.31,55.4978,142.742,0.5314,175,75
2026-05-09 15:53:55.040,2,-0.01,-1.69,-0.15,49.3378,210.422,173.9514,175,75
2026-05-09 15:53:55.053,2,0.14,-2.11,-0.03,60.867799999999995,227.072,251.2114,175,75
2026-05-09 15:53:55.053,2,-0.14,-2.32,0.13,83.1778,207.992,282.8514,175,75
2026-05-09 15:53:55.076,2,-0.85,-1.84,0.37,114.3378,19.082,54.5014,175,75
2026-05-09 15:53:55.087,2,-0.64,-1.55,0.49,93.0578,-103.77799999999999,-105.0086,175,75
2026-05-09 15:53:55.111,2,-0.09,-0.7,0.22,18.907799999999998,-219.578,-210.7486,175,75
2026-05-09 15:53:55.122,2,1.07,-0.21,-0.12,-8.1022,-253.89800000000002,-147.9386,175,75
2026-05-09 15:53:55.132,2,-0.26,0.75,-0.25,25.3178,-134.698,115.1114,175,75
2026-05-09 15:53:55.160,2,-0.69,0.5,-0.32,57.1478,48.902,53.401399999999995,175,75
2026-05-09 15:53:55.190,2,0.16,-0.43,0.18,58.9778,151.832,-12.9986,175,75
2026-05-09 15:53:55.190,2,-0.1,-0.17,0.42,25.8678,127.86200000000001,-20.4986,175,75
2026-05-09 15:53:55.202,2,-0.24,0.25,0.42,6.5378,87.322,-64.0986,175,75
2026-05-09 15:53:55.214,2,-0.13,0.96,0.16,4.8278,41.712,-41.2886,175,75
2026-05-09 15:53:55.225,2,-0.39,1.27,0.03,16.1078,61.102000000000004,-8.9186,175,75
2026-05-09 15:53:55.250,2,-0.39,0.81,0.24,25.0678,191.402,-28.308600000000002,175,75
2026-05-09 15:53:55.261,2,-0.31,0.65,0.39,21.2278,219.022,-36.5386,175,75
2026-05-09 15:53:55.261,2,-0.3,0.57,0.55,22.3878,227.62199999999999,-51.9686,175,75
2026-05-09 15:53:55.294,2,-0.15,0.58,0.68,22.1478,112.382,-60.2586,175,75
2026-05-09 15:53:55.305,2,-0.21,0.63,0.65,14.767800000000001,26.222,-47.5086,175,75
2026-05-09 15:53:55.316,2,-0.37,0.6,0.5,2.0877999999999997,-84.38799999999999,-27.9986,175,75
2026-05-09 15:53:55.326,2,-0.52,0.41,0.33,-13.2822,-151.39800000000002,-3.5486,175,75
2026-05-09 15:53:55.346,2,-0.58,-0.38,0.14,-31.5122,-188.228,34.0114,175,75
2026-05-09 15:53:55.356,2,-0.85,-0.78,0.06,-33.6522,-129.02800000000002,20.351399999999998,175,75
2026-05-09 15:53:55.366,2,-0.89,-1.18,-0.1,-33.4022,-63.477999999999994,28.8314,175,75
2026-05-09 15:53:55.410,2,-1.55,-1.74,-0.33,2.7577999999999996,45.122,86.3314,175,75
2026-05-09 15:53:55.431,2,-1.78,-1.75,-0.32,17.2078,90.61200000000001,53.2814,175,75
2026-05-09 15:53:55.431,2,-1.71,-1.86,-0.24,23.9778,117.382,15.1714,175,75
2026-05-09 15:53:55.446,2,-1.47,-2.05,-0.09,24.8878,135.732,3.5814,175,75
2026-05-09 15:53:55.464,2,-1.35,-2.29,0.06,20.5578,183.172,45.7814,175,75
2026-05-09 15:53:55.464,2,-1.46,-2.24,0.12,27.3278,219.63199999999998,48.8914,175,75
2026-05-09 15:53:55.482,2,-1.48,-2.03,0.24,41.6578,247.50199999999998,21.2714,175,75
2026-05-09 15:53:55.515,2,-0.74,-0.87,0.76,61.8378,172.742,-98.3086,175,75
2026-05-09 15:53:55.526,2,-0.58,-0.49,0.77,55.0678,133.602,-122.9986,175,75
2026-05-09 15:53:55.542,2,-0.06,0.45,0.54,50.4978,33.412,-171.9686,175,75
2026-05-09 15:53:55.563,2,-0.9,1.41,0.12,65.79780000000001,24.392,36.6314,175,75
2026-05-09 15:53:55.595,2,-0.86,0.23,0.19,-11.3322,8.411999999999999,29.621399999999998,175,75
2026-05-09 15:53:55.639,2,-0.45,0.42,-0.06,17.0178,118.052,9.4414,175,75
2026-05-09 15:53:55.656,2,-0.44,0.29,0.05,23.2978,170.362,29.7414,175,75
2026-05-09 15:53:55.656,2,-0.37,0.11,0.19,18.9778,204.822,24.5614,175,75
2026-05-09 15:53:55.667,2,-0.26,-0.04,0.32,9.0978,210.552,13.951400000000001,175,75
2026-05-09 15:53:55.681,2,-0.11,0.01,0.5,-11.092200000000002,129.572,-7.5086,175,75
2026-05-09 15:53:55.694,2,-0.09,0.39,0.37,-4.5622,0.6720000000000006,3.5814,175,75
2026-05-09 15:53:55.712,2,-0.15,0.46,0.24,-1.8822,-52.068,28.101399999999998,175,75
2026-05-09 15:53:55.717,2,-0.28,0.36,0.14,-4.9322,-83.228,48.221399999999996,175,75
2026-05-09 15:53:55.732,2,-0.39,0.07,0.07,-10.1722,-98.048,60.2314,175,75
2026-05-09 15:53:55.744,2,-0.43,-0.41,0.05,-13.8322,-78.41799999999999,60.901399999999995,175,75
2026-05-09 15:53:55.755,2,-0.33,-0.84,0.07,-12.5522,-42.617999999999995,56.5714,175,75
2026-05-09 15:53:55.755,2,-0.05,-1.35,0.1,-12.182200000000002,-16.708000000000002,60.6014,175,75
2026-05-09 15:53:55.768,2,-0.04,-1.74,0.08,-11.3322,-27.618,86.81139999999999,175,75
2026-05-09 15:53:55.782,2,-0.47,-1.95,-0.07,-17.912200000000002,-46.94799999999999,134.2514,175,75
2026-05-09 15:53:55.797,2,-1.12,-1.72,-0.23,-11.2122,-29.998,123.2814,175,75
2026-05-09 15:53:55.808,2,-1.78,-1.35,-0.33,-6.092200000000001,28.532,31.4514,175,75
2026-05-09 15:53:55.826,2,-1.71,-1.13,-0.17,-4.1322,97.382,-52.5086,175,75
2026-05-09 15:53:55.855,2,-0.62,-0.91,0.41,1.5377999999999998,180.552,-66.3586,175,75
2026-05-09 15:53:55.855,2,-0.37,-0.97,0.62,-0.29220000000000024,192.25199999999998,-19.948600000000003,175,75
2026-05-09 15:53:55.866,2,-0.21,-1.05,0.71,-9.0122,163.35199999999998,38.4614,175,75
2026-05-09 15:53:55.877,2,-0.27,-1.0,0.81,-17.982200000000002,104.212,78.7714,175,75
2026-05-09 15:53:55.877,2,-0.44,-0.83,0.85,-23.2222,49.022,85.6614,175,75
2026-05-09 15:53:55.888,2,-0.71,-0.57,0.81,-25.482200000000002,-3.1080000000000005,46.4514,175,75
2026-05-09 15:53:55.902,2,-0.95,-0.31,0.72,-26.212200000000003,-19.148,-24.648600000000002,175,75
2026-05-09 15:53:55.912,2,-0.99,-0.03,0.61,-24.4422,-1.1580000000000013,-86.2886,175,75
2026-05-09 15:53:55.966,2,-0.67,1.42,0.44,22.017799999999998,156.34199999999998,13.711400000000001,175,75
2026-05-09 15:53:55.978,2,-0.59,0.75,0.68,24.037799999999997,170.552,64.8614,175,75
2026-05-09 15:53:55.988,2,-0.44,0.39,0.84,13.907799999999998,68.902,48.221399999999996,175,75
2026-05-09 15:53:56.037,2,-0.65,0.1,0.33,28.6678,-60.367999999999995,71.8814,175,75
2026-05-09 15:53:56.037,2,-0.63,-0.21,0.3,28.0578,-77.678,93.7114,175,75
2026-05-09 15:53:56.050,2,-0.58,-0.74,0.24,11.107800000000001,-78.77799999999999,103.8914,175,75
2026-05-09 15:53:56.070,2,-0.99,-1.54,-0.64,42.4478,57.132000000000005,47.1814,175,75
2026-05-09 15:53:56.080,2,-0.97,-1.62,-0.76,79.51780000000001,103.172,25.2914,175,75
2026-05-09 15:53:56.104,2,-0.87,-1.45,-0.69,118.29780000000001,171.712,-3.4286,175,75
2026-05-09 15:53:56.114,2,-0.48,-0.75,-0.3,121.5378,217.50199999999998,-35.9886,175,75
2026-05-09 15:53:56.118,2,-0.24,-0.67,-0.15,102.99780000000001,205.792,-24.768600000000003,175,75
2026-05-09 15:53:56.130,2,0.0,-0.87,-0.1,68.1178,168.052,32.3614,175,75
2026-05-09 15:53:56.141,2,0.03,-1.26,-0.08,39.3978,116.032,78.5214,175,75
2026-05-09 15:53:56.164,2,-0.25,-1.51,-0.07,39.2178,122.012,76.8814,175,75
2026-05-09 15:53:56.175,2,-0.34,-1.53,-0.14,51.1078,132.252,48.221399999999996,175,75
2026-05-09 15:53:56.175,2,-0.48,-1.37,-0.14,57.1478,112.012,4.1914,175,75
2026-05-09 15:53:56.195,2,-0.59,-1.05,-0.08,46.1078,95.732,-63.858599999999996,175,75
2026-05-09 15:53:56.226,2,-0.45,-0.72,0.02,17.2078,105.302,-103.6086,175,75
2026-05-09 15:53:56.226,2,-0.2,-0.45,0.15,-2.4322,124.08200000000001,-98.54860000000001,175,75
2026-05-09 15:53:56.226,2,0.02,-0.06,0.29,-5.7822000000000005,179.142,-15.3186,175,75
2026-05-09 15:53:56.257,2,0.01,0.01,0.61,33.9078,92.86200000000001,-29.768600000000003,175,75
2026-05-09 15:53:56.272,2,0.08,0.14,0.62,20.8678,-5.548000000000002,-53.3686,175,75
2026-05-09 15:53:56.282,2,0.08,0.31,0.51,1.4077999999999997,-70.548,-45.4386,175,75
2026-05-09 15:53:56.292,2,-0.07,0.65,0.33,-20.7222,-126.76799999999999,-11.7186,175,75
2026-05-09 15:53:56.303,2,-0.34,0.87,0.19,-27.732200000000002,-146.39800000000002,2.8514,175,75
2026-05-09 15:53:56.325,2,-0.48,0.92,0.06,-23.462200000000003,-118.598,-7.3886,175,75
2026-05-09 15:53:56.337,2,-0.46,0.86,-0.02,-12.8522,-2.378,-16.288600000000002,175,75
2026-05-09 15:53:56.347,2,-0.34,0.79,0.07,-14.5622,47.562,-20.4386,175,75
2026-05-09 15:53:56.361,2,-0.23,0.7,0.23,-16.092200000000002,84.632,-31.358600000000003,175,75
2026-05-09 15:53:56.375,2,-0.23,0.62,0.36,-16.572200000000002,91.772,-40.9886,175,75
2026-05-09 15:53:56.388,2,-0.44,0.48,0.46,-18.4022,54.94199999999999,-49.528600000000004,175,75
2026-05-09 15:53:56.403,2,-0.55,0.37,0.47,-22.6122,-3.6580000000000013,-42.0886,175,75
2026-05-09 15:53:56.418,2,-0.54,0.14,0.45,-31.392200000000003,-84.818,-21.4186,175,75
2026-05-09 15:53:56.470,2,-0.67,-1.07,0.24,-75.11219999999999,-271.76800000000003,96.6914,175,75
2026-05-09 15:53:56.481,2,-1.21,-1.48,-0.07,-81.9422,-226.39800000000002,112.4214,175,75
2026-05-09 15:53:56.481,2,-1.94,-1.8,-0.5,-65.9022,-90.91799999999999,98.7714,175,75
2026-05-09 15:53:56.492,2,-2.3,-1.9,-0.66,-39.562200000000004,39.332,59.2514,175,75
2026-05-09 15:53:56.492,2,-2.43,-1.7,-0.59,-6.7022,147.802,5.7814,175,75
2026-05-09 15:53:56.503,2,-2.06,-1.48,-0.26,31.407799999999998,221.522,-40.2586,175,75
2026-05-09 15:53:56.531,2,-1.46,-1.54,0.14,50.007799999999996,252.072,-20.0086,175,75
2026-05-09 15:53:56.544,2,-1.11,-1.77,0.36,38.4878,242.072,45.0514,175,75
2026-05-09 15:53:56.560,2,-1.15,-1.85,0.51,17.9378,226.16199999999998,89.2514,175,75
2026-05-09 15:53:56.571,2,-1.32,-1.6,0.62,3.9778,178.902,24.071399999999997,175,75
2026-05-09 15:53:56.585,2,-1.08,-1.36,0.73,8.9078,124.08200000000001,-37.388600000000004,175,75
2026-05-09 15:53:56.595,2,-0.82,-1.03,0.75,8.7878,75.732,-76.1686,175,75
2026-05-09 15:53:56.595,2,-0.6,-0.55,0.7,2.0178,30.362000000000002,-108.18860000000001,175,75
2026-05-09 15:53:56.600,2,-0.49,-0.17,0.6,-2.3722000000000003,4.692,-133.7286,175,75
2026-05-09 15:53:56.612,2,-0.08,0.21,0.49,-0.8422000000000001,-11.218,-153.4286,175,75
2026-05-09 15:53:56.626,2,0.35,0.92,0.27,13.367799999999999,27.381999999999998,18.5814,175,75
2026-05-09 15:53:56.637,2,-0.68,1.43,0.1,37.1478,59.391999999999996,66.7514,175,75
2026-05-09 15:53:56.662,2,-0.56,0.78,0.33,51.1678,80.242,-19.3386,175,75
2026-05-09 15:53:56.673,2,-0.72,0.54,0.29,22.7578,112.44200000000001,-8.4886,175,75
2026-05-09 15:53:56.678,2,-0.42,0.48,0.29,2.8777999999999997,104.272,1.8114,175,75
2026-05-09 15:53:56.690,2,-0.24,0.4,0.33,-0.5422000000000002,64.272,11.5114,175,75
2026-05-09 15:53:56.702,2,-0.2,0.24,0.31,-0.6622000000000003,38.232,20.1714,175,75
2026-05-09 15:53:56.706,2,-0.09,0.04,0.27,-10.7822,17.012,24.441399999999998,175,75
2026-05-09 15:53:56.720,2,-0.1,-0.1,0.22,-27.4922,7.561999999999999,15.4114,175,75
2026-05-09 15:53:56.730,2,-0.28,-0.08,0.16,-38.1022,34.391999999999996,-5.198600000000001,175,75
2026-05-09 15:53:56.752,2,-0.35,0.14,0.16,-26.7622,79.452,-19.0986,175,75
2026-05-09 15:53:56.760,2,-0.3,0.31,0.21,-9.132200000000001,100.97200000000001,-19.768600000000003,175,75
2026-05-09 15:53:56.770,2,-0.32,0.38,0.28,2.9377999999999997,99.39200000000001,-10.868599999999999,175,75
2026-05-09 15:53:56.788,2,-0.26,-0.01,0.31,-22.6722,-4.757999999999999,29.321399999999997,175,75
2026-05-09 15:53:56.812,2,-0.13,-0.41,0.34,-36.2122,-66.52799999999999,53.8914,175,75
2026-05-09 15:53:56.812,2,0.01,-0.8,0.35,-36.632200000000005,-106.468,66.2114,175,75
2026-05-09 15:53:56.828,2,-0.11,-1.3,0.25,-27.7922,-137.138,87.06139999999999,175,75
2026-05-09 15:53:56.838,2,-0.51,-1.62,-0.08,-19.6222,-156.52800000000002,117.1214,175,75
2026-05-09 15:53:56.847,2,-1.05,-1.72,-0.41,8.367799999999999,-130.36800000000002,110.6614,175,75
2026-05-09 15:53:56.871,2,-1.55,-1.53,-0.58,51.3478,34.391999999999996,-46.6586,175,75
2026-05-09 15:53:56.895,2,-1.09,-1.31,-0.31,48.7278,95.36200000000001,-79.3386,175,75
2026-05-09 15:53:56.906,2,-0.48,-1.02,0.22,39.9478,156.34199999999998,-37.0886,175,75
2026-05-09 15:53:56.918,2,-0.3,-1.01,0.36,31.1678,148.902,7.301399999999999,175,75
2026-05-09 15:53:56.929,2,-0.35,-1.0,0.45,18.9778,117.072,43.5814,175,75
2026-05-09 15:53:56.944,2,-0.57,-0.86,0.56,-1.8822,70.432,65.6014,175,75
2026-05-09 15:53:56.955,2,-0.89,-0.59,0.57,-22.2422,30.362000000000002,24.0114,175,75
2026-05-09 15:53:56.970,2,-1.05,-0.23,0.61,-37.5522,28.412,-57.5786,175,75
2026-05-09 15:53:56.971,2,-0.96,0.06,0.6,-41.7622,43.052,-110.8086,175,75
2026-05-09 15:53:56.995,2,-0.75,0.52,0.61,-35.1122,69.452,-171.5386,175,75
2026-05-09 15:53:56.995,2,0.22,0.82,0.68,-30.4822,118.47200000000001,-129.7686,175,75
2026-05-09 15:53:57.006,2,-0.36,1.28,0.57,-31.0922,167.922,41.6914,175,75
2026-05-09 15:53:57.019,2,-0.67,1.02,0.68,-33.5922,168.902,57.971399999999996,175,75
2026-05-09 15:53:57.045,2,-0.97,0.22,0.84,-59.3222,43.472,24.3814,175,75
2026-05-09 15:53:57.058,2,-0.79,0.36,0.46,-38.5922,46.162,3.1014,175,75
2026-05-09 15:53:57.070,2,-0.73,0.58,0.24,-6.8222,17.252,-23.178600000000003,175,75
2026-05-09 15:53:57.086,2,-0.68,0.73,0.07,31.657799999999998,-14.328,-21.0486,175,75
2026-05-09 15:53:57.098,2,-0.62,0.77,-0.1,46.3478,-28.048,24.621399999999998,175,75
2026-05-09 15:53:57.105,2,-0.74,0.64,-0.19,49.9478,-24.388,56.6314,175,75
2026-05-09 15:53:57.122,2,-0.82,0.02,-0.21,26.107799999999997,41.522,49.7414,175,75
2026-05-09 15:53:57.122,2,-1.1,-0.41,-0.24,4.5878,160.492,27.2414,175,75
2026-05-09 15:53:57.133,2,-0.78,-0.72,-0.17,-3.7122,230.362,39.1914,175,75
2026-05-09 15:53:57.169,2,-0.19,-1.48,0.11,17.3278,137.012,114.0114,175,75
2026-05-09 15:53:57.182,2,-0.43,-1.55,0.01,30.5578,32.862,87.5514,175,75
2026-05-09 15:53:57.195,2,-0.7,-1.46,-0.09,29.4578,-32.748000000000005,23.281399999999998,175,75
2026-05-09 15:53:57.209,2,-0.72,-1.32,-0.14,19.517799999999998,-65.728,-39.2186,175,75
2026-05-09 15:53:57.209,2,-0.29,-1.2,-0.25,-1.5122,-116.33800000000001,-80.8086,175,75
2026-05-09 15:53:57.226,2,-0.09,-1.28,-0.29,-10.1722,-144.93800000000002,-74.4686,175,75
2026-05-09 15:53:57.237,2,0.06,-1.48,-0.37,-3.8922,-122.258,-7.7586,175,75
2026-05-09 15:53:57.248,2,-0.31,-1.52,-0.49,17.4478,-53.288,66.5714,175,75
2026-05-09 15:53:57.256,2,-0.62,-1.58,-0.67,32.7578,15.972,92.1814,175,75
2026-05-09 15:53:57.275,2,-0.93,-1.43,-0.65,30.2578,51.282,55.111399999999996,175,75
2026-05-09 15:53:57.275,2,-0.99,-1.24,-0.45,19.947799999999997,109.452,-10.5586,175,75
2026-05-09 15:53:57.293,2,-0.64,-1.06,-0.21,5.1278,147.862,-55.3786,175,75
2026-05-09 15:53:57.304,2,-0.36,-0.77,-0.01,-4.5022,157.992,-68.8586,175,75
2026-05-09 15:53:57.308,2,-0.12,-0.54,0.1,-8.4622,160.85199999999998,-56.2886,175,75
2026-05-09 15:53:57.344,2,0.0,-0.23,0.2,-9.6222,169.94199999999998,-13.9186,175,75
2026-05-09 15:53:57.356,2,0.0,0.01,0.29,-6.942200000000001,179.452,21.141399999999997,175,75
2026-05-09 15:53:57.356,2,0.05,0.05,0.39,-2.5522,170.91199999999998,18.641399999999997,175,75
2026-05-09 15:53:57.414,2,-0.01,0.1,0.58,-13.892200000000003,36.832,-21.8386,175,75
2026-05-09 15:53:57.427,2,-0.13,0.58,0.36,-9.4422,-55.178,-16.968600000000002,175,75
2026-05-09 15:53:57.468,2,-0.19,0.68,0.26,-5.4121999999999995,-72.868,-4.948600000000001,175,75
2026-05-09 15:53:57.468,2,-0.24,0.7,0.17,-7.6122000000000005,-71.338,2.6714,175,75
2026-05-09 15:53:57.495,2,-0.28,0.62,0.13,-16.7622,-42.80799999999999,-4.158600000000001,175,75
2026-05-09 15:53:57.523,2,-0.3,0.54,0.1,-23.2222,11.402,-19.948600000000003,175,75
2026-05-09 15:53:57.543,2,-0.24,0.57,0.08,-19.9322,59.452,-28.7286,175,75
2026-05-09 15:53:57.559,2,-0.25,0.73,0.21,2.6277999999999997,101.772,-40.6786,175,75
2026-05-09 15:53:57.575,2,-0.26,0.73,0.28,0.8677999999999999,105.492,-45.0786,175,75
2026-05-09 15:53:57.575,2,-0.23,0.71,0.34,-8.6522,95.432,-43.9786,175,75
2026-05-09 15:53:57.578,2,-0.23,0.62,0.38,-20.052200000000003,73.112,-39.8286,175,75
2026-05-09 15:53:57.593,2,-0.19,0.42,0.43,-32.3022,36.582,-31.718600000000002,175,75
2026-05-09 15:53:57.604,2,-0.15,0.16,0.46,-42.5522,-14.208000000000002,-24.038600000000002,175,75
2026-05-09 15:53:57.606,2,-0.19,-0.21,0.45,-55.1122,-76.158,-14.2186,175,75
2026-05-09 15:53:57.621,2,-0.5,-0.77,0.29,-70.6022,-159.268,18.891399999999997,175,75
2026-05-09 15:53:57.635,2,-0.68,-1.15,0.13,-68.34219999999999,-165.858,50.1714,175,75
2026-05-09 15:53:57.635,2,-0.9,-1.37,-0.05,-60.4822,-150.858,62.1214,175,75
2026-05-09 15:53:57.651,2,-1.19,-1.58,-0.24,-47.0022,-117.808,60.5314,175,75
2026-05-09 15:53:57.651,2,-1.52,-1.74,-0.41,-28.712200000000003,-62.49799999999999,44.3214,175,75
2026-05-09 15:53:57.683,2,-1.78,-1.77,-0.49,-4.1322,10.672,9.6814,175,75
2026-05-09 15:53:57.706,2,-1.65,-1.71,-0.44,17.3878,60.361999999999995,-25.558600000000002,175,75
2026-05-09 15:53:57.716,2,-1.26,-1.79,-0.18,33.0578,66.892,5.6613999999999995,175,75
2026-05-09 15:53:57.726,2,-1.36,-1.78,-0.17,24.4578,69.332,33.1014,175,75
2026-05-09 15:53:57.746,2,-1.55,-1.7,-0.2,7.6978,92.132,30.2914,175,75
2026-05-09 15:53:57.747,2,-1.46,-1.52,-0.16,-0.5422000000000002,114.822,2.0614,175,75
2026-05-09 15:53:57.747,2,-1.2,-1.28,-0.07,1.1677999999999997,120.062,-15.868599999999999,175,75
2026-05-09 15:53:57.760,2,-1.01,-1.01,0.04,8.4278,117.50200000000001,-22.3886,175,75
2026-05-09 15:53:57.769,2,-0.79,-0.7,0.14,17.2078,108.782,-28.858600000000003,175,75
2026-05-09 15:53:57.769,2,-0.59,-0.39,0.22,22.697799999999997,92.012,-39.4686,175,75
2026-05-09 15:53:57.807,2,-0.45,-0.06,0.26,25.6178,70.432,-61.2286,175,75
2026-05-09 15:53:57.807,2,-0.23,0.2,0.27,25.0678,60.792,-70.0086,175,75
2026-05-09 15:53:57.817,2,-0.04,0.53,0.18,21.837799999999998,71.342,-13.9186,175,75
2026-05-09 15:53:57.828,2,-0.57,0.69,0.13,8.4278,85.362,47.791399999999996,175,75
2026-05-09 15:53:57.839,2,-0.52,0.35,0.23,-8.6522,80.062,40.721399999999996,175,75
2026-05-09 15:53:57.839,2,-0.6,0.22,0.2,-27.002200000000002,77.072,37.4214,175,75
2026-05-09 15:53:57.844,2,-0.5,0.27,0.16,-29.072200000000002,70.182,29.0114,175,75
2026-05-09 15:53:57.859,2,-0.32,0.3,0.17,-14.7422,67.802,23.711399999999998,175,75
2026-05-09 15:53:57.876,2,-0.17,0.08,0.3,-17.3722,98.902,43.7114,175,75
2026-05-09 15:53:57.876,2,-0.14,-0.01,0.38,-29.502200000000002,94.69200000000001,34.6814,175,75
2026-05-09 15:53:57.898,2,-0.15,0.26,0.41,-35.3522,25.852,8.1614,175,75
2026-05-09 15:53:57.909,2,-0.15,0.41,0.25,-29.322200000000002,-26.157999999999998,37.971399999999996,175,75
2026-05-09 15:53:57.923,2,-0.11,-0.05,0.2,-32.5522,-37.498000000000005,47.4914,175,75
2026-05-09 15:53:57.933,2,0.01,-0.45,0.19,-26.3322,-35.727999999999994,39.0114,175,75
2026-05-09 15:53:57.943,2,0.06,-0.79,0.14,-13.892200000000003,-61.768,38.7714,175,75
2026-05-09 15:53:57.960,2,-0.13,-1.07,0.03,-5.0522,-107.498,51.9414,175,75
2026-05-09 15:53:57.972,2,-0.41,-1.26,-0.14,-6.092200000000001,-139.698,61.0814,175,75
2026-05-09 15:53:57.993,2,-0.78,-1.34,-0.35,-6.8822,-112.318,40.8414,175,75
2026-05-09 15:53:57.993,2,-1.01,-1.31,-0.5,-7.002200000000001,-43.227999999999994,-2.0886,175,75
2026-05-09 15:53:58.004,2,-0.91,-1.18,-0.49,-3.0422000000000002,29.631999999999998,-42.388600000000004,175,75
2026-05-09 15:53:58.014,2,-0.65,-0.99,-0.3,3.4277999999999995,79.452,-55.8086,175,75
2026-05-09 15:53:58.025,2,-0.39,-0.87,0.06,11.5978,126.162,-32.208600000000004,175,75
2026-05-09 15:53:58.053,2,-0.39,-1.12,0.28,-5.2322,106.102,76.45139999999999,175,75
2026-05-09 15:53:58.062,2,-0.69,-1.1,0.25,-18.4022,72.132,99.7414,175,75
2026-05-09 15:53:58.075,2,-1.06,-0.96,0.16,-24.9322,59.94199999999999,65.3514,175,75
2026-05-09 15:53:58.086,2,-1.37,-0.77,0.09,-24.4422,76.282,-12.2686,175,75
2026-05-09 15:53:58.101,2,-1.13,-0.19,0.17,-4.7422,129.332,-107.6986,175,75
2026-05-09 15:53:58.134,2,-0.42,1.22,0.29,28.607799999999997,304.882,-33.4286,175,75
2026-05-09 15:53:58.140,2,-0.99,1.29,0.29,18.8478,333.962,16.691399999999998,175,75
2026-05-09 15:53:58.151,2,-0.91,1.02,0.38,14.0378,313.23199999999997,33.8914,175,75
2026-05-09 15:53:58.173,2,-0.54,0.56,0.62,-42.9122,220.672,104.1914,175,75
2026-05-09 15:53:58.183,2,0.0,0.39,0.68,-70.0522,68.412,104.5014,175,75
2026-05-09 15:53:58.195,2,-0.7,0.38,0.61,-58.6522,-16.587999999999997,60.6014,175,75
2026-05-09 15:53:58.207,2,-0.54,0.47,0.42,-48.2222,-62.80799999999999,28.5214,175,75
2026-05-09 15:53:58.207,2,-0.18,0.49,0.2,-31.572200000000002,-92.258,33.1014,175,75
2026-05-09 15:53:58.220,2,-0.28,0.54,0.12,-18.9522,-99.208,54.861399999999996,175,75
2026-05-09 15:53:58.231,2,-0.36,0.31,0.01,-12.982199999999999,-73.718,77.6114,175,75
2026-05-09 15:53:58.242,2,-0.26,-0.21,-0.08,-21.0222,-35.548,60.0514,175,75
2026-05-09 15:53:58.257,2,-0.34,-0.71,-0.19,-32.1222,14.512,46.6914,175,75
2026-05-09 15:53:58.278,2,-0.07,-1.35,-0.27,-25.3522,33.412,61.9414,175,75
2026-05-09 15:53:58.290,2,-0.07,-1.62,-0.35,-11.022200000000002,30.672,72.3014,175,75
2026-05-09 15:53:58.312,2,-0.22,-1.69,-0.45,3.6077999999999997,29.692,73.3414,175,75
2026-05-09 15:53:58.312,2,-0.49,-1.47,-0.55,21.5978,40.972,42.8514,175,75
2026-05-09 15:53:58.333,2,-0.54,-1.04,-0.53,36.1678,55.001999999999995,-24.768600000000003,175,75
2026-05-09 15:53:58.349,2,0.35,-0.83,-0.2,37.8778,24.142,-54.0386,175,75
2026-05-09 15:53:58.349,2,0.5,-1.02,-0.15,26.9578,12.862,32.4914,175,75
2026-05-09 15:53:58.360,2,0.35,-1.39,-0.25,18.6078,-30.118,97.06139999999999,175,75
2026-05-09 15:53:58.371,2,-0.14,-1.63,-0.43,21.107799999999997,-65.428,92.3014,175,75
2026-05-09 15:53:58.383,2,-0.56,-1.58,-0.6,24.4578,-54.63799999999999,38.401399999999995,175,75
2026-05-09 15:53:58.393,2,-0.73,-1.2,-0.61,20.6178,-18.418000000000003,-62.9386,175,75
2026-05-09 15:53:58.407,2,-0.41,-0.87,-0.46,15.7378,8.232,-118.54860000000001,175,75
2026-05-09 15:53:58.423,2,0.14,-0.46,-0.27,17.0178,42.322,-79.3986,175,75
2026-05-09 15:53:58.433,2,-0.04,-0.03,-0.19,26.107799999999997,93.11200000000001,19.6814,175,75
2026-05-09 15:53:58.445,2,-0.18,0.08,-0.13,39.1578,121.772,41.2114,175,75
2026-05-09 15:53:58.445,2,-0.12,-0.13,-0.01,48.7878,102.622,14.5014,175,75
2026-05-09 15:53:58.458,2,-0.12,-0.25,0.14,35.7378,58.232,-1.5985999999999998,175,75
2026-05-09 15:53:58.468,2,-0.18,-0.13,0.17,12.3278,17.322,-15.748599999999998,175,75
2026-05-09 15:53:58.481,2,-0.25,0.09,0.11,-5.2922,-3.4780000000000015,-25.4986,175,75
2026-05-09 15:53:58.493,2,-0.33,0.32,0.04,-12.732199999999999,-2.437999999999999,-26.108600000000003,175,75
2026-05-09 15:53:58.503,2,-0.41,0.54,-0.03,-12.2422,21.712,-19.0986,175,75
2026-05-09 15:53:58.517,2,-0.49,0.72,-0.05,-7.1222,66.102,-13.9186,175,75
2026-05-09 15:53:58.530,2,-0.45,0.7,0.03,-5.4121999999999995,112.19200000000001,-12.5086,175,75
2026-05-09 15:53:58.540,2,-0.42,0.6,0.14,-10.232199999999999,139.942,-11.6586,175,75
2026-05-09 15:53:58.557,2,-0.42,0.53,0.26,-19.5622,161.522,-15.8086,175,75
2026-05-09 15:53:58.568,2,-0.36,0.52,0.33,-24.502200000000002,164.212,-23.2486,175,75
2026-05-09 15:53:58.568,2,-0.3,0.57,0.37,-25.9022,150.792,-31.4186,175,75
2026-05-09 15:53:58.578,2,-0.26,0.64,0.39,-25.1122,123.412,-33.4886,175,75
2026-05-09 15:53:58.589,2,-0.26,0.7,0.41,-24.9322,85.302,-23.3686,175,75
2026-05-09 15:53:58.602,2,-0.26,0.67,0.43,-27.2422,43.722,-12.3286,175,75
2026-05-09 15:53:58.622,2,-0.25,0.57,0.44,-32.6122,9.142,-6.4786,175,75
2026-05-09 15:53:58.633,2,-0.29,0.45,0.42,-41.2122,-21.038,-4.828600000000001,175,75
2026-05-09 15:53:58.633,2,-0.3,0.37,0.35,-43.8322,-47.438,-8.1886,175,75
2026-05-09 15:53:58.646,2,-0.32,0.27,0.28,-42.0022,-67.618,-7.9386,175,75
2026-05-09 15:53:58.659,2,-0.25,0.03,0.23,-40.9622,-98.718,2.9714,175,75
2026-05-09 15:53:58.698,2,-0.38,-1.25,0.01,-42.7322,-190.978,58.4614,175,75
2026-05-09 15:53:58.698,2,-0.79,-1.63,-0.28,-28.8322,-180.918,94.2514,175,75
2026-05-09 15:53:58.725,2,-1.65,-1.87,-0.69,13.297799999999999,-63.10799999999999,72.9714,175,75
2026-05-09 15:53:58.738,2,-1.85,-1.77,-0.71,33.9778,11.161999999999999,16.2714,175,75
2026-05-09 15:53:58.759,2,-0.8,-1.59,-0.13,58.9778,15.732,-6.0486,175,75
2026-05-09 15:53:58.780,2,-0.96,-1.53,-0.17,38.7878,-12.678,34.1914,175,75
2026-05-09 15:53:58.799,2,-1.24,-1.43,-0.3,12.9378,-1.218,31.821399999999997,175,75
2026-05-09 15:53:58.833,2,-1.08,-1.09,-0.3,9.2778,74.452,-12.6386,175,75
2026-05-09 15:53:58.874,2,-0.81,-0.57,-0.1,35.9278,109.212,-23.788600000000002,175,75
2026-05-09 15:53:58.874,2,-0.67,-0.31,-0.01,45.1278,115.61200000000001,-30.4986,175,75
2026-05-09 15:53:58.908,2,-0.45,-0.01,0.07,49.5178,113.11200000000001,-38.9786,175,75
2026-05-09 15:53:58.925,2,-0.12,0.4,0.09,47.2078,121.032,-0.5586000000000001,175,75
2026-05-09 15:53:58.950,2,-0.23,0.78,0.03,45.257799999999996,132.252,51.8214,175,75
2026-05-09 15:53:58.960,2,-0.36,0.92,0.04,43.2978,128.53199999999998,60.2314,175,75
2026-05-09 15:53:58.985,2,-0.37,0.6,0.11,30.3178,111.22200000000001,48.221399999999996,175,75
2026-05-09 15:53:59.016,2,-0.56,0.32,0.16,5.1278,102.012,44.0114,175,75
2026-05-09 15:53:59.047,2,-0.57,0.25,0.13,-17.3722,91.58200000000001,44.2514,175,75
2026-05-09 15:53:59.056,2,-0.36,0.34,0.17,-7.672200000000001,94.69200000000001,36.8814,175,75
2026-05-09 15:53:59.076,2,-0.09,0.11,0.28,-22.4922,97.742,49.8014,175,75
2026-05-09 15:53:59.097,2,-0.08,0.05,0.32,-29.992200000000004,87.132,39.3814,175,75
2026-05-09 15:53:59.097,2,-0.08,0.08,0.34,-30.962200000000003,80.732,34.8014,175,75
2026-05-09 15:53:59.107,2,-0.05,-0.09,0.37,-20.232200000000002,-11.648,40.2314,175,75
2026-05-09 15:53:59.114,2,0.11,-0.42,0.4,-18.342200000000002,-48.048,48.5814,175,75
2026-05-09 15:53:59.128,2,0.09,-0.77,0.38,-15.842200000000002,-82.618,57.5514,175,75
2026-05-09 15:53:59.142,2,-0.45,-1.34,0.01,6.4778,-153.83800000000002,103.4614,175,75
2026-05-09 15:53:59.142,2,-0.96,-1.41,-0.22,30.9878,-134.14800000000002,90.5314,175,75
2026-05-09 15:53:59.158,2,-1.29,-1.39,-0.27,56.2878,-66.468,31.821399999999997,175,75
2026-05-09 15:53:59.171,2,-0.98,-1.36,-0.13,79.3978,-15.727999999999998,-14.1586,175,75
2026-05-09 15:53:59.182,2,-0.67,-1.26,0.21,120.5578,-26.038,17.7914,175,75
2026-05-09 15:53:59.194,2,-0.67,-1.29,0.23,133.4878,-52.438,53.401399999999995,175,75
2026-05-09 15:53:59.204,2,-0.84,-1.3,0.09,127.7578,-94.448,59.8014,175,75
2026-05-09 15:53:59.204,2,-1.05,-1.23,-0.05,109.3978,-107.92799999999998,31.3314,175,75
2026-05-09 15:53:59.216,2,-1.14,-1.06,-0.22,75.3178,-77.318,-30.4986,175,75
2026-05-09 15:53:59.226,2,-0.98,-0.74,-0.27,42.507799999999996,-17.618,-79.5286,175,75
2026-05-09 15:53:59.226,2,-0.75,-0.41,-0.19,23.5478,37.622,-98.7886,175,75
2026-05-09 15:53:59.238,2,-0.41,0.02,0.01,18.1178,122.742,-40.4986,175,75
2026-05-09 15:53:59.255,2,-0.88,0.72,0.24,28.0578,282.442,57.3014,175,75
2026-05-09 15:53:59.266,2,-0.61,0.74,0.47,21.657799999999998,290.062,15.291400000000001,175,75
2026-05-09 15:53:59.280,2,-0.34,0.7,0.67,-30.2922,179.142,-23.4886,175,75
2026-05-09 15:53:59.291,2,-0.23,0.85,0.61,-65.5422,85.492,17.4914,175,75
2026-05-09 15:53:59.302,2,-0.34,0.95,0.56,-80.7222,13.842,47.361399999999996,175,75
2026-05-09 15:53:59.314,2,-0.3,0.86,0.5,-79.3222,-33.418000000000006,59.8014,175,75
2026-05-09 15:53:59.324,2,-0.39,0.64,0.43,-70.9622,-40.548,51.2114,175,75
2026-05-09 15:53:59.336,2,-0.55,0.47,0.33,-58.5222,-20.178,41.3914,175,75
2026-05-09 15:53:59.336,2,-0.63,0.29,0.31,-45.2322,14.822,31.8814,175,75
2026-05-09 15:53:59.348,2,-0.68,0.07,0.37,-35.0522,72.742,21.0814,175,75
2026-05-09 15:53:59.362,2,-0.63,-0.16,0.4,-32.9822,107.86200000000001,19.071399999999997,175,75
2026-05-09 15:53:59.374,2,-0.54,-0.4,0.4,-32.4322,80.552,30.961399999999998,175,75
2026-05-09 15:53:59.386,2,-0.5,-0.64,0.35,-31.572200000000002,13.842,59.6814,175,75
2026-05-09 15:53:59.413,2,-0.57,-1.06,0.06,-16.1522,-102.80799999999999,112.5514,175,75
2026-05-09 15:53:59.413,2,-0.81,-1.28,-0.19,-1.8222000000000005,-88.16799999999999,90.4714,175,75
2026-05-09 15:53:59.436,2,-0.84,-1.57,-0.67,38.2978,24.022,-0.0786,175,75
2026-05-09 15:53:59.450,2,-0.68,-1.1,-0.6,58.2978,87.012,-48.3686,175,75
2026-05-09 15:53:59.462,2,-0.28,-0.68,-0.4,68.23780000000001,115.912,-56.778600000000004,175,75
2026-05-09 15:53:59.473,2,0.04,-0.44,-0.22,61.8378,138.112,27.731399999999997,175,75
2026-05-09 15:53:59.484,2,-0.02,-0.68,-0.11,47.327799999999996,133.352,92.7314,175,75
2026-05-09 15:53:59.495,2,0.07,-1.3,-0.11,35.1278,78.962,112.6714,175,75
2026-05-09 15:53:59.506,2,-0.13,-1.6,-0.09,30.0678,46.162,115.4714,175,75
2026-05-09 15:53:59.516,2,-0.33,-1.7,-0.14,22.5078,24.082,92.06139999999999,175,75
2026-05-09 15:53:59.527,2,-0.71,-1.58,-0.21,7.9978,5.122,9.5014,175,75
2026-05-09 15:53:59.538,2,-0.69,-1.36,-0.22,-3.2222,0.6720000000000006,-71.8986,175,75
2026-05-09 15:53:59.558,2,-0.23,-0.71,-0.17,-9.4422,-2.378,-135.5586,175,75
2026-05-09 15:53:59.582,2,-0.22,0.03,-0.22,19.2178,87.86200000000001,20.351399999999998,175,75
2026-05-09 15:53:59.608,2,-0.27,-0.19,-0.04,47.0878,171.462,-7.3886,175,75
2026-05-09 15:53:59.619,2,-0.17,-0.21,0.2,36.7778,163.112,-21.1686,175,75
2026-05-09 15:53:59.629,2,-0.18,0.02,0.28,23.9778,134.512,-38.9786,175,75
2026-05-09 15:53:59.640,2,-0.19,0.3,0.27,16.1078,89.512,-58.4886,175,75
2026-05-09 15:53:59.642,2,-0.18,0.48,0.23,9.2178,51.891999999999996,-60.2586,175,75
2026-05-09 15:53:59.674,2,-0.27,0.68,0.15,-7.9121999999999995,17.381999999999998,-30.378600000000002,175,75
2026-05-09 15:53:59.674,2,-0.31,0.62,0.09,-17.552200000000003,24.451999999999998,-34.528600000000004,175,75
2026-05-09 15:53:59.692,2,-0.35,0.58,0.07,-23.8322,54.452,-43.0586,175,75
2026-05-09 15:53:59.698,2,-0.31,0.6,0.1,-22.1222,87.072,-45.9886,175,75
2026-05-09 15:53:59.712,2,-0.3,0.61,0.16,-19.802200000000003,105.852,-47.638600000000004,175,75
2026-05-09 15:53:59.726,2,-0.3,0.59,0.26,-19.9922,118.902,-52.5786,175,75
2026-05-09 15:53:59.757,2,-0.34,0.48,0.38,-29.502200000000002,99.452,-57.0886,175,75
2026-05-09 15:53:59.768,2,-0.32,0.3,0.42,-34.742200000000004,64.572,-48.3686,175,75
2026-05-09 15:53:59.768,2,-0.3,0.04,0.46,-40.4122,22.012,-34.3386,175,75
2026-05-09 15:53:59.792,2,-0.27,-0.62,0.43,-48.4622,-76.27799999999999,0.23139999999999994,175,75
2026-05-09 15:53:59.816,2,-0.59,-1.46,0.19,-41.3922,-140.978,70.1714,175,75
2026-05-09 15:53:59.832,2,-1.03,-1.75,-0.06,-29.8022,-140.178,81.5714,175,75
2026-05-09 15:53:59.842,2,-1.62,-1.86,-0.3,-12.912199999999999,-100.30799999999999,42.3014,175,75
2026-05-09 15:53:59.854,2,-1.99,-1.65,-0.41,4.9478,-34.757999999999996,-33.8586,175,75
2026-05-09 15:53:59.865,2,-1.67,-1.44,-0.38,20.7378,13.722,-97.4486,175,75
2026-05-09 15:53:59.886,2,-1.04,-1.35,-0.21,35.3178,30.122,-95.9286,175,75
2026-05-09 15:53:59.929,2,-0.85,-1.42,-0.14,40.257799999999996,30.852,-42.3286,175,75
2026-05-09 15:53:59.941,2,-0.9,-1.5,-0.12,34.5878,43.842,31.5114,175,75
2026-05-09 15:53:59.962,2,-1.11,-1.48,-0.18,24.7078,81.892,72.7914,175,75
2026-05-09 15:53:59.979,2,-1.3,-1.38,-0.19,20.4378,121.402,65.4714,175,75
2026-05-09 15:54:00.021,2,-0.89,-0.73,0.24,29.337799999999998,140.242,-30.928600000000003,175,75
2026-05-09 15:54:00.021,2,-0.65,-0.36,0.3,28.5478,100.242,-52.638600000000004,175,75
2026-05-09 15:54:00.049,2,0.11,0.52,0.19,22.6278,5.001999999999999,-3.4286,175,75
2026-05-09 15:54:00.087,2,-0.39,0.88,0.08,26.1678,17.072,74.6814,175,75
2026-05-09 15:54:00.087,2,-0.52,0.91,0.06,26.4778,30.732,83.7114,175,75
2026-05-09 15:54:00.098,2,-0.3,0.45,0.15,11.657799999999998,50.361999999999995,37.1814,175,75
2026-05-09 15:54:00.138,2,-0.39,0.6,0.15,-0.052200000000000024,65.492,14.5014,175,75
2026-05-09 15:54:00.149,2,-0.33,0.58,0.18,3.4878,54.572,23.711399999999998,175,75
2026-05-09 15:54:00.169,2,-0.23,0.24,0.23,-29.8022,35.492,42.2414,175,75
2026-05-09 15:54:00.180,2,-0.19,0.11,0.24,-44.9322,31.951999999999998,30.7214,175,75
2026-05-09 15:54:00.193,2,-0.09,0.06,0.31,-34.4422,32.322,24.9914,175,75
2026-05-09 15:54:00.197,2,-0.1,0.06,0.36,-26.7622,22.322,22.1814,175,75
2026-05-09 15:54:00.295,2,-0.21,-0.0,0.4,-25.962200000000003,-34.69799999999999,21.3314,175,75
2026-05-09 15:54:00.295,2,-0.22,-0.23,0.37,-31.1522,-80.66799999999999,37.791399999999996,175,75
2026-05-09 15:54:00.295,2,-0.18,-0.51,0.36,-32.3022,-115.978,52.8514,175,75
2026-05-09 15:54:00.308,2,-0.23,-0.94,0.3,-32.5522,-151.768,66.6314,175,75
2026-05-09 15:54:00.344,2,-0.63,-1.54,-0.2,-13.4022,-151.15800000000002,87.1214,175,75
2026-05-09 15:54:00.366,2,-0.32,-1.06,0.25,27.8778,204.512,-8.548599999999999,175,75
2026-05-09 15:54:00.389,2,-0.63,-0.22,0.29,-26.392200000000003,46.772,-110.4986,175,75
2026-05-09 15:54:00.401,2,-0.43,0.2,0.17,-14.0122,46.641999999999996,-106.04860000000001,175,75
2026-05-09 15:54:00.415,2,-0.38,0.72,0.09,3.3678,83.902,-32.8186,175,75
2026-05-09 15:54:00.417,2,-0.82,1.25,0.0,26.0478,144.882,18.9514,175,75
2026-05-09 15:54:00.447,2,-0.36,0.5,0.34,-27.3722,198.66199999999998,39.8014,175,75
2026-05-09 15:54:00.450,2,-0.38,0.34,0.39,-54.382200000000005,144.212,19.071399999999997,175,75
2026-05-09 15:54:00.509,2,-0.4,0.39,0.1,-26.392200000000003,-41.278000000000006,21.0214,175,75
2026-05-09 15:54:00.565,2,-0.53,-0.03,-0.13,-43.5222,-92.55799999999999,36.8814,175,75
2026-05-09 15:54:00.565,2,-0.65,-0.75,-0.45,-40.1122,17.622,17.551399999999997,175,75
2026-05-09 15:54:00.577,2,-0.43,-1.49,-0.47,-15.112200000000001,115.00200000000001,63.8914,175,75
2026-05-09 15:54:00.588,2,-0.49,-1.6,-0.48,-0.9622000000000002,133.352,75.9614,175,75
2026-05-09 15:54:00.588,2,-0.69,-1.38,-0.46,18.4878,151.402,61.6914,175,75
2026-05-09 15:54:00.606,2,-0.45,-0.93,-0.17,41.7178,145.06199999999998,-19.7086,175,75
2026-05-09 15:54:00.649,2,-0.07,-1.36,0.14,-24.6222,-13.968,94.56139999999999,175,75
2026-05-09 15:54:00.651,2,-0.38,-1.29,-0.0,-18.592200000000002,-23.418000000000003,58.221399999999996,175,75
2026-05-09 15:54:00.664,2,-0.5,-1.11,-0.07,-9.2622,-23.418000000000003,-16.358600000000003,175,75
2026-05-09 15:54:00.690,2,-0.14,-0.58,0.08,-14.202200000000001,-3.8979999999999997,-78.7886,175,75
2026-05-09 15:54:00.690,2,0.09,-0.27,0.1,-14.202200000000001,24.392,-34.3986,175,75
2026-05-09 15:54:00.711,2,-0.16,0.23,0.19,6.777799999999999,106.89200000000001,42.0614,175,75
2026-05-09 15:54:00.721,2,-0.15,0.14,0.32,18.3678,119.08200000000001,21.4514,175,75
2026-05-09 15:54:00.722,2,-0.09,0.03,0.51,19.2778,116.282,-0.0786,175,75
2026-05-09 15:54:00.754,2,-0.11,0.43,0.55,-9.382200000000001,23.722,-15.868599999999999,175,75
2026-05-09 15:54:00.778,2,-0.14,0.59,0.4,-8.522200000000002,-29.267999999999997,11.0814,175,75
2026-05-09 15:54:00.785,2,-0.18,0.6,0.36,-7.2421999999999995,-35.178,12.791400000000001,175,75
2026-05-09 15:54:00.800,2,-0.25,0.65,0.31,-5.2322,-12.197999999999997,0.7213999999999999,175,75
2026-05-09 15:54:00.820,2,-0.2,0.74,0.34,10.0078,64.822,-20.0086,175,75
2026-05-09 15:54:00.832,2,-0.12,0.71,0.42,20.197799999999997,76.522,-26.4786,175,75
2026-05-09 15:54:00.843,2,-0.07,0.65,0.51,20.0678,65.732,-29.8886,175,75
2026-05-09 15:54:00.851,2,-0.03,0.49,0.54,10.867799999999999,13.962,-28.9786,175,75
2026-05-09 15:54:00.866,2,-0.07,-0.01,0.5,-14.802200000000003,-131.708,-8.8586,175,75
2026-05-09 15:54:00.881,2,-0.13,-0.3,0.4,-25.9022,-193.048,4.0714,175,75
2026-05-09 15:54:00.891,2,-0.29,-0.67,0.23,-35.3522,-257.19800000000004,25.7214,175,75
2026-05-09 15:54:00.918,2,-1.03,-1.41,-0.34,-37.5522,-238.71800000000002,42.1814,175,75
2026-05-09 15:54:00.929,2,-1.38,-1.61,-0.64,-27.6722,-170.30800000000002,34.0114,175,75
2026-05-09 15:54:00.938,2,-1.67,-1.77,-0.9,-8.042200000000001,-73.538,11.3314,175,75
2026-05-09 15:54:00.951,2,-1.8,-1.68,-0.92,16.7778,30.182,-21.6586,175,75
2026-05-09 15:54:00.965,2,-1.51,-1.46,-0.66,43.1778,112.25200000000001,-44.9486,175,75
2026-05-09 15:54:00.976,2,-1.2,-1.37,-0.38,57.6978,139.332,-28.4886,175,75
2026-05-09 15:54:00.989,2,-0.93,-1.43,-0.17,60.9878,125.792,30.601399999999998,175,75
2026-05-09 15:54:01.000,2,-0.95,-1.52,-0.15,52.0178,82.802,75.0514,175,75
2026-05-09 15:54:01.000,2,-1.18,-1.54,-0.17,37.2678,47.132000000000005,82.1214,175,75
2026-05-09 15:54:01.025,2,-1.33,-1.52,-0.21,20.9878,35.552,39.9214,175,75
2026-05-09 15:54:01.054,2,-0.87,-1.05,-0.1,9.2178,19.022,-34.888600000000004,175,75
2026-05-09 15:54:01.054,2,-0.74,-0.72,-0.06,12.7578,10.852,-46.598600000000005,175,75
2026-05-09 15:54:01.098,2,-0.59,-0.36,-0.07,18.6078,2.071999999999999,-57.8186,175,75
2026-05-09 15:54:01.116,2,-0.12,0.36,-0.1,30.9878,45.492000000000004,39.1914,175,75
2026-05-09 15:54:01.134,2,-0.44,0.71,-0.14,45.007799999999996,106.462,70.2914,175,75
2026-05-09 15:54:01.182,2,-0.32,0.26,0.19,14.6478,158.47199999999998,19.621399999999998,175,75
2026-05-09 15:54:01.239,2,-0.35,0.47,0.23,-0.41220000000000034,104.452,4.3814,175,75
2026-05-09 15:54:01.270,2,-0.22,0.29,0.31,-16.8822,84.452,33.9514,175,75
2026-05-09 15:54:01.270,2,-0.14,0.17,0.36,-22.002200000000002,80.612,29.5614,175,75
2026-05-09 15:54:01.293,2,-0.26,0.11,0.37,-19.502200000000002,-16.468,15.1714,175,75
2026-05-09 15:54:01.300,2,-0.25,-0.1,0.35,-26.6322,-50.548,29.621399999999998,175,75
2026-05-09 15:54:01.338,2,-0.77,-1.33,-0.1,-4.5622,-104.268,78.7714,175,75
2026-05-09 15:54:01.350,2,-1.18,-1.34,-0.25,20.3178,-64.38799999999999,65.5314,175,75
2026-05-09 15:54:01.402,2,-0.74,-1.14,0.1,-11.632200000000001,2.8619999999999983,65.4714,175,75
2026-05-09 15:54:01.413,2,-0.94,-1.12,0.05,-12.432200000000002,27.862000000000002,77.8514,175,75
2026-05-09 15:54:01.413,2,-1.11,-0.99,0.04,-4.0722000000000005,58.292,48.2814,175,75
2026-05-09 15:54:01.441,2,-0.95,-0.54,0.28,1.8977999999999997,105.182,-11.5986,175,75
2026-05-09 15:54:01.447,2,-0.87,-0.27,0.34,0.2577999999999996,122.86200000000001,-21.8386,175,75
2026-05-09 15:54:01.462,2,-0.82,-0.0,0.39,1.7177999999999998,143.602,-35.3786,175,75
2026-05-09 15:54:01.473,2,-0.54,0.3,0.45,5.437799999999999,180.792,-41.598600000000005,175,75
2026-05-09 15:54:01.495,2,-0.53,0.93,0.43,5.0078,261.402,61.7514,175,75
2026-05-09 15:54:01.519,2,-0.22,0.64,0.67,4.8278,216.16199999999998,49.4414,175,75
2026-05-09 15:54:01.519,2,-0.31,0.43,0.7,-2.0622,156.892,41.5114,175,75
2026-05-09 15:54:01.547,2,-0.23,0.42,0.61,-7.4921999999999995,88.412,41.4514,175,75
2026-05-09 15:54:01.547,2,-0.28,0.41,0.54,-4.6222,48.111999999999995,43.1614,175,75
2026-05-09 15:54:01.555,2,-0.3,0.23,0.43,-1.3921999999999999,15.792,50.6614,175,75
2026-05-09 15:54:01.566,2,-0.26,0.06,0.37,-2.1222000000000003,-8.597999999999999,56.3914,175,75
2026-05-09 15:54:01.581,2,-0.23,-0.15,0.27,-3.7722000000000007,-45.788,57.6714,175,75
2026-05-09 15:54:01.593,2,-0.27,-0.29,0.14,-3.7722000000000007,-80.178,52.5514,175,75
2026-05-09 15:54:01.606,2,-0.37,-0.5,-0.01,-3.3422,-95.728,38.8914,175,75
2026-05-09 15:54:01.621,2,-0.54,-0.77,-0.25,-1.0922,-63.658,20.2914,175,75
2026-05-09 15:54:01.621,2,-0.55,-0.96,-0.4,3.0578,-27.008,18.891399999999997,175,75
2026-05-09 15:54:01.632,2,-0.57,-1.08,-0.5,10.7378,13.842,24.321399999999997,175,75
2026-05-09 15:54:01.643,2,-0.61,-1.12,-0.56,20.3778,61.221999999999994,28.8314,175,75
2026-05-09 15:54:01.657,2,-0.68,-0.95,-0.55,31.3478,103.292,21.941399999999998,175,75
2026-05-09 15:54:01.667,2,-0.65,-0.67,-0.44,40.3178,132.682,7.1213999999999995,175,75
2026-05-09 15:54:01.679,2,-0.48,-0.49,-0.27,39.1578,139.882,8.1014,175,75
2026-05-09 15:54:01.729,2,-0.26,-0.65,-0.12,26.9578,122.50200000000001,37.1214,175,75
2026-05-09 15:54:01.729,2,-0.15,-0.95,-0.1,16.9578,87.622,61.3914,175,75
2026-05-09 15:54:01.729,2,-0.16,-1.19,-0.11,12.567799999999998,52.251999999999995,73.2214,175,75
2026-05-09 15:54:01.750,2,-0.56,-1.44,-0.3,6.7177999999999995,23.962,52.9114,175,75
2026-05-09 15:54:01.750,2,-0.73,-1.34,-0.35,3.4277999999999995,26.712,11.6914,175,75
2026-05-09 15:54:01.774,2,-0.52,-0.82,-0.19,-3.0422000000000002,73.412,-69.8886,175,75
2026-05-09 15:54:01.774,2,-0.24,-0.53,-0.03,-3.8922,86.342,-67.7586,175,75
2026-05-09 15:54:01.785,2,-0.03,-0.26,0.06,-1.4522000000000004,111.462,-13.9186,175,75
2026-05-09 15:54:01.797,2,-0.15,-0.04,0.14,5.7378,134.512,39.6214,175,75
2026-05-09 15:54:01.797,2,-0.12,-0.07,0.23,13.427800000000001,128.052,38.2814,175,75
2026-05-09 15:54:01.820,2,-0.24,-0.13,0.39,10.617799999999999,67.072,-9.038599999999999,175,75
2026-05-09 15:54:01.860,2,-0.16,0.32,0.28,-22.6122,-1.218,-10.1386,175,75
2026-05-09 15:54:01.895,2,-0.31,0.32,0.2,-15.9022,8.292,-5.3786000000000005,175,75
2026-05-09 15:54:01.945,2,-0.28,0.54,0.38,-13.162200000000002,63.902,-32.6986,175,75
2026-05-09 15:54:01.956,2,-0.3,0.58,0.39,-15.662200000000002,41.641999999999996,-30.808600000000002,175,75
2026-05-09 15:54:01.981,2,-0.37,0.51,0.41,-14.322200000000002,-2.558,-20.6186,175,75
2026-05-09 15:54:01.981,2,-0.36,0.28,0.44,-13.892200000000003,-35.117999999999995,-10.9886,175,75
2026-05-09 15:54:01.991,2,-0.37,-0.05,0.47,-15.7822,-78.10799999999999,1.2713999999999999,175,75
2026-05-09 15:54:02.015,2,-0.39,-0.48,0.45,-19.5622,-143.228,19.321399999999997,175,75
2026-05-09 15:54:02.028,2,-0.5,-0.93,0.35,-20.412200000000002,-215.858,61.8214,175,75
2026-05-09 15:54:02.039,2,-0.71,-1.31,0.11,-18.1022,-277.25800000000004,109.7414,175,75
2026-05-09 15:54:02.067,2,-2.41,-1.75,-0.83,0.06779999999999964,-115.48799999999999,6.9414,175,75
2026-05-09 15:54:02.079,2,-2.11,-1.71,-0.81,7.9378,36.402,-61.778600000000004,175,75
2026-05-09 15:54:02.100,2,-1.41,-1.59,-0.46,22.267799999999998,139.082,-73.0586,175,75
2026-05-09 15:54:02.110,2,-0.99,-1.52,-0.08,38.5478,205.97199999999998,-29.5886,175,75
2026-05-09 15:54:02.110,2,-0.76,-1.48,0.14,50.5578,219.822,48.1014,175,75
2026-05-09 15:54:02.150,2,-1.21,-1.25,0.31,46.6578,89.512,82.5514,175,75
2026-05-09 15:54:02.181,2,-0.71,-0.24,0.07,-4.3222000000000005,-76.948,-112.9986,175,75
2026-05-09 15:54:02.207,2,0.23,0.6,-0.13,25.3178,-43.837999999999994,-28.9186,175,75
2026-05-09 15:54:02.207,2,-0.61,1.16,-0.25,59.0978,30.852,86.5714,175,75
2026-05-09 15:54:02.231,2,-0.26,0.38,0.03,59.5178,139.752,30.9014,175,75
2026-05-09 15:54:02.241,2,-0.45,0.1,0.18,17.3278,154.63199999999998,29.8614,175,75
2026-05-09 15:54:02.254,2,-0.3,0.15,0.23,-21.7022,135.002,20.231399999999997,175,75
2026-05-09 15:54:02.273,2,-0.41,0.34,0.22,-25.232200000000002,100.912,0.8413999999999999,175,75
2026-05-09 15:54:02.284,2,-0.39,0.49,0.21,-15.842200000000002,72.502,-7.208600000000001,175,75
2026-05-09 15:54:02.360,2,-0.39,-0.04,0.19,-11.092200000000002,15.732,17.6114,175,75
2026-05-09 15:54:02.382,2,-0.41,-0.44,0.21,-13.042200000000001,-6.158000000000001,32.791399999999996,175,75
2026-05-09 15:54:02.382,2,-0.41,-0.7,0.22,-12.792200000000001,-24.998,43.2814,175,75
2026-05-09 15:54:02.402,2,-0.56,-0.78,0.27,-9.8022,-50.117999999999995,63.401399999999995,175,75
2026-05-09 15:54:02.433,2,-0.85,-1.29,-0.11,10.0678,-59.02799999999999,85.9014,175,75
2026-05-09 15:54:02.445,2,-1.23,-1.33,-0.29,24.0978,-40.428,64.2514,175,75
2026-05-09 15:54:02.459,2,-1.56,-1.27,-0.35,34.7678,21.282,7.1814,175,75
2026-05-09 15:54:02.470,2,-1.44,-1.16,-0.23,36.7178,82.442,-29.468600000000002,175,75
2026-05-09 15:54:02.482,2,-1.08,-0.98,-0.01,35.257799999999996,126.462,-35.8686,175,75
2026-05-09 15:54:02.493,2,-0.81,-0.86,0.18,34.4578,135.242,-10.4386,175,75
2026-05-09 15:54:02.504,2,-0.61,-1.01,0.34,13.7878,66.222,64.1314,175,75
2026-05-09 15:54:02.525,2,-1.03,-0.81,0.28,-24.7422,25.912,15.8414,175,75
2026-05-09 15:54:02.533,2,-0.99,-0.67,0.28,-29.072200000000002,34.391999999999996,-23.9786,175,75
2026-05-09 15:54:02.548,2,-0.82,-0.43,0.31,-27.4322,41.582,-52.208600000000004,175,75
2026-05-09 15:54:02.561,2,-0.71,-0.12,0.34,-18.7722,45.242000000000004,-63.4286,175,75
2026-05-09 15:54:02.572,2,-0.43,0.13,0.35,-9.2622,55.242000000000004,-59.4686,175,75
2026-05-09 15:54:02.587,2,-0.23,0.39,0.3,-5.4822,79.632,8.2814,175,75
2026-05-09 15:54:02.598,2,-0.52,0.71,0.25,-1.0222000000000002,99.75200000000001,60.9614,175,75
2026-05-09 15:54:02.609,2,-0.47,0.79,0.33,6.1678,94.94200000000001,41.7514,175,75
2026-05-09 15:54:02.619,2,-0.47,0.8,0.36,5.3778,97.19200000000001,15.6614,175,75
2026-05-09 15:54:02.622,2,-0.42,0.83,0.32,0.06779999999999964,106.402,11.881400000000001,175,75
2026-05-09 15:54:02.637,2,-0.34,0.87,0.3,-6.022200000000001,97.382,21.0214,175,75
2026-05-09 15:54:02.648,2,-0.32,0.72,0.33,-12.792200000000001,76.582,23.2214,175,75
2026-05-09 15:54:02.662,2,-0.3,0.48,0.33,-21.1522,53.412,21.7514,175,75
2026-05-09 15:54:02.692,2,-0.39,0.08,0.22,-30.0522,3.782,14.9214,175,75
2026-05-09 15:54:02.692,2,-0.46,-0.09,0.13,-30.602200000000003,-13.778000000000002,15.2314,175,75
2026-05-09 15:54:02.719,2,-0.67,-0.4,-0.08,-24.0122,-16.528000000000002,13.711400000000001,175,75
2026-05-09 15:54:02.719,2,-0.71,-0.58,-0.16,-16.822200000000002,11.712,12.971400000000001,175,75
2026-05-09 15:54:02.749,2,-0.39,-1.08,-0.17,12.387799999999999,102.132,35.721399999999996,175,75
2026-05-09 15:54:02.757,2,-0.21,-1.27,-0.11,27.9378,114.212,52.4214,175,75
2026-05-09 15:54:02.769,2,-0.13,-1.41,-0.05,42.5678,103.602,66.9414,175,75
2026-05-09 15:54:02.781,2,-0.27,-1.25,-0.02,61.3478,69.452,61.9414,175,75
2026-05-09 15:54:02.810,2,-0.08,-1.24,-0.12,-5.6621999999999995,-119.63799999999999,-36.9686,175,75
2026-05-09 15:54:02.826,2,-0.11,-1.3,-0.23,-12.002200000000002,-119.028,-15.0786,175,75
2026-05-09 15:54:02.839,2,-0.29,-1.31,-0.39,3.1778,-102.49799999999999,-0.8686000000000001,175,75
2026-05-09 15:54:02.850,2,-0.45,-1.28,-0.52,25.1278,-84.268,-8.7286,175,75
2026-05-09 15:54:02.859,2,-0.7,-1.15,-0.59,42.6278,-60.428,-39.098600000000005,175,75
2026-05-09 15:54:02.882,2,-0.79,-1.02,-0.52,38.2378,-17.008,-69.3386,175,75
2026-05-09 15:54:02.882,2,-0.65,-0.83,-0.39,21.5978,31.712,-76.5386,175,75
2026-05-09 15:54:02.882,2,-0.54,-0.6,-0.22,13.8478,70.912,-51.2286,175,75
2026-05-09 15:54:02.895,2,-0.51,-0.43,-0.08,18.0578,100.792,-21.968600000000002,175,75
2026-05-09 15:54:02.920,2,-0.46,-0.33,0.05,29.2778,113.47200000000001,-5.8086,175,75
2026-05-09 15:54:02.920,2,-0.38,-0.28,0.19,43.7878,98.052,-4.5286,175,75
2026-05-09 15:54:02.946,2,-0.37,-0.21,0.39,45.1278,-38.477999999999994,-32.9386,175,75
2026-05-09 15:54:02.956,2,-0.43,-0.12,0.37,19.947799999999997,-113.778,-48.4286,175,75
2026-05-09 15:54:02.977,2,-0.47,0.16,0.17,-37.492200000000004,-190.36800000000002,-46.2286,175,75
2026-05-09 15:54:03.011,2,-0.72,0.65,-0.13,-1.5722000000000005,47.742000000000004,-31.898600000000002,175,75
2026-05-09 15:54:03.036,2,-0.64,0.68,0.15,-1.5722000000000005,132.62199999999999,-30.808600000000002,175,75
2026-05-09 15:54:03.053,2,-0.56,0.64,0.3,-10.412199999999999,140.552,-42.4486,175,75
2026-05-09 15:54:03.065,2,-0.44,0.62,0.45,-27.6722,92.802,-43.2486,175,75
2026-05-09 15:54:03.075,2,-0.42,0.57,0.52,-32.3722,49.391999999999996,-30.1386,175,75
2026-05-09 15:54:03.087,2,-0.44,0.44,0.56,-33.8922,-8.048000000000002,-13.788599999999999,175,75
2026-05-09 15:54:03.103,2,-0.46,0.2,0.56,-35.172200000000004,-76.708,1.0814,175,75
2026-05-09 15:54:03.117,2,-0.5,-0.09,0.51,-43.5222,-144.638,19.191399999999998,175,75
2026-05-09 15:54:03.138,2,-0.44,-0.73,0.41,-68.28219999999999,-225.428,62.1214,175,75
2026-05-09 15:54:03.144,2,-0.57,-1.12,0.24,-73.8322,-228.228,79.1914,175,75
2026-05-09 15:54:03.167,2,-0.97,-1.46,-0.05,-58.3422,-163.478,77.6714,175,75
2026-05-09 15:54:03.208,2,-1.24,-1.3,-0.04,43.6678,57.19199999999999,-37.208600000000004,175,75
2026-05-09 15:54:03.219,2,-0.94,-1.23,0.13,45.1978,58.962,-47.8786,175,75
2026-05-09 15:54:03.259,2,-0.83,-1.55,0.12,-3.0422000000000002,33.962,30.351399999999998,175,75
2026-05-09 15:54:03.284,2,-0.84,-1.02,0.23,23.907799999999998,44.022,-64.6486,175,75
2026-05-09 15:54:03.323,2,-0.21,0.34,0.18,24.157799999999998,-14.388000000000002,-90.2586,175,75
2026-05-09 15:54:03.377,2,-0.56,0.25,0.31,1.6577999999999997,10.612,14.131400000000001,175,75
2026-05-09 15:54:03.430,2,-0.58,0.7,0.04,-2.5522,-42.378,54.2514,175,75
2026-05-09 15:54:03.507,2,-0.51,-0.09,0.16,-15.112200000000001,-46.52799999999999,17.1814,175,75
2026-05-09 15:54:03.507,2,-0.46,-0.21,0.14,-17.732200000000002,-57.74799999999999,31.211399999999998,175,75
2026-05-09 15:54:03.507,2,-0.37,-0.42,0.13,-22.6122,-69.99799999999999,44.5614,175,75
2026-05-09 15:54:03.537,2,-0.42,-1.14,0.01,-24.7422,-47.74799999999999,45.4114,175,75
2026-05-09 15:54:03.549,2,-0.62,-1.15,-0.04,-14.8722,-20.548,38.8914,175,75
2026-05-09 15:54:03.560,2,-0.8,-1.08,-0.07,-0.41220000000000034,12.802,15.291400000000001,175,75
2026-05-09 15:54:03.605,2,-0.47,-1.16,0.15,-7.002200000000001,42.861999999999995,-17.9986,175,75
2026-05-09 15:54:03.608,2,-0.49,-1.25,0.16,-11.9422,57.861999999999995,4.801399999999999,175,75
2026-05-09 15:54:03.648,2,-0.51,-0.81,0.33,9.8278,71.582,-64.5286,175,75
2026-05-09 15:54:03.664,2,-0.37,-0.61,0.41,8.1778,58.111999999999995,-87.4486,175,75
2026-05-09 15:54:03.676,2,0.08,-0.28,0.57,-7.3022,42.012,-116.4186,175,75
2026-05-09 15:54:03.689,2,0.32,-0.14,0.58,-13.342200000000002,50.182,-83.1186,175,75
2026-05-09 15:54:03.702,2,0.36,0.07,0.57,-13.342200000000002,42.932,-36.4786,175,75
2026-05-09 15:54:03.714,2,0.45,0.11,0.62,-3.8922,-4.088000000000001,-85.9886,175,75
2026-05-09 15:54:03.768,2,1.27,0.52,0.51,25.7978,21.522,-116.1086,175,75
2026-05-09 15:54:03.768,2,1.5,0.31,0.54,33.1778,35.122,-143.11860000000001,175,75
2026-05-09 15:54:03.781,2,1.71,0.02,0.5,34.0378,24.631999999999998,-167.0886,175,75
2026-05-09 15:54:03.781,2,1.85,-0.23,0.42,32.3878,-9.878000000000004,-186.6586,175,75
2026-05-09 15:54:03.806,2,2.24,-0.96,0.22,28.9778,-76.098,-246.3586,175,75
2026-05-09 15:54:03.816,2,2.32,-1.48,0.0,22.2078,-68.048,-286.3586,175,75
2026-05-09 15:54:03.827,2,2.31,-2.08,-0.27,10.0078,-54.818,-327.7586,175,75
2026-05-09 15:54:03.854,2,1.75,-3.14,-0.63,-28.462200000000003,16.582,-362.7586,175,75
2026-05-09 15:54:03.877,2,1.16,-3.44,-0.57,-13.6522,195.91199999999998,-332.2086,175,75
2026-05-09 15:54:03.889,2,0.8,-3.04,-0.2,98.1778,223.902,-358.97860000000003,175,75
2026-05-09 15:54:04.019,2,-0.23,-2.78,0.17,44.6478,-90.05799999999999,-422.3286,175,75
2026-05-09 15:54:04.046,2,-0.8,-1.27,-0.42,-37.4322,-119.08800000000001,-465.8686,175,75
2026-05-09 15:54:04.046,2,-0.84,-0.8,-0.38,-36.8222,-59.328,-437.3886,175,75
2026-05-09 15:54:04.062,2,-0.61,-0.22,-0.26,-21.7622,29.572,-311.8986,175,75
2026-05-09 15:54:04.075,2,-0.84,0.17,0.01,5.4978,120.792,-177.6386,175,75
2026-05-09 15:54:04.080,2,-0.65,0.11,0.16,7.6278,88.662,-189.6486,175,75
2026-05-09 15:54:04.091,2,-0.86,0.14,0.29,0.19779999999999998,17.992,-204.7686,175,75
2026-05-09 15:54:04.101,2,-0.9,0.23,0.32,-22.0622,-50.488,-213.11860000000001,175,75
2026-05-09 15:54:04.112,2,-0.82,0.46,0.24,-87.9122,-175.668,-171.2886,175,75
2026-05-09 15:54:04.112,2,-0.93,0.55,0.16,-112.3022,-213.71800000000002,-120.1986,175,75
2026-05-09 15:54:04.124,2,-1.13,0.5,0.11,-121.8822,-208.96800000000002,-76.4786,175,75
2026-05-09 15:54:04.135,2,-1.05,0.35,0.06,-124.62219999999999,-163.83800000000002,-25.928600000000003,175,75
2026-05-09 15:54:04.135,2,-0.56,0.15,0.14,-124.62219999999999,-121.218,-54.528600000000004,175,75
2026-05-09 15:54:04.157,2,-1.3,0.12,0.13,-122.98219999999999,-30.248,-88.4886,175,75
2026-05-09 15:54:04.170,2,-0.71,0.29,0.28,-96.76219999999999,44.882000000000005,-90.3186,175,75
2026-05-09 15:54:04.181,2,-0.77,0.34,0.34,-85.9022,60.852000000000004,-78.8586,175,75
2026-05-09 15:54:04.197,2,-0.69,0.3,0.39,-72.5522,56.641999999999996,-68.18860000000001,175,75
2026-05-09 15:54:04.239,2,-0.52,0.46,0.49,-41.8222,26.102,-53.9786,175,75
2026-05-09 15:54:04.239,2,-0.28,0.55,0.51,-34.992200000000004,20.972,-51.9686,175,75
2026-05-09 15:54:04.254,2,0.17,0.66,0.58,-30.602200000000003,5.302,-40.6186,175,75
2026-05-09 15:54:04.299,2,0.27,0.99,0.57,-48.9522,-91.27799999999999,-56.4786,175,75
2026-05-09 15:54:04.310,2,0.19,1.26,0.44,-43.4022,-92.258,-55.8686,175,75
2026-05-09 15:54:04.321,2,0.36,1.51,0.43,-36.632200000000005,-78.538,-47.0886,175,75
2026-05-09 15:54:04.371,2,0.63,1.37,0.49,-55.6022,-56.158,-31.6586,175,75
2026-05-09 15:54:04.381,2,0.46,1.62,0.36,-47.062200000000004,-73.968,-30.3186,175,75
2026-05-09 15:54:04.392,2,0.45,2.23,0.18,-8.2822,-63.718,8.8314,175,75
2026-05-09 15:54:04.402,2,0.54,2.21,0.18,-9.932200000000002,-58.968,39.9914,175,75
2026-05-09 15:54:04.402,2,0.46,1.81,0.17,-35.172200000000004,-45.178,56.1414,175,75
2026-05-09 15:54:04.421,2,0.39,1.64,0.1,-41.0222,-32.617999999999995,66.0814,175,75
2026-05-09 15:54:04.435,2,0.53,1.5,0.2,-29.562200000000004,-10.488000000000003,71.9414,175,75
2026-05-09 15:54:04.446,2,0.72,1.25,0.37,-28.8322,4.6320000000000014,69.6814,175,75
2026-05-09 15:54:04.458,2,0.84,0.99,0.52,-40.7822,-14.447999999999997,57.8514,175,75
2026-05-09 15:54:04.459,2,0.72,1.0,0.54,-47.1222,-57.007999999999996,48.9514,175,75
2026-05-09 15:54:04.481,2,0.55,0.94,0.52,-33.5222,-170.428,45.2314,175,75
2026-05-09 15:54:04.493,2,0.48,0.79,0.44,-41.9422,-211.21800000000002,46.5114,175,75
2026-05-09 15:54:04.505,2,0.47,0.69,0.3,-52.6122,-248.598,44.1914,175,75
2026-05-09 15:54:04.515,2,0.38,0.6,0.16,-59.8722,-273.358,42.4214,175,75
2026-05-09 15:54:04.526,2,0.15,0.47,-0.05,-66.1522,-246.94800000000004,28.5814,175,75
2026-05-09 15:54:04.539,2,-0.05,0.37,-0.26,-71.8222,-166.58800000000002,16.1414,175,75
2026-05-09 15:54:04.555,2,-0.18,0.42,-0.44,-76.2122,-34.998000000000005,9.621400000000001,175,75
2026-05-09 15:54:04.575,2,-0.11,0.84,-0.17,-59.4422,205.242,4.801399999999999,175,75
2026-05-09 15:54:04.589,2,-0.07,0.88,0.11,-49.5022,270.972,0.29139999999999994,175,75
2026-05-09 15:54:04.601,2,0.02,0.83,0.4,-42.492200000000004,314.822,-13.0586,175,75
2026-05-09 15:54:04.601,2,0.09,0.76,0.58,-42.672200000000004,321.772,-28.4886,175,75
2026-05-09 15:54:04.615,2,0.19,0.72,0.73,-48.4622,297.682,-37.9386,175,75
2026-05-09 15:54:04.623,2,0.4,0.73,0.9,-58.9522,218.232,-38.1786,175,75
2026-05-09 15:54:04.634,2,0.49,0.78,1.03,-66.8222,125.36200000000001,-33.0586,175,75
2026-05-09 15:54:04.645,2,0.57,0.86,1.09,-68.89219999999999,8.782,-26.0486,175,75
2026-05-09 15:54:04.655,2,0.56,0.91,1.0,-64.3222,-72.928,-19.948600000000003,175,75
2026-05-09 15:54:04.718,2,0.28,1.57,0.05,-30.9022,-32.928,0.17139999999999994,175,75
2026-05-09 15:54:04.747,2,0.22,1.1,0.39,-34.742200000000004,104.69200000000001,-7.328600000000001,175,75
2026-05-09 15:54:04.773,2,0.26,1.45,0.49,-54.4422,31.522,28.4014,175,75
2026-05-09 15:54:04.785,2,0.36,1.5,0.51,-67.7922,-18.898,51.9414,175,75
2026-05-09 15:54:04.796,2,0.39,1.48,0.48,-75.0522,-67.008,69.3814,175,75
2026-05-09 15:54:04.801,2,0.49,1.34,0.4,-72.06219999999999,-110.48799999999999,84.8614,175,75
2026-05-09 15:54:04.810,2,0.68,1.2,0.36,-64.9922,-140.488,88.4014,175,75
2026-05-09 15:54:04.827,2,0.79,1.06,0.33,-60.7822,-158.96800000000002,85.6614,175,75
2026-05-09 15:54:04.850,2,0.78,0.75,0.15,-71.2122,-210.978,77.4214,175,75
2026-05-09 15:54:04.862,2,0.69,0.58,0.02,-84.9922,-243.598,71.7514,175,75
2026-05-09 15:54:04.875,2,0.64,0.4,-0.1,-101.76219999999999,-245.608,61.1414,175,75
2026-05-09 15:54:04.887,2,0.62,0.3,-0.25,-115.78219999999999,-227.258,46.5714,175,75
2026-05-09 15:54:04.904,2,0.64,0.31,-0.55,-130.78220000000002,-151.15800000000002,14.131400000000001,175,75
2026-05-09 15:54:04.919,2,0.54,0.33,-0.61,-130.6022,-82.74799999999999,4.0714,175,75
2026-05-09 15:54:04.932,2,0.41,0.34,-0.6,-132.06220000000002,-17.618,-3.4286,175,75
2026-05-09 15:54:04.945,2,0.24,0.47,-0.5,-135.72220000000002,76.582,-12.0886,175,75
2026-05-09 15:54:04.965,2,0.08,0.84,-0.1,-131.3922,223.35199999999998,-21.898600000000002,175,75
2026-05-09 15:54:04.975,2,0.2,1.07,0.32,-119.4422,310.122,-30.928600000000003,175,75
2026-05-09 15:54:04.991,2,0.43,1.24,0.66,-105.6022,342.80199999999996,-50.138600000000004,175,75
2026-05-09 15:54:04.991,2,0.66,1.41,0.99,-92.67219999999999,331.162,-68.4886,175,75
2026-05-09 15:54:05.006,2,0.8,1.58,1.29,-85.6022,271.892,-70.43860000000001,175,75
2026-05-09 15:54:05.008,2,0.78,1.73,1.58,-92.61219999999999,128.53199999999998,-60.3186,175,75
2026-05-09 15:54:05.022,2,0.73,1.87,1.64,-97.5522,-11.218,-45.3186,175,75
2026-05-09 15:54:05.035,2,0.64,1.95,1.67,-98.59219999999999,-139.208,-20.0786,175,75
2026-05-09 15:54:05.048,2,0.4,1.83,1.37,-94.50219999999999,-255.118,7.001399999999999,175,75
2026-05-09 15:54:05.081,2,0.22,2.09,0.53,-69.4422,-259.938,37.4214,175,75
2026-05-09 15:54:05.093,2,0.32,1.96,0.47,-52.6122,-157.55800000000002,34.7414,175,75
2026-05-09 15:54:05.129,2,0.56,1.49,0.64,-8.952200000000001,-41.587999999999994,22.1814,175,75
2026-05-09 15:54:05.137,2,0.48,1.36,0.74,-1.7022000000000004,-66.468,25.6614,175,75
2026-05-09 15:54:05.157,2,0.36,1.29,0.71,-6.512200000000001,-107.748,29.6814,175,75
2026-05-09 15:54:05.168,2,0.24,1.24,0.59,-16.212200000000003,-157.55800000000002,34.3814,175,75
2026-05-09 15:54:05.180,2,0.13,1.18,0.42,-22.552200000000003,-190.488,37.971399999999996,175,75
2026-05-09 15:54:05.191,2,0.08,1.06,0.28,-20.3522,-196.768,39.9214,175,75
2026-05-09 15:54:05.194,2,-0.03,0.71,0.13,-15.292200000000001,-144.14800000000002,28.8314,175,75
2026-05-09 15:54:05.207,2,-0.12,0.58,0.09,-13.952200000000001,-82.988,17.851399999999998,175,75
2026-05-09 15:54:05.216,2,-0.08,0.44,0.01,-11.2122,-30.788,12.8514,175,75
2026-05-09 15:54:05.252,2,-0.06,0.41,0.02,-9.2622,7.501999999999999,7.9113999999999995,175,75
2026-05-09 15:54:05.252,2,-0.02,0.43,0.07,-6.8222,34.082,2.3614,175,75
2026-05-09 15:54:05.263,2,-0.06,0.46,0.15,-5.842200000000001,52.501999999999995,-0.49860000000000004,175,75
2026-05-09 15:54:05.263,2,-0.11,0.46,0.22,-8.952200000000001,63.111999999999995,-2.2086,175,75
2026-05-09 15:54:05.273,2,-0.13,0.46,0.24,-15.662200000000002,62.501999999999995,-4.4686,175,75
2026-05-09 15:54:05.285,2,-0.14,0.48,0.28,-23.8322,52.192,-8.118599999999999,175,75
2026-05-09 15:54:05.318,2,-0.02,0.55,0.38,-23.462200000000003,33.532,-12.878599999999999,175,75
2026-05-09 15:54:05.356,2,0.32,0.9,0.31,-21.822200000000002,-11.278000000000002,-22.9986,175,75
2026-05-09 15:54:05.361,2,0.34,0.99,0.26,-21.212200000000003,-7.9879999999999995,-24.5286,175,75
2026-05-09 15:54:05.386,2,-0.04,1.48,-0.0,-18.462200000000003,36.462,-25.198600000000003,175,75
2026-05-09 15:54:05.398,2,-0.0,1.79,-0.07,-13.6522,89.022,-12.208599999999999,175,75
2026-05-09 15:54:05.441,2,0.49,1.49,0.33,-29.992200000000004,249.392,14.8614,175,75
2026-05-09 15:54:05.441,2,0.95,1.34,0.67,-41.2722,279.452,5.4113999999999995,175,75
2026-05-09 15:54:05.479,2,0.77,2.06,1.0,-22.1222,155.91199999999998,-8.548599999999999,175,75
2026-05-09 15:54:05.502,2,0.68,2.35,1.02,-17.6722,86.342,14.0114,175,75
2026-05-09 15:54:05.542,2,1.0,2.06,1.15,-66.45219999999999,-162.988,84.8614,175,75
2026-05-09 15:54:05.543,2,1.05,1.88,1.03,-79.7422,-239.26800000000003,88.4014,175,75
2026-05-09 15:54:05.553,2,1.05,1.73,0.87,-70.4122,-278.658,86.0814,175,75
2026-05-09 15:54:05.562,2,0.96,1.56,0.72,-49.992200000000004,-288.778,74.4414,175,75
2026-05-09 15:54:05.562,2,0.86,1.34,0.57,-41.8222,-281.528,56.3314,175,75
2026-05-09 15:54:05.586,2,0.73,1.21,0.34,-44.742200000000004,-312.25800000000004,43.401399999999995,175,75
2026-05-09 15:54:05.599,2,0.47,1.02,0.02,-34.382200000000005,-338.658,31.691399999999998,175,75
2026-05-09 15:54:05.626,2,-0.07,0.88,-0.46,-39.6222,-164.08800000000002,1.0213999999999999,175,75
2026-05-09 15:54:05.639,2,-0.21,0.91,-0.21,-32.492200000000004,228.292,3.8914,175,75
2026-05-09 15:54:05.651,2,-0.05,0.86,0.06,-24.5622,290.972,2.1814,175,75
2026-05-09 15:54:05.666,2,0.11,0.79,0.32,-13.8322,311.772,-6.5986,175,75
2026-05-09 15:54:05.678,2,0.21,0.69,0.51,-5.842200000000001,295.122,-18.2486,175,75
2026-05-09 15:54:05.678,2,0.29,0.6,0.66,-6.4522,255.302,-21.108600000000003,175,75
2026-05-09 15:54:05.699,2,0.38,0.5,0.84,-20.412200000000002,154.272,-21.4186,175,75
2026-05-09 15:54:05.710,2,0.42,0.49,0.9,-32.062200000000004,57.132000000000005,-22.148600000000002,175,75
2026-05-09 15:54:05.720,2,0.4,0.56,0.84,-36.9422,-35.178,-19.468600000000002,175,75
2026-05-09 15:54:05.731,2,0.34,0.72,0.62,-34.2622,-119.818,-15.378599999999999,175,75
2026-05-09 15:54:05.731,2,0.33,0.85,0.41,-30.9022,-169.93800000000002,-13.6086,175,75
2026-05-09 15:54:05.744,2,0.39,0.95,0.21,-29.202199999999998,-194.08800000000002,-9.6486,175,75
2026-05-09 15:54:05.759,2,0.3,0.96,0.06,-30.2922,-168.89800000000002,-22.0286,175,75
2026-05-09 15:54:05.773,2,0.01,0.98,-0.1,-30.352200000000003,-83.658,-36.4186,175,75
2026-05-09 15:54:05.786,2,-0.13,1.17,-0.26,-24.6222,6.831999999999999,-37.5786,175,75
2026-05-09 15:54:05.796,2,-0.04,1.56,-0.31,-3.0422000000000002,108.052,-30.4986,175,75
2026-05-09 15:54:05.796,2,0.17,1.67,-0.18,12.817799999999998,160.00199999999998,-20.2586,175,75
2026-05-09 15:54:05.811,2,0.43,1.5,0.09,18.3678,197.13199999999998,-14.278599999999999,175,75
2026-05-09 15:54:05.822,2,0.63,1.21,0.31,12.6278,199.88199999999998,-19.648600000000002,175,75
2026-05-09 15:54:05.828,2,0.67,1.0,0.46,-1.2722000000000007,160.422,-25.2586,175,75
2026-05-09 15:54:05.846,2,0.43,1.04,0.49,-21.7022,13.782,-13.6086,175,75
2026-05-09 15:54:05.856,2,0.22,1.23,0.34,-32.062200000000004,-79.758,6.211399999999999,175,75
2026-05-09 15:54:05.875,2,0.12,1.33,0.21,-44.382200000000005,-123.718,23.5814,175,75
2026-05-09 15:54:05.875,2,0.1,1.44,0.02,-56.2122,-148.288,44.5014,175,75
2026-05-09 15:54:05.899,2,0.06,1.42,-0.17,-61.272200000000005,-126.038,50.3514,175,75
2026-05-09 15:54:05.899,2,-0.09,1.3,-0.37,-50.2322,-27.928,57.0014,175,75
2026-05-09 15:54:05.910,2,0.01,1.21,-0.41,-34.4422,53.352000000000004,62.4914,175,75
2026-05-09 15:54:05.928,2,0.26,1.1,-0.25,-19.802200000000003,118.232,65.7214,175,75
2026-05-09 15:54:05.939,2,0.46,0.97,0.06,-17.6722,136.222,62.0014,175,75
2026-05-09 15:54:05.951,2,0.63,0.79,0.32,-29.9322,102.562,50.471399999999996,175,75
2026-05-09 15:54:05.951,2,0.63,0.68,0.41,-50.3522,34.692,46.1414,175,75
2026-05-09 15:54:05.980,2,0.7,0.53,0.42,-86.8222,-195.36800000000002,46.4514,175,75
2026-05-09 15:54:06.003,2,0.68,0.43,0.05,-102.00219999999999,-314.26800000000003,34.6814,175,75
2026-05-09 15:54:06.010,2,0.53,0.39,-0.17,-102.98219999999999,-310.668,21.0814,175,75
2026-05-09 15:54:06.021,2,0.32,0.44,-0.47,-100.11219999999999,-254.02800000000002,8.1014,175,75
2026-05-09 15:54:06.046,2,0.12,0.6,-0.68,-94.9922,-156.33800000000002,0.23139999999999994,175,75
2026-05-09 15:54:06.055,2,-0.1,0.89,-0.76,-92.12219999999999,-22.068,-2.1486,175,75
2026-05-09 15:54:06.066,2,-0.26,1.22,-0.69,-91.45219999999999,108.962,2.0014,175,75
2026-05-09 15:54:06.078,2,-0.21,1.58,-0.43,-82.61219999999999,265.362,9.2514,175,75
2026-05-09 15:54:06.101,2,0.66,1.72,0.61,-39.3222,424.822,-20.0086,175,75
2026-05-09 15:54:06.101,2,0.93,1.57,1.04,-38.4022,382.80199999999996,-33.1786,175,75
2026-05-09 15:54:06.116,2,1.14,1.51,1.41,-55.7222,246.712,-40.8086,175,75
2026-05-09 15:54:06.127,2,1.04,1.68,1.59,-79.7422,35.972,-25.378600000000002,175,75
2026-05-09 15:54:06.137,2,0.91,1.89,1.62,-83.6522,-171.27800000000002,3.9514,175,75
2026-05-09 15:54:06.142,2,0.72,1.89,1.44,-74.87219999999999,-297.558,29.621399999999998,175,75
2026-05-09 15:54:06.159,2,0.52,1.79,1.06,-68.95219999999999,-400.978,47.6714,175,75
2026-05-09 15:54:06.266,2,0.13,0.94,0.3,4.767799999999999,60.432,23.1614,175,75
2026-05-09 15:54:06.286,2,0.01,0.71,0.29,-16.9422,13.842,30.6614,175,75
2026-05-09 15:54:06.297,2,-0.0,0.64,0.28,-20.6022,-2.3180000000000014,30.8414,175,75
2026-05-09 15:54:06.311,2,0.0,0.56,0.25,-18.2222,-2.498000000000001,29.9214,175,75
2026-05-09 15:54:06.311,2,0.05,0.43,0.25,-12.912199999999999,15.792,23.8314,175,75
2026-05-09 15:54:06.335,2,0.06,0.34,0.27,-11.822199999999999,42.132000000000005,15.291400000000001,175,75
2026-05-09 15:54:06.348,2,0.02,0.48,0.36,-12.182200000000002,55.792,-0.8086000000000001,175,75
2026-05-09 15:54:06.359,2,-0.02,0.57,0.4,-16.7622,44.692,-2.6986,175,75
2026-05-09 15:54:06.370,2,-0.02,0.56,0.43,-23.5222,20.912,-4.4686,175,75
2026-05-09 15:54:06.388,2,-0.01,0.57,0.4,-29.132200000000005,-19.998,-5.8086,175,75
2026-05-09 15:54:06.401,2,0.05,0.65,0.29,-30.4822,-57.318,-4.948600000000001,175,75
2026-05-09 15:54:06.412,2,-0.01,0.79,0.17,-27.1222,-63.718,-5.1386,175,75
2026-05-09 15:54:06.435,2,0.09,0.87,0.05,-7.7322,58.962,-16.898600000000002,175,75
2026-05-09 15:54:06.458,2,0.34,0.84,0.13,-7.6122000000000005,72.072,-21.4186,175,75
2026-05-09 15:54:06.458,2,0.51,0.89,0.2,-10.412199999999999,53.292,-25.9886,175,75
2026-05-09 15:54:06.479,2,0.38,1.13,0.1,-14.132200000000001,24.881999999999998,-25.7486,175,75
2026-05-09 15:54:06.482,2,0.3,1.46,-0.06,-15.3522,15.001999999999999,-19.3386,175,75
2026-05-09 15:54:06.492,2,0.44,1.63,-0.13,-13.6522,38.352000000000004,-9.0986,175,75
2026-05-09 15:54:06.504,2,0.56,1.55,-0.09,-10.9022,102.072,-1.3586,175,75
2026-05-09 15:54:06.547,2,0.83,1.62,0.07,1.1677999999999997,122.44200000000001,1.3914,175,75
2026-05-09 15:54:06.585,2,0.87,1.99,0.19,0.7377999999999996,51.162,23.7714,175,75
2026-05-09 15:54:06.596,2,0.85,1.98,0.23,-20.482200000000002,5.361999999999998,38.4614,175,75
2026-05-09 15:54:06.610,2,0.74,1.81,0.18,-38.9522,-68.718,62.3014,175,75
2026-05-09 15:54:06.705,2,0.96,1.36,0.41,-60.8422,-97.378,76.5714,175,75
2026-05-09 15:54:06.748,2,0.13,0.7,-0.25,-80.11219999999999,-269.818,56.2714,175,75
2026-05-09 15:54:06.761,2,0.02,0.59,-0.42,-83.59219999999999,-166.21800000000002,51.7514,175,75
2026-05-09 15:54:06.761,2,0.02,0.55,-0.52,-78.5222,-74.148,46.3314,175,75
2026-05-09 15:54:06.785,2,0.08,0.56,-0.42,-69.7422,36.342,40.8414,175,75
2026-05-09 15:54:06.796,2,0.16,0.72,0.11,-50.6622,190.612,24.8614,175,75
2026-05-09 15:54:06.818,2,0.28,0.75,0.47,-37.9822,193.84199999999998,1.5114,175,75
2026-05-09 15:54:06.828,2,0.35,0.72,0.56,-38.8322,158.72199999999998,-0.3186000000000001,175,75
2026-05-09 15:54:06.828,2,0.45,0.67,0.66,-46.7022,83.112,0.29139999999999994,175,75
2026-05-09 15:54:06.840,2,0.52,0.61,0.69,-54.3222,22.502,-0.9286,175,75
2026-05-09 15:54:06.850,2,0.61,0.54,0.68,-62.242200000000004,-32.988,-0.9886,175,75
2026-05-09 15:54:06.850,2,0.7,0.47,0.61,-68.1022,-85.788,-4.828600000000001,175,75
2026-05-09 15:54:06.862,2,0.77,0.46,0.5,-68.7122,-132.37800000000001,-16.1686,175,75
2026-05-09 15:54:06.877,2,0.69,0.6,0.34,-62.612199999999994,-157.078,-28.4886,175,75
2026-05-09 15:54:06.877,2,0.6,0.78,0.19,-54.0722,-157.86800000000002,-38.9186,175,75
2026-05-09 15:54:06.888,2,0.44,0.92,0.02,-49.4422,-126.948,-47.638600000000004,175,75
2026-05-09 15:54:06.902,2,0.04,1.21,-0.18,-65.23219999999999,7.802,-55.5586,175,75
2026-05-09 15:54:06.928,2,0.26,1.56,-0.03,-32.672200000000004,123.842,-41.4786,175,75
2026-05-09 15:54:06.944,2,0.5,1.37,0.21,-21.3322,145.852,-36.2286,175,75
2026-05-09 15:54:06.955,2,0.52,1.12,0.39,-28.0422,132.252,-31.0486,175,75
2026-05-09 15:54:06.965,2,0.47,0.96,0.48,-44.0122,85.792,-25.378600000000002,175,75
2026-05-09 15:54:06.977,2,0.24,1.1,0.42,-58.7122,16.102,-11.8986,175,75
2026-05-09 15:54:06.977,2,-0.07,1.52,0.28,-62.4322,-37.257999999999996,9.621400000000001,175,75
2026-05-09 15:54:06.988,2,-0.28,1.82,0.15,-63.162200000000006,-40.117999999999995,33.6414,175,75
2026-05-09 15:54:07.012,2,-0.34,2.04,0.07,-61.7022,-1.0380000000000003,65.8414,175,75
2026-05-09 15:54:07.040,2,-0.1,1.91,0.13,-57.0022,47.382000000000005,91.2714,175,75
2026-05-09 15:54:07.055,2,0.31,1.59,0.26,-50.0522,59.022000000000006,100.7814,175,75
2026-05-09 15:54:07.055,2,0.65,1.19,0.44,-44.8022,27.322,102.6114,175,75
2026-05-09 15:54:07.066,2,0.78,0.75,0.62,-44.992200000000004,-47.318,97.2414,175,75
2026-05-09 15:54:07.077,2,0.7,0.5,0.62,-52.4322,-130.178,92.4214,175,75
2026-05-09 15:54:07.088,2,0.63,0.4,0.53,-60.6022,-210.30800000000002,87.9114,175,75
2026-05-09 15:54:07.099,2,0.68,0.4,0.37,-70.4122,-319.63800000000003,78.6414,175,75
2026-05-09 15:54:07.112,2,0.64,0.43,0.19,-77.98219999999999,-383.108,73.4614,175,75
2026-05-09 15:54:07.128,2,0.44,0.41,-0.15,-88.7722,-408.968,56.2114,175,75
2026-05-09 15:54:07.160,2,0.12,0.34,-0.55,-102.61219999999999,-354.69800000000004,33.8914,175,75
2026-05-09 15:54:07.170,2,-0.12,0.27,-0.8,-107.61219999999999,-269.69800000000004,27.731399999999997,175,75
2026-05-09 15:54:07.183,2,-0.36,0.18,-0.96,-111.1522,-128.83800000000002,23.3414,175,75
2026-05-09 15:54:07.183,2,-0.5,0.11,-0.98,-111.9422,42.682,27.121399999999998,175,75
2026-05-09 15:54:07.193,2,-0.34,0.15,-0.78,-106.09219999999999,215.422,31.3314,175,75
2026-05-09 15:54:07.205,2,-0.13,0.29,-0.42,-94.8022,338.962,30.051399999999997,175,75
2026-05-09 15:54:07.216,2,0.17,0.53,-0.0,-77.67219999999999,412.99199999999996,12.791400000000001,175,75
2026-05-09 15:54:07.261,2,0.33,1.2,0.5,-42.9122,326.222,-21.968600000000002,175,75
2026-05-09 15:54:07.273,2,0.26,1.71,0.6,-38.2822,246.402,-16.4786,175,75
2026-05-09 15:54:07.306,2,0.65,1.92,0.76,-64.4422,122.25200000000001,19.7414,175,75
2026-05-09 15:54:07.308,2,1.07,1.48,1.01,-89.62219999999999,40.972,28.8314,175,75
2026-05-09 15:54:07.318,2,1.32,1.1,1.1,-89.9922,-172.74800000000002,12.971400000000001,175,75
2026-05-09 15:54:07.323,2,1.13,1.55,0.83,-54.2622,-252.438,10.9014,175,75
2026-05-09 15:54:07.361,2,0.82,2.0,0.36,-34.8722,-332.25800000000004,40.4114,175,75
2026-05-09 15:54:07.372,2,0.59,1.9,0.12,-59.992200000000004,-303.718,40.5314,175,75
2026-05-09 15:54:07.384,2,0.41,1.74,-0.12,-68.0422,-192.49800000000002,36.6314,175,75
2026-05-09 15:54:07.396,2,0.63,1.46,-0.01,-23.8322,33.172,27.4914,175,75
2026-05-09 15:54:07.411,2,0.69,1.4,0.38,-10.842200000000002,79.822,18.2214,175,75
2026-05-09 15:54:07.436,2,0.62,1.11,0.75,-29.322200000000002,12.562,18.461399999999998,175,75
2026-05-09 15:54:07.446,2,0.44,0.99,0.76,-35.3522,-69.02799999999999,29.801399999999997,175,75
2026-05-09 15:54:07.458,2,0.29,0.97,0.62,-29.9322,-119.448,35.1714,175,75
2026-05-09 15:54:07.472,2,0.26,0.88,0.52,-24.802200000000003,-137.678,38.0314,175,75
2026-05-09 15:54:07.483,2,0.24,0.66,0.42,-22.2422,-139.388,39.9214,175,75
2026-05-09 15:54:07.499,2,0.2,0.46,0.36,-21.092200000000002,-117.07799999999999,32.2414,175,75
2026-05-09 15:54:07.499,2,0.21,0.36,0.3,-16.6322,-91.038,22.1814,175,75
2026-05-09 15:54:07.515,2,0.27,0.36,0.26,-5.9622,-80.548,9.801400000000001,175,75
2026-05-09 15:54:07.525,2,0.19,0.42,0.24,0.2577999999999996,-91.158,-0.9886,175,75
2026-05-09 15:54:07.525,2,0.11,0.42,0.2,-9.8022,-96.468,-5.3186,175,75
2026-05-09 15:54:07.565,2,0.05,0.42,0.13,-19.322200000000002,-97.258,-9.528599999999999,175,75
2026-05-09 15:54:07.565,2,0.03,0.46,0.02,-27.8522,-90.178,-16.968600000000002,175,75
2026-05-09 15:54:07.575,2,0.06,0.52,-0.06,-30.172200000000004,-78.968,-23.4886,175,75
2026-05-09 15:54:07.587,2,0.05,0.58,-0.14,-29.8022,-48.288,-28.428600000000003,175,75
2026-05-09 15:54:07.599,2,0.03,0.6,-0.15,-31.0922,-20.668000000000003,-31.358600000000003,175,75
2026-05-09 15:54:07.599,2,0.04,0.61,-0.08,-38.8922,15.362,-34.3386,175,75
2026-05-09 15:54:07.610,2,0.15,0.77,0.03,-49.562200000000004,28.902,-38.7286,175,75
2026-05-09 15:54:07.621,2,0.29,0.88,0.11,-52.062200000000004,12.862,-39.278600000000004,175,75
2026-05-09 15:54:07.634,2,0.38,0.95,0.13,-58.1022,-19.267999999999997,-39.6486,175,75
2026-05-09 15:54:07.646,2,0.3,1.05,0.08,-68.5222,-46.88799999999999,-37.1486,175,75
2026-05-09 15:54:07.646,2,0.16,1.23,-0.05,-75.11219999999999,-53.718,-35.0086,175,75
2026-05-09 15:54:07.665,2,0.22,1.44,-0.22,-69.87219999999999,-9.027999999999999,-17.878600000000002,175,75
2026-05-09 15:54:07.681,2,0.41,1.26,-0.17,-66.76219999999999,75.432,-8.4886,175,75
2026-05-09 15:54:07.693,2,0.47,1.31,-0.08,-64.01219999999999,112.932,-6.288600000000001,175,75
2026-05-09 15:54:07.707,2,0.35,1.83,0.05,-35.9622,99.452,6.0214,175,75
2026-05-09 15:54:07.767,2,0.76,1.8,0.35,-59.8722,-9.878000000000004,62.3014,175,75
2026-05-09 15:54:07.777,2,0.84,1.72,0.4,-62.8522,-49.99799999999999,68.2214,175,75
2026-05-09 15:54:07.792,2,0.91,1.65,0.45,-61.0222,-82.678,70.7214,175,75
2026-05-09 15:54:07.805,2,0.95,1.52,0.53,-63.22220000000001,-122.808,69.7414,175,75
2026-05-09 15:54:07.805,2,0.88,1.37,0.55,-68.89219999999999,-171.15800000000002,66.8814,175,75
2026-05-09 15:54:07.830,2,0.73,1.32,0.49,-69.4422,-219.02800000000002,62.9114,175,75
2026-05-09 15:54:07.835,2,0.46,1.4,0.11,-52.7322,-281.588,64.6214,175,75
2026-05-09 15:54:07.863,2,0.26,1.27,-0.04,-51.0222,-264.148,60.0514,175,75
2026-05-09 15:54:07.879,2,0.06,1.13,-0.25,-51.1522,-189.448,48.221399999999996,175,75
2026-05-09 15:54:07.880,2,0.02,1.02,-0.39,-43.2822,-51.27799999999999,38.7114,175,75
2026-05-09 15:54:07.883,2,0.08,0.98,-0.26,-31.632200000000005,81.582,35.291399999999996,175,75
2026-05-09 15:54:07.889,2,0.13,1.0,-0.03,-27.1222,146.582,29.9214,175,75
2026-05-09 15:54:07.916,2,0.18,0.99,0.27,-24.8722,182.922,20.8414,175,75
2026-05-09 15:54:07.916,2,0.18,0.91,0.46,-27.002200000000002,167.072,16.2114,175,75
2026-05-09 15:54:07.926,2,0.22,0.8,0.56,-32.0022,116.282,21.5114,175,75
2026-05-09 15:54:07.940,2,0.24,0.66,0.62,-35.4122,-20.308000000000003,30.8414,175,75
2026-05-09 15:54:07.959,2,0.35,0.7,0.41,-20.5422,-104.63799999999999,27.6114,175,75
2026-05-09 15:54:07.960,2,0.33,0.64,0.29,-15.7822,-128.96800000000002,22.3614,175,75
2026-05-09 15:54:07.971,2,0.28,0.56,0.22,-16.5122,-133.358,14.131400000000001,175,75
2026-05-09 15:54:07.978,2,0.26,0.49,0.12,-19.072200000000002,-128.108,5.9014,175,75
2026-05-09 15:54:07.979,2,0.26,0.5,-0.01,-21.7022,-125.248,-0.9286,175,75
2026-05-09 15:54:08.001,2,0.31,0.7,-0.24,-19.6822,-111.218,-15.198599999999999,175,75
2026-05-09 15:54:08.013,2,0.34,0.84,-0.32,-19.072200000000002,-84.698,-19.218600000000002,175,75
2026-05-09 15:54:08.027,2,0.43,0.96,-0.4,-21.822200000000002,-42.378,-25.0786,175,75
2026-05-09 15:54:08.036,2,0.49,0.96,-0.39,-27.8522,-9.148,-30.3186,175,75
2026-05-09 15:54:08.047,2,0.41,0.95,-0.34,-37.5522,18.842,-36.9686,175,75
2026-05-09 15:54:08.058,2,0.13,1.27,-0.28,-45.172200000000004,49.272,-38.8586,175,75
2026-05-09 15:54:08.085,2,0.32,1.24,-0.16,-43.6522,65.242,-21.288600000000002,175,75
2026-05-09 15:54:08.096,2,0.36,1.1,-0.08,-52.4322,65.492,-16.1686,175,75
2026-05-09 15:54:08.107,2,0.26,1.06,-0.07,-60.2322,50.972,-9.1586,175,75
2026-05-09 15:54:08.123,2,0.13,1.11,-0.05,-59.382200000000005,43.532,-0.9286,175,75
2026-05-09 15:54:08.123,2,-0.02,1.18,-0.06,-58.2222,52.382000000000005,9.7414,175,75
2026-05-09 15:54:08.160,2,-0.16,1.25,-0.05,-62.0622,79.572,28.281399999999998,175,75
2026-05-09 15:54:08.206,2,-0.14,1.42,-0.01,-60.2322,134.692,66.0814,175,75
2026-05-09 15:54:08.234,2,0.12,1.38,0.13,-45.4822,150.732,81.9414,175,75
2026-05-09 15:54:08.244,2,0.55,1.13,0.39,-36.0222,131.892,83.8914,175,75
2026-05-09 15:54:08.260,2,0.82,0.83,0.59,-42.8522,59.572,80.9014,175,75
2026-05-09 15:54:08.271,2,0.56,0.65,0.51,-67.06219999999999,-141.098,87.2414,175,75
2026-05-09 15:54:08.283,2,0.45,0.66,0.33,-68.89219999999999,-221.52800000000002,88.4614,175,75
2026-05-09 15:54:08.283,2,0.41,0.63,0.2,-68.6522,-263.968,82.9114,175,75
2026-05-09 15:54:08.297,2,0.45,0.55,0.03,-75.9622,-287.378,72.6114,175,75
2026-05-09 15:54:08.306,2,0.49,0.51,-0.13,-85.4122,-284.63800000000003,63.0314,175,75
2026-05-09 15:54:08.334,2,0.52,0.48,-0.28,-92.73219999999999,-272.25800000000004,51.6914,175,75
2026-05-09 15:54:08.345,2,0.5,0.41,-0.4,-96.8822,-247.00800000000004,39.861399999999996,175,75
2026-05-09 15:54:08.345,2,0.38,0.35,-0.52,-97.98219999999999,-207.988,29.9214,175,75
2026-05-09 15:54:08.377,2,0.0,0.65,-0.72,-99.3222,-75.91799999999999,11.7514,175,75
2026-05-09 15:54:08.388,2,-0.16,0.95,-0.73,-96.3322,15.852,13.221400000000001,175,75
2026-05-09 15:54:08.399,2,0.07,1.5,-0.47,-67.98219999999999,247.742,26.821399999999997,175,75
2026-05-09 15:54:08.410,2,0.54,1.54,-0.08,-48.5922,314.392,22.4914,175,75
2026-05-09 15:54:08.410,2,1.08,1.33,0.5,-34.562200000000004,293.412,-0.13860000000000006,175,75
2026-05-09 15:54:08.420,2,1.25,1.1,1.09,-53.1622,70.492,-19.1586,175,75
2026-05-09 15:54:08.436,2,1.09,1.26,1.1,-73.5222,-121.70799999999998,0.6614,175,75
2026-05-09 15:54:08.448,2,0.72,1.55,0.75,-77.7922,-319.57800000000003,32.791399999999996,175,75
2026-05-09 15:54:08.454,2,0.55,1.7,0.4,-82.4322,-396.098,42.9114,175,75
2026-05-09 15:54:08.461,2,0.36,1.88,0.11,-81.9422,-430.368,47.971399999999996,175,75
2026-05-09 15:54:08.484,2,-0.31,1.99,-0.62,-38.1622,-164.93800000000002,34.861399999999996,175,75
2026-05-09 15:54:08.510,2,0.36,1.37,0.05,7.6278,164.272,38.8314,175,75
2026-05-09 15:54:08.525,2,0.46,1.22,0.33,12.1478,162.862,27.551399999999997,175,75
2026-05-09 15:54:08.540,2,0.48,1.12,0.5,9.5878,104.572,25.601399999999998,175,75
2026-05-09 15:54:08.543,2,0.45,1.08,0.58,-3.1022,13.602,34.5014,175,75
2026-05-09 15:54:08.555,2,0.31,1.06,0.53,-25.842200000000002,-102.438,50.0514,175,75
2026-05-09 15:54:08.571,2,0.18,0.99,0.4,-40.9022,-157.86800000000002,58.221399999999996,175,75
2026-05-09 15:54:08.583,2,0.09,0.91,0.22,-43.8322,-175.728,62.1214,175,75
2026-05-09 15:54:08.583,2,0.03,0.79,0.09,-38.8322,-157.198,51.3914,175,75
2026-05-09 15:54:08.606,2,0.04,0.6,-0.04,-32.242200000000004,-89.268,37.0014,175,75
2026-05-09 15:54:08.606,2,0.14,0.46,-0.08,-29.502200000000002,-28.718,32.4214,175,75
2026-05-09 15:54:08.626,2,0.26,0.34,-0.0,-28.592200000000002,20.852,23.101399999999998,175,75
2026-05-09 15:54:08.636,2,0.32,0.29,0.11,-29.2622,30.732,16.0214,175,75
2026-05-09 15:54:08.645,2,0.33,0.3,0.2,-30.602200000000003,25.732,10.291400000000001,175,75
2026-05-09 15:54:08.671,2,0.32,0.34,0.25,-33.4022,5.302,2.1214,175,75
2026-05-09 15:54:08.705,2,0.16,0.62,0.11,-44.2022,-51.587999999999994,-14.708599999999999,175,75
2026-05-09 15:54:08.717,2,0.2,0.66,0.05,-38.2822,-34.818,-28.9786,175,75
2026-05-09 15:54:08.728,2,0.26,0.73,0.03,-32.4322,-35.05800000000001,-34.7686,175,75
2026-05-09 15:54:08.751,2,0.22,0.87,0.01,-35.9622,-46.708,-44.2186,175,75
2026-05-09 15:54:08.751,2,0.1,0.99,-0.06,-41.1522,-45.66799999999999,-43.9186,175,75
2026-05-09 15:54:08.771,2,-0.1,1.29,-0.23,-42.1822,-35.977999999999994,-39.278600000000004,175,75
2026-05-09 15:54:08.781,2,-0.1,1.57,-0.4,-35.9622,-12.867999999999999,-30.198600000000003,175,75
2026-05-09 15:54:08.792,2,0.07,1.53,-0.41,-30.1122,56.641999999999996,-12.1486,175,75
2026-05-09 15:54:08.808,2,0.24,1.18,-0.28,-37.9122,143.84199999999998,-0.008600000000000052,175,75
2026-05-09 15:54:08.819,2,0.38,1.26,-0.13,-37.062200000000004,158.78199999999998,-5.618600000000001,175,75
2026-05-09 15:54:08.831,2,0.39,1.64,-0.01,-17.4922,131.832,-4.3986,175,75
2026-05-09 15:54:08.855,2,0.42,2.05,0.11,-6.092200000000001,78.052,25.2914,175,75
2026-05-09 15:54:08.904,2,0.47,1.88,0.18,-45.4822,6.6419999999999995,56.0214,175,75
2026-05-09 15:54:08.905,2,0.48,1.91,0.1,-40.2922,-26.218,70.1714,175,75
2026-05-09 15:54:08.934,2,0.82,1.37,0.36,-26.0222,-76.52799999999999,85.8414,175,75
2026-05-09 15:54:08.946,2,0.66,0.98,0.42,-33.7722,-164.698,79.31139999999999,175,75
2026-05-09 15:54:08.959,2,0.62,0.95,0.39,-27.1822,-231.15800000000002,71.1414,175,75
2026-05-09 15:54:08.973,2,0.38,0.92,0.15,-23.4022,-331.88800000000003,67.7314,175,75
2026-05-09 15:54:08.982,2,0.23,0.9,-0.04,-28.892200000000003,-342.988,57.791399999999996,175,75
2026-05-09 15:54:08.996,2,-0.02,0.89,-0.31,-31.0922,-281.278,44.0714,175,75
2026-05-09 15:54:09.008,2,-0.14,0.9,-0.51,-28.0422,-187.078,40.2314,175,75
2026-05-09 15:54:09.019,2,-0.17,0.86,-0.62,-24.3822,-75.488,39.5014,175,75
2026-05-09 15:54:09.028,2,-0.1,0.76,-0.57,-26.6322,28.172,37.4214,175,75
2026-05-09 15:54:09.030,2,-0.01,0.73,-0.44,-29.992200000000004,97.682,34.3814,175,75
2026-05-09 15:54:09.086,2,0.24,0.81,0.09,-17.1222,191.22199999999998,17.9114,175,75
2026-05-09 15:54:09.107,2,0.44,0.71,0.31,-28.2222,122.50200000000001,0.6013999999999999,175,75
2026-05-09 15:54:09.130,2,0.53,0.6,0.36,-46.7022,-10.547999999999998,-2.8786,175,75
2026-05-09 15:54:09.130,2,0.52,0.62,0.29,-53.1022,-62.49799999999999,-5.3786000000000005,175,75
2026-05-09 15:54:09.143,2,0.53,0.69,-0.03,-63.5922,-144.698,-15.378599999999999,175,75
2026-05-09 15:54:09.190,2,0.37,0.78,-0.22,-65.9022,-132.928,-28.178600000000003,175,75
2026-05-09 15:54:09.204,2,0.13,1.02,-0.4,-62.552200000000006,-73.048,-32.7586,175,75
2026-05-09 15:54:09.215,2,-0.02,1.24,-0.49,-54.8022,-12.928,-28.9186,175,75
2026-05-09 15:54:09.215,2,-0.03,1.41,-0.52,-44.0722,46.712,-21.4786,175,75
2026-05-09 15:54:09.231,2,0.23,1.38,-0.41,-31.272199999999998,106.64200000000001,-11.288599999999999,175,75
2026-05-09 15:54:09.241,2,0.37,1.13,-0.17,-30.172200000000004,134.452,-5.1386,175,75
2026-05-09 15:54:09.252,2,0.37,1.07,-0.04,-32.0022,121.462,-9.2186,175,75
2026-05-09 15:54:09.259,2,0.12,1.09,-0.01,-31.5122,86.22200000000001,5.171399999999999,175,75
2026-05-09 15:54:09.263,2,-0.12,1.17,0.03,-34.3222,65.852,13.6414,175,75
2026-05-09 15:54:09.278,2,-0.05,1.24,0.01,-41.0922,51.891999999999996,28.641399999999997,175,75
2026-05-09 15:54:09.300,2,-0.03,1.18,-0.05,-33.7122,48.842,86.9414,175,75
2026-05-09 15:54:09.313,2,0.11,0.83,0.19,-20.1722,73.052,72.5514,175,75
2026-05-09 15:54:09.322,2,0.2,0.77,0.26,-26.3322,44.022,69.56139999999999,175,75
2026-05-09 15:54:09.335,2,0.39,0.75,0.27,-35.8422,-31.947999999999997,74.5014,175,75
2026-05-09 15:54:09.346,2,0.47,0.77,0.2,-44.8022,-143.89800000000002,91.2714,175,75
2026-05-09 15:54:09.365,2,0.47,0.74,-0.15,-50.4122,-283.228,100.6014,175,75
2026-05-09 15:54:09.375,2,0.24,0.57,-0.42,-50.2922,-276.158,70.5314,175,75
2026-05-09 15:54:09.392,2,0.17,0.42,-0.65,-58.8322,-172.61800000000002,53.4614,175,75
2026-05-09 15:54:09.409,2,0.26,0.43,-0.59,-74.1322,-44.99799999999999,28.4014,175,75
2026-05-09 15:54:09.462,2,0.23,0.68,-0.35,-80.2922,-6.338000000000001,15.9014,175,75
2026-05-09 15:54:09.473,2,0.1,0.87,-0.3,-93.1022,37.012,13.5814,175,75
2026-05-09 15:54:09.484,2,0.03,1.09,-0.32,-92.12219999999999,72.802,11.631400000000001,175,75
2026-05-09 15:54:09.494,2,0.19,1.63,-0.16,-64.01219999999999,177.072,14.0714,175,75
2026-05-09 15:54:09.512,2,0.95,1.57,0.42,-43.2822,227.992,-5.3786000000000005,175,75
2026-05-09 15:54:09.517,2,1.27,1.42,0.7,-53.7122,167.012,-12.878599999999999,175,75
2026-05-09 15:54:09.537,2,1.34,1.45,0.92,-64.8022,16.582,-12.5086,175,75
2026-05-09 15:54:09.537,2,1.22,1.65,0.96,-61.33220000000001,-123.10799999999999,-2.8186,175,75
2026-05-09 15:54:09.590,2,0.67,1.91,0.48,-49.8022,-312.19800000000004,27.731399999999997,175,75
2026-05-09 15:54:09.605,2,0.18,2.08,-0.06,-50.172200000000004,-353.968,43.2814,175,75
2026-05-09 15:54:09.615,2,-0.06,1.99,-0.3,-40.9022,-281.158,35.8414,175,75
2026-05-09 15:54:09.615,2,-0.36,1.79,-0.45,-25.052200000000003,-138.89800000000002,22.0014,175,75
2026-05-09 15:54:09.627,2,-0.18,1.66,-0.56,1.8377999999999997,38.052,29.2514,175,75
2026-05-09 15:54:09.637,2,0.03,1.54,-0.41,16.2278,103.532,31.7514,175,75
2026-05-09 15:54:09.650,2,0.14,1.4,-0.06,28.3678,138.112,28.641399999999997,175,75
2026-05-09 15:54:09.650,2,0.19,1.28,0.12,31.7178,150.242,27.0614,175,75
2026-05-09 15:54:09.664,2,0.24,1.11,0.25,27.8178,138.232,26.7514,175,75
2026-05-09 15:54:09.664,2,0.29,0.99,0.31,19.6478,103.72200000000001,28.641399999999997,175,75
2026-05-09 15:54:09.681,2,0.26,0.86,0.34,7.017799999999999,32.932,33.1014,175,75
2026-05-09 15:54:09.712,2,0.1,0.64,0.23,-10.9622,-82.13799999999999,39.6814,175,75
2026-05-09 15:54:09.734,2,0.07,0.52,0.15,-14.382200000000001,-105.85799999999999,38.221399999999996,175,75
2026-05-09 15:54:09.734,2,-0.06,0.34,-0.02,-21.572200000000002,-86.218,23.461399999999998,175,75
2026-05-09 15:54:09.745,2,-0.04,0.3,-0.12,-23.6522,-37.138000000000005,15.051400000000001,175,75
2026-05-09 15:54:09.778,2,0.03,0.55,-0.05,-24.5622,34.751999999999995,-4.038600000000001,175,75
2026-05-09 15:54:09.821,2,0.09,0.72,-0.0,-28.592200000000002,40.182,-14.6486,175,75
2026-05-09 15:54:09.838,2,0.11,0.76,-0.0,-28.892200000000003,39.942,-17.0286,175,75
2026-05-09 15:54:09.863,2,0.18,0.81,0.0,-29.382200000000005,42.192,-25.928600000000003,175,75
2026-05-09 15:54:09.877,2,0.24,0.86,0.0,-27.4922,42.382000000000005,-29.5886,175,75
2026-05-09 15:54:09.899,2,0.23,1.35,-0.04,-31.272199999999998,16.162,-35.5586,175,75
2026-05-09 15:54:09.921,2,0.24,1.44,-0.1,-43.7122,10.362,-24.0986,175,75
2026-05-09 15:54:09.922,2,0.31,1.34,-0.08,-51.0222,20.122,-14.5886,175,75
2026-05-09 15:54:09.932,2,0.51,1.19,-0.0,-52.1822,41.832,-9.3386,175,75
2026-05-09 15:54:09.932,2,0.5,1.28,0.0,-46.2122,48.232,-6.7786,175,75
2026-05-09 15:54:09.953,2,0.23,2.0,-0.12,-17.732200000000002,33.602000000000004,22.4214,175,75
2026-05-09 15:54:09.968,2,0.26,1.97,-0.07,-14.9922,54.822,44.861399999999996,175,75
2026-05-09 15:54:09.979,2,0.38,1.76,0.0,-17.6122,78.052,58.9514,175,75
2026-05-09 15:54:09.991,2,0.5,1.65,0.08,-15.7222,84.692,66.45139999999999,175,75
2026-05-09 15:54:10.060,2,0.81,1.18,0.42,0.43779999999999974,-26.587999999999997,80.3514,175,75
2026-05-09 15:54:10.084,2,0.45,0.95,0.27,-20.2922,-186.27800000000002,79.0714,175,75
2026-05-09 15:54:10.095,2,0.32,0.9,0.02,-17.2422,-228.96800000000002,69.6214,175,75
2026-05-09 15:54:10.095,2,0.32,0.85,-0.09,-18.6522,-218.89800000000002,62.361399999999996,175,75
2026-05-09 15:54:10.108,2,0.24,0.81,-0.18,-23.2822,-192.74800000000002,57.4914,175,75
2026-05-09 15:54:10.135,2,0.06,0.73,-0.27,-36.0922,-109.698,48.3414,175,75
2026-05-09 15:54:10.174,2,0.08,0.84,-0.22,-43.3422,14.332,41.7514,175,75
2026-05-09 15:54:10.186,2,0.18,0.92,-0.17,-39.0722,54.391999999999996,39.9914,175,75
2026-05-09 15:54:10.197,2,0.39,0.83,0.04,-33.7122,105.552,28.8314,175,75
2026-05-09 15:54:10.215,2,0.52,0.75,0.24,-28.892200000000003,101.282,14.9214,175,75
2026-05-09 15:54:10.246,2,0.73,0.68,0.32,-33.5222,11.642,3.7714,175,75
2026-05-09 15:54:10.246,2,0.78,0.66,0.32,-37.8522,-34.818,-0.008600000000000052,175,75
2026-05-09 15:54:10.282,2,0.55,0.89,-0.03,-46.5122,-139.758,-22.0886,175,75
2026-05-09 15:54:10.302,2,0.43,0.99,-0.18,-46.7622,-134.208,-25.378600000000002,175,75
2026-05-09 15:54:10.302,2,0.38,1.09,-0.32,-43.8322,-108.288,-25.7486,175,75
2026-05-09 15:54:10.330,2,0.42,0.94,-0.38,-25.232200000000002,-5.308,-21.968600000000002,175,75
2026-05-09 15:54:10.330,2,0.3,0.94,-0.33,-23.2822,9.822,-23.6686,175,75
2026-05-09 15:54:10.363,2,-0.02,1.16,-0.31,-14.8722,41.952,-9.3986,175,75
2026-05-09 15:54:10.363,2,-0.16,1.21,-0.3,-18.1022,65.432,3.8914,175,75
2026-05-09 15:54:10.384,2,-0.2,1.27,-0.31,-23.592200000000002,94.512,24.191399999999998,175,75
2026-05-09 15:54:10.384,2,-0.11,1.32,-0.28,-20.7822,112.932,39.2514,175,75
2026-05-09 15:54:10.396,2,0.1,1.24,-0.2,-13.2222,126.772,54.5614,175,75
2026-05-09 15:54:10.399,2,0.37,1.05,-0.06,-9.5622,123.47200000000001,61.5114,175,75
2026-05-09 15:54:10.431,2,0.6,0.73,0.1,-16.8822,56.402,62.791399999999996,175,75
2026-05-09 15:54:10.460,2,0.44,0.66,0.03,-37.8522,-65.66799999999999,59.5614,175,75
2026-05-09 15:54:10.460,2,0.38,0.68,-0.05,-45.1122,-106.82799999999999,56.6914,175,75
2026-05-09 15:54:10.501,2,0.29,0.42,-0.29,-82.9122,-81.52799999999999,27.551399999999997,175,75
2026-05-09 15:54:10.527,2,0.18,0.45,-0.23,-99.9922,-44.44799999999999,7.7314,175,75
2026-05-09 15:54:10.549,2,0.05,0.72,-0.27,-104.9322,3.3520000000000003,-0.4386000000000001,175,75
2026-05-09 15:54:10.641,2,0.99,1.75,1.02,-34.8722,-70.488,-10.5586,175,75
2026-05-09 15:54:10.652,2,0.73,1.9,0.8,-37.672200000000004,-174.08800000000002,3.2814,175,75
2026-05-09 15:54:10.652,2,0.51,1.98,0.52,-49.0122,-240.428,12.4914,175,75
2026-05-09 15:54:10.676,2,0.31,2.08,0.21,-53.8322,-288.598,22.301399999999997,175,75
2026-05-09 15:54:10.686,2,0.14,2.12,-0.03,-46.9422,-291.648,36.8214,175,75
2026-05-09 15:54:10.724,2,-0.11,1.77,-0.41,-24.8722,-122.86800000000001,27.731399999999997,175,75
2026-05-09 15:54:10.760,2,0.46,1.5,-0.21,8.6678,120.792,30.7214,175,75
2026-05-09 15:54:10.801,2,0.29,1.22,0.31,5.5578,158.53199999999998,13.7714,175,75
2026-05-09 15:54:10.845,2,0.06,0.8,0.43,-22.732200000000002,-107.318,42.8514,175,75
2026-05-09 15:54:10.889,2,-0.14,0.36,0.11,-30.6622,-122.808,31.5114,175,75
2026-05-09 15:54:10.900,2,-0.12,0.32,-0.06,-28.342200000000002,-6.277999999999999,16.8814,175,75
2026-05-09 15:54:10.913,2,0.05,0.46,0.07,-28.6522,48.602000000000004,7.1213999999999995,175,75
2026-05-09 15:54:10.925,2,0.09,0.6,0.25,-30.7222,57.501999999999995,-4.2786,175,75
2026-05-09 15:54:10.948,2,0.14,0.69,0.34,-34.132200000000005,18.602,-17.9986,175,75
2026-05-09 15:54:10.972,2,0.26,0.81,0.32,-29.992200000000004,1.161999999999999,-25.1386,175,75
2026-05-09 15:54:10.983,2,0.44,0.93,0.28,-24.2022,-22.068,-28.428600000000003,175,75
2026-05-09 15:54:10.983,2,0.49,1.04,0.24,-18.162200000000002,-47.80799999999999,-30.4986,175,75
2026-05-09 15:54:11.035,2,0.44,1.14,0.17,-17.1222,-58.41799999999999,-34.0386,175,75
2026-05-09 15:54:11.047,2,0.39,1.26,0.04,-16.5122,-52.80799999999999,-30.8686,175,75
2026-05-09 15:54:11.070,2,0.82,1.05,0.04,-14.6222,-54.208,-27.5086,175,75
2026-05-09 15:54:11.070,2,0.8,1.08,0.0,-13.342200000000002,-76.398,-28.4886,175,75
2026-05-09 15:54:11.086,2,0.59,1.29,-0.14,-14.4422,-99.208,-25.928600000000003,175,75
2026-05-09 15:54:11.102,2,0.02,1.95,-0.61,-17.982200000000002,-39.087999999999994,0.23139999999999994,175,75
2026-05-09 15:54:11.112,2,0.02,2.06,-0.63,-8.772200000000002,61.221999999999994,21.8814,175,75
2026-05-09 15:54:11.166,2,0.66,1.39,0.37,10.9878,169.212,61.0214,175,75
2026-05-09 15:54:11.177,2,0.89,1.16,0.62,-3.5222000000000007,113.172,63.8914,175,75
2026-05-09 15:54:11.177,2,0.99,0.93,0.82,-24.322200000000002,-4.448,63.4614,175,75
2026-05-09 15:54:11.177,2,0.94,0.86,0.84,-28.592200000000002,-109.20799999999998,61.5114,175,75
2026-05-09 15:54:11.187,2,0.67,0.92,0.62,-18.712200000000003,-254.69800000000004,62.5514,175,75
2026-05-09 15:54:11.198,2,0.35,1.05,0.32,-9.202200000000001,-338.838,67.9114,175,75
2026-05-09 15:54:11.199,2,0.08,1.07,0.06,-10.292200000000001,-376.038,77.6714,175,75
2026-05-09 15:54:11.210,2,-0.13,1.0,-0.16,-20.962200000000003,-350.858,64.2514,175,75
2026-05-09 15:54:11.253,2,-0.07,0.85,-0.44,-9.932200000000002,142.992,45.9614,175,75
2026-05-09 15:54:11.263,2,0.09,0.78,-0.1,-2.1222000000000003,202.322,40.0514,175,75
2026-05-09 15:54:11.279,2,0.32,0.72,0.5,0.5577999999999999,231.522,11.3314,175,75
2026-05-09 15:54:11.313,2,0.39,0.84,0.7,-11.7622,10.911999999999999,25.1114,175,75
2026-05-09 15:54:11.324,2,0.45,0.72,0.54,-14.802200000000003,-72.928,24.801399999999997,175,75
2026-05-09 15:54:11.363,2,0.6,0.67,0.28,-6.2122,-119.32799999999999,0.11139999999999994,175,75
2026-05-09 15:54:11.384,2,0.4,0.93,-0.08,5.1278,-66.098,-27.7586,175,75
2026-05-09 15:54:11.384,2,0.29,1.01,-0.22,6.0478,-22.678,-30.928600000000003,175,75
2026-05-09 15:54:11.395,2,0.28,1.08,-0.28,11.047799999999999,11.161999999999999,-30.6186,175,75
2026-05-09 15:54:11.406,2,0.29,1.11,-0.33,20.8678,60.55200000000001,-26.6586,175,75
2026-05-09 15:54:11.428,2,0.27,1.07,-0.28,25.677799999999998,103.902,-23.608600000000003,175,75
2026-05-09 15:54:11.428,2,0.28,1.04,-0.21,27.997799999999998,132.252,-21.358600000000003,175,75
2026-05-09 15:54:11.441,2,0.26,1.08,-0.16,29.4578,145.612,-15.748599999999998,175,75
2026-05-09 15:54:11.454,2,0.22,1.1,-0.12,29.0978,152.50199999999998,-8.7286,175,75
2026-05-09 15:54:11.479,2,0.11,1.13,-0.12,10.797799999999999,165.00199999999998,19.621399999999998,175,75
2026-05-09 15:54:11.493,2,0.15,1.28,-0.19,3.4277999999999995,177.44199999999998,34.5014,175,75
2026-05-09 15:54:11.493,2,0.23,1.38,-0.18,-1.2122000000000002,194.63199999999998,46.6314,175,75
2026-05-09 15:54:11.505,2,0.33,1.35,-0.05,-8.042200000000001,225.792,58.6414,175,75
2026-05-09 15:54:11.516,2,0.53,1.14,0.18,-19.2622,242.682,61.6914,175,75
2026-05-09 15:54:11.528,2,0.71,0.94,0.41,-35.1122,226.832,56.3314,175,75
2026-05-09 15:54:11.551,2,1.12,0.84,0.6,-69.62219999999999,71.102,48.4614,175,75
2026-05-09 15:54:11.575,2,1.23,0.88,0.47,-123.7122,-159.328,59.0714,175,75
2026-05-09 15:54:11.598,2,1.35,0.68,0.03,-174.7422,-332.678,64.6214,175,75
2026-05-09 15:54:11.603,2,1.19,0.54,-0.38,-187.1822,-324.63800000000003,44.9214,175,75
2026-05-09 15:54:11.615,2,1.39,0.43,-0.89,-195.6622,-259.75800000000004,26.691399999999998,175,75
2026-05-09 15:54:11.644,2,0.95,0.32,-1.43,-217.4922,-195.36800000000002,-15.928600000000001,175,75
2026-05-09 15:54:11.693,2,-0.14,1.01,-1.51,-179.6822,308.532,-75.3786,175,75
2026-05-09 15:54:11.693,2,-0.03,1.13,-1.05,-151.6322,487.072,-75.43860000000001,175,75
2026-05-09 15:54:11.705,2,0.21,1.07,-0.32,-109.50219999999999,639.512,-96.04860000000001,175,75
2026-05-09 15:54:11.717,2,0.71,0.93,0.35,-67.67219999999999,678.172,-140.61860000000001,175,75
2026-05-09 15:54:11.729,2,0.47,0.83,0.98,-29.072200000000002,645.672,-185.3786,175,75
2026-05-09 15:54:11.742,2,0.43,1.04,1.32,-20.5422,536.222,-198.6686,175,75
2026-05-09 15:54:11.759,2,0.09,1.41,1.31,-41.1522,333.352,-178.6686,175,75
2026-05-09 15:54:11.772,2,0.05,1.76,1.37,-57.7922,142.322,-138.6686,175,75
2026-05-09 15:54:11.809,2,-0.14,1.34,0.92,4.767799999999999,-121.70799999999998,-59.8286,175,75
2026-05-09 15:54:11.820,2,-0.22,1.34,0.78,20.7378,-96.708,-59.4686,175,75
2026-05-09 15:54:11.845,2,-0.33,1.15,0.74,56.1678,4.1419999999999995,-65.43860000000001,175,75
2026-05-09 15:54:11.854,2,-0.36,1.04,0.76,68.29780000000001,16.342,-60.1986,175,75
2026-05-09 15:54:11.867,2,-0.53,0.92,0.74,82.0878,14.572,-46.2286,175,75
2026-05-09 15:54:11.925,2,-1.03,0.63,0.72,137.93779999999998,77.562,-33.9186,175,75
2026-05-09 15:54:11.936,2,-0.78,0.44,0.93,174.0378,130.002,-5.198600000000001,175,75
2026-05-09 15:54:11.947,2,-0.73,0.23,0.99,176.34779999999998,113.902,14.131400000000001,175,75
2026-05-09 15:54:11.947,2,-0.66,-0.02,1.06,185.0078,57.80200000000001,25.2914,175,75
2026-05-09 15:54:11.955,2,-0.67,-0.16,1.08,169.9478,16.951999999999998,16.7514,175,75
2026-05-09 15:54:11.976,2,-0.6,-0.29,0.89,179.4578,1.032,2.3014,175,75
2026-05-09 15:54:11.988,2,-0.6,-0.33,0.69,203.1178,21.522,-18.1186,175,75
2026-05-09 15:54:12.000,2,-0.58,-0.21,0.63,225.37779999999998,82.072,-4.828600000000001,175,75
2026-05-09 15:54:12.011,2,-0.64,-0.16,0.72,223.4878,99.69200000000001,-5.3786000000000005,175,75
2026-05-09 15:54:12.022,2,-0.41,-0.13,0.8,216.71779999999998,104.75200000000001,-7.208600000000001,175,75
2026-05-09 15:54:12.072,2,-0.08,0.39,0.59,177.6978,3.8419999999999987,-15.8086,175,75
2026-05-09 15:54:12.101,2,0.09,0.85,0.31,159.5178,-51.218,-21.1686,175,75
2026-05-09 15:54:12.101,2,0.19,1.05,0.19,151.59779999999998,-87.068,-25.4986,175,75
2026-05-09 15:54:12.135,2,0.2,1.63,-0.15,123.6678,-175.488,-29.1586,175,75
2026-05-09 15:54:12.147,2,0.21,1.95,-0.45,95.0078,-207.86800000000002,-29.8286,175,75
2026-05-09 15:54:12.160,2,0.25,2.14,-0.77,76.7778,-225.728,-36.6586,175,75
2026-05-09 15:54:12.173,2,0.02,2.84,-1.47,34.5178,-210.30800000000002,-23.4886,175,75
2026-05-09 15:54:12.188,2,0.08,3.19,-1.81,30.8678,-134.388,9.8614,175,75
2026-05-09 15:54:12.206,2,0.24,3.3,-1.98,11.8978,-61.88799999999999,26.6314,175,75
2026-05-09 15:54:12.210,2,0.45,3.25,-2.13,-27.6722,4.6320000000000014,32.791399999999996,175,75
2026-05-09 15:54:12.225,2,0.64,3.23,-2.22,-58.7122,51.402,31.211399999999998,175,75
2026-05-09 15:54:12.237,2,0.69,3.28,-2.26,-59.562200000000004,53.902,32.3014,175,75
2026-05-09 15:54:12.250,2,0.73,3.26,-2.26,-55.9622,35.062,22.6714,175,75
2026-05-09 15:54:12.268,2,0.53,3.2,-2.17,-60.4122,28.112000000000002,12.301400000000001,175,75
2026-05-09 15:54:12.268,2,0.47,3.06,-2.04,-68.1022,37.192,3.4014,175,75
2026-05-09 15:54:12.296,2,0.47,2.87,-1.68,-71.3322,50.492000000000004,-11.5986,175,75
2026-05-09 15:54:12.310,2,0.47,2.75,-1.37,-63.6522,61.221999999999994,-20.678600000000003,175,75
2026-05-09 15:54:12.315,2,0.32,2.61,-1.02,-54.0122,75.122,-27.0886,175,75
2026-05-09 15:54:12.331,2,0.18,2.5,-0.72,-47.5522,100.552,-28.178600000000003,175,75
2026-05-09 15:54:12.408,2,-0.53,1.64,0.3,-23.8322,116.402,-38.9786,175,75
2026-05-09 15:54:12.418,2,-0.64,1.54,0.4,-22.8522,93.782,-41.2886,175,75
2026-05-09 15:54:12.435,2,-0.84,1.43,0.47,-26.212200000000003,47.682,-44.3386,175,75
2026-05-09 15:54:12.449,2,-0.94,1.3,0.55,-40.9622,4.5120000000000005,-42.4486,175,75
2026-05-09 15:54:12.461,2,-0.97,1.17,0.6,-62.0622,-32.318,-28.6686,175,75
2026-05-09 15:54:12.491,2,-0.94,0.89,0.65,-99.87219999999999,-87.74799999999999,3.4614000000000003,175,75
2026-05-09 15:54:12.501,2,-0.89,0.73,0.67,-120.9022,-116.88799999999999,21.4514,175,75
2026-05-09 15:54:12.537,2,-0.83,0.59,0.61,-153.1622,-137.49800000000002,65.7814,175,75
2026-05-09 15:54:12.567,2,-0.76,0.32,0.47,-187.12220000000002,-98.048,150.1714,175,75
2026-05-09 15:54:12.578,2,-0.9,-0.01,0.43,-179.4422,-44.087999999999994,188.2214,175,75
2026-05-09 15:54:12.590,2,-0.85,-0.15,0.48,-164.9322,-16.398,190.8414,175,75
2026-05-09 15:54:12.593,2,-0.78,-0.33,0.58,-139.7422,-2.678000000000001,179.8614,175,75
2026-05-09 15:54:12.605,2,-0.74,-0.36,0.66,-111.9422,-11.888000000000002,165.6014,175,75
2026-05-09 15:54:12.617,2,-1.13,0.02,1.35,-124.56219999999999,-48.897999999999996,142.1814,175,75
2026-05-09 15:54:12.660,2,-0.87,-0.3,0.71,-54.382200000000005,-157.258,131.88139999999999,175,75
2026-05-09 15:54:12.672,2,-1.19,-0.33,0.43,2.0178,-164.448,134.3114,175,75
2026-05-09 15:54:12.686,2,-1.3,-0.46,0.28,25.0078,-112.808,134.9914,175,75
2026-05-09 15:54:12.691,2,-1.36,-0.61,0.13,47.8778,-27.318,141.5714,175,75
2026-05-09 15:54:12.705,2,-1.36,-0.73,0.03,69.9478,62.932,159.4414,175,75
2026-05-09 15:54:12.744,2,-1.69,-1.11,0.41,155.2578,499.822,446.3314,175,75
2026-05-09 15:54:12.777,2,-1.24,-1.55,0.78,111.71780000000001,455.73199999999997,497.4214,175,75
2026-05-09 15:54:12.788,2,-0.97,-1.94,1.09,62.9978,296.642,455.9014,175,75
2026-05-09 15:54:12.798,2,-0.63,-2.36,1.35,-17.912200000000002,137.382,416.4514,175,75
2026-05-09 15:54:12.810,2,-0.13,-2.54,1.07,-134.62220000000002,15.911999999999999,416.5714,175,75
2026-05-09 15:54:12.845,2,-0.01,-2.8,-0.59,-311.2722,-260.428,585.9614,175,75
2026-05-09 15:54:12.856,2,-0.14,-3.37,-1.28,-282.24219999999997,-234.57800000000003,701.5114,175,75
2026-05-09 15:54:12.873,2,-1.26,-5.36,-2.28,-133.0422,-57.988,950.7214,175,75
2026-05-09 15:54:12.884,2,-1.83,-6.71,-1.96,-85.3522,14.452,852.6714,175,75
2026-05-09 15:54:12.929,2,-0.62,-8.26,-0.33,-231.0222,129.822,677.7914,175,75
2026-05-09 15:54:12.940,2,-0.15,-7.98,-0.25,-268.2822,56.221999999999994,651.2714,175,75
2026-05-09 15:54:12.972,2,-0.11,-5.84,-0.1,-166.8822,288.602,513.1614,175,75
2026-05-09 15:54:12.994,2,0.33,-4.93,1.19,-114.3222,378.23199999999997,350.2914,175,75
2026-05-09 15:54:13.011,2,0.88,-4.26,1.64,-146.2722,303.842,266.8814,175,75
2026-05-09 15:54:13.037,2,0.91,-2.76,1.99,-204.1322,182.322,130.6014,175,75
2026-05-09 15:54:13.041,2,0.87,-2.02,2.13,-210.6622,170.97199999999998,40.1714,175,75
2026-05-09 15:54:13.055,2,0.88,-1.28,2.33,-196.8822,198.53199999999998,-64.9486,175,75
2026-05-09 15:54:13.085,2,0.87,0.43,2.83,-83.8322,301.712,-346.5986,175,75
2026-05-09 15:54:13.097,2,1.64,1.61,3.12,-102.00219999999999,468.23199999999997,84.0114,175,75
2026-05-09 15:54:13.107,2,1.05,2.12,2.94,-75.17219999999999,261.832,51.5714,175,75
2026-05-09 15:54:13.125,2,0.74,0.89,3.25,-95.6022,-106.33800000000001,66.0814,175,75
2026-05-09 15:54:13.136,2,0.63,0.56,2.72,-79.87219999999999,-185.05800000000002,29.3814,175,75
2026-05-09 15:54:13.146,2,0.9,0.6,2.34,-41.5722,-187.74800000000002,32.1214,175,75
2026-05-09 15:54:13.159,2,0.8,0.59,2.0,11.2878,-108.04799999999999,24.3814,175,75
2026-05-09 15:54:13.171,2,0.63,0.3,1.73,57.9978,54.632000000000005,-40.3786,175,75
2026-05-09 15:54:13.180,2,0.65,0.17,1.63,85.9278,174.212,-85.4986,175,75
2026-05-09 15:54:13.191,2,0.7,0.16,1.73,113.48780000000001,216.03199999999998,-106.5386,175,75
2026-05-09 15:54:13.216,2,0.7,-0.09,1.94,151.77779999999998,181.582,-105.1986,175,75
2026-05-09 15:54:13.242,2,0.82,-0.63,1.92,168.0578,76.282,-108.7286,175,75
2026-05-09 15:54:13.257,2,0.94,-0.93,1.81,179.21779999999998,6.8919999999999995,-110.8686,175,75
2026-05-09 15:54:13.268,2,0.99,-1.22,1.6,186.34779999999998,-84.148,-107.2686,175,75
2026-05-09 15:54:13.273,2,1.09,-1.49,1.34,188.6078,-165.918,-96.5386,175,75
2026-05-09 15:54:13.300,2,1.34,-2.29,0.84,202.2078,-325.668,-38.4286,175,75
2026-05-09 15:54:13.312,2,1.2,-2.81,0.52,215.8678,-371.338,3.5814,175,75
2026-05-09 15:54:13.312,2,0.71,-3.82,-0.04,231.71779999999998,-347.378,18.9514,175,75
2026-05-09 15:54:13.347,2,-0.75,-7.03,-1.13,183.3678,-401.528,-421.5986,175,75
2026-05-09 15:54:13.357,2,-1.13,-5.67,-0.94,71.1678,-411.88800000000003,-497.2086,175,75
2026-05-09 15:54:13.368,2,-0.86,-3.73,-1.25,-34.4422,-321.038,-536.4786,175,75
2026-05-09 15:54:13.392,2,-1.02,-3.14,-1.87,-22.6722,-203.598,-502.8186,175,75
2026-05-09 15:54:13.403,2,-1.11,-3.36,-1.89,17.0878,-82.618,-460.0086,175,75
2026-05-09 15:54:13.414,2,-1.02,-3.67,-1.73,51.0478,12.741999999999999,-408.1786,175,75
2026-05-09 15:54:13.414,2,-1.15,-4.0,-1.33,85.2578,87.50200000000001,-387.0886,175,75
2026-05-09 15:54:13.433,2,-1.37,-4.17,-0.86,94.6478,95.97200000000001,-414.2786,175,75
2026-05-09 15:54:13.470,2,-1.45,-2.54,-0.0,25.7378,8.661999999999999,-437.8186,175,75
2026-05-09 15:54:13.485,2,-1.44,-2.11,0.03,19.8878,-42.678,-420.3186,175,75
2026-05-09 15:54:13.491,2,-1.5,-1.87,0.03,13.117799999999999,-69.328,-400.6786,175,75
2026-05-09 15:54:13.501,2,-1.62,-1.58,0.03,-1.5722000000000005,-69.208,-381.5386,175,75
2026-05-09 15:54:13.537,2,-1.86,-0.63,0.15,-27.2422,65.972,-336.5386,175,75
2026-05-09 15:54:13.557,2,-1.95,-0.18,0.29,-12.792200000000001,153.292,-334.8886,175,75
2026-05-09 15:54:13.568,2,-2.06,0.27,0.42,17.0878,234.022,-354.1586,175,75
2026-05-09 15:54:13.578,2,-2.19,0.52,0.51,48.4278,271.402,-382.2686,175,75
2026-05-09 15:54:13.589,2,-2.37,0.58,0.62,89.15780000000001,262.322,-412.2086,175,75
2026-05-09 15:54:13.600,2,-2.27,0.27,0.82,115.9278,199.082,-387.7586,175,75
2026-05-09 15:54:13.602,2,-1.83,0.3,1.04,79.0378,92.562,-130.0086,175,75
2026-05-09 15:54:13.615,2,-2.99,0.34,0.79,53.0578,-12.258,-36.8386,175,75
2026-05-09 15:54:13.625,2,-2.76,0.35,0.73,26.4778,-99.38799999999999,28.101399999999998,175,75
2026-05-09 15:54:13.636,2,-2.51,0.32,0.59,17.6978,-112.86800000000001,82.7914,175,75
2026-05-09 15:54:13.646,2,-2.55,0.18,0.49,19.0978,-112.498,121.6314,175,75
2026-05-09 15:54:13.658,2,-2.74,-0.03,0.44,28.1178,-84.02799999999999,155.9614,175,75
2026-05-09 15:54:13.675,2,-2.68,-0.17,0.34,35.7378,-39.507999999999996,186.3314,175,75
2026-05-09 15:54:13.686,2,-2.45,-0.2,0.24,42.757799999999996,-32.928,216.9414,175,75
2026-05-09 15:54:13.697,2,-2.17,-0.21,0.15,48.2978,-55.60799999999999,244.38139999999999,175,75
2026-05-09 15:54:13.704,2,-1.94,-0.26,0.08,52.327799999999996,-84.99799999999999,271.6314,175,75
2026-05-09 15:54:13.725,2,-1.84,-0.49,-0.12,51.5978,-111.58800000000001,333.52139999999997,175,75
2026-05-09 15:54:13.735,2,-1.91,-0.69,-0.2,44.5878,-79.508,373.7114,175,75
2026-05-09 15:54:13.748,2,-1.57,-0.97,-0.29,33.1778,7.741999999999999,364.6814,175,75
2026-05-09 15:54:13.789,2,-1.0,-1.7,-0.42,-16.2722,-56.94799999999999,367.9114,175,75
2026-05-09 15:54:13.822,2,-1.38,-2.35,-0.81,-70.78219999999999,-109.508,539.4414,175,75
2026-05-09 15:54:13.833,2,-1.67,-3.11,-1.13,-73.8322,-74.568,584.1914,175,75
2026-05-09 15:54:13.833,2,-1.76,-3.96,-1.27,-52.492200000000004,-41.098,598.2814,175,75
2026-05-09 15:54:13.856,2,-2.09,-5.11,-1.23,-7.9822,9.822,617.0014,175,75
2026-05-09 15:54:13.880,2,-0.91,-5.48,-0.23,-20.3522,49.452,585.7814,175,75
2026-05-09 15:54:13.891,2,-0.51,-5.36,-0.01,-57.242200000000004,12.501999999999999,594.0714,175,75
2026-05-09 15:54:13.916,2,-1.1,-4.93,-0.24,-127.55219999999998,-237.31799999999998,541.6914,175,75
2026-05-09 15:54:13.916,2,-1.03,-4.82,-0.55,-120.11219999999999,-262.558,458.2214,175,75
2026-05-09 15:54:13.928,2,-0.78,-4.39,-0.82,-106.09219999999999,-234.878,396.5714,175,75
2026-05-09 15:54:13.940,2,-0.66,-3.9,-1.12,-81.9422,-139.208,350.4114,175,75
2026-05-09 15:54:13.951,2,-0.17,-3.5,-1.29,-37.1222,-9.027999999999999,304.0714,175,75
2026-05-09 15:54:13.973,2,0.32,-3.13,-1.04,16.5378,96.83200000000001,274.8614,175,75
2026-05-09 15:54:13.973,2,0.53,-2.8,-0.64,43.5478,176.03199999999998,248.7714,175,75
2026-05-09 15:54:13.983,2,0.8,-2.52,-0.26,46.2878,224.022,218.9514,175,75
2026-05-09 15:54:13.994,2,1.2,-2.1,0.31,28.7278,231.952,168.2214,175,75
2026-05-09 15:54:14.010,2,1.5,-1.63,0.75,6.4778,176.34199999999998,122.3614,175,75
2026-05-09 15:54:14.010,2,1.59,-1.08,1.15,-10.7222,100.302,67.8514,175,75
2026-05-09 15:54:14.030,2,1.57,-0.54,1.32,-21.7022,37.682,-10.378599999999999,175,75
2026-05-09 15:54:14.059,2,2.38,0.83,0.93,-25.7822,-58.718,126.45139999999999,175,75
2026-05-09 15:54:14.059,2,1.79,1.53,0.66,-4.2622,-150.978,204.3114,175,75
2026-05-09 15:54:14.094,2,1.05,0.76,-0.16,-32.4322,-405.248,110.0514,175,75
2026-05-09 15:54:14.105,2,0.34,0.88,-0.9,-27.2422,-81.648,31.941399999999998,175,75
2026-05-09 15:54:14.127,2,0.84,1.24,-1.01,-12.3722,178.60199999999998,38.401399999999995,175,75
2026-05-09 15:54:14.138,2,1.07,0.95,-0.17,-3.2822000000000005,318.412,9.8614,175,75
2026-05-09 15:54:14.138,2,1.08,0.6,0.57,3.6077999999999997,356.162,-35.138600000000004,175,75
2026-05-09 15:54:14.160,2,1.08,0.46,1.1,-8.8322,350.73199999999997,-105.68860000000001,175,75
2026-05-09 15:54:14.217,2,0.41,0.29,0.66,-55.2922,-186.038,-85.6186,175,75
2026-05-09 15:54:14.238,2,0.17,0.21,0.29,-32.6122,-129.758,-102.8786,175,75
2026-05-09 15:54:14.250,2,-0.05,0.13,0.17,-14.5622,-30.308000000000003,-131.4786,175,75
2026-05-09 15:54:14.260,2,-0.06,0.06,0.04,6.2278,129.082,-156.1686,175,75
2026-05-09 15:54:14.271,2,0.11,0.09,0.16,24.337799999999998,244.572,-163.9186,175,75
2026-05-09 15:54:14.287,2,0.16,0.13,0.4,37.6278,293.05199999999996,-175.61860000000001,175,75
2026-05-09 15:54:14.298,2,0.14,0.14,0.61,44.4578,324.082,-181.0486,175,75
2026-05-09 15:54:14.298,2,0.21,0.11,0.81,52.0178,349.452,-185.7486,175,75
2026-05-09 15:54:14.315,2,0.5,0.02,1.03,62.507799999999996,310.55199999999996,-198.7886,175,75
2026-05-09 15:54:14.361,2,0.85,-0.77,1.29,64.3378,-87.80799999999999,-193.2486,175,75
2026-05-09 15:54:14.373,2,0.94,-1.03,1.21,61.2878,-166.15800000000002,-190.0786,175,75
2026-05-09 15:54:14.400,2,0.94,-1.63,0.86,30.8678,-286.708,-230.7486,175,75
2026-05-09 15:54:14.430,2,1.15,-2.72,0.37,4.0378,-255.118,-264.9486,175,75
2026-05-09 15:54:14.430,2,0.97,-3.55,0.18,2.9377999999999997,-237.678,-237.4486,175,75
2026-05-09 15:54:14.442,2,0.64,-6.11,-0.15,36.7178,-247.498,-374.3386,175,75
2026-05-09 15:54:14.452,2,0.58,-7.17,-0.04,23.907799999999998,-308.778,-352.2086,175,75
2026-05-09 15:54:14.464,2,-0.77,-6.0,0.06,-69.9922,-293.718,-353.72860000000003,175,75
2026-05-09 15:54:14.474,2,-1.29,-4.75,-0.15,-141.4522,-205.978,-414.5286,175,75
2026-05-09 15:54:14.487,2,-0.99,-4.06,-0.63,-156.5722,-136.46800000000002,-489.9486,175,75
2026-05-09 15:54:14.508,2,-0.75,-3.87,-1.24,-18.2822,27.561999999999998,-480.8086,175,75
2026-05-09 15:54:14.522,2,-0.6,-4.09,-1.24,40.3178,165.97199999999998,-415.2586,175,75
2026-05-09 15:54:14.534,2,-0.64,-4.32,-0.82,102.32780000000001,275.672,-353.5486,175,75
2026-05-09 15:54:14.548,2,-1.02,-4.23,-0.35,137.6978,290.002,-313.7886,175,75
2026-05-09 15:54:14.554,2,-1.47,-3.8,-0.06,130.2578,202.13199999999998,-311.9686,175,75
2026-05-09 15:54:14.576,2,-2.02,-3.09,0.04,93.29780000000001,53.532,-335.7486,175,75
2026-05-09 15:54:14.576,2,-2.57,-2.31,-0.11,46.1678,-75.85799999999999,-357.7586,175,75
2026-05-09 15:54:14.589,2,-2.8,-1.42,-0.26,-14.322200000000002,-104.38799999999999,-375.6186,175,75
2026-05-09 15:54:14.604,2,-2.38,-0.8,-0.34,-41.5122,-52.80799999999999,-389.0986,175,75
2026-05-09 15:54:14.614,2,-1.65,-0.29,-0.32,-60.9022,30.241999999999997,-408.4886,175,75
2026-05-09 15:54:14.625,2,-1.06,-0.03,-0.12,-59.6222,88.602,-380.9286,175,75
2026-05-09 15:54:14.639,2,-0.18,0.54,0.04,-53.8922,221.03199999999998,-193.3086,175,75
2026-05-09 15:54:14.650,2,-1.6,0.89,-0.01,-34.9322,327.252,-111.5386,175,75
2026-05-09 15:54:14.660,2,-1.76,0.75,0.19,-0.7822000000000005,332.74199999999996,-119.0386,175,75
2026-05-09 15:54:14.665,2,-0.96,0.44,0.55,-8.8322,283.842,-38.6686,175,75
2026-05-09 15:54:14.677,2,-0.94,0.39,0.79,-39.9322,202.56199999999998,92.8514,175,75
2026-05-09 15:54:14.690,2,-0.83,0.37,0.86,-56.7622,110.672,167.7314,175,75
2026-05-09 15:54:14.726,2,-0.68,-0.23,0.51,26.7778,-324.69800000000004,136.0814,175,75
2026-05-09 15:54:14.749,2,-0.92,-0.49,-0.06,37.6278,-477.498,78.7714,175,75
2026-05-09 15:54:14.749,2,-1.22,-0.76,-0.34,21.3478,-382.19800000000004,-5.3786000000000005,175,75
2026-05-09 15:54:14.761,2,-1.02,-0.95,-0.73,1.1077999999999997,-300.858,-50.6786,175,75
2026-05-09 15:54:14.786,2,-0.63,-0.65,-1.1,5.9878,-210.30800000000002,9.8614,175,75
2026-05-09 15:54:14.820,2,-1.43,-0.34,-0.9,85.3178,162.62199999999999,110.2914,175,75
2026-05-09 15:54:14.830,2,-1.41,-0.36,-0.6,75.79780000000001,228.232,144.6214,175,75
2026-05-09 15:54:14.830,2,-1.34,-0.38,-0.32,59.9478,283.05199999999996,177.0614,175,75
2026-05-09 15:54:14.845,2,-1.05,-0.47,-0.1,49.7078,315.42199999999997,208.0314,175,75
2026-05-09 15:54:14.856,2,-0.44,-0.74,0.13,50.4978,290.912,237.9114,175,75
2026-05-09 15:54:14.870,2,-0.42,-0.87,0.25,51.1678,214.452,261.3914,175,75
2026-05-09 15:54:14.884,2,-0.94,-1.05,0.49,21.8978,-25.308000000000003,298.1614,175,75
2026-05-09 15:54:14.924,2,-1.66,-1.45,0.07,-40.9022,-237.438,251.2714,175,75
2026-05-09 15:54:14.924,2,-1.72,-1.63,-0.12,-44.382200000000005,-233.598,235.7814,175,75
2026-05-09 15:54:14.941,2,-1.82,-1.82,-0.29,-22.302200000000003,-157.318,235.9014,175,75
2026-05-09 15:54:14.965,2,-1.95,-1.89,-0.28,55.3778,1.032,326.0814,175,75
2026-05-09 15:54:14.985,2,-2.49,-2.23,-0.04,72.0878,81.342,411.4514,175,75
2026-05-09 15:54:14.998,2,-2.7,-2.45,0.06,56.3478,97.86200000000001,442.1814,175,75
2026-05-09 15:54:14.998,2,-2.77,-2.74,0.13,36.8378,107.742,463.1614,175,75
2026-05-09 15:54:15.016,2,-2.56,-3.2,0.19,32.4478,88.902,472.3614,175,75
2026-05-09 15:54:15.031,2,-2.25,-3.65,0.34,42.4478,50.062,482.5514,175,75
2026-05-09 15:54:15.035,2,-1.96,-3.84,0.5,42.2678,6.401999999999999,499.6214,175,75
2026-05-09 15:54:15.058,2,-1.7,-3.87,0.59,16.8978,-59.507999999999996,503.77139999999997,175,75
2026-05-09 15:54:15.058,2,-1.48,-3.87,0.58,-20.052200000000003,-142.928,495.6014,175,75
2026-05-09 15:54:15.069,2,-1.38,-3.82,0.48,-57.1222,-242.808,481.3314,175,75
2026-05-09 15:54:15.078,2,-1.35,-3.65,0.28,-65.5422,-304.088,460.1114,175,75
2026-05-09 15:54:15.089,2,-1.33,-3.33,-0.0,-56.2722,-356.218,423.9514,175,75
2026-05-09 15:54:15.098,2,-1.28,-3.02,-0.24,-31.5122,-374.69800000000004,374.1314,175,75
2026-05-09 15:54:15.120,2,-1.1,-2.98,-0.44,-8.592200000000002,-344.028,351.9414,175,75
2026-05-09 15:54:15.120,2,-0.87,-3.03,-0.76,26.5978,-231.33800000000002,348.1014,175,75
2026-05-09 15:54:15.170,2,-0.65,-2.35,-0.85,89.21780000000001,-12.988000000000003,285.2914,175,75
2026-05-09 15:54:15.181,2,-0.54,-2.03,-0.66,88.23780000000001,35.182,234.6814,175,75
2026-05-09 15:54:15.201,2,-0.2,-1.46,-0.46,78.7878,94.39200000000001,148.7114,175,75
2026-05-09 15:54:15.213,2,0.28,-1.08,-0.3,77.5078,115.062,102.9714,175,75
2026-05-09 15:54:15.226,2,1.74,-0.48,0.18,82.8178,142.742,194.9914,175,75
2026-05-09 15:54:15.234,2,1.56,0.24,0.22,79.88780000000001,120.302,275.3514,175,75
2026-05-09 15:54:15.283,2,1.88,0.54,0.08,25.7378,-47.928,167.9114,175,75
2026-05-09 15:54:15.283,2,1.98,0.78,-0.04,11.7778,-57.49799999999999,124.8014,175,75
2026-05-09 15:54:15.321,2,2.56,0.95,-0.09,19.337799999999998,-39.147999999999996,49.9214,175,75
2026-05-09 15:54:15.321,2,2.59,0.59,0.0,2.0877999999999997,-68.10799999999999,-3.3085999999999998,175,75
2026-05-09 15:54:15.336,2,2.49,0.4,-0.07,-33.7722,-93.048,-42.9986,175,75
2026-05-09 15:54:15.417,2,1.68,-0.13,-0.34,-63.162200000000006,103.172,-196.9686,175,75
2026-05-09 15:54:15.417,2,1.54,-0.29,-0.21,-54.382200000000005,145.06199999999998,-220.86860000000001,175,75
2026-05-09 15:54:15.438,2,1.28,-0.65,0.05,-31.3322,197.742,-274.8286,175,75
2026-05-09 15:54:15.463,2,1.25,-1.26,0.33,-8.772200000000002,186.952,-318.4286,175,75
2026-05-09 15:54:15.463,2,1.24,-1.55,0.28,-6.1522,129.572,-329.2186,175,75
2026-05-09 15:54:15.477,2,1.13,-1.96,0.12,-7.6122000000000005,67.682,-340.2586,175,75
2026-05-09 15:54:15.477,2,1.05,-2.24,-0.03,-9.0122,50.182,-346.47860000000003,175,75
2026-05-09 15:54:15.485,2,0.98,-2.63,-0.2,-7.6122000000000005,44.822,-339.7086,175,75
2026-05-09 15:54:15.496,2,0.85,-2.97,-0.33,-1.0922,42.132000000000005,-320.3186,175,75
2026-05-09 15:54:15.496,2,0.6,-3.42,-0.48,14.3978,40.302,-285.2586,175,75
2026-05-09 15:54:15.507,2,-0.34,-4.85,-0.78,65.37780000000001,4.5120000000000005,-369.5286,175,75
2026-05-09 15:54:15.517,2,-0.52,-5.94,-0.76,72.1478,-69.99799999999999,-484.4686,175,75
2026-05-09 15:54:15.517,2,-0.73,-6.77,-0.55,34.8878,-126.82799999999999,-521.7186,175,75
2026-05-09 15:54:15.545,2,-1.43,-6.71,-0.67,-120.23219999999999,-84.568,-510.9886,175,75
2026-05-09 15:54:15.562,2,-2.21,-6.57,-1.0,-103.4022,-0.11799999999999855,-531.4786,175,75
2026-05-09 15:54:15.572,2,-2.46,-6.35,-0.91,-84.4422,44.822,-542.8786,175,75
2026-05-09 15:54:15.596,2,-2.62,-5.59,-0.54,-74.1322,106.952,-521.1086,175,75
2026-05-09 15:54:15.625,2,-3.24,-3.53,-0.17,-58.6522,140.182,-460.0786,175,75
2026-05-09 15:54:15.625,2,-2.95,-2.77,0.06,-41.7622,122.562,-451.5986,175,75
2026-05-09 15:54:15.647,2,-2.26,-2.25,0.28,-36.4522,79.082,-433.6086,175,75
2026-05-09 15:54:15.651,2,-1.86,-1.89,0.38,-59.9322,4.692,-388.0586,175,75
2026-05-09 15:54:15.665,2,-2.27,-1.56,0.43,-102.12219999999999,-50.488,-331.3586,175,75
2026-05-09 15:54:15.680,2,-2.74,-1.14,0.4,-133.8322,-23.538,-308.2486,175,75
2026-05-09 15:54:15.690,2,-2.75,-0.77,0.41,-135.1122,21.582,-326.3586,175,75
2026-05-09 15:54:15.704,2,-2.58,-0.35,0.46,-111.6322,75.432,-362.9386,175,75
2026-05-09 15:54:15.712,2,-2.36,-0.03,0.51,-80.78219999999999,100.61200000000001,-393.97860000000003,175,75
2026-05-09 15:54:15.722,2,-2.23,0.22,0.54,-32.8522,95.182,-431.7786,175,75
2026-05-09 15:54:15.742,2,-2.24,0.13,0.64,7.9378,70.672,-437.7586,175,75
2026-05-09 15:54:15.742,2,-2.36,0.0,0.72,27.3878,58.352000000000004,-412.3886,175,75
2026-05-09 15:54:15.763,2,-1.26,0.11,0.96,26.7178,87.44200000000001,-199.5886,175,75
2026-05-09 15:54:15.773,2,-2.42,0.44,0.78,8.297799999999999,96.462,-28.6686,175,75
2026-05-09 15:54:15.794,2,-2.53,0.5,0.71,3.0578,78.412,2.7314000000000003,175,75
2026-05-09 15:54:15.806,2,-1.75,0.4,0.85,-18.4022,65.002,59.7414,175,75
2026-05-09 15:54:15.806,2,-1.66,0.32,0.83,-30.172200000000004,68.662,96.6914,175,75
2026-05-09 15:54:15.822,2,-1.49,0.25,0.75,-23.162200000000002,57.251999999999995,114.8014,175,75
2026-05-09 15:54:15.832,2,-1.24,0.38,0.65,3.6677999999999997,13.782,113.95139999999999,175,75
2026-05-09 15:54:15.858,2,-1.43,0.48,0.63,65.2578,-78.598,37.5514,175,75
2026-05-09 15:54:15.890,2,-1.12,0.4,0.38,85.98780000000001,-139.578,-28.5486,175,75
2026-05-09 15:54:15.919,2,-1.43,0.34,0.0,44.6478,-126.70799999999998,137.9114,175,75
2026-05-09 15:54:15.919,2,-1.16,0.1,-0.03,35.7978,-81.338,193.7114,175,75
2026-05-09 15:54:15.930,2,-0.91,-0.03,-0.02,29.037799999999997,-58.10799999999999,249.5614,175,75
2026-05-09 15:54:15.945,2,-0.53,-0.25,0.12,30.6178,-53.658,214.6214,175,75
2026-05-09 15:54:15.951,2,-1.43,-0.27,-0.02,34.0978,-18.358,199.9214,175,75
2026-05-09 15:54:15.963,2,-1.33,-0.37,-0.14,41.6578,-3.838000000000001,195.9614,175,75
2026-05-09 15:54:15.982,2,-1.41,-0.58,-0.07,58.2378,-15.547999999999998,198.7114,175,75
2026-05-09 15:54:15.991,2,-1.51,-0.74,-0.04,60.4978,16.402,233.1614,175,75
2026-05-09 15:54:16.006,2,-1.6,-1.01,-0.11,57.937799999999996,40.242000000000004,309.8614,175,75
2026-05-09 15:54:16.020,2,-1.76,-1.34,-0.26,57.757799999999996,32.382,416.3914,175,75
2026-05-09 15:54:16.029,2,-1.91,-1.73,-0.44,68.8478,10.362,535.6614,175,75
2026-05-09 15:54:16.045,2,-2.09,-2.25,-0.61,91.2878,65.732,553.1014,175,75
2026-05-09 15:54:16.057,2,-2.56,-2.95,-0.67,117.7578,106.162,529.9914,175,75
2026-05-09 15:54:16.070,2,-2.47,-3.55,-0.31,118.3678,120.062,492.5514,175,75
2026-05-09 15:54:16.070,2,-1.95,-3.81,0.04,79.82780000000001,93.842,491.4514,175,75
2026-05-09 15:54:16.085,2,-1.42,-3.91,0.22,15.7378,21.032,492.1814,175,75
2026-05-09 15:54:16.112,2,-1.03,-3.84,0.18,-60.172200000000004,-112.498,503.2214,175,75
2026-05-09 15:54:16.129,2,-1.57,-3.7,-0.36,-98.59219999999999,-303.778,493.4614,175,75
2026-05-09 15:54:16.129,2,-1.83,-3.97,-0.81,-66.2722,-297.438,451.8814,175,75
2026-05-09 15:54:16.176,2,-0.92,-3.27,-1.0,66.4778,123.902,458.8914,175,75
2026-05-09 15:54:16.200,2,-0.36,-3.72,-0.41,55.437799999999996,220.492,507.1214,175,75
2026-05-09 15:54:16.222,2,0.2,-3.71,0.14,-16.092200000000002,166.34199999999998,411.2114,175,75
2026-05-09 15:54:16.231,2,0.49,-3.27,0.38,-63.1022,111.102,321.2114,175,75
2026-05-09 15:54:16.245,2,0.71,-2.79,0.48,-100.5422,57.861999999999995,236.5114,175,75
2026-05-09 15:54:16.258,2,1.06,-2.24,0.47,-122.61219999999999,8.962,129.4414,175,75
2026-05-09 15:54:16.273,2,1.54,-1.07,0.19,-99.50219999999999,-22.808000000000003,-72.93860000000001,175,75
2026-05-09 15:54:16.306,2,3.19,-0.49,0.06,-69.1322,45.792,17.1814,175,75
2026-05-09 15:54:16.306,2,1.89,1.11,0.42,10.797799999999999,331.162,74.3814,175,75
2026-05-09 15:54:16.331,2,2.06,0.05,1.74,-5.172200000000001,372.252,8.8914,175,75
2026-05-09 15:54:16.346,2,2.32,0.24,2.02,-28.342200000000002,269.332,-35.8086,175,75
2026-05-09 15:54:16.367,2,2.29,0.71,2.26,-52.9822,128.412,-42.1486,175,75
2026-05-09 15:54:16.380,2,1.8,0.9,1.85,-34.6822,-148.89800000000002,-43.7886,175,75
2026-05-09 15:54:16.396,2,1.26,0.35,1.2,-29.742200000000004,-139.508,-105.5586,175,75
2026-05-09 15:54:16.403,2,1.08,0.24,1.03,-19.5622,-70.60799999999999,-135.1986,175,75
2026-05-09 15:54:16.418,2,0.98,0.08,0.96,1.1077999999999997,1.8320000000000007,-158.4886,175,75
2026-05-09 15:54:16.433,2,0.92,-0.12,0.95,31.107799999999997,60.361999999999995,-178.6086,175,75
2026-05-09 15:54:16.452,2,0.72,-0.42,1.04,88.7878,98.11200000000001,-208.7286,175,75
2026-05-09 15:54:16.482,2,0.54,-0.72,1.01,115.8678,57.19199999999999,-217.4486,175,75
2026-05-09 15:54:16.495,2,0.52,-0.87,0.96,123.3678,23.172,-221.1686,175,75
2026-05-09 15:54:16.535,2,0.58,-1.21,0.83,123.3678,-67.378,-234.7686,175,75
2026-05-09 15:54:16.535,2,0.58,-1.32,0.63,114.4578,-128.478,-246.2286,175,75
2026-05-09 15:54:16.546,2,0.39,-1.44,0.45,102.01780000000001,-152.678,-265.0786,175,75
2026-05-09 15:54:16.553,2,0.23,-1.57,0.24,89.9478,-142.078,-288.6086,175,75
2026-05-09 15:54:16.564,2,0.11,-1.71,0.05,76.8978,-128.168,-311.3586,175,75
2026-05-09 15:54:16.579,2,0.11,-1.91,-0.07,67.01780000000001,-113.778,-325.6186,175,75
2026-05-09 15:54:16.641,2,-0.0,-2.83,-0.07,32.2678,-73.228,-353.4886,175,75
2026-05-09 15:54:16.641,2,0.08,-3.07,-0.09,26.837799999999998,-82.13799999999999,-364.6486,175,75
2026-05-09 15:54:16.665,2,0.18,-3.48,-0.14,23.4878,-102.80799999999999,-368.7886,175,75
2026-05-09 15:54:16.693,2,0.2,-4.0,-0.21,21.1678,-121.39800000000001,-371.0486,175,75
2026-05-09 15:54:16.693,2,0.09,-4.82,-0.33,15.0078,-140.608,-362.1486,175,75
2026-05-09 15:54:16.714,2,-1.56,-4.55,-0.88,-72.9122,24.512,-338.72860000000003,175,75
2026-05-09 15:54:16.724,2,-1.67,-2.81,-1.08,43.9078,210.06199999999998,-358.4886,175,75
2026-05-09 15:54:16.747,2,-1.03,-2.5,-0.71,121.7778,267.132,-280.1386,175,75
2026-05-09 15:54:16.790,2,-0.91,-2.26,-0.44,102.5678,107.86200000000001,-192.1486,175,75
2026-05-09 15:54:16.801,2,-1.33,-1.84,-0.48,16.4778,-128.598,-185.86860000000001,175,75
2026-05-09 15:54:16.811,2,-1.32,-1.09,-0.67,-56.882200000000005,-131.52800000000002,-219.6486,175,75
2026-05-09 15:54:16.821,2,-1.34,-0.68,-0.62,-54.2022,-95.728,-218.5486,175,75
2026-05-09 15:54:16.832,2,-1.4,-0.26,-0.46,-32.5522,-52.19799999999999,-216.2886,175,75
2026-05-09 15:54:16.852,2,-1.16,0.31,-0.27,3.2977999999999996,5.431999999999999,-212.1486,175,75
2026-05-09 15:54:16.864,2,-0.52,1.8,-0.08,70.0678,184.572,-5.0086,175,75
2026-05-09 15:54:16.874,2,-0.09,1.8,0.25,82.62780000000001,169.822,30.051399999999997,175,75
2026-05-09 15:54:16.904,2,0.0,0.24,0.96,-3.8322000000000003,-132.078,23.711399999999998,175,75
2026-05-09 15:54:16.927,2,0.15,-0.13,1.1,-40.172200000000004,-190.24800000000002,10.5314,175,75
2026-05-09 15:54:16.982,2,-0.54,-0.4,-0.47,-7.3022,-159.818,-19.5886,175,75
2026-05-09 15:54:16.993,2,-0.39,-0.57,-0.76,22.267799999999998,-1.9480000000000004,-12.208599999999999,175,75
2026-05-09 15:54:17.016,2,-0.69,-0.58,-0.55,71.8978,233.172,16.2114,175,75
2026-05-09 15:54:17.016,2,-0.74,-0.46,-0.33,79.0978,291.032,24.5614,175,75
2026-05-09 15:54:17.028,2,-0.81,-0.27,-0.16,80.6778,313.23199999999997,29.0114,175,75
2026-05-09 15:54:17.045,2,-0.86,-0.17,-0.04,80.0078,311.712,32.971399999999996,175,75
2026-05-09 15:54:17.084,2,-0.75,-0.21,0.04,71.10780000000001,272.072,47.1214,175,75
2026-05-09 15:54:17.084,2,-0.62,-0.26,0.05,56.8978,209.512,66.2114,175,75
2026-05-09 15:54:17.095,2,-0.9,-0.48,0.08,-1.2122000000000002,15.972,141.0214,175,75
2026-05-09 15:54:17.110,2,-1.15,-0.58,0.04,-15.7822,-20.548,172.3014,175,75
2026-05-09 15:54:17.120,2,-1.37,-0.66,-0.02,-26.2722,-36.098,202.9114,175,75
2026-05-09 15:54:17.139,2,-1.73,-0.89,-0.12,-39.0722,-57.49799999999999,275.2914,175,75
2026-05-09 15:54:17.187,2,-2.13,-1.24,-0.1,-33.0422,-17.008,327.0614,175,75
2026-05-09 15:54:17.216,2,-2.36,-1.35,-0.11,-28.9522,-24.328,350.1114,175,75
2026-05-09 15:54:17.216,2,-3.3,-1.73,-0.16,-26.4522,-78.538,416.9414,175,75
2026-05-09 15:54:17.226,2,-3.52,-2.12,-0.21,-29.0122,-80.30799999999999,445.1714,175,75
2026-05-09 15:54:17.269,2,-3.2,-2.99,-0.27,-12.732199999999999,-18.657999999999998,469.9214,175,75
2026-05-09 15:54:17.294,2,-2.79,-3.38,-0.14,19.4578,-9.758,517.2414,175,75
2026-05-09 15:54:17.317,2,-2.46,-4.14,0.1,52.2078,-120.85799999999999,561.4514,175,75
2026-05-09 15:54:17.329,2,-2.61,-4.64,-0.16,-62.4322,-296.218,492.1814,175,75
2026-05-09 15:54:17.335,2,-2.37,-4.45,-0.51,-90.3522,-306.648,451.6314,175,75
2026-05-09 15:54:17.350,2,-1.73,-4.33,-0.88,-65.84219999999999,-327.678,413.1014,175,75
2026-05-09 15:54:17.350,2,-1.38,-4.31,-1.01,-15.292200000000001,-304.32800000000003,403.8314,175,75
2026-05-09 15:54:17.377,2,-1.07,-3.86,-0.95,54.0378,-77.318,544.1314,175,75
2026-05-09 15:54:17.377,2,-1.16,-3.96,-0.78,64.51780000000001,-42.928,518.8914,175,75
2026-05-09 15:54:17.419,2,-0.15,-2.9,-0.64,-0.9022000000000001,-47.55799999999999,247.1214,175,75
2026-05-09 15:54:17.435,2,1.63,-1.96,-0.4,18.1178,32.322,62.0014,175,75
2026-05-09 15:54:17.435,2,2.08,-1.41,0.03,50.617799999999995,0.24200000000000088,65.7214,175,75
2026-05-09 15:54:17.435,2,2.26,-0.63,0.11,58.4878,10.552,157.4214,175,75
2026-05-09 15:54:17.455,2,1.48,0.52,-0.36,43.8478,73.902,178.1014,175,75
2026-05-09 15:54:17.494,2,1.58,0.28,-0.31,9.2178,238.112,142.1814,175,75
2026-05-09 15:54:17.505,2,1.82,0.16,-0.03,11.7778,282.382,113.2214,175,75
2026-05-09 15:54:17.505,2,1.89,0.24,0.53,20.9878,314.942,60.721399999999996,175,75
2026-05-09 15:54:17.505,2,1.9,0.37,0.88,29.2178,343.412,12.0614,175,75
2026-05-09 15:54:17.576,2,1.73,0.08,1.46,16.1678,-56.038,-135.2586,175,75
2026-05-09 15:54:17.598,2,1.44,-0.25,0.97,40.7978,-78.16799999999999,-187.5786,175,75
2026-05-09 15:54:17.608,2,1.56,-0.7,0.68,66.4778,-62.378,-240.0086,175,75
2026-05-09 15:54:17.635,2,1.58,-1.06,0.62,73.29780000000001,-60.66799999999999,-269.2786,175,75
2026-05-09 15:54:17.635,2,1.5,-1.45,0.5,73.90780000000001,-85.30799999999999,-290.9286,175,75
2026-05-09 15:54:17.646,2,1.47,-1.73,0.35,68.1778,-131.038,-300.3786,175,75
2026-05-09 15:54:17.667,2,1.38,-2.02,0.07,55.867799999999995,-190.668,-307.2086,175,75
2026-05-09 15:54:17.702,2,1.02,-2.82,-1.09,24.157799999999998,-134.99800000000002,-388.7886,175,75
2026-05-09 15:54:17.711,2,0.92,-3.19,-1.37,14.8278,-122.008,-404.4686,175,75
2026-05-09 15:54:17.711,2,0.72,-3.55,-1.49,9.457799999999999,-97.678,-395.3186,175,75
2026-05-09 15:54:17.711,2,0.67,-4.05,-1.59,4.9478,-78.658,-362.3286,175,75
2026-05-09 15:54:17.719,2,0.56,-4.94,-1.84,-2.7922000000000002,-79.63799999999999,-295.8686,175,75
2026-05-09 15:54:17.741,2,-0.29,-6.39,-2.24,-10.842200000000002,-55.91799999999999,-283.6686,175,75
2026-05-09 15:54:17.741,2,-2.03,-7.76,-2.08,-53.2822,-110.36800000000001,-452.3886,175,75
2026-05-09 15:54:17.751,2,-3.5,-7.06,-1.42,-132.3022,62.562,-557.3886,175,75
2026-05-09 15:54:17.777,2,-1.53,-5.53,-0.85,-131.5122,77.322,-603.3686,175,75
2026-05-09 15:54:17.795,2,-1.83,-5.68,-0.79,-127.43219999999998,47.802,-520.5586,175,75
2026-05-09 15:54:17.817,2,-2.28,-4.87,-0.57,-155.5422,93.532,-508.0586,175,75
2026-05-09 15:54:17.817,2,-2.01,-4.35,-0.21,-141.9422,60.30200000000001,-491.3586,175,75
2026-05-09 15:54:17.851,2,-1.69,-3.78,0.09,-193.40220000000002,-45.91799999999999,-440.3786,175,75
2026-05-09 15:54:17.851,2,-1.9,-3.47,0.07,-218.4622,-73.77799999999999,-424.7686,175,75
2026-05-09 15:54:17.893,2,-2.02,-2.61,-0.07,-241.4522,-45.30799999999999,-420.4986,175,75
2026-05-09 15:54:17.916,2,-1.55,-1.29,0.08,-187.6722,148.662,-358.1786,175,75
2026-05-09 15:54:17.941,2,-1.29,-0.85,0.33,-137.8522,182.802,-325.0786,175,75
2026-05-09 15:54:17.965,2,-0.97,-0.58,0.7,-105.2922,144.272,-293.5486,175,75
2026-05-09 15:54:18.006,2,-0.89,-0.57,0.76,-109.50219999999999,96.952,-285.6186,175,75
2026-05-09 15:54:18.006,2,-1.11,-0.35,0.58,-120.23219999999999,27.502,-260.0086,175,75
2026-05-09 15:54:18.029,2,-1.14,-0.05,0.51,-98.1622,69.822,-248.36860000000001,175,75
2026-05-09 15:54:18.040,2,-1.08,0.03,0.52,-78.7722,101.282,-247.7586,175,75
2026-05-09 15:54:18.052,2,-1.04,0.1,0.54,-59.742200000000004,129.212,-243.1886,175,75
2026-05-09 15:54:18.065,2,-0.83,0.34,0.59,-36.4522,141.952,-218.7886,175,75
2026-05-09 15:54:18.088,2,-0.8,0.51,0.58,-33.8322,132.382,-178.1886,175,75
2026-05-09 15:54:18.088,2,-0.83,0.68,0.55,-30.7222,106.522,-143.0586,175,75
2026-05-09 15:54:18.111,2,-0.77,0.81,0.54,-24.9322,58.05200000000001,-105.9286,175,75
2026-05-09 15:54:18.111,2,-0.68,0.83,0.52,-19.7422,23.662,-80.0786,175,75
2026-05-09 15:54:18.126,2,-0.63,0.81,0.47,-13.712200000000003,-6.468,-57.6986,175,75
2026-05-09 15:54:18.144,2,-0.57,0.84,0.44,-7.6122000000000005,-23.477999999999998,-50.0086,175,75
2026-05-09 15:54:18.172,2,-0.38,1.1,0.32,8.2378,-26.337999999999997,-45.5586,175,75
2026-05-09 15:54:18.195,2,-0.16,1.25,0.25,9.0378,-73.16799999999999,-13.6686,175,75
2026-05-09 15:54:18.229,2,-0.07,1.16,0.13,0.1277999999999997,-130.858,0.35139999999999993,175,75
2026-05-09 15:54:18.243,2,0.11,1.12,0.07,-1.8822,-160.978,3.9514,175,75
2026-05-09 15:54:18.278,2,0.02,1.05,-0.15,-19.802200000000003,-180.36800000000002,9.1914,175,75
2026-05-09 15:54:18.312,2,0.1,0.97,-0.34,-26.572200000000002,25.062,6.751399999999999,175,75
2026-05-09 15:54:18.323,2,0.2,0.93,-0.21,-29.202199999999998,48.172,4.0714,175,75
2026-05-09 15:54:18.336,2,0.22,0.97,-0.09,-31.392200000000003,58.111999999999995,0.29139999999999994,175,75
2026-05-09 15:54:18.347,2,0.25,1.07,-0.05,-34.132200000000005,49.022,0.6614,175,75
2026-05-09 15:54:18.366,2,0.12,1.32,-0.11,-41.5722,38.352000000000004,7.421399999999999,175,75
2026-05-09 15:54:18.414,2,-0.05,1.62,-0.15,-32.3722,118.842,13.8914,175,75
2026-05-09 15:54:18.425,2,0.3,1.5,0.12,-7.852200000000001,175.00199999999998,11.6914,175,75
2026-05-09 15:54:18.437,2,0.64,1.13,0.5,-11.1522,91.342,-7.328600000000001,175,75
2026-05-09 15:54:18.492,2,0.59,1.25,0.41,-35.3522,-158.288,11.9414,175,75
2026-05-09 15:54:18.502,2,0.5,1.24,0.24,-39.4422,-212.678,16.2114,175,75
2026-05-09 15:54:18.522,2,0.12,1.14,-0.23,-43.7722,-219.328,6.9414,175,75
2026-05-09 15:54:18.522,2,-0.08,1.14,-0.44,-39.0122,-127.67799999999998,-2.2685999999999997,175,75
2026-05-09 15:54:18.598,2,0.3,1.31,0.51,-6.942200000000001,182.25199999999998,-16.968600000000002,175,75
2026-05-09 15:54:18.628,2,0.29,1.27,0.56,-10.842200000000002,-69.818,13.461400000000001,175,75
2026-05-09 15:54:18.689,2,0.15,1.11,0.12,-4.3222000000000005,-115.978,15.9014,175,75
2026-05-09 15:54:18.709,2,0.15,1.05,0.06,-0.23220000000000018,-45.66799999999999,4.6814,175,75
2026-05-09 15:54:18.720,2,0.19,1.02,0.06,-2.3022,-9.638000000000002,1.2713999999999999,175,75
2026-05-09 15:54:18.731,2,0.21,0.97,0.11,-3.1022,3.9619999999999997,-0.49860000000000004,175,75
2026-05-09 15:54:18.747,2,0.23,1.01,0.16,-4.6222,6.102,-4.2786,175,75
2026-05-09 15:54:18.757,2,0.23,1.1,0.16,-3.3422,7.501999999999999,-7.578600000000001,175,75
2026-05-09 15:54:18.757,2,0.26,1.18,0.17,-0.7822000000000005,13.232,-9.278599999999999,175,75
2026-05-09 15:54:18.768,2,0.26,1.24,0.19,2.7577999999999996,23.412,-9.2186,175,75
2026-05-09 15:54:18.794,2,0.27,1.24,0.28,7.8778,39.751999999999995,-11.7186,175,75
2026-05-09 15:54:18.806,2,0.34,1.23,0.33,12.207799999999999,36.582,-14.2186,175,75
2026-05-09 15:54:18.817,2,0.33,1.22,0.35,15.7378,22.382,-17.0286,175,75
2026-05-09 15:54:18.817,2,0.08,1.34,0.28,20.197799999999997,5.731999999999999,-18.428600000000003,175,75
2026-05-09 15:54:18.849,2,0.21,1.57,0.12,27.3278,5.001999999999999,13.1614,175,75
2026-05-09 15:54:18.860,2,0.47,1.24,0.3,23.6678,22.382,10.051400000000001,175,75
2026-05-09 15:54:18.870,2,0.52,1.01,0.37,22.017799999999998,40.182,-8.9186,175,75
2026-05-09 15:54:18.890,2,0.47,1.15,0.41,41.0478,-32.138000000000005,-25.3186,175,75
2026-05-09 15:54:18.907,2,0.33,1.27,0.36,31.8978,-71.27799999999999,-22.3286,175,75
2026-05-09 15:54:18.945,2,-0.15,1.49,-0.36,0.19779999999999998,-39.028000000000006,-15.5586,175,75
2026-05-09 15:54:18.953,2,-0.26,1.63,-0.47,14.6478,118.232,-11.6586,175,75
2026-05-09 15:54:18.966,2,-0.16,1.74,-0.31,22.8778,234.022,-5.0086,175,75
2026-05-09 15:54:19.008,2,0.55,1.33,0.79,39.2178,263.842,-26.0486,175,75
2026-05-09 15:54:19.008,2,0.62,1.32,0.92,28.7278,131.892,-20.0786,175,75
2026-05-09 15:54:19.021,2,0.59,1.35,0.98,8.607800000000001,-55.66799999999999,-1.9686,175,75
2026-05-09 15:54:19.034,2,0.53,1.32,0.83,1.1077999999999997,-204.578,18.101399999999998,175,75
2026-05-09 15:54:19.043,2,0.43,1.21,0.53,-4.7422,-331.82800000000003,35.471399999999996,175,75
2026-05-09 15:54:19.063,2,0.4,1.16,0.22,-4.5622,-407.498,38.401399999999995,175,75
2026-05-09 15:54:19.075,2,0.26,1.13,-0.12,1.0477999999999998,-424.32800000000003,21.0214,175,75
2026-05-09 15:54:19.145,2,0.26,1.12,0.13,31.407799999999998,158.78199999999998,-31.288600000000002,175,75
2026-05-09 15:54:19.155,2,0.27,1.11,0.2,25.3178,87.682,-20.2586,175,75
2026-05-09 15:54:19.170,2,0.21,1.12,0.19,4.517799999999999,8.782,-6.7186,175,75
2026-05-09 15:54:19.209,2,0.06,1.15,-0.08,-4.6222,-46.038,1.6913999999999998,175,75
2026-05-09 15:54:19.219,2,-0.0,1.14,-0.14,3.7278,-5.667999999999999,-0.1986,175,75
2026-05-09 15:54:19.219,2,0.05,1.14,-0.15,5.437799999999999,21.642,-0.1986,175,75
2026-05-09 15:54:19.236,2,0.1,1.15,-0.11,3.7278,34.082,1.8813999999999997,175,75
2026-05-09 15:54:19.247,2,0.14,1.19,-0.01,0.8677999999999999,32.862,4.801399999999999,175,75
2026-05-09 15:54:19.257,2,0.2,1.19,0.05,-1.2722000000000007,10.972,8.221400000000001,175,75
2026-05-09 15:54:19.271,2,0.23,1.19,0.07,-4.8722,-23.048,12.1814,175,75
2026-05-09 15:54:19.271,2,0.2,1.18,0.04,-8.592200000000002,-45.91799999999999,15.471400000000001,175,75
2026-05-09 15:54:19.283,2,0.19,1.17,0.0,-10.9022,-56.88799999999999,15.6614,175,75
2026-05-09 15:54:19.340,2,0.09,1.06,-0.1,-15.9022,-36.397999999999996,16.5114,175,75
2026-05-09 15:54:19.340,2,0.11,1.08,-0.1,-17.732200000000002,-21.767999999999997,17.0614,175,75
2026-05-09 15:54:19.384,2,0.1,1.03,-0.06,-23.462200000000003,7.682,24.0114,175,75
2026-05-09 15:54:19.398,2,0.21,1.05,0.05,-26.9422,18.902,24.6814,175,75
2026-05-09 15:54:19.409,2,0.28,1.06,0.1,-31.882200000000005,3.661999999999999,24.1314,175,75
2026-05-09 15:54:19.419,2,0.25,1.12,0.11,-34.5022,-11.398,25.231399999999997,175,75
2026-05-09 15:54:19.432,2,0.24,1.23,0.04,-35.3522,-29.638,24.801399999999997,175,75
2026-05-09 15:54:19.443,2,0.18,1.38,-0.07,-36.5722,-38.108000000000004,29.191399999999998,175,75
2026-05-09 15:54:19.455,2,0.06,1.55,-0.2,-37.3722,-20.248,32.181400000000004,175,75
2026-05-09 15:54:19.474,2,0.0,1.67,-0.26,-33.3422,28.172,36.8214,175,75
2026-05-09 15:54:19.484,2,0.35,1.47,0.02,-19.2622,138.292,40.111399999999996,175,75
2026-05-09 15:54:19.502,2,0.62,1.26,0.32,-17.6722,118.052,28.2214,175,75
2026-05-09 15:54:19.523,2,0.8,1.11,0.53,-31.702199999999998,-33.048,19.441399999999998,175,75
2026-05-09 15:54:19.541,2,0.74,1.17,0.44,-41.4522,-160.178,28.2214,175,75
2026-05-09 15:54:19.571,2,0.4,1.09,-0.26,-40.6022,-250.858,11.5714,175,75
2026-05-09 15:54:19.585,2,0.19,1.04,-0.57,-30.9022,-131.708,-2.7586,175,75
2026-05-09 15:54:19.596,2,0.11,1.05,-0.66,-21.1522,-16.157999999999998,-8.8586,175,75
2026-05-09 15:54:19.606,2,0.14,1.11,-0.55,-13.8322,86.462,-13.1886,175,75
2026-05-09 15:54:19.647,2,0.3,1.24,0.23,-3.7122,170.91199999999998,-26.1686,175,75
2026-05-09 15:54:19.657,2,0.28,1.25,0.33,-5.5422,137.502,-26.2286,175,75
2026-05-09 15:54:19.668,2,0.28,1.31,0.41,-6.762200000000001,87.012,-23.428600000000003,175,75
2026-05-09 15:54:19.683,2,0.29,1.35,0.45,-4.9322,37.622,-17.3886,175,75
2026-05-09 15:54:19.694,2,0.28,1.35,0.44,-2.6122000000000005,-10.727999999999998,-9.528599999999999,175,75
2026-05-09 15:54:19.694,2,0.24,1.31,0.39,-2.4322,-55.428,-2.0886,175,75
2026-05-09 15:54:19.736,2,0.17,1.21,0.18,-3.1622000000000003,-119.14800000000001,7.3614,175,75
2026-05-09 15:54:19.779,2,-0.01,1.15,-0.07,9.5178,-60.24799999999999,-0.49860000000000004,175,75
2026-05-09 15:54:19.801,2,0.1,1.07,0.03,13.427800000000001,9.692,-2.1486,175,75
2026-05-09 15:54:19.833,2,0.05,1.07,0.04,7.3278,-9.818000000000001,-0.4386000000000001,175,75
2026-05-09 15:54:19.891,2,0.17,1.07,0.06,4.517799999999999,-28.657999999999998,-15.198599999999999,175,75
2026-05-09 15:54:19.903,2,-0.33,1.52,-0.19,-1.0222000000000002,-17.197999999999997,-16.6586,175,75
2026-05-09 15:54:19.916,2,-0.37,1.82,-0.36,6.107799999999999,21.642,1.0213999999999999,175,75
2026-05-09 15:54:19.933,2,-0.14,1.54,-0.18,16.5978,231.582,22.6714,175,75
2026-05-09 15:54:19.941,2,0.34,1.36,0.13,31.657799999999998,300.24199999999996,18.461399999999998,175,75
2026-05-09 15:54:19.976,2,0.64,1.21,0.81,50.5578,242.802,-20.4986,175,75
2026-05-09 15:54:20.008,2,0.55,1.46,0.77,-11.272200000000002,-240.118,24.321399999999997,175,75
2026-05-09 15:54:20.013,2,0.52,1.36,0.12,-22.982200000000002,-445.428,66.2714,175,75
2026-05-09 15:54:20.037,2,0.43,1.3,-0.22,-21.212200000000003,-455.488,28.3414,175,75
2026-05-09 15:54:20.063,2,-0.1,1.39,-0.79,25.9878,218.66199999999998,8.8314,175,75
2026-05-09 15:54:20.075,2,0.17,1.3,-0.18,29.8878,362.86199999999997,5.291399999999999,175,75
2026-05-09 15:54:20.103,2,0.74,1.15,0.67,28.8478,164.082,-30.3186,175,75
2026-05-09 15:54:20.115,2,0.61,1.21,0.68,-2.0622,-26.947999999999997,-4.828600000000001,175,75
2026-05-09 15:54:20.132,2,0.53,1.14,0.47,-19.9922,-161.52800000000002,12.6114,175,75
2026-05-09 15:54:20.142,2,0.41,1.1,0.17,-19.2622,-225.608,17.2414,175,75
2026-05-09 15:54:20.154,2,0.29,1.07,-0.05,-7.7322,-234.08800000000002,3.0314,175,75
2026-05-09 15:54:20.185,2,0.0,1.05,-0.4,10.867799999999999,89.212,-19.0986,175,75
2026-05-09 15:54:20.196,2,0.13,1.06,-0.13,14.707799999999999,148.232,-21.968600000000002,175,75
2026-05-09 15:54:20.209,2,0.22,1.09,0.05,18.0578,155.97199999999998,-25.678600000000003,175,75
2026-05-09 15:54:20.213,2,0.3,1.12,0.17,16.3478,121.89200000000001,-25.928600000000003,175,75
2026-05-09 15:54:20.224,2,0.31,1.14,0.2,10.2578,77.072,-19.8886,175,75
2026-05-09 15:54:20.264,2,0.22,1.16,0.07,-2.8522,-19.508,-3.6085999999999996,175,75
2026-05-09 15:54:20.279,2,0.19,1.16,-0.01,5.437799999999999,2.742000000000001,-3.4886,175,75
2026-05-09 15:54:20.290,2,0.2,1.17,0.0,5.6178,12.442,-2.5086,175,75
2026-05-09 15:54:20.305,2,0.25,1.19,0.04,4.767799999999999,10.001999999999999,-0.9286,175,75
2026-05-09 15:54:20.320,2,0.28,1.2,0.07,4.2177999999999995,-2.437999999999999,1.0213999999999999,175,75
2026-05-09 15:54:20.355,2,0.32,1.17,-0.03,3.8478,-66.338,7.3614,175,75
2026-05-09 15:54:20.392,2,0.25,1.14,-0.18,-0.6622000000000003,-59.99799999999999,2.5514,175,75
2026-05-09 15:54:20.392,2,0.22,1.12,-0.21,-5.0522,-48.658,1.4514,175,75
2026-05-09 15:54:20.416,2,0.19,1.11,-0.22,-9.9922,-25.178,0.11139999999999994,175,75
2026-05-09 15:54:20.423,2,0.18,1.11,-0.22,-11.882200000000001,-8.108,0.47139999999999993,175,75
2026-05-09 15:54:20.461,2,0.21,1.04,-0.02,-18.8322,16.642,2.3614,175,75
2026-05-09 15:54:20.487,2,0.15,1.05,-0.03,-26.092200000000002,-8.968,6.4514,175,75
2026-05-09 15:54:20.500,2,0.15,1.02,-0.06,-30.962200000000003,3.0519999999999996,8.6414,175,75
2026-05-09 15:54:20.512,2,0.19,1.04,-0.03,-30.6622,11.772,8.1014,175,75
2026-05-09 15:54:20.524,2,0.24,1.02,0.03,-30.352200000000003,10.362,10.471400000000001,175,75
2026-05-09 15:54:20.546,2,0.24,0.97,0.08,-35.172200000000004,2.251999999999999,10.8414,175,75
2026-05-09 15:54:20.558,2,0.16,1.03,0.03,-39.6222,-12.988000000000003,10.6014,175,75
2026-05-09 15:54:20.558,2,0.09,1.13,-0.02,-39.5022,-22.678,11.3314,175,75
2026-05-09 15:54:20.575,2,0.06,1.22,-0.09,-39.8722,-16.767999999999997,14.801400000000001,175,75
2026-05-09 15:54:20.595,2,0.03,1.4,-0.18,-39.6222,43.412,19.5614,175,75
2026-05-09 15:54:20.605,2,0.02,1.5,-0.15,-31.572200000000002,91.58200000000001,22.9714,175,75
2026-05-09 15:54:20.618,2,0.13,1.45,0.04,-23.342200000000002,127.44200000000001,25.051399999999997,175,75
2026-05-09 15:54:20.640,2,0.35,1.39,0.31,-25.7222,100.912,20.8414,175,75
2026-05-09 15:54:20.651,2,0.45,1.37,0.39,-27.912200000000002,64.272,22.3614,175,75
2026-05-09 15:54:20.669,2,0.63,1.17,0.53,-38.8922,-62.49799999999999,28.3414,175,75
2026-05-09 15:54:20.681,2,0.62,1.08,0.48,-45.9022,-139.638,31.2714,175,75
2026-05-09 15:54:20.692,2,0.61,1.08,0.37,-48.0422,-187.928,32.1214,175,75
2026-05-09 15:54:20.692,2,0.56,1.1,0.22,-46.2122,-226.27800000000002,33.3414,175,75
2026-05-09 15:54:20.714,2,0.47,1.11,0.0,-37.6122,-247.988,25.4714,175,75
2026-05-09 15:54:20.727,2,0.24,1.1,-0.32,-29.2622,-185.978,7.6114,175,75
2026-05-09 15:54:20.749,2,0.08,1.16,-0.53,-14.2622,13.661999999999999,-2.9986,175,75
2026-05-09 15:54:20.770,2,0.21,1.23,-0.17,8.4278,176.952,-9.278599999999999,175,75
2026-05-09 15:54:20.795,2,0.32,1.27,0.26,13.8478,160.182,-19.948600000000003,175,75
2026-05-09 15:54:20.801,2,0.33,1.28,0.33,6.4078,98.47200000000001,-16.8386,175,75
2026-05-09 15:54:20.813,2,0.33,1.34,0.36,0.43779999999999974,32.251999999999995,-8.0586,175,75
2026-05-09 15:54:20.825,2,0.29,1.38,0.34,-2.1222000000000003,-35.488,2.0014,175,75
2026-05-09 15:54:20.840,2,0.26,1.32,0.26,-5.9622,-89.328,10.6014,175,75
2026-05-09 15:54:20.895,2,0.01,1.09,-0.21,-5.4121999999999995,-64.818,10.2314,175,75
2026-05-09 15:54:20.909,2,-0.03,1.08,-0.21,-4.7422,-24.208000000000002,9.801400000000001,175,75
2026-05-09 15:54:20.925,2,-0.03,1.07,-0.18,-3.5922,8.352,10.7814,175,75
2026-05-09 15:54:20.936,2,0.01,1.09,-0.11,0.06779999999999964,41.162,11.7514,175,75
2026-05-09 15:54:20.959,2,0.09,1.03,0.11,2.3878,70.242,9.3114,175,75
2026-05-09 15:54:20.974,2,0.17,1.04,0.19,0.1277999999999997,56.282,5.841399999999999,175,75
2026-05-09 15:54:21.016,2,0.35,1.02,0.19,-8.4022,-73.598,5.1114,175,75
2026-05-09 15:54:21.033,2,-0.08,1.36,-0.16,-6.512200000000001,-72.678,-3.0585999999999998,175,75
2026-05-09 15:54:21.055,2,-0.03,1.56,-0.34,1.1677999999999997,44.882000000000005,14.381400000000001,175,75
2026-05-09 15:54:21.089,2,0.59,1.11,0.53,31.5978,199.332,-20.378600000000002,175,75
2026-05-09 15:54:21.105,2,0.68,1.25,0.69,25.0678,124.632,-31.8386,175,75
2026-05-09 15:54:21.116,2,0.69,1.45,0.67,6.8378,-35.428,-13.3086,175,75
2026-05-09 15:54:21.149,2,0.51,1.52,0.24,-25.482200000000002,-269.818,38.7114,175,75
2026-05-09 15:54:21.149,2,0.4,1.5,-0.1,-24.4422,-313.658,37.9114,175,75
2026-05-09 15:54:21.161,2,-0.13,1.43,-0.5,-4.6222,-184.08800000000002,-5.618600000000001,175,75
2026-05-09 15:54:21.187,2,-0.13,1.64,-0.69,30.197799999999997,107.322,5.9014,175,75
2026-05-09 15:54:21.199,2,0.52,1.44,0.11,39.0978,292.382,-3.2486,175,75
2026-05-09 15:54:21.224,2,0.66,1.29,0.43,42.0178,251.582,-26.7786,175,75
2026-05-09 15:54:21.224,2,0.76,1.19,0.58,28.787799999999997,150.06199999999998,-25.3186,175,75
2026-05-09 15:54:21.233,2,0.74,1.18,0.65,5.9878,4.0219999999999985,-10.9886,175,75
2026-05-09 15:54:21.244,2,0.61,1.22,0.58,-15.112200000000001,-130.858,7.1814,175,75
2026-05-09 15:54:21.258,2,0.53,1.18,0.43,-28.2822,-221.098,17.7914,175,75
2026-05-09 15:54:21.268,2,0.42,1.17,0.09,-34.9322,-297.318,27.6714,175,75
2026-05-09 15:54:21.309,2,-0.1,1.05,-0.41,-1.7022000000000004,168.172,-13.7286,175,75
2026-05-09 15:54:21.323,2,0.06,1.04,-0.09,2.5677999999999996,239.332,-17.9386,175,75
2026-05-09 15:54:21.328,2,0.24,1.04,0.22,8.977799999999998,253.292,-29.468600000000002,175,75
2026-05-09 15:54:21.350,2,0.26,1.01,0.41,9.7678,208.962,-40.0086,175,75
2026-05-09 15:54:21.363,2,0.33,1.04,0.5,0.2577999999999996,131.102,-29.468600000000002,175,75
2026-05-09 15:54:21.375,2,0.3,1.12,0.52,-6.4522,40.672,-14.948599999999999,175,75
2026-05-09 15:54:21.378,2,0.29,1.14,0.49,-6.272200000000001,-12.197999999999997,-6.2286,175,75
2026-05-09 15:54:21.393,2,0.24,1.13,0.39,-5.352200000000001,-49.328,0.47139999999999993,175,75
2026-05-09 15:54:21.393,2,0.19,1.11,0.3,-3.8922,-68.048,3.1014,175,75
2026-05-09 15:54:21.405,2,0.15,1.09,0.2,1.4777999999999998,-69.99799999999999,3.7114000000000003,175,75
2026-05-09 15:54:21.421,2,0.09,1.08,0.14,5.4978,-54.147999999999996,2.3014,175,75
2026-05-09 15:54:21.432,2,0.05,1.08,0.07,8.547799999999999,-28.288,0.41139999999999993,175,75
2026-05-09 15:54:21.442,2,0.08,1.1,0.03,12.207799999999999,6.161999999999999,0.7813999999999999,175,75
2026-05-09 15:54:21.453,2,0.13,1.13,0.04,16.4778,26.582,3.9514,175,75
2026-05-09 15:54:21.476,2,0.21,1.14,0.13,21.537799999999997,19.022,11.3314,175,75
2026-05-09 15:54:21.524,2,0.3,1.08,0.07,14.887799999999999,-51.098,17.3614,175,75
2026-05-09 15:54:21.532,2,0.29,1.03,0.02,11.5378,-62.257999999999996,16.691399999999998,175,75
2026-05-09 15:54:21.543,2,0.25,0.99,-0.02,8.0578,-69.328,15.721400000000001,175,75
2026-05-09 15:54:21.555,2,0.19,0.95,-0.07,3.2977999999999996,-67.678,15.3514,175,75
2026-05-09 15:54:21.567,2,0.13,0.93,-0.12,0.43779999999999974,-57.257999999999996,15.4114,175,75
2026-05-09 15:54:21.578,2,0.12,0.92,-0.16,-1.6322,-33.418000000000006,15.4114,175,75
2026-05-09 15:54:21.589,2,0.12,0.92,-0.17,-1.0222000000000002,-11.038,16.0814,175,75
2026-05-09 15:54:21.624,2,0.17,0.81,-0.04,-2.7922000000000002,30.182,21.0214,175,75
2026-05-09 15:54:21.636,2,0.19,0.73,-0.01,-8.4022,24.752,22.551399999999997,175,75
2026-05-09 15:54:21.649,2,0.2,0.68,-0.0,-14.7422,2.6819999999999986,22.6114,175,75
2026-05-09 15:54:21.653,2,0.24,0.78,-0.03,-12.6722,-10.547999999999998,19.7414,175,75
2026-05-09 15:54:21.663,2,0.31,0.85,-0.03,-9.072199999999999,-19.388,17.731399999999997,175,75
2026-05-09 15:54:21.675,2,0.36,0.92,-0.02,-8.952200000000001,-28.227999999999998,15.5314,175,75
2026-05-09 15:54:21.688,2,0.31,1.01,-0.08,-11.392199999999999,-41.397999999999996,11.1414,175,75
2026-05-09 15:54:21.705,2,0.18,1.12,-0.18,-13.8322,-52.007999999999996,7.9714,175,75
2026-05-09 15:54:21.716,2,-0.02,1.35,-0.31,-12.3722,-48.968,6.751399999999999,175,75
2026-05-09 15:54:21.727,2,-0.09,1.52,-0.41,-6.8222,-27.438,8.1014,175,75
2026-05-09 15:54:21.727,2,-0.14,1.71,-0.49,0.007799999999999585,8.472,17.121399999999998,175,75
2026-05-09 15:54:21.743,2,-0.03,1.85,-0.52,7.267799999999999,74.632,32.791399999999996,175,75
2026-05-09 15:54:21.802,2,0.9,1.24,0.18,-16.092200000000002,148.902,42.6714,175,75
2026-05-09 15:54:21.825,2,1.08,1.23,0.39,-18.4022,57.382000000000005,32.0614,175,75
2026-05-09 15:54:21.836,2,1.05,1.29,0.48,-21.7022,-51.27799999999999,26.3314,175,75
2026-05-09 15:54:21.858,2,0.48,1.55,-0.15,-45.4122,-311.588,32.1214,175,75
2026-05-09 15:54:21.858,2,0.24,1.49,-0.35,-37.3022,-267.928,25.2914,175,75
2026-05-09 15:54:21.869,2,0.12,1.38,-0.45,-30.782200000000003,-194.508,23.891399999999997,175,75
2026-05-09 15:54:21.870,2,0.18,1.23,-0.52,-29.0122,-116.88799999999999,17.851399999999998,175,75
2026-05-09 15:54:21.881,2,0.31,1.14,-0.44,-31.882200000000005,-62.678,9.3114,175,75
2026-05-09 15:54:21.891,2,0.28,1.15,-0.32,-30.6622,-38.048,4.6814,175,75
2026-05-09 15:54:21.960,2,0.11,0.93,-0.0,-7.672200000000001,60.432,0.6013999999999999,175,75
2026-05-09 15:54:21.980,2,0.08,0.89,0.1,-4.0122,57.622,0.5314,175,75
2026-05-09 15:54:22.001,2,0.09,0.93,0.14,-1.1522000000000006,26.582,1.9413999999999998,175,75
2026-05-09 15:54:22.017,2,0.11,0.94,0.14,0.1277999999999997,7.802,2.9714,175,75
2026-05-09 15:54:22.028,2,0.09,0.91,0.15,-0.29220000000000024,-11.098000000000003,3.9514,175,75
2026-05-09 15:54:22.029,2,0.1,0.87,0.13,-1.5722000000000005,-21.038,3.2814,175,75
2026-05-09 15:54:22.065,2,0.07,0.83,0.0,-4.5622,-51.768,-1.9686,175,75
2026-05-09 15:54:22.077,2,0.06,0.82,-0.06,-4.8022,-44.44799999999999,-4.8886,175,75
2026-05-09 15:54:22.087,2,0.04,0.84,-0.1,-7.2421999999999995,-31.767999999999997,-6.7786,175,75
2026-05-09 15:54:22.099,2,0.07,0.88,-0.13,-9.7422,-17.008,-8.118599999999999,175,75
2026-05-09 15:54:22.100,2,0.11,0.93,-0.17,-11.822199999999999,1.1020000000000003,-9.708599999999999,175,75
2026-05-09 15:54:22.212,2,1.01,1.5,-0.11,-0.41220000000000034,29.332,-2.6986,175,75
2026-05-09 15:54:22.226,2,1.27,1.05,0.07,-10.412199999999999,-11.888000000000002,-3.7285999999999997,175,75
2026-05-09 15:54:22.248,2,0.9,1.25,-0.08,-28.462200000000003,-152.86800000000002,-26.8386,175,75
2026-05-09 15:54:22.294,2,0.08,1.59,-0.67,-39.8722,-56.94799999999999,-15.8086,175,75
2026-05-09 15:54:22.316,2,0.0,1.56,-0.49,-17.302200000000003,100.732,-7.448600000000001,175,75
2026-05-09 15:54:22.356,2,0.16,1.39,0.43,18.1178,95.062,-0.25860000000000005,175,75
2026-05-09 15:54:22.372,2,0.09,1.26,0.47,12.997799999999998,25.062,10.1714,175,75
2026-05-09 15:54:22.385,2,-0.02,1.15,0.46,6.2878,-30.727999999999998,21.391399999999997,175,75
2026-05-09 15:54:22.391,2,-0.06,1.1,0.38,0.6177999999999999,-75.428,29.9214,175,75
2026-05-09 15:54:22.405,2,-0.09,1.06,0.29,-0.9022000000000001,-104.99799999999999,34.8014,175,75
2026-05-09 15:54:22.417,2,-0.11,1.03,0.19,1.9577999999999998,-112.258,35.901399999999995,175,75
2026-05-09 15:54:22.455,2,-0.14,0.93,0.05,34.0378,76.402,24.3814,175,75
2026-05-09 15:54:22.492,2,0.1,0.52,0.43,8.4878,8.232,9.0714,175,75
2026-05-09 15:54:22.506,2,0.11,0.53,0.39,-2.2422000000000004,-52.068,7.671399999999999,175,75
2026-05-09 15:54:22.517,2,0.1,0.71,0.23,-4.7422,-113.598,2.3014,175,75
2026-05-09 15:54:22.528,2,0.12,0.91,0.07,0.31779999999999964,-134.638,-2.1486,175,75
2026-05-09 15:54:22.564,2,0.07,1.12,-0.34,18.7278,-16.468,-8.118599999999999,175,75
2026-05-09 15:54:22.579,2,0.29,0.94,-0.11,17.2678,50.492000000000004,-17.9386,175,75
2026-05-09 15:54:22.590,2,0.32,0.97,0.0,14.887799999999999,24.822,-18.6686,175,75
2026-05-09 15:54:22.601,2,0.53,1.0,0.03,10.7378,-38.897999999999996,-13.7286,175,75
2026-05-09 15:54:22.615,2,0.62,1.03,-0.01,5.3178,-100.30799999999999,-6.7186,175,75
2026-05-09 15:54:22.645,2,0.26,1.21,-0.5,11.3478,-155.178,-9.7686,175,75
2026-05-09 15:54:22.655,2,0.13,1.19,-0.58,15.5578,-124.38799999999999,-5.1386,175,75
2026-05-09 15:54:22.674,2,-0.04,1.16,-0.63,13.4878,-72.378,1.5714000000000001,175,75
2026-05-09 15:54:22.685,2,-0.1,1.19,-0.64,10.9278,-19.568,7.791399999999999,175,75
2026-05-09 15:54:22.692,2,-0.1,1.22,-0.63,12.9378,30.182,15.3514,175,75
2026-05-09 15:54:22.734,2,-0.08,1.07,-0.43,17.9378,104.882,35.4114,175,75
2026-05-09 15:54:22.746,2,0.21,0.93,-0.2,15.2578,131.642,46.5714,175,75
2026-05-09 15:54:22.759,2,0.39,0.86,-0.06,14.9478,103.842,47.361399999999996,175,75
2026-05-09 15:54:22.759,2,0.43,0.82,0.03,13.7878,68.902,45.111399999999996,175,75
2026-05-09 15:54:22.767,2,0.46,0.78,0.09,10.797799999999999,22.502,40.5314,175,75
2026-05-09 15:54:22.781,2,0.5,0.71,0.12,2.5077999999999996,-37.498000000000005,32.971399999999996,175,75
2026-05-09 15:54:22.816,2,0.32,0.59,-0.06,-37.4322,-169.638,-0.25860000000000005,175,75
2026-05-09 15:54:22.823,2,0.19,0.66,-0.21,-43.8322,-187.988,-10.378599999999999,175,75
2026-05-09 15:54:22.852,2,-0.34,1.35,-0.75,-49.382200000000005,-27.498,-15.9886,175,75
2026-05-09 15:54:22.865,2,-0.35,1.4,-0.71,-49.8022,125.732,-3.5486,175,75
2026-05-09 15:54:22.918,2,0.69,1.24,0.44,-10.9622,243.35199999999998,-18.2486,175,75
2026-05-09 15:54:22.942,2,0.53,1.38,0.55,-36.5122,-68.288,-5.3786000000000005,175,75
2026-05-09 15:54:22.975,2,0.33,1.4,0.2,-43.9522,-214.698,17.0614,175,75
2026-05-09 15:54:22.980,2,0.18,1.32,-0.03,-39.8722,-222.138,2.4914,175,75
2026-05-09 15:54:23.006,2,-0.27,1.51,-0.5,-2.5522,-44.818,-4.038600000000001,175,75
2026-05-09 15:54:23.020,2,-0.22,1.51,-0.47,20.8678,83.112,8.3414,175,75
2026-05-09 15:54:23.032,2,0.04,1.36,-0.28,29.4578,159.212,15.6614,175,75
2026-05-09 15:54:23.032,2,0.41,1.19,-0.01,34.5178,180.06199999999998,14.2514,175,75
2026-05-09 15:54:23.044,2,0.55,1.04,0.2,36.5978,138.78199999999998,11.2714,175,75
2026-05-09 15:54:23.058,2,0.51,0.9,0.35,28.9778,52.802,7.1213999999999995,175,75
2026-05-09 15:54:23.070,2,0.44,0.86,0.35,17.1478,-15.058000000000003,7.421399999999999,175,75
2026-05-09 15:54:23.077,2,0.33,0.91,0.24,1.7177999999999998,-91.468,10.5314,175,75
2026-05-09 15:54:23.098,2,0.21,0.97,0.06,-7.9121999999999995,-145.428,9.801400000000001,175,75
2026-05-09 15:54:23.108,2,0.15,0.98,-0.1,-8.952200000000001,-155.05800000000002,5.291399999999999,175,75
2026-05-09 15:54:23.130,2,-0.07,0.99,-0.4,3.4277999999999995,-26.038,-3.1186,175,75
2026-05-09 15:54:23.141,2,-0.07,1.07,-0.4,12.3278,60.912000000000006,-2.5786,175,75
2026-05-09 15:54:23.155,2,0.02,1.12,-0.26,17.997799999999998,115.97200000000001,-1.9686,175,75
2026-05-09 15:54:23.189,2,0.29,1.09,0.1,18.4278,72.622,0.41139999999999993,175,75
2026-05-09 15:54:23.226,2,0.43,1.05,0.01,0.9278,-43.968,-6.2286,175,75
2026-05-09 15:54:23.238,2,0.43,1.08,-0.12,-3.4022000000000006,-77.318,-10.5586,175,75
2026-05-09 15:54:23.268,2,0.44,1.08,-0.21,-5.4121999999999995,-91.218,-13.9786,175,75
2026-05-09 15:54:23.295,2,0.18,1.24,-0.61,-10.112200000000001,-54.938,-18.9786,175,75
2026-05-09 15:54:23.305,2,0.6,1.13,-0.59,5.0678,53.172,-10.8086,175,75
2026-05-09 15:54:23.316,2,0.62,0.95,-0.44,-0.4822000000000002,75.002,-13.4886,175,75
2026-05-09 15:54:23.330,2,0.65,1.09,-0.21,-9.072199999999999,9.572,-26.538600000000002,175,75
2026-05-09 15:54:23.343,2,0.58,1.32,-0.19,-5.7822000000000005,-53.538,-25.808600000000002,175,75
2026-05-09 15:54:23.375,2,0.27,1.56,-0.51,-26.2722,-89.938,-18.178600000000003,175,75
2026-05-09 15:54:23.396,2,0.05,1.6,-0.58,-19.8722,-28.968,-13.9786,175,75
2026-05-09 15:54:23.396,2,-0.01,1.62,-0.51,-2.3022,57.132000000000005,-5.4386,175,75
2026-05-09 15:54:23.412,2,0.07,1.54,-0.32,5.7978,110.122,1.3914,175,75
2026-05-09 15:54:23.437,2,0.22,1.38,0.11,11.657799999999998,135.492,4.3214,175,75
2026-05-09 15:54:23.437,2,0.18,1.37,0.2,16.7778,105.792,5.6613999999999995,175,75
2026-05-09 15:54:23.505,2,-0.09,1.03,0.03,16.657799999999998,11.581999999999999,25.231399999999997,175,75
2026-05-09 15:54:23.515,2,-0.05,0.94,0.04,20.5578,47.742000000000004,22.851399999999998,175,75
2026-05-09 15:54:23.527,2,0.07,0.89,0.2,29.8878,50.432,15.6014,175,75
2026-05-09 15:54:23.539,2,0.11,0.86,0.25,27.447799999999997,22.992,11.9414,175,75
2026-05-09 15:54:23.566,2,0.17,0.82,0.27,21.657799999999998,-16.528000000000002,9.9214,175,75
2026-05-09 15:54:23.566,2,0.19,0.77,0.25,16.657799999999998,-50.548,7.3614,175,75
2026-05-09 15:54:23.583,2,0.23,0.68,0.19,10.5578,-84.508,1.7513999999999998,175,75
2026-05-09 15:54:23.610,2,0.11,0.6,-0.01,0.9278,-119.878,-17.3286,175,75
2026-05-09 15:54:23.610,2,0.07,0.66,-0.12,-0.7222000000000004,-117.92799999999998,-26.6586,175,75
2026-05-09 15:54:23.621,2,0.02,0.83,-0.26,-2.8522,-98.048,-33.7886,175,75
2026-05-09 15:54:23.631,2,-0.03,1.0,-0.39,-4.6822,-60.428,-35.1986,175,75
2026-05-09 15:54:23.645,2,-0.01,1.11,-0.49,-5.172200000000001,-5.058,-35.0786,175,75
2026-05-09 15:54:23.657,2,0.05,1.12,-0.49,-3.8322000000000003,52.682,-34.2186,175,75
2026-05-09 15:54:23.700,2,0.51,0.92,0.01,1.5377999999999998,83.232,-33.3686,175,75
2026-05-09 15:54:23.715,2,0.55,0.91,0.07,-2.9122000000000003,29.752,-34.098600000000005,175,75
2026-05-09 15:54:23.726,2,0.45,1.01,0.06,-8.342200000000002,-48.538,-34.3986,175,75
2026-05-09 15:54:23.738,2,0.35,1.1,-0.02,-10.9622,-90.728,-33.3086,175,75
2026-05-09 15:54:23.749,2,0.15,1.2,-0.17,-14.132200000000001,-122.258,-26.718600000000002,175,75
2026-05-09 15:54:23.795,2,-0.3,1.33,-0.42,16.1078,58.471999999999994,21.211399999999998,175,75
2026-05-09 15:54:23.807,2,-0.22,1.28,-0.3,24.3978,109.75200000000001,39.5014,175,75
2026-05-09 15:54:23.818,2,-0.07,1.22,-0.16,27.8178,135.912,50.2314,175,75
2026-05-09 15:54:23.829,2,0.26,1.12,0.02,33.4878,124.212,55.6614,175,75
2026-05-09 15:54:23.839,2,0.43,1.0,0.2,33.6078,64.942,60.6014,175,75
2026-05-09 15:54:23.850,2,0.42,0.9,0.26,24.0978,2.992000000000001,63.0314,175,75
2026-05-09 15:54:23.863,2,0.37,0.83,0.24,10.9878,-58.048,62.7314,175,75
2026-05-09 15:54:23.863,2,0.31,0.8,0.15,-1.5722000000000005,-120.91799999999999,58.3414,175,75
2026-05-09 15:54:23.878,2,0.26,0.82,0.02,-6.4522,-177.198,51.0814,175,75
2026-05-09 15:54:23.917,2,0.26,0.66,-0.37,-17.002200000000002,-178.418,22.9714,175,75
2026-05-09 15:54:23.917,2,0.23,0.63,-0.45,-25.842200000000002,-155.36800000000002,14.5614,175,75
2026-05-09 15:54:23.969,2,-0.21,1.1,-0.69,-37.7322,-15.977999999999998,-6.658600000000001,175,75
2026-05-09 15:54:23.969,2,-0.24,1.28,-0.72,-34.6822,55.852000000000004,0.23139999999999994,175,75
2026-05-09 15:54:23.969,2,-0.21,1.35,-0.68,-32.062200000000004,135.002,7.0614,175,75
2026-05-09 15:54:23.982,2,-0.07,1.31,-0.5,-32.9122,230.242,12.4914,175,75
2026-05-09 15:54:24.029,2,0.63,1.13,0.4,-20.232200000000002,163.962,-12.3286,175,75
2026-05-09 15:54:24.075,2,0.21,1.37,-0.08,-45.1122,-214.698,4.5614,175,75
2026-05-09 15:54:24.083,2,0.02,1.35,-0.29,-38.5222,-182.078,-0.4386000000000001,175,75
2026-05-09 15:54:24.149,2,-0.01,1.33,-0.38,12.6978,185.792,16.5114,175,75
2026-05-09 15:54:24.170,2,0.58,0.78,0.44,19.2178,101.64200000000001,12.6714,175,75
2026-05-09 15:54:24.211,2,0.36,0.97,0.18,-14.932200000000002,-172.86800000000002,15.1714,175,75
2026-05-09 15:54:24.225,2,0.2,0.95,-0.08,-16.0222,-196.52800000000002,9.7414,175,75
2026-05-09 15:54:24.238,2,0.09,0.93,-0.27,-14.322200000000002,-164.02800000000002,2.3614,175,75
2026-05-09 15:54:24.238,2,0.01,0.92,-0.44,-8.4622,-103.898,-0.7486,175,75
2026-05-09 15:54:24.267,2,-0.07,1.01,-0.49,8.8478,81.582,-0.1986,175,75
2026-05-09 15:54:24.294,2,0.33,1.13,0.06,21.1678,189.142,-5.078600000000001,175,75
2026-05-09 15:54:24.316,2,0.53,1.03,0.3,15.4378,101.462,-6.4786,175,75
2026-05-09 15:54:24.343,2,0.54,1.02,0.24,-2.7922000000000002,-53.16799999999999,-5.498600000000001,175,75
2026-05-09 15:54:24.343,2,0.5,1.05,0.06,-5.7822000000000005,-89.568,-9.038599999999999,175,75
2026-05-09 15:54:24.358,2,0.41,1.08,-0.11,-2.9122000000000003,-98.658,-13.2486,175,75
2026-05-09 15:54:24.378,2,0.42,1.1,-0.21,1.5977999999999997,-73.41799999999999,-15.928600000000001,175,75
2026-05-09 15:54:24.389,2,0.52,1.08,-0.26,2.2077999999999998,-51.88799999999999,-19.648600000000002,175,75
2026-05-09 15:54:24.405,2,0.24,1.22,-0.35,0.4977999999999998,-12.617999999999999,-22.3286,175,75
2026-05-09 15:54:24.416,2,0.54,1.4,-0.44,17.6278,-6.218,-22.3286,175,75
2026-05-09 15:54:24.432,2,0.81,1.21,-0.34,25.7978,1.9519999999999982,-18.3686,175,75
2026-05-09 15:54:24.455,2,0.8,0.84,-0.14,1.9577999999999998,-19.267999999999997,-32.5786,175,75
2026-05-09 15:54:24.488,2,0.32,1.38,-0.51,13.0578,-61.038,-31.598600000000005,175,75
2026-05-09 15:54:24.503,2,0.23,1.4,-0.54,5.1278,-19.758,-28.5486,175,75
2026-05-09 15:54:24.557,2,0.04,1.58,-0.22,40.007799999999996,67.742,-7.9386,175,75
2026-05-09 15:54:24.588,2,-0.09,1.4,-0.12,29.3978,61.891999999999996,4.8614,175,75
2026-05-09 15:54:24.588,2,-0.15,1.34,-0.06,27.3278,60.122,9.0714,175,75
2026-05-09 15:54:24.615,2,-0.12,1.28,0.05,34.0378,49.332,13.1014,175,75
2026-05-09 15:54:24.636,2,-0.17,1.13,0.13,23.4878,28.902,18.9514,175,75
2026-05-09 15:54:24.663,2,-0.18,0.89,0.19,11.047799999999999,5.062000000000001,28.891399999999997,175,75
2026-05-09 15:54:24.672,2,-0.08,0.82,0.23,11.3478,0.9720000000000013,26.211399999999998,175,75
2026-05-09 15:54:24.708,2,0.22,0.66,0.34,9.457799999999999,-44.818,15.471400000000001,175,75
2026-05-09 15:54:24.738,2,0.25,0.6,0.2,-8.892199999999999,-138.168,1.6913999999999998,175,75
2026-05-09 15:54:24.764,2,0.19,0.75,-0.07,-4.7422,-158.168,-11.8986,175,75
2026-05-09 15:54:24.764,2,0.13,0.85,-0.24,1.4077999999999997,-147.80800000000002,-19.3386,175,75
2026-05-09 15:54:24.841,2,-0.03,1.06,-0.54,0.7977999999999996,60.361999999999995,-20.678600000000003,175,75
2026-05-09 15:54:24.854,2,0.25,0.97,-0.3,7.6278,99.33200000000001,-14.528599999999999,175,75
2026-05-09 15:54:24.867,2,0.53,0.97,-0.11,12.387799999999999,28.842,-17.3286,175,75
2026-05-09 15:54:24.878,2,0.41,1.03,-0.24,4.767799999999999,-34.757999999999996,-19.5886,175,75
2026-05-09 15:54:24.900,2,0.25,1.06,-0.38,0.7977999999999996,-48.16799999999999,-16.718600000000002,175,75
2026-05-09 15:54:24.900,2,0.07,1.1,-0.5,-0.29220000000000024,-42.13799999999999,-11.048599999999999,175,75
2026-05-09 15:54:24.916,2,-0.1,1.17,-0.59,2.6978,-15.248000000000001,-1.6585999999999999,175,75
2026-05-09 15:54:24.927,2,-0.17,1.23,-0.63,7.3278,16.832,7.2414,175,75
2026-05-09 15:54:24.950,2,-0.03,1.3,-0.49,23.787799999999997,108.662,32.6714,175,75
2026-05-09 15:54:24.950,2,0.17,1.15,-0.27,31.8978,134.572,41.9414,175,75
2026-05-09 15:54:24.984,2,0.38,0.89,0.03,25.7378,75.492,46.5714,175,75
2026-05-09 15:54:24.992,2,0.39,0.83,0.06,21.657799999999998,36.342,47.3014,175,75
2026-05-09 15:54:24.992,2,0.37,0.81,0.03,16.407799999999998,-10.308000000000003,47.361399999999996,175,75
2026-05-09 15:54:25.050,2,0.34,0.61,-0.06,-3.2222,-94.818,25.8414,175,75
2026-05-09 15:54:25.062,2,0.34,0.53,-0.07,-13.2822,-111.158,14.0114,175,75
2026-05-09 15:54:25.079,2,0.32,0.5,-0.1,-25.6022,-132.138,2.8514,175,75
2026-05-09 15:54:25.096,2,0.05,0.78,-0.4,-50.7222,-151.15800000000002,-17.878600000000002,175,75
2026-05-09 15:54:25.103,2,-0.12,1.1,-0.6,-55.7222,-126.76799999999999,-19.8886,175,75
2026-05-09 15:54:25.115,2,-0.23,1.27,-0.69,-56.5122,-84.148,-15.618599999999999,175,75
2026-05-09 15:54:25.127,2,-0.34,1.36,-0.72,-56.0222,23.352,-0.8086000000000001,175,75
2026-05-09 15:54:25.175,2,0.49,1.12,0.13,-23.7722,229.572,-0.008600000000000052,175,75
2026-05-09 15:54:25.190,2,0.61,1.22,0.4,-16.4522,54.022,-13.9786,175,75
2026-05-09 15:54:25.211,2,0.54,1.29,0.32,-24.9922,-52.55799999999999,-3.4886,175,75
2026-05-09 15:54:25.216,2,0.36,1.33,0.16,-26.5122,-127.86800000000001,3.1614,175,75
2026-05-09 15:54:25.226,2,0.22,1.35,-0.01,-20.9022,-156.33800000000002,2.5514,175,75
2026-05-09 15:54:25.238,2,0.04,1.38,-0.16,-14.0122,-150.178,-1.7786,175,75
2026-05-09 15:54:25.259,2,-0.14,1.42,-0.35,-4.3822,-92.318,-0.6186000000000001,175,75
2026-05-09 15:54:25.288,2,-0.15,1.35,-0.4,12.4478,25.612,9.8614,175,75
2026-05-09 15:54:25.288,2,-0.05,1.27,-0.33,21.5978,56.712,15.291400000000001,175,75
2026-05-09 15:54:25.304,2,0.2,1.04,-0.1,28.1178,57.932,22.7914,175,75
2026-05-09 15:54:25.333,2,0.31,0.78,-0.07,10.0678,-18.168000000000003,18.1614,175,75
2026-05-09 15:54:25.343,2,0.24,0.77,-0.14,6.6578,-24.087999999999997,14.6814,175,75
2026-05-09 15:54:25.379,2,0.05,0.9,-0.28,4.767799999999999,-17.197999999999997,11.631400000000001,175,75
2026-05-09 15:54:25.400,2,-0.01,1.01,-0.28,2.9377999999999997,25.122,14.9914,175,75
2026-05-09 15:54:25.400,2,0.05,1.03,-0.24,3.8478,39.141999999999996,17.121399999999998,175,75
2026-05-09 15:54:25.405,2,0.13,1.03,-0.18,5.2578,44.022,18.031399999999998,175,75
2026-05-09 15:54:25.438,2,0.21,1.0,-0.12,6.2278,35.362,18.7714,175,75
2026-05-09 15:54:25.438,2,0.25,1.0,-0.11,4.8877999999999995,17.802,18.461399999999998,175,75
2026-05-09 15:54:25.514,2,0.48,0.99,-0.25,-11.702200000000001,-36.038,-0.37860000000000005,175,75
2026-05-09 15:54:25.526,2,0.49,1.0,-0.31,-15.542200000000001,-52.007999999999996,-4.158600000000001,175,75
2026-05-09 15:54:25.539,2,0.44,0.99,-0.4,-19.5622,-65.488,-7.1486,175,75
2026-05-09 15:54:25.573,2,0.38,1.15,-0.8,-16.392200000000003,-21.337999999999997,-3.7285999999999997,175,75
2026-05-09 15:54:25.607,2,0.63,0.94,-0.5,-24.8722,51.772,-13.8586,175,75
2026-05-09 15:54:25.631,2,0.61,1.16,-0.45,-17.4922,9.512,-17.9386,175,75
2026-05-09 15:54:25.660,2,0.35,1.35,-0.54,-25.232200000000002,-27.498,-16.0486,175,75
2026-05-09 15:54:25.685,2,0.14,1.41,-0.53,-9.8722,20.672,-7.8786,175,75
2026-05-09 15:54:25.685,2,0.13,1.36,-0.43,-5.7822000000000005,45.001999999999995,-1.6585999999999999,175,75
2026-05-09 15:54:25.694,2,0.17,1.3,-0.32,-4.3822,52.861999999999995,2.0014,175,75
2026-05-09 15:54:25.722,2,0.23,1.21,-0.18,2.6978,14.882,4.921399999999999,175,75
2026-05-09 15:54:25.722,2,0.15,1.17,-0.17,1.7177999999999998,-5.058,5.5314,175,75
2026-05-09 15:54:25.902,2,0.2,0.8,-0.22,-39.8722,-93.288,-26.4186,175,75
2026-05-09 15:54:25.920,2,0.1,1.06,-0.36,-36.5122,-91.338,-28.3686,175,75
2026-05-09 15:54:25.960,2,-0.05,1.0,-0.49,-47.3722,57.072,-9.4686,175,75
2026-05-09 15:54:25.960,2,0.15,0.93,-0.37,-41.882200000000005,105.182,-5.1386,175,75
2026-05-09 15:54:26.074,2,-0.19,1.21,-0.16,-19.072200000000002,69.692,64.9214,175,75
2026-05-09 15:54:26.095,2,0.31,0.88,0.29,-3.1622000000000003,93.352,86.2114,175,75
2026-05-09 15:54:26.119,2,0.4,0.74,0.29,-0.7222000000000004,-109.508,93.0314,175,75
2026-05-09 15:54:26.141,2,0.17,0.59,-0.02,-12.8522,-191.52800000000002,81.45139999999999,175,75
2026-05-09 15:54:26.199,2,0.26,0.31,-0.15,-7.9121999999999995,-185.178,56.5114,175,75
2026-05-09 15:54:26.307,2,0.53,1.08,-0.06,-47.7922,25.062,55.3514,175,75
2026-05-09 15:54:26.330,2,0.37,1.03,-0.06,-68.59219999999999,-191.21800000000002,59.9914,175,75
2026-05-09 15:54:26.392,2,-0.06,1.17,-0.53,-56.632200000000005,-238.538,55.6614,175,75
2026-05-09 15:54:26.416,2,-0.26,1.27,-0.73,-37.8522,-136.46800000000002,65.4114,175,75
2026-05-09 15:54:26.427,2,-0.1,1.13,-0.71,-37.242200000000004,-52.928,73.4014,175,75
2026-05-09 15:54:26.478,2,0.32,1.02,-0.28,-43.2222,-19.638,73.4014,175,75
2026-05-09 15:54:26.482,2,0.27,1.08,-0.23,-56.2722,-55.727999999999994,67.9114,175,75
2026-05-09 15:54:26.512,2,0.17,1.16,-0.27,-64.20219999999999,-54.878,63.8314,175,75
2026-05-09 15:54:26.536,2,0.19,1.24,-0.28,-59.6222,-18.108,57.611399999999996,175,75
2026-05-09 15:54:26.689,2,0.38,1.27,-0.16,-45.4822,-27.988000000000003,20.351399999999998,175,75
2026-05-09 15:54:26.692,2,0.31,1.24,-0.27,-39.6222,-0.11799999999999855,15.471400000000001,175,75
2026-05-09 15:54:26.735,2,0.56,1.19,-0.25,-22.6122,118.412,7.791399999999999,175,75
2026-05-09 15:54:26.745,2,0.78,1.34,-0.14,-9.322199999999999,103.962,-12.448599999999999,175,75
2026-05-09 15:54:26.781,2,0.85,1.44,-0.06,-6.8222,58.842,-33.7886,175,75
2026-05-09 15:54:26.803,2,0.75,1.4,-0.06,1.7177999999999998,34.452,-43.6086,175,75
2026-05-09 15:54:26.810,2,0.69,1.39,-0.06,4.1578,29.022,-46.5386,175,75
2026-05-09 15:54:26.830,2,0.62,1.41,-0.08,5.6777999999999995,33.112,-47.5786,175,75
2026-05-09 15:54:26.830,2,0.55,1.42,-0.07,10.5578,48.962,-47.5086,175,75
2026-05-09 15:54:26.830,2,0.49,1.39,-0.03,15.9878,62.861999999999995,-47.5086,175,75
2026-05-09 15:54:26.855,2,0.43,1.36,0.03,23.6678,73.782,-48.0586,175,75
2026-05-09 15:54:26.890,2,0.29,1.05,0.28,69.82780000000001,24.142,-50.8686,175,75
2026-05-09 15:54:26.943,2,0.09,0.88,0.05,75.2578,24.082,-62.8186,175,75
2026-05-09 15:54:26.960,2,0.1,0.63,0.06,72.1478,62.562,-68.0586,175,75
2026-05-09 15:54:26.960,2,0.09,0.46,0.09,65.73780000000001,65.062,-72.0286,175,75
2026-05-09 15:54:27.007,2,0.08,0.49,-0.07,49.5878,47.562,-87.7586,175,75
2026-05-09 15:54:27.007,2,0.05,0.68,-0.19,52.9978,59.751999999999995,-90.1986,175,75
2026-05-09 15:54:27.037,2,0.08,0.78,-0.31,50.7378,135.672,-88.3086,175,75
2026-05-09 15:54:27.044,2,0.1,0.77,-0.25,50.7978,140.672,-85.2586,175,75
2026-05-09 15:54:27.078,2,0.41,0.78,-0.17,50.007799999999996,36.282,-75.6186,175,75
2026-05-09 15:54:27.119,2,0.22,1.05,-0.47,43.9778,-52.257999999999996,-69.0386,175,75
2026-05-09 15:54:27.149,2,0.02,1.19,-0.74,46.5978,-17.808000000000003,-51.1686,175,75
2026-05-09 15:54:27.181,2,-0.16,1.25,-0.8,43.0578,68.292,-28.7286,175,75
2026-05-09 15:54:27.207,2,-0.07,1.1,-0.61,36.2878,144.142,-3.0585999999999998,175,75
2026-05-09 15:54:27.218,2,0.04,1.03,-0.42,32.0878,160.792,7.3614,175,75
2026-05-09 15:54:27.284,2,0.23,0.73,-0.02,8.1778,-92.13799999999999,-6.7186,175,75
2026-05-09 15:54:27.301,2,-0.02,0.6,-0.17,-7.9822,-108.598,-27.148600000000002,175,75
2026-05-09 15:54:27.321,2,-0.13,0.62,-0.28,-17.302200000000003,-85.728,-35.9886,175,75
2026-05-09 15:54:27.332,2,-0.18,0.66,-0.37,-24.2622,-55.367999999999995,-38.3086,175,75
2026-05-09 15:54:27.342,2,-0.26,0.76,-0.44,-27.552200000000003,-7.378,-38.3086,175,75
2026-05-09 15:54:27.342,2,-0.31,0.9,-0.47,-26.1522,61.402,-37.5086,175,75
2026-05-09 15:54:27.368,2,-0.42,1.3,-0.29,-8.6522,237.922,-26.7786,175,75
2026-05-09 15:54:27.463,2,0.18,1.54,0.03,-1.2122000000000002,-208.108,26.3314,175,75
2026-05-09 15:54:27.474,2,0.03,1.5,-0.19,-2.3022,-212.198,15.291400000000001,175,75
2026-05-09 15:54:27.556,2,0.59,1.19,0.11,23.5478,12.682,25.4114,175,75
2026-05-09 15:54:27.582,2,0.44,1.11,0.0,-8.4022,-150.668,34.2514,175,75
2026-05-09 15:54:27.633,2,0.1,1.15,-0.51,1.7177999999999998,-49.99799999999999,21.0814,175,75
2026-05-09 15:54:27.668,2,0.3,1.11,-0.21,5.1978,24.022,19.441399999999998,175,75
2026-05-09 15:54:27.690,2,0.29,1.07,-0.13,2.5677999999999996,7.932,16.571399999999997,175,75
2026-05-09 15:54:27.690,2,0.33,1.05,-0.12,-0.9622000000000002,-8.048000000000002,13.8314,175,75
2026-05-09 15:54:27.711,2,0.26,1.06,-0.17,-10.292200000000001,-45.428,5.6014,175,75
2026-05-09 15:54:27.731,2,0.18,1.08,-0.22,-14.7422,-49.02799999999999,2.4914,175,75
2026-05-09 15:54:27.753,2,0.05,1.17,-0.41,-21.2722,-28.778000000000002,-1.7186,175,75
2026-05-09 15:54:27.776,2,-0.07,1.16,-0.46,-32.9822,108.962,-0.3186000000000001,175,75
2026-05-09 15:54:27.786,2,-0.08,1.19,-0.36,-36.5122,142.322,-0.6886,175,75
2026-05-09 15:54:27.813,2,0.38,1.13,-0.08,-35.4822,148.722,4.5614,175,75
2026-05-09 15:54:27.823,2,0.55,1.0,0.05,-38.5922,112.50200000000001,5.961399999999999,175,75
2026-05-09 15:54:27.823,2,0.61,0.92,0.1,-43.9522,55.122,4.9914,175,75
2026-05-09 15:54:27.835,2,0.6,0.99,0.07,-46.882200000000005,-7.498000000000001,2.8514,175,75
2026-05-09 15:54:27.845,2,0.56,1.21,-0.08,-41.632200000000005,-63.77799999999999,2.9714,175,75
2026-05-09 15:54:27.891,2,0.62,1.28,-0.41,-13.2822,-41.337999999999994,-8.4886,175,75
2026-05-09 15:54:27.906,2,0.57,1.4,-0.37,-2.8522,-34.328,-11.8986,175,75
2026-05-09 15:54:27.918,2,0.47,1.41,-0.34,-0.23220000000000018,-27.868,-11.538599999999999,175,75
2026-05-09 15:54:27.920,2,0.4,1.4,-0.36,-2.3022,-23.477999999999998,-9.1586,175,75
2026-05-09 15:54:27.958,2,0.31,1.46,-0.39,25.197799999999997,22.132,3.8914,175,75
2026-05-09 15:54:28.001,2,0.13,1.15,0.05,26.837799999999998,2.442,14.0714,175,75
2026-05-09 15:54:28.029,2,-0.06,0.96,-0.03,-1.1522000000000006,-143.71800000000002,28.5814,175,75
2026-05-09 15:54:28.041,2,-0.19,0.98,-0.2,-6.5722,-154.508,31.0214,175,75
2026-05-09 15:54:28.052,2,-0.34,0.99,-0.29,-5.4121999999999995,-128.598,32.2414,175,75
2026-05-09 15:54:28.067,2,-0.48,0.99,-0.33,-0.17220000000000013,-69.02799999999999,33.8914,175,75
2026-05-09 15:54:28.080,2,-0.37,0.94,-0.28,2.2077999999999998,7.561999999999999,32.3614,175,75
2026-05-09 15:54:28.103,2,-0.06,0.74,0.01,-16.8822,29.451999999999998,31.5114,175,75
2026-05-09 15:54:28.138,2,0.09,0.63,0.06,-39.8022,-92.868,19.7414,175,75
2026-05-09 15:54:28.149,2,0.08,0.78,-0.09,-41.0922,-122.438,11.1414,175,75
2026-05-09 15:54:28.158,2,0.04,0.9,-0.22,-41.3922,-134.448,9.2514,175,75
2026-05-09 15:54:28.190,2,0.14,0.89,-0.54,-49.8722,-39.998000000000005,-1.1086,175,75
2026-05-09 15:54:28.205,2,0.07,0.97,-0.5,-46.0222,16.712,-5.1386,175,75
2026-05-09 15:54:28.218,2,0.1,1.05,-0.44,-44.0722,33.232,-4.3986,175,75
2026-05-09 15:54:28.239,2,0.34,1.1,-0.29,-41.632200000000005,35.302,7.421399999999999,175,75
2026-05-09 15:54:28.249,2,0.45,1.05,-0.24,-41.2722,21.342,11.5114,175,75
2026-05-09 15:54:28.249,2,0.41,0.97,-0.17,-42.7922,0.911999999999999,15.9014,175,75
2026-05-09 15:54:28.262,2,0.3,0.91,-0.1,-45.6622,-24.568,16.0214,175,75
2026-05-09 15:54:28.318,2,-0.39,1.21,-0.42,-34.4422,1.8919999999999995,70.1714,175,75
2026-05-09 15:54:28.439,2,0.02,0.56,-0.63,-53.4022,-214.93800000000002,73.4014,175,75
2026-05-09 15:54:28.503,2,0.1,0.77,-0.31,-68.89219999999999,84.692,46.9414,175,75
2026-05-09 15:54:28.533,2,0.06,1.08,-0.08,-72.1822,130.432,38.221399999999996,175,75
2026-05-09 15:54:28.548,2,0.12,1.25,0.04,-68.0422,140.732,39.4414,175,75
2026-05-09 15:54:28.582,2,0.41,1.31,0.24,-56.3922,105.00200000000001,40.8414,175,75
2026-05-09 15:54:28.582,2,0.54,1.23,0.32,-55.2322,59.391999999999996,42.0614,175,75
2026-05-09 15:54:28.623,2,0.56,1.06,0.16,-69.26219999999999,-216.33800000000002,54.6814,175,75
2026-05-09 15:54:28.636,2,0.53,1.03,-0.04,-65.84219999999999,-240.978,49.0714,175,75
2026-05-09 15:54:28.636,2,0.41,1.06,-0.26,-58.7722,-218.478,39.9914,175,75
2026-05-09 15:54:28.648,2,0.26,1.17,-0.44,-48.5222,-164.268,33.7714,175,75
2026-05-09 15:54:28.648,2,0.1,1.32,-0.52,-34.6822,-73.898,28.641399999999997,175,75
2026-05-09 15:54:28.662,2,0.25,1.3,-0.34,-21.9422,83.962,31.141399999999997,175,75
2026-05-09 15:54:28.680,2,0.38,1.22,-0.16,-17.1222,106.342,32.181400000000004,175,75
2026-05-09 15:54:28.701,2,0.46,1.18,-0.02,-13.712200000000003,92.25200000000001,32.181400000000004,175,75
2026-05-09 15:54:28.701,2,0.52,1.14,0.07,-14.322200000000002,65.732,32.1214,175,75
2026-05-09 15:54:28.714,2,0.56,1.07,0.18,-21.822200000000002,18.232,31.821399999999997,175,75
2026-05-09 15:54:28.730,2,0.57,1.07,0.17,-33.5222,-45.91799999999999,31.3314,175,75
2026-05-09 15:54:28.756,2,0.28,1.22,-0.14,-33.7122,-119.938,30.231399999999997,175,75
2026-05-09 15:54:28.769,2,0.2,1.23,-0.27,-28.592200000000002,-84.938,26.571399999999997,175,75
2026-05-09 15:54:28.795,2,0.22,1.12,-0.23,-14.682200000000002,29.572,21.391399999999997,175,75
2026-05-09 15:54:28.814,2,0.35,1.11,0.07,-9.6222,50.302,13.6414,175,75
2026-05-09 15:54:28.827,2,0.38,1.13,0.13,-11.392199999999999,28.662,12.2414,175,75
2026-05-09 15:54:28.858,2,0.33,1.19,0.11,-20.1122,-34.638000000000005,15.1714,175,75
2026-05-09 15:54:28.871,2,0.3,1.2,0.04,-23.462200000000003,-41.038,16.691399999999998,175,75
2026-05-09 15:54:28.871,2,0.27,1.2,-0.04,-24.2022,-31.218,16.2714,175,75
2026-05-09 15:54:28.887,2,0.32,1.24,-0.1,-19.3822,-9.998000000000001,13.7714,175,75
2026-05-09 15:54:28.913,2,0.42,1.27,-0.07,-10.482199999999999,18.662,10.051400000000001,175,75
2026-05-09 15:54:29.003,2,0.82,1.12,-0.04,-1.2122000000000002,25.002,0.5314,175,75
2026-05-09 15:54:29.030,2,0.81,1.28,-0.08,7.8178,-42.617999999999995,-23.308600000000002,175,75
2026-05-09 15:54:29.045,2,0.78,1.3,-0.18,2.7577999999999996,-59.878,-30.378600000000002,175,75
2026-05-09 15:54:29.070,2,0.73,1.36,-0.32,6.0478,-59.208,-34.0386,175,75
2026-05-09 15:54:29.097,2,0.63,1.32,-0.42,12.997799999999998,8.112,-41.2286,175,75
2026-05-09 15:54:29.137,2,0.62,1.39,-0.23,19.767799999999998,64.882,-48.4886,175,75
2026-05-09 15:54:29.137,2,0.61,1.41,-0.13,23.907799999999998,70.852,-50.3186,175,75
2026-05-09 15:54:29.148,2,0.57,1.43,-0.05,26.537799999999997,66.032,-50.1986,175,75
2026-05-09 15:54:29.148,2,0.52,1.43,-0.01,28.3678,56.831999999999994,-50.6786,175,75
2026-05-09 15:54:29.179,2,0.47,1.41,-0.01,32.5078,59.512,-51.1686,175,75
2026-05-09 15:54:29.188,2,0.42,1.38,0.01,39.0978,70.302,-51.778600000000004,175,75
2026-05-09 15:54:29.188,2,0.34,1.31,0.07,45.007799999999996,89.452,-53.5486,175,75
2026-05-09 15:54:29.214,2,0.19,1.19,0.22,50.4978,126.342,-56.778600000000004,175,75
2026-05-09 15:54:29.237,2,0.06,1.08,0.36,55.7978,149.082,-54.278600000000004,175,75
2026-05-09 15:54:29.238,2,0.03,1.02,0.41,58.7278,150.672,-50.0786,175,75
2026-05-09 15:54:29.280,2,-0.02,0.76,0.41,82.4478,125.432,-31.968600000000002,175,75
2026-05-09 15:54:29.367,2,-0.05,0.78,-0.64,67.99780000000001,91.522,-82.93860000000001,175,75
2026-05-09 15:54:29.391,2,0.06,0.93,-0.39,69.6478,154.94199999999998,-76.4186,175,75
2026-05-09 15:54:29.506,2,-0.18,1.14,-0.64,48.8478,164.88199999999998,-2.3286,175,75
2026-05-09 15:54:29.516,2,-0.06,1.14,-0.49,54.2178,208.84199999999998,8.1014,175,75
2026-05-09 15:54:29.526,2,0.19,1.11,-0.24,58.0578,234.69199999999998,17.1814,175,75
2026-05-09 15:54:29.538,2,0.46,0.94,0.13,57.757799999999996,168.53199999999998,21.821399999999997,175,75
2026-05-09 15:54:29.659,2,-0.34,1.11,-0.93,-35.7222,-52.007999999999996,-40.6786,175,75
2026-05-09 15:54:29.721,2,0.26,1.33,0.3,18.6678,317.322,-35.6786,175,75
2026-05-09 15:54:29.721,2,0.41,1.19,0.52,15.797799999999999,217.322,-43.9186,175,75
2026-05-09 15:54:29.759,2,0.42,1.27,0.43,-34.382200000000005,-201.52800000000002,13.711400000000001,175,75
2026-05-09 15:54:29.881,2,0.45,0.99,0.27,14.2178,-53.968,11.1414,175,75
2026-05-09 15:54:29.891,2,0.33,0.98,0.15,-7.5522,-153.89800000000002,20.6614,175,75
2026-05-09 15:54:29.909,2,0.28,0.93,-0.01,-13.592200000000002,-211.888,14.0714,175,75
2026-05-09 15:54:29.909,2,0.07,0.86,-0.25,-10.7822,-227.37800000000001,-4.3386000000000005,175,75
2026-05-09 15:54:29.970,2,0.02,0.95,-0.17,3.0578,187.802,-2.5086,175,75
2026-05-09 15:54:29.981,2,0.12,0.97,-0.05,6.8978,171.10199999999998,-4.3386000000000005,175,75
2026-05-09 15:54:30.051,2,0.27,1.32,-0.33,-6.4522,-49.328,-0.5586000000000001,175,75
2026-05-09 15:54:30.063,2,0.29,1.32,-0.4,-0.9622000000000002,0.062000000000001165,-1.4786000000000001,175,75
2026-05-09 15:54:30.085,2,0.3,1.31,-0.38,-1.6322,32.072,-3.6686,175,75
2026-05-09 15:54:30.100,2,0.36,1.49,-0.37,0.4977999999999998,40.001999999999995,-1.0486,175,75
2026-05-09 15:54:30.100,2,0.56,1.43,-0.31,2.6277999999999997,33.472,1.4514,175,75
2026-05-09 15:54:30.185,2,0.14,1.47,-0.6,-5.2922,-69.208,0.11139999999999994,175,75
2026-05-09 15:54:30.193,2,0.02,1.47,-0.61,4.8877999999999995,-13.598000000000003,0.35139999999999993,175,75
2026-05-09 15:54:30.210,2,0.02,1.44,-0.57,12.207799999999999,38.722,1.1414,175,75
2026-05-09 15:54:30.223,2,0.05,1.41,-0.45,16.7178,82.442,4.6814,175,75
2026-05-09 15:54:30.223,2,0.13,1.35,-0.26,19.2778,105.302,7.1213999999999995,175,75
2026-05-09 15:54:30.306,2,-0.03,1.04,-0.04,2.2678,-45.788,21.7514,175,75
2026-05-09 15:54:30.402,2,0.28,0.68,0.05,1.3477999999999997,-38.718,1.6313999999999997,175,75
2026-05-09 15:54:30.438,2,0.24,0.77,-0.02,-2.6122000000000005,-76.708,-6.2286,175,75
2026-05-09 15:54:30.495,2,0.0,0.87,-0.25,23.2978,102.682,-9.1586,175,75
2026-05-09 15:54:30.510,2,0.03,0.9,-0.12,30.5578,126.402,-9.948599999999999,175,75
2026-05-09 15:54:30.562,2,-0.04,1.05,-0.15,36.8978,98.902,25.8414,175,75
2026-05-09 15:54:30.589,2,0.14,0.86,-0.16,37.327799999999996,137.802,44.3214,175,75
2026-05-09 15:54:30.651,2,0.58,0.8,-0.24,-17.7922,-33.658,47.1214,175,75
2026-05-09 15:54:30.766,2,0.98,1.06,-0.06,-29.742200000000004,125.062,-34.1586,175,75
2026-05-09 15:54:30.788,2,0.67,1.88,-0.29,-35.0522,-72.198,-21.968600000000002,175,75
2026-05-09 15:54:30.819,2,0.79,1.12,-0.6,-54.9322,21.951999999999998,-21.358600000000003,175,75
2026-05-09 15:54:30.830,2,0.86,0.87,-0.44,-41.5122,36.772,-36.4786,175,75
2026-05-09 15:54:30.868,2,0.4,0.87,-0.23,-50.4122,-28.477999999999998,-57.638600000000004,175,75
2026-05-09 15:54:30.882,2,0.26,1.0,-0.39,-62.912200000000006,-42.068,-63.1786,175,75
2026-05-09 15:54:30.882,2,0.08,1.2,-0.59,-61.1522,-7.068000000000001,-62.5786,175,75
2026-05-09 15:54:30.910,2,-0.19,1.22,-0.6,-38.4022,151.582,-56.0486,175,75
2026-05-09 15:54:30.934,2,-0.15,1.11,-0.4,-32.7322,242.072,-54.0386,175,75
2026-05-09 15:54:30.939,2,-0.14,0.99,-0.05,-30.7222,295.73199999999997,-56.1086,175,75
2026-05-09 15:54:30.962,2,-0.29,0.5,0.48,-34.0722,213.78199999999998,-78.0586,175,75
2026-05-09 15:54:30.962,2,-0.28,0.26,0.51,-40.7822,116.402,-66.2886,175,75
2026-05-09 15:54:30.978,2,-0.41,0.12,0.48,-30.8422,59.822,-54.8286,175,75
2026-05-09 15:54:30.988,2,-0.51,0.13,0.29,-6.3922,38.232,-63.3086,175,75
2026-05-09 15:54:31.040,2,-0.6,-0.38,0.58,170.6778,536.102,-74.0986,175,75
2026-05-09 15:54:31.076,2,-0.36,-0.64,1.22,192.4478,300.852,-71.1686,175,75
2026-05-09 15:54:31.091,2,-0.34,-0.68,1.25,179.5178,122.742,-91.4186,175,75
2026-05-09 15:54:31.106,2,-0.34,-0.6,0.94,181.8978,73.172,-140.4386,175,75
2026-05-09 15:54:31.106,2,-0.02,-0.34,0.63,181.5378,48.111999999999995,-183.9186,175,75
2026-05-09 15:54:31.137,2,0.01,0.55,0.43,167.93779999999998,102.802,-101.4786,175,75
2026-05-09 15:54:31.162,2,0.37,2.05,0.42,145.43779999999998,95.062,-100.0786,175,75
2026-05-09 15:54:31.173,2,0.31,2.62,0.35,147.0178,44.692,-98.54860000000001,175,75
2026-05-09 15:54:31.185,2,0.52,3.47,0.18,134.15779999999998,-28.718,-99.8286,175,75
2026-05-09 15:54:31.274,2,-0.58,4.34,-1.95,97.87780000000001,-204.578,-119.4686,175,75
2026-05-09 15:54:31.316,2,-1.11,3.5,-1.99,62.3878,55.432,-120.8686,175,75
2026-05-09 15:54:31.340,2,-0.9,2.89,-1.08,35.1978,193.112,-96.7186,175,75
2026-05-09 15:54:31.348,2,-0.81,2.63,-0.79,15.1278,183.60199999999998,-80.43860000000001,175,75
2026-05-09 15:54:31.447,2,-1.3,0.23,0.26,-159.4422,167.25199999999998,157.9714,175,75
2026-05-09 15:54:31.466,2,-1.13,0.05,0.3,-163.22220000000002,199.75199999999998,140.3514,175,75
2026-05-09 15:54:31.466,2,-1.18,0.04,0.37,-157.12220000000002,186.522,127.7314,175,75
2026-05-09 15:54:31.476,2,-1.03,-0.08,0.66,-180.90220000000002,120.672,134.9914,175,75
2026-05-09 15:54:31.504,2,-0.83,-0.11,0.86,-221.6322,-9.937999999999999,132.8514,175,75
2026-05-09 15:54:31.545,2,-0.72,-0.08,0.56,-198.28220000000002,-167.928,191.7514,175,75
2026-05-09 15:54:31.583,2,-0.58,-0.09,0.35,-116.39219999999999,-103.35799999999999,201.3314,175,75
2026-05-09 15:54:31.591,2,-0.64,-0.08,0.33,-99.3822,-66.398,212.4214,175,75
2026-05-09 15:54:31.605,2,-0.69,-0.06,0.3,-93.4022,-44.328,213.3414,175,75
2026-05-09 15:54:31.646,2,-0.54,0.09,0.12,-82.73219999999999,-10.977999999999998,238.1014,175,75
2026-05-09 15:54:31.654,2,-0.57,0.03,0.13,-71.2722,20.732,252.6714,175,75
2026-05-09 15:54:31.676,2,-0.61,-0.08,0.15,-64.6822,48.472,266.2114,175,75
2026-05-09 15:54:31.686,2,-0.6,-0.16,0.18,-63.83220000000001,57.501999999999995,278.52139999999997,175,75
2026-05-09 15:54:31.686,2,-0.59,-0.24,0.21,-65.78219999999999,54.512,291.3314,175,75
2026-05-09 15:54:31.696,2,-0.52,-0.35,0.25,-72.67219999999999,35.362,310.4114,175,75
2026-05-09 15:54:31.737,2,-0.25,-0.9,0.26,-97.06219999999999,-25.308000000000003,409.8614,175,75
2026-05-09 15:54:31.747,2,-0.0,-1.24,0.2,-97.8522,-45.30799999999999,436.5114,175,75
2026-05-09 15:54:31.790,2,-0.01,-2.29,0.15,-99.1322,-140.608,578.8914,175,75
2026-05-09 15:54:31.814,2,0.05,-2.76,0.1,-112.73219999999999,-252.988,496.7514,175,75
2026-05-09 15:54:31.825,2,0.17,-2.95,0.05,-126.0922,-313.288,445.8414,175,75
2026-05-09 15:54:31.840,2,0.14,-2.88,-0.07,-139.7422,-342.13800000000003,415.3514,175,75
2026-05-09 15:54:31.840,2,0.1,-2.68,-0.31,-145.2322,-345.118,387.1214,175,75
2026-05-09 15:54:31.875,2,0.65,-2.68,-1.08,-92.8522,-273.898,324.3214,175,75
2026-05-09 15:54:31.888,2,0.55,-2.65,-1.2,-55.1122,-185.428,339.7414,175,75
2026-05-09 15:54:31.891,2,0.47,-2.46,-1.24,-19.2622,-73.10799999999999,353.1014,175,75
2026-05-09 15:54:31.920,2,0.49,-2.32,-0.83,-0.3522000000000003,52.562,358.1614,175,75
2026-05-09 15:54:31.941,2,0.74,-2.29,-0.1,-40.9022,122.682,334.6214,175,75
2026-05-09 15:54:31.967,2,0.74,-2.08,0.04,-41.7022,72.132,257.9114,175,75
2026-05-09 15:54:32.022,2,0.86,-0.98,-0.32,-35.172200000000004,49.141999999999996,130.9014,175,75
2026-05-09 15:54:32.042,2,0.62,-0.78,-0.31,-15.3522,137.862,126.7514,175,75
2026-05-09 15:54:32.055,2,0.63,-0.75,0.15,-3.8922,234.452,93.6414,175,75
2026-05-09 15:54:32.067,2,0.62,-0.67,0.35,-4.442200000000001,250.552,77.8514,175,75
2026-05-09 15:54:32.079,2,0.62,-0.57,0.54,-2.3022,248.172,55.111399999999996,175,75
2026-05-09 15:54:32.079,2,0.61,-0.48,0.69,3.0578,232.19199999999998,36.8214,175,75
2026-05-09 15:54:32.089,2,0.63,-0.37,0.82,9.3978,201.712,16.3914,175,75
2026-05-09 15:54:32.135,2,0.49,-0.09,0.89,12.9378,-16.038,-29.3386,175,75
2026-05-09 15:54:32.160,2,0.3,-0.14,0.74,34.217800000000004,-74.99799999999999,-51.4786,175,75
2026-05-09 15:54:32.171,2,0.24,-0.15,0.68,38.6078,-82.008,-63.1186,175,75
2026-05-09 15:54:32.185,2,0.19,-0.15,0.62,42.0878,-86.098,-75.4986,175,75
2026-05-09 15:54:32.195,2,0.16,-0.14,0.59,45.437799999999996,-92.198,-89.1586,175,75
2026-05-09 15:54:32.210,2,0.15,-0.14,0.57,48.7878,-95.728,-97.8186,175,75
2026-05-09 15:54:32.238,2,0.04,-0.38,0.47,73.1778,-59.44799999999999,-121.5986,175,75
2026-05-09 15:54:32.258,2,0.01,-0.48,0.47,83.54780000000001,-37.438,-131.7186,175,75
2026-05-09 15:54:32.269,2,0.0,-0.56,0.47,94.3978,-11.337999999999997,-139.2186,175,75
2026-05-09 15:54:32.291,2,0.02,-0.7,0.49,116.40780000000001,31.282,-147.0286,175,75
2026-05-09 15:54:32.305,2,0.07,-0.94,0.65,151.4778,85.792,-148.36860000000001,175,75
2026-05-09 15:54:32.360,2,-0.01,-1.35,0.99,226.77779999999998,90.122,-148.6686,175,75
2026-05-09 15:54:32.387,2,-0.38,-1.29,1.05,247.4478,56.641999999999996,-178.9786,175,75
2026-05-09 15:54:32.448,2,-0.29,-1.12,1.11,302.2078,119.882,-144.5886,175,75
2026-05-09 15:54:32.508,2,-0.7,-0.8,1.37,360.06780000000003,181.582,-74.5886,175,75
2026-05-09 15:54:32.514,2,-0.69,-0.73,1.4,360.19780000000003,178.292,-61.3586,175,75
2026-05-09 15:54:32.528,2,-0.71,-0.66,1.44,360.55780000000004,169.452,-46.5386,175,75
2026-05-09 15:54:32.542,2,-0.7,-0.59,1.46,358.5478,148.172,-30.808600000000002,175,75
2026-05-09 15:54:32.555,2,-0.65,-0.55,1.46,354.3378,127.012,-21.5986,175,75
2026-05-09 15:54:32.561,2,-0.66,-0.51,1.42,346.6578,104.882,-11.538599999999999,175,75
2026-05-09 15:54:32.586,2,-0.69,-0.38,1.27,337.75780000000003,84.942,13.3414,175,75
2026-05-09 15:54:32.603,2,-0.71,-0.32,1.21,338.36780000000005,72.742,18.891399999999997,175,75
2026-05-09 15:54:32.621,2,-0.77,-0.13,1.12,327.2678,80.302,27.0614,175,75
2026-05-09 15:54:32.633,2,-0.7,-0.05,1.07,322.2678,87.742,35.901399999999995,175,75
2026-05-09 15:54:32.646,2,-0.67,0.03,1.0,307.0178,72.132,41.0814,175,75
2026-05-09 15:54:32.660,2,-0.68,0.07,0.97,299.8878,73.962,46.2714,175,75
2026-05-09 15:54:32.666,2,-0.52,0.11,0.9,289.8878,60.852000000000004,52.361399999999996,175,75
2026-05-09 15:54:32.678,2,-0.41,0.19,0.83,275.7378,30.612000000000002,50.5314,175,75
2026-05-09 15:54:32.693,2,-0.42,0.3,0.72,255.7978,2.562000000000001,48.7714,175,75
2026-05-09 15:54:32.731,2,-0.43,0.53,0.42,206.2278,-39.087999999999994,34.8014,175,75
2026-05-09 15:54:32.731,2,-0.49,0.6,0.34,188.1778,-37.068,33.8314,175,75
2026-05-09 15:54:32.747,2,-0.52,0.62,0.25,166.34779999999998,-6.708000000000002,34.4414,175,75
2026-05-09 15:54:32.757,2,-0.49,0.72,0.13,119.2778,129.632,47.5514,175,75
2026-05-09 15:54:32.805,2,-0.19,0.69,0.35,16.0478,287.442,46.6914,175,75
2026-05-09 15:54:32.839,2,0.13,0.7,0.88,-62.4322,263.782,7.7314,175,75
2026-05-09 15:54:32.875,2,-1.09,0.91,1.74,-71.51219999999999,419.752,-26.538600000000002,175,75
2026-05-09 15:54:32.887,2,-0.59,1.05,2.2,-43.4622,406.402,-31.1686,175,75
2026-05-09 15:54:32.899,2,-0.64,1.15,2.66,-40.6022,257.132,-42.5086,175,75
2026-05-09 15:54:32.901,2,-0.75,1.26,2.81,-35.6022,187.56199999999998,-42.2686,175,75
2026-05-09 15:54:32.941,2,-0.89,1.33,2.45,59.0978,-25.788,-7.448600000000001,175,75
2026-05-09 15:54:32.941,2,-0.87,1.35,2.07,87.87780000000001,-119.508,4.501399999999999,175,75
2026-05-09 15:54:32.989,2,-0.81,1.63,1.45,96.3478,-219.818,2.4213999999999998,175,75
2026-05-09 15:54:33.025,2,-0.45,1.8,0.8,69.3378,-204.328,26.141399999999997,175,75
2026-05-09 15:54:33.025,2,-0.4,1.59,0.55,62.4478,-159.698,6.881399999999999,175,75
2026-05-09 15:54:33.097,2,-0.43,1.52,0.62,42.6278,85.792,23.8314,175,75
2026-05-09 15:54:33.108,2,-0.44,1.49,0.79,31.7778,123.232,28.7714,175,75
2026-05-09 15:54:33.149,2,-0.32,1.45,1.09,11.477799999999998,110.122,25.2914,175,75
2026-05-09 15:54:33.236,2,-0.64,1.23,1.13,0.31779999999999964,-18.288,11.3314,175,75
2026-05-09 15:54:33.246,2,-0.7,1.24,1.18,16.7778,-1.9480000000000004,11.9414,175,75
2026-05-09 15:54:33.271,2,-0.73,1.19,1.36,18.8478,-34.507999999999996,14.6814,175,75
2026-05-09 15:54:33.281,2,-0.7,1.15,1.21,18.2978,-123.04799999999999,19.3814,175,75
2026-05-09 15:54:33.296,2,-0.65,1.19,1.01,15.7378,-116.218,19.191399999999998,175,75
2026-05-09 15:54:33.339,2,-0.59,1.18,0.92,5.3778,-82.55799999999999,14.131400000000001,175,75
2026-05-09 15:54:33.369,2,-0.5,1.28,0.9,-10.3522,-51.828,8.0314,175,75
2026-05-09 15:54:33.369,2,-0.47,1.32,0.89,-14.322200000000002,-49.44799999999999,6.8114,175,75
2026-05-09 15:54:33.403,2,-0.51,1.37,0.9,-24.0122,-4.698,0.7213999999999999,175,75
2026-05-09 15:54:33.451,2,-0.43,1.45,0.92,-28.892200000000003,-10.727999999999998,-3.7285999999999997,175,75
2026-05-09 15:54:33.478,2,-0.41,1.46,0.89,-28.7722,-11.468,-3.0585999999999998,175,75
2026-05-09 15:54:33.478,2,-0.4,1.46,0.86,-27.7922,-8.168,-2.1486,175,75
2026-05-09 15:54:33.588,2,-0.39,1.4,1.1,-15.962200000000003,22.932,1.3914,175,75
2026-05-09 15:54:33.632,2,-0.49,1.42,1.03,-13.042200000000001,14.512,2.5514,175,75
2026-05-09 15:54:33.717,2,-0.43,1.29,1.22,4.1578,94.33200000000001,-4.3386000000000005,175,75
2026-05-09 15:54:33.787,2,-0.43,1.17,1.07,5.4978,-24.087999999999997,-14.4686,175,75
2026-05-09 15:54:33.832,2,-0.1,1.09,0.59,-117.2422,-164.99800000000002,-4.3986,175,75
2026-05-09 15:54:33.857,2,-0.12,1.07,0.47,-147.7922,-101.768,2.8514,175,75
2026-05-09 15:54:33.879,2,-0.71,0.89,0.68,-121.9422,393.352,-16.358600000000003,175,75
2026-05-09 15:54:33.938,2,-0.97,1.0,2.08,-47.9122,41.462,-25.7486,175,75
2026-05-09 15:54:33.978,2,-1.19,1.2,1.16,-26.0222,-33.658,-14.2186,175,75
2026-05-09 15:54:33.978,2,-0.92,1.16,1.26,-4.6822,40.001999999999995,-11.4186,175,75
2026-05-09 15:54:34.039,2,-0.95,1.14,1.17,1.8377999999999997,29.512,21.6314,175,75
2026-05-09 15:54:34.051,2,-0.85,1.04,1.2,0.06779999999999964,34.141999999999996,22.301399999999997,175,75
2026-05-09 15:54:34.051,2,-0.12,0.52,1.54,1.9577999999999998,43.472,-12.9386,175,75
2026-05-09 15:54:34.130,2,-0.68,0.96,1.46,-19.8722,18.172,20.781399999999998,175,75
2026-05-09 15:54:34.147,2,-0.84,1.01,1.25,-17.002200000000002,-13.778000000000002,20.231399999999997,175,75
2026-05-09 15:54:34.181,2,-0.85,1.01,1.12,-16.5122,5.611999999999998,13.8314,175,75
2026-05-09 15:54:34.205,2,-0.81,0.98,1.22,-11.632200000000001,13.052,9.4414,175,75
2026-05-09 15:54:34.216,2,-0.82,0.96,1.26,-14.7422,-4.568000000000001,8.711400000000001,175,75
2026-05-09 15:54:34.239,2,-0.87,0.94,1.2,-16.2722,-18.227999999999998,8.4614,175,75
2026-05-09 15:54:34.271,2,-0.88,0.99,1.16,-15.662200000000002,-11.398,7.791399999999999,175,75
2026-05-09 15:54:34.271,2,-0.88,0.99,1.16,-15.542200000000001,-6.768000000000001,7.551399999999999,175,75
2026-05-09 15:54:34.288,2,-0.85,0.99,1.18,-16.8822,-3.6580000000000013,6.3313999999999995,175,75
2026-05-09 15:54:34.301,2,-0.86,1.0,1.19,-17.1822,-4.388000000000002,6.1414,175,75
2026-05-09 15:54:34.311,2,-0.85,1.0,1.2,-17.982200000000002,-4.388000000000002,5.5314,175,75
2026-05-09 15:54:34.325,2,-0.84,1.01,1.2,-18.462200000000003,-5.058,5.051399999999999,175,75
2026-05-09 15:54:34.355,2,-0.81,1.02,1.2,-17.002200000000002,-3.7779999999999987,1.7513999999999998,175,75
2026-05-09 15:54:34.360,2,-0.81,1.05,1.2,-15.112200000000001,3.4720000000000013,0.9014,175,75
2026-05-09 15:54:34.383,2,-0.79,1.07,1.27,-9.9922,14.452,-4.3386000000000005,175,75
2026-05-09 15:54:34.399,2,-0.79,1.06,1.26,-8.772200000000002,11.952,-5.9286,175,75
2026-05-09 15:54:34.411,2,-0.81,1.03,1.27,-7.672200000000001,11.342,-6.538600000000001,175,75
2026-05-09 15:54:34.436,2,-0.82,0.99,1.26,-6.512200000000001,7.802,-3.6686,175,75
2026-05-09 15:54:34.441,2,-0.82,0.99,1.25,-7.3722,2.321999999999999,-1.6585999999999999,175,75
2026-05-09 15:54:34.455,2,-0.82,0.99,1.25,-8.4622,-5.1179999999999986,-0.8086000000000001,175,75
2026-05-09 15:54:34.470,2,-0.83,0.97,1.24,-9.2622,-10.308000000000003,1.6313999999999997,175,75
2026-05-09 15:54:34.498,2,-0.82,0.96,1.27,-7.182200000000001,-5.917999999999999,3.8314,175,75
2026-05-09 15:54:34.515,2,-0.82,0.96,1.29,-7.2421999999999995,-8.288,4.251399999999999,175,75
2026-05-09 15:54:34.525,2,-0.82,0.95,1.29,-7.2421999999999995,-11.648,4.4414,175,75
2026-05-09 15:54:34.536,2,-0.82,0.94,1.27,-7.9822,-14.208000000000002,4.4414,175,75
2026-05-09 15:54:34.558,2,-0.84,0.94,1.23,-8.952200000000001,-12.378000000000004,5.1114,175,75
2026-05-09 15:54:34.558,2,-0.83,0.94,1.23,-9.072199999999999,-7.198,5.291399999999999,175,75
2026-05-09 15:54:34.570,2,-0.84,0.94,1.24,-9.132200000000001,-2.3180000000000014,5.3514,175,75
2026-05-09 15:54:34.585,2,-0.83,0.93,1.25,-8.892199999999999,0.4920000000000009,5.6014,175,75
2026-05-09 15:54:34.604,2,-0.82,0.91,1.25,-9.8022,-1.6479999999999997,5.7814,175,75
2026-05-09 15:54:34.609,2,-0.84,0.91,1.22,-11.822199999999999,-6.338000000000001,6.751399999999999,175,75
2026-05-09 15:54:34.641,2,-0.83,0.95,1.19,-17.0622,-8.168,7.551399999999999,175,75
2026-05-09 15:54:34.656,2,-0.84,0.99,1.17,-17.6722,-5.788,6.751399999999999,175,75
2026-05-09 15:54:34.675,2,-0.83,1.0,1.18,-17.6722,-1.7680000000000007,5.2314,175,75
2026-05-09 15:54:34.685,2,-0.84,1.01,1.18,-17.4322,4.332000000000001,2.7314000000000003,175,75
2026-05-09 15:54:34.708,2,-0.85,1.02,1.21,-14.932200000000002,15.001999999999999,2.1214,175,75
2026-05-09 15:54:34.724,2,-0.83,1.04,1.25,-10.7822,20.182,0.8413999999999999,175,75
2026-05-09 15:54:34.736,2,-0.82,1.04,1.26,-10.662199999999999,13.172,-0.25860000000000005,175,75
2026-05-09 15:54:34.797,2,-0.86,0.99,1.3,-3.9522000000000004,16.951999999999998,3.7714,175,75
2026-05-09 15:54:34.798,2,-0.86,0.96,1.32,-3.5222000000000007,13.172,6.511399999999999,175,75
2026-05-09 15:54:34.818,2,-0.83,0.95,1.33,-3.3422,6.462,8.4014,175,75
2026-05-09 15:54:34.830,2,-0.83,0.94,1.33,-4.7422,-6.948,11.5114,175,75
2026-05-09 15:54:34.896,2,-0.81,0.86,1.31,-12.732199999999999,-16.098000000000003,18.4014,175,75
2026-05-09 15:54:34.927,2,-0.77,0.82,1.25,-15.842200000000002,-11.398,17.851399999999998,175,75
2026-05-09 15:54:34.938,2,-0.76,0.81,1.24,-16.2722,-6.398,16.3914,175,75
2026-05-09 15:54:34.949,2,-0.75,0.82,1.26,-16.7022,-3.6580000000000013,15.2314,175,75
2026-05-09 15:54:35.009,2,-0.76,0.83,1.23,-22.1222,5.911999999999999,0.7213999999999999,175,75
2026-05-09 15:54:35.009,2,-0.75,0.86,1.21,-22.732200000000002,9.452,-1.0486,175,75
2026-05-09 15:54:35.024,2,-0.74,0.91,1.23,-22.1222,13.052,-4.3986,175,75
2026-05-09 15:54:35.029,2,-0.73,0.94,1.25,-22.4322,15.911999999999999,-10.6886,175,75
2026-05-09 15:54:35.060,2,-0.71,0.96,1.28,-20.962200000000003,13.292,-20.1386,175,75
2026-05-09 15:54:35.074,2,-0.74,0.96,1.29,-19.7422,8.292,-26.5986,175,75
2026-05-09 15:54:35.086,2,-0.77,0.96,1.28,-18.6522,7.561999999999999,-28.2486,175,75
2026-05-09 15:54:35.100,2,-0.79,0.94,1.27,-17.552200000000003,5.911999999999999,-29.218600000000002,175,75
2026-05-09 15:54:35.116,2,-0.83,0.97,1.26,-13.462200000000003,12.682,-28.5486,175,75
2026-05-09 15:54:35.135,2,-0.85,0.97,1.27,-11.3322,17.682,-28.1186,175,75
2026-05-09 15:54:35.146,2,-0.85,0.98,1.3,-9.682200000000002,20.732,-27.148600000000002,175,75
2026-05-09 15:54:35.156,2,-0.84,0.97,1.31,-8.1022,19.942,-26.2286,175,75
2026-05-09 15:54:35.166,2,-0.86,0.95,1.32,-7.2421999999999995,16.642,-24.7086,175,75
2026-05-09 15:54:35.188,2,-0.89,0.93,1.28,-5.6621999999999995,14.632,-20.378600000000002,175,75
2026-05-09 15:54:35.210,2,-0.91,0.89,1.3,-7.6122000000000005,4.8820000000000014,-15.0086,175,75
2026-05-09 15:54:35.239,2,-0.92,0.83,1.28,-11.3322,-8.898,-8.9786,175,75
2026-05-09 15:54:35.249,2,-0.89,0.76,1.28,-15.962200000000003,-19.328,-6.1686000000000005,175,75
2026-05-09 15:54:35.261,2,-0.85,0.64,1.27,-30.602200000000003,-40.30800000000001,-1.8986,175,75
2026-05-09 15:54:35.272,2,-0.82,0.59,1.26,-39.382200000000005,-51.397999999999996,0.051399999999999946,175,75
2026-05-09 15:54:35.326,2,-0.75,0.52,1.19,-64.7422,-73.718,5.4113999999999995,175,75
2026-05-09 15:54:35.326,2,-0.75,0.5,1.19,-72.67219999999999,-75.178,5.6014,175,75
2026-05-09 15:54:35.337,2,-0.75,0.47,1.2,-83.6522,-76.768,5.2314,175,75
2026-05-09 15:54:35.347,2,-0.81,0.5,1.2,-91.5722,-74.38799999999999,10.291400000000001,175,75
2026-05-09 15:54:35.359,2,-0.78,0.51,1.22,-98.8322,-64.508,15.5314,175,75
2026-05-09 15:54:35.369,2,-0.74,0.53,1.24,-105.3522,-56.397999999999996,17.7914,175,75
2026-05-09 15:54:35.395,2,-0.69,0.51,1.26,-119.6822,-59.02799999999999,15.1114,175,75
2026-05-09 15:54:35.407,2,-0.71,0.51,1.28,-123.95219999999999,-61.647999999999996,14.7414,175,75
2026-05-09 15:54:35.417,2,-0.71,0.52,1.3,-129.62220000000002,-65.548,14.5014,175,75
2026-05-09 15:54:35.429,2,-0.7,0.51,1.35,-135.2322,-67.55799999999999,12.0614,175,75
2026-05-09 15:54:35.456,2,-0.77,0.52,1.49,-139.9922,-80.60799999999999,11.6914,175,75
2026-05-09 15:54:35.466,2,-0.78,0.52,1.53,-141.8822,-86.588,7.7314,175,75
2026-05-09 15:54:35.494,2,-0.64,0.43,1.72,-145.2922,-128.89800000000002,-12.1486,175,75
2026-05-09 15:54:35.505,2,-0.6,0.42,1.78,-134.50220000000002,-141.27800000000002,-9.7686,175,75
2026-05-09 15:54:35.521,2,-0.58,0.43,1.77,-121.3322,-155.36800000000002,-2.6386,175,75
2026-05-09 15:54:35.532,2,-0.5,0.43,1.75,-108.7722,-172.55800000000002,1.6313999999999997,175,75
2026-05-09 15:54:35.571,2,-0.41,0.45,1.69,-88.5222,-173.71800000000002,4.6213999999999995,175,75
2026-05-09 15:54:35.600,2,-0.29,0.45,1.61,-68.28219999999999,-161.708,11.0214,175,75
2026-05-09 15:54:35.618,2,-0.14,0.35,1.42,-57.7922,-140.11800000000002,12.7314,175,75
2026-05-09 15:54:35.629,2,-0.1,0.36,1.38,-54.0122,-121.098,9.0714,175,75
2026-05-09 15:54:35.644,2,-0.13,0.35,1.34,-48.3422,-91.27799999999999,5.1114,175,75
2026-05-09 15:54:35.647,2,-0.28,0.38,1.24,-42.242200000000004,-51.098,9.5614,175,75
2026-05-09 15:54:35.658,2,-0.25,0.36,1.21,-37.1222,-27.808000000000003,11.631400000000001,175,75
2026-05-09 15:54:35.669,2,-0.21,0.33,1.27,-39.3222,4.6320000000000014,2.7314000000000003,175,75
2026-05-09 15:54:35.681,2,-0.2,0.37,1.32,-36.882200000000005,46.522,-7.8786,175,75
2026-05-09 15:54:35.720,2,0.07,0.34,1.63,-16.092200000000002,19.392,-19.7086,175,75
2026-05-09 15:54:35.731,2,0.06,0.31,1.66,-16.6322,-20.308000000000003,-18.788600000000002,175,75
2026-05-09 15:54:35.826,2,-0.18,0.29,1.2,-1.0922,0.3619999999999983,-29.398600000000002,175,75
2026-05-09 15:54:35.837,2,-0.14,0.3,1.23,-2.4322,-5.8580000000000005,-25.558600000000002,175,75
2026-05-09 15:54:35.848,2,-0.17,0.33,1.24,-10.232199999999999,-18.288,-15.2586,175,75
2026-05-09 15:54:35.859,2,-0.18,0.35,1.24,-12.3022,-29.328,-12.208599999999999,175,75
2026-05-09 15:54:35.885,2,-0.1,0.33,1.18,-19.5622,-47.438,-5.988600000000001,175,75
2026-05-09 15:54:35.947,2,-0.09,0.23,1.17,-18.462200000000003,0.8520000000000003,-9.1586,175,75
2026-05-09 15:54:35.958,2,-0.06,0.22,1.21,-19.502200000000002,2.251999999999999,-11.1686,175,75
2026-05-09 15:54:35.976,2,-0.02,0.24,1.21,-21.6322,-15.788,-7.1486,175,75
2026-05-09 15:54:35.997,2,-0.05,0.25,1.17,-22.002200000000002,-17.197999999999997,-4.708600000000001,175,75
2026-05-09 15:54:35.997,2,-0.06,0.25,1.15,-21.392200000000003,-7.007999999999999,-4.948600000000001,175,75
2026-05-09 15:54:36.012,2,-0.03,0.23,1.13,-18.7722,12.562,-5.4386,175,75
2026-05-09 15:54:36.016,2,-0.12,0.21,1.15,-13.462200000000003,41.641999999999996,-5.5586,175,75
2026-05-09 15:54:36.035,2,-0.06,0.19,1.25,-6.512200000000001,61.522000000000006,-12.698599999999999,175,75
2026-05-09 15:54:36.035,2,-0.07,0.18,1.36,-2.7922000000000002,73.722,-18.5486,175,75
2026-05-09 15:54:36.046,2,0.05,0.19,1.43,1.1077999999999997,62.622,-20.678600000000003,175,75
2026-05-09 15:54:36.058,2,-0.02,0.22,1.44,0.7977999999999996,41.402,-14.5886,175,75
2026-05-09 15:54:36.076,2,-0.04,0.23,1.4,0.19779999999999998,24.212,-9.6486,175,75
2026-05-09 15:54:36.082,2,-0.1,0.21,1.36,-0.11220000000000008,20.972,-12.3886,175,75
2026-05-09 15:54:36.124,2,-0.09,0.25,1.37,-0.6622000000000003,7.991999999999999,-5.498600000000001,175,75
2026-05-09 15:54:36.136,2,-0.05,0.22,1.39,-5.352200000000001,-1.0380000000000003,-5.078600000000001,175,75
2026-05-09 15:54:36.161,2,-0.01,0.19,1.4,-3.1022,-17.138,-3.8585999999999996,175,75
2026-05-09 15:54:36.199,2,-0.0,0.16,1.33,1.0477999999999998,-30.428,2.2414,175,75
2026-05-09 15:54:36.211,2,-0.02,0.17,1.29,5.7978,-26.038,1.8114,175,75
2026-05-09 15:54:36.225,2,-0.01,0.2,1.25,15.677800000000001,-26.947999999999997,2.7314000000000003,175,75
2026-05-09 15:54:36.253,2,-0.02,0.18,1.17,11.407799999999998,-34.328,5.841399999999999,175,75
2026-05-09 15:54:36.282,2,-0.11,0.21,1.0,5.2578,-21.098000000000003,7.301399999999999,175,75
2026-05-09 15:54:36.298,2,-0.13,0.23,1.0,3.9078,-2.558,5.7814,175,75
2026-05-09 15:54:36.311,2,-0.08,0.24,1.01,2.8177999999999996,12.622,4.3214,175,75
2026-05-09 15:54:36.311,2,-0.09,0.25,1.05,0.4977999999999998,18.352,5.051399999999999,175,75
2026-05-09 15:54:36.404,2,-0.17,0.18,1.26,-11.632200000000001,91.712,12.6714,175,75
2026-05-09 15:54:36.431,2,-0.1,0.13,1.31,-17.6722,48.962,18.101399999999998,175,75
2026-05-09 15:54:36.432,2,-0.14,0.12,1.22,-21.7022,43.842,19.6814,175,75
2026-05-09 15:54:36.456,2,-0.25,0.12,1.15,-22.6122,67.862,17.731399999999997,175,75
2026-05-09 15:54:36.456,2,-0.28,0.12,1.14,-18.162200000000002,100.792,14.381400000000001,175,75
2026-05-09 15:54:36.508,2,-0.24,0.04,1.36,-4.3222000000000005,150.422,2.9714,175,75
2026-05-09 15:54:36.521,2,-0.36,0.15,1.49,-5.842200000000001,146.03199999999998,1.6313999999999997,175,75
2026-05-09 15:54:36.532,2,-0.27,0.2,1.56,-0.7222000000000004,125.182,-5.1386,175,75
2026-05-09 15:54:36.571,2,-0.38,0.28,1.55,5.7978,-9.088000000000001,1.2713999999999999,175,75
2026-05-09 15:54:36.589,2,-0.39,0.29,1.5,15.5578,-23.657999999999998,-1.1086,175,75
2026-05-09 15:54:36.602,2,-0.37,0.27,1.49,15.797799999999999,-36.528000000000006,0.23139999999999994,175,75
2026-05-09 15:54:36.614,2,-0.34,0.28,1.44,10.867799999999999,-57.49799999999999,4.9914,175,75
2026-05-09 15:54:36.625,2,-0.34,0.3,1.34,7.6278,-72.868,10.4114,175,75
2026-05-09 15:54:36.648,2,-0.35,0.29,1.2,5.6178,-62.19799999999999,18.031399999999998,175,75
2026-05-09 15:54:36.659,2,-0.35,0.27,1.17,7.017799999999999,-36.468,17.731399999999997,175,75
2026-05-09 15:54:36.674,2,-0.32,0.25,1.17,10.0678,-4.088000000000001,14.6814,175,75
2026-05-09 15:54:36.674,2,-0.33,0.23,1.19,11.7778,15.492,14.2514,175,75
2026-05-09 15:54:36.698,2,-0.36,0.2,1.26,6.2278,24.572,22.9714,175,75
2026-05-09 15:54:36.710,2,-0.33,0.18,1.28,1.6577999999999997,25.122,25.601399999999998,175,75
2026-05-09 15:54:36.724,2,-0.32,0.16,1.3,-3.6522000000000006,16.832,26.211399999999998,175,75
2026-05-09 15:54:36.760,2,-0.26,0.06,1.26,-5.6621999999999995,1.6419999999999995,24.9914,175,75
2026-05-09 15:54:36.771,2,-0.22,0.04,1.24,-11.702200000000001,-0.48799999999999955,19.7414,175,75
2026-05-09 15:54:36.771,2,-0.21,0.06,1.18,-16.2722,-3.6580000000000013,19.191399999999998,175,75
2026-05-09 15:54:36.784,2,-0.15,0.09,1.14,-19.2622,-11.398,19.2514,175,75
2026-05-09 15:54:36.800,2,-0.13,0.05,1.14,-24.6822,-12.988000000000003,12.6114,175,75
2026-05-09 15:54:36.811,2,-0.09,0.01,1.13,-35.2922,-11.767999999999997,1.6313999999999997,175,75
2026-05-09 15:54:36.848,2,-0.22,-0.04,1.09,-50.5422,27.381999999999998,-16.4786,175,75
2026-05-09 15:54:36.859,2,-0.27,-0.04,1.1,-47.7322,58.111999999999995,-21.2286,175,75
2026-05-09 15:54:36.881,2,-0.37,-0.03,1.14,-41.3922,93.782,-28.9186,175,75
2026-05-09 15:54:36.881,2,-0.43,-0.0,1.21,-34.8022,118.532,-34.4686,175,75
2026-05-09 15:54:36.916,2,-0.48,0.0,1.46,-28.8322,120.182,-45.8086,175,75
2026-05-09 15:54:36.928,2,-0.52,0.07,1.55,-34.742200000000004,87.50200000000001,-35.6186,175,75
2026-05-09 15:54:36.941,2,-0.65,0.14,1.53,-38.0422,61.221999999999994,-17.0886,175,75
2026-05-09 15:54:36.954,2,-0.77,0.16,1.52,-32.0022,55.55200000000001,-8.6086,175,75
2026-05-09 15:54:36.980,2,-0.74,0.13,1.71,-4.8722,45.492000000000004,-7.0886000000000005,175,75
2026-05-09 15:54:36.994,2,-0.57,0.15,1.76,-3.7722000000000007,-14.638000000000002,-0.8686000000000001,175,75
2026-05-09 15:54:37.011,2,-0.42,0.13,1.75,-8.042200000000001,-96.648,9.0714,175,75
2026-05-09 15:54:37.022,2,-0.29,0.09,1.63,-12.792200000000001,-141.888,12.9114,175,75
2026-05-09 15:54:37.022,2,-0.21,0.05,1.51,-16.572200000000002,-172.988,10.2314,175,75
2026-05-09 15:54:37.045,2,-0.22,0.03,1.39,-19.0122,-183.71800000000002,3.0314,175,75
2026-05-09 15:54:37.066,2,-0.28,0.07,1.13,-4.3822,-110.85799999999999,-3.7886,175,75
2026-05-09 15:54:37.070,2,-0.32,0.07,1.09,10.3178,-43.288,-10.9286,175,75
2026-05-09 15:54:37.085,2,-0.28,0.02,1.14,20.2578,0.12199999999999989,-21.718600000000002,175,75
2026-05-09 15:54:37.098,2,-0.26,0.01,1.23,20.5578,9.692,-28.858600000000003,175,75
2026-05-09 15:54:37.108,2,-0.15,0.03,1.34,14.8278,-4.698,-31.0486,175,75
2026-05-09 15:54:37.125,2,-0.15,0.07,1.37,7.0878,-41.528000000000006,-26.538600000000002,175,75
2026-05-09 15:54:37.147,2,-0.2,0.06,1.21,-6.2122,-91.27799999999999,-21.0486,175,75
2026-05-09 15:54:37.167,2,-0.27,0.03,1.04,-19.1322,-74.268,-24.468600000000002,175,75
2026-05-09 15:54:37.168,2,-0.3,0.06,0.99,-17.912200000000002,-47.74799999999999,-25.808600000000002,175,75
2026-05-09 15:54:37.196,2,-0.3,0.07,1.05,-10.232199999999999,16.462,-28.178600000000003,175,75
2026-05-09 15:54:37.204,2,-0.3,0.08,1.09,-17.2422,11.402,-20.3186,175,75
2026-05-09 15:54:37.220,2,-0.32,0.11,1.07,-25.052200000000003,2.562000000000001,-10.3186,175,75
2026-05-09 15:54:37.233,2,-0.37,0.11,1.0,-31.3322,-0.4280000000000008,-1.4186,175,75
2026-05-09 15:54:37.233,2,-0.43,0.12,0.93,-35.2922,9.142,5.7814,175,75
2026-05-09 15:54:37.255,2,-0.49,0.1,0.86,-34.742200000000004,27.502,11.881400000000001,175,75
2026-05-09 15:54:37.271,2,-0.49,0.06,0.86,-42.1222,69.212,16.6314,175,75
2026-05-09 15:54:37.280,2,-0.45,0.04,0.9,-50.7222,91.522,18.4014,175,75
2026-05-09 15:54:37.295,2,-0.41,0.02,1.0,-57.7322,116.282,18.4014,175,75
2026-05-09 15:54:37.307,2,-0.36,-0.02,1.12,-57.9122,127.072,14.8614,175,75
2026-05-09 15:54:37.319,2,-0.31,-0.04,1.22,-56.5722,120.672,9.9214,175,75
2026-05-09 15:54:37.355,2,-0.35,-0.03,1.3,-63.282199999999996,49.942,5.051399999999999,175,75
2026-05-09 15:54:37.391,2,-0.38,-0.02,1.28,-61.0222,54.141999999999996,-5.988600000000001,175,75
2026-05-09 15:54:37.406,2,-0.36,-0.03,1.3,-59.742200000000004,55.852000000000004,-11.8386,175,75
2026-05-09 15:54:37.417,2,-0.3,-0.03,1.29,-58.5222,47.012,-16.718600000000002,175,75
2026-05-09 15:54:37.429,2,-0.31,-0.02,1.29,-55.4122,36.222,-22.9386,175,75
2026-05-09 15:54:37.441,2,-0.29,-0.02,1.3,-51.0922,30.432000000000002,-27.698600000000003,175,75
2026-05-09 15:54:37.455,2,-0.26,-0.03,1.33,-48.5922,20.672,-34.3986,175,75
2026-05-09 15:54:37.455,2,-0.32,-0.01,1.38,-46.632200000000005,9.751999999999999,-37.8786,175,75
2026-05-09 15:54:37.482,2,-0.29,-0.03,1.53,-40.172200000000004,-66.27799999999999,-40.6786,175,75
2026-05-09 15:54:37.493,2,-0.28,0.02,1.49,-44.5022,-119.38799999999999,-30.1386,175,75
2026-05-09 15:54:37.507,2,-0.29,0.05,1.41,-52.9822,-176.038,-25.6186,175,75
2026-05-09 15:54:37.518,2,-0.32,0.09,1.31,-60.6622,-194.758,-19.8286,175,75
2026-05-09 15:54:37.530,2,-0.29,0.11,1.15,-63.5922,-208.048,-11.5986,175,75
2026-05-09 15:54:37.543,2,-0.23,0.09,1.0,-61.5122,-196.828,-2.3286,175,75
2026-05-09 15:54:37.587,2,-0.04,-0.08,1.03,-39.2022,-99.938,8.1014,175,75
2026-05-09 15:54:37.640,2,-0.11,-0.06,0.77,-16.0222,56.032,24.0114,175,75
2026-05-09 15:54:37.652,2,-0.24,-0.24,0.77,16.7178,231.642,23.9514,175,75
2026-05-09 15:54:37.672,2,-0.31,-0.26,0.98,32.0178,282.322,25.051399999999997,175,75
2026-05-09 15:54:37.687,2,-0.03,-0.3,1.7,19.587799999999998,112.25200000000001,-17.2086,175,75
2026-05-09 15:54:37.725,2,-0.15,-0.17,1.2,-31.1522,-201.46800000000002,1.2113999999999998,175,75
2026-05-09 15:54:37.743,2,-0.28,-0.08,0.71,-25.962200000000003,-147.928,5.171399999999999,175,75
2026-05-09 15:54:37.754,2,-0.4,-0.06,0.65,-12.0622,-107.558,7.671399999999999,175,75
