Time,ID,Ax,Ay,Az,Gx,Gy,Gz,Height,Weight
2026-05-11 17:54:51.173,3,-0.87,-1.23,0.76,-58.453399999999995,-4.4528,-58.811,175,75
2026-05-11 17:54:51.200,3,-0.73,-1.75,0.67,-73.0334,-21.4628,-53.691,175,75
2026-05-11 17:54:51.200,3,-0.01,-2.42,0.4,-79.9834,-52.0728,-66.981,175,75
2026-05-11 17:54:51.212,3,-0.06,-2.86,0.19,-69.8634,-99.4528,-17.531,175,75
2026-05-11 17:54:51.225,3,0.12,-2.34,0.04,-92.7234,-118.65280000000001,-29.721,175,75
2026-05-11 17:54:51.250,3,0.66,-1.45,-0.21,-111.8134,-206.46280000000002,-58.871,175,75
2026-05-11 17:54:51.250,3,0.75,-0.77,-0.71,-92.7834,-290.3028,-19.791,175,75
2026-05-11 17:54:51.263,3,-0.2,-0.82,-1.22,-36.563399999999994,-214.6928,40.638999999999996,175,75
2026-05-11 17:54:51.291,3,-0.79,-0.79,-0.48,169.8366,-15.2428,58.929,175,75
2026-05-11 17:54:51.291,3,-1.21,-0.77,-0.06,236.9066,-16.0328,113.869,175,75
2026-05-11 17:54:51.318,3,-1.51,-1.03,0.7,266.9666,64.0272,156.42899999999997,175,75
2026-05-11 17:54:51.333,3,-0.77,-1.37,1.06,254.04659999999998,27.507199999999997,174.66899999999998,175,75
2026-05-11 17:54:51.338,3,0.1,-1.78,0.8,134.6566,-109.81280000000001,129.05900000000003,175,75
2026-05-11 17:54:51.355,3,0.33,-0.98,0.05,48.796600000000005,-197.1928,111.369,175,75
2026-05-11 17:54:51.366,3,0.34,-0.38,-0.57,58.7366,-212.68280000000001,109.849,175,75
2026-05-11 17:54:51.387,3,0.11,-0.15,-0.75,78.9166,-118.4728,83.199,175,75
2026-05-11 17:54:51.410,3,0.13,-0.12,-0.43,39.7766,-24.4528,55.699,175,75
2026-05-11 17:54:51.427,3,0.12,-0.05,-0.21,24.8966,-0.1828000000000003,34.909,175,75
2026-05-11 17:54:51.442,3,0.13,0.04,-0.06,-1.9933999999999976,4.517199999999999,17.649,175,75
2026-05-11 17:54:51.442,3,0.04,0.13,0.01,-34.2534,9.697200000000002,-5.821000000000001,175,75
2026-05-11 17:54:51.459,3,-0.08,0.15,0.18,-76.1434,26.407199999999996,-51.371,175,75
2026-05-11 17:54:51.487,3,0.22,0.22,0.47,-132.9134,8.907199999999996,-110.521,175,75
2026-05-11 17:54:51.512,3,-0.4,1.6,-0.15,-192.7834,-55.912800000000004,-131.191,175,75
2026-05-11 17:54:51.524,3,-0.31,1.38,-0.84,-209.4934,20.8572,-116.981,175,75
2026-05-11 17:54:51.540,3,-0.66,1.31,-1.34,-198.0334,144.5172,-136.49099999999999,175,75
2026-05-11 17:54:51.548,3,-0.77,1.15,-1.02,-151.5634,352.5672,-181.01100000000002,175,75
2026-05-11 17:54:51.562,3,-0.61,0.73,0.0,-113.9434,484.3272,-206.551,175,75
2026-05-11 17:54:51.575,3,-7.42,1.58,3.8,56.726600000000005,457.5672,-11.371,175,75
2026-05-11 17:54:51.585,3,-16.1,5.38,8.35,496.0566,1066.4072,921.6790000000001,175,75
2026-05-11 17:54:51.595,3,-3.06,-14.39,11.87,651.3566000000001,-1304.4528,-439.851,175,75
2026-05-11 17:54:51.610,3,-0.5,-3.22,2.9,-42.243399999999994,-410.7928,-1000.881,175,75
2026-05-11 17:54:51.630,3,6.98,2.38,-2.48,-326.8734,-245.18280000000001,350.089,175,75
2026-05-11 17:54:51.660,3,-1.57,-1.5,-1.75,178.3666,44.147200000000005,-343.141,175,75
2026-05-11 17:54:51.695,3,2.1,1.07,1.1,-38.523399999999995,284.8172,72.289,175,75
2026-05-11 17:54:51.711,3,-1.38,-2.16,-0.62,107.75659999999999,-294.20279999999997,71.739,175,75
2026-05-11 17:54:51.725,3,-1.52,-1.55,-1.63,70.9966,125.7972,-58.081,175,75
2026-05-11 17:54:51.734,3,-0.62,-0.37,-0.99,236.1166,292.4372,-63.691,175,75
2026-05-11 17:54:51.745,3,-0.3,0.11,0.63,321.1766,273.35720000000003,18.509,175,75
2026-05-11 17:54:51.799,3,-0.11,-1.0,-0.31,66.3566,-99.6928,124.849,175,75
2026-05-11 17:54:51.833,3,-0.04,-0.94,-0.55,105.86659999999999,-91.46279999999999,113.929,175,75
2026-05-11 17:54:51.855,3,-0.11,-1.11,-0.4,115.0166,-72.7428,90.279,175,75
2026-05-11 17:54:51.868,3,-0.19,-1.03,-0.3,75.3266,-32.0728,69.239,175,75
2026-05-11 17:54:51.900,3,-0.23,-0.4,0.12,-14.003399999999997,-45.7328,23.808999999999997,175,75
2026-05-11 17:54:51.900,3,-0.48,0.08,-0.09,-103.21340000000001,-35.6728,-31.861,175,75
2026-05-11 17:54:51.911,3,-0.49,0.15,-0.02,-129.0634,-21.2828,-51.371,175,75
2026-05-11 17:54:51.922,3,-0.44,0.21,0.05,-153.45340000000002,-12.0128,-74.361,175,75
2026-05-11 17:54:51.936,3,-0.37,0.26,0.07,-179.3134,4.8172,-97.901,175,75
2026-05-11 17:54:51.971,3,-0.25,0.06,0.3,-219.6134,79.1472,-144.911,175,75
2026-05-11 17:54:52.017,3,-1.68,-0.39,0.63,-182.9134,216.3472,-155.70100000000002,175,75
2026-05-11 17:54:52.061,3,-1.64,-0.44,1.91,-38.6434,249.45719999999997,-125.581,175,75
2026-05-11 17:54:52.067,3,-1.66,0.09,2.47,1.606600000000002,140.06719999999999,-70.271,175,75
2026-05-11 17:54:52.081,3,-1.83,0.45,2.51,-38.7634,113.2972,-10.881,175,75
2026-05-11 17:54:52.113,3,-1.3,0.64,2.2,-11.5634,22.197200000000002,18.319,175,75
2026-05-11 17:54:52.124,3,-1.29,-0.03,2.65,133.1866,118.2972,137.589,175,75
2026-05-11 17:54:52.150,3,-0.19,-2.04,-2.01,-78.0334,-318.96279999999996,115.209,175,75
2026-05-11 17:54:52.180,3,-2.1,-1.51,-2.66,116.8466,197.0172,136.30900000000003,175,75
2026-05-11 17:54:52.180,3,-1.46,-2.0,-1.81,166.7866,176.28719999999998,75.949,175,75
2026-05-11 17:54:52.189,3,-1.04,-1.38,-0.21,203.1866,231.4672,28.259,175,75
2026-05-11 17:54:52.189,3,0.9,-1.33,2.06,292.7566,429.2072,48.569,175,75
2026-05-11 17:54:52.205,3,0.2,-1.46,3.45,310.3866,310.85720000000003,135.089,175,75
2026-05-11 17:54:52.264,3,-0.28,-0.83,2.23,-131.5034,-191.1528,32.589,175,75
2026-05-11 17:54:52.264,3,-0.75,-0.86,0.47,-143.9434,-277.3128,80.949,175,75
2026-05-11 17:54:52.264,3,-1.61,-1.67,-0.26,-97.66340000000001,-204.3228,72.959,175,75
2026-05-11 17:54:52.275,3,-0.58,-3.03,0.06,17.3966,57.377199999999995,-85.031,175,75
2026-05-11 17:54:52.287,3,0.64,-2.3,0.81,-16.083399999999997,54.81719999999999,-83.511,175,75
2026-05-11 17:54:52.298,3,1.18,-1.74,0.87,-63.1534,-26.0328,-35.641000000000005,175,75
2026-05-11 17:54:52.313,3,0.98,-1.68,0.66,-66.8134,-144.0828,-4.301,175,75
2026-05-11 17:54:52.313,3,0.77,-1.64,-0.09,-83.27340000000001,-250.7928,-19.361,175,75
2026-05-11 17:54:52.339,3,0.28,-1.36,-0.82,-99.6734,-288.78279999999995,-34.661,175,75
2026-05-11 17:54:52.365,3,-1.36,-0.99,-0.22,246.9666,72.49719999999999,105.639,175,75
2026-05-11 17:54:52.415,3,-1.57,-2.44,2.03,473.6766,78.2972,211.06900000000002,175,75
2026-05-11 17:54:52.446,3,0.35,-0.2,-1.02,165.1966,-241.9528,161.73899999999998,175,75
2026-05-11 17:54:52.457,3,0.27,-0.55,-1.4,115.86659999999999,-70.7328,102.039,175,75
2026-05-11 17:54:52.476,3,0.53,-0.44,-1.18,103.61659999999999,-65.9128,69.059,175,75
2026-05-11 17:54:52.486,3,0.54,-0.2,-1.09,65.0166,-49.0828,55.519,175,75
2026-05-11 17:54:52.497,3,0.49,0.09,-0.96,41.9666,-24.512800000000002,44.299,175,75
2026-05-11 17:54:52.508,3,0.37,0.2,-0.76,17.276600000000002,-18.6528,27.348999999999997,175,75
2026-05-11 17:54:52.519,3,0.23,0.25,-0.7,-12.2434,-16.2128,11.858999999999998,175,75
2026-05-11 17:54:52.519,3,0.03,0.31,-0.64,-44.553399999999996,17.867199999999997,-13.141000000000002,175,75
2026-05-11 17:54:52.534,3,-0.01,0.35,-0.53,-65.5334,52.927200000000006,-37.711,175,75
2026-05-11 17:54:52.545,3,-0.06,0.44,-0.3,-94.6734,82.37719999999999,-66.431,175,75
2026-05-11 17:54:52.572,3,0.21,0.53,0.64,-153.1534,45.9772,-148.93099999999998,175,75
2026-05-11 17:54:52.595,3,0.4,0.8,0.84,-179.8634,-4.812799999999999,-157.901,175,75
2026-05-11 17:54:52.600,3,-0.17,1.25,0.6,-213.3934,-61.4628,-127.411,175,75
2026-05-11 17:54:52.618,3,-0.42,0.92,0.51,-204.6134,-40.912800000000004,-136.981,175,75
2026-05-11 17:54:52.629,3,-0.77,0.81,0.66,-202.17340000000002,8.657199999999996,-134.541,175,75
2026-05-11 17:54:52.658,3,-1.18,0.61,1.43,-158.1534,75.18719999999999,-153.99099999999999,175,75
2026-05-11 17:54:52.660,3,-1.29,0.44,1.37,-166.3834,139.69719999999998,-146.07100000000003,175,75
2026-05-11 17:54:52.671,3,-1.22,-0.04,2.03,-120.89340000000001,175.4272,-140.461,175,75
2026-05-11 17:54:52.685,3,-1.32,-0.6,2.34,-119.3734,123.71719999999999,-149.911,175,75
2026-05-11 17:54:52.695,3,-1.79,-1.23,2.2,-201.6934,60.127199999999995,-164.541,175,75
2026-05-11 17:54:52.708,3,-5.94,0.51,3.38,-13.943399999999999,268.35720000000003,112.039,175,75
2026-05-11 17:54:52.761,3,-1.12,1.55,-2.39,-707.9133999999999,-167.9828,0.7589999999999986,175,75
2026-05-11 17:54:52.776,3,-0.13,-3.51,-3.09,191.1166,33.5972,49.729,175,75
2026-05-11 17:54:52.796,3,-0.68,-2.63,-1.1,204.5266,227.6272,-89.971,175,75
2026-05-11 17:54:52.815,3,1.28,-1.14,0.42,54.71660000000001,316.40720000000005,-149.791,175,75
2026-05-11 17:54:52.815,3,1.71,-0.07,1.0,92.33659999999999,10.2472,74.849,175,75
2026-05-11 17:54:52.844,3,0.87,-1.19,0.7,111.9066,-205.24280000000002,107.099,175,75
2026-05-11 17:54:52.894,3,-0.21,-1.17,-0.48,210.1366,50.8572,23.079,175,75
2026-05-11 17:54:52.916,3,-0.41,-1.39,0.71,252.2766,159.2672,97.589,175,75
2026-05-11 17:54:52.939,3,-0.29,-0.95,0.54,120.8066,-26.0928,95.519,175,75
2026-05-11 17:54:52.955,3,-0.33,-0.89,0.35,81.3566,-45.4828,75.519,175,75
2026-05-11 17:54:52.975,3,-0.21,-0.31,0.02,17.3366,-37.1328,29.598999999999997,175,75
2026-05-11 17:54:52.986,3,-0.3,-0.03,0.06,1.606600000000002,-49.0828,14.419,175,75
2026-05-11 17:54:52.992,3,-0.5,0.27,0.04,-29.673399999999994,-52.9228,-7.901000000000001,175,75
2026-05-11 17:54:53.010,3,-0.55,0.36,0.04,-59.7434,-31.7028,-34.721000000000004,175,75
2026-05-11 17:54:53.055,3,-0.59,0.41,0.06,-81.2634,-5.972799999999999,-56.311,175,75
2026-05-11 17:54:53.057,3,-0.59,0.43,0.1,-94.2534,19.937199999999997,-74.851,175,75
2026-05-11 17:54:53.065,3,-0.55,0.43,0.19,-107.7834,44.3272,-91.251,175,75
2026-05-11 17:54:53.100,3,-0.44,0.23,0.43,-148.5834,70.3672,-107.161,175,75
2026-05-11 17:54:53.100,3,-0.49,0.13,0.37,-161.9334,71.7072,-114.361,175,75
2026-05-11 17:54:53.123,3,-0.74,-0.09,0.37,-175.0434,109.75719999999998,-145.27100000000002,175,75
2026-05-11 17:54:53.231,3,-0.75,0.0,0.46,-146.7534,143.0472,-118.871,175,75
2026-05-11 17:54:53.257,3,-1.05,-0.32,0.87,-58.2734,92.0172,-48.751,175,75
2026-05-11 17:54:53.277,3,-0.72,-0.49,0.98,-46.3234,106.28719999999998,-53.081,175,75
2026-05-11 17:54:53.296,3,-0.44,-0.34,1.1,-38.273399999999995,103.41720000000001,-61.621,175,75
2026-05-11 17:54:53.307,3,3.98,-5.58,1.56,52.756600000000006,-281.21279999999996,-36.921,175,75
2026-05-11 17:54:53.360,3,0.09,-1.73,-1.99,-359.1334,-745.3027999999999,249.849,175,75
2026-05-11 17:54:53.360,3,-4.57,-1.03,-3.2,-213.6434,-146.7628,287.709,175,75
2026-05-11 17:54:53.395,3,1.49,-1.78,2.48,166.54659999999998,355.2472,65.149,175,75
2026-05-11 17:54:53.406,3,0.27,-1.83,2.99,157.0266,48.4172,167.289,175,75
2026-05-11 17:54:53.456,3,-1.23,-1.64,-0.11,-124.0034,-197.86280000000002,-13.511000000000001,175,75
2026-05-11 17:54:53.456,3,-1.3,-2.31,-0.49,-101.38340000000001,-60.7328,-61.431,175,75
2026-05-11 17:54:53.467,3,-0.82,-2.29,-0.25,-88.3934,-24.9328,-117.471,175,75
2026-05-11 17:54:53.569,3,0.73,-1.63,0.31,-121.99340000000001,-106.28280000000001,-86.861,175,75
2026-05-11 17:54:53.599,3,-0.64,-0.04,-0.6,66.5466,-71.58279999999999,27.348999999999997,175,75
2026-05-11 17:54:53.607,3,-0.97,-0.43,0.23,160.9966,-82.6228,73.569,175,75
2026-05-11 17:54:53.622,3,-2.0,-1.23,1.5,347.5766,-42.7428,249.17899999999997,175,75
2026-05-11 17:54:53.641,3,0.31,-0.3,-0.01,86.5466,-115.7928,105.399,175,75
2026-05-11 17:54:53.641,3,0.52,-0.11,-0.17,68.1266,-139.2028,97.709,175,75
2026-05-11 17:54:53.669,3,0.24,0.22,-0.29,37.8866,-42.312799999999996,72.469,175,75
2026-05-11 17:54:53.685,3,0.14,0.37,-0.06,31.7866,-0.3028000000000013,63.989000000000004,175,75
2026-05-11 17:54:53.685,3,-0.02,0.43,0.11,5.626600000000002,6.287199999999999,43.509,175,75
2026-05-11 17:54:53.712,3,0.33,1.27,0.29,-117.30340000000001,-65.2428,-77.531,175,75
2026-05-11 17:54:53.731,3,-0.25,0.94,0.18,-77.4234,95.3672,-79.121,175,75
2026-05-11 17:54:53.777,3,-0.37,0.74,1.02,-66.3234,119.1472,-107.901,175,75
2026-05-11 17:54:53.777,3,-0.33,0.53,1.09,-92.91340000000001,90.5472,-123.141,175,75
2026-05-11 17:54:53.840,3,-3.98,-9.05,6.04,41.6666,-1141.5828,20.889,175,75
2026-05-11 17:54:53.884,3,-1.05,-4.39,-0.89,-746.2034,-426.15279999999996,-756.981,175,75
2026-05-11 17:54:53.884,3,0.95,0.62,-2.6,-108.88340000000001,-45.1828,177.099,175,75
2026-05-11 17:54:53.890,3,-0.42,-2.96,-2.07,86.1766,37.8672,84.479,175,75
2026-05-11 17:54:53.909,3,-1.13,-0.91,0.59,167.51659999999998,321.5272,-176.981,175,75
2026-05-11 17:54:53.937,3,-1.21,-0.3,1.4,284.71659999999997,108.78719999999998,234.909,175,75
2026-05-11 17:54:53.979,3,-1.27,-1.83,0.92,288.7366,21.407199999999996,174.29899999999998,175,75
2026-05-11 17:54:53.979,3,-1.53,-2.69,0.54,225.32659999999998,78.2972,71.249,175,75
2026-05-11 17:54:54.003,3,0.56,-0.39,0.35,220.3866,59.0872,121.73899999999999,175,75
2026-05-11 17:54:54.038,3,-0.14,-0.72,0.14,183.9166,18.657199999999996,154.72899999999998,175,75
2026-05-11 17:54:54.073,3,0.12,-0.62,0.24,143.1866,40.06719999999999,90.339,175,75
2026-05-11 17:54:54.086,3,0.14,-0.14,0.38,87.0266,-11.642800000000001,93.079,175,75
2026-05-11 17:54:54.097,3,0.01,-0.01,0.34,49.406600000000005,-53.5328,71.429,175,75
2026-05-11 17:54:54.097,3,-0.02,0.19,0.15,9.226600000000001,-93.65280000000001,48.689,175,75
2026-05-11 17:54:54.146,3,-0.09,0.56,-0.19,-54.25339999999999,-129.5728,20.399,175,75
2026-05-11 17:54:54.146,3,-0.19,0.65,-0.3,-80.8334,-110.4228,8.628999999999998,175,75
2026-05-11 17:54:54.160,3,-0.22,0.61,-0.29,-98.7034,-98.53280000000001,-8.441,175,75
2026-05-11 17:54:54.160,3,-0.24,0.54,-0.3,-116.26339999999999,-91.52279999999999,-22.651000000000003,175,75
2026-05-11 17:54:54.170,3,-0.32,0.51,-0.33,-135.4134,-70.6028,-36.551,175,75
2026-05-11 17:54:54.183,3,-0.31,0.39,-0.32,-152.6634,-35.1228,-56.371,175,75
2026-05-11 17:54:54.221,3,-0.22,-0.15,0.07,-197.9734,75.3072,-129.661,175,75
2026-05-11 17:54:54.221,3,-0.21,-0.34,0.26,-200.7134,87.0772,-150.211,175,75
2026-05-11 17:54:54.243,3,-0.56,-0.61,0.72,-186.8734,72.43719999999999,-166.801,175,75
2026-05-11 17:54:54.278,3,-1.29,-1.33,0.7,-131.20340000000002,155.91719999999998,-120.521,175,75
2026-05-11 17:54:54.301,3,-0.74,-0.18,1.1,-55.6534,198.6572,-136.191,175,75
2026-05-11 17:54:54.348,3,-1.17,0.6,1.36,-13.3334,46.037200000000006,13.989,175,75
2026-05-11 17:54:54.359,3,-3.3,1.35,2.26,133.5566,40.487199999999994,248.68899999999996,175,75
2026-05-11 17:54:54.385,3,-3.37,-1.38,-2.96,-53.7634,135.91719999999998,149.599,175,75
2026-05-11 17:54:54.408,3,-0.02,-1.73,0.39,262.02660000000003,362.98720000000003,-77.351,175,75
2026-05-11 17:54:54.418,3,0.97,-1.64,2.2,187.2166,270.4272,-0.761000000000001,175,75
2026-05-11 17:54:54.430,3,0.49,-2.5,2.6,121.0566,97.25720000000001,91.489,175,75
2026-05-11 17:54:54.441,3,-1.38,-2.97,2.17,42.4566,-116.21279999999999,95.949,175,75
2026-05-11 17:54:54.443,3,-1.28,-1.83,1.92,-48.093399999999995,-103.4728,4.968999999999999,175,75
2026-05-11 17:54:54.518,3,0.67,-1.9,0.63,-80.8934,-46.4028,-128.08100000000002,175,75
2026-05-11 17:54:54.560,3,-0.17,-0.18,-1.2,-86.8734,-171.6428,-67.471,175,75
2026-05-11 17:54:54.560,3,-0.62,0.04,-0.94,26.9666,-75.1828,-0.8810000000000011,175,75
2026-05-11 17:54:54.572,3,-0.72,-0.74,-0.31,153.0666,-22.192800000000002,76.129,175,75
2026-05-11 17:54:54.595,3,-1.3,-0.65,0.25,232.51659999999998,-47.312799999999996,125.949,175,75
2026-05-11 17:54:54.609,3,-1.66,-1.56,1.45,361.96659999999997,-8.2928,228.31900000000002,175,75
2026-05-11 17:54:54.644,3,0.23,-1.08,-0.35,117.8266,-120.18280000000001,84.909,175,75
2026-05-11 17:54:54.688,3,-0.11,-0.17,-0.48,121.3566,-9.5728,84.849,175,75
2026-05-11 17:54:54.704,3,0.03,0.29,-0.49,98.7366,2.6271999999999984,44.669,175,75
2026-05-11 17:54:54.732,3,0.45,1.89,-0.34,80.6866,32.0172,30.698999999999998,175,75
2026-05-11 17:54:54.749,3,0.43,1.06,0.2,69.2266,-2.6828000000000003,27.589,175,75
2026-05-11 17:54:54.754,3,0.28,1.18,0.2,55.076600000000006,-14.8728,-6.311000000000001,175,75
2026-05-11 17:54:54.777,3,0.25,1.4,0.19,36.906600000000005,-0.4228000000000023,-22.161,175,75
2026-05-11 17:54:54.827,3,-0.29,1.24,0.61,3.1266000000000016,-18.102800000000002,-39.111000000000004,175,75
2026-05-11 17:54:54.827,3,-0.4,1.16,0.71,-19.8634,-28.102800000000002,-46.311,175,75
2026-05-11 17:54:54.838,3,-0.52,1.07,0.61,-42.9734,-24.8728,-46.861000000000004,175,75
2026-05-11 17:54:54.838,3,-0.55,0.92,0.49,-54.063399999999994,-11.462800000000001,-50.641,175,75
2026-05-11 17:54:54.873,3,-0.64,0.84,0.5,-75.0434,68.71719999999999,-70.271,175,75
2026-05-11 17:54:54.888,3,-0.47,0.67,0.53,-92.66340000000001,102.31719999999999,-80.70100000000001,175,75
2026-05-11 17:54:54.900,3,-0.01,-0.28,0.42,-178.0934,51.347199999999994,-133.811,175,75
2026-05-11 17:54:54.910,3,-3.61,1.06,1.4,-186.6934,55.427200000000006,-29.541,175,75
2026-05-11 17:54:54.948,3,-12.89,3.73,5.87,249.4666,908.7872,601.3090000000001,175,75
2026-05-11 17:54:54.978,3,3.64,0.59,-2.35,-584.5533999999999,-323.71279999999996,-157.471,175,75
2026-05-11 17:54:54.987,3,-0.13,-1.08,-1.8,-313.1534,-94.2028,111.739,175,75
2026-05-11 17:54:54.998,3,0.0,-3.93,-2.13,-192.0534,25.4872,109.909,175,75
2026-05-11 17:54:55.010,3,-1.25,-1.88,-0.21,10.9966,155.7972,-160.33100000000002,175,75
2026-05-11 17:54:55.039,3,-2.19,0.57,0.97,160.5066,-5.672800000000002,134.29899999999998,175,75
2026-05-11 17:54:55.053,3,-0.85,-3.0,1.38,244.2266,-48.9028,111.979,175,75
2026-05-11 17:54:55.091,3,-0.15,-0.65,0.22,222.3966,12.017200000000003,126.919,175,75
2026-05-11 17:54:55.091,3,-0.16,-0.38,0.15,209.4666,7.747199999999999,150.579,175,75
2026-05-11 17:54:55.125,3,-0.26,-0.39,0.22,213.79659999999998,30.7372,137.529,175,75
2026-05-11 17:54:55.137,3,0.13,-0.24,0.11,184.8966,20.0672,117.039,175,75
2026-05-11 17:54:55.148,3,0.28,-0.19,0.12,160.4466,10.127200000000002,110.759,175,75
2026-05-11 17:54:55.173,3,0.28,-0.15,0.16,118.2466,-31.7028,91.919,175,75
2026-05-11 17:54:55.185,3,0.23,0.02,-0.04,83.61659999999999,-38.7828,78.019,175,75
2026-05-11 17:54:55.212,3,0.23,0.22,-0.23,43.4966,-39.2628,55.949,175,75
2026-05-11 17:54:55.229,3,0.35,0.38,-0.34,10.866600000000002,-42.3728,32.289,175,75
2026-05-11 17:54:55.229,3,0.38,0.51,-0.41,-20.533399999999993,-43.9628,18.689,175,75
2026-05-11 17:54:55.252,3,0.29,0.93,-0.49,-80.4734,-26.1528,-30.461000000000002,175,75
2026-05-11 17:54:55.265,3,0.25,1.09,-0.43,-104.9234,-26.3428,-59.301,175,75
2026-05-11 17:54:55.298,3,0.24,1.01,-0.35,-133.0934,-35.4228,-80.581,175,75
2026-05-11 17:54:55.323,3,0.2,0.57,-0.31,-176.0834,-38.2328,-90.211,175,75
2026-05-11 17:54:55.354,3,-0.03,0.06,-0.21,-213.5834,29.2072,-125.881,175,75
2026-05-11 17:54:55.354,3,-0.15,-0.12,-0.06,-226.4434,64.2672,-142.591,175,75
2026-05-11 17:54:55.386,3,-0.59,-0.69,0.81,-207.17340000000002,63.597199999999994,-173.26100000000002,175,75
2026-05-11 17:54:55.397,3,-0.63,-1.3,0.69,-217.42340000000002,52.31719999999999,-185.151,175,75
2026-05-11 17:54:55.397,3,-0.8,-1.78,0.43,-221.4434,63.907199999999996,-179.721,175,75
2026-05-11 17:54:55.408,3,-1.19,-2.07,0.01,-215.8934,134.0872,-142.961,175,75
2026-05-11 17:54:55.421,3,-1.64,-1.67,-0.16,-164.0634,258.90720000000005,-126.071,175,75
2026-05-11 17:54:55.464,3,-3.51,1.17,2.95,-14.803399999999998,-7.8628,131.30900000000003,175,75
2026-05-11 17:54:55.476,3,-5.56,2.35,3.67,148.6766,9.937199999999997,363.74899999999997,175,75
2026-05-11 17:54:55.505,3,-1.3,-0.75,-2.24,-389.4334,-574.3928,138.92899999999997,175,75
2026-05-11 17:54:55.544,3,-1.02,-1.46,-2.14,162.4566,363.04720000000003,-7.831,175,75
2026-05-11 17:54:55.567,3,0.42,-2.14,2.21,242.4566,343.35720000000003,51.489,175,75
2026-05-11 17:54:55.567,3,-0.39,-2.54,2.73,214.4066,73.41720000000001,90.399,175,75
2026-05-11 17:54:55.579,3,-1.35,-2.36,2.95,8.126600000000002,-66.4028,-6.801000000000001,175,75
2026-05-11 17:54:55.596,3,-0.28,-1.47,1.77,-111.8734,-107.56280000000001,-57.531,175,75
2026-05-11 17:54:55.600,3,-0.67,-1.63,0.65,-120.4134,-252.0728,-28.381,175,75
2026-05-11 17:54:55.613,3,-1.2,-2.0,-0.32,-147.17340000000002,-185.4828,-63.201,175,75
2026-05-11 17:54:55.660,3,-0.95,-1.94,-0.73,-112.7834,-43.0428,-122.901,175,75
2026-05-11 17:54:55.671,3,0.54,-1.49,0.23,-76.5034,-36.8228,-116.551,175,75
2026-05-11 17:54:55.682,3,0.41,-1.31,0.06,-129.5534,-140.9728,-96.801,175,75
2026-05-11 17:54:55.694,3,0.4,-0.9,-0.47,-154.5534,-169.6328,-116.491,175,75
2026-05-11 17:54:55.694,3,-0.34,0.06,-0.59,-37.9734,-158.0428,-54.721000000000004,175,75
2026-05-11 17:54:55.723,3,-1.58,-0.56,0.3,232.1566,-14.632800000000001,160.209,175,75
2026-05-11 17:54:55.735,3,-2.07,-0.83,1.14,322.0266,2.8672000000000004,201.42899999999997,175,75
2026-05-11 17:54:55.746,3,-2.09,-1.58,1.74,353.3666,-31.9528,251.79899999999998,175,75
2026-05-11 17:54:55.764,3,-1.09,-3.09,1.21,215.7466,-106.21279999999999,193.199,175,75
2026-05-11 17:54:55.812,3,0.14,-0.18,-0.4,163.4966,-48.1728,163.74900000000002,175,75
2026-05-11 17:54:55.864,3,0.67,0.16,-0.15,53.616600000000005,-95.00280000000001,61.429,175,75
2026-05-11 17:54:55.869,3,0.62,0.31,-0.26,39.4666,-103.65280000000001,58.629000000000005,175,75
2026-05-11 17:54:55.895,3,-0.17,0.94,-0.37,0.2566000000000024,43.7172,8.509,175,75
2026-05-11 17:54:55.933,3,-0.07,1.23,0.5,-47.9734,28.1072,-47.901,175,75
2026-05-11 17:54:56.014,3,-0.5,1.38,0.12,-95.77340000000001,-65.3628,-43.751,175,75
2026-05-11 17:54:56.039,3,-0.46,0.93,-0.14,-72.7234,42.1972,-44.541000000000004,175,75
2026-05-11 17:54:56.051,3,-0.67,0.81,-0.16,-57.6634,165.5472,-56.921,175,75
2026-05-11 17:54:56.051,3,-0.76,0.88,0.15,-37.9734,255.2472,-79.661,175,75
2026-05-11 17:54:56.062,3,-0.65,0.81,0.76,-22.973399999999998,305.1272,-102.711,175,75
2026-05-11 17:54:56.062,3,-0.31,0.38,1.37,-63.2734,245.7372,-122.531,175,75
2026-05-11 17:54:56.128,3,4.75,-15.85,7.07,512.5766,224.2672,-87.961,175,75
2026-05-11 17:54:56.166,3,2.35,-0.96,-2.56,-733.9434,-194.1428,-305.401,175,75
2026-05-11 17:54:56.190,3,-0.09,-2.98,-1.36,-22.973399999999998,77.56719999999999,-7.531000000000001,175,75
2026-05-11 17:54:56.243,3,-1.79,0.11,1.62,195.5666,-28.0428,121.24900000000001,175,75
2026-05-11 17:54:56.249,3,-0.88,-2.62,0.8,131.9066,-54.1428,117.899,175,75
2026-05-11 17:54:56.252,3,-1.4,-1.91,0.49,127.8266,-70.9128,109.969,175,75
2026-05-11 17:54:56.264,3,-1.09,-1.55,0.18,222.82659999999998,-0.7927999999999997,95.029,175,75
2026-05-11 17:54:56.276,3,-0.45,-1.41,0.27,223.0666,23.477199999999996,90.209,175,75
2026-05-11 17:54:56.311,3,-0.15,-1.1,0.31,195.01659999999998,10.487200000000001,103.869,175,75
2026-05-11 17:54:56.330,3,-0.1,-0.73,0.04,172.0266,49.0872,100.699,175,75
2026-05-11 17:54:56.346,3,0.38,-0.39,0.3,139.4666,21.647199999999998,82.589,175,75
2026-05-11 17:54:56.359,3,0.4,-0.23,0.24,108.00659999999999,-13.5928,72.649,175,75
2026-05-11 17:54:56.359,3,0.2,0.36,-0.11,16.5466,-27.192800000000002,40.949,175,75
2026-05-11 17:54:56.391,3,0.18,0.72,-0.21,-24.493399999999994,-31.3428,18.198999999999998,175,75
2026-05-11 17:54:56.432,3,0.22,1.42,-0.69,-111.63340000000001,-52.0128,-34.181,175,75
2026-05-11 17:54:56.444,3,0.21,1.45,-0.59,-95.9534,1.5272000000000006,-34.661,175,75
2026-05-11 17:54:56.444,3,0.32,1.11,-0.34,-97.8434,22.1372,-40.701,175,75
2026-05-11 17:54:56.458,3,0.3,0.88,-0.11,-107.5434,19.267200000000003,-56.681,175,75
2026-05-11 17:54:56.483,3,-0.07,0.4,0.11,-146.2634,36.407199999999996,-109.971,175,75
2026-05-11 17:54:56.483,3,-0.22,0.1,0.35,-169.3134,27.377200000000002,-157.83100000000002,175,75
2026-05-11 17:54:56.495,3,-0.29,-0.08,0.55,-182.17340000000002,4.087199999999999,-177.291,175,75
2026-05-11 17:54:56.514,3,-0.74,-0.41,0.85,-197.7234,-19.0828,-160.94099999999997,175,75
2026-05-11 17:54:56.514,3,-1.0,-0.79,0.84,-202.17340000000002,-21.2128,-135.70100000000002,175,75
2026-05-11 17:54:56.523,3,-1.12,-1.35,0.85,-192.9734,-20.3628,-119.661,175,75
2026-05-11 17:54:56.535,3,-1.77,-2.06,0.56,-199.0034,70.7372,-105.091,175,75
2026-05-11 17:54:56.547,3,-1.69,-1.87,0.5,-145.7134,153.7172,-116.861,175,75
2026-05-11 17:54:56.547,3,-1.49,-1.31,0.66,-55.593399999999995,227.9872,-179.601,175,75
2026-05-11 17:54:56.568,3,-0.66,0.18,1.84,-23.703399999999995,231.28719999999998,-128.93099999999998,175,75
2026-05-11 17:54:56.568,3,-1.05,0.23,1.95,15.136600000000001,128.2972,-40.271,175,75
2026-05-11 17:54:56.590,3,-5.21,1.43,3.2,182.2766,138.1072,292.349,175,75
2026-05-11 17:54:56.614,3,4.0,-7.49,-0.68,-167.8434,-319.8728,-131.74099999999999,175,75
2026-05-11 17:54:56.625,3,-1.44,-1.71,-3.41,-373.09340000000003,-563.0427999999999,78.199,175,75
2026-05-11 17:54:56.644,3,-1.09,-0.36,-2.75,103.7966,619.5172,46.739,175,75
2026-05-11 17:54:56.654,3,1.59,-2.7,0.01,320.5666,507.7472,1.3689999999999998,175,75
2026-05-11 17:54:56.665,3,-0.01,-2.41,2.52,304.0466,205.6772,77.589,175,75
2026-05-11 17:54:56.677,3,-0.29,-2.69,3.13,213.7366,177.13719999999998,62.709,175,75
2026-05-11 17:54:56.687,3,-0.13,-2.08,3.43,-35.10339999999999,37.9272,14.119,175,75
2026-05-11 17:54:56.705,3,-0.2,-1.33,1.76,-129.4334,-294.8128,46.619,175,75
2026-05-11 17:54:56.713,3,-1.24,-1.28,0.64,-137.42340000000002,-310.5428,33.199,175,75
2026-05-11 17:54:56.749,3,-0.3,-1.56,-0.24,-13.3334,24.937199999999997,-122.221,175,75
2026-05-11 17:54:56.763,3,0.6,-1.05,0.45,-72.7834,-20.9128,-107.161,175,75
2026-05-11 17:54:56.774,3,0.65,-0.93,0.13,-113.6434,-184.8728,-66.62100000000001,175,75
2026-05-11 17:54:56.785,3,0.09,-1.02,-0.72,-117.17340000000002,-262.4328,-50.641,175,75
2026-05-11 17:54:56.806,3,-0.51,-0.3,-0.86,68.6166,-28.0428,3.199,175,75
2026-05-11 17:54:56.826,3,-0.68,-0.72,-0.07,164.7166,-14.4528,83.869,175,75
2026-05-11 17:54:56.861,3,-1.67,-2.37,1.35,273.7366,-18.8428,199.05900000000003,175,75
2026-05-11 17:54:56.879,3,-0.72,-2.37,0.61,141.0566,-42.4328,117.469,175,75
2026-05-11 17:54:56.920,3,0.0,-0.29,-0.25,199.2266,-57.1328,171.30900000000003,175,75
2026-05-11 17:54:56.920,3,0.1,-0.37,-0.09,165.3866,-42.312799999999996,139.599,175,75
2026-05-11 17:54:57.013,3,0.15,1.0,-0.06,-4.373399999999998,-24.1428,3.8689999999999998,175,75
2026-05-11 17:54:57.025,3,0.2,1.2,0.05,-30.593399999999995,-19.692800000000002,-20.091,175,75
2026-05-11 17:54:57.048,3,0.29,1.38,0.03,-46.813399999999994,-42.5028,-19.601,175,75
2026-05-11 17:54:57.063,3,-0.1,1.33,-0.01,-59.61339999999999,10.547199999999997,-41.741,175,75
2026-05-11 17:54:57.069,3,0.13,1.17,0.13,-76.7534,46.157199999999996,-59.241,175,75
2026-05-11 17:54:57.080,3,0.23,0.94,0.29,-92.05340000000001,42.1372,-67.411,175,75
2026-05-11 17:54:57.123,3,-0.21,0.12,0.34,-130.8934,47.4372,-94.361,175,75
2026-05-11 17:54:57.123,3,-0.37,-0.5,0.31,-209.4334,67.43719999999999,-131.981,175,75
2026-05-11 17:54:57.142,3,-0.17,-1.06,0.15,-261.9334,61.647200000000005,-164.18099999999998,175,75
2026-05-11 17:54:57.145,3,-5.84,1.43,2.84,-146.5634,140.2472,84.29899999999999,175,75
2026-05-11 17:54:57.168,3,0.73,-14.33,6.92,515.0166,1057.7472,820.519,175,75
2026-05-11 17:54:57.168,3,-5.33,-6.15,4.95,-147.3634,-1045.8528000000001,-335.271,175,75
2026-05-11 17:54:57.178,3,-2.71,-1.28,0.75,-637.1733999999999,-220.8528,-1147.291,175,75
2026-05-11 17:54:57.208,3,5.55,2.97,-2.73,-431.4434,66.03720000000001,-282.531,175,75
2026-05-11 17:54:57.208,3,1.33,0.41,-0.9,-184.8034,-150.3628,265.459,175,75
2026-05-11 17:54:57.219,3,0.05,-2.72,-1.05,-29.743399999999994,-146.7028,155.639,175,75
2026-05-11 17:54:57.231,3,-2.64,-2.71,-1.4,-115.4734,-124.3228,-20.641,175,75
2026-05-11 17:54:57.251,3,-0.11,-0.59,0.04,108.9166,331.28720000000004,-234.601,175,75
2026-05-11 17:54:57.291,3,-0.61,0.19,1.78,147.7566,-69.3228,149.05900000000003,175,75
2026-05-11 17:54:57.305,3,-1.42,-2.25,0.72,163.3066,-69.08279999999999,135.699,175,75
2026-05-11 17:54:57.305,3,-1.19,-2.22,0.34,98.4366,-49.3928,77.289,175,75
2026-05-11 17:54:57.348,3,0.15,-0.37,-0.05,189.1666,42.8072,61.069,175,75
2026-05-11 17:54:57.431,3,-0.01,-0.49,0.27,99.28659999999999,-44.022800000000004,102.289,175,75
2026-05-11 17:54:57.443,3,0.02,-0.37,0.17,80.19659999999999,-59.3928,87.039,175,75
2026-05-11 17:54:57.461,3,-0.04,0.41,0.04,-8.273399999999997,-57.1928,40.699,175,75
2026-05-11 17:54:57.506,3,-0.43,1.01,-0.19,-90.0434,-113.0428,-11.431000000000001,175,75
2026-05-11 17:54:57.529,3,-0.32,0.82,-0.39,-136.3834,-62.4928,-32.831,175,75
2026-05-11 17:54:57.579,3,-0.6,-0.45,0.39,-149.0034,117.56719999999999,-131.311,175,75
2026-05-11 17:54:57.579,3,-0.62,-0.65,0.41,-141.5034,140.7372,-150.58100000000002,175,75
2026-05-11 17:54:57.612,3,-0.82,-1.32,0.25,-82.3634,160.3672,-141.13100000000003,175,75
2026-05-11 17:54:57.622,3,-0.99,-1.18,0.23,-58.64339999999999,200.00719999999998,-130.761,175,75
2026-05-11 17:54:57.633,3,-0.94,-0.75,0.33,-46.3234,223.2372,-148.20100000000002,175,75
2026-05-11 17:54:57.653,3,-0.48,-0.08,0.52,-45.593399999999995,219.3272,-166.07100000000003,175,75
2026-05-11 17:54:57.671,3,0.23,0.59,0.98,-39.6134,67.1372,-65.64099999999999,175,75
2026-05-11 17:54:57.685,3,-4.96,1.86,2.5,162.7566,74.75720000000001,333.25899999999996,175,75
2026-05-11 17:54:57.685,3,-1.71,-1.52,2.25,286.96659999999997,233.96720000000002,120.14899999999999,175,75
2026-05-11 17:54:57.696,3,2.08,-6.08,1.23,85.6866,-25.3028,-239.481,175,75
2026-05-11 17:54:57.708,3,3.15,-1.78,-1.18,-235.5934,-385.5428,35.819,175,75
2026-05-11 17:54:57.719,3,-1.0,-1.14,-1.73,-187.0534,-430.7328,169.72899999999998,175,75
2026-05-11 17:54:57.730,3,-2.65,-1.38,-2.05,-45.8934,99.5772,128.019,175,75
2026-05-11 17:54:57.730,3,-1.13,-1.6,-1.8,67.6366,263.10720000000003,14.729,175,75
2026-05-11 17:54:57.746,3,0.95,-1.77,1.44,163.4966,239.32719999999998,27.229,175,75
2026-05-11 17:54:57.766,3,-1.12,-1.1,1.52,-101.5034,-114.02279999999999,-25.091,175,75
2026-05-11 17:54:57.777,3,-0.54,-1.05,0.56,-127.30340000000001,-151.3428,-41.431,175,75
2026-05-11 17:54:57.794,3,-1.28,-1.85,-0.12,-66.6934,-72.1328,-30.031000000000002,175,75
2026-05-11 17:54:57.835,3,-0.64,-1.81,0.36,-50.343399999999995,20.6072,-159.18099999999998,175,75
2026-05-11 17:54:57.835,3,0.15,-1.69,0.56,-89.9234,-21.9528,-146.62099999999998,175,75
2026-05-11 17:54:57.835,3,0.45,-1.73,0.41,-105.3434,-87.8628,-96.981,175,75
2026-05-11 17:54:57.882,3,0.15,0.24,-0.36,0.4466000000000019,0.30719999999999814,-61.861000000000004,175,75
2026-05-11 17:54:57.901,3,-0.25,-0.63,0.07,128.91660000000002,22.687199999999997,20.759,175,75
2026-05-11 17:54:57.930,3,-2.09,-0.83,1.15,377.0266,122.8072,140.339,175,75
2026-05-11 17:54:57.944,3,-1.33,-1.99,1.37,372.4566,54.517199999999995,147.16899999999998,175,75
2026-05-11 17:54:57.971,3,-0.23,-1.91,0.69,161.4766,-54.2628,66.369,175,75
2026-05-11 17:54:57.971,3,0.34,-0.78,0.27,149.2266,-118.0428,89.539,175,75
2026-05-11 17:54:58.000,3,-0.14,-0.02,-0.05,170.9366,-245.9728,149.11899999999997,175,75
2026-05-11 17:54:58.023,3,-0.36,-0.34,-0.53,103.1266,-205.9728,105.089,175,75
2026-05-11 17:54:58.032,3,0.04,0.05,-0.69,88.7366,-122.8628,66.189,175,75
2026-05-11 17:54:58.076,3,-0.0,0.25,-0.25,72.0866,-47.1328,70.399,175,75
2026-05-11 17:54:58.083,3,-0.12,0.44,-0.2,37.086600000000004,-21.7628,36.859,175,75
2026-05-11 17:54:58.101,3,-0.15,0.58,-0.07,8.856600000000002,-9.7528,13.018999999999998,175,75
2026-05-11 17:54:58.118,3,-0.1,0.71,0.1,-23.883399999999995,-9.4528,-9.181000000000001,175,75
2026-05-11 17:54:58.118,3,-0.03,0.92,0.26,-61.08339999999999,-17.2528,-22.101,175,75
2026-05-11 17:54:58.154,3,-0.25,1.04,0.13,-104.0634,-21.4028,-29.541,175,75
2026-05-11 17:54:58.163,3,-0.15,0.69,0.11,-115.2234,5.0672,-32.221000000000004,175,75
2026-05-11 17:54:58.173,3,-0.3,0.27,0.26,-127.30340000000001,51.2172,-46.861000000000004,175,75
2026-05-11 17:54:58.194,3,-0.39,0.07,0.44,-132.9734,97.9272,-60.331,175,75
2026-05-11 17:54:58.226,3,-0.19,-0.41,0.26,-206.6934,116.5272,-119.181,175,75
2026-05-11 17:54:58.236,3,-0.55,-0.33,0.24,-208.5834,137.6272,-126.551,175,75
2026-05-11 17:54:58.251,3,-2.95,0.16,1.41,-177.5434,160.00719999999998,-77.591,175,75
2026-05-11 17:54:58.266,3,-10.59,2.66,5.67,236.8466,687.3772,467.529,175,75
2026-05-11 17:54:58.281,3,4.26,-15.85,8.6,567.8266000000001,27.507199999999997,42.589,175,75
2026-05-11 17:54:58.287,3,-4.98,-5.01,4.84,-161.7534,-1086.1528,-383.261,175,75
2026-05-11 17:54:58.296,3,2.6,-2.43,-1.81,-688.5834,-109.5128,-597.651,175,75
2026-05-11 17:54:58.308,3,4.14,1.36,-2.61,-732.4233999999999,-312.1328,-79.661,175,75
2026-05-11 17:54:58.315,3,-0.87,0.99,-2.22,-348.5834,-243.4728,53.449,175,75
2026-05-11 17:54:58.331,3,-1.16,-1.88,-2.9,-111.99340000000001,-24.2028,-4.111000000000001,175,75
2026-05-11 17:54:58.368,3,-0.64,-0.14,0.81,200.07659999999998,290.60720000000003,-113.20100000000001,175,75
2026-05-11 17:54:58.378,3,-0.31,0.4,1.61,171.7266,233.5372,-69.661,175,75
2026-05-11 17:54:58.378,3,-0.74,0.41,2.21,224.2866,121.7672,135.089,175,75
2026-05-11 17:54:58.391,3,-0.85,-1.39,1.65,200.9366,-55.0028,160.579,175,75
2026-05-11 17:54:58.407,3,-0.91,-2.02,0.68,77.75659999999999,-53.1028,125.699,175,75
2026-05-11 17:54:58.420,3,-1.17,-1.28,0.14,109.4666,-8.102800000000002,92.169,175,75
2026-05-11 17:54:58.420,3,-0.66,-0.8,-0.03,176.6666,28.907199999999996,53.449,175,75
2026-05-11 17:54:58.436,3,-0.05,-0.64,0.12,188.4966,59.6372,54.179,175,75
2026-05-11 17:54:58.457,3,0.31,-0.28,0.47,161.2366,-5.732800000000001,129.41899999999998,175,75
2026-05-11 17:54:58.501,3,-0.14,-0.29,0.24,66.5466,-57.6828,93.989,175,75
2026-05-11 17:54:58.509,3,-0.16,-0.16,0.27,52.8866,-52.802800000000005,70.639,175,75
2026-05-11 17:54:58.522,3,-0.01,0.11,0.37,31.546600000000005,-55.062799999999996,53.379,175,75
2026-05-11 17:54:58.551,3,0.04,0.39,0.31,3.436600000000002,-90.6028,62.468999999999994,175,75
2026-05-11 17:54:58.551,3,-0.09,0.46,0.21,-18.583399999999997,-93.2328,60.519000000000005,175,75
2026-05-11 17:54:58.590,3,-0.26,0.33,0.1,-89.9834,-68.53280000000001,5.029,175,75
2026-05-11 17:54:58.611,3,-0.26,0.31,-0.03,-109.4334,-41.8928,-6.431000000000001,175,75
2026-05-11 17:54:58.625,3,-0.33,0.11,-0.06,-122.7234,-1.8228000000000009,-19.971,175,75
2026-05-11 17:54:58.636,3,-0.32,-0.13,-0.02,-131.6934,30.6072,-43.441,175,75
2026-05-11 17:54:58.647,3,-0.31,-0.42,0.07,-141.9934,68.78720000000001,-69.661,175,75
2026-05-11 17:54:58.647,3,-0.38,-0.84,0.2,-142.1134,115.12719999999999,-103.20100000000001,175,75
2026-05-11 17:54:58.658,3,-0.43,-0.98,0.24,-131.2634,125.06719999999999,-120.881,175,75
2026-05-11 17:54:58.691,3,-0.6,-0.86,0.16,-86.3234,193.0472,-132.471,175,75
2026-05-11 17:54:58.701,3,-0.59,-0.67,0.28,-54.3734,219.81719999999999,-132.351,175,75
2026-05-11 17:54:58.746,3,-0.4,-0.07,0.87,0.9966000000000008,163.1072,-109.911,175,75
2026-05-11 17:54:58.787,3,3.03,-2.31,-1.0,-247.0534,-454.20279999999997,17.288999999999998,175,75
2026-05-11 17:54:58.800,3,-0.42,-0.56,-2.19,-212.7834,-577.6827999999999,165.399,175,75
2026-05-11 17:54:58.816,3,-3.24,-1.48,-2.35,-66.4434,24.937199999999997,154.47899999999998,175,75
2026-05-11 17:54:58.816,3,-1.25,-2.3,-1.8,99.4066,402.8672,35.399,175,75
2026-05-11 17:54:58.833,3,1.16,-1.9,2.01,230.5066,194.8772,-25.211000000000002,175,75
2026-05-11 17:54:58.864,3,-1.27,-1.22,1.93,27.756600000000002,-48.8428,94.599,175,75
2026-05-11 17:54:58.910,3,-1.12,-1.68,0.43,-64.1934,19.397199999999998,-99.601,175,75
2026-05-11 17:54:58.918,3,-0.65,-1.62,0.61,-72.1134,8.357199999999999,-144.421,175,75
2026-05-11 17:54:58.964,3,0.06,-2.19,0.03,-125.1034,-104.93280000000001,-103.021,175,75
2026-05-11 17:54:58.975,3,0.26,-2.05,-0.4,-141.3234,-111.58279999999999,-109.601,175,75
2026-05-11 17:54:58.985,3,0.38,-1.18,-0.91,-168.5834,-109.6328,-103.871,175,75
2026-05-11 17:54:58.995,3,0.16,0.02,-0.27,-72.60340000000001,-67.0128,-80.941,175,75
2026-05-11 17:54:59.020,3,-1.08,-0.43,0.59,107.0266,-135.0028,99.179,175,75
2026-05-11 17:54:59.031,3,-1.82,-0.4,1.05,189.7166,-148.7128,164.41899999999998,175,75
2026-05-11 17:54:59.075,3,-1.4,-2.66,0.79,141.9066,-198.1728,197.899,175,75
2026-05-11 17:54:59.111,3,0.24,0.05,-0.32,221.3566,31.2872,144.849,175,75
2026-05-11 17:54:59.133,3,0.16,-0.26,0.09,199.2866,36.6472,101.979,175,75
2026-05-11 17:54:59.144,3,0.5,0.23,0.17,148.3066,-4.6328,54.849,175,75
2026-05-11 17:54:59.198,3,0.37,0.46,0.0,130.9366,-21.2128,65.279,175,75
2026-05-11 17:54:59.210,3,0.14,0.4,-0.16,121.47659999999999,-2.1327999999999996,59.059,175,75
2026-05-11 17:54:59.210,3,0.06,0.37,-0.25,109.0466,34.8772,40.819,175,75
2026-05-11 17:54:59.230,3,0.02,0.5,-0.18,93.1866,60.427200000000006,24.598999999999997,175,75
2026-05-11 17:54:59.256,3,0.05,0.89,0.55,-18.6434,-84.1428,-33.260999999999996,175,75
2026-05-11 17:54:59.258,3,-0.19,1.02,0.25,-42.303399999999996,-121.9528,-30.941000000000003,175,75
2026-05-11 17:54:59.308,3,0.07,0.74,-0.19,-113.27340000000001,54.6372,-82.161,175,75
2026-05-11 17:54:59.329,3,0.08,-0.54,0.24,-189.0634,125.00719999999998,-191.62099999999998,175,75
2026-05-11 17:54:59.345,3,-2.24,0.17,1.29,-179.1934,102.8672,-142.711,175,75
2026-05-11 17:54:59.359,3,-2.31,-12.45,8.6,14.046600000000002,-954.3228,-409.481,175,75
2026-05-11 17:54:59.380,3,-1.07,-2.09,0.81,-458.2734,-215.0628,-856.0709999999999,175,75
2026-05-11 17:54:59.396,3,-2.03,-1.73,-1.81,-330.59340000000003,-275.7928,169.11899999999997,175,75
2026-05-11 17:54:59.463,3,-0.21,0.39,0.18,-34.8634,-99.5128,-8.141,175,75
2026-05-11 17:54:59.463,3,-0.96,-0.51,-0.14,53.5566,-46.2128,24.299,175,75
2026-05-11 17:54:59.485,3,-1.8,-1.03,0.18,168.6766,100.91720000000001,52.528999999999996,175,75
2026-05-11 17:54:59.507,3,-1.85,-1.26,0.83,247.0266,202.9272,87.959,175,75
2026-05-11 17:54:59.514,3,-1.02,-1.6,1.11,219.6566,114.3272,0.6989999999999998,175,75
2026-05-11 17:54:59.529,3,-0.35,-0.71,0.92,111.4166,57.6872,-48.081,175,75
2026-05-11 17:54:59.540,3,0.14,0.31,0.44,119.9566,1.2871999999999986,120.879,175,75
2026-05-11 17:54:59.563,3,0.05,-0.38,0.31,118.2466,-9.0228,50.339,175,75
2026-05-11 17:54:59.578,3,0.3,-0.24,0.41,107.75659999999999,-7.502800000000001,46.559,175,75
2026-05-11 17:54:59.613,3,-0.1,-0.29,0.38,86.2966,-63.7828,53.449,175,75
2026-05-11 17:54:59.631,3,-0.23,-0.42,0.31,74.7766,-37.1328,33.809,175,75
2026-05-11 17:54:59.631,3,-0.25,-0.46,0.36,67.8866,-16.6428,14.538999999999998,175,75
2026-05-11 17:54:59.638,3,-0.28,-0.41,0.48,64.5866,-10.9128,-1.4910000000000005,175,75
2026-05-11 17:54:59.654,3,-0.35,-0.17,0.56,52.6366,-30.7328,-9.361,175,75
2026-05-11 17:54:59.654,3,-0.39,0.04,0.54,34.4666,-42.0728,-16.921,175,75
2026-05-11 17:54:59.680,3,-0.36,0.36,0.43,1.6666000000000007,-31.7028,-35.941,175,75
2026-05-11 17:54:59.731,3,-0.33,0.07,0.3,-39.3734,13.657199999999996,-77.901,175,75
2026-05-11 17:54:59.782,3,-0.26,-0.24,0.3,-52.97339999999999,124.93719999999999,-120.821,175,75
2026-05-11 17:54:59.833,3,-0.69,-0.64,0.27,-41.9334,262.6872,-162.901,175,75
2026-05-11 17:54:59.889,3,-0.95,-0.78,0.15,-23.153399999999998,315.79720000000003,-175.70100000000002,175,75
2026-05-11 17:54:59.900,3,-1.06,-0.74,0.13,4.776600000000002,354.7572,-182.711,175,75
2026-05-11 17:54:59.932,3,-1.12,-0.66,0.47,59.3466,386.46720000000005,-172.411,175,75
2026-05-11 17:54:59.964,3,-2.02,-0.03,1.65,122.75659999999999,388.23720000000003,-9.481000000000002,175,75
2026-05-11 17:54:59.997,3,-0.78,-1.4,-1.36,-103.88340000000001,-167.1328,91.739,175,75
2026-05-11 17:55:00.024,3,-0.31,-1.96,-0.57,135.0166,182.4372,-6.371,175,75
2026-05-11 17:55:00.038,3,0.8,-1.63,2.06,167.2766,217.0172,-2.0410000000000004,175,75
2026-05-11 17:55:00.038,3,0.3,-2.25,2.07,72.8266,78.65719999999999,53.629,175,75
2026-05-11 17:55:00.048,3,-0.45,-3.02,1.65,-28.763399999999997,-72.6828,98.319,175,75
2026-05-11 17:55:00.059,3,-1.1,-1.89,0.72,-52.9134,-129.2028,80.459,175,75
2026-05-11 17:55:00.059,3,-1.39,-1.11,0.45,-6.8134,-55.4828,12.099,175,75
2026-05-11 17:55:00.079,3,-1.34,-1.05,0.33,-0.28339999999999854,-1.6428000000000011,-41.071,175,75
2026-05-11 17:55:00.079,3,-1.14,-1.6,0.32,-35.10339999999999,-17.492800000000003,-51.921,175,75
2026-05-11 17:55:00.104,3,-0.78,-2.27,0.19,-66.2634,-38.4728,-102.651,175,75
2026-05-11 17:55:00.116,3,0.4,-1.97,0.18,-59.00339999999999,-85.6728,-92.961,175,75
2026-05-11 17:55:00.127,3,0.7,-1.45,-0.54,-82.4234,-172.2528,-55.881,175,75
2026-05-11 17:55:00.172,3,0.51,-0.63,-1.09,-22.1134,-90.4228,-25.401,175,75
2026-05-11 17:55:00.183,3,0.36,-0.67,-0.59,35.016600000000004,-47.312799999999996,-8.141,175,75
2026-05-11 17:55:00.214,3,-0.29,-1.02,-0.22,142.3366,-53.0428,47.589,175,75
2026-05-11 17:55:00.226,3,-1.26,-1.0,-0.08,223.9766,23.5372,101.739,175,75
2026-05-11 17:55:00.238,3,-1.59,-1.22,0.1,318.1266,122.37719999999999,138.37900000000002,175,75
2026-05-11 17:55:00.262,3,-0.07,-1.94,0.47,281.1166,177.56719999999999,-0.7010000000000005,175,75
2026-05-11 17:55:00.278,3,0.77,0.02,-0.23,245.07659999999998,63.3572,123.509,175,75
2026-05-11 17:55:00.294,3,-0.0,-0.03,0.35,246.0566,53.4172,128.019,175,75
2026-05-11 17:55:00.294,3,0.16,-0.23,-0.12,207.9466,-15.6728,109.119,175,75
2026-05-11 17:55:00.306,3,0.12,-0.44,-1.2,173.79659999999998,-71.4028,-48.021,175,75
2026-05-11 17:55:00.318,3,0.3,-0.31,-1.17,171.7866,34.5172,-40.761,175,75
2026-05-11 17:55:00.327,3,0.32,-0.4,-0.76,155.5066,82.0772,-49.241,175,75
2026-05-11 17:55:00.339,3,0.2,-0.54,-0.51,127.33659999999999,34.2072,-88.871,175,75
2026-05-11 17:55:00.350,3,-0.02,-0.15,-0.42,21.6066,38.5972,-147.531,175,75
2026-05-11 17:55:00.362,3,-0.01,-0.07,-0.35,-21.563399999999994,12.9272,-183.32100000000003,175,75
2026-05-11 17:55:00.362,3,-0.1,0.03,-0.23,-73.7634,-5.912800000000001,-212.351,175,75
2026-05-11 17:55:00.377,3,-0.0,0.05,-0.06,-146.9934,-58.7128,-245.64100000000002,175,75
2026-05-11 17:55:00.389,3,-0.26,0.13,-0.1,-170.2234,-65.7328,-245.091,175,75
2026-05-11 17:55:00.400,3,-0.61,0.34,-0.26,-201.6934,-22.3728,-233.93099999999998,175,75
2026-05-11 17:55:00.404,3,-0.6,0.22,-0.23,-221.0834,24.397199999999998,-236.43099999999998,175,75
2026-05-11 17:55:00.415,3,-0.73,0.03,0.11,-233.1534,52.8072,-231.31099999999998,175,75
2026-05-11 17:55:00.428,3,-1.13,0.09,0.55,-237.7834,80.7972,-221.19099999999997,175,75
2026-05-11 17:55:00.454,3,-1.59,-0.38,1.19,-194.0634,132.9872,-144.24099999999999,175,75
2026-05-11 17:55:00.478,3,-2.25,-1.12,1.45,-154.98340000000002,164.69719999999998,-90.641,175,75
2026-05-11 17:55:00.492,3,-3.04,-0.09,1.94,-90.10340000000001,230.4872,-129.051,175,75
2026-05-11 17:55:00.514,3,-2.27,0.46,2.77,-92.1734,201.6472,-127.591,175,75
2026-05-11 17:55:00.523,3,-4.29,1.49,3.0,-94.8634,56.767199999999995,101.069,175,75
2026-05-11 17:55:00.575,3,3.94,-2.71,-0.24,-497.7234,-575.7927999999999,107.529,175,75
2026-05-11 17:55:00.585,3,-1.17,-1.22,-1.44,-449.6134,-351.70279999999997,89.909,175,75
2026-05-11 17:55:00.595,3,1.56,-2.87,-3.01,143.1866,92.19720000000001,-93.261,175,75
2026-05-11 17:55:00.609,3,0.63,-1.94,-0.87,200.32659999999998,257.6272,68.139,175,75
2026-05-11 17:55:00.633,3,0.65,-1.72,1.01,175.2566,49.3272,-10.151,175,75
2026-05-11 17:55:00.671,3,1.29,-1.39,0.36,117.1566,-120.6728,63.869,175,75
2026-05-11 17:55:00.695,3,0.06,-1.5,-0.83,145.8666,-172.0128,88.259,175,75
2026-05-11 17:55:00.718,3,0.11,-0.99,-0.03,300.4466,212.3772,38.689,175,75
2026-05-11 17:55:00.718,3,1.1,-1.53,0.91,294.3466,105.06719999999999,50.028999999999996,175,75
2026-05-11 17:55:00.730,3,0.84,-1.76,0.74,171.1766,-61.8928,54.419,175,75
2026-05-11 17:55:00.740,3,0.19,-1.64,-0.21,85.5666,-93.78280000000001,36.799,175,75
2026-05-11 17:55:00.776,3,-0.17,-1.4,-0.56,73.0066,-19.4528,-9.051,175,75
2026-05-11 17:55:00.807,3,0.1,-0.58,-0.15,39.3466,37.5672,-43.381,175,75
2026-05-11 17:55:00.807,3,-0.11,-0.28,-0.01,-0.593399999999999,6.767199999999999,-43.321,175,75
2026-05-11 17:55:00.820,3,-0.25,-0.17,0.0,-33.703399999999995,-15.1828,-57.411,175,75
2026-05-11 17:55:00.841,3,-0.3,-0.14,-0.0,-60.28339999999999,-30.672800000000002,-63.631,175,75
2026-05-11 17:55:00.841,3,-0.35,-0.11,0.0,-88.6434,-31.2828,-68.511,175,75
2026-05-11 17:55:00.872,3,-0.51,0.12,0.09,-134.5534,-17.2528,-86.801,175,75
2026-05-11 17:55:00.872,3,-0.51,0.29,0.15,-152.7234,-9.632800000000001,-102.161,175,75
2026-05-11 17:55:00.895,3,-0.46,0.79,0.35,-188.5834,22.197200000000002,-124.911,175,75
2026-05-11 17:55:00.922,3,-0.62,0.64,0.45,-189.3734,37.1972,-117.651,175,75
2026-05-11 17:55:00.922,3,-0.94,0.36,0.61,-181.6934,67.43719999999999,-121.131,175,75
2026-05-11 17:55:00.934,3,-1.29,0.26,0.82,-166.9934,74.0272,-132.651,175,75
2026-05-11 17:55:00.944,3,-1.76,0.35,0.96,-146.4434,85.4872,-143.87099999999998,175,75
2026-05-11 17:55:00.985,3,-1.5,-0.23,1.23,-35.413399999999996,310.6772,-117.961,175,75
2026-05-11 17:55:00.996,3,-1.44,-0.32,1.31,-5.4734,296.09720000000004,-114.301,175,75
2026-05-11 17:55:01.006,3,-1.63,0.3,1.04,15.686600000000002,241.15720000000002,-64.241,175,75
2026-05-11 17:55:01.058,3,-3.12,0.63,1.04,51.7866,228.5972,109.059,175,75
2026-05-11 17:55:01.058,3,-5.6,2.09,2.75,223.4966,331.15720000000005,363.199,175,75
2026-05-11 17:55:01.121,3,4.63,-2.5,0.04,-288.7634,-496.70279999999997,155.699,175,75
2026-05-11 17:55:01.298,3,-0.09,-2.49,-1.18,211.1166,280.60720000000003,-17.161,175,75
2026-05-11 17:55:01.309,3,-0.33,-0.77,1.53,-46.1434,-62.1928,46.859,175,75
2026-05-11 17:55:01.322,3,-1.77,-1.63,0.39,-60.7134,-59.5128,22.038999999999998,175,75
2026-05-11 17:55:01.343,3,-1.54,-0.9,0.78,402.8866,176.4072,167.779,175,75
2026-05-11 17:55:01.345,3,-0.07,-1.9,1.0,394.7766,155.3072,129.849,175,75
2026-05-11 17:55:01.359,3,0.81,-2.27,0.94,257.08660000000003,-45.3628,80.279,175,75
2026-05-11 17:55:01.396,3,0.91,-1.21,-0.15,146.6666,-190.9128,109.359,175,75
2026-05-11 17:55:01.396,3,0.32,-0.59,-0.94,158.0066,-227.68280000000001,118.509,175,75
2026-05-11 17:55:01.422,3,-0.22,-0.93,-1.23,176.3566,-121.7028,74.969,175,75
2026-05-11 17:55:01.432,3,-0.2,-1.06,-1.15,168.3066,-50.1828,57.528999999999996,175,75
2026-05-11 17:55:01.451,3,-0.15,-1.06,-1.0,156.9066,2.0771999999999977,34.179,175,75
2026-05-11 17:55:01.464,3,-0.17,-0.79,-0.42,122.5166,77.31719999999999,3.1389999999999993,175,75
2026-05-11 17:55:01.486,3,-0.26,-0.64,-0.1,86.0566,57.8072,-22.411,175,75
2026-05-11 17:55:01.498,3,-0.6,-0.38,-0.05,-20.283399999999993,-5.002800000000001,-90.521,175,75
2026-05-11 17:55:01.509,3,-0.82,-0.24,-0.2,-75.0434,8.537199999999999,-128.571,175,75
2026-05-11 17:55:01.519,3,-0.91,-0.11,-0.24,-111.7534,34.0872,-157.351,175,75
2026-05-11 17:55:01.519,3,-1.06,0.1,-0.21,-151.1434,59.9372,-196.49099999999999,175,75
2026-05-11 17:55:01.527,3,-1.16,0.22,-0.16,-178.70340000000002,95.8572,-228.26100000000002,175,75
2026-05-11 17:55:01.553,3,-1.04,0.13,-0.06,-198.5234,131.5872,-234.301,175,75
2026-05-11 17:55:01.660,3,-0.92,-0.21,0.48,-251.6934,147.19719999999998,-236.62099999999998,175,75
2026-05-11 17:55:01.673,3,-0.55,-0.11,0.8,-311.8134,136.6472,-278.81100000000004,175,75
2026-05-11 17:55:01.685,3,-0.77,-0.06,0.88,-321.5034,137.25719999999998,-277.411,175,75
2026-05-11 17:55:01.695,3,-1.38,0.02,0.95,-307.4234,144.3272,-270.401,175,75
2026-05-11 17:55:01.732,3,-2.07,0.0,1.04,-278.2734,172.0172,-263.871,175,75
2026-05-11 17:55:01.758,3,8.78,-3.51,0.7,-244.92340000000002,-521.7028,14.239,175,75
2026-05-11 17:55:01.776,3,-3.73,-0.96,-2.61,-488.9434,-143.5928,146.24900000000002,175,75
2026-05-11 17:55:01.786,3,-1.11,-1.68,-3.93,-101.9334,240.8572,-135.33100000000002,175,75
2026-05-11 17:55:01.815,3,1.02,-2.06,-2.01,419.8366,194.3972,-103.631,175,75
2026-05-11 17:55:01.815,3,0.86,-0.94,0.34,289.0466,243.7872,143.68900000000002,175,75
2026-05-11 17:55:01.825,3,0.32,-1.54,0.85,306.2366,77.49719999999999,109.969,175,75
2026-05-11 17:55:01.825,3,0.45,-2.41,0.87,283.8566,-42.802800000000005,70.339,175,75
2026-05-11 17:55:01.836,3,0.79,-2.58,0.13,186.0566,-158.4728,62.649,175,75
2026-05-11 17:55:01.849,3,-0.23,-1.95,-1.3,207.4566,-96.8928,70.209,175,75
2026-05-11 17:55:01.862,3,-0.42,-1.58,-1.35,262.02660000000003,33.2372,53.509,175,75
2026-05-11 17:55:01.862,3,-0.46,-1.14,0.5,308.3066,189.5172,39.669,175,75
2026-05-11 17:55:01.870,3,-0.26,-1.52,1.06,263.6766,150.1872,41.739,175,75
2026-05-11 17:55:01.881,3,-0.11,-1.75,0.52,27.4566,-101.52279999999999,15.088999999999999,175,75
2026-05-11 17:55:01.881,3,-0.36,-1.12,-0.29,-43.1534,-125.4828,-10.941,175,75
2026-05-11 17:55:01.892,3,-0.46,-0.43,-0.86,-45.413399999999996,-80.06280000000001,-40.461,175,75
2026-05-11 17:55:01.903,3,-0.07,0.11,-0.72,-51.383399999999995,51.157199999999996,-68.511,175,75
2026-05-11 17:55:01.918,3,-0.08,0.01,-0.3,-89.0634,87.56719999999999,-59.971000000000004,175,75
2026-05-11 17:55:01.930,3,-0.27,-0.11,-0.04,-123.70340000000002,83.78720000000001,-71.311,175,75
2026-05-11 17:55:01.944,3,-0.39,-0.12,0.07,-154.98340000000002,71.15719999999999,-97.531,175,75
2026-05-11 17:55:01.955,3,-0.34,0.07,0.01,-202.6634,65.24719999999999,-129.851,175,75
2026-05-11 17:55:01.975,3,-0.27,0.37,-0.01,-245.47340000000003,118.90719999999999,-143.93099999999998,175,75
2026-05-11 17:55:01.985,3,-0.46,-0.04,0.16,-252.3034,168.9672,-164.361,175,75
2026-05-11 17:55:01.998,3,-0.69,-0.31,0.26,-245.47340000000003,197.6272,-180.461,175,75
2026-05-11 17:55:01.998,3,-1.01,-0.52,0.35,-225.4134,224.75719999999998,-190.88100000000003,175,75
2026-05-11 17:55:02.021,3,-1.3,-0.68,0.59,-188.5834,268.04720000000003,-200.211,175,75
2026-05-11 17:55:02.026,3,-1.42,-0.79,0.89,-145.2234,316.34720000000004,-201.31099999999998,175,75
2026-05-11 17:55:02.038,3,-1.55,-0.82,1.28,-97.1734,330.3672,-182.901,175,75
2026-05-11 17:55:02.038,3,-1.7,-0.77,1.55,-51.383399999999995,301.7672,-162.77100000000002,175,75
2026-05-11 17:55:02.051,3,-0.75,-1.59,0.27,-51.203399999999995,266.8972,-199.481,175,75
2026-05-11 17:55:02.066,3,-2.15,-0.33,1.99,-22.603399999999993,252.3772,-139.971,175,75
2026-05-11 17:55:02.086,3,-1.04,1.12,1.66,-10.343399999999997,152.56719999999999,-41.071,175,75
2026-05-11 17:55:02.134,3,-2.78,1.47,1.93,43.6166,126.46719999999999,145.339,175,75
2026-05-11 17:55:02.134,3,-4.87,2.35,3.09,214.1066,227.0772,341.679,175,75
2026-05-11 17:55:02.145,3,-3.23,-0.47,3.9,494.71659999999997,357.0172,316.61899999999997,175,75
2026-05-11 17:55:02.181,3,2.97,-6.2,2.03,255.1366,-136.6428,-16.371000000000002,175,75
2026-05-11 17:55:02.202,3,3.39,-4.12,-1.75,-360.34340000000003,-758.6528,266.979,175,75
2026-05-11 17:55:02.231,3,-1.63,-2.59,-3.71,175.6266,443.47720000000004,29.119,175,75
2026-05-11 17:55:02.243,3,-0.09,-2.1,-0.54,554.8966,442.6272,-123.571,175,75
2026-05-11 17:55:02.283,3,1.03,-1.11,2.69,613.9766000000001,492.07720000000006,-49.421,175,75
2026-05-11 17:55:02.295,3,0.22,0.87,3.83,281.0566,313.78720000000004,226.67899999999997,175,75
2026-05-11 17:55:02.307,3,-0.92,-1.25,2.68,-89.8634,-219.5128,104.789,175,75
2026-05-11 17:55:02.344,3,-1.91,-1.12,-0.43,-54.1334,-163.0428,63.259,175,75
2026-05-11 17:55:02.352,3,-2.0,-1.51,-0.63,-6.933399999999997,-29.1428,-11.131,175,75
2026-05-11 17:55:02.398,3,0.77,-2.68,1.05,-70.5934,-124.6928,-50.701,175,75
2026-05-11 17:55:02.410,3,1.29,-2.32,0.09,-93.3934,-260.6728,-36.801,175,75
2026-05-11 17:55:02.421,3,0.97,-1.53,-1.19,-120.89340000000001,-293.53279999999995,-12.161000000000001,175,75
2026-05-11 17:55:02.426,3,0.04,-0.5,-1.47,29.046600000000005,-38.9628,-22.771,175,75
2026-05-11 17:55:02.447,3,-0.08,-0.62,-0.95,126.6066,61.157199999999996,-6.431000000000001,175,75
2026-05-11 17:55:02.459,3,-0.98,-0.81,0.02,258.0666,49.267199999999995,63.809,175,75
2026-05-11 17:55:02.480,3,0.82,-1.66,0.86,275.7466,40.3072,64.179,175,75
2026-05-11 17:55:02.485,3,0.82,-0.95,0.35,185.7466,-132.2528,103.449,175,75
2026-05-11 17:55:02.504,3,0.29,-0.63,-0.28,150.1366,-212.68280000000001,119.119,175,75
2026-05-11 17:55:02.528,3,0.07,-0.74,-0.7,133.85660000000001,-225.5428,94.479,175,75
2026-05-11 17:55:02.539,3,-0.16,-0.88,-1.09,123.2466,-201.1528,66.859,175,75
2026-05-11 17:55:02.551,3,-0.25,-0.99,-1.23,130.13660000000002,-74.6928,20.149,175,75
2026-05-11 17:55:02.562,3,-0.17,-0.87,-0.91,134.3466,7.1372,1.859,175,75
2026-05-11 17:55:02.573,3,-0.2,-0.81,-0.63,126.6666,40.7972,-7.961000000000001,175,75
2026-05-11 17:55:02.583,3,-0.36,-0.7,-0.33,112.4566,61.407199999999996,-24.911,175,75
2026-05-11 17:55:02.595,3,-0.62,-0.62,-0.11,86.6066,57.4372,-50.211,175,75
2026-05-11 17:55:02.605,3,-0.83,-0.67,-0.02,57.21660000000001,47.627199999999995,-79.661,175,75
2026-05-11 17:55:02.605,3,-1.09,-0.71,-0.09,16.9666,43.787200000000006,-119.721,175,75
2026-05-11 17:55:02.623,3,-1.43,-0.49,-0.32,-40.53339999999999,70.4272,-170.211,175,75
2026-05-11 17:55:02.623,3,-1.59,-0.24,-0.49,-76.63340000000001,103.1072,-205.27100000000002,175,75
2026-05-11 17:55:02.637,3,-1.83,0.19,-0.55,-109.74340000000001,180.1872,-248.69099999999997,175,75
2026-05-11 17:55:02.648,3,-1.6,0.33,-0.23,-121.20340000000002,250.9772,-270.331,175,75
2026-05-11 17:55:02.658,3,-1.25,0.19,0.22,-139.8634,262.5672,-275.821,175,75
2026-05-11 17:55:02.670,3,-0.86,-0.11,0.69,-177.5434,204.0872,-282.411,175,75
2026-05-11 17:55:02.681,3,-0.8,-0.32,0.93,-224.92340000000002,96.34719999999999,-291.62100000000004,175,75
2026-05-11 17:55:02.695,3,-1.9,0.12,0.26,-340.34340000000003,131.0972,-289.051,175,75
2026-05-11 17:55:02.708,3,-1.69,0.09,-0.07,-356.9934,172.9872,-290.211,175,75
2026-05-11 17:55:02.722,3,-6.26,0.84,3.44,-7.243399999999999,644.2072000000001,-15.761000000000001,175,75
2026-05-11 17:55:02.734,3,-8.56,1.49,7.95,639.4066,1151.8272,291.859,175,75
2026-05-11 17:55:02.734,3,-9.06,2.63,9.91,1146.2966000000001,-7.1328,493.019,175,75
2026-05-11 17:55:02.745,3,-8.36,1.52,12.58,1044.1666,-697.8628,-317.291,175,75
2026-05-11 17:55:02.756,3,13.86,-2.9,-2.21,-177.7834,232.6272,-841.251,175,75
2026-05-11 17:55:02.756,3,2.18,2.5,1.29,-941.9934,-905.3027999999999,656.369,175,75
2026-05-11 17:55:02.793,3,-1.32,-2.2,-0.68,-539.9233999999999,12.9272,-6.371,175,75
2026-05-11 17:55:02.805,3,-0.61,-3.88,-2.55,9.716600000000001,-344.20279999999997,-192.041,175,75
2026-05-11 17:55:02.805,3,-1.32,-2.64,-2.83,92.39659999999999,23.3572,-224.24099999999999,175,75
2026-05-11 17:55:02.840,3,0.87,-1.68,1.46,283.6766,34.9372,119.789,175,75
2026-05-11 17:55:02.859,3,0.12,-2.77,1.18,150.2566,-118.84280000000001,92.469,175,75
2026-05-11 17:55:02.874,3,0.28,-1.71,-0.74,140.0166,-81.58279999999999,29.969,175,75
2026-05-11 17:55:02.896,3,0.13,-1.32,-0.98,212.51659999999998,0.9172000000000011,36.429,175,75
2026-05-11 17:55:02.909,3,-0.15,-1.18,-0.77,249.8366,110.06719999999999,43.319,175,75
2026-05-11 17:55:02.909,3,-0.26,-1.04,-0.22,282.8866,195.7972,36.009,175,75
2026-05-11 17:55:02.920,3,-0.46,-0.74,0.01,262.39660000000003,172.19719999999998,12.709,175,75
2026-05-11 17:55:02.935,3,-0.39,-1.31,1.9,301.7866,111.8272,63.629000000000005,175,75
2026-05-11 17:55:02.961,3,-0.16,-1.79,1.14,128.7366,-84.08279999999999,46.919,175,75
2026-05-11 17:55:02.961,3,-0.42,-1.51,0.28,43.0666,-78.53280000000001,31.488999999999997,175,75
2026-05-11 17:55:02.976,3,-0.44,-0.99,-0.35,28.736600000000003,-52.6228,-0.15100000000000158,175,75
2026-05-11 17:55:02.993,3,-0.42,-0.6,-0.53,27.276600000000002,-39.6328,-36.801,175,75
2026-05-11 17:55:03.003,3,-0.42,-0.3,-0.46,5.866600000000002,-5.1828,-61.981,175,75
2026-05-11 17:55:03.013,3,-0.42,-0.16,-0.14,-60.89339999999999,24.757199999999997,-76.371,175,75
2026-05-11 17:55:03.029,3,-0.52,-0.19,0.11,-102.1134,19.517200000000003,-95.331,175,75
2026-05-11 17:55:03.046,3,-0.61,-0.14,0.18,-144.8034,7.377199999999998,-114.721,175,75
2026-05-11 17:55:03.067,3,-0.51,-0.03,0.1,-224.8034,6.4072,-148.20100000000002,175,75
2026-05-11 17:55:03.080,3,-0.48,-0.05,0.07,-249.4334,16.2172,-153.44099999999997,175,75
2026-05-11 17:55:03.093,3,-0.52,-0.12,0.04,-266.5034,38.8472,-154.721,175,75
2026-05-11 17:55:03.116,3,-0.7,-0.53,0.03,-283.8834,108.1072,-161.01100000000002,175,75
2026-05-11 17:55:03.123,3,-0.98,-0.83,0.12,-279.4334,137.25719999999998,-172.411,175,75
2026-05-11 17:55:03.147,3,-1.44,-1.19,0.29,-218.45340000000002,266.09720000000004,-168.44099999999997,175,75
2026-05-11 17:55:03.159,3,-1.36,-1.17,0.75,-159.6134,326.21720000000005,-169.851,175,75
2026-05-11 17:55:03.174,3,-1.2,-1.03,1.28,-104.13340000000001,322.6872,-182.101,175,75
2026-05-11 17:55:03.186,3,-0.97,-0.91,1.71,-83.52340000000001,262.3772,-203.20100000000002,175,75
2026-05-11 17:55:03.198,3,-0.89,-0.49,1.82,-111.38340000000001,184.0872,-193.87099999999998,175,75
2026-05-11 17:55:03.210,3,-1.15,0.45,1.33,-133.5834,136.6472,-115.70100000000001,175,75
2026-05-11 17:55:03.233,3,-1.03,0.77,0.95,-112.60340000000001,136.9572,-75.641,175,75
2026-05-11 17:55:03.254,3,-0.65,0.69,0.79,-46.2634,136.0972,-50.941,175,75
2026-05-11 17:55:03.268,3,-0.85,0.54,1.44,34.2866,133.0472,3.2589999999999986,175,75
2026-05-11 17:55:03.268,3,-2.87,1.36,2.02,67.3366,99.4572,140.279,175,75
2026-05-11 17:55:03.281,3,-3.41,-0.24,3.57,445.9966,302.6872,299.969,175,75
2026-05-11 17:55:03.296,3,2.52,-6.31,1.15,186.6066,-104.6928,33.319,175,75
2026-05-11 17:55:03.296,3,2.58,-6.19,-1.58,-291.5634,-540.5427999999999,200.81900000000002,175,75
2026-05-11 17:55:03.335,3,-4.19,0.35,-2.28,-292.5434,-484.9328,367.409,175,75
2026-05-11 17:55:03.347,3,-2.46,-0.9,-2.97,96.2366,219.1472,95.699,175,75
2026-05-11 17:55:03.347,3,0.9,-1.56,0.0,557.4566000000001,488.7872,-75.211,175,75
2026-05-11 17:55:03.375,3,0.79,-0.32,3.54,495.0766,478.41720000000004,148.56900000000002,175,75
2026-05-11 17:55:03.393,3,-0.77,-0.1,4.15,236.6666,142.31719999999999,184.05900000000003,175,75
2026-05-11 17:55:03.404,3,-1.13,-0.39,2.84,-115.77340000000001,-270.1828,149.72899999999998,175,75
2026-05-11 17:55:03.404,3,-0.62,-0.94,0.58,-201.3234,-336.09279999999995,117.229,175,75
2026-05-11 17:55:03.415,3,-1.73,-0.71,-0.41,-78.1534,-146.8928,93.869,175,75
2026-05-11 17:55:03.433,3,-2.16,-0.83,-0.63,16.056600000000003,-9.5128,13.079,175,75
2026-05-11 17:55:03.433,3,-1.57,-1.69,-0.1,14.226600000000001,38.9672,-57.901,175,75
2026-05-11 17:55:03.460,3,-0.66,-1.96,0.66,42.4566,53.537200000000006,-96.251,175,75
2026-05-11 17:55:03.497,3,-0.04,-2.26,1.22,37.7566,28.1772,-31.011,175,75
2026-05-11 17:55:03.511,3,0.34,-2.44,1.17,-49.133399999999995,-28.7128,-57.351,175,75
2026-05-11 17:55:03.512,3,0.8,-2.23,0.73,-73.1534,-97.62280000000001,-53.511,175,75
2026-05-11 17:55:03.532,3,0.84,-1.77,-0.17,-74.74340000000001,-205.36280000000002,-15.641000000000002,175,75
2026-05-11 17:55:03.543,3,0.09,-0.72,-0.91,76.3566,-0.3028000000000013,-13.321000000000002,175,75
2026-05-11 17:55:03.566,3,-0.52,-0.86,-0.29,193.0666,39.81719999999999,38.379,175,75
2026-05-11 17:55:03.585,3,-1.41,-0.54,0.12,290.5066,137.3772,72.529,175,75
2026-05-11 17:55:03.596,3,-0.13,-1.44,1.11,330.1366,153.5972,71.069,175,75
2026-05-11 17:55:03.596,3,0.55,-1.51,0.93,206.54659999999998,-41.2828,55.519,175,75
2026-05-11 17:55:03.607,3,0.59,-0.87,0.09,127.75659999999999,-138.7128,80.399,175,75
2026-05-11 17:55:03.625,3,-0.06,-0.55,-0.87,139.3466,-124.3928,64.419,175,75
2026-05-11 17:55:03.641,3,-0.08,-0.65,-0.82,140.8066,-85.4828,46.309,175,75
2026-05-11 17:55:03.671,3,-0.19,-0.64,-0.63,137.63660000000002,-24.692800000000002,30.399,175,75
2026-05-11 17:55:03.701,3,-0.32,-0.62,-0.23,119.5266,46.5872,-3.6910000000000007,175,75
2026-05-11 17:55:03.701,3,-0.32,-0.56,0.02,93.2466,54.757200000000005,-29.911,175,75
2026-05-11 17:55:03.722,3,-0.64,-0.16,0.23,-49.553399999999996,16.827199999999998,-118.441,175,75
2026-05-11 17:55:03.733,3,-0.73,0.19,0.15,-94.49340000000001,21.7072,-140.94099999999997,175,75
2026-05-11 17:55:03.745,3,-0.84,0.46,0.11,-122.05340000000001,42.8072,-167.531,175,75
2026-05-11 17:55:03.768,3,-0.6,0.41,0.08,-174.8634,87.56719999999999,-184.12099999999998,175,75
2026-05-11 17:55:03.806,3,-0.43,0.25,0.14,-207.42340000000002,105.4872,-195.27100000000002,175,75
2026-05-11 17:55:03.834,3,-1.46,-0.28,0.25,-274.0634,240.5472,-287.161,175,75
2026-05-11 17:55:03.858,3,-2.97,-0.26,1.75,-152.7834,412.1372,-250.70100000000002,175,75
2026-05-11 17:55:03.868,3,-8.03,1.76,6.09,425.3266,995.4272,112.959,175,75
2026-05-11 17:55:03.873,3,-6.03,-0.84,10.18,1147.8266,416.21720000000005,380.089,175,75
2026-05-11 17:55:03.908,3,9.65,-2.98,-1.53,-492.6634,-19.692800000000002,-539.4209999999999,175,75
2026-05-11 17:55:03.908,3,3.65,2.34,-1.34,-1202.4833999999998,-777.5627999999999,473.019,175,75
2026-05-11 17:55:03.918,3,-2.32,2.02,0.14,-1041.2634,-16.7628,196.00900000000001,175,75
2026-05-11 17:55:03.932,3,-1.26,-1.15,-2.4,-552.4834,-173.5928,-22.901000000000003,175,75
2026-05-11 17:55:03.943,3,-1.12,-2.93,-3.79,131.2966,-309.8728,-97.531,175,75
2026-05-11 17:55:03.958,3,-1.95,-2.17,-3.11,246.9066,154.8772,-156.551,175,75
2026-05-11 17:55:03.970,3,0.58,-0.04,-0.68,105.9366,625.6072,-114.361,175,75
2026-05-11 17:55:03.973,3,1.75,0.57,0.91,205.1366,409.6972,70.459,175,75
2026-05-11 17:55:04.016,3,-0.19,-1.55,0.3,109.83659999999999,88.3572,9.479,175,75
2026-05-11 17:55:04.016,3,0.04,-0.83,-0.21,161.4166,114.4572,5.279,175,75
2026-05-11 17:55:04.037,3,-0.12,-0.51,-0.21,213.9166,139.3272,27.098999999999997,175,75
2026-05-11 17:55:04.048,3,-0.4,-0.38,0.36,250.5666,210.6772,46.859,175,75
2026-05-11 17:55:04.061,3,-0.42,-0.66,1.25,225.4466,129.8772,26.308999999999997,175,75
2026-05-11 17:55:04.073,3,-0.22,-0.73,1.42,199.3466,71.40719999999999,27.528999999999996,175,75
2026-05-11 17:55:04.091,3,-0.09,-1.02,1.01,134.9566,-29.7528,55.458999999999996,175,75
2026-05-11 17:55:04.101,3,-0.34,-1.13,0.56,77.33659999999999,-73.59280000000001,52.958999999999996,175,75
2026-05-11 17:55:04.125,3,-0.69,-0.64,-0.36,29.2866,-55.6028,3.199,175,75
2026-05-11 17:55:04.160,3,-0.5,-0.3,0.06,-14.003399999999997,-7.252800000000001,-31.251,175,75
2026-05-11 17:55:04.173,3,-0.7,-0.4,0.09,-55.47339999999999,-18.5328,-54.121,175,75
2026-05-11 17:55:04.179,3,-0.74,-0.41,-0.04,-89.8634,-2.9228000000000023,-90.881,175,75
2026-05-11 17:55:04.191,3,-0.62,-0.4,-0.12,-117.17340000000002,38.8472,-116.371,175,75
2026-05-11 17:55:04.202,3,-0.6,-0.42,-0.15,-134.8034,81.7672,-121.551,175,75
2026-05-11 17:55:04.227,3,-0.84,-0.78,-0.17,-161.8734,158.7172,-138.57100000000003,175,75
2026-05-11 17:55:04.238,3,-0.94,-0.98,-0.26,-172.9734,197.9872,-159.911,175,75
2026-05-11 17:55:04.248,3,-0.88,-1.13,-0.34,-172.7834,234.08719999999997,-182.531,175,75
2026-05-11 17:55:04.272,3,-0.7,-1.05,-0.36,-145.4134,285.97720000000004,-195.461,175,75
2026-05-11 17:55:04.272,3,-0.82,-0.66,-0.12,-110.77340000000001,347.0772,-176.62099999999998,175,75
2026-05-11 17:55:04.282,3,-0.94,-0.39,0.14,-88.3934,363.53720000000004,-153.93099999999998,175,75
2026-05-11 17:55:04.295,3,-0.86,-0.14,0.52,-66.5034,333.90720000000005,-133.321,175,75
2026-05-11 17:55:04.332,3,-0.31,0.32,1.4,-61.08339999999999,132.9272,-59.361000000000004,175,75
2026-05-11 17:55:04.335,3,-1.0,0.51,1.54,-88.3334,54.9372,0.6389999999999993,175,75
2026-05-11 17:55:04.354,3,-3.62,1.6,2.34,-6.753399999999997,14.757199999999997,182.899,175,75
2026-05-11 17:55:04.365,3,-4.14,1.25,3.4,219.1066,171.1572,227.589,175,75
2026-05-11 17:55:04.378,3,-2.44,-1.0,3.54,318.1266,123.0472,174.66899999999998,175,75
2026-05-11 17:55:04.394,3,1.9,-4.25,1.87,97.8866,-125.4228,-58.021,175,75
2026-05-11 17:55:04.403,3,2.28,-1.03,-1.4,-360.1034,-473.59279999999995,124.729,175,75
2026-05-11 17:55:04.497,3,-0.53,-0.4,2.74,-76.99340000000001,-114.75280000000001,65.759,175,75
2026-05-11 17:55:04.537,3,-0.93,-1.8,-0.06,-39.743399999999994,60.2472,-110.761,175,75
2026-05-11 17:55:04.548,3,-0.56,-1.7,0.44,-6.263399999999999,78.0472,-121.491,175,75
2026-05-11 17:55:04.590,3,0.06,-1.76,-0.24,-114.8634,-115.12280000000001,-91.071,175,75
2026-05-11 17:55:04.602,3,0.08,-1.58,-0.69,-122.24340000000001,-109.75280000000001,-76.011,175,75
2026-05-11 17:55:04.602,3,0.03,-1.0,-0.89,-102.4234,-46.4028,-74.241,175,75
2026-05-11 17:55:04.613,3,-0.1,-0.28,-0.45,-14.863399999999997,-17.2528,-44.911,175,75
2026-05-11 17:55:04.617,3,-0.32,-0.07,-0.11,66.9666,-25.1228,-0.7010000000000005,175,75
2026-05-11 17:55:04.645,3,-0.92,-0.34,0.39,154.6566,-18.7128,73.569,175,75
2026-05-11 17:55:04.645,3,-1.63,-0.5,0.78,212.8866,1.767199999999999,135.87900000000002,175,75
2026-05-11 17:55:04.668,3,-2.3,-0.66,1.38,295.3266,21.647199999999998,189.969,175,75
2026-05-11 17:55:04.668,3,-2.06,-1.46,1.49,322.2766,26.7072,186.30900000000003,175,75
2026-05-11 17:55:04.679,3,-1.26,-2.58,0.97,236.9666,9.327199999999998,103.989,175,75
2026-05-11 17:55:04.690,3,-0.59,-1.83,0.47,171.54659999999998,17.257199999999997,58.259,175,75
2026-05-11 17:55:04.703,3,0.14,-0.55,0.11,196.8466,-7.742799999999999,79.849,175,75
2026-05-11 17:55:04.716,3,-0.1,0.05,0.42,227.82659999999998,-82.7428,170.339,175,75
2026-05-11 17:55:04.738,3,-0.11,-0.34,0.44,185.8066,-118.2328,152.709,175,75
2026-05-11 17:55:04.738,3,0.03,-0.39,0.3,149.2866,-139.6328,123.199,175,75
2026-05-11 17:55:04.741,3,0.28,-0.26,0.15,134.6566,-146.8928,105.209,175,75
2026-05-11 17:55:04.754,3,0.41,0.02,0.07,121.6066,-159.08280000000002,97.649,175,75
2026-05-11 17:55:04.778,3,0.32,0.21,-0.01,108.6766,-154.99280000000002,90.029,175,75
2026-05-11 17:55:04.819,3,0.15,0.38,-0.05,75.5666,-93.4128,40.879,175,75
2026-05-11 17:55:04.841,3,0.06,0.79,-0.09,26.846600000000002,-66.4028,7.838999999999999,175,75
2026-05-11 17:55:04.861,3,0.04,0.91,-0.07,-7.113399999999997,-38.9028,-12.771,175,75
2026-05-11 17:55:04.881,3,-0.03,1.46,-0.22,-52.97339999999999,117.19719999999998,-64.661,175,75
2026-05-11 17:55:04.905,3,0.02,0.79,-0.03,-105.16340000000001,210.1272,-92.651,175,75
2026-05-11 17:55:04.916,3,0.08,0.42,0.03,-129.98340000000002,230.6072,-122.221,175,75
2026-05-11 17:55:04.945,3,-0.34,-0.12,0.13,-195.4134,247.8672,-175.52100000000002,175,75
2026-05-11 17:55:04.949,3,-0.91,-0.12,0.57,-202.8434,273.1772,-191.31099999999998,175,75
2026-05-11 17:55:04.964,3,-5.62,1.99,2.51,-142.7234,284.8772,-4.661000000000001,175,75
2026-05-11 17:55:04.977,3,-14.89,3.64,8.11,341.7866,1370.6072,730.759,175,75
2026-05-11 17:55:04.990,3,-4.48,-3.55,2.94,-339.1934,-751.6428,-690.5809999999999,175,75
2026-05-11 17:55:05.051,3,-1.06,-3.1,-1.83,107.8266,238.65720000000002,-123.931,175,75
2026-05-11 17:55:05.062,3,-0.6,-2.18,0.06,231.1166,435.0672,-141.49099999999999,175,75
2026-05-11 17:55:05.076,3,0.26,0.69,2.25,117.39659999999999,166.7072,-37.291,175,75
2026-05-11 17:55:05.089,3,-0.31,-0.14,1.97,190.1366,-44.9328,155.089,175,75
2026-05-11 17:55:05.107,3,-1.5,-1.04,1.2,216.4766,-93.4128,163.37900000000002,175,75
2026-05-11 17:55:05.179,3,-1.24,-1.98,0.43,231.0566,74.69720000000001,80.879,175,75
2026-05-11 17:55:05.179,3,-0.88,-1.36,0.26,217.4566,55.9172,50.879,175,75
2026-05-11 17:55:05.179,3,-0.28,-0.38,0.28,228.9766,92.56719999999999,77.039,175,75
2026-05-11 17:55:05.179,3,-0.04,0.0,0.62,248.4366,61.8272,165.75900000000001,175,75
2026-05-11 17:55:05.203,3,-0.23,-0.47,0.85,170.5066,-67.1928,172.529,175,75
2026-05-11 17:55:05.203,3,-0.21,-0.5,0.61,130.8066,-94.6328,155.87900000000002,175,75
2026-05-11 17:55:05.218,3,-0.21,-0.37,0.31,103.0666,-102.31280000000001,113.139,175,75
2026-05-11 17:55:05.238,3,-0.09,0.02,0.27,62.576600000000006,-95.4828,63.07899999999999,175,75
2026-05-11 17:55:05.276,3,-0.2,0.61,-0.05,-15.773399999999997,-51.1528,17.839,175,75
2026-05-11 17:55:05.286,3,-0.2,0.71,-0.04,-35.8934,-39.5728,-0.8810000000000011,175,75
2026-05-11 17:55:05.297,3,-0.22,0.73,-0.03,-60.7734,-29.3928,-17.161,175,75
2026-05-11 17:55:05.308,3,-0.28,0.62,-0.03,-83.88340000000001,-16.8228,-27.101,175,75
2026-05-11 17:55:05.325,3,-0.33,0.37,-0.02,-113.27340000000001,-1.7027999999999999,-47.411,175,75
2026-05-11 17:55:05.346,3,-0.34,-0.07,0.02,-155.1634,37.8072,-85.581,175,75
2026-05-11 17:55:05.357,3,-0.44,-0.59,0.18,-186.0834,72.49719999999999,-113.991,175,75
2026-05-11 17:55:05.369,3,-0.55,-0.74,0.2,-196.7534,80.4272,-121.861,175,75
2026-05-11 17:55:05.382,3,-0.58,-0.81,0.15,-199.0034,87.0172,-129.601,175,75
2026-05-11 17:55:05.402,3,-0.69,-0.85,-0.02,-188.1534,126.8972,-135.821,175,75
2026-05-11 17:55:05.414,3,-0.74,-0.88,0.0,-170.3434,159.0872,-138.63100000000003,175,75
2026-05-11 17:55:05.425,3,-0.59,-0.99,0.15,-133.5234,190.8572,-146.68099999999998,175,75
2026-05-11 17:55:05.455,3,-0.72,-0.67,0.62,-64.9234,209.5772,-122.411,175,75
2026-05-11 17:55:05.469,3,-0.54,0.62,1.28,-69.9234,75.3072,-67.831,175,75
2026-05-11 17:55:05.492,3,-2.24,0.32,2.96,225.6866,255.3072,183.62900000000002,175,75
2026-05-11 17:55:05.524,3,2.64,-2.07,-0.23,-272.78340000000003,-451.34279999999995,32.169,175,75
2026-05-11 17:55:05.535,3,-1.19,-0.57,-1.8,-217.0534,-411.34279999999995,175.279,175,75
2026-05-11 17:55:05.548,3,-2.65,-1.27,-2.28,-74.6734,105.3072,106.129,175,75
2026-05-11 17:55:05.570,3,-0.55,-2.17,-0.14,144.1666,137.8072,-57.961,175,75
2026-05-11 17:55:05.625,3,-0.52,-1.18,1.38,-97.5434,-97.37280000000001,-34.971000000000004,175,75
2026-05-11 17:55:05.640,3,-1.12,-1.92,0.26,-116.6334,-66.4628,-55.211,175,75
2026-05-11 17:55:05.680,3,-0.11,-1.55,0.58,-84.55340000000001,-65.8528,-119.421,175,75
2026-05-11 17:55:05.680,3,0.07,-1.59,0.43,-108.0334,-110.06280000000001,-98.441,175,75
2026-05-11 17:55:05.707,3,0.08,-1.53,-0.35,-141.1434,-161.8228,-91.801,175,75
2026-05-11 17:55:05.718,3,0.04,-0.94,-0.85,-152.6634,-135.2428,-99.541,175,75
2026-05-11 17:55:05.756,3,-0.84,-0.35,0.17,90.9966,-112.37280000000001,68.079,175,75
2026-05-11 17:55:05.849,3,-0.18,-0.79,-0.06,155.9966,-64.6928,92.469,175,75
2026-05-11 17:55:05.872,3,-0.04,0.05,-0.13,219.2866,-32.1328,158.37900000000002,175,75
2026-05-11 17:55:05.883,3,-0.1,-0.29,0.16,169.04659999999998,-23.2928,134.539,175,75
2026-05-11 17:55:05.900,3,0.09,-0.18,0.2,148.6166,-34.2628,118.749,175,75
2026-05-11 17:55:05.913,3,0.33,-0.02,0.18,127.6366,-51.5828,120.20899999999999,175,75
2026-05-11 17:55:05.923,3,0.42,0.1,0.06,105.5666,-96.03280000000001,134.41899999999998,175,75
2026-05-11 17:55:05.937,3,0.09,-0.01,-0.28,84.28659999999999,-92.8628,117.169,175,75
2026-05-11 17:55:05.948,3,0.02,0.09,-0.38,67.5166,-55.7328,87.899,175,75
2026-05-11 17:55:05.987,3,0.19,0.77,0.13,-29.803399999999996,-21.0928,-11.311,175,75
2026-05-11 17:55:06.029,3,0.22,0.76,-0.08,-111.4434,33.8472,-86.551,175,75
2026-05-11 17:55:06.049,3,0.35,0.23,-0.11,-134.7434,69.5172,-113.811,175,75
2026-05-11 17:55:06.072,3,-0.1,-0.0,0.17,-173.1534,143.1072,-171.68099999999998,175,75
2026-05-11 17:55:06.072,3,-0.18,-0.12,0.5,-179.0634,145.4272,-200.031,175,75
2026-05-11 17:55:06.097,3,-3.58,0.63,1.66,-215.0434,124.5772,-119.121,175,75
2026-05-11 17:55:06.131,3,-12.41,3.27,6.92,297.6366,1029.4572,450.089,175,75
2026-05-11 17:55:06.131,3,0.11,-11.77,9.69,723.7366000000001,728.2372,518.9290000000001,175,75
2026-05-11 17:55:06.143,3,-7.34,-4.22,6.87,-64.6134,-1291.5228,-622.0409999999999,175,75
2026-05-11 17:55:06.178,3,-1.38,0.12,-2.2,-552.7234,-369.8128,190.459,175,75
2026-05-11 17:55:06.190,3,-0.91,-5.02,-4.23,-184.1334,16.827199999999998,-18.931,175,75
2026-05-11 17:55:06.190,3,-2.15,-2.53,-2.47,135.4466,286.7672,-153.57100000000003,175,75
2026-05-11 17:55:06.206,3,0.11,-1.34,-0.14,300.1966,525.7972,-228.44099999999997,175,75
2026-05-11 17:55:06.222,3,0.7,0.15,2.4,100.25659999999999,54.397200000000005,90.639,175,75
2026-05-11 17:55:06.345,3,-0.23,-0.02,1.0,153.6766,-59.9928,159.969,175,75
2026-05-11 17:55:06.345,3,-0.66,-0.35,0.64,102.0266,-119.5728,142.649,175,75
2026-05-11 17:55:06.357,3,-0.59,-0.32,0.21,57.0266,-111.15280000000001,93.139,175,75
2026-05-11 17:55:06.368,3,-0.33,0.01,0.06,32.8866,-98.59280000000001,63.449,175,75
2026-05-11 17:55:06.379,3,-0.16,0.37,0.07,11.356600000000002,-102.80279999999999,61.309,175,75
2026-05-11 17:55:06.391,3,-0.19,0.59,0.04,-6.8134,-114.75280000000001,63.629000000000005,175,75
2026-05-11 17:55:06.391,3,-0.26,0.73,-0.03,-27.3634,-117.25280000000001,58.138999999999996,175,75
2026-05-11 17:55:06.462,3,-0.27,0.74,-0.03,-73.21340000000001,-84.9328,27.708999999999996,175,75
2026-05-11 17:55:06.462,3,-0.23,0.7,0.01,-90.77340000000001,-90.00280000000001,11.009,175,75
2026-05-11 17:55:06.475,3,-0.21,0.62,0.04,-108.6434,-86.4028,-6.371,175,75
2026-05-11 17:55:06.475,3,-0.21,0.54,0.02,-121.7534,-71.03280000000001,-17.161,175,75
2026-05-11 17:55:06.485,3,-0.22,0.41,-0.01,-131.3834,-49.8728,-29.361,175,75
2026-05-11 17:55:06.507,3,-0.29,-0.09,-0.06,-151.8134,66.8972,-93.261,175,75
2026-05-11 17:55:06.611,3,-0.78,-0.07,1.11,-47.7234,140.6072,-73.811,175,75
2026-05-11 17:55:06.625,3,-2.43,1.01,1.37,-23.153399999999998,87.19720000000001,52.469,175,75
2026-05-11 17:55:06.625,3,-2.52,1.21,1.89,57.516600000000004,93.1772,158.31900000000002,175,75
2026-05-11 17:55:06.640,3,1.95,-2.25,0.66,-110.4734,-294.9928,14.729,175,75
2026-05-11 17:55:06.652,3,1.03,-1.93,-1.88,-169.98340000000002,-410.6028,67.899,175,75
2026-05-11 17:55:06.667,3,-0.91,-2.55,-1.92,109.5266,332.0172,61.18899999999999,175,75
2026-05-11 17:55:06.685,3,-1.08,-1.95,-0.22,183.4366,170.97719999999998,18.019,175,75
2026-05-11 17:55:06.709,3,0.25,-1.47,1.6,140.1966,167.13719999999998,13.079,175,75
2026-05-11 17:55:06.722,3,0.35,-1.8,2.37,129.2266,129.0872,62.099000000000004,175,75
2026-05-11 17:55:06.735,3,-1.27,-1.21,2.21,6.9666000000000015,-30.852800000000002,64.239,175,75
2026-05-11 17:55:06.756,3,-1.17,-0.71,0.14,-91.7534,-68.2328,-19.601,175,75
2026-05-11 17:55:06.771,3,-1.32,-1.13,0.06,-67.05340000000001,-6.7028,-35.150999999999996,175,75
2026-05-11 17:55:06.785,3,-1.21,-1.42,0.37,-75.6534,29.327199999999998,-86.191,175,75
2026-05-11 17:55:06.795,3,-0.72,-1.63,0.62,-82.24340000000001,31.897199999999998,-138.44099999999997,175,75
2026-05-11 17:55:06.808,3,-0.41,-1.63,0.75,-91.2634,-11.0328,-143.87099999999998,175,75
2026-05-11 17:55:06.808,3,-0.13,-1.8,0.64,-108.6434,-69.75280000000001,-126.251,175,75
2026-05-11 17:55:06.825,3,0.02,-2.04,0.27,-124.3734,-116.7628,-101.801,175,75
2026-05-11 17:55:06.836,3,-0.09,-2.08,-0.22,-133.8234,-123.78280000000001,-90.941,175,75
2026-05-11 17:55:06.846,3,0.03,-1.68,-0.57,-149.0034,-112.1928,-96.011,175,75
2026-05-11 17:55:06.846,3,0.46,-0.98,-0.67,-153.8234,-94.6928,-115.761,175,75
2026-05-11 17:55:06.858,3,0.54,-0.28,-0.41,-97.24340000000001,-124.6928,-88.631,175,75
2026-05-11 17:55:06.892,3,-1.49,-0.31,0.61,133.7966,-104.6928,99.669,175,75
2026-05-11 17:55:06.929,3,-1.26,-1.73,1.4,213.3666,-162.6228,146.61899999999997,175,75
2026-05-11 17:55:06.941,3,-0.67,-1.84,0.44,119.1666,-158.0428,108.079,175,75
2026-05-11 17:55:06.995,3,-0.01,-0.26,-0.07,236.7266,-4.082799999999999,116.249,175,75
2026-05-11 17:55:07.005,3,-0.02,-0.33,0.07,204.3466,-0.1828000000000003,99.539,175,75
2026-05-11 17:55:07.011,3,0.09,-0.24,0.05,188.3666,-2.5028000000000006,82.959,175,75
2026-05-11 17:55:07.024,3,0.21,0.01,0.01,168.9166,1.4071999999999996,78.689,175,75
2026-05-11 17:55:07.034,3,0.26,0.18,-0.05,155.5666,12.017200000000003,79.849,175,75
2026-05-11 17:55:07.048,3,0.2,0.22,-0.06,148.3666,11.587200000000003,76.069,175,75
2026-05-11 17:55:07.060,3,0.08,0.26,-0.08,127.08659999999999,17.9272,65.089,175,75
2026-05-11 17:55:07.071,3,-0.04,0.35,-0.05,99.9566,30.007199999999997,51.679,175,75
2026-05-11 17:55:07.111,3,-0.21,1.0,0.19,-16.1434,-63.1728,-21.801000000000002,175,75
2026-05-11 17:55:07.127,3,-0.23,1.14,0.21,-43.7634,-59.9928,-43.811,175,75
2026-05-11 17:55:07.129,3,-0.14,1.24,0.13,-77.4234,-46.952799999999996,-57.591,175,75
2026-05-11 17:55:07.162,3,0.14,0.97,-0.04,-114.80340000000001,39.757200000000005,-76.371,175,75
2026-05-11 17:55:07.215,3,0.14,0.48,-0.33,-177.9134,88.1072,-115.091,175,75
2026-05-11 17:55:07.246,3,-0.54,-0.3,-0.37,-243.0934,230.1872,-184.24099999999999,175,75
2026-05-11 17:55:07.246,3,-5.58,1.95,2.57,-73.3934,388.65720000000005,-18.381,175,75
2026-05-11 17:55:07.290,3,-1.62,-1.9,-1.51,-540.1633999999999,-88.96279999999999,67.839,175,75
2026-05-11 17:55:07.305,3,-1.35,-3.15,-2.46,-284.4334,-49.8728,-124.721,175,75
2026-05-11 17:55:07.342,3,-1.07,-0.61,1.48,207.2166,-42.8628,129.17899999999997,175,75
2026-05-11 17:55:07.354,3,-2.04,-0.84,1.08,198.1266,25.187199999999997,162.839,175,75
2026-05-11 17:55:07.360,3,-2.32,-0.8,1.19,230.5066,71.15719999999999,148.62900000000002,175,75
2026-05-11 17:55:07.375,3,-1.64,-1.01,1.21,240.1366,58.787200000000006,141.79899999999998,175,75
2026-05-11 17:55:07.393,3,-0.63,-0.75,1.22,172.7566,-9.5728,159.17899999999997,175,75
2026-05-11 17:55:07.405,3,-0.4,-0.4,1.0,152.3966,-93.96279999999999,218.31900000000002,175,75
2026-05-11 17:55:07.415,3,-0.56,-0.47,0.68,135.8666,-154.2028,241.48899999999998,175,75
2026-05-11 17:55:07.427,3,-0.66,-0.63,0.29,109.83659999999999,-162.9228,227.709,175,75
2026-05-11 17:55:07.437,3,-0.61,-0.67,-0.04,94.4066,-151.2128,207.529,175,75
2026-05-11 17:55:07.448,3,-0.47,-0.61,-0.31,92.5766,-119.87280000000001,180.81900000000002,175,75
2026-05-11 17:55:07.463,3,-0.06,-0.31,-0.1,91.8466,-32.3728,137.22899999999998,175,75
2026-05-11 17:55:07.474,3,0.07,-0.18,0.07,75.3266,-32.9828,120.45899999999999,175,75
2026-05-11 17:55:07.505,3,0.19,0.07,0.05,6.726600000000001,-82.1928,96.069,175,75
2026-05-11 17:55:07.515,3,0.11,0.12,-0.14,-31.5034,-94.87280000000001,71.009,175,75
2026-05-11 17:55:07.553,3,-0.02,0.35,-0.33,-76.5634,-44.452799999999996,1.7989999999999995,175,75
2026-05-11 17:55:07.601,3,-0.11,0.23,-0.14,-143.70340000000002,4.087199999999999,-70.701,175,75
2026-05-11 17:55:07.624,3,-0.17,-0.23,0.37,-154.0034,64.1472,-130.401,175,75
2026-05-11 17:55:07.647,3,-0.12,-0.55,0.08,-203.1534,28.2372,-166.37099999999998,175,75
2026-05-11 17:55:07.647,3,-0.21,-0.62,-0.23,-212.2434,67.74719999999999,-178.81099999999998,175,75
2026-05-11 17:55:07.719,3,-0.79,-0.89,0.54,-71.0834,276.8972,-186.37099999999998,175,75
2026-05-11 17:55:07.746,3,-4.12,1.16,1.62,-64.4334,208.7172,-35.641000000000005,175,75
2026-05-11 17:55:07.755,3,-3.2,-0.12,4.53,373.4966,726.3472,241.79899999999998,175,75
2026-05-11 17:55:07.755,3,1.84,-6.84,3.94,348.3666,-0.5427999999999997,-273.87100000000004,175,75
2026-05-11 17:55:07.767,3,5.52,-2.47,-0.44,-356.7534,-567.4928,-124.181,175,75
2026-05-11 17:55:07.777,3,-0.42,1.35,-0.66,-432.9734,-550.5427999999999,194.72899999999998,175,75
2026-05-11 17:55:07.788,3,-0.2,-3.07,-2.35,-61.2634,196.1572,-20.091,175,75
2026-05-11 17:55:07.803,3,-0.01,-5.19,-0.84,197.4566,12.507199999999997,-47.771,175,75
2026-05-11 17:55:07.818,3,-0.81,-2.51,0.09,401.7266,99.2072,38.809,175,75
2026-05-11 17:55:07.834,3,-0.42,0.59,2.28,30.196600000000004,176.28719999999998,0.8189999999999991,175,75
2026-05-11 17:55:07.859,3,-0.79,-1.02,1.02,-71.8134,-200.7928,76.009,175,75
2026-05-11 17:55:07.871,3,-1.49,-0.87,-0.09,-46.203399999999995,-25.1828,-68.261,175,75
2026-05-11 17:55:07.882,3,-1.08,-1.11,0.3,-40.8334,12.807200000000002,-103.441,175,75
2026-05-11 17:55:07.919,3,-0.67,-1.26,0.99,-66.5634,-5.062799999999999,-88.511,175,75
2026-05-11 17:55:07.930,3,-0.49,-1.6,0.93,-83.21340000000001,-29.4528,-107.161,175,75
2026-05-11 17:55:07.942,3,-0.38,-1.74,0.72,-91.5634,-72.7428,-105.521,175,75
2026-05-11 17:55:07.942,3,-0.18,-1.88,0.59,-88.6434,-78.59280000000001,-101.981,175,75
2026-05-11 17:55:08.008,3,0.11,-0.6,-0.5,-100.3434,-111.9528,-72.041,175,75
2026-05-11 17:55:08.022,3,-0.28,-0.04,-0.38,-35.163399999999996,-101.34280000000001,-56.071,175,75
2026-05-11 17:55:08.022,3,-0.62,-0.07,-0.19,63.006600000000006,-79.3928,7.289,175,75
2026-05-11 17:55:08.035,3,-1.96,-0.34,0.92,245.8666,6.347200000000001,135.279,175,75
2026-05-11 17:55:08.080,3,-0.34,-1.08,0.37,159.5266,-58.842800000000004,92.409,175,75
2026-05-11 17:55:08.095,3,-0.08,-0.19,-0.01,192.9466,-62.8628,116.559,175,75
2026-05-11 17:55:08.106,3,-0.16,0.16,0.01,220.3866,-48.6528,156.06900000000002,175,75
2026-05-11 17:55:08.120,3,-0.17,0.02,0.13,216.7866,-47.8628,167.779,175,75
2026-05-11 17:55:08.120,3,-0.14,-0.17,0.26,190.1366,-66.28280000000001,153.079,175,75
2026-05-11 17:55:08.146,3,0.13,-0.05,0.11,140.13660000000002,-118.1728,128.56900000000002,175,75
2026-05-11 17:55:08.156,3,0.12,0.05,-0.06,128.1266,-116.8928,129.539,175,75
2026-05-11 17:55:08.167,3,0.03,0.07,-0.18,125.25659999999999,-95.6728,125.27900000000001,175,75
2026-05-11 17:55:08.173,3,-0.12,0.02,-0.29,121.0566,-51.8228,104.29899999999999,175,75
2026-05-11 17:55:08.216,3,-0.01,0.45,-0.1,42.7566,24.577199999999998,12.099,175,75
2026-05-11 17:55:08.226,3,0.07,0.6,-0.07,4.956600000000002,3.357199999999999,-16.981,175,75
2026-05-11 17:55:08.238,3,0.03,0.79,-0.21,-19.0034,-7.072800000000001,-40.271,175,75
2026-05-11 17:55:08.249,3,-0.07,0.96,-0.35,-39.0034,17.9872,-63.571,175,75
2026-05-11 17:55:08.260,3,-0.05,1.08,-0.35,-59.923399999999994,56.2172,-80.091,175,75
2026-05-11 17:55:08.278,3,-0.08,0.63,0.02,-93.9434,92.68719999999999,-91.621,175,75
2026-05-11 17:55:08.298,3,0.28,-0.01,0.22,-164.2534,28.1772,-148.26100000000002,175,75
2026-05-11 17:55:08.322,3,-0.23,-0.16,0.06,-244.4334,-7.072800000000001,-172.101,175,75
2026-05-11 17:55:08.332,3,-0.54,-0.33,0.07,-286.8734,-3.5328000000000017,-182.901,175,75
2026-05-11 17:55:08.355,3,-2.65,0.02,1.18,-314.3134,90.3672,-160.76100000000002,175,75
2026-05-11 17:55:08.381,3,2.11,-15.85,9.94,297.5766,-733.5928,-201.861,175,75
2026-05-11 17:55:08.396,3,-5.22,-1.69,3.84,-155.7734,-655.8528,-694.481,175,75
2026-05-11 17:55:08.413,3,1.74,2.73,-2.22,-610.7134,-652.5627999999999,198.37900000000002,175,75
2026-05-11 17:55:08.458,3,-0.57,-1.82,-0.57,253.6166,211.0972,-134.301,175,75
2026-05-11 17:55:08.470,3,0.5,-0.81,1.22,155.5066,354.5172,-89.661,175,75
2026-05-11 17:55:08.481,3,1.35,-0.34,2.2,13.856600000000002,116.15719999999999,37.649,175,75
2026-05-11 17:55:08.491,3,0.57,-0.58,1.76,6.846600000000001,-289.7528,92.229,175,75
2026-05-11 17:55:08.504,3,-0.56,-1.08,0.46,-2.843399999999999,-349.9328,87.779,175,75
2026-05-11 17:55:08.515,3,-0.84,-1.2,-0.48,15.936600000000002,-174.08280000000002,50.208999999999996,175,75
2026-05-11 17:55:08.526,3,-0.37,-1.09,-0.62,80.6866,-45.6028,12.169,175,75
2026-05-11 17:55:08.569,3,-0.39,-0.48,0.79,150.07659999999998,59.517199999999995,26.918999999999997,175,75
2026-05-11 17:55:08.569,3,-0.57,-0.4,0.75,139.9566,62.017199999999995,27.589,175,75
2026-05-11 17:55:08.605,3,-0.87,-0.53,0.64,117.2766,88.2372,24.299,175,75
2026-05-11 17:55:08.618,3,-0.56,-0.54,0.92,96.2966,67.62719999999999,-18.511000000000003,175,75
2026-05-11 17:55:08.673,3,-0.84,-0.13,0.53,-12.423399999999999,-37.1328,-7.1610000000000005,175,75
2026-05-11 17:55:08.710,3,-0.82,0.08,0.39,-59.313399999999994,-4.4528,-27.901,175,75
2026-05-11 17:55:08.720,3,-0.79,0.01,0.22,-63.1534,31.2872,-32.041,175,75
2026-05-11 17:55:08.720,3,-0.74,-0.06,0.11,-60.22339999999999,66.8972,-40.271,175,75
2026-05-11 17:55:08.736,3,-0.67,-0.18,0.08,-49.673399999999994,114.81719999999999,-51.981,175,75
2026-05-11 17:55:08.748,3,-0.64,-0.25,0.24,-37.303399999999996,143.1072,-62.351,175,75
2026-05-11 17:55:08.758,3,-0.74,-0.19,0.39,-25.343399999999995,149.5172,-64.12100000000001,175,75
2026-05-11 17:55:08.760,3,-0.79,-0.13,0.46,-21.1434,154.63719999999998,-64.791,175,75
2026-05-11 17:55:08.782,3,-0.7,0.02,0.31,-8.3334,181.5872,-47.531,175,75
2026-05-11 17:55:08.814,3,-0.76,-0.05,0.55,36.906600000000005,185.97719999999998,-26.611,175,75
2026-05-11 17:55:08.868,3,-0.4,0.0,0.55,50.5666,188.5972,-17.291,175,75
2026-05-11 17:55:08.884,3,-0.13,0.07,0.5,56.476600000000005,174.3972,-0.09100000000000108,175,75
2026-05-11 17:55:08.896,3,-1.87,0.91,0.76,52.2766,138.7172,86.739,175,75
2026-05-11 17:55:08.926,3,-0.88,-0.95,-0.22,-53.2734,-152.2528,137.839,175,75
2026-05-11 17:55:08.959,3,0.02,-3.24,0.32,138.0066,215.00719999999998,-73.381,175,75
2026-05-11 17:55:09.006,3,-0.28,-0.13,1.51,53.436600000000006,222.3772,35.879,175,75
2026-05-11 17:55:09.023,3,-1.44,-1.1,1.66,-71.99340000000001,-73.4728,56.069,175,75
2026-05-11 17:55:09.035,3,-1.57,-0.82,0.67,-133.3334,-58.2328,-10.211,175,75
2026-05-11 17:55:09.048,3,-0.86,-0.87,0.54,-123.76339999999999,30.4872,-40.521,175,75
2026-05-11 17:55:09.058,3,-0.75,-1.15,0.76,-89.1934,41.157199999999996,-31.741,175,75
2026-05-11 17:55:09.068,3,-0.8,-2.04,0.69,-91.6934,36.3472,-53.081,175,75
2026-05-11 17:55:09.095,3,0.49,-2.81,0.38,-72.30340000000001,-24.0228,-48.321,175,75
2026-05-11 17:55:09.095,3,0.41,-2.2,0.35,-81.5634,-37.2528,-20.401000000000003,175,75
2026-05-11 17:55:09.107,3,0.7,-1.41,0.33,-94.6134,-57.1928,-32.291,175,75
2026-05-11 17:55:09.133,3,-0.07,-1.25,-0.16,144.2266,-159.08280000000002,52.649,175,75
2026-05-11 17:55:09.139,3,-0.83,-1.36,-0.33,202.4566,-18.2328,60.339,175,75
2026-05-11 17:55:09.173,3,-1.09,-1.51,-0.08,323.6766,138.0472,74.849,175,75
2026-05-11 17:55:09.173,3,-1.13,-1.75,0.24,369.8366,186.8272,70.149,175,75
2026-05-11 17:55:09.185,3,-1.6,-1.22,0.76,376.3566,225.5472,79.419,175,75
2026-05-11 17:55:09.206,3,1.21,-1.12,1.16,276.96659999999997,74.3272,-55.031,175,75
2026-05-11 17:55:09.218,3,1.19,-0.06,0.91,238.2466,-13.2928,27.528999999999996,175,75
2026-05-11 17:55:09.218,3,0.72,-0.1,0.83,234.04659999999998,-98.0428,28.259,175,75
2026-05-11 17:55:09.231,3,0.71,-0.56,0.54,201.0566,-164.3228,-4.2410000000000005,175,75
2026-05-11 17:55:09.246,3,0.78,-0.83,-0.14,144.8366,-193.3528,-71.131,175,75
2026-05-11 17:55:09.261,3,0.79,-0.68,-0.2,145.3866,-184.02280000000002,-108.081,175,75
2026-05-11 17:55:09.288,3,0.72,-0.38,0.07,102.0266,-188.2928,-119.661,175,75
2026-05-11 17:55:09.298,3,0.47,-0.26,0.11,67.0266,-197.74280000000002,-121.131,175,75
2026-05-11 17:55:09.298,3,0.29,-0.19,0.14,36.9666,-203.6528,-138.69099999999997,175,75
2026-05-11 17:55:09.311,3,0.16,-0.1,0.07,-3.093399999999999,-210.18280000000001,-155.88100000000003,175,75
2026-05-11 17:55:09.332,3,0.06,-0.05,-0.11,-40.53339999999999,-206.8228,-170.031,175,75
2026-05-11 17:55:09.345,3,-0.3,-0.12,-0.31,-106.2634,-154.08280000000002,-203.81099999999998,175,75
2026-05-11 17:55:09.356,3,-0.56,-0.09,-0.21,-133.5234,-114.2628,-223.20100000000002,175,75
2026-05-11 17:55:09.380,3,-0.68,-0.07,-0.1,-141.9334,-85.1828,-237.351,175,75
2026-05-11 17:55:09.389,3,-0.71,-0.23,-0.15,-160.2834,-9.8728,-240.70100000000002,175,75
2026-05-11 17:55:09.405,3,-1.33,-0.42,-0.39,-134.3734,174.4572,-187.291,175,75
2026-05-11 17:55:09.423,3,-1.95,-0.42,-0.23,-95.2834,304.8172,-136.131,175,75
2026-05-11 17:55:09.423,3,-2.64,-0.35,-0.07,-73.7034,343.59720000000004,-91.801,175,75
2026-05-11 17:55:09.443,3,-3.32,-0.16,0.1,-70.2834,335.85720000000003,-55.031,175,75
2026-05-11 17:55:09.473,3,-9.66,3.28,4.8,248.6166,795.0672000000001,211.48899999999998,175,75
2026-05-11 17:55:09.487,3,-4.54,-0.41,6.99,827.4566000000001,639.4572000000001,493.929,175,75
2026-05-11 17:55:09.493,3,-0.35,-6.73,6.29,210.8666,-945.0627999999999,-492.101,175,75
2026-05-11 17:55:09.577,3,-0.51,-1.74,-0.01,272.7566,515.6772,-99.661,175,75
2026-05-11 17:55:09.577,3,1.15,-0.92,1.66,93.61659999999999,576.8272000000001,15.948999999999998,175,75
2026-05-11 17:55:09.646,3,1.47,-1.99,0.57,-6.3834,41.897200000000005,31.738999999999997,175,75
2026-05-11 17:55:09.646,3,1.51,-1.3,0.28,55.8066,46.70719999999999,-2.1610000000000005,175,75
2026-05-11 17:55:09.667,3,1.18,-0.71,-0.29,154.1666,147.0772,-23.631,175,75
2026-05-11 17:55:09.678,3,1.05,-0.61,-0.0,198.1266,220.00719999999998,-47.041000000000004,175,75
2026-05-11 17:55:09.689,3,0.17,0.23,2.28,345.8066,217.8672,-29.541,175,75
2026-05-11 17:55:09.708,3,1.73,-0.96,2.68,275.7466,47.0772,-54.661,175,75
2026-05-11 17:55:09.708,3,2.58,-1.37,2.77,57.576600000000006,-257.1928,-23.931,175,75
2026-05-11 17:55:09.721,3,1.85,-0.91,1.24,-47.303399999999996,-426.09279999999995,-35.211,175,75
2026-05-11 17:55:09.731,3,1.29,-0.81,-0.48,-34.4334,-366.76279999999997,-119.051,175,75
2026-05-11 17:55:09.767,3,1.1,-0.91,-1.09,-17.053399999999996,-277.8028,-183.57100000000003,175,75
2026-05-11 17:55:09.778,3,0.65,-0.88,-1.4,-42.243399999999994,-146.2128,-220.64100000000002,175,75
2026-05-11 17:55:09.778,3,0.28,-0.69,-1.48,-55.1034,-38.0428,-232.77100000000002,175,75
2026-05-11 17:55:09.820,3,-1.47,-0.66,0.64,-50.2234,20.4872,-215.27100000000002,175,75
2026-05-11 17:55:09.830,3,-1.87,-0.88,0.74,-88.0934,23.9672,-198.51100000000002,175,75
2026-05-11 17:55:09.841,3,-2.08,-0.95,0.34,-128.0934,82.0172,-216.981,175,75
2026-05-11 17:55:09.851,3,-2.19,-1.05,-0.18,-128.7634,184.4572,-219.051,175,75
2026-05-11 17:55:09.875,3,-2.74,-0.53,-0.7,21.416600000000003,510.67719999999997,-135.761,175,75
2026-05-11 17:55:09.917,3,-2.08,0.11,0.94,154.7166,574.5772000000001,-125.521,175,75
2026-05-11 17:55:09.928,3,-1.45,0.09,1.08,99.83659999999999,424.2072,-107.711,175,75
2026-05-11 17:55:09.952,3,-1.13,0.36,0.57,2.2166000000000015,292.3172,-46.981,175,75
2026-05-11 17:55:09.968,3,-2.71,0.69,0.76,107.8266,225.8572,159.35899999999998,175,75
2026-05-11 17:55:09.983,3,-0.89,-1.21,-0.25,47.756600000000006,136.8272,154.29899999999998,175,75
2026-05-11 17:55:09.995,3,-0.35,-2.94,-0.94,-70.71340000000001,13.237200000000001,91.979,175,75
2026-05-11 17:55:10.006,3,-2.78,-1.41,-1.0,-144.4934,-140.2428,200.699,175,75
2026-05-11 17:55:10.006,3,-2.59,-1.73,-0.95,-127.24340000000001,-61.9528,193.139,175,75
2026-05-11 17:55:10.018,3,-2.16,-1.99,-0.82,-69.8634,44.757200000000005,52.958999999999996,175,75
2026-05-11 17:55:10.051,3,0.86,-1.82,0.97,47.8866,89.2072,-43.571,175,75
2026-05-11 17:55:10.076,3,1.11,-2.5,2.27,136.5466,137.6872,50.458999999999996,175,75
2026-05-11 17:55:10.076,3,-2.04,-2.03,1.42,36.9666,135.6772,131.73899999999998,175,75
2026-05-11 17:55:10.105,3,0.11,-0.52,0.39,-6.323399999999998,116.28719999999998,-31.551000000000002,175,75
2026-05-11 17:55:10.105,3,-0.31,-0.89,1.76,-2.2433999999999976,204.75719999999998,57.289,175,75
2026-05-11 17:55:10.117,3,-1.43,-1.07,1.62,-98.0334,84.0872,28.569000000000003,175,75
2026-05-11 17:55:10.128,3,-1.19,-1.22,1.18,-135.4134,121.6472,-17.591,175,75
2026-05-11 17:55:10.138,3,-0.71,-1.44,1.19,-143.5234,198.1072,-33.141000000000005,175,75
2026-05-11 17:55:10.138,3,-0.21,-1.68,1.62,-130.8334,206.7672,-27.831,175,75
2026-05-11 17:55:10.149,3,0.03,-2.75,1.95,-132.9134,124.0872,-7.041,175,75
2026-05-11 17:55:10.177,3,1.06,-1.37,0.76,-221.8134,-102.8628,-58.441,175,75
2026-05-11 17:55:10.190,3,1.62,0.11,0.49,-88.21340000000001,-24.9328,-69.181,175,75
2026-05-11 17:55:10.201,3,1.8,-0.16,0.71,61.6666,46.647200000000005,13.628999999999998,175,75
2026-05-11 17:55:10.219,3,0.21,-1.43,0.9,205.8666,-8.7828,6.488999999999999,175,75
2026-05-11 17:55:10.219,3,-0.92,-0.9,0.64,319.1066,142.3772,19.119,175,75
2026-05-11 17:55:10.241,3,-1.63,-0.85,0.77,383.2466,283.96720000000005,75.399,175,75
2026-05-11 17:55:10.273,3,-1.02,-1.17,2.02,517.5166,363.23720000000003,61.309,175,75
2026-05-11 17:55:10.283,3,0.77,-1.83,2.6,479.40659999999997,194.2072,-99.971,175,75
2026-05-11 17:55:10.294,3,2.12,-0.25,2.24,242.6966,83.59719999999999,-46.861000000000004,175,75
2026-05-11 17:55:10.316,3,1.5,0.46,1.63,226.7266,-102.80279999999999,4.478999999999999,175,75
2026-05-11 17:55:10.317,3,0.97,-0.54,0.78,252.3366,-238.8428,-27.291,175,75
2026-05-11 17:55:10.377,3,0.68,-1.18,-0.29,216.4166,-223.2928,-107.961,175,75
2026-05-11 17:55:10.377,3,0.49,-0.44,-0.88,251.29659999999998,-54.812799999999996,-229.18099999999998,175,75
2026-05-11 17:55:10.390,3,0.41,-0.3,-0.63,252.0266,9.327199999999998,-218.87099999999998,175,75
2026-05-11 17:55:10.401,3,0.25,-0.46,-0.27,237.82659999999998,3.9671999999999983,-214.361,175,75
2026-05-11 17:55:10.415,3,0.08,-0.61,-0.15,212.0866,-40.7328,-229.361,175,75
2026-05-11 17:55:10.466,3,-0.8,-1.39,0.07,55.076600000000006,-121.28280000000001,-266.921,175,75
2026-05-11 17:55:10.480,3,-1.18,-1.26,-0.26,17.826600000000003,-61.7628,-275.581,175,75
2026-05-11 17:55:10.480,3,-1.5,-1.09,-0.48,14.526600000000002,15.977199999999996,-275.581,175,75
2026-05-11 17:55:10.493,3,-2.01,-0.95,-0.58,40.8666,141.3472,-251.49099999999999,175,75
2026-05-11 17:55:10.511,3,-2.71,-0.78,-0.5,85.50659999999999,350.48720000000003,-168.51100000000002,175,75
2026-05-11 17:55:10.519,3,-2.73,-0.71,-0.1,67.6966,365.1272,-118.141,175,75
2026-05-11 17:55:10.533,3,-2.62,-0.7,-0.02,21.416600000000003,341.40720000000005,-102.291,175,75
2026-05-11 17:55:10.537,3,-2.34,-0.6,-0.18,-60.6534,254.69719999999998,-84.661,175,75
2026-05-11 17:55:10.561,3,-2.21,-0.38,-0.17,-136.0834,202.7472,-35.091,175,75
2026-05-11 17:55:10.597,3,0.52,0.14,1.5,-367.6034,-384.51279999999997,88.569,175,75
2026-05-11 17:55:10.633,3,-1.9,-2.16,-0.86,-3.5833999999999993,222.6872,38.509,175,75
2026-05-11 17:55:10.655,3,-1.36,-1.67,0.19,28.2466,278.71720000000005,-56.431,175,75
2026-05-11 17:55:10.668,3,0.92,-1.79,1.57,-28.093399999999995,228.8472,10.338999999999999,175,75
2026-05-11 17:55:10.722,3,0.73,-2.08,0.73,-44.063399999999994,-63.2928,49.419,175,75
2026-05-11 17:55:10.796,3,1.26,-0.3,0.75,159.04659999999998,200.91719999999998,-33.441,175,75
2026-05-11 17:55:10.796,3,1.21,-0.04,1.21,153.8566,155.3672,-34.241,175,75
2026-05-11 17:55:10.819,3,0.5,-0.09,1.68,143.7366,64.75720000000001,-55.941,175,75
2026-05-11 17:55:10.838,3,1.79,-0.92,1.89,118.7966,-80.1228,-107.291,175,75
2026-05-11 17:55:10.848,3,1.53,-0.52,1.18,28.6166,-207.74280000000002,-115.401,175,75
2026-05-11 17:55:10.864,3,1.12,-0.49,0.52,24.4066,-195.7928,-140.031,175,75
2026-05-11 17:55:10.881,3,0.84,-0.56,0.12,31.1766,-148.0428,-186.62099999999998,175,75
2026-05-11 17:55:10.898,3,0.48,-0.57,0.04,50.446600000000004,-96.8228,-237.901,175,75
2026-05-11 17:55:10.905,3,0.05,-0.68,0.17,63.9166,-37.2528,-260.941,175,75
2026-05-11 17:55:10.918,3,-0.55,-0.76,0.27,69.1066,-14.142800000000001,-266.801,175,75
2026-05-11 17:55:10.930,3,-0.89,-0.9,0.3,58.9166,-12.0128,-275.821,175,75
2026-05-11 17:55:10.948,3,-1.6,-1.21,0.54,43.4966,21.647199999999998,-276.25100000000003,175,75
2026-05-11 17:55:10.948,3,-1.98,-1.01,0.44,28.2466,26.4672,-264.121,175,75
2026-05-11 17:55:11.022,3,-2.69,-0.45,-0.3,163.7366,486.7072,-113.441,175,75
2026-05-11 17:55:11.035,3,-2.26,-0.26,0.06,190.07659999999998,528.4172,-102.831,175,75
2026-05-11 17:55:11.035,3,-1.59,0.12,0.39,166.1766,502.56720000000007,-90.941,175,75
2026-05-11 17:55:11.073,3,-2.66,0.8,0.25,31.236600000000003,162.6872,144.47899999999998,175,75
2026-05-11 17:55:11.084,3,-0.08,-1.86,-0.2,4.346600000000002,112.8672,35.089,175,75
2026-05-11 17:55:11.095,3,-0.35,-1.59,0.26,-32.483399999999996,6.527200000000001,30.089,175,75
2026-05-11 17:55:11.144,3,-2.13,-2.11,-0.26,-203.0334,-67.3728,162.289,175,75
2026-05-11 17:55:11.144,3,-0.4,-1.2,-0.29,12.336600000000002,18.907199999999996,-87.711,175,75
2026-05-11 17:55:11.155,3,0.25,-0.51,0.77,-3.5833999999999993,59.3272,-39.051,175,75
2026-05-11 17:55:11.184,3,-0.43,-2.94,2.37,92.8266,54.517199999999995,-15.331,175,75
2026-05-11 17:55:11.270,3,-0.8,-1.01,1.34,-140.8334,177.6872,-38.081,175,75
2026-05-11 17:55:11.283,3,-0.64,-0.9,1.35,-164.0034,191.28719999999998,-14.911000000000001,175,75
2026-05-11 17:55:11.347,3,-0.05,-3.19,1.27,-80.5334,181.28719999999998,3.318999999999999,175,75
2026-05-11 17:55:11.373,3,0.31,-1.3,0.91,-111.5634,-34.7528,-16.921,175,75
2026-05-11 17:55:11.383,3,0.93,-1.15,0.56,-75.5334,-60.5428,-42.651,175,75
2026-05-11 17:55:11.396,3,1.26,-1.4,0.8,167.6966,42.627199999999995,6.008999999999999,175,75
2026-05-11 17:55:11.434,3,-0.97,-0.71,1.36,383.5566,172.19719999999998,42.099,175,75
2026-05-11 17:55:11.445,3,0.64,-1.3,1.77,363.3066,135.06719999999999,-69.721,175,75
2026-05-11 17:55:11.457,3,2.47,-0.51,2.58,357.6966,95.24719999999999,-134.911,175,75
2026-05-11 17:55:11.473,3,0.01,-1.62,-0.94,52.826600000000006,-444.26279999999997,-140.70100000000002,175,75
2026-05-11 17:55:11.523,3,0.19,-0.73,-1.89,185.5666,-54.5728,-319.421,175,75
2026-05-11 17:55:11.536,3,0.8,-0.41,-1.0,242.51659999999998,43.177200000000006,-306.921,175,75
2026-05-11 17:55:11.550,3,0.22,-0.76,0.4,172.6366,-103.0428,-244.541,175,75
2026-05-11 17:55:11.563,3,-0.21,-0.97,0.23,103.9166,-200.0628,-271.25100000000003,175,75
2026-05-11 17:55:11.573,3,-0.41,-0.95,-0.09,55.1366,-204.2028,-288.87100000000004,175,75
2026-05-11 17:55:11.573,3,-0.44,-0.88,-0.2,32.086600000000004,-155.5428,-294.481,175,75
2026-05-11 17:55:11.583,3,-0.45,-0.95,0.05,22.2166,-116.21279999999999,-297.411,175,75
2026-05-11 17:55:11.595,3,-1.16,-1.11,0.31,-56.08339999999999,-85.5428,-303.87100000000004,175,75
2026-05-11 17:55:11.606,3,-1.62,-1.08,-0.02,-96.4434,-37.6828,-297.591,175,75
2026-05-11 17:55:11.606,3,-2.18,-1.04,-0.55,-109.0034,73.71719999999999,-277.901,175,75
2026-05-11 17:55:11.617,3,-2.7,-1.05,-0.93,-76.5034,214.5172,-242.041,175,75
2026-05-11 17:55:11.638,3,-3.77,-0.87,-0.69,46.296600000000005,444.5772,-110.941,175,75
2026-05-11 17:55:11.638,3,-3.86,-0.81,-0.51,65.0166,429.2672,-87.471,175,75
2026-05-11 17:55:11.652,3,-3.9,-0.5,-0.21,27.026600000000002,358.53720000000004,-110.401,175,75
2026-05-11 17:55:11.667,3,-5.24,2.08,3.32,336.3566,524.6972000000001,-16.131,175,75
2026-05-11 17:55:11.725,3,3.68,-2.67,2.07,-495.1034,-409.45279999999997,87.349,175,75
2026-05-11 17:55:11.735,3,-1.91,-1.81,-1.28,-317.3034,38.2372,108.259,175,75
2026-05-11 17:55:11.827,3,-1.17,-2.1,0.51,14.716600000000001,286.9572,10.209,175,75
2026-05-11 17:55:11.851,3,-0.23,-2.03,1.21,-40.773399999999995,180.3672,5.029,175,75
2026-05-11 17:55:11.891,3,0.75,-1.84,1.86,-32.1134,260.54720000000003,62.649,175,75
2026-05-11 17:55:11.943,3,0.89,0.37,1.1,139.3466,130.6072,-60.641,175,75
2026-05-11 17:55:11.953,3,1.75,-1.06,1.88,81.11659999999999,-173.4128,-120.521,175,75
2026-05-11 17:55:11.981,3,0.49,-0.3,-0.67,-7.423399999999999,-136.8228,-237.591,175,75
2026-05-11 17:55:11.981,3,0.31,-0.24,-0.7,-6.323399999999998,-69.3928,-256.011,175,75
2026-05-11 17:55:12.083,3,-3.48,0.06,-0.55,189.4666,467.2572,-154.791,175,75
2026-05-11 17:55:12.083,3,-2.88,0.07,-0.07,278.7366,511.58720000000005,-113.751,175,75
2026-05-11 17:55:12.104,3,-1.55,0.01,0.82,195.2566,471.6472,-36.071,175,75
2026-05-11 17:55:12.129,3,-0.77,0.33,0.26,46.726600000000005,251.64719999999997,56.248999999999995,175,75
2026-05-11 17:55:12.135,3,-0.8,0.11,-0.25,42.6366,173.8472,86.79899999999999,175,75
2026-05-11 17:55:12.151,3,-2.37,0.75,-0.93,-6.3834,154.9372,121.67899999999999,175,75
2026-05-11 17:55:12.166,3,-0.68,-0.11,-1.1,5.806600000000001,216.6472,64.909,175,75
2026-05-11 17:55:12.188,3,0.47,0.16,0.21,-10.0434,173.8472,-29.541,175,75
2026-05-11 17:55:12.188,3,-1.72,0.48,1.03,0.07660000000000089,65.4272,138.079,175,75
2026-05-11 17:55:12.233,3,-0.86,-2.6,0.49,58.9166,298.90720000000005,3.0189999999999984,175,75
2026-05-11 17:55:12.243,3,-0.02,-3.88,2.3,193.9166,109.3272,-83.571,175,75
2026-05-11 17:55:12.243,3,-1.03,-2.09,1.23,108.0666,117.9272,-61.491,175,75
2026-05-11 17:55:12.254,3,-1.21,-1.23,0.69,17.1566,85.3672,-0.5810000000000004,175,75
2026-05-11 17:55:12.268,3,0.26,-0.5,1.24,29.8966,104.81719999999999,-6.981000000000001,175,75
2026-05-11 17:55:12.280,3,-0.63,-0.53,1.98,-13.523399999999997,103.1772,30.339,175,75
2026-05-11 17:55:12.291,3,-1.22,-0.81,1.89,-76.02340000000001,101.21719999999999,-2.8310000000000004,175,75
2026-05-11 17:55:12.310,3,-1.11,-0.88,1.55,-168.45340000000002,147.56719999999999,-27.711000000000002,175,75
2026-05-11 17:55:12.320,3,-0.61,-0.78,1.3,-196.2634,152.13719999999998,-29.241,175,75
2026-05-11 17:55:12.320,3,-0.76,-1.0,1.24,-187.1134,156.8972,-29.181,175,75
2026-05-11 17:55:12.329,3,-0.69,-1.48,1.22,-166.1434,165.5472,-43.021,175,75
2026-05-11 17:55:12.352,3,-0.45,-2.46,1.36,-142.3634,154.5772,-53.991,175,75
2026-05-11 17:55:12.367,3,-0.17,-2.99,1.12,-134.1334,148.41719999999998,-28.081,175,75
2026-05-11 17:55:12.367,3,0.17,-2.48,0.33,-130.3434,100.4872,-1.431000000000001,175,75
2026-05-11 17:55:12.437,3,-0.24,-1.45,0.94,249.7766,15.547199999999997,-4.661000000000001,175,75
2026-05-11 17:55:12.437,3,-0.78,-1.07,0.75,317.21659999999997,139.2672,9.788999999999998,175,75
2026-05-11 17:55:12.467,3,-0.09,-1.2,0.87,314.46659999999997,131.28719999999998,-22.041,175,75
2026-05-11 17:55:12.490,3,1.19,0.01,0.86,284.9566,44.5772,-54.121,175,75
2026-05-11 17:55:12.525,3,0.96,0.2,1.1,251.1166,-31.4028,-33.201,175,75
2026-05-11 17:55:12.570,3,0.38,-0.74,-0.1,183.8566,-188.3528,-143.57100000000003,175,75
2026-05-11 17:55:12.570,3,0.23,-0.65,-0.3,194.5866,-141.9528,-185.52100000000002,175,75
2026-05-11 17:55:12.613,3,0.25,-0.52,-0.26,211.9066,-105.6728,-207.961,175,75
2026-05-11 17:55:12.613,3,0.24,-0.61,-0.17,215.8066,-88.71279999999999,-220.88100000000003,175,75
2026-05-11 17:55:12.613,3,0.1,-0.79,-0.07,206.6066,-90.9728,-238.51100000000002,175,75
2026-05-11 17:55:12.626,3,-0.25,-0.9,-0.08,191.9066,-108.2328,-262.901,175,75
2026-05-11 17:55:12.639,3,-0.53,-0.85,-0.02,166.2366,-95.6028,-289.601,175,75
2026-05-11 17:55:12.650,3,-0.61,-0.85,0.25,161.8466,-94.3228,-295.031,175,75
2026-05-11 17:55:12.650,3,-0.72,-0.91,0.47,144.7166,-115.24279999999999,-296.31100000000004,175,75
2026-05-11 17:55:12.659,3,-0.9,-0.97,0.4,111.6666,-128.5928,-298.511,175,75
2026-05-11 17:55:12.659,3,-1.24,-0.96,0.02,68.0666,-98.84280000000001,-295.091,175,75
2026-05-11 17:55:12.704,3,-2.08,-0.57,-0.43,98.2466,147.7472,-277.651,175,75
2026-05-11 17:55:12.728,3,-2.09,-0.6,-0.44,95.50659999999999,221.1572,-259.541,175,75
2026-05-11 17:55:12.728,3,-1.97,-0.6,-0.66,48.976600000000005,284.7572,-216.13100000000003,175,75
2026-05-11 17:55:12.768,3,-2.86,0.47,-1.94,-209.8634,378.23720000000003,18.929,175,75
2026-05-11 17:55:12.789,3,-5.99,2.68,0.89,-148.2734,478.65720000000005,196.06900000000002,175,75
2026-05-11 17:55:12.789,3,-6.83,2.93,5.68,379.7766,974.3972,297.289,175,75
2026-05-11 17:55:12.822,3,1.3,-5.78,7.12,388.8566,-376.28279999999995,-267.101,175,75
2026-05-11 17:55:12.822,3,-1.81,0.54,1.61,-693.2134,-552.2528,393.449,175,75
2026-05-11 17:55:12.822,3,-1.09,-0.76,-0.74,-577.7833999999999,-81.6428,185.949,175,75
2026-05-11 17:55:12.847,3,-0.88,-1.5,-2.19,-64.49340000000001,37.3172,21.739,175,75
2026-05-11 17:55:12.858,3,-1.98,-1.56,-1.3,26.236600000000003,244.45719999999997,75.339,175,75
2026-05-11 17:55:12.862,3,-2.0,-1.69,0.2,21.6066,350.0672,51.919,175,75
2026-05-11 17:55:12.877,3,-1.02,-2.28,1.13,-26.563399999999994,183.2972,-32.291,175,75
2026-05-11 17:55:12.884,3,-0.23,-2.06,1.33,-56.8734,146.7672,-49.051,175,75
2026-05-11 17:55:12.896,3,0.61,-2.03,2.35,-52.843399999999995,168.7172,26.429000000000002,175,75
2026-05-11 17:55:12.937,3,1.17,-1.51,1.62,-158.3334,-99.93280000000001,87.289,175,75
2026-05-11 17:55:12.948,3,0.9,-1.8,0.91,-144.0034,-62.1928,74.599,175,75
2026-05-11 17:55:12.948,3,0.64,-1.29,0.61,-88.9434,-34.9928,29.729,175,75
2026-05-11 17:55:12.959,3,0.86,-0.84,0.63,-16.443399999999997,15.857199999999999,-19.601,175,75
2026-05-11 17:55:12.972,3,1.21,-0.19,0.99,84.6566,72.0172,-35.400999999999996,175,75
2026-05-11 17:55:12.997,3,1.38,0.03,1.33,118.2466,54.9972,-6.191000000000001,175,75
2026-05-11 17:55:13.008,3,-0.33,-0.26,1.55,118.5566,-27.8628,40.759,175,75
2026-05-11 17:55:13.008,3,0.23,-0.91,1.88,172.6966,-16.4628,-1.011000000000001,175,75
2026-05-11 17:55:13.021,3,1.84,-1.66,1.86,72.1566,-172.68280000000001,-61.981,175,75
2026-05-11 17:55:13.035,3,1.63,-0.88,1.06,-13.823399999999998,-266.64279999999997,-59.241,175,75
2026-05-11 17:55:13.083,3,0.97,-0.49,0.11,-5.953399999999997,-280.3628,-87.831,175,75
2026-05-11 17:55:13.094,3,0.51,-0.53,-0.73,-15.533399999999999,-202.43280000000001,-163.69099999999997,175,75
2026-05-11 17:55:13.120,3,-0.43,-0.73,-0.37,-29.803399999999996,55.2472,-241.19099999999997,175,75
2026-05-11 17:55:13.129,3,-0.7,-0.94,0.21,-21.563399999999994,59.0272,-255.401,175,75
2026-05-11 17:55:13.148,3,-1.51,-1.11,0.82,-39.803399999999996,23.5972,-226.43099999999998,175,75
2026-05-11 17:55:13.148,3,-2.06,-0.93,0.61,-78.4534,46.287200000000006,-228.63100000000003,175,75
2026-05-11 17:55:13.158,3,-2.35,-0.75,0.11,-95.77340000000001,105.6072,-250.76100000000002,175,75
2026-05-11 17:55:13.158,3,-2.49,-0.71,-0.44,-53.1534,234.02719999999997,-255.091,175,75
2026-05-11 17:55:13.198,3,-2.35,0.25,0.3,211.8466,549.0872,-124.121,175,75
2026-05-11 17:55:13.223,3,-1.83,0.58,0.3,125.50659999999999,389.5772,-60.821,175,75
2026-05-11 17:55:13.235,3,-1.59,0.54,-0.04,76.9066,301.6472,-8.931000000000001,175,75
2026-05-11 17:55:13.235,3,-1.51,0.53,-0.56,54.3466,176.03719999999998,59.669,175,75
2026-05-11 17:55:13.260,3,-3.49,1.75,0.34,85.44659999999999,207.31719999999999,112.779,175,75
2026-05-11 17:55:13.260,3,0.14,-1.09,-0.59,101.5466,195.6072,89.909,175,75
2026-05-11 17:55:13.271,3,-1.2,-1.4,-0.52,-46.633399999999995,18.2372,119.599,175,75
2026-05-11 17:55:13.284,3,-3.83,-0.78,-0.55,-118.45340000000002,-184.4528,232.469,175,75
2026-05-11 17:55:13.289,3,-2.86,-2.18,-1.3,-198.6434,-32.6228,149.47899999999998,175,75
2026-05-11 17:55:13.300,3,-0.98,-1.67,-1.37,-152.6634,29.4572,-118.631,175,75
2026-05-11 17:55:13.312,3,2.77,-5.8,1.54,199.2866,78.1072,-251.74099999999999,175,75
2026-05-11 17:55:13.323,3,-0.84,-4.61,1.74,278.5566,420.97720000000004,123.379,175,75
2026-05-11 17:55:13.354,3,-0.83,-0.06,-0.62,100.19659999999999,146.5872,-233.63100000000003,175,75
2026-05-11 17:55:13.378,3,-0.41,-0.69,3.89,54.7766,58.177200000000006,103.259,175,75
2026-05-11 17:55:13.390,3,-1.91,-0.76,1.86,-120.1634,-38.9628,64.059,175,75
2026-05-11 17:55:13.422,3,-0.7,-0.84,1.36,-83.21340000000001,147.56719999999999,-24.541,175,75
2026-05-11 17:55:13.445,3,-0.72,-1.21,1.47,-180.5934,190.4872,-32.650999999999996,175,75
2026-05-11 17:55:13.456,3,-0.69,-1.33,1.39,-198.2734,160.00719999999998,-30.821,175,75
2026-05-11 17:55:13.459,3,-0.27,-2.24,1.21,-185.4734,108.2972,-23.691000000000003,175,75
2026-05-11 17:55:13.471,3,0.3,-2.93,0.71,-177.9134,56.157199999999996,-9.421000000000001,175,75
2026-05-11 17:55:13.497,3,-0.03,-1.96,-0.02,-84.6134,35.0072,-14.851,175,75
2026-05-11 17:55:13.497,3,0.27,-1.02,0.26,-22.423399999999994,62.017199999999995,-52.651,175,75
2026-05-11 17:55:13.519,3,1.54,-1.3,0.85,98.7966,-72.4328,29.789,175,75
2026-05-11 17:55:13.546,3,-0.09,-1.64,0.26,160.01659999999998,-19.3928,24.668999999999997,175,75
2026-05-11 17:55:13.559,3,-0.2,-1.6,-0.01,188.3666,100.3672,-0.8210000000000006,175,75
2026-05-11 17:55:13.559,3,0.07,-1.42,-0.13,217.82659999999998,180.7972,-36.311,175,75
2026-05-11 17:55:13.583,3,0.67,-0.82,-0.14,204.8966,172.13719999999998,-101.371,175,75
2026-05-11 17:55:13.604,3,1.17,-0.01,0.59,231.2366,153.6572,-129.481,175,75
2026-05-11 17:55:13.623,3,1.16,-0.09,1.08,135.0166,-45.1828,-153.38100000000003,175,75
2026-05-11 17:55:13.636,3,0.95,-0.42,0.46,82.6366,-139.1428,-166.31099999999998,175,75
2026-05-11 17:55:13.652,3,0.55,-0.5,0.01,89.83659999999999,-132.5628,-199.12099999999998,175,75
2026-05-11 17:55:13.669,3,0.39,-0.54,-0.08,105.3266,-82.9828,-249.971,175,75
2026-05-11 17:55:13.669,3,0.41,-0.58,0.05,108.0666,-53.5928,-276.25100000000003,175,75
2026-05-11 17:55:13.703,3,-0.19,-0.78,0.3,122.5166,6.347200000000001,-325.521,175,75
2026-05-11 17:55:13.721,3,-0.52,-0.76,0.53,144.8366,20.9172,-343.571,175,75
2026-05-11 17:55:13.738,3,-0.9,-0.61,0.44,141.6066,26.767200000000003,-335.091,175,75
2026-05-11 17:55:13.746,3,-1.2,-0.73,0.29,145.6266,72.9872,-319.541,175,75
2026-05-11 17:55:13.760,3,-1.65,-0.99,0.39,187.51659999999998,146.9572,-295.401,175,75
2026-05-11 17:55:13.760,3,-2.04,-1.18,0.53,221.7866,175.3672,-271.011,175,75
2026-05-11 17:55:13.774,3,-2.63,-1.27,0.51,230.9966,196.4072,-238.93099999999998,175,75
2026-05-11 17:55:13.786,3,-3.27,-1.13,0.24,209.4666,245.4872,-228.75099999999998,175,75
2026-05-11 17:55:13.808,3,-3.58,-0.35,-1.18,205.01659999999998,384.9372,-149.971,175,75
2026-05-11 17:55:13.838,3,-2.5,0.56,-0.7,202.0866,452.3172,-135.761,175,75
2026-05-11 17:55:13.848,3,-0.07,1.03,0.43,67.9466,210.6772,-116.311,175,75
2026-05-11 17:55:13.860,3,-0.83,1.79,2.67,-104.13340000000001,-7.012800000000002,57.409000000000006,175,75
2026-05-11 17:55:13.882,3,0.67,-4.48,3.3,-274.6134,-188.9028,39.599,175,75
2026-05-11 17:55:13.889,3,2.2,0.38,1.22,-394.2534,-423.1728,7.529,175,75
2026-05-11 17:55:13.917,3,-0.05,-1.63,-0.27,-204.1934,132.6272,136.79899999999998,175,75
2026-05-11 17:55:13.929,3,-0.97,-2.53,-0.16,-136.1434,253.1072,139.539,175,75
2026-05-11 17:55:13.940,3,-1.71,-2.48,-0.49,-172.9134,105.18719999999999,156.85899999999998,175,75
2026-05-11 17:55:13.950,3,-1.83,-2.29,-1.03,-112.1134,114.0872,122.229,175,75
2026-05-11 17:55:13.953,3,-1.26,-1.87,-0.27,-14.193399999999999,180.6772,65.519,175,75
2026-05-11 17:55:13.969,3,0.12,-1.76,0.86,39.2866,239.63719999999998,16.189,175,75
2026-05-11 17:55:13.986,3,0.52,-1.48,2.36,39.2866,295.1272,56.129000000000005,175,75
2026-05-11 17:55:13.986,3,0.5,-1.8,2.92,-3.8834,162.9872,80.209,175,75
2026-05-11 17:55:13.997,3,0.72,-2.06,2.94,-64.8634,31.827199999999998,50.149,175,75
2026-05-11 17:55:14.007,3,1.14,-1.68,2.06,-130.2234,-109.08279999999999,64.969,175,75
2026-05-11 17:55:14.065,3,1.42,-0.14,1.2,136.0566,173.41719999999998,-40.941,175,75
2026-05-11 17:55:14.074,3,1.57,-0.07,1.73,151.2366,126.6472,-46.131,175,75
2026-05-11 17:55:14.100,3,-0.05,-0.3,0.95,74.7766,-7.192800000000002,-28.321,175,75
2026-05-11 17:55:14.150,3,1.14,-0.73,0.81,25.256600000000002,-283.1728,-141.801,175,75
2026-05-11 17:55:14.190,3,-0.28,-0.96,-0.68,2.026600000000002,67.37719999999999,-273.141,175,75
2026-05-11 17:55:14.215,3,-0.64,-1.26,-0.16,7.456600000000002,74.5172,-288.141,175,75
2026-05-11 17:55:14.226,3,-1.62,-1.24,0.3,0.19660000000000188,59.877199999999995,-251.801,175,75
2026-05-11 17:55:14.270,3,-2.47,-0.87,0.22,-25.773399999999995,138.2372,-248.38100000000003,175,75
2026-05-11 17:55:14.290,3,-2.7,-0.84,-0.29,55.3866,328.78720000000004,-143.32100000000003,175,75
2026-05-11 17:55:14.317,3,-3.1,-0.19,-0.6,151.3566,509.57720000000006,-65.271,175,75
2026-05-11 17:55:14.358,3,-1.7,0.37,-0.43,170.5666,516.7072000000001,-36.981,175,75
2026-05-11 17:55:14.370,3,-2.31,1.06,0.12,133.3066,437.2572,62.289,175,75
2026-05-11 17:55:14.370,3,-1.44,0.68,0.76,105.0166,373.10720000000003,116.189,175,75
2026-05-11 17:55:14.380,3,0.1,-2.24,1.01,56.726600000000005,103.59719999999999,95.519,175,75
2026-05-11 17:55:14.410,3,-3.44,-1.14,-0.41,-203.70340000000002,-144.3928,195.519,175,75
2026-05-11 17:55:14.411,3,-1.49,-1.34,-1.71,-123.27340000000001,77.49719999999999,-8.321000000000002,175,75
2026-05-11 17:55:14.422,3,-1.01,-1.02,-0.65,14.5866,62.257200000000005,-51.071,175,75
2026-05-11 17:55:14.445,3,1.33,-3.69,1.81,142.8866,126.46719999999999,-64.971,175,75
2026-05-11 17:55:14.451,3,0.33,-1.75,2.67,137.2166,223.0472,45.399,175,75
2026-05-11 17:55:14.462,3,-1.84,-1.01,1.34,-51.4434,59.517199999999995,114.849,175,75
2026-05-11 17:55:14.473,3,0.05,-0.45,0.41,60.446600000000004,184.5772,-53.381,175,75
2026-05-11 17:55:14.477,3,0.16,-0.73,2.46,-10.953399999999997,179.5772,51.009,175,75
2026-05-11 17:55:14.511,3,-0.61,-1.17,1.19,-106.02340000000001,211.1572,-37.041,175,75
2026-05-11 17:55:14.546,3,-0.0,-3.14,1.52,-75.4734,94.75720000000001,-9.361,175,75
2026-05-11 17:55:14.562,3,0.28,-2.9,1.57,-85.0434,-31.2128,-3.6910000000000007,175,75
2026-05-11 17:55:14.571,3,0.79,-1.8,1.34,-135.4134,-99.75280000000001,-37.531000000000006,175,75
2026-05-11 17:55:14.578,3,1.22,-0.74,0.78,-123.0334,-94.08279999999999,-34.481,175,75
2026-05-11 17:55:14.591,3,1.7,-0.61,0.28,-43.703399999999995,-32.4928,-6.551000000000001,175,75
2026-05-11 17:55:14.605,3,2.0,-1.02,0.23,61.7866,-8.352800000000002,-1.7410000000000005,175,75
2026-05-11 17:55:14.605,3,1.03,-1.22,0.33,136.1166,-29.0228,-15.331,175,75
2026-05-11 17:55:14.629,3,0.26,-1.24,-0.02,190.9966,79.69720000000001,-24.241,175,75
2026-05-11 17:55:14.686,3,2.12,-2.07,2.1,205.2566,-81.7028,-104.481,175,75
2026-05-11 17:55:14.695,3,1.66,-0.56,1.11,54.89660000000001,-253.6528,-68.381,175,75
2026-05-11 17:55:14.708,3,0.95,-0.4,0.19,74.8366,-305.7928,-108.081,175,75
2026-05-11 17:55:14.722,3,0.77,-0.79,-0.41,75.4466,-291.70279999999997,-160.70100000000002,175,75
2026-05-11 17:55:14.722,3,0.73,-0.95,-0.83,55.1366,-219.3228,-206.19099999999997,175,75
2026-05-11 17:55:14.767,3,0.4,-0.55,-0.49,77.4566,-11.642800000000001,-268.69100000000003,175,75
2026-05-11 17:55:14.777,3,0.3,-0.64,-0.06,74.3466,-27.192800000000002,-277.531,175,75
2026-05-11 17:55:14.820,3,-0.44,-0.81,0.05,6.416600000000002,-48.2928,-294.541,175,75
2026-05-11 17:55:14.835,3,-0.73,-1.02,0.12,-17.1134,-2.012800000000002,-305.461,175,75
2026-05-11 17:55:14.851,3,-1.71,-1.3,0.21,-37.423399999999994,71.9572,-276.43100000000004,175,75
2026-05-11 17:55:14.878,3,-2.38,-1.34,0.24,-31.3234,120.8572,-246.801,175,75
2026-05-11 17:55:14.902,3,-3.19,-1.16,0.25,-22.603399999999993,181.1572,-203.32100000000003,175,75
2026-05-11 17:55:14.922,3,-4.24,-0.24,-0.03,92.8866,340.48720000000003,-150.82100000000003,175,75
2026-05-11 17:55:14.956,3,-2.81,-0.86,1.94,89.7166,114.3272,-61.011,175,75
2026-05-11 17:55:14.956,3,0.66,-3.26,-0.59,-355.4734,-105.9728,104.539,175,75
2026-05-11 17:55:14.973,3,-1.83,-0.71,-1.33,-271.3234,-358.78279999999995,298.139,175,75
2026-05-11 17:55:14.989,3,1.22,-4.05,0.93,69.7166,352.5672,-26.131,175,75
2026-05-11 17:55:15.006,3,0.08,-0.3,1.42,68.9766,352.6272,108.019,175,75
2026-05-11 17:55:15.027,3,-2.01,-1.43,0.3,-162.7234,-51.2828,145.949,175,75
2026-05-11 17:55:15.059,3,-0.02,-2.04,1.74,-21.9334,153.9072,-15.581,175,75
2026-05-11 17:55:15.069,3,0.51,-2.2,1.67,-29.983399999999996,145.3072,-0.8210000000000006,175,75
2026-05-11 17:55:15.078,3,0.77,-2.22,1.61,-56.75339999999999,41.647200000000005,36.129,175,75
2026-05-11 17:55:15.098,3,1.06,-2.11,1.58,-75.77340000000001,34.0872,40.638999999999996,175,75
2026-05-11 17:55:15.101,3,1.42,-2.03,1.34,-33.5834,51.5872,31.249000000000002,175,75
2026-05-11 17:55:15.115,3,2.09,-2.37,0.92,-26.813399999999994,44.0872,22.959,175,75
2026-05-11 17:55:15.161,3,1.1,-0.29,0.61,216.4766,240.9172,-88.321,175,75
2026-05-11 17:55:15.178,3,0.2,0.08,1.47,232.3966,149.63719999999998,-84.481,175,75
2026-05-11 17:55:15.203,3,1.32,-0.54,0.48,46.726600000000005,-193.9028,-156.43099999999998,175,75
2026-05-11 17:55:15.214,3,1.02,-0.52,-0.03,40.446600000000004,-181.7628,-193.51100000000002,175,75
2026-05-11 17:55:15.224,3,0.9,-0.59,-0.36,21.3566,-163.4728,-225.58100000000002,175,75
2026-05-11 17:55:15.239,3,0.6,-0.55,-0.61,-9.373399999999998,-130.6028,-247.591,175,75
2026-05-11 17:55:15.282,3,0.25,-0.49,-0.73,-28.3934,-63.1728,-268.141,175,75
2026-05-11 17:55:15.292,3,-0.06,-0.53,-0.56,-27.603399999999993,1.7072000000000003,-283.201,175,75
2026-05-11 17:55:15.292,3,-0.23,-0.71,-0.31,-25.343399999999995,22.8072,-290.331,175,75
2026-05-11 17:55:15.314,3,-0.39,-0.99,-0.09,-26.1434,13.8472,-293.081,175,75
2026-05-11 17:55:15.314,3,-0.77,-1.23,0.26,-30.533399999999993,-4.692800000000002,-285.151,175,75
2026-05-11 17:55:15.336,3,-1.69,-1.66,0.53,-35.413399999999996,42.017199999999995,-217.531,175,75
2026-05-11 17:55:15.372,3,-2.92,-1.05,-0.16,14.046600000000002,271.40720000000005,-198.81099999999998,175,75
2026-05-11 17:55:15.409,3,-2.87,0.16,-0.22,231.3566,524.6372,-63.081,175,75
2026-05-11 17:55:15.432,3,-1.35,-0.12,0.55,178.0666,434.5772,7.408999999999999,175,75
2026-05-11 17:55:15.432,3,-0.88,-0.1,0.28,83.3066,331.7672,59.789,175,75
2026-05-11 17:55:15.454,3,-0.81,-0.05,-0.24,44.226600000000005,264.6972,98.629,175,75
2026-05-11 17:55:15.464,3,-1.33,0.27,-0.49,29.2866,263.23720000000003,121.55900000000001,175,75
2026-05-11 17:55:15.487,3,-2.28,1.73,0.47,10.136600000000001,285.1872,133.199,175,75
2026-05-11 17:55:15.487,3,1.49,-2.17,0.94,16.116600000000002,125.6072,40.028999999999996,175,75
2026-05-11 17:55:15.498,3,-1.49,0.04,1.68,-22.843399999999995,-115.24279999999999,169.969,175,75
2026-05-11 17:55:15.519,3,-1.59,-2.12,-0.26,-224.67340000000002,50.7972,94.729,175,75
2026-05-11 17:55:15.531,3,-0.73,-1.07,-0.85,-135.0434,-18.5928,26.308999999999997,175,75
2026-05-11 17:55:15.551,3,0.13,-1.67,-0.24,12.276600000000002,81.34719999999999,-13.511000000000001,175,75
2026-05-11 17:55:15.562,3,-1.05,-2.24,1.27,29.776600000000002,105.5472,34.239,175,75
2026-05-11 17:55:15.565,3,-1.78,-0.99,0.01,-7.303399999999998,-4.262800000000002,51.679,175,75
2026-05-11 17:55:15.618,3,0.07,-0.56,2.12,14.466600000000001,169.75719999999998,-2.771000000000001,175,75
2026-05-11 17:55:15.629,3,-0.88,-1.11,1.73,-78.1534,75.4872,24.238999999999997,175,75
2026-05-11 17:55:15.641,3,-1.06,-1.18,1.28,-114.74340000000001,141.7072,-19.181,175,75
2026-05-11 17:55:15.659,3,0.13,-2.02,1.76,-104.9234,181.8272,-1.4910000000000005,175,75
2026-05-11 17:55:15.659,3,-0.17,-2.75,1.68,-98.7634,174.81719999999999,-2.6510000000000007,175,75
2026-05-11 17:55:15.678,3,0.15,-3.06,1.54,-60.6534,89.0872,-2.961000000000001,175,75
2026-05-11 17:55:15.690,3,0.29,-2.61,1.58,-83.3934,5.187200000000001,-17.591,175,75
2026-05-11 17:55:15.709,3,1.83,-0.79,0.56,-34.743399999999994,89.2672,-56.131,175,75
2026-05-11 17:55:15.709,3,2.12,-0.85,0.63,60.256600000000006,107.68719999999999,-30.941000000000003,175,75
2026-05-11 17:55:15.720,3,1.81,-1.16,0.73,116.6666,2.927199999999999,-44.541000000000004,175,75
2026-05-11 17:55:15.761,3,-1.18,-1.08,1.01,328.9766,161.03719999999998,65.459,175,75
2026-05-11 17:55:15.801,3,2.24,-1.87,2.06,191.9666,-73.6528,-99.481,175,75
2026-05-11 17:55:15.812,3,1.74,-0.28,1.29,48.5566,-229.4528,-35.091,175,75
2026-05-11 17:55:15.812,3,1.09,-0.06,0.52,56.3566,-315.0628,-52.901,175,75
2026-05-11 17:55:15.828,3,0.81,-0.91,-0.88,25.1366,-291.64279999999997,-146.13100000000003,175,75
2026-05-11 17:55:15.867,3,0.54,-0.26,-1.0,11.846600000000002,-68.7128,-220.70100000000002,175,75
2026-05-11 17:55:15.899,3,-0.12,-0.71,-0.02,-44.493399999999994,-93.96279999999999,-260.761,175,75
2026-05-11 17:55:15.910,3,-0.3,-0.81,0.09,-60.28339999999999,-85.7928,-269.051,175,75
2026-05-11 17:55:15.929,3,-0.57,-1.13,0.42,-72.66340000000001,-64.3928,-283.81100000000004,175,75
2026-05-11 17:55:15.953,3,-1.21,-1.74,0.44,-97.1134,0.24719999999999942,-278.81100000000004,175,75
2026-05-11 17:55:15.986,3,-1.69,-1.9,0.25,-104.74340000000001,77.19720000000001,-268.63100000000003,175,75
2026-05-11 17:55:16.009,3,-3.78,-0.58,0.03,4.526600000000002,268.23720000000003,-184.481,175,75
2026-05-11 17:55:16.020,3,-3.96,0.5,0.43,133.3666,353.10720000000003,-138.14100000000002,175,75
2026-05-11 17:55:16.043,3,-2.24,-0.1,2.17,120.0166,117.43719999999999,118.079,175,75
2026-05-11 17:55:16.141,3,-0.59,-2.88,-0.32,136.8466,331.8972,65.089,175,75
2026-05-11 17:55:16.165,3,-0.61,-0.82,1.35,89.1066,198.78719999999998,96.309,175,75
2026-05-11 17:55:16.176,3,-0.85,-0.98,1.92,2.3366000000000025,78.3572,90.639,175,75
2026-05-11 17:55:16.188,3,-0.79,-0.93,1.41,-59.3734,70.6772,58.07899999999999,175,75
2026-05-11 17:55:16.198,3,-0.4,-1.15,1.02,-53.7634,75.4872,-6.681000000000001,175,75
2026-05-11 17:55:16.210,3,-0.17,-1.45,0.85,-40.8334,92.37719999999999,-28.511,175,75
2026-05-11 17:55:16.272,3,1.64,-1.92,0.6,76.3566,104.93719999999999,-7.711,175,75
2026-05-11 17:55:16.284,3,1.58,-1.44,0.3,91.0566,105.24719999999999,-45.151,175,75
2026-05-11 17:55:16.293,3,1.29,-0.95,-0.02,110.0766,132.7472,-59.421,175,75
2026-05-11 17:55:16.308,3,1.0,-0.2,0.19,187.51659999999998,231.64719999999997,-63.991,175,75
2026-05-11 17:55:16.318,3,0.75,0.14,1.06,227.9466,213.78719999999998,-53.931,175,75
2026-05-11 17:55:16.318,3,0.34,0.04,1.53,215.32659999999998,115.00719999999998,-34.911,175,75
2026-05-11 17:55:16.341,3,1.05,-0.84,2.07,235.9366,24.0272,-63.201,175,75
2026-05-11 17:55:16.341,3,2.18,-1.67,1.91,106.11659999999999,-175.9728,-80.761,175,75
2026-05-11 17:55:16.365,3,1.62,-0.96,0.8,-9.373399999999998,-286.15279999999996,-102.901,175,75
2026-05-11 17:55:16.379,3,1.18,-0.66,-0.05,-20.473399999999998,-281.52279999999996,-142.77100000000002,175,75
2026-05-11 17:55:16.413,3,0.95,-0.52,-0.65,-19.193399999999997,-247.68280000000001,-187.291,175,75
2026-05-11 17:55:16.459,3,-0.27,-0.76,-0.59,-72.4834,5.487199999999998,-237.77100000000002,175,75
2026-05-11 17:55:16.501,3,-1.45,-1.62,0.22,-147.7834,1.897199999999998,-235.76100000000002,175,75
2026-05-11 17:55:16.513,3,-1.57,-1.44,-0.03,-137.0534,79.81719999999999,-244.721,175,75
2026-05-11 17:55:16.524,3,-1.8,-1.02,-0.04,-74.2534,264.5172,-204.541,175,75
2026-05-11 17:55:16.534,3,-2.19,-0.64,0.06,-20.773399999999995,296.28720000000004,-154.051,175,75
2026-05-11 17:55:16.561,3,-2.48,-0.07,0.17,12.026600000000002,347.7472,-69.051,175,75
2026-05-11 17:55:16.584,3,-1.99,0.1,0.29,26.416600000000003,299.5172,-62.161,175,75
2026-05-11 17:55:16.596,3,-1.47,0.3,0.31,22.6366,249.57719999999998,-36.551,175,75
2026-05-11 17:55:16.609,3,-2.21,0.86,1.75,153.4366,350.73720000000003,106.009,175,75
2026-05-11 17:55:16.633,3,1.16,-4.4,0.91,-5.953399999999997,-182.80280000000002,131.18900000000002,175,75
2026-05-11 17:55:16.646,3,-3.43,-1.25,-2.06,-366.0234,-425.5428,351.24899999999997,175,75
2026-05-11 17:55:16.705,3,-0.34,-0.68,1.28,-56.44339999999999,-11.7028,-75.151,175,75
2026-05-11 17:55:16.756,3,-0.87,-0.73,1.07,-62.423399999999994,22.257199999999997,41.129,175,75
2026-05-11 17:55:16.797,3,-0.25,-0.86,1.15,-83.52340000000001,101.28720000000001,4.2989999999999995,175,75
2026-05-11 17:55:16.808,3,-0.55,-0.99,1.11,-81.63340000000001,99.3972,-3.261000000000001,175,75
2026-05-11 17:55:16.869,3,-0.42,-1.49,0.97,-85.2834,79.4572,-23.081000000000003,175,75
2026-05-11 17:55:16.903,3,0.16,-2.26,0.64,-46.633399999999995,34.3972,-1.9810000000000008,175,75
2026-05-11 17:55:16.961,3,1.09,-1.67,0.89,16.236600000000003,82.0172,-4.541,175,75
2026-05-11 17:55:16.973,3,1.12,-1.8,0.97,72.5766,95.06719999999999,-29.421,175,75
2026-05-11 17:55:16.983,3,0.53,-1.34,0.47,108.6766,7.437200000000001,-76.981,175,75
2026-05-11 17:55:16.993,3,-1.05,0.24,0.6,311.5466,286.28720000000004,-28.991,175,75
2026-05-11 17:55:17.022,3,0.41,0.62,-0.77,33.2466,-171.0328,-131.74099999999999,175,75
2026-05-11 17:55:17.022,3,0.51,1.0,-1.35,27.1566,-123.2928,-189.051,175,75
2026-05-11 17:55:17.045,3,0.8,0.89,-1.8,2.276600000000002,-74.2628,-192.711,175,75
2026-05-11 17:55:17.055,3,-0.19,0.51,-1.33,-25.343399999999995,127.50719999999998,-191.981,175,75
2026-05-11 17:55:17.068,3,-0.27,0.4,-0.72,-37.913399999999996,126.8272,-218.99099999999999,175,75
2026-05-11 17:55:17.068,3,-0.33,0.32,-0.41,-55.7734,95.7972,-212.83100000000002,175,75
2026-05-11 17:55:17.084,3,-0.52,0.05,-0.33,-45.593399999999995,65.18719999999999,-182.711,175,75
2026-05-11 17:55:17.132,3,-1.39,-10.49,2.57,12.276600000000002,118.59719999999999,-53.631,175,75
2026-05-11 17:55:17.172,3,-1.51,0.74,-0.18,461.4166,252.9272,261.55899999999997,175,75
2026-05-11 17:55:17.184,3,-2.32,2.37,1.76,310.8066,292.3172,-105.761,175,75
2026-05-11 17:55:17.196,3,1.26,-0.42,4.39,125.86659999999999,326.28720000000004,-104.911,175,75
2026-05-11 17:55:17.246,3,-1.62,-0.62,0.57,-194.0034,-224.2028,51.249,175,75
2026-05-11 17:55:17.246,3,-0.97,-1.07,-0.53,-32.843399999999995,21.0972,-112.351,175,75
2026-05-11 17:55:17.281,3,-0.86,-1.21,0.68,47.8866,61.4672,-105.881,175,75
2026-05-11 17:55:17.281,3,-0.87,-1.42,1.11,14.226600000000001,98.47720000000001,-97.101,175,75
2026-05-11 17:55:17.294,3,-0.57,-1.75,1.35,-67.1134,28.4172,-107.291,175,75
2026-05-11 17:55:17.294,3,-0.07,-2.35,1.28,-123.1534,-49.692800000000005,-137.221,175,75
2026-05-11 17:55:17.306,3,0.08,-2.56,0.88,-123.52340000000001,-79.9328,-122.651,175,75
2026-05-11 17:55:17.324,3,-0.09,-2.27,-0.17,-110.2834,-133.9028,-79.601,175,75
2026-05-11 17:55:17.337,3,-0.08,-1.51,-1.0,-126.02340000000001,-195.36280000000002,-99.541,175,75
2026-05-11 17:55:17.369,3,-1.83,-0.36,-1.13,-32.173399999999994,-38.3528,-9.361,175,75
2026-05-11 17:55:17.372,3,-1.9,0.1,-0.96,13.856600000000002,7.077199999999998,23.259,175,75
2026-05-11 17:55:17.388,3,-1.75,-0.02,-1.06,39.9566,36.7072,22.099,175,75
2026-05-11 17:55:17.427,3,-1.33,-0.53,-1.09,93.3066,215.91719999999998,33.509,175,75
2026-05-11 17:55:17.427,3,-0.18,-1.23,-1.23,70.2566,330.1272,41.489,175,75
2026-05-11 17:55:17.431,3,0.34,-1.2,-1.26,-56.9334,232.19719999999998,31.738999999999997,175,75
2026-05-11 17:55:17.445,3,-0.66,0.17,-1.3,-78.0934,108.71719999999999,9.299,175,75
2026-05-11 17:55:17.453,3,-0.48,0.07,-0.99,-94.9234,174.75719999999998,-4.851000000000001,175,75
2026-05-11 17:55:17.498,3,0.17,-0.63,0.03,-242.8434,-4.142800000000001,-29.661,175,75
2026-05-11 17:55:17.543,3,0.0,-0.83,0.31,-246.08339999999998,10.0672,-36.801,175,75
2026-05-11 17:55:17.544,3,-0.15,-0.87,0.38,-241.5634,32.5672,-44.121,175,75
2026-05-11 17:55:17.554,3,-0.27,-0.82,0.51,-235.1034,52.987199999999994,-46.371,175,75
2026-05-11 17:55:17.586,3,-1.11,-1.1,1.05,-139.98340000000002,93.65719999999999,-21.491,175,75
2026-05-11 17:55:17.662,3,-1.35,-0.39,2.39,53.436600000000006,170.4272,3.8089999999999993,175,75
2026-05-11 17:55:17.699,3,-1.39,-0.68,1.09,42.2766,-87.8628,159.599,175,75
2026-05-11 17:55:17.715,3,-1.23,-0.63,0.84,58.186600000000006,-90.4228,147.709,175,75
2026-05-11 17:55:17.715,3,-0.74,-0.51,0.73,65.1366,-102.9828,137.589,175,75
2026-05-11 17:55:17.726,3,-0.18,-0.49,0.7,52.6366,-127.56280000000001,131.06900000000002,175,75
2026-05-11 17:55:17.726,3,0.13,-0.39,0.52,26.236600000000003,-154.1428,123.319,175,75
2026-05-11 17:55:17.819,3,4.47,3.36,2.29,-16.873399999999997,241.21720000000002,-316.551,175,75
2026-05-11 17:55:17.844,3,-1.68,-2.62,0.37,-32.5434,-257.6228,90.149,175,75
2026-05-11 17:55:17.907,3,0.12,-0.04,-0.13,13.976600000000001,0.9172000000000011,-40.641,175,75
2026-05-11 17:55:17.907,3,-0.33,0.12,0.0,29.406600000000005,-26.3428,16.558999999999997,175,75
2026-05-11 17:55:18.006,3,-0.57,-1.15,0.46,13.2466,-3.232800000000001,-49.361000000000004,175,75
2026-05-11 17:55:18.006,3,-0.46,-0.9,0.34,-2.1133999999999986,-22.6228,-55.091,175,75
2026-05-11 17:55:18.048,3,-0.4,-0.89,0.26,10.256600000000002,7.3172,-45.211,175,75
2026-05-11 17:55:18.102,3,-0.4,-0.78,0.22,1.7866000000000017,-12.982800000000001,-46.131,175,75
2026-05-11 17:55:18.154,3,-0.4,-0.7,0.17,3.3066000000000013,-28.8428,-47.291000000000004,175,75
2026-05-11 17:55:18.154,3,-0.37,-0.7,0.13,7.636600000000001,-38.7828,-49.051,175,75
2026-05-11 17:55:18.165,3,-0.29,-0.77,0.03,8.616600000000002,-41.8928,-47.161,175,75
2026-05-11 17:55:18.175,3,-0.28,-0.8,-0.01,11.906600000000001,-35.5428,-44.541000000000004,175,75
2026-05-11 17:55:18.176,3,-0.18,-0.83,0.03,25.0766,-30.602800000000002,-43.201,175,75
2026-05-11 17:55:18.197,3,-0.07,-0.82,-0.15,56.296600000000005,-21.7028,-13.571000000000002,175,75
2026-05-11 17:55:18.208,3,-0.77,-0.93,-0.24,69.4666,-135.5428,79.29899999999999,175,75
2026-05-11 17:55:18.208,3,-0.52,-1.18,-0.04,24.586600000000004,-232.9228,80.699,175,75
2026-05-11 17:55:18.221,3,-0.38,-1.35,0.01,22.336600000000004,-305.1828,51.009,175,75
2026-05-11 17:55:18.244,3,-0.59,-1.43,-0.25,-5.4734,-330.0628,65.149,175,75
2026-05-11 17:55:18.255,3,0.05,-1.1,-0.66,-72.60340000000001,-205.5428,-4.111000000000001,175,75
2026-05-11 17:55:18.265,3,1.0,-0.89,-1.2,-168.2734,-194.8728,-41.921,175,75
2026-05-11 17:55:18.265,3,1.0,-0.6,-1.53,-202.6034,-194.3928,-38.321,175,75
2026-05-11 17:55:18.290,3,0.52,-1.56,-1.42,-236.6934,112.37719999999999,-39.791,175,75
2026-05-11 17:55:18.290,3,0.72,-2.04,-0.67,-266.9334,96.09719999999999,-61.191,175,75
2026-05-11 17:55:18.300,3,0.49,-2.23,-0.25,-305.9534,16.3472,-87.831,175,75
2026-05-11 17:55:18.329,3,0.43,-2.65,-0.08,-310.6534,44.5772,-95.761,175,75
2026-05-11 17:55:18.329,3,0.26,-3.0,0.23,-297.3034,60.9772,-114.241,175,75
2026-05-11 17:55:18.356,3,0.19,-2.8,0.86,-282.1134,65.97720000000001,-181.68099999999998,175,75
2026-05-11 17:55:18.362,3,0.1,-2.62,0.88,-268.8234,46.2172,-172.351,175,75
2026-05-11 17:55:18.375,3,-0.17,-2.36,0.85,-256.1434,35.4872,-168.87099999999998,175,75
2026-05-11 17:55:18.387,3,-0.4,-2.04,0.7,-242.6034,24.517200000000003,-164.721,175,75
2026-05-11 17:55:18.418,3,-0.74,-1.58,0.42,-214.0034,16.5272,-127.771,175,75
2026-05-11 17:55:18.418,3,-0.81,-1.39,0.3,-196.3834,25.187199999999997,-118.931,175,75
2026-05-11 17:55:18.428,3,-0.81,-1.14,0.24,-166.0234,50.487199999999994,-111.371,175,75
2026-05-11 17:55:18.438,3,-0.6,-0.88,0.22,-118.9434,73.3572,-99.301,175,75
2026-05-11 17:55:18.452,3,-0.49,-0.73,0.49,-55.343399999999995,102.19720000000001,-74.661,175,75
2026-05-11 17:55:18.464,3,-0.56,-0.59,0.8,-22.053399999999996,106.34719999999999,-58.871,175,75
2026-05-11 17:55:18.474,3,-0.55,-0.41,1.0,-7.243399999999999,88.78720000000001,-52.101,175,75
2026-05-11 17:55:18.486,3,-0.44,-0.11,1.0,-5.953399999999997,39.877199999999995,-43.871,175,75
2026-05-11 17:55:18.494,3,-0.37,0.1,0.81,-12.303399999999998,0.7371999999999979,-27.831,175,75
2026-05-11 17:55:18.512,3,-0.44,0.16,0.63,-10.593399999999997,-26.2128,-15.271,175,75
2026-05-11 17:55:18.529,3,-0.44,0.43,0.5,12.696600000000002,-25.672800000000002,-16.251,175,75
2026-05-11 17:55:18.557,3,-0.17,0.56,0.8,20.626600000000003,-72.1928,6.619,175,75
2026-05-11 17:55:18.568,3,-0.33,0.52,0.78,14.106600000000002,-107.80279999999999,20.459,175,75
2026-05-11 17:55:18.582,3,-0.45,0.41,0.68,13.616600000000002,-115.18280000000001,26.799,175,75
2026-05-11 17:55:18.582,3,-0.49,0.3,0.54,18.436600000000002,-107.50280000000001,24.359,175,75
2026-05-11 17:55:18.614,3,-0.29,0.14,0.45,45.326600000000006,-65.9728,14.908999999999999,175,75
2026-05-11 17:55:18.614,3,-0.3,0.14,0.51,54.5266,-57.6828,16.739,175,75
2026-05-11 17:55:18.628,3,-0.29,0.08,0.51,65.6266,-63.9028,20.889,175,75
2026-05-11 17:55:18.644,3,-0.36,0.04,0.38,80.9366,-59.3928,29.359,175,75
2026-05-11 17:55:18.657,3,-0.4,-0.02,0.28,97.2166,-35.8528,34.119,175,75
2026-05-11 17:55:18.697,3,-0.34,-0.11,0.3,155.32659999999998,10.4272,50.028999999999996,175,75
2026-05-11 17:55:18.827,3,-0.47,-0.46,0.44,214.5266,11.157199999999996,90.879,175,75
2026-05-11 17:55:18.870,3,-0.65,-1.25,0.48,257.9466,-9.9928,134.23899999999998,175,75
2026-05-11 17:55:18.870,3,-1.01,-1.97,0.35,273.1266,9.697200000000002,185.209,175,75
2026-05-11 17:55:18.899,3,-1.34,-2.32,0.39,280.6866,42.0772,195.029,175,75
2026-05-11 17:55:18.899,3,-1.38,-1.95,0.46,288.3666,20.6772,153.50900000000001,175,75
2026-05-11 17:55:18.899,3,-1.07,-1.78,0.45,299.0466,-4.9328,142.039,175,75
2026-05-11 17:55:18.920,3,-0.93,-1.86,0.46,298.8566,-5.1828,183.139,175,75
2026-05-11 17:55:18.920,3,-1.12,-2.23,0.58,286.7866,-3.9628000000000014,238.019,175,75
2026-05-11 17:55:18.930,3,-1.32,-2.51,0.61,248.3666,-17.8628,233.62900000000002,175,75
2026-05-11 17:55:18.930,3,-0.28,-1.91,-0.13,175.9966,-68.9628,126.61899999999999,175,75
2026-05-11 17:55:18.952,3,0.49,0.67,-1.69,10.506600000000002,-153.4728,111.79899999999999,175,75
2026-05-11 17:55:18.963,3,-0.95,-9.62,-0.92,103.2466,411.5872,137.899,175,75
2026-05-11 17:55:18.974,3,-1.73,-4.05,1.16,207.57659999999998,229.1472,104.179,175,75
2026-05-11 17:55:18.974,3,-0.91,-2.26,1.84,58.1266,106.5272,-287.161,175,75
2026-05-11 17:55:18.995,3,1.37,1.27,0.52,-130.7734,-229.93280000000001,85.819,175,75
2026-05-11 17:55:18.995,3,-0.06,-0.8,-0.22,-3.8233999999999977,-271.4628,88.929,175,75
2026-05-11 17:55:19.018,3,-0.13,-1.9,-0.07,106.9666,-179.5728,14.788999999999998,175,75
2026-05-11 17:55:19.032,3,-1.01,-0.63,-0.25,120.44659999999999,-165.6028,101.369,175,75
2026-05-11 17:55:19.063,3,-1.67,-0.29,0.01,146.7866,-114.6328,126.18900000000001,175,75
2026-05-11 17:55:19.063,3,-2.02,-0.29,0.71,205.9366,-16.0328,134.29899999999998,175,75
2026-05-11 17:55:19.075,3,-1.91,-0.52,1.34,232.0866,35.7372,148.31900000000002,175,75
2026-05-11 17:55:19.083,3,-0.66,-0.7,0.76,108.9166,32.1972,87.899,175,75
2026-05-11 17:55:19.096,3,-0.32,0.06,0.27,107.69659999999999,27.507199999999997,104.419,175,75
2026-05-11 17:55:19.103,3,-0.41,0.59,0.15,141.4766,33.7872,136.73899999999998,175,75
2026-05-11 17:55:19.117,3,-0.34,0.56,0.26,155.9966,27.257199999999997,137.409,175,75
2026-05-11 17:55:19.128,3,-0.11,0.36,0.36,121.78659999999999,-16.1528,117.709,175,75
2026-05-11 17:55:19.138,3,0.01,0.35,0.33,106.2966,-49.6328,115.339,175,75
2026-05-11 17:55:19.159,3,0.15,0.35,0.14,96.72659999999999,-85.2428,111.79899999999999,175,75
2026-05-11 17:55:19.169,3,0.23,0.3,0.01,88.0666,-97.80279999999999,108.319,175,75
2026-05-11 17:55:19.190,3,0.61,0.44,-0.45,56.476600000000005,-111.6428,75.339,175,75
2026-05-11 17:55:19.228,3,1.62,0.51,-2.21,-31.203399999999995,-159.93280000000001,6.488999999999999,175,75
2026-05-11 17:55:19.243,3,1.57,0.84,-3.43,-60.7734,-28.9628,-54.661,175,75
2026-05-11 17:55:19.265,3,-1.45,1.8,-2.12,-77.4834,140.4272,-31.131,175,75
2026-05-11 17:55:19.275,3,-16.1,5.85,8.27,403.7366,1860.7972,526.9190000000001,175,75
2026-05-11 17:55:19.286,3,-12.89,7.63,5.2,550.9966000000001,1755.9172,1516.6190000000001,175,75
2026-05-11 17:55:19.296,3,-2.4,-14.6,7.89,277.9466,-651.2828,-483.141,175,75
2026-05-11 17:55:19.313,3,-0.95,2.51,4.54,-174.0034,-1258.1028,-494.421,175,75
2026-05-11 17:55:19.324,3,-1.22,2.07,1.64,-62.9134,-845.0627999999999,124.599,175,75
2026-05-11 17:55:19.331,3,-0.79,-5.67,0.16,-361.8134,-221.2828,309.11899999999997,175,75
2026-05-11 17:55:19.343,3,-3.86,-0.69,-0.92,-68.21340000000001,-57.1928,-147.221,175,75
2026-05-11 17:55:19.357,3,-1.1,0.11,-0.87,102.4566,404.2672,-315.461,175,75
2026-05-11 17:55:19.404,3,0.6,4.59,1.34,-112.91340000000001,-3.232800000000001,109.849,175,75
2026-05-11 17:55:19.404,3,-0.08,2.84,0.51,19.0466,-193.4128,157.289,175,75
2026-05-11 17:55:19.415,3,-1.08,-0.34,-0.07,162.57659999999998,1.4671999999999983,140.339,175,75
2026-05-11 17:55:19.427,3,-1.66,-0.73,2.54,76.4166,121.03719999999998,45.028999999999996,175,75
2026-05-11 17:55:19.438,3,-1.0,-0.2,2.55,-54.063399999999994,12.3172,30.028999999999996,175,75
2026-05-11 17:55:19.451,3,-1.14,-0.39,0.73,-95.4734,-204.2628,48.509,175,75
2026-05-11 17:55:19.459,3,-2.16,-0.94,-0.29,-38.3334,-130.1228,-1.551000000000001,175,75
2026-05-11 17:55:19.473,3,-1.93,-1.21,0.3,26.6066,24.087200000000003,-101.551,175,75
2026-05-11 17:55:19.515,3,-1.19,-1.28,1.19,19.166600000000003,-32.0128,-136.191,175,75
2026-05-11 17:55:19.515,3,-0.99,-0.84,0.88,-50.413399999999996,-106.40280000000001,-107.651,175,75
2026-05-11 17:55:19.527,3,-0.7,-0.42,0.52,-27.173399999999994,-66.1528,-123.141,175,75
2026-05-11 17:55:19.538,3,-0.22,0.55,0.39,-13.823399999999998,-47.1328,-105.091,175,75
2026-05-11 17:55:19.550,3,-0.26,0.74,0.37,-11.263399999999999,-62.3728,-74.361,175,75
2026-05-11 17:55:19.568,3,-0.41,0.76,0.38,-7.9133999999999975,-65.2428,-36.491,175,75
2026-05-11 17:55:19.579,3,-0.49,0.51,0.39,-6.5634,-58.842800000000004,-1.9210000000000012,175,75
2026-05-11 17:55:19.579,3,-0.58,0.23,0.35,-12.483399999999998,-68.7128,19.599,175,75
2026-05-11 17:55:19.595,3,-0.83,-0.1,0.22,-24.313399999999994,-79.9328,42.349,175,75
2026-05-11 17:55:19.605,3,-0.95,-0.32,0.1,-29.983399999999996,-62.8028,48.869,175,75
2026-05-11 17:55:19.631,3,-0.73,-0.58,0.31,-2.603399999999999,14.577199999999998,35.149,175,75
2026-05-11 17:55:19.631,3,-0.76,-0.85,0.47,5.076600000000002,17.5672,48.079,175,75
2026-05-11 17:55:19.674,3,-1.07,-1.51,0.59,11.416600000000003,3.6571999999999996,57.468999999999994,175,75
2026-05-11 17:55:19.674,3,-1.41,-1.81,0.71,12.946600000000002,-27.742800000000003,42.708999999999996,175,75
2026-05-11 17:55:19.685,3,-1.72,-1.96,0.74,10.326600000000003,-68.1728,2.5889999999999986,175,75
2026-05-11 17:55:19.699,3,-1.78,-2.21,0.78,-0.593399999999999,-73.2928,-29.421,175,75
2026-05-11 17:55:19.705,3,-1.84,-1.81,0.83,-14.003399999999997,-72.25280000000001,-69.241,175,75
2026-05-11 17:55:19.719,3,-1.62,-1.08,0.68,-26.203399999999995,-93.2928,-122.711,175,75
2026-05-11 17:55:19.736,3,-1.15,-0.66,0.32,-45.773399999999995,-94.81280000000001,-144.361,175,75
2026-05-11 17:55:19.750,3,-0.68,0.3,-0.23,-84.0034,-105.7328,-109.851,175,75
2026-05-11 17:55:19.761,3,1.96,-0.41,-1.84,-152.5434,-129.6928,-140.151,175,75
2026-05-11 17:55:19.808,3,0.47,-0.39,-2.77,-129.1334,106.09719999999999,-143.26100000000002,175,75
2026-05-11 17:55:19.819,3,2.09,0.91,-2.51,-270.8934,116.8272,-258.201,175,75
2026-05-11 17:55:19.829,3,-6.48,4.52,2.05,-30.103399999999993,640.6072,13.509,175,75
2026-05-11 17:55:19.844,3,-8.88,2.69,9.9,597.6366,-369.5728,10.948999999999998,175,75
2026-05-11 17:55:19.851,3,5.9,-2.27,6.12,-150.8934,218.78719999999998,-402.901,175,75
2026-05-11 17:55:19.861,3,2.22,-0.16,4.32,-362.4234,-660.3027999999999,209.539,175,75
2026-05-11 17:55:19.874,3,-3.38,-2.53,-0.3,-493.2134,-461.76279999999997,182.289,175,75
2026-05-11 17:55:19.885,3,-2.51,-1.92,-3.34,-519.4934,-285.9128,6.488999999999999,175,75
2026-05-11 17:55:19.919,3,0.94,1.24,2.31,165.7466,525.4272,196.06900000000002,175,75
2026-05-11 17:55:19.932,3,-0.88,-0.27,2.49,202.4566,30.007199999999997,152.22899999999998,175,75
2026-05-11 17:55:19.948,3,-1.74,-1.77,2.43,53.3066,-80.5428,-34.361000000000004,175,75
2026-05-11 17:55:19.956,3,-0.29,-0.4,0.94,-89.1934,-118.71279999999999,-85.70100000000001,175,75
2026-05-11 17:55:19.989,3,-0.41,-0.03,0.1,-63.453399999999995,-147.1928,-19.601,175,75
2026-05-11 17:55:19.989,3,-0.95,-0.45,-0.19,-28.333399999999997,-18.7128,-4.911000000000001,175,75
2026-05-11 17:55:20.013,3,-0.76,-0.7,0.22,10.936600000000002,84.5172,-38.260999999999996,175,75
2026-05-11 17:55:20.025,3,-0.56,-0.94,0.84,-24.193399999999997,2.4372000000000007,-41.011,175,75
2026-05-11 17:55:20.046,3,-0.61,-1.11,0.46,-41.813399999999994,8.477199999999996,-50.701,175,75
2026-05-11 17:55:20.059,3,-0.55,-1.2,0.5,-50.7134,17.437199999999997,-42.831,175,75
2026-05-11 17:55:20.126,3,-0.32,-1.93,-0.14,-14.553399999999998,-78.78280000000001,-44.121,175,75
2026-05-11 17:55:20.137,3,-0.31,-1.65,-0.49,-35.8334,-108.4128,-61.311,175,75
2026-05-11 17:55:20.168,3,-0.51,0.08,-0.86,2.826600000000001,-58.4728,-70.521,175,75
2026-05-11 17:55:20.194,3,-0.59,0.41,-0.52,46.4166,6.647199999999998,-44.541000000000004,175,75
2026-05-11 17:55:20.194,3,-0.53,0.33,0.0,70.3266,74.3272,-3.9910000000000005,175,75
2026-05-11 17:55:20.213,3,-0.49,-0.03,0.78,65.4466,60.9772,-9.601,175,75
2026-05-11 17:55:20.242,3,-0.32,0.42,1.31,17.5166,-41.5828,-25.401,175,75
2026-05-11 17:55:20.262,3,-0.65,0.38,0.95,31.666600000000003,-69.2028,-7.901000000000001,175,75
2026-05-11 17:55:20.360,3,-0.15,-1.17,-0.53,34.836600000000004,-49.812799999999996,-3.9910000000000005,175,75
2026-05-11 17:55:20.371,3,0.13,-2.61,-0.72,121.6066,-53.9628,38.019,175,75
2026-05-11 17:55:20.381,3,-0.59,-3.01,-0.58,152.2166,-31.0328,61.069,175,75
2026-05-11 17:55:20.392,3,-0.01,-2.96,0.23,104.1666,-73.7128,-17.101,175,75
2026-05-11 17:55:20.403,3,-0.91,-2.69,0.2,97.94659999999999,-141.2828,4.728999999999999,175,75
2026-05-11 17:55:20.413,3,-1.65,-1.84,-0.1,85.0166,-56.6428,-1.551000000000001,175,75
2026-05-11 17:55:20.413,3,-1.59,-1.1,0.02,70.3866,-15.4228,-30.271,175,75
2026-05-11 17:55:20.421,3,-0.55,-0.57,0.29,43.2466,27.867199999999997,-69.911,175,75
2026-05-11 17:55:20.435,3,1.08,-0.97,-0.27,-60.47339999999999,22.1372,-80.521,175,75
2026-05-11 17:55:20.448,3,1.35,-0.8,-0.87,-227.0534,-52.2528,-41.131,175,75
2026-05-11 17:55:20.448,3,0.51,-0.4,-1.6,-278.1534,-118.1028,4.2989999999999995,175,75
2026-05-11 17:55:20.460,3,-0.14,-0.65,-2.28,-229.2534,52.377199999999995,-47.101,175,75
2026-05-11 17:55:20.532,3,0.72,-1.19,-1.03,-224.4934,218.53719999999998,-51.491,175,75
2026-05-11 17:55:20.532,3,0.95,-1.58,-0.02,-298.6434,107.25719999999998,-78.261,175,75
2026-05-11 17:55:20.553,3,0.48,-1.83,0.24,-358.7034,4.577199999999998,-135.33100000000002,175,75
2026-05-11 17:55:20.566,3,0.44,-2.13,0.29,-390.53340000000003,17.507199999999997,-155.401,175,75
2026-05-11 17:55:20.566,3,0.34,-2.59,0.49,-418.5234,18.297199999999997,-163.02100000000002,175,75
2026-05-11 17:55:20.588,3,-0.08,-3.18,0.63,-431.5634,14.087200000000003,-195.52100000000002,175,75
2026-05-11 17:55:20.588,3,-0.36,-3.35,0.56,-431.0234,29.147199999999998,-209.971,175,75
2026-05-11 17:55:20.598,3,-0.66,-3.27,0.22,-407.4234,119.63719999999998,-237.961,175,75
2026-05-11 17:55:20.611,3,-0.71,-3.24,0.37,-368.8234,148.9672,-237.901,175,75
2026-05-11 17:55:20.622,3,-0.84,-3.13,0.71,-335.28340000000003,146.4672,-239.24099999999999,175,75
2026-05-11 17:55:20.648,3,-0.91,-2.54,0.97,-326.8134,96.03720000000001,-231.62099999999998,175,75
2026-05-11 17:55:20.672,3,-0.99,-2.13,0.76,-300.4134,73.0472,-195.64100000000002,175,75
2026-05-11 17:55:20.683,3,-1.18,-0.56,1.47,-139.8034,88.78720000000001,-139.661,175,75
2026-05-11 17:55:20.706,3,-0.61,1.02,1.93,-33.1534,-141.4028,8.318999999999999,175,75
2026-05-11 17:55:20.736,3,-1.03,0.38,-0.02,74.28659999999999,0.8571999999999989,55.699,175,75
2026-05-11 17:55:20.755,3,-0.84,0.5,0.15,138.3666,123.96719999999999,55.949,175,75
2026-05-11 17:55:20.765,3,-0.59,0.45,0.65,166.4166,158.5972,89.059,175,75
2026-05-11 17:55:20.778,3,-0.53,0.24,0.98,158.3066,128.41719999999998,106.919,175,75
2026-05-11 17:55:20.789,3,-0.56,0.02,1.06,141.29659999999998,67.49719999999999,108.749,175,75
2026-05-11 17:55:20.805,3,-0.4,-0.1,0.79,98.3066,-28.6528,97.589,175,75
2026-05-11 17:55:20.839,3,-0.32,-0.14,0.54,93.2466,-66.1528,101.369,175,75
2026-05-11 17:55:20.861,3,-0.23,-0.12,0.39,112.08659999999999,-75.5428,105.399,175,75
2026-05-11 17:55:20.876,3,-0.28,-0.23,0.27,126.0566,-79.08279999999999,120.33900000000001,175,75
2026-05-11 17:55:20.897,3,-0.49,-0.42,0.07,138.0666,-82.31280000000001,142.589,175,75
2026-05-11 17:55:20.930,3,-0.76,-1.13,-0.24,174.7166,-80.4228,176.73899999999998,175,75
2026-05-11 17:55:20.941,3,-0.8,-1.7,-0.26,201.4766,-52.6228,184.41899999999998,175,75
2026-05-11 17:55:20.954,3,-0.95,-1.87,-0.11,225.32659999999998,-15.6728,191.61899999999997,175,75
2026-05-11 17:55:20.954,3,-1.06,-1.62,0.18,237.3366,1.7072000000000003,182.649,175,75
2026-05-11 17:55:20.970,3,-0.9,-1.38,0.45,235.4466,-17.6828,167.959,175,75
2026-05-11 17:55:20.981,3,-0.7,-1.36,0.55,216.29659999999998,-48.4728,182.16899999999998,175,75
2026-05-11 17:55:20.981,3,-0.67,-1.52,0.4,190.4466,-67.4928,209.66899999999998,175,75
2026-05-11 17:55:21.009,3,-0.79,-1.69,-0.2,147.1566,-76.1528,183.98899999999998,175,75
2026-05-11 17:55:21.009,3,-0.71,-1.36,-0.4,143.1266,-51.0928,157.589,175,75
2026-05-11 17:55:21.059,3,-0.21,-0.91,-0.36,140.2566,-19.8128,143.079,175,75
2026-05-11 17:55:21.059,3,1.79,-1.66,-1.87,-54.1334,-68.3528,84.419,175,75
2026-05-11 17:55:21.084,3,-0.9,-0.12,-3.41,-87.5434,-150.8528,131.67899999999997,175,75
2026-05-11 17:55:21.084,3,-0.03,-7.37,-1.15,176.4166,561.6472,-11.131,175,75
2026-05-11 17:55:21.094,3,-0.85,-5.56,1.67,328.8566,416.46720000000005,28.138999999999996,175,75
2026-05-11 17:55:21.140,3,0.61,-1.41,2.5,-64.9834,-42.7428,-191.49099999999999,175,75
2026-05-11 17:55:21.140,3,1.19,-0.06,1.83,-211.8134,-184.08280000000002,-72.471,175,75
2026-05-11 17:55:21.151,3,0.24,-0.02,0.59,-178.9434,-320.9128,-8.871,175,75
2026-05-11 17:55:21.180,3,-0.42,-1.34,-1.31,-19.1334,5.9772,-24.851,175,75
2026-05-11 17:55:21.195,3,-0.15,-1.19,-0.26,75.3866,32.9272,3.1389999999999993,175,75
2026-05-11 17:55:21.217,3,0.24,-0.28,0.57,93.7366,-181.7028,6.859,175,75
2026-05-11 17:55:21.226,3,-1.22,-0.14,0.25,121.5466,-268.7828,156.55900000000003,175,75
2026-05-11 17:55:21.238,3,-2.17,-0.66,-0.02,158.3666,-200.7328,233.019,175,75
2026-05-11 17:55:21.248,3,-2.65,-1.49,0.1,213.2466,-47.6228,250.75899999999996,175,75
2026-05-11 17:55:21.289,3,-2.63,-1.5,0.66,250.3866,-4.0228,226.36899999999997,175,75
2026-05-11 17:55:21.297,3,-1.45,-1.54,0.72,206.2366,-6.762800000000002,122.039,175,75
2026-05-11 17:55:21.310,3,0.07,-0.64,0.43,114.1666,-32.6228,113.989,175,75
2026-05-11 17:55:21.320,3,0.21,0.27,0.02,83.00659999999999,-71.58279999999999,199.72899999999998,175,75
2026-05-11 17:55:21.348,3,-0.27,0.47,-0.3,108.1866,-77.4328,230.519,175,75
2026-05-11 17:55:21.369,3,0.15,-0.08,-0.53,96.2966,-13.7828,141.18900000000002,175,75
2026-05-11 17:55:21.380,3,0.55,0.46,-0.41,66.4166,-5.122800000000002,112.039,175,75
2026-05-11 17:55:21.390,3,0.71,0.44,-0.03,23.9766,-58.7128,71.369,175,75
2026-05-11 17:55:21.416,3,0.84,0.45,-0.04,-2.9133999999999975,-98.84280000000001,61.919,175,75
2026-05-11 17:55:21.416,3,0.88,0.38,-0.28,-14.253399999999997,-119.3928,52.899,175,75
2026-05-11 17:55:21.426,3,0.92,0.36,-0.53,-19.6134,-111.03280000000001,40.028999999999996,175,75
2026-05-11 17:55:21.426,3,1.09,0.38,-0.67,-18.333399999999997,-94.1428,8.018999999999998,175,75
2026-05-11 17:55:21.437,3,1.46,0.56,-0.76,-25.103399999999993,-81.4628,-24.181,175,75
2026-05-11 17:55:21.437,3,1.63,1.0,-1.03,-50.8934,-114.6928,-70.271,175,75
2026-05-11 17:55:21.459,3,-7.49,3.6,1.14,93.4966,200.8572,304.789,175,75
2026-05-11 17:55:21.478,3,8.75,-15.85,5.96,522.2766,870.0672000000001,-315.521,175,75
2026-05-11 17:55:21.478,3,-0.43,-1.41,2.95,-208.2734,-1099.3928,-377.351,175,75
2026-05-11 17:55:21.486,3,-1.35,2.32,0.41,-86.2634,-1032.7428,-79.721,175,75
2026-05-11 17:55:21.500,3,-2.75,-4.7,-1.14,147.6966,262.9272,312.589,175,75
2026-05-11 17:55:21.522,3,-0.88,-4.09,0.28,-11.9934,159.8772,187.409,175,75
2026-05-11 17:55:21.567,3,1.31,1.64,0.5,49.836600000000004,317.6872,-125.581,175,75
2026-05-11 17:55:21.578,3,-0.7,2.35,0.43,35.6266,-134.3228,100.209,175,75
2026-05-11 17:55:21.589,3,-0.26,1.24,0.37,33.3066,37.0772,144.599,175,75
2026-05-11 17:55:21.589,3,-0.57,-0.11,0.84,25.866600000000002,121.7672,206.24900000000002,175,75
2026-05-11 17:55:21.629,3,-1.21,-0.37,0.64,67.8866,66.7072,78.319,175,75
2026-05-11 17:55:21.666,3,-2.29,-0.98,0.09,-13.8834,-33.9028,-45.271,175,75
2026-05-11 17:55:21.666,3,-1.48,-0.75,1.06,27.4566,-0.24279999999999902,-114.181,175,75
2026-05-11 17:55:21.685,3,-1.17,-0.69,1.53,18.556600000000003,-24.4528,-119.421,175,75
2026-05-11 17:55:21.689,3,-1.04,-0.7,1.55,-31.873399999999997,-80.7928,-117.471,175,75
2026-05-11 17:55:21.749,3,-0.51,0.49,-0.14,-10.413399999999998,68.84719999999999,-102.901,175,75
2026-05-11 17:55:21.775,3,-0.17,0.41,1.03,16.4766,61.767199999999995,-56.011,175,75
2026-05-11 17:55:21.794,3,-0.47,-0.28,1.16,-23.093399999999995,-65.1228,-31.741,175,75
2026-05-11 17:55:21.802,3,-0.69,-0.39,0.83,-44.8634,-91.8228,-30.401,175,75
2026-05-11 17:55:21.837,3,-0.84,-0.34,0.39,-52.97339999999999,-80.1228,-38.081,175,75
2026-05-11 17:55:21.837,3,-0.79,-0.2,0.13,-34.1934,-43.4728,-46.551,175,75
2026-05-11 17:55:21.837,3,-0.69,-0.15,0.19,-12.843399999999997,-18.0428,-46.131,175,75
2026-05-11 17:55:21.852,3,-0.61,-0.19,0.41,-3.5833999999999993,-1.6428000000000011,-40.211,175,75
2026-05-11 17:55:21.913,3,-0.72,-0.5,0.59,-14.863399999999997,1.9572000000000003,-33.441,175,75
2026-05-11 17:55:21.913,3,-0.75,-0.68,0.45,-19.193399999999997,2.0771999999999977,-36.551,175,75
2026-05-11 17:55:21.924,3,-0.85,-0.93,0.49,-0.9533999999999985,18.2372,-45.091,175,75
2026-05-11 17:55:21.947,3,-0.73,-0.89,0.54,-1.143399999999998,22.687199999999997,-51.981,175,75
2026-05-11 17:55:21.959,3,-0.65,-0.73,0.61,3.366600000000002,18.3572,-54.421,175,75
2026-05-11 17:55:21.959,3,-0.58,-0.64,0.62,4.286600000000002,16.157199999999996,-49.791000000000004,175,75
2026-05-11 17:55:21.980,3,-0.62,-0.54,0.57,7.156600000000002,11.467199999999998,-46.431,175,75
2026-05-11 17:55:21.992,3,-0.7,-0.42,0.5,11.236600000000001,16.3472,-49.911,175,75
2026-05-11 17:55:22.002,3,-0.72,-0.32,0.48,13.436600000000002,24.937199999999997,-51.431,175,75
2026-05-11 17:55:22.015,3,-0.67,-0.27,0.49,9.896600000000001,27.377200000000002,-49.241,175,75
2026-05-11 17:55:22.021,3,-0.63,-0.31,0.47,1.606600000000002,24.937199999999997,-44.361000000000004,175,75
2026-05-11 17:55:22.047,3,-0.64,-0.31,0.46,-4.803399999999998,21.827199999999998,-40.641,175,75
2026-05-11 17:55:22.047,3,-0.54,-0.45,0.64,-4.863399999999997,28.5972,-38.691,175,75
2026-05-11 17:55:22.070,3,-0.21,-0.52,0.82,-3.2733999999999988,16.157199999999996,-34.361000000000004,175,75
2026-05-11 17:55:22.083,3,-0.29,-0.8,0.79,-4.983399999999998,1.2171999999999983,-17.221,175,75
2026-05-11 17:55:22.099,3,-0.74,-0.9,0.63,-15.4734,-11.8228,-5.941000000000001,175,75
2026-05-11 17:55:22.101,3,-0.98,-0.78,0.5,-0.7733999999999988,-4.9328,-37.831,175,75
2026-05-11 17:55:22.114,3,-0.7,-0.66,0.29,-19.8634,15.977199999999996,-46.011,175,75
2026-05-11 17:55:22.160,3,-0.67,-0.43,0.3,-18.153399999999998,-0.6728000000000023,-32.101,175,75
2026-05-11 17:55:22.160,3,-0.75,-0.46,0.37,-13.823399999999998,9.327199999999998,-27.531000000000002,175,75
2026-05-11 17:55:22.202,3,-0.57,-0.47,0.87,-23.093399999999995,16.4672,-42.831,175,75
2026-05-11 17:55:22.202,3,-0.51,-0.64,0.83,-32.843399999999995,12.257199999999997,-49.661,175,75
2026-05-11 17:55:22.213,3,-0.56,-0.77,0.7,-30.163399999999996,2.017199999999999,-54.181,175,75
2026-05-11 17:55:22.224,3,-0.63,-0.86,0.46,-33.8234,-1.5827999999999989,-59.361000000000004,175,75
2026-05-11 17:55:22.246,3,-0.58,-0.81,0.24,-25.953399999999995,24.757199999999997,-41.981,175,75
2026-05-11 17:55:22.246,3,-0.54,-0.85,0.37,-19.4934,27.5672,-36.311,175,75
2026-05-11 17:55:22.263,3,-0.6,-0.81,0.47,-26.023399999999995,23.1072,-29.541,175,75
2026-05-11 17:55:22.263,3,-0.64,-0.69,0.5,-32.1134,16.0372,-30.641000000000002,175,75
2026-05-11 17:55:22.297,3,-0.58,-0.63,0.51,-32.78339999999999,17.3172,-35.941,175,75
2026-05-11 17:55:22.297,3,-0.5,-0.61,0.48,-34.983399999999996,14.517200000000003,-34.851,175,75
2026-05-11 17:55:22.327,3,-0.61,-0.74,0.4,-31.563399999999994,-0.0627999999999993,-35.461,175,75
2026-05-11 17:55:22.333,3,-0.58,-0.73,0.46,-28.273399999999995,2.4971999999999994,-39.661,175,75
2026-05-11 17:55:22.376,3,-0.46,-0.8,0.45,-26.263399999999997,-6.152799999999999,-41.551,175,75
2026-05-11 17:55:22.393,3,-0.46,-0.78,0.36,-23.273399999999995,-8.962800000000001,-43.511,175,75
2026-05-11 17:55:22.393,3,-0.5,-0.72,0.29,-19.743399999999994,-11.8228,-44.481,175,75
2026-05-11 17:55:22.411,3,-0.53,-0.69,0.26,-14.803399999999998,-8.712800000000001,-44.051,175,75
2026-05-11 17:55:22.427,3,-0.5,-0.63,0.3,-5.713399999999998,4.327199999999998,-43.441,175,75
2026-05-11 17:55:22.445,3,-0.51,-0.61,0.34,-5.833399999999999,-0.5427999999999997,-41.981,175,75
2026-05-11 17:55:22.467,3,-0.45,-0.52,0.35,-1.933399999999999,-11.7628,-40.150999999999996,175,75
2026-05-11 17:55:22.520,3,-0.39,-0.5,0.28,3.0066000000000024,-26.9528,-36.611000000000004,175,75
2026-05-11 17:55:22.520,3,-0.36,-0.51,0.21,8.126600000000002,-38.9028,-30.151,175,75
2026-05-11 17:55:22.542,3,-0.33,-0.57,0.11,14.406600000000001,-45.7328,-22.221,175,75
2026-05-11 17:55:22.553,3,-0.29,-0.67,0.01,22.946600000000004,-45.7928,-14.421000000000001,175,75
2026-05-11 17:55:22.553,3,-0.22,-0.83,-0.02,62.516600000000004,-24.2028,1.9189999999999987,175,75
2026-05-11 17:55:22.564,3,-0.17,-0.91,0.06,80.0766,-18.0428,11.248999999999999,175,75
2026-05-11 17:55:22.583,3,-0.43,-1.42,-0.08,125.50659999999999,-60.3628,73.319,175,75
2026-05-11 17:55:22.622,3,-0.24,-1.67,0.12,149.2266,-56.522800000000004,67.229,175,75
2026-05-11 17:55:22.622,3,-0.27,-1.92,0.26,166.4766,-158.2928,58.809,175,75
2026-05-11 17:55:22.635,3,-0.69,-2.06,0.12,154.6566,-168.1028,60.278999999999996,175,75
2026-05-11 17:55:22.641,3,-1.25,-2.26,-0.33,121.1766,-111.34280000000001,70.819,175,75
2026-05-11 17:55:22.657,3,-1.85,-1.32,-0.65,104.89659999999999,25.977199999999996,35.579,175,75
2026-05-11 17:55:22.660,3,-0.75,-0.92,-0.45,106.9666,160.7372,-59.421,175,75
2026-05-11 17:55:22.705,3,1.58,-1.46,-0.56,11.966600000000001,116.5272,-132.961,175,75
2026-05-11 17:55:22.715,3,1.93,-0.54,-0.38,-135.7134,-6.762800000000002,-79.601,175,75
2026-05-11 17:55:22.757,3,-0.01,-0.36,-1.08,-183.5234,-44.5128,-8.021,175,75
2026-05-11 17:55:22.805,3,0.2,-1.06,-0.97,-235.5334,-6.032800000000002,-58.631,175,75
2026-05-11 17:55:22.815,3,0.52,-1.4,-0.74,-297.4834,-22.7428,-90.941,175,75
2026-05-11 17:55:22.840,3,0.6,-2.21,0.45,-381.9334,15.4272,-162.221,175,75
2026-05-11 17:55:22.840,3,0.39,-2.75,0.77,-411.5634,-35.4228,-186.43099999999998,175,75
2026-05-11 17:55:22.848,3,0.06,-3.22,0.86,-436.5034,-48.8428,-191.19099999999997,175,75
2026-05-11 17:55:22.863,3,-0.33,-3.54,0.6,-459.5534,-22.1328,-210.58100000000002,175,75
2026-05-11 17:55:22.863,3,-0.49,-3.54,0.41,-448.4534,21.0372,-225.33100000000002,175,75
2026-05-11 17:55:22.875,3,-0.63,-3.25,0.63,-371.0834,102.9272,-229.911,175,75
2026-05-11 17:55:22.885,3,-0.53,-3.19,0.77,-351.4434,101.8972,-228.93099999999998,175,75
2026-05-11 17:55:22.895,3,-0.58,-2.8,0.93,-294.9234,112.9872,-211.25099999999998,175,75
2026-05-11 17:55:22.898,3,-0.54,-2.46,1.15,-260.28340000000003,98.2372,-202.531,175,75
2026-05-11 17:55:22.911,3,-0.69,-1.77,1.23,-246.3834,71.7072,-191.25099999999998,175,75
2026-05-11 17:55:22.911,3,-0.85,-0.99,1.05,-234.98340000000002,52.31719999999999,-166.31099999999998,175,75
2026-05-11 17:55:22.922,3,-0.94,-0.58,0.96,-206.1434,37.3772,-150.401,175,75
2026-05-11 17:55:22.943,3,-0.96,0.12,1.2,-100.5934,20.977199999999996,-100.581,175,75
2026-05-11 17:55:22.973,3,-0.87,0.51,1.5,14.896600000000001,-34.452799999999996,-4.361000000000001,175,75
2026-05-11 17:55:22.984,3,-1.0,0.47,1.33,17.946600000000004,-63.9628,14.479,175,75
2026-05-11 17:55:23.000,3,-1.06,0.4,1.03,37.5766,-60.1828,29.418999999999997,175,75
2026-05-11 17:55:23.025,3,-0.89,0.41,0.81,70.9366,4.8172,34.119,175,75
2026-05-11 17:55:23.025,3,-0.73,0.4,0.97,82.33659999999999,28.5972,39.909,175,75
2026-05-11 17:55:23.040,3,-0.49,0.29,1.25,93.2466,4.757200000000001,52.839,175,75
2026-05-11 17:55:23.074,3,-0.54,0.06,0.55,78.00659999999999,-94.6928,66.129,175,75
2026-05-11 17:55:23.085,3,-0.5,-0.05,0.38,82.33659999999999,-50.912800000000004,62.528999999999996,175,75
2026-05-11 17:55:23.118,3,-0.34,-0.16,0.46,120.0766,8.907199999999996,63.07899999999999,175,75
2026-05-11 17:55:23.118,3,-0.25,-0.19,0.55,131.1766,18.8472,65.459,175,75
2026-05-11 17:55:23.173,3,-0.36,-1.01,0.25,205.3866,-31.4628,112.899,175,75
2026-05-11 17:55:23.210,3,-1.84,-2.43,0.26,253.5566,131.0972,206.91899999999998,175,75
2026-05-11 17:55:23.223,3,-1.46,-1.48,0.41,286.90659999999997,66.40719999999999,58.019000000000005,175,75
2026-05-11 17:55:23.232,3,-0.17,-1.41,0.41,287.0866,28.477199999999996,17.899,175,75
2026-05-11 17:55:23.245,3,0.23,-1.54,0.5,256.6666,18.5972,184.539,175,75
2026-05-11 17:55:23.256,3,-0.57,-2.03,0.51,228.1866,1.0972000000000008,288.68899999999996,175,75
2026-05-11 17:55:23.260,3,-1.18,-2.2,0.38,229.8966,-29.3928,246.55900000000003,175,75
2026-05-11 17:55:23.272,3,-1.25,-2.07,0.14,232.82659999999998,-20.7328,147.039,175,75
2026-05-11 17:55:23.283,3,-0.64,-1.79,0.05,235.8066,23.477199999999996,103.199,175,75
2026-05-11 17:55:23.294,3,0.14,-1.27,0.12,215.9966,36.3472,141.55900000000003,175,75
2026-05-11 17:55:23.311,3,0.19,-1.09,0.02,186.4166,16.4672,178.86899999999997,175,75
2026-05-11 17:55:23.321,3,0.37,-1.08,-0.38,150.01659999999998,11.217199999999998,142.469,175,75
2026-05-11 17:55:23.331,3,-1.4,0.43,-0.31,111.78659999999999,58.657199999999996,170.209,175,75
2026-05-11 17:55:23.344,3,6.83,-2.95,-2.38,-33.453399999999995,2.017199999999999,-70.701,175,75
2026-05-11 17:55:23.351,3,7.9,-2.25,-5.77,-181.3834,-390.1228,-84.121,175,75
2026-05-11 17:55:23.365,3,-4.23,0.01,-4.06,-410.7134,-642.1328,149.47899999999998,175,75
2026-05-11 17:55:23.389,3,0.25,-8.74,-3.78,43.3666,670.6772,266.679,175,75
2026-05-11 17:55:23.389,3,-2.07,-0.6,-0.31,656.2366000000001,440.1872,23.749000000000002,175,75
2026-05-11 17:55:23.433,3,2.24,0.92,2.11,-284.6734,-588.7128,182.289,175,75
2026-05-11 17:55:23.433,3,-0.79,-0.38,1.16,-171.8734,-665.2428,206.73899999999998,175,75
2026-05-11 17:55:23.479,3,-0.61,-1.07,-1.0,-41.5034,118.2972,-162.531,175,75
2026-05-11 17:55:23.481,3,0.05,-0.43,-0.3,45.866600000000005,136.7672,-102.101,175,75
2026-05-11 17:55:23.507,3,-0.31,-0.8,0.83,33.0666,71.40719999999999,22.589,175,75
2026-05-11 17:55:23.531,3,-0.63,-1.21,0.92,-14.553399999999998,-4.4528,-19.481,175,75
2026-05-11 17:55:23.540,3,-0.69,-1.11,0.61,-43.703399999999995,-36.0928,-50.701,175,75
2026-05-11 17:55:23.548,3,-0.52,-0.85,0.3,-59.4334,-38.9028,-66.981,175,75
2026-05-11 17:55:23.585,3,-0.32,-0.65,0.11,-66.2634,-39.8128,-69.601,175,75
2026-05-11 17:55:23.644,3,-0.37,-0.92,0.27,-58.703399999999995,-15.1828,-45.641,175,75
2026-05-11 17:55:23.644,3,-0.34,-0.75,0.26,-66.63340000000001,-40.9728,-49.361000000000004,175,75
2026-05-11 17:55:23.654,3,-0.26,-0.67,-0.11,-69.8634,-71.8928,-36.611000000000004,175,75
2026-05-11 17:55:23.665,3,-0.31,-0.69,-0.31,-61.203399999999995,-63.0428,-30.941000000000003,175,75
2026-05-11 17:55:23.677,3,-0.34,-0.72,-0.44,-42.9734,-24.6328,-27.471,175,75
2026-05-11 17:55:23.688,3,-0.22,-0.68,-0.32,-9.4934,15.607199999999999,-19.121000000000002,175,75
2026-05-11 17:55:23.688,3,-0.19,-0.71,-0.18,3.9166000000000007,6.1572,-9.481000000000002,175,75
2026-05-11 17:55:23.719,3,-0.07,-0.88,-0.09,22.8866,-39.8128,11.799,175,75
2026-05-11 17:55:23.729,3,-0.19,-0.81,-0.06,43.1266,-57.6828,29.848999999999997,175,75
2026-05-11 17:55:23.743,3,-0.19,-0.87,-0.06,59.71660000000001,-72.31280000000001,43.809,175,75
2026-05-11 17:55:23.752,3,-0.11,-0.96,-0.13,64.1666,-96.8228,55.089,175,75
2026-05-11 17:55:23.761,3,0.14,-1.09,-0.21,64.4666,-148.9628,61.79899999999999,175,75
2026-05-11 17:55:23.776,3,0.02,-1.08,-0.35,80.0766,-195.9728,63.989000000000004,175,75
2026-05-11 17:55:23.803,3,-0.4,-1.09,-0.77,100.8066,-120.30279999999999,70.519,175,75
2026-05-11 17:55:23.812,3,-0.55,-0.96,-0.69,102.6366,-96.40280000000001,78.139,175,75
2026-05-11 17:55:23.822,3,-0.45,-1.38,-0.8,51.7866,-145.18280000000001,57.709,175,75
2026-05-11 17:55:23.835,3,-0.09,-1.87,-1.2,-25.653399999999998,-186.2828,4.478999999999999,175,75
2026-05-11 17:55:23.847,3,0.55,-1.97,-2.06,-120.4134,-173.71280000000002,-83.691,175,75
2026-05-11 17:55:23.856,3,0.81,-1.45,-2.65,-137.3034,-112.9228,-112.901,175,75
2026-05-11 17:55:23.865,3,0.17,-0.85,-2.52,-159.8034,18.2372,-92.591,175,75
2026-05-11 17:55:23.884,3,0.82,-1.54,-1.87,-233.9434,164.9372,-106.071,175,75
2026-05-11 17:55:23.951,3,0.77,-1.77,-0.98,-259.1934,124.69719999999998,-131.921,175,75
2026-05-11 17:55:23.967,3,-0.37,-3.06,-0.81,-419.3134,2.927199999999999,-172.221,175,75
2026-05-11 17:55:23.989,3,-1.0,-3.36,-0.84,-337.2434,154.69719999999998,-148.57100000000003,175,75
2026-05-11 17:55:24.000,3,-1.18,-3.24,-0.61,-287.4234,232.8072,-169.361,175,75
2026-05-11 17:55:24.011,3,-1.16,-3.05,-0.17,-232.9734,286.8272,-184.911,175,75
2026-05-11 17:55:24.022,3,-1.1,-2.42,1.02,-143.8234,252.6872,-181.19099999999997,175,75
2026-05-11 17:55:24.057,3,-0.94,-1.97,1.42,-169.0634,167.9872,-178.93099999999998,175,75
2026-05-11 17:55:24.057,3,-0.58,-1.5,1.38,-230.3434,64.2072,-164.24099999999999,175,75
2026-05-11 17:55:24.069,3,-0.42,-1.05,1.04,-241.4434,-66.2128,-111.251,175,75
2026-05-11 17:55:24.069,3,-0.83,-0.9,0.61,-181.9934,-98.53280000000001,-55.151,175,75
2026-05-11 17:55:24.078,3,-1.04,-0.86,0.46,-143.9434,-51.4628,-55.641,175,75
2026-05-11 17:55:24.146,3,-0.58,-0.3,0.54,-69.0034,25.547199999999997,-71.491,175,75
2026-05-11 17:55:24.159,3,-0.48,0.09,0.74,-21.3234,5.127199999999998,-20.461,175,75
2026-05-11 17:55:24.183,3,-0.6,0.02,0.62,-18.583399999999997,-7.1328,-7.651000000000001,175,75
2026-05-11 17:55:24.233,3,-0.4,0.54,1.17,10.9966,15.2472,-18.261000000000003,175,75
2026-05-11 17:55:24.243,3,-0.55,0.36,0.92,2.3366000000000025,-37.1328,-3.261000000000001,175,75
2026-05-11 17:55:24.243,3,-0.68,0.34,0.79,12.756600000000002,-10.5428,0.20899999999999963,175,75
2026-05-11 17:55:24.262,3,-0.6,0.32,0.77,33.0066,31.9572,6.488999999999999,175,75
2026-05-11 17:55:24.285,3,-0.54,0.2,0.88,82.69659999999999,39.4572,38.079,175,75
2026-05-11 17:55:24.308,3,-0.42,0.14,0.81,119.1666,35.7372,51.369,175,75
2026-05-11 17:55:24.308,3,-0.36,-0.08,0.85,141.2366,16.7072,58.449,175,75
2026-05-11 17:55:24.325,3,-0.72,-1.01,0.68,168.6166,-67.0128,99.539,175,75
2026-05-11 17:55:24.338,3,-1.06,-2.83,0.62,175.5066,-21.2828,173.449,175,75
2026-05-11 17:55:24.350,3,-1.17,-2.43,0.65,181.6066,-28.102800000000002,151.73899999999998,175,75
2026-05-11 17:55:24.364,3,-0.78,-1.15,0.39,208.0666,-121.52279999999999,30.399,175,75
2026-05-11 17:55:24.364,3,-0.02,-1.06,0.07,242.0266,-157.86280000000002,40.458999999999996,175,75
2026-05-11 17:55:24.367,3,-0.02,-1.46,-0.15,268.3066,-133.8428,156.24900000000002,175,75
2026-05-11 17:55:24.394,3,-1.25,-2.86,0.04,309.1666,13.907199999999996,247.22899999999998,175,75
2026-05-11 17:55:24.408,3,-1.09,-2.62,0.45,350.7466,-18.2928,112.709,175,75
2026-05-11 17:55:24.419,3,-0.56,-2.4,0.47,339.65659999999997,-4.872800000000002,120.819,175,75
2026-05-11 17:55:24.436,3,-0.52,-2.15,0.29,304.71659999999997,-21.4628,214.599,175,75
2026-05-11 17:55:24.447,3,-0.66,-2.2,0.13,301.96659999999997,-21.7028,190.87900000000002,175,75
2026-05-11 17:55:24.453,3,-0.32,-2.03,-0.06,306.7866,8.5972,143.25900000000001,175,75
2026-05-11 17:55:24.501,3,1.47,-1.42,-0.22,253.0666,103.1072,139.11899999999997,175,75
2026-05-11 17:55:24.527,3,4.57,-1.49,-3.54,-89.3734,-245.6728,79.669,175,75
2026-05-11 17:55:24.612,3,-1.94,-0.8,-8.03,-530.2234,-925.1228,-20.031,175,75
2026-05-11 17:55:24.612,3,-8.01,-0.87,-5.12,-576.0233999999999,423.90720000000005,375.279,175,75
2026-05-11 17:55:24.626,3,-0.03,-1.95,0.13,837.5766000000001,686.0372,139.909,175,75
2026-05-11 17:55:24.626,3,-1.23,0.96,2.26,891.9666000000001,603.6572,51.859,175,75
2026-05-11 17:55:24.648,3,-0.49,2.04,4.74,316.3566,375.60720000000003,-49.421,175,75
2026-05-11 17:55:24.648,3,1.95,1.14,3.86,-277.78340000000003,-402.1328,96.979,175,75
2026-05-11 17:55:24.663,3,-2.13,-1.13,0.37,-210.6534,-517.9228,152.289,175,75
2026-05-11 17:55:24.719,3,-0.71,-0.91,0.72,64.5266,114.69719999999998,-14.721,175,75
2026-05-11 17:55:24.719,3,-0.58,-1.1,1.01,11.846600000000002,65.5472,-59.051,175,75
2026-05-11 17:55:24.731,3,-0.26,-0.92,0.93,-34.1934,0.30719999999999814,-60.941,175,75
2026-05-11 17:55:24.743,3,-0.21,-0.72,0.61,-51.9934,-56.4028,-41.681,175,75
2026-05-11 17:55:24.754,3,-0.39,-0.67,0.22,-56.08339999999999,-73.3528,-33.021,175,75
2026-05-11 17:55:24.754,3,-0.37,-0.75,-0.19,-37.423399999999994,-20.3628,-37.900999999999996,175,75
2026-05-11 17:55:24.808,3,-0.3,-0.71,0.25,-30.593399999999995,-29.5128,-14.661000000000001,175,75
2026-05-11 17:55:24.808,3,-0.31,-0.68,0.09,-31.3234,-50.5428,-10.881,175,75
2026-05-11 17:55:24.870,3,-0.36,-0.73,-0.31,18.7966,-4.812799999999999,13.318999999999999,175,75
2026-05-11 17:55:24.870,3,-0.35,-0.78,-0.25,37.946600000000004,10.307200000000002,16.009,175,75
2026-05-11 17:55:24.882,3,-0.28,-0.83,-0.1,58.9166,13.297199999999997,20.279,175,75
2026-05-11 17:55:24.909,3,-0.28,-1.0,-0.04,83.36659999999999,-38.2928,53.379,175,75
2026-05-11 17:55:24.921,3,-0.34,-1.13,-0.18,82.75659999999999,-60.9128,78.379,175,75
2026-05-11 17:55:24.935,3,-0.32,-1.05,0.11,129.6566,-108.71279999999999,68.379,175,75
2026-05-11 17:55:24.946,3,-0.27,-1.8,0.01,126.9666,-127.62280000000001,64.849,175,75
2026-05-11 17:55:24.980,3,-1.12,-2.19,-0.68,139.4066,-62.7428,26.799,175,75
2026-05-11 17:55:24.991,3,0.64,-1.41,-0.95,37.086600000000004,-6.7028,-94.301,175,75
2026-05-11 17:55:25.000,3,2.34,-1.39,-1.79,-136.8134,-120.9128,-134.601,175,75
2026-05-11 17:55:25.011,3,1.24,0.3,-2.03,-196.2634,-220.1228,-64.481,175,75
2026-05-11 17:55:25.024,3,-0.19,-1.06,-2.56,-197.5434,171.4672,-76.551,175,75
2026-05-11 17:55:25.034,3,0.28,-1.58,-1.71,-234.0634,217.3772,-98.751,175,75
2026-05-11 17:55:25.056,3,0.32,-1.98,-1.01,-267.3634,134.69719999999998,-132.651,175,75
2026-05-11 17:55:25.056,3,0.06,-2.23,-0.55,-308.03340000000003,75.4872,-168.87099999999998,175,75
2026-05-11 17:55:25.067,3,-0.01,-2.34,-0.31,-336.2034,70.5472,-184.601,175,75
2026-05-11 17:55:25.122,3,-0.96,-3.71,0.15,-427.3034,53.9672,-177.651,175,75
2026-05-11 17:55:25.146,3,-1.18,-3.51,0.27,-393.9434,82.74719999999999,-193.38100000000003,175,75
2026-05-11 17:55:25.146,3,-1.17,-3.31,0.57,-350.9534,109.4572,-209.911,175,75
2026-05-11 17:55:25.182,3,-0.55,-2.53,1.06,-339.0034,72.9872,-181.31099999999998,175,75
2026-05-11 17:55:25.194,3,-0.51,-2.06,0.73,-339.1334,6.7072,-137.591,175,75
2026-05-11 17:55:25.194,3,-0.83,-1.81,0.38,-294.0634,25.7372,-110.091,175,75
2026-05-11 17:55:25.248,3,-0.68,0.33,1.35,-27.303399999999996,74.1472,-25.331,175,75
2026-05-11 17:55:25.266,3,-0.65,0.31,1.17,-11.323399999999998,13.297199999999997,4.908999999999999,175,75
2026-05-11 17:55:25.275,3,-0.85,0.16,0.94,9.346600000000002,15.487200000000001,14.538999999999998,175,75
2026-05-11 17:55:25.286,3,-0.81,0.15,0.87,38.7366,48.237199999999994,-1.3110000000000008,175,75
2026-05-11 17:55:25.297,3,-0.7,0.19,0.91,55.446600000000004,59.757200000000005,-0.8210000000000006,175,75
2026-05-11 17:55:25.372,3,-0.61,0.28,1.1,50.5666,67.43719999999999,19.669,175,75
2026-05-11 17:55:25.387,3,-0.54,0.23,1.05,44.5266,45.06719999999999,25.278999999999996,175,75
2026-05-11 17:55:25.387,3,-0.55,0.23,0.91,49.046600000000005,22.867199999999997,27.098999999999997,175,75
2026-05-11 17:55:25.398,3,-0.55,0.23,0.82,49.046600000000005,24.757199999999997,25.028999999999996,175,75
2026-05-11 17:55:25.411,3,-0.45,0.24,0.8,50.076600000000006,31.407199999999996,22.839,175,75
2026-05-11 17:55:25.428,3,-0.42,-0.07,0.84,55.016600000000004,-3.4727999999999994,34.179,175,75
2026-05-11 17:55:25.438,3,-0.42,-0.18,0.79,54.9566,-14.142800000000001,35.028999999999996,175,75
2026-05-11 17:55:25.481,3,-0.4,-0.65,0.62,78.1866,-49.022800000000004,57.169,175,75
2026-05-11 17:55:25.514,3,-0.55,-1.49,0.31,137.1566,-74.1428,84.119,175,75
2026-05-11 17:55:25.514,3,-0.57,-1.66,0.25,161.7266,-73.4128,91.069,175,75
2026-05-11 17:55:25.530,3,-0.59,-1.81,0.25,183.1866,-68.9028,101.009,175,75
2026-05-11 17:55:25.530,3,-0.63,-1.92,0.31,196.7866,-74.1428,108.749,175,75
2026-05-11 17:55:25.541,3,-0.75,-1.94,0.36,206.4166,-79.5728,120.51899999999999,175,75
2026-05-11 17:55:25.579,3,-0.72,-1.97,0.36,224.7166,-81.4028,129.599,175,75
2026-05-11 17:55:25.602,3,-0.69,-2.02,0.35,243.9166,-93.1728,135.81900000000002,175,75
2026-05-11 17:55:25.602,3,-0.66,-2.1,0.34,254.4066,-98.90280000000001,142.16899999999998,175,75
2026-05-11 17:55:25.653,3,-0.71,-2.02,0.3,272.0866,-102.31280000000001,149.909,175,75
2026-05-11 17:55:25.684,3,-0.58,-1.84,0.17,292.5766,-77.1928,147.039,175,75
2026-05-11 17:55:25.734,3,-0.51,-1.74,0.12,308.0666,-46.522800000000004,158.25900000000001,175,75
2026-05-11 17:55:25.734,3,-0.34,-1.63,0.22,316.2366,-34.8128,152.649,175,75
2026-05-11 17:55:25.746,3,4.18,-4.81,-1.23,229.04659999999998,-64.5728,53.749,175,75
2026-05-11 17:55:25.746,3,2.93,-2.49,-5.96,-107.60340000000001,-417.3728,-34.661,175,75
2026-05-11 17:55:25.812,3,-2.27,0.62,5.11,778.4966000000001,336.8272,-78.021,175,75
2026-05-11 17:55:25.856,3,-2.66,-1.12,-0.48,-301.1434,-357.8028,113.319,175,75
2026-05-11 17:55:25.926,3,-0.37,-0.84,1.17,-49.0034,-36.4028,-62.411,175,75
2026-05-11 17:55:25.953,3,-0.53,-0.79,-0.21,-22.053399999999996,-8.962800000000001,-33.081,175,75
2026-05-11 17:55:26.005,3,-0.33,-0.63,0.32,-22.663399999999996,-32.7428,-25.091,175,75
2026-05-11 17:55:26.057,3,-0.28,-0.77,-0.04,33.3066,-3.7128000000000014,3.9289999999999985,175,75
2026-05-11 17:55:26.057,3,-0.3,-0.78,-0.08,44.71660000000001,-4.512800000000002,10.759,175,75
2026-05-11 17:55:26.112,3,-0.33,-1.12,-0.17,109.5266,-23.4128,43.259,175,75
2026-05-11 17:55:26.142,3,-0.29,-1.4,0.26,163.9166,-74.8728,67.469,175,75
2026-05-11 17:55:26.165,3,-0.99,-2.2,0.02,111.0566,-128.6528,46.009,175,75
2026-05-11 17:55:26.191,3,-1.22,-1.85,-0.26,102.5766,-75.6028,21.249,175,75
2026-05-11 17:55:26.216,3,0.03,-0.38,-0.42,32.2166,24.697200000000002,-31.491,175,75
2026-05-11 17:55:26.232,3,0.41,0.17,-1.5,-211.9334,-175.9728,-28.811,175,75
2026-05-11 17:55:26.246,3,-0.11,-0.12,-1.65,-180.95340000000002,-62.3128,-19.601,175,75
2026-05-11 17:55:26.267,3,0.25,-1.63,-0.72,-308.7634,-28.2928,-75.211,175,75
2026-05-11 17:55:26.267,3,0.02,-1.71,-0.69,-330.0434,-3.652799999999999,-87.411,175,75
2026-05-11 17:55:26.292,3,0.16,-1.89,-0.08,-352.3634,71.21719999999999,-122.651,175,75
2026-05-11 17:55:26.302,3,0.05,-2.17,0.18,-375.34340000000003,48.4772,-127.351,175,75
2026-05-11 17:55:26.312,3,-0.09,-2.47,0.28,-387.4834,40.7972,-126.251,175,75
2026-05-11 17:55:26.334,3,-0.55,-3.23,0.31,-409.1934,45.367200000000004,-143.14100000000002,175,75
2026-05-11 17:55:26.344,3,-0.84,-3.09,0.2,-373.1534,108.84719999999999,-170.031,175,75
2026-05-11 17:55:26.356,3,-0.68,-2.86,0.54,-327.6034,151.03719999999998,-183.87099999999998,175,75
2026-05-11 17:55:26.357,3,-0.49,-2.74,0.87,-307.1734,142.3772,-173.14100000000002,175,75
2026-05-11 17:55:26.367,3,-0.47,-2.5,1.03,-302.4234,110.5472,-160.031,175,75
2026-05-11 17:55:26.399,3,-0.9,-0.87,0.76,-198.5234,35.977199999999996,-105.091,175,75
2026-05-11 17:55:26.416,3,-0.83,-0.47,1.07,-132.0534,57.56719999999999,-102.531,175,75
2026-05-11 17:55:26.416,3,-0.56,-0.01,1.52,-61.75339999999999,45.127199999999995,-75.151,175,75
2026-05-11 17:55:26.439,3,-0.43,0.1,0.76,18.126600000000003,-87.4928,12.709,175,75
2026-05-11 17:55:26.475,3,-0.31,0.26,0.35,104.6566,105.97719999999998,-2.2910000000000004,175,75
2026-05-11 17:55:26.481,3,-0.14,0.35,0.59,122.8866,131.3472,2.648999999999999,175,75
2026-05-11 17:55:26.570,3,0.02,-0.07,0.77,126.9666,-11.7028,9.358999999999998,175,75
2026-05-11 17:55:26.584,3,-0.42,-0.54,0.35,165.8066,53.3572,28.259,175,75
2026-05-11 17:55:26.606,3,-0.51,-0.92,0.79,183.6166,20.8572,47.778999999999996,175,75
2026-05-11 17:55:26.625,3,-0.75,-1.06,0.78,177.6366,-24.692800000000002,77.959,175,75
2026-05-11 17:55:26.645,3,-0.93,-0.95,0.6,180.7466,-37.7428,87.169,175,75
2026-05-11 17:55:26.645,3,-1.03,-0.89,0.41,197.2166,-34.5728,91.129,175,75
2026-05-11 17:55:26.678,3,-1.09,-1.69,0.49,246.1766,6.217199999999998,144.47899999999998,175,75
2026-05-11 17:55:26.743,3,-1.34,-1.72,0.73,245.9966,15.127200000000002,149.599,175,75
2026-05-11 17:55:26.752,3,-1.1,-1.51,0.74,243.4966,14.2072,146.67899999999997,175,75
2026-05-11 17:55:26.764,3,-0.92,-1.41,0.7,240.7466,7.257200000000001,169.789,175,75
2026-05-11 17:55:26.782,3,-0.95,-1.42,0.45,217.2166,-5.972799999999999,206.79899999999998,175,75
2026-05-11 17:55:26.794,3,-0.78,-1.24,0.18,202.3366,5.9772,194.909,175,75
2026-05-11 17:55:26.805,3,-0.51,-1.09,0.16,192.57659999999998,17.437199999999997,197.289,175,75
2026-05-11 17:55:26.805,3,-0.17,-1.04,0.12,175.3866,11.157199999999996,198.37900000000002,175,75
2026-05-11 17:55:26.848,3,2.22,-3.06,-5.7,-325.8334,-901.7028,50.458999999999996,175,75
2026-05-11 17:55:26.859,3,-6.13,-0.39,-4.84,-495.4734,-293.71279999999996,230.399,175,75
2026-05-11 17:55:26.869,3,-2.95,-3.83,-4.04,-241.0234,1050.1872,213.25900000000001,175,75
2026-05-11 17:55:26.879,3,1.11,-4.82,-1.3,457.6366,593.2372,3.449,175,75
2026-05-11 17:55:26.893,3,-1.19,-2.53,1.8,844.8966,199.5772,-104.721,175,75
2026-05-11 17:55:26.913,3,-0.42,0.3,4.12,350.0766,614.5172,-86.371,175,75
2026-05-11 17:55:26.925,3,1.22,0.55,4.16,-189.4934,115.3672,56.129000000000005,175,75
2026-05-11 17:55:26.936,3,0.74,0.27,2.67,-247.2434,-522.1328,111.679,175,75
2026-05-11 17:55:26.961,3,-2.38,-0.86,-0.89,-152.6634,-164.1428,23.988999999999997,175,75
2026-05-11 17:55:26.971,3,-1.37,-0.78,-1.44,-134.4334,-1.2128000000000014,-87.771,175,75
2026-05-11 17:55:26.982,3,-0.49,-0.7,0.34,63.796600000000005,185.3672,-28.931,175,75
2026-05-11 17:55:27.016,3,-0.7,-1.07,1.22,37.8866,110.24719999999999,-32.411,175,75
2026-05-11 17:55:27.034,3,-0.46,-1.32,1.29,-109.1934,-47.2528,-84.361,175,75
2026-05-11 17:55:27.034,3,-0.26,-1.2,0.85,-133.7634,-106.34280000000001,-77.651,175,75
2026-05-11 17:55:27.045,3,-0.11,-1.05,0.29,-144.3734,-136.4628,-77.901,175,75
2026-05-11 17:55:27.069,3,-0.18,-1.05,-0.01,-63.5234,-23.352800000000002,-51.311,175,75
2026-05-11 17:55:27.079,3,-0.05,-1.02,0.25,-46.563399999999994,-32.1328,-50.641,175,75
2026-05-11 17:55:27.095,3,-0.16,-0.27,0.15,-38.3934,-87.6228,-41.491,175,75
2026-05-11 17:55:27.104,3,-0.24,-0.1,-0.14,-23.333399999999997,-80.4228,-23.691000000000003,175,75
2026-05-11 17:55:27.119,3,-0.31,-0.15,-0.44,2.0866000000000025,-57.9228,-7.831,175,75
2026-05-11 17:55:27.180,3,-0.36,-0.2,-0.44,103.4966,127.43719999999999,2.9589999999999996,175,75
2026-05-11 17:55:27.202,3,-0.14,0.15,-0.29,102.69659999999999,138.0472,21.369,175,75
2026-05-11 17:55:27.204,3,-0.32,0.35,-0.34,79.4066,111.7072,39.239,175,75
2026-05-11 17:55:27.215,3,-0.91,0.64,-0.38,58.006600000000006,85.6072,78.629,175,75
2026-05-11 17:55:27.215,3,-1.78,0.79,-0.28,56.0566,76.7072,129.35899999999998,175,75
2026-05-11 17:55:27.237,3,-0.66,-1.26,0.34,61.116600000000005,46.037200000000006,83.929,175,75
2026-05-11 17:55:27.237,3,-0.18,-1.62,0.6,-5.6533999999999995,-58.7128,37.099,175,75
2026-05-11 17:55:27.317,3,0.22,-1.02,0.99,69.1666,127.68719999999999,1.9789999999999992,175,75
2026-05-11 17:55:27.317,3,0.14,-1.65,0.79,32.0266,-63.9628,59.358999999999995,175,75
2026-05-11 17:55:27.317,3,-1.35,-2.13,-0.08,-17.6034,-224.93280000000001,137.289,175,75
2026-05-11 17:55:27.332,3,-1.61,-2.34,-0.39,20.936600000000002,-90.24279999999999,88.929,175,75
2026-05-11 17:55:27.360,3,-1.51,-1.17,0.54,-146.7534,-155.24280000000002,-57.291000000000004,175,75
2026-05-11 17:55:27.373,3,-1.2,-1.0,0.06,-105.10340000000001,-27.6228,-117.831,175,75
2026-05-11 17:55:27.383,3,-0.69,-1.23,0.14,-76.4434,-4.0228,-133.14100000000002,175,75
2026-05-11 17:55:27.395,3,-0.17,-2.79,0.23,-111.38340000000001,-56.0928,-117.411,175,75
2026-05-11 17:55:27.406,3,-0.17,-3.17,-0.34,-131.3834,-94.3228,-95.641,175,75
2026-05-11 17:55:27.441,3,0.72,0.13,-0.55,-46.383399999999995,-121.58279999999999,-44.051,175,75
2026-05-11 17:55:27.449,3,-0.34,0.06,-0.54,2.2166000000000015,-122.62280000000001,21.858999999999998,175,75
2026-05-11 17:55:27.462,3,-0.49,-0.61,-0.48,47.6366,-57.4928,28.988999999999997,175,75
2026-05-11 17:55:27.474,3,-0.24,-1.07,-0.3,48.436600000000006,-46.1528,5.578999999999999,175,75
2026-05-11 17:55:27.486,3,0.49,-1.36,-0.99,-81.38340000000001,-131.5828,-44.851,175,75
2026-05-11 17:55:27.486,3,0.79,-0.86,-1.87,-174.1934,-153.5328,-69.541,175,75
2026-05-11 17:55:27.499,3,0.86,0.18,-2.36,-168.2134,-22.0728,-110.881,175,75
2026-05-11 17:55:27.525,3,0.63,0.12,-0.05,-174.8634,146.3472,-93.321,175,75
2026-05-11 17:55:27.535,3,0.63,-0.53,0.56,-229.1934,-53.2928,-116.371,175,75
2026-05-11 17:55:27.565,3,0.06,-0.66,0.1,-295.1034,-163.8428,-139.051,175,75
2026-05-11 17:55:27.577,3,-0.09,-0.92,0.11,-268.8234,-70.9128,-127.351,175,75
2026-05-11 17:55:27.588,3,-0.21,-1.08,0.26,-253.7634,-32.802800000000005,-118.631,175,75
2026-05-11 17:55:27.605,3,-0.59,-1.3,0.68,-223.0934,4.697199999999999,-97.531,175,75
2026-05-11 17:55:27.615,3,-1.02,-1.34,1.05,-182.6634,39.1472,-91.071,175,75
2026-05-11 17:55:27.627,3,-1.41,-1.37,1.38,-138.5234,85.6772,-97.961,175,75
2026-05-11 17:55:27.644,3,-1.99,-1.02,2.0,-7.243399999999999,149.1472,-68.631,175,75
2026-05-11 17:55:27.676,3,-2.19,-0.95,2.48,156.7866,95.4872,34.359,175,75
2026-05-11 17:55:27.698,3,-2.62,-1.04,2.01,144.4066,-8.232800000000001,135.81900000000002,175,75
2026-05-11 17:55:27.720,3,-2.26,-1.3,1.59,249.1066,-44.5128,160.87900000000002,175,75
2026-05-11 17:55:27.730,3,-2.15,-1.44,1.62,310.6266,-39.9328,202.16899999999998,175,75
2026-05-11 17:55:27.743,3,-1.84,-1.53,1.34,319.0466,-41.0928,224.909,175,75
2026-05-11 17:55:27.756,3,-1.49,-1.32,0.92,313.8566,-45.0028,209.17899999999997,175,75
2026-05-11 17:55:27.766,3,-0.96,-0.96,0.4,320.1366,-8.0428,197.409,175,75
2026-05-11 17:55:27.777,3,-0.54,-0.61,0.08,345.8666,58.9672,211.06900000000002,175,75
2026-05-11 17:55:27.788,3,-0.17,-0.44,0.1,383.1266,155.7372,241.67899999999997,175,75
2026-05-11 17:55:27.798,3,0.35,-0.72,0.33,379.2866,193.1772,245.519,175,75
2026-05-11 17:55:27.809,3,-0.3,-0.26,0.47,313.0066,92.74719999999999,250.209,175,75
2026-05-11 17:55:27.819,3,0.68,-0.36,-0.07,228.1266,105.91719999999998,214.41899999999998,175,75
2026-05-11 17:55:27.831,3,3.35,1.62,-1.31,107.08659999999999,-35.5428,79.479,175,75
2026-05-11 17:55:27.843,3,6.72,-1.91,-3.98,-66.9334,-411.95279999999997,80.819,175,75
2026-05-11 17:55:27.882,3,-0.43,-6.02,-1.96,304.46659999999997,750.8572,123.74900000000001,175,75
2026-05-11 17:55:27.928,3,-0.25,0.31,1.88,-134.98340000000002,-225.36280000000002,107.959,175,75
2026-05-11 17:55:27.965,3,-1.03,-0.47,0.34,-51.563399999999994,11.3472,-2.771000000000001,175,75
2026-05-11 17:55:27.986,3,-1.25,-0.84,0.4,-62.6034,3.2972,-13.141000000000002,175,75
2026-05-11 17:55:27.988,3,-1.14,-1.09,0.46,-52.6634,-16.5828,-61.921,175,75
2026-05-11 17:55:28.013,3,-0.84,-1.64,0.39,-42.423399999999994,6.587199999999999,-114.971,175,75
2026-05-11 17:55:28.024,3,-0.67,-1.64,0.32,-52.3034,-3.4128000000000007,-119.911,175,75
2026-05-11 17:55:28.055,3,0.08,-1.27,0.02,-79.8634,-26.7628,-65.581,175,75
2026-05-11 17:55:28.063,3,-0.04,-1.18,0.15,-70.8934,-86.1528,-58.441,175,75
2026-05-11 17:55:28.078,3,-0.07,-1.05,0.05,-56.50339999999999,-120.18280000000001,-53.261,175,75
2026-05-11 17:55:28.113,3,-0.54,-0.25,-0.68,-5.343399999999997,-76.28280000000001,-5.7010000000000005,175,75
2026-05-11 17:55:28.122,3,-0.5,-0.12,-0.5,37.4566,-42.802800000000005,-3.261000000000001,175,75
2026-05-11 17:55:28.134,3,-0.19,-0.35,-0.19,59.3466,-22.3728,20.948999999999998,175,75
2026-05-11 17:55:28.140,3,-0.15,-0.48,-0.35,7.946600000000002,-61.7628,22.038999999999998,175,75
2026-05-11 17:55:28.156,3,-0.41,-0.24,-0.89,-42.483399999999996,-31.8928,19.729,175,75
2026-05-11 17:55:28.176,3,0.1,0.27,-0.65,-6.083399999999999,142.9272,-17.901000000000003,175,75
2026-05-11 17:55:28.189,3,0.52,0.28,-0.27,-14.253399999999997,132.8072,-26.981,175,75
2026-05-11 17:55:28.203,3,0.66,0.31,-0.13,-46.6934,87.0772,-26.191000000000003,175,75
2026-05-11 17:55:28.259,3,0.46,0.37,-0.03,-58.1534,29.757199999999997,-20.211,175,75
2026-05-11 17:55:28.259,3,-0.08,0.34,-0.05,-54.86339999999999,8.907199999999996,-23.381,175,75
2026-05-11 17:55:28.268,3,-1.1,0.65,0.1,-49.803399999999996,49.267199999999995,-0.15100000000000158,175,75
2026-05-11 17:55:28.280,3,-2.5,1.32,0.78,-14.923399999999999,140.6772,109.179,175,75
2026-05-11 17:55:28.307,3,-6.04,2.45,2.57,141.6666,399.7572,269.359,175,75
2026-05-11 17:55:28.307,3,-3.23,0.32,4.07,490.2566,677.8072,278.449,175,75
2026-05-11 17:55:28.336,3,2.4,-5.08,3.83,439.71659999999997,-55.9728,-151.43099999999998,175,75
2026-05-11 17:55:28.353,3,0.37,-0.04,1.71,-336.2634,-521.1528,128.62900000000002,175,75
2026-05-11 17:55:28.353,3,-2.1,1.23,0.75,-275.7734,-371.8228,144.969,175,75
2026-05-11 17:55:28.447,3,-1.8,-0.93,1.42,137.63660000000002,119.75719999999998,-102.411,175,75
2026-05-11 17:55:28.447,3,0.12,0.09,2.37,-2.843399999999999,288.10720000000003,-181.62099999999998,175,75
2026-05-11 17:55:28.467,3,0.6,-0.64,2.3,-92.8434,-66.28280000000001,3.0189999999999984,175,75
2026-05-11 17:55:28.467,3,-2.12,-1.44,-0.09,-184.3734,-104.4528,-123.991,175,75
2026-05-11 17:55:28.497,3,0.13,-2.85,0.5,-129.67340000000002,-59.022800000000004,-61.071,175,75
2026-05-11 17:55:28.508,3,0.27,-2.51,0.23,-200.2834,-146.4028,-94.241,175,75
2026-05-11 17:55:28.523,3,0.71,-1.15,-0.7,-213.7634,-245.9128,-119.601,175,75
2026-05-11 17:55:28.535,3,0.38,0.28,-1.09,-101.8734,-219.3928,-66.431,175,75
2026-05-11 17:55:28.566,3,-0.11,-0.76,-0.21,72.2766,-67.4928,-3.9910000000000005,175,75
2026-05-11 17:55:28.579,3,0.09,-0.89,-0.54,5.936600000000001,-110.7928,-24.121000000000002,175,75
2026-05-11 17:55:28.615,3,0.91,0.17,-1.45,-88.5834,2.3771999999999984,-104.661,175,75
2026-05-11 17:55:28.646,3,0.36,-0.19,-0.01,-219.7434,-114.1428,-113.321,175,75
2026-05-11 17:55:28.698,3,0.19,-0.29,-0.27,-246.2634,-120.7928,-116.011,175,75
2026-05-11 17:55:28.708,3,0.07,-0.39,-0.3,-242.3034,-71.4628,-118.021,175,75
2026-05-11 17:55:28.720,3,0.06,-0.51,-0.12,-228.0934,-33.3528,-121.311,175,75
2026-05-11 17:55:28.720,3,-0.04,-0.78,0.22,-205.4134,-13.1028,-121.191,175,75
2026-05-11 17:55:28.733,3,-0.46,-1.18,0.28,-186.2634,5.0672,-111.251,175,75
2026-05-11 17:55:28.759,3,-2.35,-1.2,1.7,-10.893399999999998,136.3472,-112.901,175,75
2026-05-11 17:55:28.831,3,-2.08,-0.81,1.82,11.846600000000002,116.5872,-151.981,175,75
2026-05-11 17:55:28.840,3,-1.73,-1.56,2.06,54.7766,-71.5228,84.179,175,75
2026-05-11 17:55:28.853,3,-2.6,-1.27,1.99,69.28659999999999,-195.7928,101.189,175,75
2026-05-11 17:55:28.866,3,-2.34,-1.05,1.52,78.8566,-185.4228,61.18899999999999,175,75
2026-05-11 17:55:28.866,3,-1.6,-1.12,1.09,128.6766,-151.4028,95.699,175,75
2026-05-11 17:55:28.889,3,-0.45,-0.38,0.94,386.6666,145.6072,230.279,175,75
2026-05-11 17:55:28.943,3,-0.5,-1.21,0.79,398.1266,158.41719999999998,224.789,175,75
2026-05-11 17:55:28.943,3,-0.05,-1.38,0.51,360.3266,145.4272,197.349,175,75
2026-05-11 17:55:28.963,3,-0.53,-0.4,0.11,296.7266,127.19719999999998,233.68900000000002,175,75
2026-05-11 17:55:28.969,3,3.18,-1.78,-0.96,218.79659999999998,191.28719999999998,42.649,175,75
2026-05-11 17:55:28.984,3,4.35,0.69,-0.21,240.9966,95.3672,67.229,175,75
2026-05-11 17:55:28.998,3,0.45,-2.48,-4.62,-377.78340000000003,-1150.0628,146.18900000000002,175,75
2026-05-11 17:55:29.024,3,-6.35,-1.53,-3.66,-499.92339999999996,-104.87280000000001,190.279,175,75
2026-05-11 17:55:29.024,3,0.94,-6.32,-2.31,366.7866,642.9872,78.449,175,75
2026-05-11 17:55:29.036,3,-0.44,-1.96,2.87,520.4466,399.8772,-213.93099999999998,175,75
2026-05-11 17:55:29.073,3,-0.49,-0.47,0.54,-13.823399999999998,-39.5128,40.458999999999996,175,75
2026-05-11 17:55:29.073,3,-0.98,-0.52,0.61,-39.803399999999996,-0.00280000000000058,17.169,175,75
2026-05-11 17:55:29.083,3,-1.56,-0.45,0.23,-68.6434,-31.5228,-18.201,175,75
2026-05-11 17:55:29.094,3,-1.13,-0.71,0.29,-34.923399999999994,11.467199999999998,-76.551,175,75
2026-05-11 17:55:29.107,3,-0.88,-1.12,0.52,-25.163399999999996,34.3272,-90.641,175,75
2026-05-11 17:55:29.107,3,-0.85,-1.29,0.59,-40.413399999999996,18.9672,-94.911,175,75
2026-05-11 17:55:29.137,3,-0.55,-1.54,0.42,-74.6134,3.237199999999998,-109.241,175,75
2026-05-11 17:55:29.137,3,-0.19,-1.66,0.29,-83.0934,1.2171999999999983,-102.411,175,75
2026-05-11 17:55:29.159,3,-0.09,-1.9,-0.05,-97.4834,-54.202799999999996,-51.251,175,75
2026-05-11 17:55:29.159,3,-0.45,-1.59,-0.16,-72.4834,-106.09280000000001,-68.87100000000001,175,75
2026-05-11 17:55:29.172,3,-0.36,-0.97,-0.37,-57.483399999999996,-91.34280000000001,-66.251,175,75
2026-05-11 17:55:29.199,3,-0.65,0.03,-0.31,-23.583399999999997,-81.28280000000001,-1.551000000000001,175,75
2026-05-11 17:55:29.211,3,-0.8,-0.04,-0.31,9.406600000000001,-74.2028,21.489,175,75
2026-05-11 17:55:29.221,3,-0.66,-0.47,-0.34,28.2466,-77.0728,18.689,175,75
2026-05-11 17:55:29.284,3,-0.48,-0.52,-0.49,23.4966,-54.6328,1.189,175,75
2026-05-11 17:55:29.299,3,-0.15,-0.34,-0.96,8.366600000000002,14.397199999999998,-1.9810000000000008,175,75
2026-05-11 17:55:29.310,3,0.03,0.49,-0.87,12.156600000000001,188.7172,-1.431000000000001,175,75
2026-05-11 17:55:29.331,3,0.22,0.43,-0.37,9.286600000000002,224.5172,-9.481000000000002,175,75
2026-05-11 17:55:29.349,3,0.36,0.34,-0.25,-24.0034,197.6872,-20.331000000000003,175,75
2026-05-11 17:55:29.386,3,-5.13,2.27,2.93,136.4766,320.1872,207.22899999999998,175,75
2026-05-11 17:55:29.410,3,0.2,-0.1,1.73,-384.1934,-616.0328,202.589,175,75
2026-05-11 17:55:29.410,3,-1.92,0.1,-0.2,-237.8434,-226.58280000000002,126.42899999999999,175,75
2026-05-11 17:55:29.465,3,-0.47,-1.53,1.9,-10.413399999999998,35.4872,-90.401,175,75
2026-05-11 17:55:29.476,3,-0.5,-1.32,1.3,-97.66340000000001,-76.2128,-49.121,175,75
2026-05-11 17:55:29.476,3,-1.01,-1.18,0.5,-105.71340000000001,-134.0228,-68.021,175,75
2026-05-11 17:55:29.499,3,-0.85,-1.39,0.03,-81.8134,-33.3528,-126.311,175,75
2026-05-11 17:55:29.510,3,-0.22,-1.73,0.19,-65.5334,26.587200000000003,-128.261,175,75
2026-05-11 17:55:29.520,3,-0.08,-1.97,0.35,-79.8634,-13.7828,-107.161,175,75
2026-05-11 17:55:29.520,3,-0.04,-2.15,0.28,-99.1934,-66.7628,-100.271,175,75
2026-05-11 17:55:29.532,3,0.03,-2.04,-0.03,-125.5334,-115.7328,-97.961,175,75
2026-05-11 17:55:29.556,3,0.12,-1.62,-0.32,-135.5334,-133.7828,-94.301,175,75
2026-05-11 17:55:29.564,3,0.06,-0.99,-0.73,-142.9734,-148.9028,-92.831,175,75
2026-05-11 17:55:29.579,3,-0.15,-0.39,-0.98,-104.9234,-112.9228,-71.131,175,75
2026-05-11 17:55:29.603,3,-0.35,-0.6,0.18,72.0266,-20.9728,10.338999999999999,175,75
2026-05-11 17:55:29.615,3,0.02,-0.77,-0.19,-12.173399999999999,-100.5428,-21.251,175,75
2026-05-11 17:55:29.666,3,0.63,0.18,-0.57,-94.4334,101.03720000000001,-64.361,175,75
2026-05-11 17:55:29.677,3,0.71,-0.01,0.1,-153.5234,12.377200000000002,-77.591,175,75
2026-05-11 17:55:29.700,3,0.44,-0.08,0.18,-225.1634,-159.4528,-103.931,175,75
2026-05-11 17:55:29.700,3,0.17,-0.17,-0.21,-254.5534,-168.0428,-100.761,175,75
2026-05-11 17:55:29.717,3,0.17,-0.36,-0.27,-254.4334,-115.8528,-103.691,175,75
2026-05-11 17:55:29.730,3,0.16,-0.46,-0.12,-249.8034,-97.37280000000001,-110.331,175,75
2026-05-11 17:55:29.730,3,0.1,-0.56,0.05,-243.9434,-83.2328,-110.091,175,75
2026-05-11 17:55:29.751,3,-0.08,-0.86,0.27,-239.4334,-56.4628,-102.471,175,75
2026-05-11 17:55:29.767,3,-0.38,-0.99,0.36,-229.4934,-56.3428,-93.811,175,75
2026-05-11 17:55:29.780,3,-0.78,-1.18,0.43,-209.0034,-65.2428,-85.401,175,75
2026-05-11 17:55:29.790,3,-0.91,-1.61,0.55,-182.1134,-45.3628,-84.661,175,75
2026-05-11 17:55:29.792,3,-1.11,-2.4,0.89,-129.92340000000002,-8.902800000000001,-51.681,175,75
2026-05-11 17:55:29.821,3,-1.36,-2.03,0.38,-74.8634,38.5972,-107.101,175,75
2026-05-11 17:55:29.831,3,-1.36,-0.45,2.13,-37.7234,-18.5928,-127.041,175,75
2026-05-11 17:55:29.831,3,-0.74,-0.85,1.89,-22.303399999999996,-94.6928,-12.161000000000001,175,75
2026-05-11 17:55:29.856,3,-1.46,-1.72,1.62,12.026600000000002,-142.1328,114.119,175,75
2026-05-11 17:55:29.866,3,-2.16,-1.85,1.35,76.5466,-115.00280000000001,75.579,175,75
2026-05-11 17:55:29.878,3,-1.66,-1.63,1.18,164.7166,-55.7928,-2.5310000000000006,175,75
2026-05-11 17:55:29.898,3,-0.91,-1.25,1.36,244.2866,1.647199999999998,101.559,175,75
2026-05-11 17:55:29.909,3,-1.08,-1.37,1.33,269.5266,-4.4528,147.039,175,75
2026-05-11 17:55:29.916,3,-1.41,-1.78,1.12,306.2966,18.5972,144.23899999999998,175,75
2026-05-11 17:55:29.977,3,0.31,-0.14,1.09,387.5766,220.06719999999999,139.29899999999998,175,75
2026-05-11 17:55:29.987,3,0.48,-0.05,1.1,347.6966,179.69719999999998,144.849,175,75
2026-05-11 17:55:29.997,3,0.59,-0.07,0.87,312.15659999999997,125.7372,137.779,175,75
2026-05-11 17:55:30.008,3,-0.81,0.52,0.59,283.2466,59.9972,199.05900000000003,175,75
2026-05-11 17:55:30.045,3,2.75,-0.64,-1.23,128.9766,-161.7628,34.119,175,75
2026-05-11 17:55:30.067,3,-5.95,-0.5,-4.8,-558.4534,-486.40279999999996,171.73899999999998,175,75
2026-05-11 17:55:30.078,3,-4.76,-2.6,-4.09,-395.2234,714.2072000000001,185.459,175,75
2026-05-11 17:55:30.089,3,0.15,-4.72,-2.53,152.82659999999998,749.4572000000001,155.75900000000001,175,75
2026-05-11 17:55:30.100,3,-0.64,-3.05,0.0,578.2466000000001,346.46720000000005,54.789,175,75
2026-05-11 17:55:30.124,3,1.73,-0.81,4.54,168.6766,507.4372000000001,-38.441,175,75
2026-05-11 17:55:30.135,3,0.7,0.05,3.43,-107.4834,-261.70279999999997,156.48899999999998,175,75
2026-05-11 17:55:30.145,3,-0.4,-0.16,1.28,-140.3434,-492.3128,124.96900000000001,175,75
2026-05-11 17:55:30.156,3,-1.77,-0.58,-0.25,-75.8934,-288.1028,76.009,175,75
2026-05-11 17:55:30.167,3,-1.38,-0.72,-1.01,-35.953399999999995,10.857199999999999,31.859,175,75
2026-05-11 17:55:30.178,3,-0.84,-0.68,-0.15,25.256600000000002,117.25719999999998,5.638999999999999,175,75
2026-05-11 17:55:30.189,3,-0.78,-0.76,0.77,49.046600000000005,111.7072,11.858999999999998,175,75
2026-05-11 17:55:30.201,3,-1.05,-0.84,1.21,1.9666000000000015,6.217199999999998,-10.521,175,75
2026-05-11 17:55:30.208,3,-1.05,-0.9,0.93,-39.313399999999994,-54.2628,-41.071,175,75
2026-05-11 17:55:30.224,3,-0.87,-0.88,0.14,-47.913399999999996,-67.25280000000001,-70.521,175,75
2026-05-11 17:55:30.247,3,-0.76,-0.88,-0.1,-42.913399999999996,-36.4628,-80.031,175,75
2026-05-11 17:55:30.271,3,-0.33,-1.37,0.14,-27.303399999999996,39.1472,-63.201,175,75
2026-05-11 17:55:30.271,3,-0.19,-1.83,0.39,-16.3834,27.507199999999997,-51.681,175,75
2026-05-11 17:55:30.296,3,-0.28,-1.56,0.36,-74.0634,-27.3128,-51.131,175,75
2026-05-11 17:55:30.311,3,0.01,-0.54,0.0,-37.1134,-123.3528,-47.041000000000004,175,75
2026-05-11 17:55:30.326,3,-0.38,-0.41,-0.2,-2.9133999999999975,-101.52279999999999,-14.111,175,75
2026-05-11 17:55:30.392,3,0.14,0.25,-1.27,-54.983399999999996,83.71719999999999,-5.271000000000001,175,75
2026-05-11 17:55:30.405,3,0.31,0.28,-1.0,-45.8334,135.00719999999998,-11.011000000000001,175,75
2026-05-11 17:55:30.461,3,-5.59,1.81,2.77,129.16660000000002,368.47720000000004,270.399,175,75
2026-05-11 17:55:30.461,3,-3.6,-0.06,4.78,496.5466,500.3672,319.789,175,75
2026-05-11 17:55:30.481,3,2.36,-5.83,3.97,224.4666,-374.39279999999997,-143.57100000000003,175,75
2026-05-11 17:55:30.494,3,-0.33,0.71,1.7,-397.1734,-371.09279999999995,141.48899999999998,175,75
2026-05-11 17:55:30.517,3,-0.48,-0.55,-1.32,-93.5834,-178.1028,-5.271000000000001,175,75
2026-05-11 17:55:30.527,3,-0.84,-1.07,-1.61,-0.10339999999999883,-240.30280000000002,0.5789999999999988,175,75
2026-05-11 17:55:30.527,3,-1.19,-2.22,-1.52,79.1666,-14.5128,33.809,175,75
2026-05-11 17:55:30.551,3,-1.13,-2.98,-0.53,173.6766,245.2472,58.07899999999999,175,75
2026-05-11 17:55:30.551,3,-1.1,-1.86,0.78,246.3566,236.34720000000002,23.448999999999998,175,75
2026-05-11 17:55:30.565,3,-1.04,-0.85,2.08,204.2866,170.1872,-62.901,175,75
2026-05-11 17:55:30.567,3,-0.91,-0.35,2.59,24.1066,113.3572,-62.901,175,75
2026-05-11 17:55:30.582,3,-0.17,-0.55,1.92,-105.5934,-94.2028,-36.801,175,75
2026-05-11 17:55:30.590,3,-0.73,-0.82,1.13,-107.7234,-214.2028,-36.981,175,75
2026-05-11 17:55:30.615,3,-0.93,-1.18,-0.14,-90.77340000000001,21.0372,-121.801,175,75
2026-05-11 17:55:30.634,3,-0.3,-1.29,0.32,-64.6734,82.25720000000001,-133.93099999999998,175,75
2026-05-11 17:55:30.647,3,-0.05,-1.69,0.86,-69.6134,46.5872,-107.411,175,75
2026-05-11 17:55:30.656,3,-0.03,-2.16,0.91,-89.9834,-20.9128,-98.141,175,75
2026-05-11 17:55:30.656,3,0.09,-2.56,0.58,-121.8734,-103.53280000000001,-103.141,175,75
2026-05-11 17:55:30.671,3,0.06,-2.49,-0.26,-173.0334,-174.02280000000002,-99.791,175,75
2026-05-11 17:55:30.679,3,0.06,-1.65,-1.1,-191.8134,-180.8528,-95.581,175,75
2026-05-11 17:55:30.750,3,0.51,-0.82,-1.09,-182.2434,-166.21280000000002,-66.741,175,75
2026-05-11 17:55:30.772,3,0.41,-0.21,-2.39,-163.70340000000002,-74.75280000000001,-83.751,175,75
2026-05-11 17:55:30.840,3,0.44,-0.15,-0.64,-93.7034,157.4372,-80.941,175,75
2026-05-11 17:55:30.840,3,0.58,-0.33,0.3,-145.1034,23.047199999999997,-100.521,175,75
2026-05-11 17:55:30.851,3,0.4,-0.39,0.52,-210.7134,-134.1428,-119.481,175,75
2026-05-11 17:55:30.873,3,0.14,-0.41,0.0,-266.3234,-168.5328,-110.821,175,75
2026-05-11 17:55:30.873,3,0.14,-0.54,0.02,-259.4934,-143.7828,-114.421,175,75
2026-05-11 17:55:30.880,3,0.11,-0.67,0.18,-249.4334,-114.4528,-112.651,175,75
2026-05-11 17:55:30.903,3,-0.7,-1.21,0.66,-207.5434,-14.2628,-87.961,175,75
2026-05-11 17:55:30.913,3,-1.73,-2.41,0.73,-120.1034,114.2672,-26.741,175,75
2026-05-11 17:55:30.927,3,-2.16,-1.97,1.03,-45.593399999999995,179.3972,-41.801,175,75
2026-05-11 17:55:30.937,3,-2.53,-0.88,1.53,19.4666,258.71720000000005,-147.531,175,75
2026-05-11 17:55:30.949,3,-1.75,-0.72,1.78,87.1566,254.51719999999997,-181.13100000000003,175,75
2026-05-11 17:55:30.961,3,-0.92,-1.57,2.47,98.7366,167.0172,-41.921,175,75
2026-05-11 17:55:30.972,3,-2.11,-1.28,2.68,50.686600000000006,-210.4828,73.689,175,75
2026-05-11 17:55:31.005,3,-1.95,-0.83,1.6,11.476600000000001,-259.26279999999997,42.039,175,75
2026-05-11 17:55:31.035,3,-1.49,-1.01,0.84,30.9366,-234.08280000000002,78.019,175,75
2026-05-11 17:55:31.035,3,-1.41,-1.36,0.39,92.08659999999999,-190.4828,124.29899999999999,175,75
2026-05-11 17:55:31.056,3,-1.9,-1.55,0.1,194.8366,-73.7128,139.35899999999998,175,75
2026-05-11 17:55:31.067,3,-1.23,-1.31,0.27,324.5266,153.1072,68.509,175,75
2026-05-11 17:55:31.124,3,-0.26,-0.93,0.47,364.46659999999997,278.41720000000004,152.469,175,75
2026-05-11 17:55:31.124,3,-0.11,-0.84,0.56,387.5766,350.73720000000003,147.649,175,75
2026-05-11 17:55:31.134,3,0.17,-0.72,0.68,387.15659999999997,396.6472,129.599,175,75
2026-05-11 17:55:31.135,3,0.7,-0.26,0.97,327.21659999999997,360.2472,138.56900000000002,175,75
2026-05-11 17:55:31.145,3,0.54,-0.19,0.97,287.21659999999997,272.9272,136.85899999999998,175,75
2026-05-11 17:55:31.157,3,-0.82,0.24,0.66,237.3366,209.4572,212.349,175,75
2026-05-11 17:55:31.167,3,-0.71,-0.02,0.48,234.9566,278.10720000000003,203.139,175,75
2026-05-11 17:55:31.167,3,2.38,-2.55,-0.32,152.1566,342.3172,-4.601000000000001,175,75
2026-05-11 17:55:31.184,3,2.09,-0.32,0.94,241.1166,304.0872,79.539,175,75
2026-05-11 17:55:31.184,3,4.12,-1.51,1.33,234.6566,60.5472,93.809,175,75
2026-05-11 17:55:31.195,3,4.43,-3.16,-1.1,-122.17340000000002,-643.5328,110.029,175,75
2026-05-11 17:55:31.213,3,-4.46,-0.21,-3.49,-312.6034,445.48720000000003,41.189,175,75
2026-05-11 17:55:31.246,3,-0.26,-1.82,3.57,159.8966,302.1372,-14.111,175,75
2026-05-11 17:55:31.264,3,0.63,-1.47,3.05,-48.5834,44.6372,18.509,175,75
2026-05-11 17:55:31.264,3,0.09,-1.32,1.71,-126.5634,-267.4328,59.669,175,75
2026-05-11 17:55:31.275,3,-1.26,-1.1,0.19,-134.67340000000002,-286.76279999999997,49.479,175,75
2026-05-11 17:55:31.299,3,-1.11,-0.99,-1.11,-60.1634,-6.762800000000002,-32.221000000000004,175,75
2026-05-11 17:55:31.321,3,-0.88,-1.06,-0.19,49.586600000000004,79.5772,-31.251,175,75
2026-05-11 17:55:31.327,3,-0.79,-1.08,0.36,55.866600000000005,72.9872,-42.711,175,75
2026-05-11 17:55:31.371,3,-0.21,-1.05,0.53,-40.773399999999995,-68.78280000000001,-62.771,175,75
2026-05-11 17:55:31.371,3,-0.26,-0.92,0.17,-36.9334,-75.7928,-53.631,175,75
2026-05-11 17:55:31.406,3,-0.26,-1.19,-0.4,9.656600000000001,-60.5428,-28.931,175,75
2026-05-11 17:55:31.421,3,-0.24,-0.84,-0.46,45.076600000000006,-87.7428,-12.591000000000001,175,75
2026-05-11 17:55:31.432,3,-0.32,-0.42,-0.49,67.9466,-65.6728,11.678999999999998,175,75
2026-05-11 17:55:31.458,3,-0.9,-0.23,0.15,114.89659999999999,-42.8628,48.989,175,75
2026-05-11 17:55:31.483,3,-0.4,-0.58,-0.33,32.7566,-55.2428,46.249,175,75
2026-05-11 17:55:31.495,3,-0.3,-0.44,-1.16,-29.2534,-28.5928,35.638999999999996,175,75
2026-05-11 17:55:31.506,3,0.01,-0.08,-1.97,-73.21340000000001,62.1972,11.489,175,75
2026-05-11 17:55:31.517,3,0.56,0.55,-2.65,-70.3434,170.7372,-16.861,175,75
2026-05-11 17:55:31.527,3,0.21,1.31,-2.08,-19.553399999999996,284.6972,-4.661000000000001,175,75
2026-05-11 17:55:31.538,3,-0.24,1.34,-0.81,-1.813399999999998,377.1972,4.238999999999999,175,75
2026-05-11 17:55:31.557,3,-3.72,1.77,3.07,120.19659999999999,224.63719999999998,178.019,175,75
2026-05-11 17:55:31.579,3,0.33,-5.63,7.36,614.1066000000001,-109.81280000000001,-176.921,175,75
2026-05-11 17:55:31.590,3,3.73,-1.02,3.04,-216.2634,-468.71279999999996,128.86899999999997,175,75
2026-05-11 17:55:31.686,3,-1.6,0.97,1.54,-356.7534,-412.8028,200.699,175,75
2026-05-11 17:55:31.705,3,-1.76,0.19,-0.62,-231.5034,-200.4228,38.019,175,75
2026-05-11 17:55:31.716,3,-1.25,-0.06,-1.91,-130.2834,-215.9128,-38.691,175,75
2026-05-11 17:55:31.736,3,-0.97,-0.75,-2.35,-19.193399999999997,-192.9228,-37.531000000000006,175,75
2026-05-11 17:55:31.740,3,-1.96,-1.35,-1.71,96.2366,84.0272,48.569,175,75
2026-05-11 17:55:31.756,3,-1.4,-2.16,-0.74,161.54659999999998,298.47720000000004,61.248999999999995,175,75
2026-05-11 17:55:31.777,3,-0.75,-1.74,1.2,241.8466,260.2472,-21.621000000000002,175,75
2026-05-11 17:55:31.790,3,-0.83,-1.19,1.51,-64.3134,-131.0328,-45.941,175,75
2026-05-11 17:55:31.790,3,-1.13,-0.94,0.41,-84.49340000000001,-122.50280000000001,-70.881,175,75
2026-05-11 17:55:31.851,3,-0.41,-0.92,0.6,-27.053399999999996,134.4572,-120.211,175,75
2026-05-11 17:55:31.852,3,-0.17,-1.09,1.21,-47.7234,134.63719999999998,-109.721,175,75
2026-05-11 17:55:31.887,3,0.01,-2.31,0.07,-157.6034,-143.7828,-88.811,175,75
2026-05-11 17:55:31.898,3,-0.2,0.16,-0.58,-73.88340000000001,-5.242799999999999,-74.911,175,75
2026-05-11 17:55:31.908,3,0.34,-0.8,0.22,20.076600000000003,17.3172,-48.201,175,75
2026-05-11 17:55:31.930,3,0.42,-0.3,-1.37,-63.2134,37.5672,-49.721000000000004,175,75
2026-05-11 17:55:31.931,3,0.44,-0.06,-0.62,12.516600000000002,97.56719999999999,-101.371,175,75
2026-05-11 17:55:31.952,3,0.7,0.07,0.32,-17.1734,56.95719999999999,-101.371,175,75
2026-05-11 17:55:31.952,3,0.83,0.13,0.85,-88.9434,-65.5428,-93.811,175,75
2026-05-11 17:55:31.969,3,0.48,-0.16,0.49,-206.5034,-265.1228,-99.121,175,75
2026-05-11 17:55:32.010,3,0.2,-0.36,-0.02,-237.9134,-198.96280000000002,-122.411,175,75
2026-05-11 17:55:32.024,3,-0.06,-0.69,0.11,-245.83339999999998,-160.1228,-115.271,175,75
2026-05-11 17:55:32.035,3,-0.17,-1.0,0.12,-242.42340000000002,-141.5228,-113.261,175,75
2026-05-11 17:55:32.035,3,-0.36,-1.63,0.13,-214.67340000000002,-92.74279999999999,-110.70100000000001,175,75
2026-05-11 17:55:32.046,3,-0.64,-2.46,0.19,-177.3634,-63.0428,-77.101,175,75
2026-05-11 17:55:32.056,3,-1.59,-2.79,0.31,-114.49340000000001,14.517200000000003,-8.081000000000001,175,75
2026-05-11 17:55:32.056,3,-2.5,-1.53,0.46,-72.4834,131.0972,-77.771,175,75
2026-05-11 17:55:32.080,3,-1.26,-1.62,2.01,55.866600000000005,137.50719999999998,-72.651,175,75
2026-05-11 17:55:32.101,3,-1.44,-1.48,2.55,35.016600000000004,-74.4528,79.969,175,75
2026-05-11 17:55:32.118,3,-1.87,-0.81,1.48,-37.60339999999999,-478.2328,68.569,175,75
2026-05-11 17:55:32.146,3,-2.1,-1.26,0.09,22.8866,-353.59279999999995,181.79899999999998,175,75
2026-05-11 17:55:32.221,3,-2.36,-1.29,0.07,148.9166,-207.1328,155.029,175,75
2026-05-11 17:55:32.221,3,-2.05,-1.2,0.3,224.6566,-134.3228,91.739,175,75
2026-05-11 17:55:32.232,3,-1.01,-0.9,0.69,289.2266,-63.3528,33.809,175,75
2026-05-11 17:55:32.246,3,-0.21,-0.44,0.85,307.8866,-11.212800000000001,74.179,175,75
2026-05-11 17:55:32.257,3,0.1,-0.13,0.74,301.96659999999997,5.7972,152.899,175,75
2026-05-11 17:55:32.261,3,0.02,-0.22,0.45,301.2366,9.4572,183.31900000000002,175,75
2026-05-11 17:55:32.285,3,-0.25,-0.66,0.23,365.4466,146.0972,135.949,175,75
2026-05-11 17:55:32.296,3,-0.02,-0.67,0.03,360.1366,171.4672,105.819,175,75
2026-05-11 17:55:32.296,3,0.46,-0.56,-0.24,317.8866,157.50719999999998,83.989,175,75
2026-05-11 17:55:32.328,3,5.24,-0.9,-1.27,184.4666,279.5172,-6.131,175,75
2026-05-11 17:55:32.328,3,4.12,-1.03,-2.18,-0.9533999999999985,-389.6928,52.289,175,75
2026-05-11 17:55:32.335,3,-3.85,-1.22,-2.23,-307.3634,-444.7528,136.42899999999997,175,75
2026-05-11 17:55:32.336,3,-3.54,-3.68,-2.4,-284.2534,294.0272,71.859,175,75
2026-05-11 17:55:32.362,3,-0.66,-5.32,-2.11,-9.193399999999999,468.78720000000004,160.75900000000001,175,75
2026-05-11 17:55:32.373,3,-1.49,-1.71,-0.18,333.9166,81.21719999999999,-93.381,175,75
2026-05-11 17:55:32.373,3,2.36,-0.96,2.6,124.0466,420.97720000000004,-28.691000000000003,175,75
2026-05-11 17:55:32.397,3,-0.64,-1.26,1.72,-47.78339999999999,-286.03279999999995,114.479,175,75
2026-05-11 17:55:32.405,3,-1.45,-0.42,0.1,-93.0934,-175.0628,51.429,175,75
2026-05-11 17:55:32.405,3,-0.84,-0.13,-0.39,-41.813399999999994,-27.192800000000002,50.579,175,75
2026-05-11 17:55:32.416,3,-0.7,-0.86,0.71,3.6766000000000023,84.0872,25.208999999999996,175,75
2026-05-11 17:55:32.449,3,-1.31,-0.88,0.48,-69.0034,-73.3528,-27.351,175,75
2026-05-11 17:55:32.478,3,-0.57,-0.85,0.25,-45.8934,-18.9628,-62.591,175,75
2026-05-11 17:55:32.490,3,-0.47,-0.91,0.35,-48.273399999999995,-13.2928,-57.531,175,75
2026-05-11 17:55:32.502,3,-0.34,-1.07,0.44,-58.7634,0.9172000000000011,-57.101,175,75
2026-05-11 17:55:32.524,3,-0.29,-1.67,0.51,-65.9534,4.397199999999998,-34.601,175,75
2026-05-11 17:55:32.535,3,-0.09,-2.05,0.48,-89.74340000000001,-24.512800000000002,-38.571,175,75
2026-05-11 17:55:32.558,3,-0.22,-0.49,0.03,-60.343399999999995,-178.8428,-79.661,175,75
2026-05-11 17:55:32.558,3,-0.53,0.06,-0.47,-40.10339999999999,-156.8228,-40.941,175,75
2026-05-11 17:55:32.580,3,-0.81,0.12,-0.75,-7.9133999999999975,-66.7628,15.948999999999998,175,75
2026-05-11 17:55:32.580,3,-0.77,-0.16,-0.59,16.7866,-33.412800000000004,34.359,175,75
2026-05-11 17:55:32.593,3,-0.68,-0.45,-0.12,50.1366,-44.9328,42.099,175,75
2026-05-11 17:55:32.603,3,-0.52,-0.6,0.07,67.3366,-56.8928,44.789,175,75
2026-05-11 17:55:32.615,3,-0.63,-0.36,0.14,70.1966,-45.6028,64.119,175,75
2026-05-11 17:55:32.630,3,-0.19,-0.3,0.2,73.1266,0.6071999999999989,41.369,175,75
2026-05-11 17:55:32.641,3,0.64,-0.18,0.05,33.4366,1.3472000000000008,13.079,175,75
2026-05-11 17:55:32.667,3,1.22,0.84,-0.42,-18.333399999999997,-73.6528,-38.571,175,75
2026-05-11 17:55:32.703,3,-1.22,1.78,0.06,-86.5634,-57.6828,1.6189999999999998,175,75
2026-05-11 17:55:32.738,3,-3.88,0.69,2.64,349.3466,738.5372,337.469,175,75
2026-05-11 17:55:32.766,3,-1.01,-0.9,1.02,-316.8134,-602.0728,15.029,175,75
2026-05-11 17:55:32.777,3,-2.03,-0.04,-0.47,-178.3934,-313.1028,93.929,175,75
2026-05-11 17:55:32.777,3,-0.39,-2.23,-1.5,-44.8634,57.4972,66.619,175,75
2026-05-11 17:55:32.793,3,-1.2,-1.48,0.48,165.9366,-59.6928,71.489,175,75
2026-05-11 17:55:32.805,3,-1.6,-0.1,1.0,82.94659999999999,104.1472,-5.401000000000001,175,75
2026-05-11 17:55:32.822,3,-0.72,0.22,1.53,-41.4434,77.49719999999999,-31.491,175,75
2026-05-11 17:55:32.833,3,-0.37,-0.7,1.31,-59.8034,-105.3628,-1.1310000000000011,175,75
2026-05-11 17:55:32.833,3,-1.16,-0.97,0.83,-69.4334,-144.2028,-14.301000000000002,175,75
2026-05-11 17:55:32.855,3,-1.27,-0.89,0.13,-74.3734,25.187199999999997,-123.871,175,75
2026-05-11 17:55:32.905,3,-0.09,-2.35,0.68,-100.3434,-13.472800000000001,-149.12099999999998,175,75
2026-05-11 17:55:32.905,3,0.29,-2.72,0.42,-133.8234,-68.1728,-138.63100000000003,175,75
2026-05-11 17:55:32.916,3,0.56,-2.53,-0.1,-188.1534,-140.3628,-107.291,175,75
2026-05-11 17:55:32.929,3,0.63,-1.35,-0.51,-169.0634,-208.8428,-116.131,175,75
2026-05-11 17:55:32.941,3,0.16,-0.24,-1.34,-132.1134,-226.0928,-84.971,175,75
2026-05-11 17:55:32.948,3,-0.58,0.21,-1.62,-71.9334,-65.5428,-44.241,175,75
2026-05-11 17:55:33.022,3,-0.67,-0.4,-0.26,138.6166,195.7372,15.029,175,75
2026-05-11 17:55:33.033,3,0.1,-1.02,-0.6,28.976600000000005,33.5372,-38.571,175,75
2026-05-11 17:55:33.045,3,0.57,-0.72,-1.54,-51.2634,48.177200000000006,-68.87100000000001,175,75
2026-05-11 17:55:33.045,3,0.54,-0.01,-1.86,-44.923399999999994,87.56719999999999,-89.791,175,75
2026-05-11 17:55:33.055,3,0.31,0.35,-1.1,-21.443399999999997,168.9672,-83.20100000000001,175,75
2026-05-11 17:55:33.065,3,0.31,0.18,-0.36,-90.0434,127.56719999999999,-92.041,175,75
2026-05-11 17:55:33.101,3,0.26,0.08,-0.06,-173.0934,25.4872,-110.151,175,75
2026-05-11 17:55:33.112,3,0.21,-0.03,-0.13,-211.6934,-31.3428,-115.581,175,75
2026-05-11 17:55:33.145,3,0.03,-0.36,-0.15,-235.6534,-56.5828,-106.801,175,75
2026-05-11 17:55:33.156,3,-0.04,-0.43,0.03,-234.2534,-61.1528,-110.271,175,75
2026-05-11 17:55:33.179,3,-0.0,-0.67,0.41,-246.8734,-65.5428,-107.411,175,75
2026-05-11 17:55:33.179,3,-0.05,-0.85,0.44,-249.1934,-65.6028,-103.20100000000001,175,75
2026-05-11 17:55:33.190,3,-0.19,-1.0,0.37,-246.7534,-54.0828,-97.831,175,75
2026-05-11 17:55:33.201,3,-0.56,-1.28,0.22,-227.7234,-15.8528,-81.551,175,75
2026-05-11 17:55:33.201,3,-0.92,-1.64,0.17,-197.42340000000002,25.3072,-60.331,175,75
2026-05-11 17:55:33.212,3,-1.45,-2.46,0.32,-135.5334,97.68719999999999,-5.881,175,75
2026-05-11 17:55:33.212,3,-2.12,-2.55,0.82,-47.3634,210.3672,21.799,175,75
2026-05-11 17:55:33.222,3,-2.52,-1.49,1.22,7.696600000000002,260.6772,-65.211,175,75
2026-05-11 17:55:33.247,3,-2.23,-1.02,1.86,109.6566,218.78719999999998,-198.81099999999998,175,75
2026-05-11 17:55:33.271,3,-1.72,-1.11,2.46,100.44659999999999,-129.6928,122.289,175,75
2026-05-11 17:55:33.271,3,-1.73,-1.26,1.64,99.28659999999999,-224.3928,101.189,175,75
2026-05-11 17:55:33.284,3,-1.36,-1.52,0.73,130.13660000000002,-173.7828,136.36899999999997,175,75
2026-05-11 17:55:33.284,3,-1.35,-1.8,0.22,199.5266,-82.1928,174.789,175,75
2026-05-11 17:55:33.311,3,-0.44,-1.16,0.26,369.1666,203.0472,86.489,175,75
2026-05-11 17:55:33.311,3,0.15,-0.83,0.53,388.1866,275.54720000000003,96.619,175,75
2026-05-11 17:55:33.322,3,0.49,-0.4,0.77,370.1366,323.1772,125.579,175,75
2026-05-11 17:55:33.332,3,0.69,-0.13,0.88,328.7366,312.6272,131.55900000000003,175,75
2026-05-11 17:55:33.367,3,0.52,0.12,0.86,313.4966,283.96720000000005,113.749,175,75
2026-05-11 17:55:33.367,3,0.53,0.2,0.8,289.65659999999997,260.4272,123.199,175,75
2026-05-11 17:55:33.377,3,0.41,0.12,0.73,272.2766,221.6472,139.539,175,75
2026-05-11 17:55:33.377,3,-1.03,0.38,0.79,253.6166,168.47719999999998,196.42899999999997,175,75
2026-05-11 17:55:33.399,3,3.1,-2.26,-0.03,187.6966,241.82719999999998,-12.531,175,75
2026-05-11 17:55:33.411,3,2.8,-0.47,0.72,141.7266,-52.6228,66.429,175,75
2026-05-11 17:55:33.423,3,4.8,-2.39,-1.71,-75.5934,-488.65279999999996,65.699,175,75
2026-05-11 17:55:33.461,3,-0.65,-2.2,-3.61,-378.4534,-863.7828,106.919,175,75
2026-05-11 17:55:33.461,3,-4.31,-1.14,-3.68,-446.9934,-269.51279999999997,104.179,175,75
2026-05-11 17:55:33.472,3,-0.84,-4.61,-3.8,-56.08339999999999,847.2572,82.959,175,75
2026-05-11 17:55:33.508,3,-0.39,-1.79,1.28,550.0166,259.2072,-91.551,175,75
2026-05-11 17:55:33.518,3,0.06,-1.3,3.25,347.8866,328.65720000000005,-78.631,175,75
2026-05-11 17:55:33.529,3,0.41,-0.74,3.24,-14.433399999999997,72.43719999999999,82.649,175,75
2026-05-11 17:55:33.540,3,-0.06,-0.98,2.31,-93.8234,-220.7928,77.099,175,75
2026-05-11 17:55:33.540,3,-0.86,-1.06,0.77,-80.77340000000001,-246.0928,34.239,175,75
2026-05-11 17:55:33.565,3,-1.13,-0.83,-0.47,-42.913399999999996,-25.7928,-0.2110000000000003,175,75
2026-05-11 17:55:33.576,3,-1.07,-1.02,0.31,18.736600000000003,48.847199999999994,-35.461,175,75
2026-05-11 17:55:33.586,3,-1.05,-0.96,0.68,15.196600000000002,44.0872,-62.161,175,75
2026-05-11 17:55:33.593,3,-0.9,-0.93,0.81,-11.753399999999997,17.9272,-78.631,175,75
2026-05-11 17:55:33.618,3,-0.55,-0.93,0.35,-68.0334,-44.5128,-90.031,175,75
2026-05-11 17:55:33.629,3,-0.46,-1.04,0.07,-60.4134,-41.2128,-92.591,175,75
2026-05-11 17:55:33.641,3,-0.45,-1.3,-0.12,-61.9934,-38.2328,-70.881,175,75
2026-05-11 17:55:33.641,3,-0.26,-1.65,-0.22,-73.0934,-30.3628,-58.201,175,75
2026-05-11 17:55:33.652,3,-0.48,-1.42,-0.13,-47.243399999999994,-46.952799999999996,-64.181,175,75
2026-05-11 17:55:33.672,3,-0.32,-0.65,-0.06,-31.443399999999997,-67.8628,-60.521,175,75
2026-05-11 17:55:33.672,3,-0.21,0.05,0.01,-4.193399999999999,-72.0128,-32.041,175,75
2026-05-11 17:55:33.682,3,-0.48,0.1,0.11,27.6366,-82.56280000000001,26.369,175,75
2026-05-11 17:55:33.732,3,-0.75,-0.18,-1.23,37.516600000000004,86.5872,49.909,175,75
2026-05-11 17:55:33.743,3,-0.32,-0.19,-1.56,18.366600000000002,197.25719999999998,42.289,175,75
2026-05-11 17:55:33.752,3,-0.12,0.33,-1.16,18.2466,265.4272,37.778999999999996,175,75
2026-05-11 17:55:33.777,3,0.65,0.62,-0.61,-0.593399999999999,249.26719999999997,3.8689999999999998,175,75
2026-05-11 17:55:33.783,3,1.38,0.76,-0.36,-69.4334,133.6572,-18.751,175,75
2026-05-11 17:55:33.792,3,-1.0,1.44,0.08,-99.74340000000001,38.657199999999996,62.649,175,75
2026-05-11 17:55:33.805,3,-2.44,1.3,0.72,-47.303399999999996,88.47720000000001,148.37900000000002,175,75
2026-05-11 17:55:33.823,3,-5.74,2.39,3.59,192.6966,188.47719999999998,368.079,175,75
2026-05-11 17:55:33.823,3,0.4,-5.26,5.74,581.1766,232.07719999999998,-65.40100000000001,175,75
2026-05-11 17:55:33.836,3,3.98,-5.25,5.24,124.9566,-222.74280000000002,-158.99099999999999,175,75
2026-05-11 17:55:33.878,3,-1.0,-0.52,-0.88,-50.163399999999996,-184.8128,-37.161,175,75
2026-05-11 17:55:33.883,3,-1.44,-1.37,-1.8,-64.4334,-245.4228,-4.361000000000001,175,75
2026-05-11 17:55:33.932,3,-0.79,-0.12,2.78,129.4666,221.5872,-22.221,175,75
2026-05-11 17:55:33.943,3,-0.39,-0.5,2.92,-40.53339999999999,31.587200000000003,-32.101,175,75
2026-05-11 17:55:33.953,3,-0.72,-0.76,1.49,-129.7434,-227.3128,-29.241,175,75
2026-05-11 17:55:33.964,3,-1.18,-0.85,0.32,-145.5334,-147.1928,-63.381,175,75
2026-05-11 17:55:33.982,3,-1.01,-0.72,-0.0,-126.4434,-6.582799999999999,-96.191,175,75
2026-05-11 17:55:34.018,3,-0.45,-0.91,0.32,-99.0634,81.34719999999999,-111.011,175,75
2026-05-11 17:55:34.018,3,-0.22,-1.22,0.73,-103.0334,69.3272,-100.461,175,75
2026-05-11 17:55:34.030,3,-0.27,-1.59,1.0,-120.1634,24.327199999999998,-93.871,175,75
2026-05-11 17:55:34.073,3,-0.33,-1.96,0.95,-132.7834,-29.992800000000003,-97.961,175,75
2026-05-11 17:55:34.164,3,0.03,-2.3,0.1,-172.9734,-156.6428,-115.331,175,75
2026-05-11 17:55:34.187,3,0.13,-1.88,-0.39,-194.6134,-175.7928,-97.221,175,75
2026-05-11 17:55:34.198,3,0.09,-1.06,-0.7,-182.6634,-197.74280000000002,-93.081,175,75
2026-05-11 17:55:34.211,3,-0.21,-0.28,-0.95,-159.0034,-152.0128,-99.971,175,75
2026-05-11 17:55:34.211,3,-0.47,0.31,-0.75,-102.30340000000001,-7.252800000000001,-77.471,175,75
2026-05-11 17:55:34.221,3,-0.23,-0.1,0.01,37.336600000000004,101.03720000000001,-13.571000000000002,175,75
2026-05-11 17:55:34.244,3,0.58,-0.12,0.43,-135.7134,-108.2328,-106.681,175,75
2026-05-11 17:55:34.269,3,0.44,-0.21,0.28,-168.2134,-148.2928,-112.291,175,75
2026-05-11 17:55:34.280,3,0.23,-0.34,0.14,-192.8434,-154.02280000000002,-118.751,175,75
2026-05-11 17:55:34.296,3,0.13,-0.41,0.12,-200.8934,-147.0128,-118.081,175,75
2026-05-11 17:55:34.308,3,-0.17,-0.76,0.03,-214.8634,-124.08279999999999,-108.321,175,75
2026-05-11 17:55:34.318,3,-0.4,-1.99,-0.14,-192.1134,-61.7628,-109.421,175,75
2026-05-11 17:55:34.342,3,-2.23,-1.87,0.28,-67.24340000000001,136.03719999999998,-50.401,175,75
2026-05-11 17:55:34.352,3,-2.38,-0.82,0.86,-2.173399999999999,164.3272,-160.94099999999997,175,75
2026-05-11 17:55:34.369,3,-1.56,-0.8,1.82,45.9966,131.7672,-209.12099999999998,175,75
2026-05-11 17:55:34.374,3,-0.81,-1.51,2.24,22.8866,97.8072,-64.661,175,75
2026-05-11 17:55:34.384,3,-1.19,-1.43,2.52,20.256600000000002,-143.9028,62.349000000000004,175,75
2026-05-11 17:55:34.397,3,-2.2,-1.27,1.42,-13.3334,-405.9728,66.129,175,75
2026-05-11 17:55:34.409,3,-2.12,-1.3,0.01,5.996600000000002,-330.1228,112.229,175,75
2026-05-11 17:55:34.420,3,-2.12,-1.17,-0.13,208.2466,-79.6928,89.849,175,75
2026-05-11 17:55:34.442,3,-0.2,-0.62,1.02,307.21659999999997,73.59719999999999,94.969,175,75
2026-05-11 17:55:34.452,3,0.13,-0.4,0.87,283.4366,49.5772,147.779,175,75
2026-05-11 17:55:34.452,3,-0.07,-0.3,0.28,285.6866,63.657199999999996,133.98899999999998,175,75
2026-05-11 17:55:34.477,3,0.21,-0.27,-0.25,294.8366,161.28719999999998,111.859,175,75
2026-05-11 17:55:34.477,3,0.14,-0.06,-0.07,311.2966,231.1572,122.58900000000001,175,75
2026-05-11 17:55:34.490,3,0.38,-0.22,0.08,309.9566,251.09720000000002,112.589,175,75
2026-05-11 17:55:34.511,3,-1.37,1.15,-0.09,185.2566,136.8972,170.699,175,75
2026-05-11 17:55:34.569,3,5.89,-2.56,-0.87,155.2566,244.81719999999999,-47.351,175,75
2026-05-11 17:55:34.569,3,3.64,-1.03,-1.2,1.4166000000000007,-297.7428,67.649,175,75
2026-05-11 17:55:34.603,3,-2.54,-0.98,-2.01,-239.1334,-688.2328,117.839,175,75
2026-05-11 17:55:34.603,3,-3.65,-1.58,-2.63,-335.1034,-160.7928,64.29899999999999,175,75
2026-05-11 17:55:34.627,3,-0.35,-2.94,-0.63,238.6166,411.5872,65.089,175,75
2026-05-11 17:55:34.627,3,-0.09,-2.24,0.8,314.8966,189.75719999999998,-107.041,175,75
2026-05-11 17:55:34.685,3,-0.08,-1.61,1.86,-26.813399999999994,-145.7928,100.279,175,75
2026-05-11 17:55:34.685,3,-0.78,-0.83,0.61,-64.0634,-273.2928,50.149,175,75
2026-05-11 17:55:34.695,3,-1.24,-0.13,-0.19,-21.5034,-164.4528,49.479,175,75
2026-05-11 17:55:34.747,3,-0.72,-0.55,-0.23,21.5466,50.5472,13.448999999999998,175,75
2026-05-11 17:55:34.768,3,-0.81,-1.06,0.48,40.6266,5.427199999999999,7.959,175,75
2026-05-11 17:55:34.768,3,-0.92,-1.12,0.42,22.1566,-29.3228,-7.101000000000001,175,75
2026-05-11 17:55:34.779,3,-0.65,-0.94,0.11,-2.2433999999999976,-69.9928,-17.531,175,75
2026-05-11 17:55:34.789,3,-0.82,-0.68,-0.08,9.466600000000001,-68.7128,-4.2410000000000005,175,75
2026-05-11 17:55:34.812,3,-0.5,-0.44,0.04,12.026600000000002,5.7972,-1.431000000000001,175,75
2026-05-11 17:55:34.825,3,-0.27,-0.38,0.39,14.8366,17.017200000000003,7.838999999999999,175,75
2026-05-11 17:55:34.825,3,-0.16,-0.54,0.82,18.186600000000002,11.217199999999998,21.739,175,75
2026-05-11 17:55:34.837,3,-0.2,-0.81,1.07,-0.04339999999999833,-26.6428,30.638999999999996,175,75
2026-05-11 17:55:34.847,3,-0.32,-0.91,0.96,-25.833399999999997,-88.4728,34.479,175,75
2026-05-11 17:55:34.847,3,-0.44,-0.81,0.48,-47.843399999999995,-128.7128,34.479,175,75
2026-05-11 17:55:34.868,3,-0.47,-0.81,0.01,-35.6534,-107.1928,32.169,175,75
2026-05-11 17:55:34.882,3,-0.54,-0.54,0.0,16.236600000000003,-41.4628,33.749,175,75
2026-05-11 17:55:34.895,3,-0.44,-0.53,0.34,25.7466,-18.4128,35.949,175,75
2026-05-11 17:55:34.895,3,-0.32,-0.49,0.5,19.526600000000002,-26.8228,39.119,175,75
2026-05-11 17:55:34.912,3,-0.18,-0.43,0.64,24.2866,-12.312800000000001,27.289,175,75
2026-05-11 17:55:34.923,3,-0.14,-0.45,0.77,40.446600000000004,15.977199999999996,19.729,175,75
2026-05-11 17:55:34.938,3,-0.66,-0.42,0.43,27.756600000000002,-36.7628,17.229,175,75
2026-05-11 17:55:34.959,3,-1.01,-0.36,-0.04,18.2466,1.2171999999999983,5.518999999999998,175,75
2026-05-11 17:55:34.969,3,-0.57,-0.98,0.33,38.0666,50.06719999999999,-14.361,175,75
2026-05-11 17:55:34.969,3,-0.65,-1.48,0.79,49.406600000000005,46.287200000000006,-20.401000000000003,175,75
2026-05-11 17:55:34.981,3,-1.12,-1.12,0.78,20.0166,-8.172800000000002,-25.031000000000002,175,75
2026-05-11 17:55:34.992,3,-0.94,-0.81,0.57,-5.4734,-23.352800000000002,-59.051,175,75
2026-05-11 17:55:34.992,3,-0.74,-0.93,0.53,-2.5433999999999983,3.9071999999999996,-70.881,175,75
2026-05-11 17:55:35.005,3,-0.83,-1.01,0.58,-14.0634,-2.4328000000000003,-60.091,175,75
2026-05-11 17:55:35.016,3,-1.04,-0.91,0.45,-35.4734,-10.6028,-74.361,175,75
2026-05-11 17:55:35.027,3,-0.89,-0.89,0.47,-41.023399999999995,29.327199999999998,-94.421,175,75
2026-05-11 17:55:35.048,3,-0.59,-0.99,0.65,-50.343399999999995,65.3672,-104.181,175,75
2026-05-11 17:55:35.058,3,-0.56,-1.15,0.84,-62.6634,52.4372,-105.941,175,75
2026-05-11 17:55:35.059,3,-0.51,-1.44,0.82,-81.2634,39.4572,-122.161,175,75
2026-05-11 17:55:35.069,3,-0.31,-1.69,0.77,-86.5034,30.4272,-136.551,175,75
2026-05-11 17:55:35.082,3,-0.08,-2.0,0.6,-96.0834,2.6872000000000007,-131.801,175,75
2026-05-11 17:55:35.093,3,-0.01,-2.22,0.18,-121.9334,-66.4028,-104.241,175,75
2026-05-11 17:55:35.113,3,0.07,-1.59,-0.6,-150.2834,-118.2928,-71.491,175,75
2026-05-11 17:55:35.145,3,0.2,-0.29,-0.53,-80.77340000000001,-111.15280000000001,-61.191,175,75
2026-05-11 17:55:35.156,3,-0.16,0.03,-0.4,-38.03339999999999,-105.4828,-26.131,175,75
2026-05-11 17:55:35.166,3,-0.64,0.05,-0.36,-0.7133999999999983,-76.03280000000001,3.078999999999999,175,75
2026-05-11 17:55:35.183,3,-0.55,-0.24,-0.36,12.946600000000002,-45.1828,-1.3110000000000008,175,75
2026-05-11 17:55:35.183,3,0.05,-0.41,-0.59,-11.8134,-56.9528,-33.081,175,75
2026-05-11 17:55:35.194,3,0.12,-0.33,-0.88,-61.69339999999999,-62.2528,-31.551000000000002,175,75
2026-05-11 17:55:35.194,3,0.39,-0.33,-1.25,-93.27340000000001,-33.9028,-34.661,175,75
2026-05-11 17:55:35.205,3,0.57,-0.2,-1.36,-121.32339999999999,-25.852800000000002,-69.241,175,75
2026-05-11 17:55:35.217,3,0.49,0.1,-1.03,-122.9734,-11.2828,-80.461,175,75
2026-05-11 17:55:35.231,3,0.38,0.16,-0.38,-138.5234,-5.242799999999999,-72.041,175,75
2026-05-11 17:55:35.242,3,0.37,-0.05,0.11,-194.2534,-80.4228,-78.081,175,75
2026-05-11 17:55:35.257,3,0.35,-0.24,0.14,-230.7134,-141.1528,-87.101,175,75
2026-05-11 17:55:35.262,3,0.27,-0.34,-0.11,-251.2034,-167.43280000000001,-91.251,175,75
2026-05-11 17:55:35.273,3,0.2,-0.33,-0.19,-246.5034,-145.18280000000001,-91.801,175,75
2026-05-11 17:55:35.285,3,0.19,-0.38,-0.06,-237.6634,-113.2928,-92.161,175,75
2026-05-11 17:55:35.291,3,0.21,-0.48,0.09,-236.7534,-101.09280000000001,-90.331,175,75
2026-05-11 17:55:35.302,3,0.09,-0.63,0.17,-238.70340000000002,-102.68280000000001,-84.181,175,75
2026-05-11 17:55:35.315,3,-0.11,-0.98,0.11,-244.4934,-96.7028,-79.911,175,75
2026-05-11 17:55:35.327,3,-0.22,-1.24,-0.01,-246.2034,-86.7028,-76.371,175,75
2026-05-11 17:55:35.339,3,-0.31,-1.69,-0.12,-239.2534,-65.9728,-73.141,175,75
2026-05-11 17:55:35.349,3,-0.37,-2.21,-0.16,-224.0034,-38.1728,-70.40100000000001,175,75
2026-05-11 17:55:35.360,3,-0.54,-2.85,-0.1,-178.8834,2.1372,-53.571,175,75
2026-05-11 17:55:35.374,3,-1.41,-1.03,0.98,-64.0634,132.8672,-124.241,175,75
2026-05-11 17:55:35.402,3,-0.58,-1.13,2.02,-20.773399999999995,-1.9527999999999999,20.209,175,75
2026-05-11 17:55:35.413,3,-1.09,-2.0,2.02,22.3966,-110.18280000000001,70.089,175,75
2026-05-11 17:55:35.426,3,-1.37,-1.74,1.66,30.5666,-192.0728,15.029,175,75
2026-05-11 17:55:35.432,3,-1.0,-1.33,0.77,19.4666,-217.3728,-14.661000000000001,175,75
2026-05-11 17:55:35.459,3,-1.09,-1.43,0.13,104.0466,-81.9528,82.899,175,75
2026-05-11 17:55:35.516,3,-1.17,-1.12,0.58,207.6366,54.9972,38.869,175,75
2026-05-11 17:55:35.533,3,-0.61,-0.88,1.24,258.1866,91.09719999999999,92.229,175,75
2026-05-11 17:55:35.533,3,-0.58,-0.89,1.15,268.6166,40.1872,116.859,175,75
2026-05-11 17:55:35.537,3,-0.49,-0.84,0.7,282.4566,74.5172,122.83900000000001,175,75
2026-05-11 17:55:35.562,3,-0.36,-0.53,0.39,313.3666,145.4872,115.819,175,75
2026-05-11 17:55:35.576,3,-0.27,-0.36,0.31,312.8266,178.2972,121.61899999999999,175,75
2026-05-11 17:55:35.637,3,2.16,-2.16,-0.3,198.5566,179.5172,44.969,175,75
2026-05-11 17:55:35.637,3,2.46,-1.42,-0.05,173.4966,83.59719999999999,62.649,175,75
2026-05-11 17:55:35.649,3,2.86,-1.36,-0.96,106.3566,-203.5328,60.278999999999996,175,75
2026-05-11 17:55:35.659,3,3.21,-2.66,-3.61,-164.6134,-535.1228,-39.421,175,75
2026-05-11 17:55:35.727,3,-3.92,-0.04,-3.35,-130.1634,508.7872,111.069,175,75
2026-05-11 17:55:35.737,3,-0.23,-2.42,-1.74,281.0566,918.3572,158.25900000000001,175,75
2026-05-11 17:55:35.772,3,-0.09,-2.56,0.59,433.4966,559.5772000000001,101.009,175,75
2026-05-11 17:55:35.772,3,-1.01,-2.06,2.18,429.1666,195.91719999999998,-16.621000000000002,175,75
2026-05-11 17:55:35.781,3,0.98,-1.42,3.34,118.1866,238.84720000000002,-77.651,175,75
2026-05-11 17:55:35.793,3,0.05,-1.07,1.99,-68.0334,-258.8428,117.099,175,75
2026-05-11 17:55:35.804,3,-0.98,-0.91,0.75,-93.6434,-345.5428,82.289,175,75
2026-05-11 17:55:35.814,3,-1.63,-0.75,-0.42,-112.60340000000001,-243.5328,41.189,175,75
2026-05-11 17:55:35.840,3,-0.44,-0.66,0.44,95.0766,166.5272,7.529,175,75
2026-05-11 17:55:35.851,3,-0.26,-0.84,1.52,57.336600000000004,93.96719999999999,13.259,175,75
2026-05-11 17:55:35.866,3,-0.5,-0.9,1.72,-15.343399999999997,-29.5728,11.308999999999997,175,75
2026-05-11 17:55:35.879,3,-0.62,-0.72,1.07,-71.99340000000001,-88.3528,-0.4010000000000007,175,75
2026-05-11 17:55:35.891,3,-0.69,-0.6,0.39,-85.9534,-91.9528,-6.551000000000001,175,75
2026-05-11 17:55:35.907,3,-0.8,-0.5,-0.16,-70.8334,-55.2428,-13.571000000000002,175,75
2026-05-11 17:55:35.921,3,-0.72,-0.57,-0.29,-40.163399999999996,14.697200000000002,-22.411,175,75
2026-05-11 17:55:35.960,3,-0.57,-0.66,0.01,-17.5434,57.56719999999999,-23.571,175,75
2026-05-11 17:55:35.982,3,-0.36,-0.81,0.73,-26.563399999999994,7.507199999999997,-17.411,175,75
2026-05-11 17:55:35.993,3,-0.46,-0.8,0.43,-47.1134,-44.1428,-12.221,175,75
2026-05-11 17:55:36.004,3,-0.52,-0.73,0.23,-45.593399999999995,-50.7928,-14.181000000000001,175,75
2026-05-11 17:55:36.064,3,-0.57,-0.73,0.26,-35.6534,-59.7528,-11.251000000000001,175,75
2026-05-11 17:55:36.086,3,-0.55,-0.71,0.22,-33.7634,-62.7428,-16.131,175,75
2026-05-11 17:55:36.097,3,-0.48,-0.7,0.16,-35.28339999999999,-66.4028,-17.961,175,75
2026-05-11 17:55:36.109,3,-0.5,-0.72,0.05,-26.1434,-65.4228,-12.471,175,75
2026-05-11 17:55:36.132,3,-0.46,-0.81,-0.15,-8.5834,-52.5028,-9.851,175,75
2026-05-11 17:55:36.132,3,-0.5,-0.73,-0.31,19.776600000000002,-25.7928,-1.2510000000000012,175,75
2026-05-11 17:55:36.132,3,-0.39,-0.85,-0.26,50.6266,-5.732800000000001,5.088999999999999,175,75
2026-05-11 17:55:36.132,3,-0.19,-1.02,-0.13,88.00659999999999,-14.5128,17.468999999999998,175,75
2026-05-11 17:55:36.144,3,-0.14,-1.02,-0.02,114.5266,-18.4128,26.979,175,75
2026-05-11 17:55:36.155,3,0.0,-1.37,0.18,156.54659999999998,-41.8928,46.489,175,75
2026-05-11 17:55:36.177,3,0.18,-2.4,0.01,174.8966,-113.0428,53.509,175,75
2026-05-11 17:55:36.177,3,-0.03,-2.7,-0.19,194.1066,-193.9028,48.689,175,75
2026-05-11 17:55:36.201,3,-0.62,-2.31,-0.92,233.0066,-176.4028,16.679,175,75
2026-05-11 17:55:36.201,3,-1.21,-1.54,-1.21,248.79659999999998,-41.0328,9.058999999999997,175,75
2026-05-11 17:55:36.229,3,-0.93,-1.13,0.13,215.5066,156.7072,-122.411,175,75
2026-05-11 17:55:36.239,3,0.16,-1.06,-0.87,-7.113399999999997,21.897199999999998,-163.20100000000002,175,75
2026-05-11 17:55:36.251,3,0.31,-0.72,-1.41,-58.39339999999999,-12.6828,-162.531,175,75
2026-05-11 17:55:36.330,3,-0.29,-0.24,-1.68,-25.0434,-11.892800000000001,-128.381,175,75
2026-05-11 17:55:36.330,3,-0.56,-0.64,-1.31,-51.8734,73.96719999999999,-130.64100000000002,175,75
2026-05-11 17:55:36.368,3,-0.24,-1.16,-0.89,-153.45340000000002,92.1372,-155.70100000000002,175,75
2026-05-11 17:55:36.436,3,-0.48,-1.38,-0.93,-281.5634,30.0672,-197.041,175,75
2026-05-11 17:55:36.442,3,-0.58,-1.42,-0.95,-306.8134,82.8072,-211.62099999999998,175,75
2026-05-11 17:55:36.483,3,-0.52,-1.58,-0.68,-323.8234,123.2372,-212.411,175,75
2026-05-11 17:55:36.513,3,-0.55,-1.76,-0.29,-342.2434,121.8272,-210.091,175,75
2026-05-11 17:55:36.525,3,-0.76,-2.02,0.17,-367.1134,85.4272,-208.20100000000002,175,75
2026-05-11 17:55:36.573,3,-1.25,-1.44,1.77,-286.6334,208.3572,-179.541,175,75
2026-05-11 17:55:36.583,3,-1.2,-0.26,1.45,-162.6034,46.897200000000005,-50.881,175,75
2026-05-11 17:55:36.596,3,-0.73,0.05,2.06,-96.99340000000001,-17.6228,-43.631,175,75
2026-05-11 17:55:36.627,3,-0.34,0.26,0.74,62.336600000000004,-24.9928,58.989000000000004,175,75
2026-05-11 17:55:36.627,3,-0.17,0.27,0.89,81.5466,-37.6228,77.649,175,75
2026-05-11 17:55:36.646,3,-0.25,0.11,0.82,99.58659999999999,-61.2828,94.419,175,75
2026-05-11 17:55:36.646,3,-0.31,-0.06,0.66,112.94659999999999,-63.7128,98.259,175,75
2026-05-11 17:55:36.658,3,-0.31,-0.15,0.49,120.9966,-54.2628,98.139,175,75
2026-05-11 17:55:36.658,3,-0.27,-0.24,0.35,128.7366,-42.2528,101.309,175,75
2026-05-11 17:55:36.685,3,-0.28,-0.27,0.21,140.13660000000002,-23.6528,105.399,175,75
2026-05-11 17:55:36.697,3,-0.36,-0.47,0.16,161.4766,-14.392800000000001,113.629,175,75
2026-05-11 17:55:36.712,3,-0.58,-1.23,0.28,165.4466,-58.6528,133.50900000000001,175,75
2026-05-11 17:55:36.735,3,-1.02,-1.93,0.51,176.8466,-107.80279999999999,150.699,175,75
2026-05-11 17:55:36.760,3,-1.01,-1.13,0.65,101.11659999999999,-400.0628,169.23899999999998,175,75
2026-05-11 17:55:36.783,3,-1.21,-1.28,0.47,80.1366,-423.4128,168.68900000000002,175,75
2026-05-11 17:55:36.783,3,-1.26,-1.26,0.37,73.2466,-431.89279999999997,143.80900000000003,175,75
2026-05-11 17:55:36.793,3,-0.97,-1.22,0.27,83.1866,-450.6028,105.879,175,75
2026-05-11 17:55:36.804,3,-0.5,-1.17,0.42,95.50659999999999,-469.26279999999997,55.149,175,75
2026-05-11 17:55:36.816,3,-0.11,-0.99,0.35,75.8666,-457.4328,50.399,175,75
2026-05-11 17:55:36.827,3,-3.08,0.99,0.75,73.4366,-356.64279999999997,181.06900000000002,175,75
2026-05-11 17:55:36.838,3,2.75,-4.25,-3.06,15.566600000000001,-247.5628,-66.551,175,75
2026-05-11 17:55:36.851,3,0.98,-3.89,-5.46,-334.9234,-328.78279999999995,-107.101,175,75
2026-05-11 17:55:36.873,3,-1.94,-1.68,-0.9,366.2366,764.0272,141.06900000000002,175,75
2026-05-11 17:55:36.884,3,-0.31,-3.55,-0.15,256.7866,136.6472,7.779,175,75
2026-05-11 17:55:36.893,3,-0.81,-3.58,1.57,306.8466,93.78720000000001,-95.521,175,75
2026-05-11 17:55:36.908,3,0.22,-0.93,4.29,212.0266,485.48720000000003,11.189,175,75
2026-05-11 17:55:36.917,3,1.56,0.14,3.94,-36.203399999999995,-32.802800000000005,104.599,175,75
2026-05-11 17:55:36.935,3,0.38,-0.2,1.99,-141.0234,-629.8728,133.25900000000001,175,75
2026-05-11 17:55:36.946,3,-2.24,-0.51,-0.22,-159.2534,-489.7528,144.909,175,75
2026-05-11 17:55:36.956,3,-2.16,-0.78,-1.55,-167.9734,-146.2128,84.359,175,75
2026-05-11 17:55:36.975,3,-0.79,-1.27,-0.93,88.0666,-3.7128000000000014,18.198999999999998,175,75
2026-05-11 17:55:36.986,3,-0.51,-1.73,-0.17,113.9166,38.9672,59.539,175,75
2026-05-11 17:55:36.998,3,-0.33,-2.09,0.32,111.4166,-6.212800000000001,65.029,175,75
2026-05-11 17:55:37.009,3,-0.63,-2.3,0.64,95.1366,-149.6328,54.119,175,75
2026-05-11 17:55:37.024,3,-0.81,-1.78,0.41,61.96660000000001,-183.7828,32.899,175,75
2026-05-11 17:55:37.035,3,-0.93,-0.84,-0.1,37.8266,-216.3428,44.119,175,75
2026-05-11 17:55:37.035,3,-1.37,-0.22,-0.32,30.5666,-238.5328,86.859,175,75
2026-05-11 17:55:37.057,3,-1.74,0.17,-0.42,31.296600000000005,-213.3528,104.909,175,75
2026-05-11 17:55:37.102,3,-0.32,-0.55,0.58,-38.3334,-227.43280000000001,146.42899999999997,175,75
2026-05-11 17:55:37.116,3,-0.66,0.01,0.05,-26.3234,-199.8128,139.849,175,75
2026-05-11 17:55:37.126,3,-0.43,0.33,-0.33,25.1366,-73.2328,123.449,175,75
2026-05-11 17:55:37.140,3,0.14,0.37,-0.25,16.6066,-47.7428,128.50900000000001,175,75
2026-05-11 17:55:37.140,3,0.18,0.38,-0.22,9.346600000000002,-58.0428,136.30900000000003,175,75
2026-05-11 17:55:37.188,3,1.18,0.47,-0.65,-60.343399999999995,-57.3128,76.129,175,75
2026-05-11 17:55:37.199,3,1.37,0.56,-0.87,-64.1934,-83.4728,59.119,175,75
2026-05-11 17:55:37.212,3,1.78,0.7,-1.32,-86.63340000000001,-95.7328,28.138999999999996,175,75
2026-05-11 17:55:37.223,3,-3.96,3.12,-0.01,-160.4134,-98.59280000000001,138.98899999999998,175,75
2026-05-11 17:55:37.223,3,-9.05,5.4,1.8,-40.10339999999999,322.5672,429.05899999999997,175,75
2026-05-11 17:55:37.235,3,1.06,-2.85,3.78,451.2966,1104.5772,190.339,175,75
2026-05-11 17:55:37.249,3,3.14,-8.48,6.94,139.2266,-388.59279999999995,-176.981,175,75
2026-05-11 17:55:37.261,3,-2.08,-1.18,3.57,-265.4134,-943.9028,244.72899999999998,175,75
2026-05-11 17:55:37.296,3,-1.25,-2.74,-1.41,-122.7234,-96.40280000000001,52.289,175,75
2026-05-11 17:55:37.307,3,-2.77,-0.47,-1.04,73.9766,-139.6928,-60.091,175,75
2026-05-11 17:55:37.317,3,-1.2,0.11,0.22,103.36659999999999,215.2472,-158.08100000000002,175,75
2026-05-11 17:55:37.333,3,0.85,1.08,1.42,6.476600000000001,211.5272,43.319,175,75
2026-05-11 17:55:37.343,3,-0.19,1.11,1.34,-22.423399999999994,-115.4228,72.709,175,75
2026-05-11 17:55:37.355,3,-1.07,0.75,0.68,11.726600000000001,-162.1328,-19.721,175,75
2026-05-11 17:55:37.363,3,-0.56,0.57,0.06,10.866600000000002,-45.6728,-16.741,175,75
2026-05-11 17:55:37.377,3,-0.75,0.24,-0.07,4.0466000000000015,-24.9928,43.319,175,75
2026-05-11 17:55:37.393,3,-0.98,-0.39,0.2,36.8466,2.4971999999999994,16.009,175,75
2026-05-11 17:55:37.405,3,-0.61,-0.45,0.43,58.4966,34.3972,-24.361,175,75
2026-05-11 17:55:37.416,3,-0.99,-0.67,1.09,84.4066,74.2072,2.0989999999999984,175,75
2026-05-11 17:55:37.426,3,-1.53,-1.15,1.65,14.226600000000001,15.0672,-1.2510000000000012,175,75
2026-05-11 17:55:37.437,3,-1.69,-1.01,0.89,-69.3134,-138.3528,-36.611000000000004,175,75
2026-05-11 17:55:37.449,3,-1.79,-0.54,0.05,-76.9334,-129.3928,-56.131,175,75
2026-05-11 17:55:37.461,3,-1.52,-0.52,0.08,-42.243399999999994,-34.8128,-72.771,175,75
2026-05-11 17:55:37.461,3,-0.93,-0.6,0.79,-23.093399999999995,15.127200000000002,-85.521,175,75
2026-05-11 17:55:37.495,3,-0.77,-0.87,0.66,-62.72339999999999,-105.9728,-63.931,175,75
2026-05-11 17:55:37.506,3,-0.86,-0.67,0.36,-49.4334,-99.3928,-78.751,175,75
2026-05-11 17:55:37.545,3,-0.8,-0.47,0.19,-32.843399999999995,-68.7128,-76.431,175,75
2026-05-11 17:55:37.568,3,-0.55,-0.13,0.7,-36.5034,-51.4028,-10.521,175,75
2026-05-11 17:55:37.568,3,-0.48,-0.21,0.78,-47.78339999999999,-84.2628,2.648999999999999,175,75
2026-05-11 17:55:37.597,3,-0.47,-0.25,0.68,-64.55340000000001,-106.6428,17.468999999999998,175,75
2026-05-11 17:55:37.645,3,-0.43,-0.78,0.96,-27.783399999999993,-38.6528,4.598999999999998,175,75
2026-05-11 17:55:37.659,3,-0.61,-0.97,0.87,-11.263399999999999,8.477199999999996,-11.071000000000002,175,75
2026-05-11 17:55:37.671,3,-0.74,-1.04,0.81,4.836600000000002,35.7972,-15.461000000000002,175,75
2026-05-11 17:55:37.683,3,-0.87,-1.14,0.77,9.466600000000001,45.2472,-16.801000000000002,175,75
2026-05-11 17:55:37.683,3,-0.92,-1.33,0.7,-1.2033999999999985,29.757199999999997,-16.681,175,75
2026-05-11 17:55:37.694,3,-0.88,-1.37,0.72,-13.093399999999997,6.897199999999998,-36.861000000000004,175,75
2026-05-11 17:55:37.728,3,-1.03,-0.36,0.49,-22.1134,-46.1528,-20.031,175,75
2026-05-11 17:55:37.738,3,-1.18,0.1,0.57,1.1166000000000018,-16.8928,9.669,175,75
2026-05-11 17:55:37.748,3,-1.19,0.31,0.76,20.5666,7.257200000000001,30.878999999999998,175,75
2026-05-11 17:55:37.770,3,-0.38,-0.32,0.55,-26.993399999999994,-54.692800000000005,38.689,175,75
2026-05-11 17:55:37.781,3,-0.28,-0.4,0.19,-67.3634,-120.30279999999999,39.669,175,75
2026-05-11 17:55:37.816,3,0.19,0.06,-0.18,-13.703399999999997,-12.6228,31.679000000000002,175,75
2026-05-11 17:55:37.827,3,0.25,0.08,-0.13,-22.783399999999993,-28.6528,35.089,175,75
2026-05-11 17:55:37.840,3,0.11,0.07,-0.23,-27.3634,-29.9328,26.488999999999997,175,75
2026-05-11 17:55:37.870,3,0.24,0.18,-0.44,-34.6134,16.2872,9.968999999999998,175,75
2026-05-11 17:55:37.884,3,0.44,0.13,-0.54,-49.063399999999994,23.5972,-4.971000000000001,175,75
2026-05-11 17:55:37.910,3,0.85,0.02,-0.61,-75.71340000000001,-19.2628,-38.691,175,75
2026-05-11 17:55:37.910,3,0.36,0.29,-0.69,-105.3434,-46.8228,-39.051,175,75
2026-05-11 17:55:37.931,3,-13.16,5.64,5.61,285.5066,778.0472,469.179,175,75
2026-05-11 17:55:37.958,3,0.09,0.95,3.26,-174.3134,-1260.2428,262.899,175,75
2026-05-11 17:55:37.995,3,-0.71,-2.36,-2.12,-155.8334,156.03719999999998,-25.211000000000002,175,75
2026-05-11 17:55:37.999,3,-1.2,-0.65,-1.37,153.3066,-118.2328,-122.711,175,75
2026-05-11 17:55:38.037,3,-0.41,0.9,1.36,113.4366,373.84720000000004,-21.861,175,75
2026-05-11 17:55:38.052,3,-1.24,-0.7,2.37,-33.2134,-119.08279999999999,67.899,175,75
2026-05-11 17:55:38.063,3,-1.09,0.11,1.18,-94.49340000000001,-146.0928,-43.571,175,75
2026-05-11 17:55:38.113,3,-1.27,-0.07,0.95,21.3566,59.397200000000005,-22.901000000000003,175,75
2026-05-11 17:55:38.138,3,-1.11,-0.61,1.6,7.516600000000001,-36.5828,-91.251,175,75
2026-05-11 17:55:38.149,3,-1.06,-1.01,0.89,-9.433399999999997,-142.2528,-100.211,175,75
2026-05-11 17:55:38.149,3,-1.05,-1.23,0.56,-5.0434,-117.1328,-119.121,175,75
2026-05-11 17:55:38.163,3,-0.85,-1.22,0.49,-9.983399999999998,-55.4228,-111.311,175,75
2026-05-11 17:55:38.175,3,-0.74,-1.13,0.52,-49.493399999999994,-13.2928,-69.721,175,75
2026-05-11 17:55:38.175,3,-0.42,-0.68,0.72,-121.4434,18.1072,-60.521,175,75
2026-05-11 17:55:38.212,3,-0.46,0.59,0.26,-18.2134,-60.7328,-30.031000000000002,175,75
2026-05-11 17:55:38.241,3,-0.55,0.34,0.25,-6.3834,-26.8228,-1.801000000000001,175,75
2026-05-11 17:55:38.282,3,-0.53,-0.69,0.83,-11.753399999999997,16.407199999999996,5.398999999999999,175,75
2026-05-11 17:55:38.282,3,-0.49,-0.71,1.01,-23.2134,14.087200000000003,-2.101000000000001,175,75
2026-05-11 17:55:38.295,3,-0.31,-0.35,1.09,-41.993399999999994,-17.5628,-14.241,175,75
2026-05-11 17:55:38.303,3,-0.58,-0.31,0.54,-52.97339999999999,-33.0428,7.838999999999999,175,75
2026-05-11 17:55:38.314,3,-0.76,-0.36,0.38,-54.4934,-6.642800000000001,11.799,175,75
2026-05-11 17:55:38.325,3,-0.84,-0.36,0.32,-58.03339999999999,19.397199999999998,13.509,175,75
2026-05-11 17:55:38.341,3,-0.9,-0.5,0.36,-66.99340000000001,21.767200000000003,23.319,175,75
2026-05-11 17:55:38.341,3,-0.85,-0.65,0.36,-72.9734,27.5672,20.459,175,75
2026-05-11 17:55:38.368,3,-0.7,-0.96,0.45,-70.0434,11.587200000000003,10.459,175,75
2026-05-11 17:55:38.405,3,-0.51,-0.6,0.52,-44.493399999999994,34.6972,5.148999999999999,175,75
2026-05-11 17:55:38.449,3,-0.77,-0.48,0.37,-17.6034,18.477199999999996,-20.521,175,75
2026-05-11 17:55:38.460,3,-0.89,-0.49,0.22,-12.053399999999998,12.437199999999997,-24.911,175,75
2026-05-11 17:55:38.460,3,-0.91,-0.66,0.18,-3.2733999999999988,9.2072,-33.691,175,75
2026-05-11 17:55:38.523,3,-0.84,-0.99,0.31,11.056600000000001,0.0671999999999997,-46.071,175,75
2026-05-11 17:55:38.523,3,-0.71,-1.18,0.42,22.5766,-13.5328,-59.601,175,75
2026-05-11 17:55:38.673,3,0.05,-1.89,-0.85,-116.7534,339.2672,-113.20100000000001,175,75
2026-05-11 17:55:38.684,3,-0.29,-2.09,0.0,-168.45340000000002,138.1772,-157.411,175,75
2026-05-11 17:55:38.695,3,-0.68,-2.11,0.21,-246.3234,40.9772,-211.13100000000003,175,75
2026-05-11 17:55:38.727,3,-0.56,-1.46,-0.15,-357.1134,-29.692800000000002,-181.19099999999997,175,75
2026-05-11 17:55:38.739,3,-0.73,-1.63,-0.16,-362.6634,-10.6728,-167.77100000000002,175,75
2026-05-11 17:55:38.760,3,-0.83,-1.87,-0.05,-359.7434,9.147199999999998,-164.051,175,75
2026-05-11 17:55:38.775,3,-0.81,-1.82,0.68,-301.9334,106.34719999999999,-159.851,175,75
2026-05-11 17:55:38.804,3,-0.77,-1.71,1.09,-271.5634,99.2072,-152.351,175,75
2026-05-11 17:55:38.938,3,-0.43,0.19,1.28,28.126600000000003,14.4572,48.199,175,75
2026-05-11 17:55:38.968,3,-0.47,-0.04,0.47,79.1066,-60.2428,91.79899999999999,175,75
2026-05-11 17:55:38.983,3,-0.63,-0.2,0.21,99.28659999999999,-73.1728,120.39899999999999,175,75
2026-05-11 17:55:39.041,3,-0.96,-1.31,0.33,163.5566,-162.2528,195.089,175,75
2026-05-11 17:55:39.052,3,-1.23,-1.6,0.49,166.6066,-207.9828,205.089,175,75
2026-05-11 17:55:39.062,3,-1.31,-1.48,0.47,126.78659999999999,-263.8428,178.56900000000002,175,75
2026-05-11 17:55:39.082,3,-1.28,-1.06,-0.22,95.50659999999999,-363.90279999999996,161.91899999999998,175,75
2026-05-11 17:55:39.121,3,-0.37,-1.01,-0.17,153.0666,-192.1928,91.489,175,75
2026-05-11 17:55:39.129,3,0.46,-0.81,0.11,132.3366,-213.96280000000002,60.399,175,75
2026-05-11 17:55:39.149,3,-0.73,0.4,-0.09,55.256600000000006,-194.5128,118.809,175,75
2026-05-11 17:55:39.149,3,-0.93,0.95,-1.28,-54.923399999999994,-280.6728,168.80900000000003,175,75
2026-05-11 17:55:39.160,3,4.33,-3.79,-3.01,-11.6334,265.3672,-135.70100000000002,175,75
2026-05-11 17:55:39.168,3,-0.22,-0.94,-1.4,75.9966,302.1972,44.969,175,75
2026-05-11 17:55:39.193,3,-2.32,-5.66,-1.07,130.13660000000002,355.4272,114.849,175,75
2026-05-11 17:55:39.210,3,-2.45,-2.75,-1.01,46.7866,297.4372,-16.131,175,75
2026-05-11 17:55:39.221,3,-0.03,-2.15,-0.15,169.04659999999998,62.31719999999999,-306.921,175,75
2026-05-11 17:55:39.221,3,2.99,-0.36,2.59,164.4066,381.8972,-160.76100000000002,175,75
2026-05-11 17:55:39.235,3,0.83,0.38,3.28,-0.10339999999999883,97.37719999999999,244.23899999999998,175,75
2026-05-11 17:55:39.271,3,-0.26,-1.85,2.01,-65.4734,-488.96279999999996,109.059,175,75
2026-05-11 17:55:39.271,3,-1.88,-1.62,0.33,-116.20340000000002,-528.6528,49.789,175,75
2026-05-11 17:55:39.291,3,-0.88,-1.72,-2.15,-89.9834,-135.1228,2.408999999999999,175,75
2026-05-11 17:55:39.424,3,-0.93,0.0,0.43,28.736600000000003,-71.1528,128.449,175,75
2026-05-11 17:55:39.442,3,-0.49,0.7,0.18,2.516600000000002,-95.06280000000001,142.469,175,75
2026-05-11 17:55:39.442,3,-0.2,0.59,-0.02,-4.743399999999999,-103.78280000000001,138.98899999999998,175,75
2026-05-11 17:55:39.455,3,0.06,0.49,-0.31,-11.3834,-101.8228,137.589,175,75
2026-05-11 17:55:39.463,3,0.12,0.47,-0.47,-5.103399999999999,-67.31280000000001,137.589,175,75
2026-05-11 17:55:39.492,3,0.39,0.46,-0.56,-11.753399999999997,-22.1328,120.699,175,75
2026-05-11 17:55:39.515,3,1.34,0.69,-1.06,-76.6934,-127.0728,51.619,175,75
2026-05-11 17:55:39.526,3,1.13,0.97,-1.51,-89.13340000000001,-104.02279999999999,15.948999999999998,175,75
2026-05-11 17:55:39.700,3,0.35,1.3,2.39,-93.21340000000001,14.8172,164.11899999999997,175,75
2026-05-11 17:55:39.700,3,-0.92,0.74,1.58,-0.47339999999999804,-190.8528,10.088999999999999,175,75
2026-05-11 17:55:39.700,3,0.13,1.43,0.1,-28.153399999999998,-73.59280000000001,-7.4110000000000005,175,75
2026-05-11 17:55:40.069,3,-0.86,-0.58,0.03,50.256600000000006,-28.172800000000002,-5.151000000000001,175,75
2026-05-11 17:55:40.069,3,-1.27,-0.49,0.72,-41.8734,-86.9528,-86.431,175,75
2026-05-11 17:55:40.069,3,-0.8,-0.69,0.18,-58.64339999999999,-79.3228,-96.431,175,75
2026-05-11 17:55:40.069,3,-0.72,-0.24,0.18,-42.1134,27.507199999999997,-87.351,175,75
2026-05-11 17:55:40.069,3,-0.25,0.09,0.77,-37.7234,1.0371999999999986,-52.471000000000004,175,75
2026-05-11 17:55:40.069,3,-0.38,-0.09,0.75,-35.773399999999995,-15.302800000000001,-37.161,175,75
2026-05-11 17:55:40.069,3,-0.69,-0.7,0.68,-24.4334,79.5772,-22.471,175,75
2026-05-11 17:55:40.069,3,-0.9,-0.73,1.03,-14.7434,-9.2028,-18.261000000000003,175,75
2026-05-11 17:55:40.069,3,-1.09,-0.51,0.97,-28.8234,-44.8728,-7.831,175,75
2026-05-11 17:55:40.069,3,-1.43,0.1,0.79,-0.5333999999999985,-16.5228,43.809,175,75
2026-05-11 17:55:40.174,3,-0.5,-0.3,0.16,14.8366,-123.59280000000001,83.199,175,75
2026-05-11 17:55:40.233,3,0.51,-0.08,-0.62,26.416600000000003,25.797199999999997,29.058999999999997,175,75
2026-05-11 17:55:40.272,3,-0.76,0.98,-0.41,-29.373399999999997,-12.1928,26.488999999999997,175,75
2026-05-11 17:55:40.272,3,-5.16,2.64,0.11,89.58659999999999,89.99719999999999,233.139,175,75
2026-05-11 17:55:40.272,3,-4.85,2.22,3.82,508.6766,737.6272,373.449,175,75
2026-05-11 17:55:40.272,3,4.34,-9.1,4.86,-3.7033999999999967,-12.6228,-161.25099999999998,175,75
2026-05-11 17:55:40.272,3,0.18,-0.57,2.56,-232.2434,-827.0728,90.209,175,75
2026-05-11 17:55:40.376,3,-1.4,-0.19,0.23,175.5066,68.2972,-13.261000000000001,175,75
2026-05-11 17:55:40.376,3,-0.12,0.43,1.48,23.306600000000003,78.0472,103.869,175,75
2026-05-11 17:55:40.376,3,-0.88,0.25,1.46,-14.4934,-16.4628,94.729,175,75
2026-05-11 17:55:40.376,3,-0.81,0.45,1.5,-1.143399999999998,25.2472,35.208999999999996,175,75
2026-05-11 17:55:40.512,3,-0.12,0.88,0.95,-47.423399999999994,-67.3728,-35.271,175,75
2026-05-11 17:55:40.512,3,-0.2,0.86,0.8,-30.953399999999995,-100.5428,-16.491,175,75
2026-05-11 17:55:40.671,3,-0.68,-0.43,0.61,-16.5634,7.257200000000001,-51.801,175,75
2026-05-11 17:55:40.740,3,-0.77,-1.18,0.68,16.056600000000003,-27.6828,-76.491,175,75
2026-05-11 17:55:40.780,3,-0.59,-1.72,0.59,40.8666,-28.5328,-58.511,175,75
2026-05-11 17:55:40.857,3,-1.04,-0.9,0.26,14.106600000000002,-22.492800000000003,-114.851,175,75
2026-05-11 17:55:40.857,3,-0.57,-0.38,0.28,15.136600000000001,39.0872,-83.931,175,75
2026-05-11 17:55:40.955,3,0.78,-0.82,-1.69,-317.0534,-230.7928,-156.981,175,75
2026-05-11 17:55:40.956,3,-0.61,-0.25,-2.65,-258.8834,-36.0928,-134.911,175,75
2026-05-11 17:55:40.969,3,-0.51,-0.62,-2.37,-176.5634,258.65720000000005,-81.431,175,75
2026-05-11 17:55:40.969,3,-0.07,-1.19,-1.39,-165.5934,333.41720000000004,-76.431,175,75
2026-05-11 17:55:40.981,3,-0.02,-1.6,-0.49,-187.9134,261.8972,-98.631,175,75
2026-05-11 17:55:40.992,3,-0.52,-2.04,0.67,-286.2634,58.787200000000006,-205.88100000000003,175,75
2026-05-11 17:55:40.992,3,-0.39,-1.94,0.74,-331.3234,17.377200000000002,-209.661,175,75
2026-05-11 17:55:41.039,3,-0.78,-2.21,0.42,-396.8734,17.9872,-153.20100000000002,175,75
2026-05-11 17:55:41.072,3,-0.7,-1.77,0.62,-348.8834,67.68719999999999,-156.68099999999998,175,75
2026-05-11 17:55:41.083,3,-0.71,-1.51,0.72,-320.28340000000003,87.68719999999999,-148.69099999999997,175,75
2026-05-11 17:55:41.093,3,-0.99,-1.03,0.75,-247.54340000000002,132.7472,-114.661,175,75
2026-05-11 17:55:41.105,3,-1.13,-0.53,0.69,-223.3934,156.8972,-102.771,175,75
2026-05-11 17:55:41.127,3,-0.79,-0.11,0.97,-144.2534,166.5872,-93.081,175,75
2026-05-11 17:55:41.152,3,-0.72,0.16,2.26,-83.7034,2.1971999999999987,-44.181,175,75
2026-05-11 17:55:41.211,3,-0.56,0.18,0.53,74.9566,62.4372,38.019,175,75
2026-05-11 17:55:41.260,3,-0.67,-0.69,0.83,134.4666,-32.7428,87.099,175,75
2026-05-11 17:55:41.280,3,-0.72,-1.09,0.79,140.0166,-42.1328,96.369,175,75
2026-05-11 17:55:41.294,3,-0.7,-1.47,0.71,129.10660000000001,-60.1228,89.599,175,75
2026-05-11 17:55:41.326,3,-0.7,-1.06,0.1,140.4466,-102.50280000000001,92.529,175,75
2026-05-11 17:55:41.337,3,-0.87,-1.31,-0.03,145.9366,-81.1528,123.92899999999999,175,75
2026-05-11 17:55:41.399,3,-0.67,-1.54,0.36,205.5666,-61.1528,147.709,175,75
2026-05-11 17:55:41.399,3,-0.83,-1.55,0.18,201.8466,-61.4628,156.61899999999997,175,75
2026-05-11 17:55:41.459,3,7.26,-3.44,-7.69,-297.5434,-937.8027999999999,-48.811,175,75
2026-05-11 17:55:41.472,3,-8.09,0.89,-5.19,-470.53340000000003,-97.80279999999999,150.81900000000002,175,75
2026-05-11 17:55:41.492,3,-3.21,-2.42,-3.93,19.8366,1356.2872,254.72899999999998,175,75
2026-05-11 17:55:41.517,3,-1.61,1.5,5.06,843.3066,115.4872,8.928999999999998,175,75
2026-05-11 17:55:41.533,3,0.32,0.02,2.91,-296.3834,-577.0728,215.459,175,75
2026-05-11 17:55:41.555,3,-2.99,-0.97,-0.96,-226.0234,-311.09279999999995,99.119,175,75
2026-05-11 17:55:41.580,3,-2.25,-1.0,-2.1,-175.2834,-77.31280000000001,-77.771,175,75
2026-05-11 17:55:41.580,3,-0.95,-0.44,-1.82,69.28659999999999,102.8672,-173.93099999999998,175,75
2026-05-11 17:55:41.645,3,-0.78,-1.32,0.82,-91.8734,-127.56280000000001,-53.811,175,75
2026-05-11 17:55:41.681,3,-0.66,-0.84,0.03,-126.02340000000001,-113.1028,-97.101,175,75
2026-05-11 17:55:41.728,3,-1.57,-0.15,-0.09,-105.9534,-114.1428,-36.010999999999996,175,75
2026-05-11 17:55:41.814,3,-0.5,-1.32,0.57,145.8666,-93.3528,169.66899999999998,175,75
2026-05-11 17:55:41.831,3,1.05,0.44,-0.19,161.9066,51.287200000000006,131.06900000000002,175,75
2026-05-11 17:55:41.856,3,0.08,-0.68,-2.59,-208.1534,-247.9828,37.289,175,75
2026-05-11 17:55:41.885,3,-0.33,-4.52,-1.29,109.4066,467.8672,140.699,175,75
2026-05-11 17:55:41.905,3,-1.9,-2.15,0.02,69.4666,-43.9628,-123.871,175,75
2026-05-11 17:55:41.937,3,1.52,-1.04,1.5,158.2466,230.2472,68.449,175,75
2026-05-11 17:55:41.983,3,-1.36,-0.52,-0.13,-3.4533999999999985,-77.9828,-7.471000000000001,175,75
2026-05-11 17:55:42.002,3,-0.97,-0.45,0.67,-0.5333999999999985,90.3672,-56.311,175,75
2026-05-11 17:55:42.015,3,-0.77,-0.6,1.09,-8.643399999999998,87.74719999999999,-72.771,175,75
2026-05-11 17:55:42.031,3,-0.62,-0.88,1.14,-44.743399999999994,9.8172,-96.311,175,75
2026-05-11 17:55:42.090,3,0.14,-1.48,0.64,-80.2834,18.7172,-101.981,175,75
2026-05-11 17:55:42.109,3,0.19,-0.27,0.48,-55.28339999999999,-75.4828,-97.651,175,75
2026-05-11 17:55:42.163,3,-0.48,0.23,-0.41,-12.7234,8.237200000000001,-31.551000000000002,175,75
2026-05-11 17:55:42.163,3,-0.69,-0.27,0.14,118.00659999999999,145.4272,0.08899999999999864,175,75
2026-05-11 17:55:42.201,3,0.96,0.44,1.99,-78.9434,-521.8928,-14.541,175,75
2026-05-11 17:55:42.217,3,-1.6,0.26,0.27,-109.4334,-543.6528,26.979,175,75
2026-05-11 17:55:42.250,3,-2.74,-1.37,-3.48,-224.3134,76.6472,28.138999999999996,175,75
2026-05-11 17:55:42.312,3,-0.36,-2.53,1.38,72.3366,-57.8628,74.239,175,75
2026-05-11 17:55:42.324,3,-0.68,-1.83,0.79,69.9566,-66.7028,40.089,175,75
2026-05-11 17:55:42.396,3,-0.34,-0.31,1.48,38.0066,65.6072,8.628999999999998,175,75
2026-05-11 17:55:42.432,3,-0.94,-0.49,0.04,-48.03339999999999,-58.9628,-24.541,175,75
2026-05-11 17:55:42.454,3,-0.86,-0.53,-0.18,-38.8234,1.1571999999999996,-25.641000000000002,175,75
2026-05-11 17:55:42.454,3,-0.79,-0.62,0.05,-16.203399999999995,51.287200000000006,-28.691000000000003,175,75
2026-05-11 17:55:42.465,3,-0.77,-0.7,0.37,-10.283399999999999,69.75720000000001,-35.641000000000005,175,75
2026-05-11 17:55:42.530,3,-0.56,-1.37,0.4,-55.83339999999999,-20.602800000000002,-48.081,175,75
2026-05-11 17:55:42.540,3,-0.26,-1.78,-0.07,-80.2834,-82.9828,-66.92099999999999,175,75
2026-05-11 17:55:42.626,3,-0.63,-1.17,-0.79,118.4366,-3.9628000000000014,34.419,175,75
2026-05-11 17:55:42.649,3,-1.23,-0.53,-0.76,119.6566,189.2072,8.509,175,75
2026-05-11 17:55:42.659,3,1.47,-0.91,-1.62,-63.64339999999999,160.8572,-127.651,175,75
2026-05-11 17:55:42.675,3,2.79,0.19,-1.96,-244.67340000000002,-24.8728,-121.621,175,75
2026-05-11 17:55:42.697,3,0.32,2.47,-1.96,-263.1534,91.8272,-113.991,175,75
2026-05-11 17:55:42.711,3,0.92,-0.73,-1.08,-460.2234,-52.562799999999996,-148.51100000000002,175,75
2026-05-11 17:55:42.747,3,-0.01,-2.0,-0.26,-501.44340000000005,60.3072,-158.14100000000002,175,75
2026-05-11 17:55:42.759,3,-0.23,-3.88,-0.36,-492.0534,-37.2528,-128.571,175,75
2026-05-11 17:55:42.829,3,-0.87,-1.54,1.91,-94.9234,147.9272,-405.581,175,75
2026-05-11 17:55:42.840,3,0.36,0.54,3.0,-106.5634,31.7072,-60.701,175,75
2026-05-11 17:55:42.840,3,-0.6,0.79,3.03,-123.64340000000001,-231.8928,117.169,175,75
2026-05-11 17:55:42.851,3,-1.4,-0.57,2.02,-30.163399999999996,-503.3528,193.50900000000001,175,75
2026-05-11 17:55:42.860,3,-2.14,-2.25,0.11,-21.813399999999994,-409.20279999999997,203.62900000000002,175,75
2026-05-11 17:55:42.879,3,-1.8,-2.73,-1.11,101.6066,-237.3128,135.519,175,75
2026-05-11 17:55:42.892,3,-1.82,-2.29,-1.36,218.79659999999998,-152.0128,101.309,175,75
2026-05-11 17:55:42.906,3,-1.29,-2.13,-0.86,345.2566,45.6072,87.649,175,75
2026-05-11 17:55:42.918,3,-1.16,-1.58,0.98,434.1666,147.25719999999998,197.839,175,75
2026-05-11 17:55:42.931,3,-1.31,-1.51,1.72,413.0666,99.1472,230.639,175,75
2026-05-11 17:55:42.988,3,-0.5,-0.36,0.01,146.2366,-152.9228,239.599,175,75
2026-05-11 17:55:42.997,3,-0.37,-0.21,-0.49,165.1366,-116.15280000000001,232.22899999999998,175,75
2026-05-11 17:55:42.998,3,-0.06,-0.1,-0.76,188.0666,-47.8628,211.36899999999997,175,75
2026-05-11 17:55:43.036,3,0.52,-0.04,-0.53,175.6266,-15.1228,188.31900000000002,175,75
2026-05-11 17:55:43.047,3,0.46,-0.11,-0.56,154.8366,-57.2528,183.37900000000002,175,75
2026-05-11 17:55:43.071,3,0.26,-0.41,-0.83,149.8966,10.857199999999999,143.62900000000002,175,75
2026-05-11 17:55:43.096,3,0.32,-0.47,-0.57,117.5166,72.74719999999999,128.62900000000002,175,75
2026-05-11 17:55:43.108,3,0.43,-0.49,-0.52,83.4966,62.6872,107.529,175,75
2026-05-11 17:55:43.127,3,0.47,-0.37,-0.49,57.8866,40.427200000000006,86.489,175,75
2026-05-11 17:55:43.167,3,-0.23,-0.69,-0.61,-8.823399999999998,-1.4628000000000014,36.859,175,75
2026-05-11 17:55:43.194,3,-0.29,-0.7,-0.66,-19.0634,12.377200000000002,7.348999999999998,175,75
2026-05-11 17:55:43.194,3,-0.3,-0.69,-0.6,-15.413399999999998,31.5272,-19.481,175,75
2026-05-11 17:55:43.198,3,-0.34,-0.71,-0.42,-5.2833999999999985,45.487199999999994,-35.760999999999996,175,75
2026-05-11 17:55:43.229,3,-1.21,-0.86,0.29,-4.253399999999997,-2.3728000000000016,-55.151,175,75
2026-05-11 17:55:43.238,3,-1.09,-0.64,0.31,-31.873399999999997,-19.992800000000003,-82.101,175,75
2026-05-11 17:55:43.291,3,-1.12,-0.41,-0.08,-24.313399999999994,-72.1928,-53.321,175,75
2026-05-11 17:55:43.356,3,-0.98,-0.38,0.23,-19.803399999999996,-43.0428,-30.581,175,75
2026-05-11 17:55:43.376,3,-0.82,-0.36,0.3,-9.253399999999997,-31.7028,-25.521,175,75
2026-05-11 17:55:43.389,3,-0.77,-0.35,0.25,0.3866000000000014,-33.1028,-16.551000000000002,175,75
2026-05-11 17:55:43.399,3,-0.68,-0.28,0.21,5.806600000000001,-29.4528,-17.161,175,75
2026-05-11 17:55:43.463,3,-0.22,0.05,0.08,11.176600000000002,-40.4228,-21.131,175,75
2026-05-11 17:55:43.479,3,-0.19,0.06,-0.02,-3.1533999999999978,-80.5428,-23.631,175,75
2026-05-11 17:55:43.492,3,-0.27,-0.03,-0.2,-7.9133999999999975,-70.4828,-25.151,175,75
2026-05-11 17:55:43.546,3,-0.11,-0.43,-0.41,-24.2534,15.4272,-57.351,175,75
2026-05-11 17:55:43.558,3,-0.14,-0.47,-0.46,-27.243399999999994,28.8472,-63.261,175,75
2026-05-11 17:55:43.580,3,-0.1,-0.74,-0.21,-34.2534,40.6072,-89.121,175,75
2026-05-11 17:55:43.647,3,-0.78,-2.3,-0.2,-91.0834,-4.262800000000002,-174.481,175,75
2026-05-11 17:55:43.647,3,-0.74,-2.19,-0.01,-69.9834,8.357199999999999,-198.75099999999998,175,75
2026-05-11 17:55:43.666,3,-0.59,-2.15,0.41,-56.08339999999999,7.437200000000001,-199.971,175,75
2026-05-11 17:55:43.747,3,-0.8,-1.03,0.58,43.5566,108.78719999999998,-133.93099999999998,175,75
2026-05-11 17:55:43.759,3,-0.98,-0.75,1.0,77.4566,144.1472,-118.511,175,75
2026-05-11 17:55:43.801,3,-1.65,0.32,1.52,171.7866,182.8072,-98.631,175,75
2026-05-11 17:55:43.801,3,-1.49,1.02,1.42,173.7366,198.0472,-92.221,175,75
2026-05-11 17:55:43.817,3,-1.21,1.78,1.47,162.7566,215.06719999999999,-65.15100000000001,175,75
2026-05-11 17:55:43.838,3,-1.08,1.12,1.15,177.57659999999998,-1.0328000000000017,64.239,175,75
2026-05-11 17:55:43.877,3,-1.63,0.82,0.91,199.4066,2.4971999999999994,41.189,175,75
2026-05-11 17:55:43.889,3,-1.43,0.85,0.83,200.5066,75.12719999999999,20.759,175,75
2026-05-11 17:55:43.889,3,-0.98,0.89,0.91,190.9366,113.90719999999999,31.738999999999997,175,75
2026-05-11 17:55:43.900,3,-0.75,0.8,1.02,171.7866,89.0872,65.519,175,75
2026-05-11 17:55:43.911,3,-0.75,-0.01,0.87,150.1366,11.827199999999998,59.909000000000006,175,75
2026-05-11 17:55:43.924,3,-0.67,-0.18,0.53,123.97659999999999,-9.142800000000001,60.638999999999996,175,75
2026-05-11 17:55:43.924,3,-0.43,-0.43,-0.3,53.616600000000005,-9.4528,56.309,175,75
2026-05-11 17:55:43.947,3,-0.26,-0.43,-1.08,-17.3634,6.4072,38.449,175,75
2026-05-11 17:55:44.061,3,-1.98,-1.06,1.19,229.9566,49.267199999999995,3.8689999999999998,175,75
2026-05-11 17:55:44.096,3,0.02,-0.27,0.97,1.236600000000001,-125.06280000000001,137.589,175,75
2026-05-11 17:55:44.172,3,-0.46,-0.06,0.47,14.776600000000002,25.977199999999996,2.8389999999999986,175,75
2026-05-11 17:55:44.195,3,-0.58,-0.73,0.87,-9.373399999999998,32.1372,-21.011000000000003,175,75
2026-05-11 17:55:44.205,3,-0.63,-0.92,0.59,-41.2634,-5.002800000000001,-25.581,175,75
2026-05-11 17:55:44.222,3,-0.63,-1.53,0.28,-21.083399999999997,-2.2528000000000006,-31.011,175,75
2026-05-11 17:55:44.239,3,-0.7,-1.55,0.06,-15.163399999999998,-34.8128,-35.760999999999996,175,75
2026-05-11 17:55:44.277,3,-0.33,-1.47,-0.55,-63.03339999999999,-34.022800000000004,-15.881,175,75
2026-05-11 17:55:44.293,3,-0.77,-0.26,-0.06,43.4366,-111.7028,-13.571000000000002,175,75
2026-05-11 17:55:44.311,3,-0.44,-0.09,-0.25,41.0566,-85.6028,32.289,175,75
2026-05-11 17:55:44.325,3,-0.37,-0.02,-0.53,-17.053399999999996,-134.2028,46.799,175,75
2026-05-11 17:55:44.337,3,0.86,1.11,-0.84,-123.27340000000001,-55.062799999999996,-65.40100000000001,175,75
2026-05-11 17:55:44.367,3,0.19,1.07,-1.55,-288.09340000000003,-104.2028,-1.551000000000001,175,75
2026-05-11 17:55:44.399,3,0.39,0.12,-1.8,-308.09340000000003,42.4372,-53.201,175,75
2026-05-11 17:55:44.409,3,-2.88,0.75,1.59,-132.42340000000002,208.47719999999998,109.599,175,75
2026-05-11 17:55:44.409,3,-4.6,-0.14,3.38,191.1166,461.5272,157.349,175,75
2026-05-11 17:55:44.428,3,5.36,-4.94,6.66,102.2766,-81.8228,-235.151,175,75
2026-05-11 17:55:44.471,3,-1.93,-3.34,-4.77,-336.0834,-102.37280000000001,-57.471000000000004,175,75
2026-05-11 17:55:44.510,3,-0.53,0.17,2.49,82.5766,27.507199999999997,32.169,175,75
2026-05-11 17:55:44.558,3,-0.41,-0.88,2.06,-26.383399999999995,-148.5328,27.778999999999996,175,75
2026-05-11 17:55:44.558,3,-0.7,-0.94,0.69,-72.9734,-282.01279999999997,37.229,175,75
2026-05-11 17:55:44.581,3,-1.31,-0.78,-0.64,-61.563399999999994,-131.0328,-25.031000000000002,175,75
2026-05-11 17:55:44.616,3,-0.23,-0.38,0.39,40.5066,77.25720000000001,-29.971,175,75
2026-05-11 17:55:44.616,3,-0.22,-0.5,0.62,22.026600000000002,23.3572,-11.621,175,75
2026-05-11 17:55:44.640,3,-0.61,-0.71,-0.27,17.576600000000003,-1.7027999999999999,-5.581000000000001,175,75
2026-05-11 17:55:44.698,3,-0.67,-0.35,0.1,59.71660000000001,45.3072,36.129,175,75
2026-05-11 17:55:44.708,3,-0.44,-0.53,0.5,59.1066,61.5272,29.969,175,75
2026-05-11 17:55:44.742,3,-0.84,-0.53,0.21,22.2166,-47.4328,23.569,175,75
2026-05-11 17:55:44.742,3,-0.65,-0.49,0.26,25.9966,12.377200000000002,11.128999999999998,175,75
2026-05-11 17:55:44.754,3,-0.51,-0.59,0.53,30.9966,40.2472,9.788999999999998,175,75
2026-05-11 17:55:44.789,3,-0.91,-1.16,0.45,-25.833399999999997,-10.7928,-20.271,175,75
2026-05-11 17:55:44.802,3,-0.74,-1.17,0.46,-26.3234,17.5672,-51.131,175,75
2026-05-11 17:55:44.834,3,-0.64,-1.62,0.71,-70.0434,-12.8628,-81.861,175,75
2026-05-11 17:55:44.932,3,-0.15,-1.93,-0.39,-95.10340000000001,-88.2328,-87.901,175,75
2026-05-11 17:55:44.932,3,0.13,-1.41,-0.56,-104.6134,-104.02279999999999,-92.291,175,75
2026-05-11 17:55:45.012,3,-1.31,-1.63,1.29,289.2266,25.9172,126.55900000000001,175,75
2026-05-11 17:55:45.012,3,-0.47,-1.98,0.9,165.1366,-64.8728,72.959,175,75
2026-05-11 17:55:45.024,3,-0.13,-0.97,0.36,114.7766,-91.15280000000001,66.559,175,75
2026-05-11 17:55:45.073,3,-0.03,-0.08,0.18,173.3666,-44.812799999999996,91.919,175,75
2026-05-11 17:55:45.073,3,0.02,-0.11,0.23,148.4966,-50.302800000000005,79.179,175,75
2026-05-11 17:55:45.084,3,0.08,-0.0,0.23,130.38660000000002,-52.4328,70.819,175,75
2026-05-11 17:55:45.112,3,0.19,0.27,0.18,99.58659999999999,-68.9028,54.479,175,75
2026-05-11 17:55:45.118,3,0.04,0.19,0.12,87.33659999999999,-58.6528,27.649,175,75
2026-05-11 17:55:45.133,3,-0.02,0.25,0.06,68.3666,-50.3628,11.739,175,75
2026-05-11 17:55:45.160,3,0.04,0.72,0.35,-3.763399999999999,-15.1228,-41.491,175,75
2026-05-11 17:55:45.177,3,-0.14,0.95,0.32,-30.953399999999995,-63.842800000000004,-37.411,175,75
2026-05-11 17:55:45.196,3,-0.26,0.95,-0.36,-78.52340000000001,-41.2828,-47.961,175,75
2026-05-11 17:55:45.211,3,-0.0,0.67,-0.29,-85.9534,51.4672,-49.541000000000004,175,75
2026-05-11 17:55:45.223,3,0.08,0.48,-0.05,-103.6434,62.017199999999995,-44.301,175,75
2026-05-11 17:55:45.291,3,-4.55,1.49,1.71,-196.8734,74.0872,67.899,175,75
2026-05-11 17:55:45.302,3,-14.68,3.5,7.41,344.5266,1313.4772,841.619,175,75
2026-05-11 17:55:45.337,3,2.1,-0.75,-0.76,-315.28340000000003,-325.4228,196.79899999999998,175,75
2026-05-11 17:55:45.352,3,-1.41,-3.03,-0.9,-274.4334,-324.7528,224.72899999999998,175,75
2026-05-11 17:55:45.365,3,-3.39,-2.44,-1.36,-276.4434,-86.5228,91.429,175,75
2026-05-11 17:55:45.395,3,1.35,0.22,0.47,15.566600000000001,77.0172,-5.211,175,75
2026-05-11 17:55:45.417,3,-0.78,-0.43,0.97,-1.143399999999998,-210.1228,28.929000000000002,175,75
2026-05-11 17:55:45.435,3,-1.19,-0.56,0.73,11.906600000000001,-187.0728,35.638999999999996,175,75
2026-05-11 17:55:45.458,3,-0.55,-1.1,0.47,50.506600000000006,-122.56280000000001,83.809,175,75
2026-05-11 17:55:45.484,3,-0.06,-0.25,-0.06,66.5466,-58.0428,60.699,175,75
2026-05-11 17:55:45.562,3,-0.33,0.05,0.41,5.196600000000002,-50.302800000000005,42.409,175,75
2026-05-11 17:55:45.591,3,-0.38,0.24,0.34,-12.2434,-49.5728,38.809,175,75
2026-05-11 17:55:45.617,3,-0.42,0.31,0.47,-35.6534,-26.6428,20.819,175,75
2026-05-11 17:55:45.617,3,-0.44,0.35,0.53,-55.593399999999995,-32.6828,14.479,175,75
2026-05-11 17:55:45.673,3,-0.56,0.17,0.52,-92.60340000000001,-31.6428,-4.481000000000001,175,75
2026-05-11 17:55:45.740,3,-0.73,-0.33,0.37,-113.0934,51.157199999999996,-50.941,175,75
2026-05-11 17:55:45.764,3,-0.53,-0.43,0.34,-101.99340000000001,85.97720000000001,-67.65100000000001,175,75
2026-05-11 17:55:45.784,3,-0.41,-0.44,0.37,-92.60340000000001,85.3072,-70.031,175,75
2026-05-11 17:55:45.805,3,-0.33,-0.44,0.37,-87.66340000000001,75.3672,-69.181,175,75
2026-05-11 17:55:45.908,3,-2.16,0.2,1.37,147.57659999999998,130.1872,174.539,175,75
2026-05-11 17:55:45.975,3,-0.19,-3.01,-0.37,237.3366,388.29720000000003,-41.491,175,75
2026-05-11 17:55:45.997,3,-0.24,-1.71,1.92,149.7166,24.4572,140.339,175,75
2026-05-11 17:55:46.017,3,-1.32,-1.05,0.1,-77.4834,-153.9028,13.689,175,75
2026-05-11 17:55:46.055,3,-0.37,-1.88,0.5,-71.4434,-62.4928,-99.661,175,75
2026-05-11 17:55:46.071,3,0.25,-1.58,-0.15,-130.1634,-130.4828,-111.071,175,75
2026-05-11 17:55:46.081,3,-0.06,-0.82,-0.71,-100.8934,-153.4728,-80.761,175,75
2026-05-11 17:55:46.101,3,-0.58,-0.13,-0.5,-32.3634,-117.68280000000001,-61.251,175,75
2026-05-11 17:55:46.116,3,-0.73,-0.37,0.12,80.25659999999999,-140.0028,62.289,175,75
2026-05-11 17:55:46.132,3,-1.53,-0.93,0.58,179.8366,-139.7528,129.17899999999997,175,75
2026-05-11 17:55:46.149,3,-1.83,-0.98,1.17,255.3866,-104.75280000000001,177.839,175,75
2026-05-11 17:55:46.149,3,-1.04,-1.84,1.01,203.8566,-134.6328,156.73899999999998,175,75
2026-05-11 17:55:46.160,3,-0.62,-1.58,0.33,96.1766,-157.3128,120.759,175,75
2026-05-11 17:55:46.171,3,-0.29,-0.73,-0.21,114.58659999999999,-129.1428,105.519,175,75
2026-05-11 17:55:46.176,3,-0.07,-0.3,-0.33,152.0866,-109.4528,109.419,175,75
2026-05-11 17:55:46.221,3,-0.07,-0.22,-0.01,150.6866,-37.0728,113.259,175,75
2026-05-11 17:55:46.237,3,0.05,-0.2,0.09,133.85660000000001,-38.412800000000004,96.619,175,75
2026-05-11 17:55:46.269,3,0.27,0.41,-0.41,67.4566,7.377199999999998,56.309,175,75
2026-05-11 17:55:46.280,3,0.21,0.68,-0.36,49.5266,52.1372,41.129,175,75
2026-05-11 17:55:46.310,3,0.19,1.14,0.29,-44.923399999999994,48.4772,-20.581000000000003,175,75
2026-05-11 17:55:46.321,3,0.25,1.04,0.19,-82.4834,-33.7828,-39.111000000000004,175,75
2026-05-11 17:55:46.356,3,0.28,0.56,-0.46,-183.8234,79.99719999999999,-109.971,175,75
2026-05-11 17:55:46.372,3,0.06,-0.21,0.35,-237.3634,92.0772,-162.651,175,75
2026-05-11 17:55:46.385,3,-1.3,-0.25,0.65,-289.0634,56.647200000000005,-150.52100000000002,175,75
2026-05-11 17:55:46.419,3,-5.08,-5.47,5.87,-38.6434,-1088.4728,-823.511,175,75
2026-05-11 17:55:46.437,3,4.1,1.54,-1.61,-266.5634,-281.09279999999995,119.909,175,75
2026-05-11 17:55:46.450,3,-1.03,-0.91,-1.82,-306.8734,-399.45279999999997,286.799,175,75
2026-05-11 17:55:46.468,3,-2.83,-2.15,-2.55,-292.84340000000003,82.25720000000001,-70.581,175,75
2026-05-11 17:55:46.469,3,-1.69,-1.9,-2.47,-123.39340000000001,233.1072,-239.911,175,75
2026-05-11 17:55:46.497,3,0.46,0.22,1.03,230.1966,296.21720000000005,-112.961,175,75
2026-05-11 17:55:46.519,3,-1.14,-0.22,2.18,119.0466,-36.702799999999996,103.869,175,75
2026-05-11 17:55:46.530,3,-2.06,-1.13,1.18,203.6766,-172.43280000000001,154.17899999999997,175,75
2026-05-11 17:55:46.569,3,-0.24,-0.35,-0.18,211.7266,42.4372,72.899,175,75
2026-05-11 17:55:46.587,3,-0.07,-0.14,0.08,246.6666,54.397200000000005,120.639,175,75
2026-05-11 17:55:46.605,3,-0.16,-0.3,0.39,222.3966,37.5672,144.539,175,75
2026-05-11 17:55:46.673,3,-0.15,-0.37,0.15,144.9566,-30.1828,115.209,175,75
2026-05-11 17:55:46.696,3,-0.26,-0.17,-0.04,112.0266,-7.8628,104.119,175,75
2026-05-11 17:55:46.708,3,-0.28,-0.13,0.04,98.4966,3.9671999999999983,91.739,175,75
2026-05-11 17:55:46.734,3,-0.2,0.21,0.05,15.076600000000003,-58.2328,58.989000000000004,175,75
2026-05-11 17:55:46.746,3,-0.26,0.2,-0.02,-32.053399999999996,-42.192800000000005,27.168999999999997,175,75
2026-05-11 17:55:46.776,3,-0.26,0.12,-0.02,-123.1534,-29.992800000000003,-37.291,175,75
2026-05-11 17:55:46.831,3,-0.52,-0.48,0.03,-192.7834,99.81719999999999,-118.631,175,75
2026-05-11 17:55:46.835,3,-0.59,-0.53,0.03,-186.9334,133.3572,-131.071,175,75
2026-05-11 17:55:46.857,3,-0.46,-0.53,0.16,-140.5334,188.1072,-146.74099999999999,175,75
2026-05-11 17:55:46.875,3,-0.52,-0.41,0.19,-99.0034,228.3572,-131.801,175,75
2026-05-11 17:55:46.886,3,-0.58,-0.22,0.25,-75.2234,218.47719999999998,-124.421,175,75
2026-05-11 17:55:46.889,3,-1.26,0.21,0.59,-63.093399999999995,162.0172,-88.20100000000001,175,75
2026-05-11 17:55:46.905,3,-7.26,2.89,2.73,58.616600000000005,148.9072,304.419,175,75
2026-05-11 17:55:46.934,3,2.75,-8.52,2.24,294.1066,150.4272,-301.49100000000004,175,75
2026-05-11 17:55:46.942,3,0.38,-0.1,-0.96,-482.9134,-808.9028,150.029,175,75
2026-05-11 17:55:46.967,3,-0.64,-2.47,-2.01,38.5566,537.3172000000001,49.119,175,75
2026-05-11 17:55:46.967,3,0.4,-3.13,-0.99,219.5266,157.8672,-50.401,175,75
2026-05-11 17:55:46.997,3,-1.34,-1.21,0.53,210.5066,230.4272,36.309,175,75
2026-05-11 17:55:47.033,3,-0.29,-0.67,1.96,-48.523399999999995,-123.3528,40.089,175,75
2026-05-11 17:55:47.045,3,-1.59,-1.23,0.5,-128.45340000000002,-145.4828,-4.111000000000001,175,75
2026-05-11 17:55:47.064,3,-1.11,-1.13,-0.16,-126.02340000000001,-52.9828,-112.591,175,75
2026-05-11 17:55:47.075,3,-0.52,-1.33,0.04,-88.1534,6.587199999999999,-116.681,175,75
2026-05-11 17:55:47.105,3,-0.45,-1.86,0.59,-79.9234,-45.1828,-107.711,175,75
2026-05-11 17:55:47.130,3,0.05,-1.7,-0.01,-142.42340000000002,-117.1928,-143.32100000000003,175,75
2026-05-11 17:55:47.130,3,0.25,-1.42,-0.46,-147.1134,-136.2128,-128.14100000000002,175,75
2026-05-11 17:55:47.144,3,0.2,-1.17,-0.79,-134.8034,-101.46279999999999,-109.851,175,75
2026-05-11 17:55:47.156,3,0.35,-0.82,-0.4,-106.5034,-47.2528,-119.121,175,75
2026-05-11 17:55:47.160,3,-0.03,-0.21,0.13,-60.28339999999999,-80.7328,-98.751,175,75
2026-05-11 17:55:47.176,3,-0.39,0.17,0.26,13.066600000000001,-141.5828,-28.631,175,75
2026-05-11 17:55:47.203,3,-1.46,-0.44,0.41,195.9366,-82.31280000000001,110.029,175,75
2026-05-11 17:55:47.236,3,-1.15,-1.81,0.88,255.8666,-48.2328,162.16899999999998,175,75
2026-05-11 17:55:47.254,3,-0.56,-1.29,0.28,214.5266,9.937199999999997,109.479,175,75
2026-05-11 17:55:47.264,3,-0.14,-0.83,0.16,234.5866,3.9071999999999996,106.739,175,75
2026-05-11 17:55:47.312,3,-0.47,-0.48,0.13,229.8966,3.4772,129.599,175,75
2026-05-11 17:55:47.349,3,-0.22,-0.11,-0.01,181.3566,15.857199999999999,116.009,175,75
2026-05-11 17:55:47.366,3,-0.24,-0.05,0.0,164.9566,11.7072,93.379,175,75
2026-05-11 17:55:47.370,3,-0.25,0.15,-0.01,136.1166,13.237200000000001,68.199,175,75
2026-05-11 17:55:47.402,3,-0.05,0.6,-0.05,68.1266,6.9572,18.139,175,75
2026-05-11 17:55:47.411,3,0.0,0.8,-0.12,39.9566,-8.352800000000002,0.8789999999999996,175,75
2026-05-11 17:55:47.447,3,-0.06,0.85,-0.24,-34.803399999999996,19.2072,-53.321,175,75
2026-05-11 17:55:47.463,3,0.19,0.44,0.29,-97.9734,-20.5428,-99.721,175,75
2026-05-11 17:55:47.477,3,0.38,0.27,0.32,-141.6334,-83.4128,-124.301,175,75
2026-05-11 17:55:47.482,3,0.35,0.15,0.13,-181.20340000000002,-144.3228,-139.12099999999998,175,75
2026-05-11 17:55:47.492,3,-0.09,0.16,-0.3,-227.8434,-152.5628,-134.541,175,75
2026-05-11 17:55:47.505,3,-0.45,0.15,-0.68,-258.3934,-73.1728,-139.421,175,75
2026-05-11 17:55:47.517,3,-0.54,-0.02,-0.88,-269.1334,39.3272,-151.62099999999998,175,75
2026-05-11 17:55:47.543,3,-4.63,0.32,1.71,-136.9334,348.53720000000004,-21.621000000000002,175,75
2026-05-11 17:55:47.553,3,-11.57,1.86,5.89,293.6166,998.7872,545.149,175,75
2026-05-11 17:55:47.565,3,2.58,-13.68,9.04,860.8666000000001,133.78719999999998,217.099,175,75
2026-05-11 17:55:47.592,3,8.67,1.03,-2.7,-398.1534,393.78720000000004,-546.1909999999999,175,75
2026-05-11 17:55:47.616,3,-0.99,-2.06,-0.65,-441.6934,-686.5828,248.56899999999996,175,75
2026-05-11 17:55:47.634,3,-3.56,-4.18,-2.48,-425.4134,-174.8128,177.779,175,75
2026-05-11 17:55:47.647,3,0.02,-0.23,-0.84,310.8666,340.4272,-318.38100000000003,175,75
2026-05-11 17:55:47.667,3,0.54,1.01,1.17,230.8666,489.1472,91.249,175,75
2026-05-11 17:55:47.679,3,-0.22,0.34,2.38,301.8466,197.25719999999998,307.039,175,75
2026-05-11 17:55:47.735,3,-0.74,-0.46,-0.4,112.75659999999999,-205.30280000000002,165.279,175,75
2026-05-11 17:55:47.769,3,-0.59,-0.74,-0.18,196.1766,-4.082799999999999,117.099,175,75
2026-05-11 17:55:47.769,3,-0.41,-0.65,0.1,173.9766,22.507199999999997,104.29899999999999,175,75
2026-05-11 17:55:47.782,3,-0.24,-0.39,0.33,141.1166,24.757199999999997,99.789,175,75
2026-05-11 17:55:47.784,3,-0.13,-0.16,0.42,115.0766,4.757200000000001,98.319,175,75
2026-05-11 17:55:47.809,3,-0.1,0.18,0.33,71.0566,-60.3628,84.599,175,75
2026-05-11 17:55:47.822,3,-0.15,0.26,0.07,18.0666,-64.3928,50.339,175,75
2026-05-11 17:55:47.849,3,-0.13,0.34,-0.13,-37.3634,-18.2928,-2.6510000000000007,175,75
2026-05-11 17:55:47.861,3,-0.12,0.31,-0.08,-56.50339999999999,29.517200000000003,-28.871000000000002,175,75
2026-05-11 17:55:47.876,3,-0.14,0.18,0.07,-81.2034,49.81719999999999,-61.861000000000004,175,75
2026-05-11 17:55:47.900,3,-0.16,0.0,0.23,-123.0334,56.5872,-104.791,175,75
2026-05-11 17:55:47.925,3,-0.27,-0.22,0.36,-168.6434,44.147200000000005,-137.961,175,75
2026-05-11 17:55:47.936,3,-0.32,-0.33,0.28,-189.92340000000002,44.397200000000005,-149.661,175,75
2026-05-11 17:55:47.961,3,-0.17,-0.52,0.04,-203.9434,69.75720000000001,-160.70100000000002,175,75
2026-05-11 17:55:47.978,3,-0.14,-0.56,0.04,-192.2434,79.3972,-167.77100000000002,175,75
2026-05-11 17:55:47.978,3,-0.17,-0.51,0.01,-182.7234,99.3272,-166.801,175,75
2026-05-11 17:55:48.042,3,-0.51,-0.43,0.55,-71.0834,207.8672,-130.64100000000002,175,75
2026-05-11 17:55:48.075,3,1.67,-6.08,4.08,497.2766,210.7372,-255.76100000000002,175,75
2026-05-11 17:55:48.098,3,-2.34,1.29,-1.09,-487.84340000000003,-686.0928,314.849,175,75
2026-05-11 17:55:48.126,3,-0.65,-2.47,-2.01,130.4466,73.78720000000001,-48.571,175,75
2026-05-11 17:55:48.139,3,-0.55,-2.24,-0.52,300.0766,173.7172,-70.761,175,75
2026-05-11 17:55:48.154,3,-0.58,-0.7,2.04,242.4566,278.41720000000004,44.849,175,75
2026-05-11 17:55:48.207,3,-1.25,-1.23,0.08,-104.9834,-121.21279999999999,-33.021,175,75
2026-05-11 17:55:48.220,3,-1.24,-1.47,-0.08,-72.60340000000001,-18.2328,-91.071,175,75
2026-05-11 17:55:48.279,3,0.21,-1.5,-0.04,-163.2734,-125.18280000000001,-89.241,175,75
2026-05-11 17:55:48.357,3,-1.53,-0.35,0.64,182.1566,-41.0928,67.169,175,75
2026-05-11 17:55:48.411,3,-0.54,-0.92,0.12,143.1866,-140.0628,103.259,175,75
2026-05-11 17:55:48.474,3,-0.3,-0.23,0.01,175.2566,-56.7028,95.819,175,75
2026-05-11 17:55:48.531,3,-0.27,0.2,0.0,73.3066,33.8472,26.738999999999997,175,75
2026-05-11 17:55:48.555,3,-0.27,0.32,0.06,55.016600000000004,37.1972,12.408999999999999,175,75
2026-05-11 17:55:48.673,3,5.38,-12.21,8.28,764.2266000000001,519.6972000000001,-14.361,175,75
2026-05-11 17:55:48.714,3,2.99,2.56,-0.87,-613.5233999999999,-21.4028,-155.461,175,75
2026-05-11 17:55:48.720,3,1.86,1.54,-1.15,-608.4534,-309.51279999999997,56.248999999999995,175,75
2026-05-11 17:55:48.802,3,0.89,-0.04,1.44,46.6666,166.8972,1.2489999999999988,175,75
2026-05-11 17:55:48.813,3,0.12,-0.3,1.62,50.016600000000004,-64.1428,28.869,175,75
2026-05-11 17:55:48.891,3,-0.44,-0.85,1.15,189.5866,25.797199999999997,116.489,175,75
2026-05-11 17:55:48.899,3,-0.43,-0.42,0.84,130.9366,-111.46279999999999,160.519,175,75
2026-05-11 17:55:48.929,3,-0.75,-0.58,0.12,75.6866,-70.8528,105.459,175,75
2026-05-11 17:55:48.953,3,-0.55,-0.3,0.11,62.0266,-42.2528,85.819,175,75
2026-05-11 17:55:48.991,3,-0.48,-0.02,0.13,11.056600000000001,-29.7528,65.029,175,75
2026-05-11 17:55:48.991,3,-0.47,-0.01,0.21,-10.8334,-27.3728,44.789,175,75
2026-05-11 17:55:49.107,3,-0.25,-0.19,0.07,-138.5234,96.28720000000001,-88.871,175,75
2026-05-11 17:55:49.107,3,-0.27,-0.25,0.06,-136.8134,161.28719999999998,-111.861,175,75
2026-05-11 17:55:49.180,3,-0.09,-0.2,0.35,-112.05340000000001,167.0772,-120.881,175,75
2026-05-11 17:55:49.214,3,0.11,-0.25,0.72,-107.24340000000001,93.0472,-118.141,175,75
2026-05-11 17:55:49.272,3,-3.92,1.34,1.53,-84.1934,52.31719999999999,96.309,175,75
2026-05-11 17:55:49.296,3,2.75,-7.32,3.24,33.6766,-192.5628,-354.601,175,75
2026-05-11 17:55:49.324,3,-0.82,-2.23,-2.68,15.7466,175.91719999999998,-44.121,175,75
2026-05-11 17:55:49.324,3,-0.08,-0.67,1.99,291.1766,311.40720000000005,44.239,175,75
2026-05-11 17:55:49.355,3,-1.04,-0.96,1.06,-80.71340000000001,-131.2828,8.318999999999999,175,75
2026-05-11 17:55:49.419,3,-0.32,-2.26,0.47,10.196600000000002,43.597199999999994,-64.661,175,75
2026-05-11 17:55:49.438,3,0.21,-1.82,0.23,-58.2734,-103.2328,-72.831,175,75
2026-05-11 17:55:49.469,3,0.25,-1.15,-0.81,-20.0434,-171.58280000000002,-10.461,175,75
2026-05-11 17:55:49.491,3,-0.92,-0.86,-0.48,145.3866,-100.9128,67.099,175,75
2026-05-11 17:55:49.581,3,-0.03,-0.58,-0.79,159.1066,-83.59280000000001,118.869,175,75
2026-05-11 17:55:49.592,3,0.1,-0.62,-0.58,155.32659999999998,-18.2928,88.989,175,75
2026-05-11 17:55:49.616,3,0.03,-0.24,-0.1,72.0866,51.4672,41.979,175,75
2026-05-11 17:55:49.662,3,0.17,1.05,0.47,-161.0834,11.467199999999998,-148.38100000000003,175,75
2026-05-11 17:55:49.675,3,0.2,1.18,0.55,-189.3734,-11.9528,-168.81099999999998,175,75
2026-05-11 17:55:49.722,3,-0.04,0.82,0.44,-282.9734,-134.8728,-167.411,175,75
2026-05-11 17:55:49.757,3,-0.08,0.42,-0.09,-299.2534,57.4972,-171.801,175,75
2026-05-11 17:55:49.790,3,-1.17,-0.56,0.76,-296.3234,150.6072,-199.721,175,75
2026-05-11 17:55:49.828,3,-7.18,-5.34,9.39,855.1366,1107.8672,906.739,175,75
2026-05-11 17:55:49.873,3,-2.76,3.99,0.59,-816.4434,-854.0828,569.359,175,75
2026-05-11 17:55:49.947,3,2.28,0.78,1.6,31.416600000000003,122.9872,191.79899999999998,175,75
2026-05-11 17:55:50.054,3,-0.92,-1.43,0.09,154.7166,46.287200000000006,112.959,175,75
2026-05-11 17:55:50.074,3,-0.46,-1.05,-0.01,53.8566,25.367199999999997,37.649,175,75
2026-05-11 17:55:50.101,3,-0.52,-0.18,-0.25,-31.203399999999995,-32.6828,22.169,175,75
2026-05-11 17:55:50.123,3,-0.66,-0.32,-0.2,-84.8634,-12.132800000000001,-41.371,175,75
2026-05-11 17:55:50.142,3,-0.36,-0.09,-0.08,-147.42340000000002,0.48719999999999786,-82.221,175,75
2026-05-11 17:55:50.156,3,-0.34,-0.05,0.07,-179.3134,7.807200000000002,-86.921,175,75
2026-05-11 17:55:50.172,3,-0.39,-0.08,0.14,-204.3134,13.237200000000001,-105.641,175,75
2026-05-11 17:55:50.284,3,-0.77,-0.2,0.52,-130.5934,186.7072,-116.191,175,75
2026-05-11 17:55:50.304,3,-0.73,-0.24,0.7,-109.9234,193.2972,-101.011,175,75
2026-05-11 17:55:50.315,3,-0.59,-0.33,0.98,-88.1534,169.0272,-87.771,175,75
2026-05-11 17:55:50.326,3,-0.62,-0.33,1.36,-75.8334,74.5772,-66.861,175,75
2026-05-11 17:55:50.338,3,-4.56,1.78,2.64,95.50659999999999,192.0172,289.479,175,75
2026-05-11 17:55:50.382,3,-1.56,0.29,-0.18,-274.1334,-594.2628,299.11899999999997,175,75
2026-05-11 17:55:50.404,3,-0.75,-1.97,-0.84,314.46659999999997,55.127199999999995,-6.801000000000001,175,75
2026-05-11 17:55:50.416,3,-0.78,-0.49,0.95,376.8466,383.71720000000005,-18.441000000000003,175,75
2026-05-11 17:55:50.460,3,-1.7,-1.26,-0.9,-88.9434,-65.06280000000001,-80.821,175,75
2026-05-11 17:55:50.473,3,-0.68,-1.85,-0.37,9.046600000000002,71.8972,-124.661,175,75
2026-05-11 17:55:50.491,3,-0.31,-1.8,0.36,34.226600000000005,77.62719999999999,-102.291,175,75
2026-05-11 17:55:50.502,3,-0.21,-1.64,0.9,-3.3333999999999993,22.867199999999997,-83.20100000000001,175,75
2026-05-11 17:55:50.522,3,0.05,-2.12,0.44,-85.16340000000001,-101.7028,-80.581,175,75
2026-05-11 17:55:50.536,3,0.25,-1.87,-0.22,-116.20340000000002,-132.2528,-80.031,175,75
2026-05-11 17:55:50.544,3,0.2,-0.8,-0.89,-94.1934,-149.8128,-68.87100000000001,175,75
2026-05-11 17:55:50.589,3,-1.59,-0.78,0.92,226.1166,-81.8928,143.50900000000001,175,75
2026-05-11 17:55:50.626,3,-0.9,-2.13,0.57,106.9066,-170.4828,144.539,175,75
2026-05-11 17:55:50.716,3,0.27,-0.15,-0.26,140.9366,-37.1328,73.929,175,75
2026-05-11 17:55:50.735,3,0.17,0.33,-0.42,101.0566,25.797199999999997,46.309,175,75
2026-05-11 17:55:50.772,3,0.14,0.89,-0.24,51.0566,55.3072,6.129,175,75
2026-05-11 17:55:50.772,3,0.13,1.29,-0.09,8.366600000000002,51.097199999999994,-30.271,175,75
2026-05-11 17:55:50.783,3,0.16,1.56,0.08,-24.743399999999994,15.607199999999999,-46.251,175,75
2026-05-11 17:55:50.841,3,-0.05,0.94,-0.29,-107.7234,91.5272,-96.921,175,75
2026-05-11 17:55:50.874,3,0.31,0.19,0.21,-152.3634,132.9272,-153.02100000000002,175,75
2026-05-11 17:55:50.874,3,0.3,0.02,0.3,-178.9434,117.9272,-182.291,175,75
2026-05-11 17:55:50.885,3,0.2,-0.23,0.25,-227.3034,105.4872,-214.971,175,75
2026-05-11 17:55:50.905,3,-0.25,-0.53,0.23,-297.4234,82.0172,-251.01100000000002,175,75
2026-05-11 17:55:50.915,3,-5.25,1.3,2.2,-181.7534,168.3572,-44.791000000000004,175,75
2026-05-11 17:55:50.929,3,-15.47,2.84,7.21,284.8366,1218.1072,644.789,175,75
2026-05-11 17:55:50.949,3,6.33,-15.85,8.31,432.8266,-172.80280000000002,-105.211,175,75
2026-05-11 17:55:50.970,3,-0.69,0.86,-0.37,-457.9734,-742.2528,400.699,175,75
2026-05-11 17:55:50.986,3,-3.39,-3.63,-1.83,-391.6334,-92.1328,154.11899999999997,175,75
2026-05-11 17:55:51.022,3,-1.62,-4.62,-2.21,-173.2734,205.2472,-90.581,175,75
2026-05-11 17:55:51.031,3,0.93,0.73,-0.16,58.3066,138.7172,-433.87100000000004,175,75
2026-05-11 17:55:51.031,3,0.85,2.29,0.21,-41.6934,152.0772,45.458999999999996,175,75
2026-05-11 17:55:51.064,3,-0.09,-0.66,0.75,154.7766,-59.5728,271.979,175,75
2026-05-11 17:55:51.075,3,-3.55,-0.88,1.22,257.6966,33.2372,128.56900000000002,175,75
2026-05-11 17:55:51.075,3,-1.88,-1.56,1.66,275.5666,84.69720000000001,58.199,175,75
2026-05-11 17:55:51.164,3,-0.31,0.06,0.28,128.0666,-140.0628,198.449,175,75
2026-05-11 17:55:51.176,3,-0.54,-0.32,0.02,176.6066,-109.6928,186.48899999999998,175,75
2026-05-11 17:55:51.176,3,-0.46,-0.62,-0.02,163.79659999999998,-58.0428,143.079,175,75
2026-05-11 17:55:51.176,3,-0.29,-0.52,0.05,142.6966,-25.9128,118.139,175,75
2026-05-11 17:55:51.210,3,-0.2,-0.32,0.15,125.3266,-9.0228,108.689,175,75
2026-05-11 17:55:51.345,3,-0.16,0.45,-0.1,-4.743399999999999,0.8571999999999989,22.839,175,75
2026-05-11 17:55:51.345,3,-0.19,0.52,-0.15,-20.103399999999993,29.697200000000002,-1.6110000000000007,175,75
2026-05-11 17:55:51.357,3,-0.21,0.18,0.17,-58.1534,82.19720000000001,-54.851,175,75
2026-05-11 17:55:51.367,3,-0.27,-0.16,0.36,-108.9434,55.677200000000006,-106.311,175,75
2026-05-11 17:55:51.394,3,-0.33,-0.35,0.04,-163.8834,87.25720000000001,-139.601,175,75
2026-05-11 17:55:51.394,3,-0.21,-0.39,0.04,-146.0234,86.9572,-154.24099999999999,175,75
2026-05-11 17:55:51.417,3,-0.22,-0.29,0.06,-109.6134,139.75719999999998,-144.301,175,75
2026-05-11 17:55:51.434,3,-0.27,-0.42,0.27,-86.2034,157.4372,-142.531,175,75
2026-05-11 17:55:51.448,3,-4.0,1.11,1.2,-30.953399999999995,113.65719999999999,27.839,175,75
2026-05-11 17:55:51.511,3,-2.97,0.33,-1.67,-143.7634,-8.7828,244.72899999999998,175,75
2026-05-11 17:55:51.517,3,-0.1,-2.97,0.35,152.0266,11.407199999999996,-9.791,175,75
2026-05-11 17:55:51.659,3,-1.46,-1.08,0.44,-127.54339999999999,-113.90280000000001,18.319,175,75
2026-05-11 17:55:51.770,3,-2.38,-1.21,2.27,361.8466,-86.6428,232.039,175,75
2026-05-11 17:55:51.781,3,-0.74,-1.72,0.27,152.8866,-157.68280000000001,132.16899999999998,175,75
2026-05-11 17:55:51.817,3,-0.13,-0.44,-0.2,256.9666,-13.8428,177.839,175,75
2026-05-11 17:55:51.828,3,-0.16,-0.52,-0.11,235.2566,-34.9928,144.969,175,75
2026-05-11 17:55:51.877,3,0.28,-0.15,-0.44,167.7566,-48.5328,124.05900000000001,175,75
2026-05-11 17:55:51.950,3,0.8,0.97,-0.93,-57.843399999999995,49.0872,-123.871,175,75
2026-05-11 17:55:51.969,3,0.68,0.97,-0.97,-90.4734,75.8572,-154.601,175,75
2026-05-11 17:55:52.072,3,0.0,0.02,-0.37,-328.5234,-16.7628,-277.651,175,75
2026-05-11 17:55:52.096,3,-1.13,-1.05,0.39,-424.5534,70.18719999999999,-325.701,175,75
2026-05-11 17:55:52.119,3,-3.21,-13.93,9.94,461.0566,-1037.4328,-357.591,175,75
2026-05-11 17:55:52.145,3,-3.15,-3.29,0.41,-220.7734,-232.1928,281.24899999999997,175,75
2026-05-11 17:55:52.145,3,-2.29,-4.31,0.03,-266.4434,358.29720000000003,-44.601,175,75
2026-05-11 17:55:52.212,3,-3.31,-1.07,1.85,367.8266,-112.50280000000001,335.519,175,75
2026-05-11 17:55:52.259,3,0.32,-0.38,0.12,144.5866,-95.24279999999999,186.48899999999998,175,75
2026-05-11 17:55:52.286,3,-0.56,-0.76,0.19,178.6766,-87.3728,306.489,175,75
2026-05-11 17:55:52.349,3,0.29,0.54,-0.51,-7.9133999999999975,-16.4628,54.909,175,75
2026-05-11 17:55:52.367,3,0.24,0.68,-0.55,-18.6434,-1.5228000000000002,27.229,175,75
2026-05-11 17:55:52.380,3,0.18,0.7,-0.48,-31.563399999999994,32.5072,-5.091000000000001,175,75
2026-05-11 17:55:52.392,3,0.25,0.61,-0.28,-52.36339999999999,51.897200000000005,-37.471000000000004,175,75
2026-05-11 17:55:52.404,3,0.28,0.47,-0.13,-73.7034,46.037200000000006,-60.641,175,75
2026-05-11 17:55:52.437,3,0.12,0.15,-0.02,-122.9734,20.4272,-101.741,175,75
2026-05-11 17:55:52.437,3,0.01,0.05,-0.01,-138.3334,22.627200000000002,-113.511,175,75
2026-05-11 17:55:52.491,3,-0.3,-0.43,0.06,-188.5234,48.9672,-185.211,175,75
2026-05-11 17:55:52.576,3,-0.5,-0.78,0.16,-146.8734,141.5272,-202.161,175,75
2026-05-11 17:55:52.612,3,-1.07,-0.64,0.63,-96.63340000000001,149.75719999999998,-171.981,175,75
2026-05-11 17:55:52.710,3,-0.39,-3.74,0.49,255.32659999999998,103.1772,92.099,175,75
2026-05-11 17:55:52.710,3,-1.84,-1.46,1.24,289.9566,146.1572,28.259,175,75
2026-05-11 17:55:52.737,3,-0.66,-1.01,1.93,88.00659999999999,225.5472,-45.821,175,75
2026-05-11 17:55:52.833,3,-0.5,-1.56,0.54,-32.9734,25.7372,-132.77100000000002,175,75
2026-05-11 17:55:52.858,3,-0.05,-1.73,0.15,-125.71340000000001,-133.9028,-104.051,175,75
2026-05-11 17:55:53.190,3,0.31,0.23,-0.3,-138.5234,99.0272,-161.31099999999998,175,75
2026-05-11 17:55:53.224,3,-8.89,2.89,3.98,-107.91340000000001,-29.0228,212.289,175,75
2026-05-11 17:55:53.315,3,1.17,1.24,1.22,147.4566,150.6772,28.198999999999998,175,75
2026-05-11 17:55:53.330,3,-2.26,-0.85,1.24,278.7366,-157.1928,448.139,175,75
2026-05-11 17:55:53.384,3,0.5,-0.84,0.93,254.7166,-3.8428000000000004,72.709,175,75
2026-05-11 17:55:53.483,3,-0.84,-1.09,-0.12,166.8466,-82.80279999999999,151.48899999999998,175,75
2026-05-11 17:55:53.542,3,0.3,0.57,-0.54,-49.553399999999996,11.467199999999998,-44.661,175,75
2026-05-11 17:55:53.574,3,0.16,0.07,-0.02,-130.4134,83.2372,-164.911,175,75
2026-05-11 17:55:53.600,3,-0.11,-0.34,0.09,-190.6534,59.147200000000005,-213.57100000000003,175,75
2026-05-11 17:55:53.611,3,-0.18,-0.38,0.04,-201.8734,65.7972,-228.26100000000002,175,75
2026-05-11 17:55:53.622,3,-0.23,-0.4,0.03,-203.8234,72.37719999999999,-237.161,175,75
2026-05-11 17:55:53.622,3,-0.27,-0.44,0.03,-201.7534,82.0172,-239.851,175,75
2026-05-11 17:55:53.676,3,-0.28,-1.15,0.26,-174.1934,134.2672,-281.071,175,75
2026-05-11 17:55:53.688,3,-0.49,-1.19,0.58,-144.67340000000002,128.41719999999998,-253.26100000000002,175,75
2026-05-11 17:55:53.698,3,-0.62,-0.98,0.66,-144.92340000000002,98.1072,-234.721,175,75
2026-05-11 17:55:53.708,3,-0.86,-0.66,0.61,-150.8934,70.91720000000001,-223.75099999999998,175,75
2026-05-11 17:55:53.734,3,-8.49,2.88,3.23,70.5066,259.6372,346.24899999999997,175,75
2026-05-11 17:55:53.788,3,0.95,-4.23,0.41,-286.6934,-654.7528,-606.011,175,75
2026-05-11 17:55:53.802,3,1.31,3.26,-2.31,-369.7434,-673.1028,-36.010999999999996,175,75
2026-05-11 17:55:53.831,3,-1.6,-2.49,0.9,530.6266,275.73720000000003,-30.701,175,75
2026-05-11 17:55:53.880,3,-1.61,-0.92,-0.15,-104.6134,-129.2628,47.958999999999996,175,75
2026-05-11 17:55:53.896,3,-1.48,-0.67,-0.61,-51.3234,-101.58279999999999,-27.651,175,75
2026-05-11 17:55:53.937,3,-0.44,-0.66,1.11,30.7466,35.2472,-38.081,175,75
2026-05-11 17:55:53.950,3,-0.59,-0.64,0.52,-44.1934,-15.482800000000001,-51.311,175,75
2026-05-11 17:55:54.033,3,-0.47,-0.55,0.17,-32.78339999999999,12.257199999999997,-23.441000000000003,175,75
2026-05-11 17:55:54.064,3,-0.45,-0.52,0.22,-31.993399999999994,15.4272,-21.491,175,75
2026-05-11 17:55:54.134,3,-0.55,-0.77,-0.32,-29.063399999999994,22.077199999999998,-10.581000000000001,175,75
2026-05-11 17:55:54.145,3,-0.43,-0.86,0.06,12.886600000000001,65.4272,-17.711,175,75
2026-05-11 17:55:54.156,3,-0.33,-0.86,0.23,12.216600000000001,56.037200000000006,-13.381,175,75
2026-05-11 17:55:54.187,3,-0.53,-0.84,0.01,10.686600000000002,10.547199999999997,0.5789999999999988,175,75
2026-05-11 17:55:54.197,3,-0.51,-0.78,-0.03,22.516600000000004,13.537199999999999,-2.711000000000001,175,75
2026-05-11 17:55:54.213,3,-0.56,-0.79,0.04,38.2466,9.6372,-4.541,175,75
2026-05-11 17:55:54.275,3,-0.53,-0.78,0.14,42.5766,-14.392800000000001,-15.401,175,75
2026-05-11 17:55:54.286,3,-0.54,-0.78,0.12,43.2466,-10.9128,-18.691000000000003,175,75
2026-05-11 17:55:54.298,3,-0.51,-0.75,0.13,42.7566,-3.7128000000000014,-22.221,175,75
2026-05-11 17:55:54.298,3,-0.48,-0.76,0.19,39.586600000000004,3.9671999999999983,-21.491,175,75
2026-05-11 17:55:54.324,3,-0.46,-0.69,0.34,30.5066,15.187199999999997,-22.771,175,75
2026-05-11 17:55:54.369,3,-0.48,-0.76,0.2,8.976600000000001,-5.242799999999999,-20.941000000000003,175,75
2026-05-11 17:55:54.369,3,-0.46,-0.74,0.21,13.066600000000001,4.327199999999998,-23.201,175,75
2026-05-11 17:55:54.379,3,-0.42,-0.77,0.28,15.326600000000003,5.127199999999998,-23.261000000000003,175,75
2026-05-11 17:55:54.417,3,-0.38,-0.77,0.29,8.976600000000001,-0.12280000000000157,-20.461,175,75
2026-05-11 17:55:54.495,3,-0.41,-0.77,0.18,23.306600000000003,-1.7628000000000021,-20.151000000000003,175,75
2026-05-11 17:55:54.529,3,-0.4,-0.76,0.17,42.696600000000004,-4.2028,-17.101,175,75
2026-05-11 17:55:54.535,3,-0.42,-0.81,0.16,50.446600000000004,-10.6728,-19.361,175,75
2026-05-11 17:55:54.548,3,-0.37,-0.77,0.15,57.946600000000004,-10.732800000000001,-21.131,175,75
2026-05-11 17:55:54.560,3,-0.38,-0.78,0.15,63.3066,-6.3428,-18.751,175,75
2026-05-11 17:55:54.647,3,-0.55,-1.46,0.17,104.6566,-20.4828,-33.141000000000005,175,75
2026-05-11 17:55:54.658,3,-0.37,-1.51,-0.04,100.6266,14.147199999999998,-40.881,175,75
2026-05-11 17:55:54.671,3,-0.29,-1.29,0.07,100.44659999999999,41.157199999999996,-33.571,175,75
2026-05-11 17:55:54.692,3,-0.09,-0.96,0.36,124.5266,69.81719999999999,-32.711,175,75
2026-05-11 17:55:54.732,3,-0.16,-1.18,0.23,137.3366,-29.7528,2.648999999999999,175,75
2026-05-11 17:55:54.732,3,-0.27,-1.3,0.09,141.0566,-29.692800000000002,1.3689999999999998,175,75
2026-05-11 17:55:54.789,3,-0.28,-1.35,-0.02,146.6066,-26.7028,-8.261000000000001,175,75
2026-05-11 17:55:54.817,3,-0.61,-0.77,0.1,136.66660000000002,14.0272,7.348999999999998,175,75
2026-05-11 17:55:54.829,3,-0.61,-0.81,0.09,133.2466,41.8272,9.419,175,75
2026-05-11 17:55:54.852,3,-0.38,-0.69,0.83,96.4166,112.8672,-27.831,175,75
