Time,ID,Ax,Ay,Az,Gx,Gy,Gz,Height,Weight
2026-05-09 15:09:01.141,3,-3.87,1.6,2.62,-191.319,134.3666,-81.09179999999999,175,75
2026-05-09 15:09:01.153,3,-3.78,1.61,3.04,-127.969,128.8166,-35.0018,175,75
2026-05-09 15:09:01.164,3,-2.41,0.88,4.16,58.861,166.13660000000002,-168.5918,175,75
2026-05-09 15:09:01.164,3,-3.17,2.63,5.35,74.90100000000001,241.7466,-60.30180000000001,175,75
2026-05-09 15:09:01.175,3,-3.28,3.25,6.14,64.231,-1.973399999999998,134.8782,175,75
2026-05-09 15:09:01.192,3,-1.36,0.92,4.73,111.971,-209.65339999999998,161.03820000000002,175,75
2026-05-09 15:09:01.204,3,1.95,-0.45,0.74,84.041,-224.3534,20.0582,175,75
2026-05-09 15:09:01.215,3,-0.63,0.9,-0.53,-43.519,-172.09339999999997,213.3582,175,75
2026-05-09 15:09:01.226,3,-1.86,-0.08,-0.47,-19.069,-65.1434,160.9182,175,75
2026-05-09 15:09:01.240,3,-0.56,-0.79,1.13,101.30099999999999,206.62660000000002,-7.5618,175,75
2026-05-09 15:09:01.252,3,0.4,-0.28,2.99,102.64099999999999,119.36659999999999,44.6382,175,75
2026-05-09 15:09:01.273,3,-0.71,0.11,1.49,38.371,-70.3234,85.4882,175,75
2026-05-09 15:09:01.288,3,-0.74,0.19,1.2,33.311,-49.903400000000005,72.0082,175,75
2026-05-09 15:09:01.298,3,-0.58,0.22,1.27,28.861,-37.403400000000005,63.968199999999996,175,75
2026-05-09 15:09:01.320,3,-0.82,0.08,1.33,23.561,-69.2334,47.868199999999995,175,75
2026-05-09 15:09:01.366,3,-0.35,-0.68,1.32,34.900999999999996,-85.6934,32.9882,175,75
2026-05-09 15:09:01.377,3,-0.19,-0.77,1.32,44.651,-83.6834,33.5982,175,75
2026-05-09 15:09:01.407,3,0.24,-1.08,1.07,69.84100000000001,-77.1534,48.7782,175,75
2026-05-09 15:09:01.416,3,0.48,-1.26,0.98,80.321,-78.5634,65.9182,175,75
2026-05-09 15:09:01.438,3,0.71,-1.74,0.35,90.261,-123.56340000000002,111.82820000000001,175,75
2026-05-09 15:09:01.455,3,0.11,-1.19,0.64,124.90100000000001,-57.82340000000001,131.0382,175,75
2026-05-09 15:09:01.470,3,-0.07,-1.12,0.89,144.651,-40.383399999999995,147.31820000000002,175,75
2026-05-09 15:09:01.493,3,-0.17,-0.52,0.2,190.02100000000002,-13.563399999999998,85.4282,175,75
2026-05-09 15:09:01.506,3,-0.68,0.21,1.15,208.681,63.5766,91.5882,175,75
2026-05-09 15:09:01.510,3,-0.64,0.01,1.51,175.201,44.0666,114.1482,175,75
2026-05-09 15:09:01.546,3,-0.17,0.8,0.25,107.52099999999999,120.8366,17.498199999999997,175,75
2026-05-09 15:09:01.558,3,0.94,-0.44,0.16,31.301,20.896600000000003,4.9382,175,75
2026-05-09 15:09:01.575,3,0.21,0.07,-0.82,-52.849,33.6366,-56.83180000000001,175,75
2026-05-09 15:09:01.587,3,0.37,-0.03,-0.11,-70.88900000000001,114.1266,-103.9618,175,75
2026-05-09 15:09:01.613,3,0.11,0.03,0.6,-143.69899999999998,35.89660000000001,-133.2318,175,75
2026-05-09 15:09:01.635,3,-0.23,0.37,0.97,-195.88899999999998,28.8166,-205.3018,175,75
2026-05-09 15:09:01.657,3,-0.54,0.22,0.72,-260.09900000000005,47.8466,-240.49179999999998,175,75
2026-05-09 15:09:01.693,3,-1.09,-0.14,1.31,-300.219,153.69660000000002,-271.70180000000005,175,75
2026-05-09 15:09:01.704,3,-2.24,-0.01,2.39,-283.819,248.75660000000002,-249.0218,175,75
2026-05-09 15:09:01.715,3,-2.03,-0.27,3.16,-210.219,213.2066,-236.46179999999998,175,75
2026-05-09 15:09:01.772,3,-2.17,1.67,3.26,-141.809,-130.6934,-12.191799999999999,175,75
2026-05-09 15:09:01.772,3,-2.61,1.76,3.55,-68.209,-117.15339999999999,26.5882,175,75
2026-05-09 15:09:01.793,3,-3.66,2.48,3.62,-20.219,-132.7034,112.6182,175,75
2026-05-09 15:09:01.798,3,-3.91,2.32,3.97,46.481,-99.96340000000001,170.1882,175,75
2026-05-09 15:09:01.810,3,-1.16,0.0,3.31,201.30100000000002,-52.763400000000004,79.2082,175,75
2026-05-09 15:09:01.827,3,-0.28,-1.52,-0.69,-57.599,-220.6934,258.3582,175,75
2026-05-09 15:09:01.844,3,-2.31,-1.47,0.55,189.961,202.1766,89.8782,175,75
2026-05-09 15:09:01.854,3,-1.29,-0.68,1.8,310.811,293.02660000000003,-137.6218,175,75
2026-05-09 15:09:01.867,3,1.75,1.5,2.28,141.851,187.2966,40.0582,175,75
2026-05-09 15:09:01.871,3,0.31,0.89,2.4,77.031,13.756600000000002,150.9182,175,75
2026-05-09 15:09:01.917,3,-1.19,0.07,1.14,14.231,-108.2534,67.8082,175,75
2026-05-09 15:09:01.927,3,-0.79,-0.11,1.06,25.141,-51.183400000000006,32.6182,175,75
2026-05-09 15:09:01.958,3,-0.79,-0.85,1.1,28.071,-60.263400000000004,21.0982,175,75
2026-05-09 15:09:01.963,3,-0.56,-1.41,1.05,31.001,-34.5334,12.8082,175,75
2026-05-09 15:09:01.978,3,-0.37,-1.58,0.98,42.461,-34.653400000000005,5.7982,175,75
2026-05-09 15:09:01.998,3,0.2,-1.52,0.61,53.681,-45.2034,22.9282,175,75
2026-05-09 15:09:02.006,3,0.53,-1.49,0.51,60.691,-35.513400000000004,35.1182,175,75
2026-05-09 15:09:02.029,3,1.05,-1.52,0.4,51.611,-30.573399999999996,76.5282,175,75
2026-05-09 15:09:02.040,3,1.07,-1.14,0.49,49.901,-51.9734,77.6182,175,75
2026-05-09 15:09:02.052,3,0.32,-0.39,0.78,64.041,-21.063399999999998,106.82820000000001,175,75
2026-05-09 15:09:02.067,3,-0.49,0.28,1.1,108.92099999999999,-20.0834,98.2282,175,75
2026-05-09 15:09:02.078,3,-0.94,0.92,0.88,106.30099999999999,8.0866,69.9382,175,75
2026-05-09 15:09:02.100,3,1.26,1.58,0.21,13.741,58.6366,-36.3418,175,75
2026-05-09 15:09:02.125,3,1.58,2.63,0.12,-117.179,-11.673399999999997,-100.4918,175,75
2026-05-09 15:09:02.138,3,1.42,2.85,-0.69,-178.269,-82.7634,-111.4618,175,75
2026-05-09 15:09:02.144,3,0.42,1.49,-0.44,-234.129,16.256600000000002,-116.34179999999999,175,75
2026-05-09 15:09:02.164,3,0.58,0.64,0.68,-260.09900000000005,-17.643399999999996,-189.3918,175,75
2026-05-09 15:09:02.164,3,0.6,0.38,0.82,-282.53900000000004,-34.5334,-182.3118,175,75
2026-05-09 15:09:02.184,3,-0.59,-0.06,1.57,-283.389,-33.2534,-137.3118,175,75
2026-05-09 15:09:02.184,3,-1.78,-0.36,2.86,-238.879,-34.5334,-114.5118,175,75
2026-05-09 15:09:02.215,3,-1.57,0.3,3.8,-106.37899999999999,-76.3634,-157.3118,175,75
2026-05-09 15:09:02.227,3,-7.48,4.52,5.03,-4.9190000000000005,-55.6934,287.9282,175,75
2026-05-09 15:09:02.237,3,-2.33,0.36,4.07,254.591,243.2066,152.6182,175,75
2026-05-09 15:09:02.250,3,2.8,-3.16,2.3,325.20099999999996,55.586600000000004,-125.67179999999999,175,75
2026-05-09 15:09:02.260,3,3.83,-0.88,-0.77,-71.13900000000001,-431.79339999999996,185.9182,175,75
2026-05-09 15:09:02.299,3,0.2,-0.95,1.53,212.401,354.4866,-60.6718,175,75
2026-05-09 15:09:02.311,3,0.18,-0.42,4.48,122.58099999999999,57.9066,122.8082,175,75
2026-05-09 15:09:02.322,3,-0.32,0.22,2.87,101.42099999999999,-81.7334,117.43820000000001,175,75
2026-05-09 15:09:02.355,3,-1.33,0.76,1.25,58.501,-57.0334,121.2782,175,75
2026-05-09 15:09:02.367,3,-1.32,1.04,0.96,61.421,6.316600000000001,60.9182,175,75
2026-05-09 15:09:02.378,3,-0.17,1.03,0.92,45.751,-20.323399999999996,52.078199999999995,175,75
2026-05-09 15:09:02.389,3,-0.73,0.7,0.88,10.690999999999999,-72.0934,98.5982,175,75
2026-05-09 15:09:02.389,3,-0.88,-0.12,1.35,38.131,6.566600000000001,34.4482,175,75
2026-05-09 15:09:02.412,3,-0.54,0.04,1.4,34.721000000000004,-14.173399999999997,31.038199999999996,175,75
2026-05-09 15:09:02.426,3,-0.64,0.09,1.55,31.421,1.0166000000000004,29.938200000000002,175,75
2026-05-09 15:09:02.435,3,-0.34,0.09,1.66,18.680999999999997,-31.9734,23.2282,175,75
2026-05-09 15:09:02.447,3,-0.5,0.25,1.62,9.781,-49.96340000000001,31.7682,175,75
2026-05-09 15:09:02.469,3,-0.8,0.2,1.64,-13.029,-72.3434,7.1982,175,75
2026-05-09 15:09:02.491,3,-0.82,0.13,1.49,-26.689,-84.10340000000001,2.9281999999999995,175,75
2026-05-09 15:09:02.491,3,-0.78,-0.01,1.53,-31.198999999999998,-81.9134,-2.8618000000000006,175,75
2026-05-09 15:09:02.505,3,-0.89,-0.15,1.38,-31.869,-87.9534,-4.511800000000001,175,75
2026-05-09 15:09:02.528,3,-1.04,-0.87,1.27,-25.349,-77.21340000000001,-26.9518,175,75
2026-05-09 15:09:02.540,3,-0.91,-0.96,1.31,-26.689,-100.99340000000001,-23.6618,175,75
2026-05-09 15:09:02.551,3,-0.73,-0.99,1.22,-26.439,-120.0834,-21.641800000000003,175,75
2026-05-09 15:09:02.562,3,-0.55,-1.04,1.08,-30.829,-138.86339999999998,-16.5818,175,75
2026-05-09 15:09:02.587,3,0.15,-0.92,0.61,-38.999,-178.68339999999998,14.2682,175,75
2026-05-09 15:09:02.599,3,0.15,-0.72,0.32,-40.099,-168.0134,27.9882,175,75
2026-05-09 15:09:02.620,3,0.03,-0.5,0.33,-41.319,-160.2634,26.038199999999996,175,75
2026-05-09 15:09:02.620,3,-0.42,0.24,0.41,-34.549,-119.2334,39.5082,175,75
2026-05-09 15:09:02.668,3,-0.69,1.09,0.83,20.451,-40.383399999999995,57.258199999999995,175,75
2026-05-09 15:09:02.696,3,-0.29,0.94,0.99,3.431,-17.823399999999996,77.13820000000001,175,75
2026-05-09 15:09:02.707,3,1.18,0.4,0.76,-29.429000000000002,-65.5734,45.188199999999995,175,75
2026-05-09 15:09:02.719,3,0.86,0.83,0.36,-59.068999999999996,-37.7034,29.0282,175,75
2026-05-09 15:09:02.719,3,0.21,0.83,0.21,-73.269,19.5466,29.758200000000002,175,75
2026-05-09 15:09:02.740,3,0.56,0.65,0.23,-86.25899999999999,28.876600000000003,-22.501800000000003,175,75
2026-05-09 15:09:02.751,3,0.69,0.73,0.06,-111.689,58.6366,-17.681800000000003,175,75
2026-05-09 15:09:02.762,3,0.39,0.75,-0.14,-99.249,95.0966,-21.7718,175,75
2026-05-09 15:09:02.774,3,0.03,0.69,0.02,-86.869,163.69660000000002,-36.0918,175,75
2026-05-09 15:09:02.780,3,-0.06,0.73,0.56,-73.63900000000001,223.0266,-48.2318,175,75
2026-05-09 15:09:02.813,3,-0.35,1.23,2.34,-67.59899999999999,81.5666,-44.2718,175,75
2026-05-09 15:09:02.825,3,-2.99,2.74,4.06,-75.649,111.0166,0.9781999999999993,175,75
2026-05-09 15:09:02.825,3,-5.56,4.05,4.81,-15.709,120.4666,176.5882,175,75
2026-05-09 15:09:02.837,3,-9.65,6.79,7.63,211.67100000000002,176.0166,364.5082,175,75
2026-05-09 15:09:02.858,3,6.52,-6.12,5.82,254.291,-257.2734,-141.0318,175,75
2026-05-09 15:09:02.870,3,2.64,0.58,1.72,-169.489,-788.8034,358.90819999999997,175,75
2026-05-09 15:09:02.870,3,-3.64,1.35,1.37,-150.159,-370.6934,287.7482,175,75
2026-05-09 15:09:02.884,3,-0.13,-0.95,-1.03,80.631,59.3066,-81.4018,175,75
2026-05-09 15:09:02.907,3,0.36,-1.06,2.28,86.42099999999999,102.2366,47.618199999999995,175,75
2026-05-09 15:09:02.919,3,-1.05,-1.02,1.64,56.971,24.126600000000003,26.2782,175,75
2026-05-09 15:09:02.930,3,-0.84,-0.98,1.48,79.96100000000001,98.0866,12.1382,175,75
2026-05-09 15:09:02.934,3,-0.4,-1.13,2.12,65.39099999999999,55.706599999999995,28.0482,175,75
2026-05-09 15:09:02.954,3,-0.22,-1.22,2.04,46.671,-69.0434,45.5482,175,75
2026-05-09 15:09:02.965,3,-0.41,-1.16,1.37,44.351,-121.06340000000002,61.468199999999996,175,75
2026-05-09 15:09:02.972,3,-0.28,-1.26,0.84,66.851,-130.2034,68.4782,175,75
2026-05-09 15:09:02.986,3,-0.38,-1.44,0.38,103.80099999999999,-121.7934,85.9182,175,75
2026-05-09 15:09:02.986,3,-0.41,-1.54,0.07,141.241,-95.1434,86.82820000000001,175,75
2026-05-09 15:09:03.019,3,-0.03,-1.84,0.19,208.86100000000002,-38.013400000000004,105.9782,175,75
2026-05-09 15:09:03.037,3,1.38,-2.58,0.36,248.251,-38.013400000000004,119.8782,175,75
2026-05-09 15:09:03.048,3,1.1,-1.91,0.49,264.231,1.1966000000000019,115.0582,175,75
2026-05-09 15:09:03.060,3,-1.08,-0.56,1.23,287.34099999999995,138.7566,226.8282,175,75
2026-05-09 15:09:03.085,3,-1.68,-2.16,0.49,258.561,58.5166,152.9282,175,75
2026-05-09 15:09:03.107,3,1.15,-0.51,0.82,168.371,140.1566,-18.8418,175,75
2026-05-09 15:09:03.117,3,-0.56,1.23,2.23,171.001,253.63660000000002,139.3882,175,75
2026-05-09 15:09:03.129,3,-0.4,-0.28,2.56,130.261,124.9166,192.1982,175,75
2026-05-09 15:09:03.151,3,-0.27,-0.36,0.61,-29.679000000000002,-123.19340000000001,12.8082,175,75
2026-05-09 15:09:03.163,3,-0.23,0.14,0.21,-61.928999999999995,1.6266000000000016,-9.0818,175,75
2026-05-09 15:09:03.173,3,-0.09,0.26,0.77,-91.809,48.9366,-31.5218,175,75
2026-05-09 15:09:03.184,3,-0.26,0.45,1.18,-133.939,29.006600000000002,-61.521800000000006,175,75
2026-05-09 15:09:03.195,3,-0.45,0.56,1.15,-157.599,48.8166,-80.9718,175,75
2026-05-09 15:09:03.203,3,-0.4,0.48,1.29,-179.85899999999998,71.1366,-115.61179999999999,175,75
2026-05-09 15:09:03.217,3,-0.05,0.35,1.38,-224.129,62.726600000000005,-154.8118,175,75
2026-05-09 15:09:03.228,3,-0.02,0.48,1.34,-270.40900000000005,54.5466,-180.4218,175,75
2026-05-09 15:09:03.241,3,-0.21,0.45,1.46,-301.569,43.5166,-206.1618,175,75
2026-05-09 15:09:03.252,3,-0.2,0.45,1.6,-324.129,20.4666,-226.8318,175,75
2026-05-09 15:09:03.278,3,-0.42,0.58,1.84,-369.97900000000004,-12.8234,-231.77179999999998,175,75
2026-05-09 15:09:03.287,3,-0.52,0.7,1.99,-385.40900000000005,-26.9734,-233.9018,175,75
2026-05-09 15:09:03.298,3,-0.57,0.74,2.14,-402.29900000000004,-42.883399999999995,-228.5318,175,75
2026-05-09 15:09:03.309,3,-0.69,0.62,2.34,-427.41900000000004,-71.1234,-223.7818,175,75
2026-05-09 15:09:03.321,3,-0.88,0.51,2.5,-436.319,-103.3734,-220.3018,175,75
2026-05-09 15:09:03.330,3,-1.26,0.46,2.54,-426.499,-119.47340000000001,-210.4218,175,75
2026-05-09 15:09:03.345,3,-1.54,0.5,2.54,-401.499,-98.8634,-214.6918,175,75
2026-05-09 15:09:03.377,3,-1.56,0.94,3.95,-256.569,-69.4734,-159.6318,175,75
2026-05-09 15:09:03.405,3,-1.53,1.29,2.9,-173.879,-96.9734,-51.1618,175,75
2026-05-09 15:09:03.405,3,-1.9,1.59,2.75,-115.09899999999999,-48.5634,-37.0718,175,75
2026-05-09 15:09:03.419,3,-1.79,1.68,3.41,-25.529,5.036600000000002,-40.671800000000005,175,75
2026-05-09 15:09:03.428,3,-1.29,1.85,3.69,-5.709,-65.1434,15.9782,175,75
2026-05-09 15:09:03.460,3,-2.69,1.54,3.1,50.511,-141.7934,142.7482,175,75
2026-05-09 15:09:03.478,3,-0.37,-5.95,3.09,200.631,123.6366,212.6182,175,75
2026-05-09 15:09:03.491,3,-0.1,-1.29,2.36,264.111,-80.7534,-53.8418,175,75
2026-05-09 15:09:03.491,3,1.75,1.57,-0.36,211.851,-14.4134,-0.6718000000000011,175,75
2026-05-09 15:09:03.502,3,-1.33,1.87,1.03,202.461,66.2566,302.7482,175,75
2026-05-09 15:09:03.514,3,-1.75,0.53,1.85,167.031,162.1766,115.54820000000001,175,75
2026-05-09 15:09:03.537,3,-0.36,0.5,2.76,172.761,103.9366,41.648199999999996,175,75
2026-05-09 15:09:03.561,3,-1.07,-0.02,1.84,34.471000000000004,-176.24339999999998,146.7682,175,75
2026-05-09 15:09:03.584,3,-0.93,0.01,0.74,60.691,-99.5934,99.1482,175,75
2026-05-09 15:09:03.584,3,-1.09,-0.04,1.03,71.42099999999999,-51.9734,87.68820000000001,175,75
2026-05-09 15:09:03.605,3,-0.87,-0.13,1.32,82.221,-40.873400000000004,56.9482,175,75
2026-05-09 15:09:03.628,3,-0.66,-0.44,1.59,77.09100000000001,-54.2334,52.258199999999995,175,75
2026-05-09 15:09:03.639,3,-0.58,-0.57,1.39,83.251,-55.873400000000004,44.148199999999996,175,75
2026-05-09 15:09:03.639,3,-0.53,-0.75,1.23,94.471,-35.0834,44.4482,175,75
2026-05-09 15:09:03.650,3,-0.47,-1.1,1.3,104.231,-15.383399999999998,49.758199999999995,175,75
2026-05-09 15:09:03.665,3,-0.01,-1.31,1.15,112.52099999999999,-39.653400000000005,48.1082,175,75
2026-05-09 15:09:03.677,3,0.21,-1.39,0.92,110.571,-52.6434,71.40820000000001,175,75
2026-05-09 15:09:03.689,3,0.24,-1.56,0.79,111.061,-45.873400000000004,92.43820000000001,175,75
2026-05-09 15:09:03.700,3,0.53,-1.6,0.77,121.001,-42.9534,89.99820000000001,175,75
2026-05-09 15:09:03.709,3,0.86,-1.51,0.89,127.40100000000001,-46.18339999999999,104.6982,175,75
2026-05-09 15:09:03.728,3,0.01,-0.7,1.46,151.851,-33.743399999999994,135.5482,175,75
2026-05-09 15:09:03.739,3,0.05,-0.69,1.54,171.971,-31.423399999999997,139.0882,175,75
2026-05-09 15:09:03.749,3,0.33,-0.69,1.17,153.92100000000002,-65.4534,117.8082,175,75
2026-05-09 15:09:03.771,3,-0.86,0.13,1.29,129.841,-27.463399999999996,116.9482,175,75
2026-05-09 15:09:03.812,3,-0.05,-0.48,0.25,68.311,-70.4534,-11.161800000000001,175,75
2026-05-09 15:09:03.821,3,-0.85,0.55,0.38,89.65100000000001,151.4366,20.6682,175,75
2026-05-09 15:09:03.837,3,0.37,-0.49,1.09,64.291,101.5666,19.818199999999997,175,75
2026-05-09 15:09:03.847,3,-0.07,-0.13,0.47,5.691,-11.183399999999999,-43.351800000000004,175,75
2026-05-09 15:09:03.868,3,-0.54,0.43,0.79,-33.089,174.6766,-75.67179999999999,175,75
2026-05-09 15:09:03.881,3,-0.41,0.51,1.32,-70.709,110.5866,-101.64179999999999,175,75
2026-05-09 15:09:03.886,3,-0.41,0.75,1.37,-105.589,47.0466,-110.06179999999999,175,75
2026-05-09 15:09:03.897,3,-0.42,0.81,1.34,-129.85899999999998,14.306600000000001,-117.6218,175,75
2026-05-09 15:09:03.924,3,-0.21,0.77,1.49,-220.959,-102.4034,-167.1318,175,75
2026-05-09 15:09:03.944,3,-0.38,0.73,1.44,-252.299,-128.9234,-163.1718,175,75
2026-05-09 15:09:03.954,3,-0.58,0.64,1.47,-271.199,-140.5134,-167.8618,175,75
2026-05-09 15:09:03.967,3,-0.69,0.67,1.49,-296.689,-166.6034,-179.8818,175,75
2026-05-09 15:09:03.983,3,-0.83,0.74,1.43,-334.73900000000003,-146.36339999999998,-176.2818,175,75
2026-05-09 15:09:04.004,3,-0.91,0.45,1.29,-341.869,-74.4734,-167.99179999999998,175,75
2026-05-09 15:09:04.019,3,-0.92,0.2,1.57,-331.019,-10.5734,-169.8118,175,75
2026-05-09 15:09:04.029,3,-0.95,0.12,1.89,-319.369,21.076600000000003,-172.6218,175,75
2026-05-09 15:09:04.045,3,-1.04,0.06,2.34,-296.199,37.4166,-168.0518,175,75
2026-05-09 15:09:04.045,3,-1.17,0.02,2.67,-275.219,32.8466,-164.3318,175,75
2026-05-09 15:09:04.070,3,-1.34,0.6,2.87,-225.88899999999998,-45.8134,-122.4418,175,75
2026-05-09 15:09:04.091,3,-1.19,0.89,2.48,-193.32899999999998,-57.523399999999995,-96.34179999999999,175,75
2026-05-09 15:09:04.112,3,-0.89,1.01,2.18,-102.969,-51.4834,-36.461800000000004,175,75
2026-05-09 15:09:04.124,3,-0.77,1.14,2.25,-62.178999999999995,-27.0934,-16.1618,175,75
2026-05-09 15:09:04.134,3,-0.55,1.15,2.3,-25.409,-24.8434,11.2782,175,75
2026-05-09 15:09:04.145,3,-0.37,1.12,2.05,5.691,-27.5834,27.1982,175,75
2026-05-09 15:09:04.158,3,-0.3,1.07,1.77,36.361000000000004,5.836600000000001,36.5282,175,75
2026-05-09 15:09:04.173,3,-0.74,1.16,1.54,46.301,26.9266,59.4482,175,75
2026-05-09 15:09:04.174,3,-1.39,1.09,1.37,77.031,10.526600000000002,120.3682,175,75
2026-05-09 15:09:04.198,3,1.16,-3.38,0.14,66.67099999999999,-97.4034,-28.5918,175,75
2026-05-09 15:09:04.225,3,-2.83,1.75,2.98,353.741,226.7466,123.96820000000001,175,75
2026-05-09 15:09:04.249,3,2.04,0.42,2.92,233.251,165.4666,-1.9518000000000004,175,75
2026-05-09 15:09:04.265,3,-1.71,0.31,2.31,114.411,5.406600000000001,201.1582,175,75
2026-05-09 15:09:04.284,3,0.23,0.62,2.22,76.061,-32.403400000000005,134.8182,175,75
2026-05-09 15:09:04.309,3,-0.91,0.36,1.24,32.641,-113.62339999999999,160.4882,175,75
2026-05-09 15:09:04.309,3,-1.16,0.27,0.95,46.421,-57.273399999999995,130.66819999999998,175,75
2026-05-09 15:09:04.332,3,-0.73,0.05,1.18,64.531,1.686600000000002,81.21820000000001,175,75
2026-05-09 15:09:04.332,3,-0.55,0.13,1.45,61.301,-35.0834,93.2282,175,75
2026-05-09 15:09:04.354,3,-0.77,-0.26,1.39,59.111,-35.993399999999994,86.9482,175,75
2026-05-09 15:09:04.368,3,-0.47,-0.66,1.52,54.351,-55.933400000000006,100.85820000000001,175,75
2026-05-09 15:09:04.380,3,-0.63,-1.19,1.3,43.071,-89.1634,137.8082,175,75
2026-05-09 15:09:04.391,3,-0.94,-1.96,1.3,65.081,-68.0734,143.5982,175,75
2026-05-09 15:09:04.391,3,-0.39,-2.52,1.26,81.42099999999999,-62.6434,145.6682,175,75
2026-05-09 15:09:04.407,3,0.01,-2.37,1.3,90.201,-66.7334,166.1582,175,75
2026-05-09 15:09:04.423,3,0.56,-2.65,1.41,52.031,-134.4134,205.2482,175,75
2026-05-09 15:09:04.435,3,0.82,-2.49,1.11,24.111,-193.74339999999998,188.6582,175,75
2026-05-09 15:09:04.471,3,-1.75,1.25,2.11,34.781,-46.9734,197.9882,175,75
2026-05-09 15:09:04.480,3,-1.47,0.79,1.51,-3.149000000000001,-179.84339999999997,180.1182,175,75
2026-05-09 15:09:04.494,3,-0.11,-0.03,-0.23,-42.969,-213.37339999999998,84.2082,175,75
2026-05-09 15:09:04.507,3,1.36,-0.56,-1.18,-99.309,-109.4734,72.1382,175,75
2026-05-09 15:09:04.522,3,0.47,-0.43,0.03,-167.41899999999998,18.576600000000003,14.6382,175,75
2026-05-09 15:09:04.535,3,0.33,-0.24,0.32,-226.319,-32.153400000000005,-16.8318,175,75
2026-05-09 15:09:04.546,3,0.16,-0.17,0.48,-246.07899999999998,1.9266000000000023,-35.3018,175,75
2026-05-09 15:09:04.579,3,0.65,-0.08,1.37,-294.73900000000003,-38.5634,-105.61179999999999,175,75
2026-05-09 15:09:04.584,3,0.53,0.19,1.43,-313.089,-61.663399999999996,-110.3018,175,75
2026-05-09 15:09:04.598,3,0.4,0.14,1.39,-336.079,-80.6934,-126.58179999999999,175,75
2026-05-09 15:09:04.609,3,0.31,0.21,1.27,-344.129,-77.7634,-147.99179999999998,175,75
2026-05-09 15:09:04.630,3,0.36,0.26,1.31,-346.92900000000003,-60.023399999999995,-160.0618,175,75
2026-05-09 15:09:04.630,3,0.24,0.31,1.41,-354.129,-43.133399999999995,-161.6418,175,75
2026-05-09 15:09:04.643,3,0.01,0.26,1.66,-353.209,-34.4734,-166.46179999999998,175,75
2026-05-09 15:09:04.656,3,-0.1,0.3,1.73,-343.389,-37.403400000000005,-182.1318,175,75
2026-05-09 15:09:04.656,3,-0.27,0.44,1.78,-325.469,-21.853399999999997,-177.68179999999998,175,75
2026-05-09 15:09:04.671,3,-0.61,0.37,2.12,-295.34900000000005,0.896600000000003,-176.2218,175,75
2026-05-09 15:09:04.682,3,-0.93,0.34,2.52,-263.639,5.956600000000002,-177.8018,175,75
2026-05-09 15:09:04.694,3,-1.21,0.57,2.94,-226.07899999999998,4.426600000000002,-176.77179999999998,175,75
2026-05-09 15:09:04.718,3,-1.56,1.42,3.62,-169.679,-20.5134,-141.4018,175,75
2026-05-09 15:09:04.720,3,-1.42,1.88,3.3,-140.709,-74.8434,-62.6818,175,75
2026-05-09 15:09:04.732,3,-1.83,1.83,2.97,-88.269,-55.7534,-28.171800000000005,175,75
2026-05-09 15:09:04.747,3,-2.14,1.43,2.14,-42.599,-67.9534,41.2782,175,75
2026-05-09 15:09:04.765,3,1.65,-3.19,-0.56,56.061,-365.1434,42.258199999999995,175,75
2026-05-09 15:09:04.787,3,0.46,-8.93,-1.24,-28.639000000000003,-316.54339999999996,180.7982,175,75
2026-05-09 15:09:04.787,3,-6.35,2.6,0.5,224.17100000000002,765.7066,185.4282,175,75
2026-05-09 15:09:04.808,3,0.6,0.81,5.01,817.091,581.5666,-243.2918,175,75
2026-05-09 15:09:04.853,3,-1.49,0.29,1.64,255.931,299.6166,-92.50179999999999,175,75
2026-05-09 15:09:04.869,3,1.07,1.42,4.2,123.311,158.3966,47.258199999999995,175,75
2026-05-09 15:09:04.893,3,-1.37,-0.13,1.17,-17.479,-270.9334,155.4282,175,75
2026-05-09 15:09:04.903,3,-1.34,-0.35,-0.11,45.811,-76.7934,68.1082,175,75
2026-05-09 15:09:04.914,3,-0.5,0.06,0.7,80.321,64.3066,16.3382,175,75
2026-05-09 15:09:04.924,3,-0.16,0.39,1.5,70.081,41.3166,53.8382,175,75
2026-05-09 15:09:04.953,3,-0.62,0.25,1.43,36.851,8.936600000000002,33.7182,175,75
2026-05-09 15:09:04.962,3,-0.49,0.27,1.61,24.651,-3.8633999999999986,34.5782,175,75
2026-05-09 15:09:04.973,3,-0.67,0.24,1.56,6.611,-30.573399999999996,38.4182,175,75
2026-05-09 15:09:04.988,3,-0.75,0.17,1.44,-5.218999999999999,-37.82339999999999,28.6582,175,75
2026-05-09 15:09:04.998,3,-0.66,0.14,1.52,-17.299,-36.123400000000004,21.1582,175,75
2026-05-09 15:09:05.012,3,-0.59,-0.02,1.52,-33.639,-59.96340000000001,18.2982,175,75
2026-05-09 15:09:05.033,3,-0.81,-0.27,1.43,-42.109,-60.0834,11.3382,175,75
2026-05-09 15:09:05.047,3,-0.79,-0.63,1.33,-45.279,-85.6934,8.9682,175,75
2026-05-09 15:09:05.059,3,-0.74,-0.97,1.13,-43.579,-99.4134,2.6882,175,75
2026-05-09 15:09:05.073,3,-0.72,-1.12,0.78,-38.389,-115.5134,0.30819999999999936,175,75
2026-05-09 15:09:05.073,3,-0.6,-1.09,0.63,-32.299,-119.90339999999999,-4.081799999999999,175,75
2026-05-09 15:09:05.102,3,-0.3,-0.95,0.7,-30.159,-114.84339999999999,7.808199999999999,175,75
2026-05-09 15:09:05.127,3,0.25,-0.68,0.76,-36.139,-130.2034,9.5082,175,75
2026-05-09 15:09:05.138,3,0.15,-0.28,0.83,-31.139000000000003,-140.02339999999998,24.208199999999998,175,75
2026-05-09 15:09:05.150,3,-0.22,-0.05,0.69,-17.539,-130.3234,46.038199999999996,175,75
2026-05-09 15:09:05.171,3,0.02,0.15,0.15,4.591,-43.743399999999994,47.3182,175,75
2026-05-09 15:09:05.197,3,-0.04,0.51,0.39,14.231,-21.9734,51.4082,175,75
2026-05-09 15:09:05.197,3,-0.69,1.0,0.87,22.761,-2.093399999999999,79.6982,175,75
2026-05-09 15:09:05.208,3,-0.58,0.74,1.11,16.911,7.176600000000002,88.1682,175,75
2026-05-09 15:09:05.224,3,0.13,0.74,1.0,-6.989000000000001,-17.3434,54.0882,175,75
2026-05-09 15:09:05.239,3,0.87,0.73,0.55,-52.239,-37.763400000000004,29.208199999999998,175,75
2026-05-09 15:09:05.249,3,0.87,0.94,0.42,-93.209,-45.8134,-5.7918,175,75
2026-05-09 15:09:05.249,3,0.47,0.98,0.19,-136.379,-39.293400000000005,-4.271800000000001,175,75
2026-05-09 15:09:05.263,3,0.51,0.91,0.04,-165.529,-79.2934,-40.421800000000005,175,75
2026-05-09 15:09:05.273,3,0.46,0.89,0.07,-190.279,-58.9234,-37.0118,175,75
2026-05-09 15:09:05.284,3,0.45,0.7,0.31,-200.959,-50.513400000000004,-36.8918,175,75
2026-05-09 15:09:05.291,3,0.52,0.52,0.43,-208.759,-72.0334,-42.741800000000005,175,75
2026-05-09 15:09:05.317,3,-0.03,0.45,0.5,-208.759,-57.523399999999995,-19.391800000000003,175,75
2026-05-09 15:09:05.333,3,-0.46,0.6,1.29,-207.779,-53.683400000000006,-27.991800000000005,175,75
2026-05-09 15:09:05.343,3,-0.37,1.24,2.55,-212.299,-161.4834,-24.571800000000003,175,75
2026-05-09 15:09:05.354,3,-0.4,1.52,3.45,-201.319,-259.8434,-12.801800000000002,175,75
2026-05-09 15:09:05.365,3,-3.33,3.42,4.88,-157.849,-248.0134,123.35820000000001,175,75
2026-05-09 15:09:05.377,3,-7.54,5.1,5.91,-66.07900000000001,-290.6334,374.1482,175,75
2026-05-09 15:09:05.390,3,-5.92,2.36,7.61,197.761,-163.3134,363.35819999999995,175,75
2026-05-09 15:09:05.406,3,8.09,-4.35,1.75,36.611000000000004,-744.9634,-75.06179999999999,175,75
2026-05-09 15:09:05.406,3,0.16,0.8,-0.22,-136.629,-616.2434,399.9982,175,75
2026-05-09 15:09:05.440,3,-0.03,0.31,0.75,132.281,443.39660000000003,7.0782,175,75
2026-05-09 15:09:05.451,3,0.07,-0.22,1.87,164.471,372.0466,75.4282,175,75
2026-05-09 15:09:05.462,3,-1.88,-1.01,2.36,101.791,189.7966,45.368199999999995,175,75
2026-05-09 15:09:05.477,3,-1.13,-1.46,2.01,73.071,98.3366,26.218200000000003,175,75
2026-05-09 15:09:05.489,3,-1.38,-0.84,2.55,34.900999999999996,41.866600000000005,32.6882,175,75
2026-05-09 15:09:05.499,3,-0.02,-1.0,1.93,25.321,-98.0734,32.8682,175,75
2026-05-09 15:09:05.512,3,0.02,-0.81,1.13,20.261,-153.37339999999998,82.8682,175,75
2026-05-09 15:09:05.512,3,-0.57,-1.26,0.79,43.981,-132.40339999999998,105.1182,175,75
2026-05-09 15:09:05.527,3,-0.51,-1.44,0.38,83.80099999999999,-114.65339999999999,93.2282,175,75
2026-05-09 15:09:05.540,3,-0.39,-1.22,0.12,115.93100000000001,-72.5834,100.9182,175,75
2026-05-09 15:09:05.557,3,0.17,-1.42,1.03,146.61100000000002,-60.873400000000004,137.4382,175,75
2026-05-09 15:09:05.575,3,0.18,-1.64,0.86,131.971,-138.74339999999998,165.3682,175,75
2026-05-09 15:09:05.587,3,0.72,-1.85,1.09,134.171,-142.09339999999997,152.6182,175,75
2026-05-09 15:09:05.598,3,1.35,-1.84,1.32,138.071,-158.86339999999998,134.1482,175,75
2026-05-09 15:09:05.618,3,-0.99,-0.34,1.48,134.961,-137.64339999999999,234.75820000000002,175,75
2026-05-09 15:09:05.639,3,-1.53,-0.81,0.8,121.36099999999999,-149.3534,235.2482,175,75
2026-05-09 15:09:05.662,3,-0.09,-0.36,1.46,169.591,98.5766,97.1982,175,75
2026-05-09 15:09:05.674,3,0.62,-0.46,1.35,104.84100000000001,-38.43339999999999,96.5282,175,75
2026-05-09 15:09:05.685,3,-0.44,0.64,1.39,102.761,25.7066,71.76820000000001,175,75
2026-05-09 15:09:05.711,3,-0.1,-0.24,2.08,35.631,-8.863399999999999,98.4782,175,75
2026-05-09 15:09:05.722,3,-0.31,0.09,1.26,-47.969,-66.6634,58.5982,175,75
2026-05-09 15:09:05.728,3,-0.29,0.42,0.84,-81.07900000000001,-9.653399999999998,43.1082,175,75
2026-05-09 15:09:05.742,3,-0.06,0.47,1.28,-126.019,3.936600000000002,22.9882,175,75
2026-05-09 15:09:05.755,3,-0.06,0.75,1.4,-173.57899999999998,-40.023399999999995,7.9281999999999995,175,75
2026-05-09 15:09:05.779,3,-0.23,0.88,1.35,-206.13899999999998,-31.4834,1.4082,175,75
2026-05-09 15:09:05.779,3,-0.03,0.68,1.38,-238.939,-38.07339999999999,-31.031800000000004,175,75
2026-05-09 15:09:05.797,3,0.19,0.64,1.22,-280.469,-58.1934,-54.3918,175,75
2026-05-09 15:09:05.807,3,0.13,0.68,1.08,-320.03900000000004,-47.0334,-68.4118,175,75
2026-05-09 15:09:05.816,3,0.02,0.62,1.21,-347.719,-26.853399999999997,-86.28179999999999,175,75
2026-05-09 15:09:05.825,3,0.08,0.58,1.45,-368.269,-42.523399999999995,-111.03179999999999,175,75
2026-05-09 15:09:05.832,3,0.15,0.55,1.64,-382.84900000000005,-68.6234,-117.86179999999999,175,75
2026-05-09 15:09:05.839,3,0.02,0.61,1.68,-399.48900000000003,-79.4134,-117.0718,175,75
2026-05-09 15:09:05.863,3,-0.01,0.64,1.61,-401.259,-76.7334,-120.18179999999998,175,75
2026-05-09 15:09:05.863,3,0.11,0.57,1.73,-399.60900000000004,-55.57340000000001,-123.4718,175,75
2026-05-09 15:09:05.874,3,-0.07,0.54,1.94,-394.249,-31.603399999999997,-124.45179999999999,175,75
2026-05-09 15:09:05.883,3,-0.22,0.48,2.06,-370.959,-19.2334,-151.46179999999998,175,75
2026-05-09 15:09:05.894,3,-0.25,0.55,2.08,-347.35900000000004,-6.673399999999997,-167.6218,175,75
2026-05-09 15:09:05.907,3,-0.31,0.56,2.09,-325.709,17.416600000000003,-166.7018,175,75
2026-05-09 15:09:05.918,3,-0.49,0.56,2.21,-300.219,39.6766,-172.0118,175,75
2026-05-09 15:09:05.941,3,-0.96,0.7,2.65,-205.82899999999998,80.4666,-154.5118,175,75
2026-05-09 15:09:05.955,3,-0.88,0.68,2.58,-174.429,78.5166,-147.3118,175,75
2026-05-09 15:09:05.964,3,-0.62,0.7,2.5,-145.529,76.8066,-143.8418,175,75
2026-05-09 15:09:05.981,3,-0.44,0.84,2.64,-117.41900000000001,47.5366,-134.2018,175,75
2026-05-09 15:09:05.981,3,-1.51,1.51,2.82,-113.32900000000001,43.4566,-97.0718,175,75
2026-05-09 15:09:05.994,3,-4.58,2.56,2.64,-142.299,55.096599999999995,47.3182,175,75
2026-05-09 15:09:06.018,3,-4.2,0.3,5.85,372.70099999999996,469.0066,146.8282,175,75
2026-05-09 15:09:06.044,3,3.66,-0.15,1.63,-91.929,-473.3134,287.1982,175,75
2026-05-09 15:09:06.044,3,-2.44,0.92,0.81,-79.309,-384.5934,441.40819999999997,175,75
2026-05-09 15:09:06.066,3,-2.69,-0.31,-0.82,155.931,0.09660000000000224,75.9782,175,75
2026-05-09 15:09:06.066,3,-0.67,0.45,0.37,256.971,302.1766,-58.1718,175,75
2026-05-09 15:09:06.087,3,0.16,0.05,3.26,121.36099999999999,4.736600000000001,146.7682,175,75
2026-05-09 15:09:06.109,3,-1.05,0.02,2.1,68.681,-142.7634,138.1082,175,75
2026-05-09 15:09:06.135,3,-1.08,0.31,1.14,67.64099999999999,-61.0634,63.968199999999996,175,75
2026-05-09 15:09:06.145,3,-0.96,0.2,1.18,66.481,-36.6734,55.6682,175,75
2026-05-09 15:09:06.158,3,-0.82,-0.11,1.42,64.721,-33.743399999999994,45.5482,175,75
2026-05-09 15:09:06.167,3,-0.67,-0.33,1.42,65.201,-51.24340000000001,40.3082,175,75
2026-05-09 15:09:06.196,3,-0.24,-1.02,1.18,96.791,-20.2034,49.2682,175,75
2026-05-09 15:09:06.210,3,-0.03,-1.15,1.15,103.981,-31.853399999999997,74.4482,175,75
2026-05-09 15:09:06.222,3,0.07,-1.41,1.12,105.14099999999999,-43.8634,102.07820000000001,175,75
2026-05-09 15:09:06.247,3,0.45,-1.67,0.94,99.411,-100.6934,136.4682,175,75
2026-05-09 15:09:06.263,3,0.63,-1.5,1.01,102.281,-132.52339999999998,137.8082,175,75
2026-05-09 15:09:06.293,3,-0.51,-0.32,1.7,126.18100000000001,-82.8234,150.4882,175,75
2026-05-09 15:09:06.349,3,-0.63,0.12,1.23,112.281,-36.7334,74.1482,175,75
2026-05-09 15:09:06.350,3,0.24,-0.05,0.74,86.30099999999999,-78.6234,17.438200000000002,175,75
2026-05-09 15:09:06.360,3,-0.0,0.6,0.46,67.09100000000001,4.186600000000002,8.8382,175,75
2026-05-09 15:09:06.381,3,0.07,0.05,0.42,36.120999999999995,67.17660000000001,24.4482,175,75
2026-05-09 15:09:06.391,3,0.03,-0.14,0.48,12.091000000000001,22.9066,-39.5118,175,75
2026-05-09 15:09:06.403,3,-0.24,0.36,0.19,-12.908999999999999,52.3566,-72.7418,175,75
2026-05-09 15:09:06.403,3,-0.26,0.6,0.44,-32.479,128.4566,-78.9018,175,75
2026-05-09 15:09:06.417,3,-0.24,0.63,0.89,-58.148999999999994,122.2966,-103.53179999999999,175,75
2026-05-09 15:09:06.428,3,-0.39,0.81,1.1,-82.84899999999999,102.6566,-124.5718,175,75
2026-05-09 15:09:06.441,3,-0.35,0.74,1.31,-100.709,82.5966,-145.3018,175,75
2026-05-09 15:09:06.459,3,-0.35,0.66,1.32,-121.25899999999999,51.376599999999996,-164.9418,175,75
2026-05-09 15:09:06.470,3,-0.32,0.6,1.23,-139.249,25.2266,-176.9518,175,75
2026-05-09 15:09:06.508,3,-0.46,0.31,1.16,-223.69899999999998,-48.373400000000004,-209.3318,175,75
2026-05-09 15:09:06.519,3,-0.49,0.27,1.24,-235.82899999999998,-40.2034,-208.0518,175,75
2026-05-09 15:09:06.531,3,-0.53,0.2,1.32,-250.09900000000002,-49.2334,-206.3418,175,75
2026-05-09 15:09:06.568,3,-0.73,-0.06,1.51,-273.209,-16.543400000000002,-202.1318,175,75
2026-05-09 15:09:06.579,3,-0.79,-0.22,1.53,-275.889,-4.653399999999998,-198.9018,175,75
2026-05-09 15:09:06.591,3,-0.74,-0.27,1.57,-271.499,10.096600000000002,-202.1918,175,75
2026-05-09 15:09:06.606,3,-0.8,-0.25,2.0,-247.969,29.006600000000002,-172.4418,175,75
2026-05-09 15:09:06.637,3,-1.14,0.25,2.62,-213.089,-34.413399999999996,-136.0918,175,75
2026-05-09 15:09:06.651,3,-1.25,0.51,2.68,-190.529,-58.2534,-106.4618,175,75
2026-05-09 15:09:06.667,3,-1.16,0.78,2.39,-128.879,-62.3434,-41.0918,175,75
2026-05-09 15:09:06.678,3,-1.01,0.77,2.3,-81.13900000000001,-48.07340000000001,-18.961800000000004,175,75
2026-05-09 15:09:06.690,3,-0.84,0.87,2.31,-28.149,-13.563399999999998,5.2482,175,75
2026-05-09 15:09:06.699,3,-0.7,0.93,2.45,30.081,20.0366,29.388199999999998,175,75
2026-05-09 15:09:06.713,3,-0.51,0.91,2.39,71.971,37.8466,39.8182,175,75
2026-05-09 15:09:06.724,3,-0.31,0.57,1.88,97.40100000000001,41.8066,52.078199999999995,175,75
2026-05-09 15:09:06.724,3,-1.07,1.09,2.01,140.811,115.8366,52.078199999999995,175,75
2026-05-09 15:09:06.748,3,-0.21,0.3,0.7,116.001,-5.3233999999999995,92.8682,175,75
2026-05-09 15:09:06.760,3,0.53,-0.87,-2.18,-31.569000000000003,-237.27339999999998,145.5482,175,75
2026-05-09 15:09:06.760,3,-1.33,-1.45,-1.7,-33.029,-57.153400000000005,109.1482,175,75
2026-05-09 15:09:06.793,3,-1.21,0.01,5.22,396.541,247.41660000000002,93.10820000000001,175,75
2026-05-09 15:09:06.808,3,2.58,0.6,2.54,150.261,-190.2034,-4.021800000000001,175,75
2026-05-09 15:09:06.818,3,-0.26,1.26,0.98,51.241,-118.4934,276.21819999999997,175,75
2026-05-09 15:09:06.829,3,-1.18,0.17,0.95,75.87100000000001,-53.13340000000001,207.6182,175,75
2026-05-09 15:09:06.840,3,-1.07,0.14,1.18,141.36100000000002,29.486600000000003,52.618199999999995,175,75
2026-05-09 15:09:06.868,3,-0.96,0.38,1.67,64.351,-48.13340000000001,108.7782,175,75
2026-05-09 15:09:06.874,3,-0.83,0.12,1.42,64.781,7.176600000000002,71.3382,175,75
2026-05-09 15:09:06.904,3,-0.59,-0.05,1.57,50.081,-47.5834,65.6682,175,75
2026-05-09 15:09:06.904,3,-0.96,0.04,1.37,50.141,-45.7534,53.718199999999996,175,75
2026-05-09 15:09:06.920,3,-0.95,-0.06,1.29,49.471,-21.9734,35.4282,175,75
2026-05-09 15:09:06.953,3,-0.67,-0.21,1.57,33.071,-22.033399999999997,-2.3118,175,75
2026-05-09 15:09:06.966,3,-0.62,-1.01,1.33,33.071,-10.3234,-21.461800000000004,175,75
2026-05-09 15:09:06.979,3,-0.4,-1.59,1.05,31.301,-26.363399999999995,-14.391800000000002,175,75
2026-05-09 15:09:07.002,3,-0.19,-1.93,0.78,46.061,-24.8434,-8.1118,175,75
2026-05-09 15:09:07.012,3,0.07,-1.94,0.73,54.961,-10.7534,1.5282,175,75
2026-05-09 15:09:07.028,3,0.62,-2.07,0.27,55.321,-62.763400000000004,56.5882,175,75
2026-05-09 15:09:07.041,3,0.82,-2.03,-0.12,53.431,-99.71340000000001,65.54820000000001,175,75
2026-05-09 15:09:07.041,3,0.34,-1.22,-0.05,48.561,-67.5834,89.63820000000001,175,75
2026-05-09 15:09:07.062,3,0.01,-0.74,0.48,59.041,-44.8434,107.6182,175,75
2026-05-09 15:09:07.072,3,0.13,0.02,0.86,89.351,-60.32340000000001,81.2782,175,75
2026-05-09 15:09:07.085,3,-0.87,1.34,0.9,79.781,-54.71340000000001,82.9882,175,75
2026-05-09 15:09:07.099,3,-0.16,1.35,0.43,25.261,-26.3034,43.968199999999996,175,75
2026-05-09 15:09:07.110,3,1.61,1.37,-0.18,-48.459,-26.853399999999997,-12.0118,175,75
2026-05-09 15:09:07.121,3,0.71,1.77,0.2,-137.779,-42.153400000000005,-2.8018,175,75
2026-05-09 15:09:07.133,3,1.12,1.78,-0.84,-234.489,-71.9134,-75.73179999999999,175,75
2026-05-09 15:09:07.154,3,0.7,1.12,-0.35,-278.579,-2.5233999999999988,-70.2418,175,75
2026-05-09 15:09:07.164,3,0.29,0.7,0.4,-302.59900000000005,-3.563399999999998,-110.2418,175,75
2026-05-09 15:09:07.190,3,-0.4,0.18,1.05,-325.529,-27.5834,-102.7418,175,75
2026-05-09 15:09:07.201,3,-1.06,-0.17,1.97,-301.98900000000003,-0.9333999999999989,-102.92179999999999,175,75
2026-05-09 15:09:07.246,3,-0.74,1.75,2.45,-220.469,-215.4534,5.4282,175,75
2026-05-09 15:09:07.259,3,-6.92,3.92,4.53,-70.769,-76.5434,345.60819999999995,175,75
2026-05-09 15:09:07.289,3,-1.2,-1.93,4.95,392.221,226.6866,-30.181800000000003,175,75
2026-05-09 15:09:07.310,3,4.2,-0.27,0.45,6.611,-216.8534,172.6182,175,75
2026-05-09 15:09:07.321,3,-2.17,-2.04,-0.73,138.131,231.8066,84.99820000000001,175,75
2026-05-09 15:09:07.332,3,-0.73,-3.56,0.27,221.911,160.09660000000002,-120.12180000000001,175,75
2026-05-09 15:09:07.343,3,0.85,-0.52,3.34,267.82099999999997,381.6866,-77.25179999999999,175,75
2026-05-09 15:09:07.363,3,-0.18,0.6,3.26,71.911,-145.6934,149.3282,175,75
2026-05-09 15:09:07.374,3,-0.87,0.72,0.46,-6.808999999999999,-210.02339999999998,129.5782,175,75
2026-05-09 15:09:07.389,3,-1.81,0.82,0.44,62.091,46.0166,93.4782,175,75
2026-05-09 15:09:07.389,3,-0.5,0.26,1.7,70.811,107.4766,6.9482,175,75
2026-05-09 15:09:07.411,3,0.4,0.43,1.7,23.131,-73.9834,59.938199999999995,175,75
2026-05-09 15:09:07.422,3,-0.8,0.56,0.82,0.8109999999999999,-150.99339999999998,108.5382,175,75
2026-05-09 15:09:07.431,3,-1.63,0.44,0.46,2.3409999999999997,-16.7334,62.438199999999995,175,75
2026-05-09 15:09:07.431,3,-0.59,-0.07,1.15,30.811,83.3366,-0.061799999999999855,175,75
2026-05-09 15:09:07.449,3,0.2,-0.12,1.88,21.361,21.9266,13.0482,175,75
2026-05-09 15:09:07.460,3,-0.33,0.04,1.59,4.351,-60.0834,62.618199999999995,175,75
2026-05-09 15:09:07.472,3,-0.98,0.19,1.17,2.701,-55.57340000000001,51.038199999999996,175,75
2026-05-09 15:09:07.483,3,-0.71,0.29,1.05,12.401,-0.6333999999999982,15.2482,175,75
2026-05-09 15:09:07.509,3,-0.77,0.19,1.21,1.4210000000000003,-16.7334,18.7182,175,75
2026-05-09 15:09:07.529,3,-0.61,0.3,1.28,-3.3290000000000006,-1.4833999999999996,-0.24179999999999957,175,75
2026-05-09 15:09:07.543,3,-0.58,0.18,1.31,-11.379000000000001,-32.82339999999999,-1.091800000000001,175,75
2026-05-09 15:09:07.565,3,-0.61,0.06,1.2,-11.259,-46.9734,-5.181800000000001,175,75
2026-05-09 15:09:07.577,3,-0.82,0.19,1.31,-9.919,-63.683400000000006,-17.3818,175,75
2026-05-09 15:09:07.593,3,-0.64,0.17,1.48,-27.418999999999997,-90.2634,-31.2218,175,75
2026-05-09 15:09:07.616,3,-0.77,-0.39,1.41,-41.569,-83.4334,-37.921800000000005,175,75
2026-05-09 15:09:07.632,3,-0.63,-0.66,1.3,-42.719,-103.3734,-42.4418,175,75
2026-05-09 15:09:07.643,3,-0.74,-0.75,1.11,-38.029,-98.5634,-35.7918,175,75
2026-05-09 15:09:07.670,3,-0.23,-0.89,1.14,-37.779,-126.2434,-31.5818,175,75
2026-05-09 15:09:07.670,3,-0.24,-1.01,0.99,-43.699,-150.8134,-11.641800000000002,175,75
2026-05-09 15:09:07.684,3,-0.04,-0.94,0.77,-40.649,-148.9234,-21.2218,175,75
2026-05-09 15:09:07.709,3,0.35,-0.24,0.78,-34.739,-113.7434,-5.7318,175,75
2026-05-09 15:09:07.741,3,0.16,0.51,0.95,-9.429,-53.1934,-2.8018,175,75
2026-05-09 15:09:07.798,3,-0.63,1.1,1.16,48.981,101.1966,-0.42180000000000106,175,75
2026-05-09 15:09:07.848,3,0.62,0.96,0.7,-67.35900000000001,21.506600000000002,-55.4218,175,75
2026-05-09 15:09:07.859,3,0.75,0.73,0.39,-99.679,-36.543400000000005,-67.6218,175,75
2026-05-09 15:09:07.871,3,0.63,0.77,0.81,-122.969,-52.6434,-64.39179999999999,175,75
2026-05-09 15:09:07.880,3,-0.86,1.79,2.48,-125.529,-26.9734,-28.111800000000002,175,75
2026-05-09 15:09:07.987,3,-1.6,-0.77,-0.23,30.391,78.3966,46.468199999999996,175,75
2026-05-09 15:09:07.987,3,-1.49,-0.7,0.7,50.751,171.0766,11.7682,175,75
2026-05-09 15:09:08.007,3,0.04,-0.88,2.48,21.851,-6.673399999999997,17.6182,175,75
2026-05-09 15:09:08.043,3,-0.22,-0.61,1.09,22.581,-79.8434,66.8882,175,75
2026-05-09 15:09:08.065,3,-0.47,-0.49,0.81,49.041,-35.1434,72.1382,175,75
2026-05-09 15:09:08.077,3,-0.17,-0.68,1.12,69.041,-39.5934,85.7282,175,75
2026-05-09 15:09:08.088,3,-0.28,-0.65,1.0,77.09100000000001,-56.913399999999996,104.5082,175,75
2026-05-09 15:09:08.101,3,-0.09,-0.77,1.0,87.52099999999999,-60.023399999999995,110.9782,175,75
2026-05-09 15:09:08.135,3,0.43,-1.11,1.28,92.09100000000001,-143.86339999999998,148.6582,175,75
2026-05-09 15:09:08.155,3,0.58,-1.34,1.3,82.58099999999999,-193.43339999999998,153.1682,175,75
2026-05-09 15:09:08.199,3,-1.02,-0.09,1.39,169.17100000000002,-8.0734,125.6682,175,75
2026-05-09 15:09:08.203,3,-1.0,-0.05,1.48,184.961,5.956600000000002,89.0282,175,75
2026-05-09 15:09:08.252,3,-0.16,0.23,0.61,100.631,-5.5733999999999995,43.5982,175,75
2026-05-09 15:09:08.262,3,-0.14,0.71,0.76,89.90100000000001,55.226600000000005,24.388199999999998,175,75
2026-05-09 15:09:08.301,3,-0.48,0.42,1.0,-3.269,-34.293400000000005,15.1182,175,75
2026-05-09 15:09:08.311,3,-0.4,0.67,0.52,-25.959000000000003,10.956600000000002,-4.8118,175,75
2026-05-09 15:09:08.344,3,-0.14,0.79,1.13,-136.07899999999998,9.6766,-74.5118,175,75
2026-05-09 15:09:08.435,3,-0.4,0.4,1.38,-265.279,-31.423399999999997,-172.3118,175,75
2026-05-09 15:09:08.546,3,-2.42,1.34,3.01,-78.939,60.5266,-23.4718,175,75
2026-05-09 15:09:08.557,3,-3.8,2.2,4.0,40.811,112.4166,36.0982,175,75
2026-05-09 15:09:08.568,3,-5.95,3.08,5.37,120.451,135.3466,273.10819999999995,175,75
2026-05-09 15:09:08.639,3,0.43,0.56,2.16,105.261,153.5766,92.5582,175,75
2026-05-09 15:09:08.653,3,-0.92,0.08,2.18,50.571,-50.263400000000004,104.5082,175,75
2026-05-09 15:09:08.668,3,-0.66,0.02,1.64,49.041,-76.9734,85.9182,175,75
2026-05-09 15:09:08.675,3,-0.64,0.28,1.33,21.481,-98.6234,99.93820000000001,175,75
2026-05-09 15:09:08.693,3,-0.96,0.37,1.08,27.151,-85.1434,82.07820000000001,175,75
2026-05-09 15:09:08.730,3,-0.76,0.11,1.15,48.501,-0.32339999999999947,46.038199999999996,175,75
2026-05-09 15:09:08.740,3,-0.57,-0.43,1.36,49.411,-23.073399999999996,33.6582,175,75
2026-05-09 15:09:08.750,3,-0.51,-0.46,1.34,59.721,-12.703399999999998,36.038199999999996,175,75
2026-05-09 15:09:08.784,3,0.11,-0.88,1.4,74.59100000000001,-32.46339999999999,80.3082,175,75
2026-05-09 15:09:08.870,3,-0.74,0.39,1.73,102.221,-40.513400000000004,101.0982,175,75
2026-05-09 15:09:08.880,3,-0.87,0.7,1.62,101.001,-35.2034,103.5982,175,75
2026-05-09 15:09:08.885,3,-0.79,0.78,1.31,102.09100000000001,-40.2034,94.32820000000001,175,75
2026-05-09 15:09:08.930,3,-0.15,0.27,0.78,59.231,-27.7634,43.3582,175,75
2026-05-09 15:09:08.975,3,0.08,0.01,0.59,-24.799,20.7666,-37.8618,175,75
2026-05-09 15:09:08.975,3,-0.03,0.23,0.47,-47.969,34.7966,-56.641799999999996,175,75
2026-05-09 15:09:09.012,3,-0.06,0.4,0.96,-100.34899999999999,31.436600000000002,-89.2718,175,75
2026-05-09 15:09:09.016,3,-0.22,0.53,1.07,-134.249,7.906600000000001,-100.67179999999999,175,75
2026-05-09 15:09:09.029,3,-0.22,0.45,1.17,-152.599,-3.7433999999999976,-115.3018,175,75
2026-05-09 15:09:09.036,3,-0.18,0.36,1.24,-174.249,-21.063399999999998,-126.2218,175,75
2026-05-09 15:09:09.077,3,-0.26,0.14,1.15,-240.769,-69.6534,-142.1318,175,75
2026-05-09 15:09:09.125,3,-0.49,-0.16,1.23,-281.319,-41.0634,-134.2018,175,75
2026-05-09 15:09:09.139,3,-0.54,-0.18,1.39,-280.829,-30.8734,-129.8118,175,75
2026-05-09 15:09:09.365,3,-1.17,1.17,1.39,77.09100000000001,-117.09339999999999,218.4182,175,75
2026-05-09 15:09:09.388,3,0.67,0.09,2.7,40.571,-96.9734,119.6982,175,75
2026-05-09 15:09:09.458,3,-0.62,0.05,1.71,36.731,-40.32339999999999,50.188199999999995,175,75
2026-05-09 15:09:09.469,3,-0.97,0.04,1.35,29.471,-32.153400000000005,26.3382,175,75
2026-05-09 15:09:09.565,3,-0.66,-0.81,1.14,-24.859,-65.9334,-14.6318,175,75
2026-05-09 15:09:09.635,3,0.7,-0.41,0.6,-51.749,-161.6034,67.3182,175,75
2026-05-09 15:09:09.652,3,-0.68,0.84,1.03,-23.029,-137.64339999999999,104.8782,175,75
2026-05-09 15:09:09.740,3,0.9,1.42,0.72,-154.309,-70.7534,-21.3418,175,75
2026-05-09 15:09:09.760,3,0.64,0.57,0.33,-243.209,-134.4734,-47.8618,175,75
2026-05-09 15:09:09.774,3,-0.05,0.39,1.39,-248.32899999999998,-99.2934,-56.2818,175,75
2026-05-09 15:09:09.794,3,-0.25,0.49,3.24,-157.049,-118.37339999999999,-70.1818,175,75
2026-05-09 15:09:09.834,3,5.0,-2.2,1.86,186.61100000000002,-168.3134,-169.6318,175,75
2026-05-09 15:09:09.913,3,-1.66,-0.1,1.79,90.691,123.6366,26.4082,175,75
2026-05-09 15:09:10.042,3,-0.57,0.33,1.55,-21.139,-63.1934,26.828200000000002,175,75
2026-05-09 15:09:10.074,3,-0.76,0.06,1.17,-14.309000000000001,-44.8434,16.4082,175,75
2026-05-09 15:09:10.118,3,-0.69,0.18,1.34,-38.089,-58.1934,-10.7918,175,75
2026-05-09 15:09:10.129,3,-0.84,0.12,1.37,-43.149,-59.96340000000001,-18.171799999999998,175,75
2026-05-09 15:09:10.144,3,-0.88,0.14,1.44,-47.719,-68.9234,-27.561800000000005,175,75
2026-05-09 15:09:10.156,3,-0.82,0.13,1.45,-55.219,-86.60340000000001,-34.631800000000005,175,75
2026-05-09 15:09:10.167,3,-0.7,-0.14,1.25,-69.799,-119.7134,-35.9118,175,75
2026-05-09 15:09:10.210,3,-0.72,-0.65,1.12,-54.679,-91.7934,-46.7018,175,75
2026-05-09 15:09:10.247,3,-0.41,-0.61,1.15,-60.469,-131.12339999999998,-39.3918,175,75
2026-05-09 15:09:10.259,3,-0.2,-0.57,0.78,-63.639,-152.46339999999998,-25.421800000000005,175,75
2026-05-09 15:09:10.259,3,-0.16,-0.44,0.61,-63.579,-138.9834,-14.6318,175,75
2026-05-09 15:09:10.281,3,-0.08,0.17,0.53,-54.799,-120.1434,-4.331799999999999,175,75
2026-05-09 15:09:10.329,3,-0.7,1.02,0.77,-10.649000000000001,-32.5834,16.2182,175,75
2026-05-09 15:09:10.356,3,-0.66,1.19,1.07,2.951,2.116600000000002,30.428199999999997,175,75
2026-05-09 15:09:10.356,3,0.61,0.57,0.56,-55.709,-73.9834,29.4482,175,75
2026-05-09 15:09:10.364,3,0.49,0.87,0.13,-81.929,-30.6934,21.888199999999998,175,75
2026-05-09 15:09:10.374,3,0.1,1.02,0.25,-86.499,35.3466,30.3082,175,75
2026-05-09 15:09:10.483,3,-1.03,1.86,2.94,-78.32900000000001,40.2866,42.8082,175,75
2026-05-09 15:09:10.483,3,-2.25,2.9,4.37,3.741,33.6366,91.3382,175,75
2026-05-09 15:09:10.500,3,-5.2,2.78,6.65,89.781,-79.10340000000001,296.27819999999997,175,75
2026-05-09 15:09:10.523,3,1.86,0.93,0.85,-90.15899999999999,-494.23339999999996,196.7682,175,75
2026-05-09 15:09:10.541,3,1.15,-0.73,0.47,119.471,130.8966,-43.4118,175,75
2026-05-09 15:09:10.551,3,0.29,-0.11,0.55,61.421,204.3066,87.2582,175,75
2026-05-09 15:09:10.551,3,-1.17,-0.36,0.47,52.151,188.5766,85.79820000000001,175,75
2026-05-09 15:09:10.562,3,-2.06,-0.06,0.49,64.961,238.5766,35.4882,175,75
2026-05-09 15:09:10.570,3,-1.66,0.03,1.13,52.031,215.9566,24.818199999999997,175,75
2026-05-09 15:09:10.581,3,-0.88,-0.16,1.7,-4.9190000000000005,9.186600000000002,53.8382,175,75
2026-05-09 15:09:10.603,3,-0.56,-0.28,1.38,-16.989,-83.0734,20.7282,175,75
2026-05-09 15:09:10.613,3,-0.53,-0.84,1.48,-8.209,-50.023399999999995,11.1582,175,75
2026-05-09 15:09:10.640,3,-0.2,-0.32,1.48,1.1209999999999996,-48.8634,15.7982,175,75
2026-05-09 15:09:10.642,3,-0.38,-0.23,1.32,4.111,-44.5934,23.5382,175,75
2026-05-09 15:09:10.698,3,-0.37,-0.46,1.01,26.301,-60.023399999999995,45.9182,175,75
2026-05-09 15:09:10.698,3,-0.19,-0.35,1.06,37.521,-66.3034,52.3182,175,75
2026-05-09 15:09:10.727,3,-0.03,-0.26,1.04,43.681,-81.24340000000001,66.8282,175,75
2026-05-09 15:09:10.743,3,-0.01,-0.26,0.98,50.511,-88.8634,82.8082,175,75
2026-05-09 15:09:10.743,3,0.07,-0.33,0.94,63.131,-82.0334,97.68820000000001,175,75
2026-05-09 15:09:10.754,3,0.14,-0.43,0.99,72.46100000000001,-75.2034,116.7082,175,75
2026-05-09 15:09:10.777,3,0.27,-0.61,1.27,81.67099999999999,-89.4134,147.4982,175,75
2026-05-09 15:09:10.777,3,0.34,-0.63,1.36,78.86099999999999,-100.5134,164.6982,175,75
2026-05-09 15:09:10.801,3,0.2,-0.48,1.51,83.62100000000001,-121.12339999999999,168.0482,175,75
2026-05-09 15:09:10.801,3,-0.31,-0.07,1.51,81.61099999999999,-115.9934,181.2182,175,75
2026-05-09 15:09:10.812,3,-1.1,0.11,1.55,80.87100000000001,-100.0834,187.00820000000002,175,75
2026-05-09 15:09:10.838,3,-0.96,-0.02,1.99,86.24100000000001,-49.413399999999996,147.9882,175,75
2026-05-09 15:09:10.842,3,-0.84,0.0,2.17,80.39099999999999,-62.3434,151.03820000000002,175,75
2026-05-09 15:09:10.876,3,-0.64,-0.05,1.35,46.241,-121.5434,133.2982,175,75
2026-05-09 15:09:10.915,3,-0.5,0.69,0.82,9.651,-0.6933999999999969,82.74820000000001,175,75
2026-05-09 15:09:10.931,3,-0.57,0.66,1.08,-13.759,52.6566,107.2582,175,75
2026-05-09 15:09:10.954,3,-0.16,0.41,0.69,-69.97900000000001,-43.07339999999999,43.538199999999996,175,75
2026-05-09 15:09:10.954,3,-0.05,0.4,0.71,-102.53899999999999,16.9266,26.468200000000003,175,75
2026-05-09 15:09:10.967,3,0.03,0.52,0.97,-140.349,21.3166,-4.2018,175,75
2026-05-09 15:09:10.978,3,0.03,0.7,1.03,-158.69899999999998,13.876600000000002,-17.4418,175,75
2026-05-09 15:09:10.983,3,-0.01,0.69,1.08,-173.519,10.346600000000002,-31.4018,175,75
2026-05-09 15:09:10.995,3,-0.03,0.66,1.12,-196.569,1.8666000000000018,-57.44180000000001,175,75
2026-05-09 15:09:11.006,3,-0.11,0.71,1.26,-234.309,0.22660000000000124,-96.95179999999999,175,75
2026-05-09 15:09:11.027,3,-0.07,0.6,1.32,-255.58899999999997,-38.9834,-123.3518,175,75
2026-05-09 15:09:11.027,3,-0.03,0.53,1.31,-263.999,-52.763400000000004,-131.2818,175,75
2026-05-09 15:09:11.078,3,-0.42,0.44,1.54,-251.629,-9.473399999999998,-142.4418,175,75
2026-05-09 15:09:11.086,3,-0.49,0.42,1.52,-233.459,-1.183399999999999,-148.6618,175,75
2026-05-09 15:09:11.099,3,-0.46,0.58,1.49,-200.769,33.6366,-153.1118,175,75
2026-05-09 15:09:11.113,3,-0.34,0.72,1.65,-176.689,65.6466,-149.2018,175,75
2026-05-09 15:09:11.127,3,-0.16,0.78,1.83,-162.41899999999998,69.42660000000001,-142.8618,175,75
2026-05-09 15:09:11.137,3,-2.49,1.73,2.18,-156.319,103.4566,-65.5518,175,75
2026-05-09 15:09:11.154,3,-5.71,2.94,2.77,-152.10899999999998,171.9266,89.0882,175,75
2026-05-09 15:09:11.165,3,-4.57,1.7,4.86,142.58100000000002,274.1266,34.2682,175,75
2026-05-09 15:09:11.204,3,5.0,-3.07,6.37,211.911,-58.1934,-226.2218,175,75
2026-05-09 15:09:11.214,3,1.34,1.23,1.62,-65.82900000000001,-426.1234,257.0082,175,75
2026-05-09 15:09:11.214,3,-1.83,-0.66,0.34,-122.299,-313.3134,276.09819999999996,175,75
2026-05-09 15:09:11.225,3,-2.1,-1.28,-1.03,25.571,-89.6534,54.148199999999996,175,75
2026-05-09 15:09:11.225,3,-0.82,-0.01,0.38,171.971,261.8666,-31.461800000000004,175,75
2026-05-09 15:09:11.264,3,-0.32,0.33,2.69,50.631,-76.24340000000001,116.76820000000001,175,75
2026-05-09 15:09:11.286,3,-1.06,0.21,1.14,34.900999999999996,-47.3434,69.2082,175,75
2026-05-09 15:09:11.286,3,-0.88,0.31,1.25,32.821,-55.1434,54.0882,175,75
2026-05-09 15:09:11.339,3,-0.95,-0.38,1.19,40.391,-46.7334,32.8682,175,75
2026-05-09 15:09:11.339,3,-0.76,-0.69,1.3,48.131,-35.993399999999994,25.188200000000002,175,75
2026-05-09 15:09:11.350,3,-0.51,-0.71,1.38,59.231,-36.3634,21.0982,175,75
2026-05-09 15:09:11.360,3,-0.41,-0.69,1.39,66.301,-31.673399999999997,28.538199999999996,175,75
2026-05-09 15:09:11.371,3,-0.19,-0.72,1.4,75.261,-28.9834,29.4482,175,75
2026-05-09 15:09:11.371,3,0.19,-0.88,1.32,80.87100000000001,-32.0934,46.5282,175,75
2026-05-09 15:09:11.383,3,0.31,-1.2,1.2,80.511,-39.653400000000005,72.9882,175,75
2026-05-09 15:09:11.428,3,0.69,-1.28,1.08,93.80099999999999,-68.1934,94.38820000000001,175,75
2026-05-09 15:09:11.480,3,-0.92,0.46,1.06,110.571,-2.1533999999999978,67.1382,175,75
2026-05-09 15:09:11.495,3,-0.92,0.6,1.36,123.191,36.0166,80.9782,175,75
2026-05-09 15:09:11.520,3,-0.33,-0.14,0.73,85.39099999999999,-79.9034,42.7482,175,75
2026-05-09 15:09:11.532,3,-0.23,0.16,0.13,69.17099999999999,-21.603399999999997,-14.2718,175,75
2026-05-09 15:09:11.575,3,0.19,-0.18,0.69,14.531,55.03660000000001,-4.8118,175,75
2026-05-09 15:09:11.582,3,-0.5,0.41,0.22,-39.919,84.61659999999999,-55.6718,175,75
2026-05-09 15:09:11.598,3,-0.29,0.52,1.12,-91.439,43.3266,-93.9018,175,75
2026-05-09 15:09:11.623,3,-0.31,0.47,1.17,-129.489,-11.9134,-128.1718,175,75
2026-05-09 15:09:11.637,3,-0.21,0.44,1.25,-185.709,-55.7534,-160.1218,175,75
2026-05-09 15:09:11.674,3,-0.46,0.29,1.15,-226.259,-82.0334,-177.5618,175,75
2026-05-09 15:09:11.706,3,-0.67,0.1,1.14,-257.23900000000003,-36.85339999999999,-187.68179999999998,175,75
2026-05-09 15:09:11.710,3,-0.76,0.03,1.28,-261.259,-2.0333999999999968,-184.6318,175,75
2026-05-09 15:09:11.749,3,-0.83,-0.25,1.8,-250.46899999999997,32.2966,-183.3518,175,75
2026-05-09 15:09:11.749,3,-0.78,-0.29,1.91,-249.369,27.1766,-182.8618,175,75
2026-05-09 15:09:11.763,3,-0.79,-0.23,2.0,-246.259,12.906600000000001,-174.3918,175,75
2026-05-09 15:09:11.799,3,-0.73,0.47,1.96,-224.97899999999998,-83.6834,-128.96179999999998,175,75
2026-05-09 15:09:11.803,3,-0.83,0.61,1.67,-203.029,-58.74340000000001,-88.6618,175,75
2026-05-09 15:09:11.811,3,-0.75,0.51,1.79,-180.469,-42.46339999999999,-76.4018,175,75
2026-05-09 15:09:11.889,3,-0.24,0.68,1.63,-82.65899999999999,20.1566,-29.391800000000003,175,75
2026-05-09 15:09:11.890,3,-0.3,0.76,1.58,-41.139,67.4166,-26.8318,175,75
2026-05-09 15:09:11.916,3,-1.06,1.32,2.11,112.821,199.6766,62.438199999999995,175,75
2026-05-09 15:09:11.931,3,-1.98,1.28,1.7,120.08099999999999,146.19660000000002,153.6582,175,75
2026-05-09 15:09:11.943,3,0.35,-2.85,-0.31,70.631,-190.2034,81.6482,175,75
2026-05-09 15:09:11.950,3,-5.29,0.2,0.47,104.11099999999999,509.6766,372.9282,175,75
2026-05-09 15:09:11.961,3,-2.45,1.37,3.56,418.801,584.0666,338.47819999999996,175,75
2026-05-09 15:09:11.977,3,-0.59,-1.59,4.66,413.621,-58.9834,-244.1418,175,75
2026-05-09 15:09:11.994,3,0.27,3.03,2.09,133.921,1.076600000000001,230.3082,175,75
2026-05-09 15:09:12.013,3,-1.06,-0.32,1.94,79.90100000000001,-92.3434,112.0082,175,75
2026-05-09 15:09:12.013,3,-0.42,0.55,1.55,123.501,10.7666,60.9182,175,75
2026-05-09 15:09:12.034,3,-1.04,0.25,1.41,39.591,-96.4234,118.5982,175,75
2026-05-09 15:09:12.048,3,-0.54,-0.14,1.48,50.571,75.5266,59.8182,175,75
2026-05-09 15:09:12.054,3,-0.32,-0.27,2.09,37.641,17.416600000000003,70.3082,175,75
2026-05-09 15:09:12.095,3,-0.75,0.06,1.32,-3.5790000000000006,-38.803399999999996,27.258200000000002,175,75
2026-05-09 15:09:12.115,3,-0.73,-0.11,1.41,-13.579,-50.4534,3.7782,175,75
2026-05-09 15:09:12.139,3,-0.71,-0.54,1.06,-13.939,-78.6834,-7.3818,175,75
2026-05-09 15:09:12.152,3,-0.64,-0.94,0.87,-13.209,-71.85340000000001,-7.071800000000001,175,75
2026-05-09 15:09:12.209,3,0.58,-1.62,0.56,5.8709999999999996,-146.9734,56.5282,175,75
2026-05-09 15:09:12.209,3,0.55,-1.22,0.37,3.431,-152.8234,66.40820000000001,175,75
2026-05-09 15:09:12.217,3,0.42,-0.98,0.42,4.651,-140.08339999999998,63.9082,175,75
2026-05-09 15:09:12.243,3,-0.11,-0.33,0.66,15.391,-91.1834,61.468199999999996,175,75
2026-05-09 15:09:12.243,3,-0.27,-0.2,0.74,27.221,-68.74340000000001,76.40820000000001,175,75
2026-05-09 15:09:12.254,3,-0.05,-0.15,0.74,33.131,-56.913399999999996,62.008199999999995,175,75
2026-05-09 15:09:12.264,3,-0.17,0.44,0.75,46.481,-47.46340000000001,46.8882,175,75
2026-05-09 15:09:12.349,3,-0.79,1.4,1.02,42.521,30.9566,39.1482,175,75
2026-05-09 15:09:12.349,3,0.33,1.21,0.74,-0.7690000000000001,16.076600000000003,14.328199999999999,175,75
2026-05-09 15:09:12.369,3,0.79,1.77,-0.11,-140.959,16.076600000000003,-74.75179999999999,175,75
2026-05-09 15:09:12.380,3,0.33,1.3,0.27,-195.409,42.5966,-105.67179999999999,175,75
2026-05-09 15:09:12.391,3,0.3,0.84,0.72,-209.489,16.3766,-127.2518,175,75
2026-05-09 15:09:12.400,3,0.31,0.46,0.7,-223.089,-18.6234,-144.4518,175,75
2026-05-09 15:09:12.419,3,0.32,0.12,0.79,-221.869,5.036600000000002,-119.7518,175,75
2026-05-09 15:09:12.487,3,-0.3,1.28,2.86,-95.15899999999999,-66.24340000000001,-112.0118,175,75
2026-05-09 15:09:12.548,3,-3.64,0.52,-0.32,-27.719,138.2066,260.4282,175,75
2026-05-09 15:09:12.580,3,0.82,-1.62,4.03,180.451,203.2666,-3.4117999999999995,175,75
2026-05-09 15:09:12.580,3,1.37,0.62,2.75,51.001,-104.96340000000001,143.5982,175,75
2026-05-09 15:09:12.592,3,-0.7,0.69,1.49,4.721,-221.7934,226.3382,175,75
2026-05-09 15:09:12.610,3,-2.03,1.32,-0.47,65.87100000000001,22.846600000000002,55.4282,175,75
2026-05-09 15:09:12.635,3,-0.3,0.3,2.06,7.461,-29.2334,35.6682,175,75
2026-05-09 15:09:12.644,3,-0.91,0.22,1.4,-6.439,-67.5834,34.6982,175,75
2026-05-09 15:09:12.644,3,-0.84,-0.08,1.26,6.971,-17.213399999999996,13.598199999999999,175,75
2026-05-09 15:09:12.660,3,-0.14,-0.48,1.39,20.570999999999998,-9.473399999999998,2.1982,175,75
2026-05-09 15:09:12.660,3,-0.26,-0.12,1.36,20.201,-41.243399999999994,29.508200000000002,175,75
2026-05-09 15:09:12.684,3,-0.78,0.34,1.36,13.801,-2.5233999999999988,-10.551800000000002,175,75
2026-05-09 15:09:12.697,3,-0.57,0.32,1.76,-18.519,-80.5134,-10.0618,175,75
2026-05-09 15:09:12.704,3,-0.82,0.2,1.44,-33.639,-97.7634,-12.9918,175,75
2026-05-09 15:09:12.756,3,-0.79,-0.67,1.16,-35.469,-72.46340000000001,-35.851800000000004,175,75
2026-05-09 15:09:12.774,3,-0.66,-0.85,1.23,-31.749000000000002,-56.303399999999996,-46.5218,175,75
2026-05-09 15:09:12.909,3,0.4,-0.6,0.77,-55.589,-141.36339999999998,-15.551800000000002,175,75
2026-05-09 15:09:12.931,3,-0.37,0.8,0.56,48.011,79.0066,1.7081999999999997,175,75
2026-05-09 15:09:12.943,3,-0.34,0.98,1.03,68.86099999999999,115.3466,6.9482,175,75
2026-05-09 15:09:12.957,3,-0.3,0.95,1.48,87.281,109.0666,34.6382,175,75
2026-05-09 15:09:12.969,3,0.46,0.6,0.97,63.981,50.7666,10.3682,175,75
2026-05-09 15:09:12.990,3,0.7,1.04,0.47,-17.359,68.8766,-54.5118,175,75
2026-05-09 15:09:13.002,3,0.72,0.93,0.66,-46.139,73.5766,-69.81179999999999,175,75
2026-05-09 15:09:13.014,3,0.94,0.8,0.21,-105.529,-33.373400000000004,-94.45179999999999,175,75
2026-05-09 15:09:13.033,3,-1.03,1.94,2.53,-140.099,-27.033399999999997,-70.36179999999999,175,75
2026-05-09 15:09:13.050,3,-4.01,1.92,3.73,-108.32900000000001,109.61659999999999,38.2282,175,75
2026-05-09 15:09:13.060,3,-8.56,5.52,6.61,172.821,249.00660000000002,304.9382,175,75
2026-05-09 15:09:13.090,3,4.24,-2.75,-0.32,-30.469,-511.73339999999996,41.468199999999996,175,75
2026-05-09 15:09:13.108,3,-1.21,-0.13,-0.72,85.201,207.72660000000002,-33.781800000000004,175,75
2026-05-09 15:09:13.120,3,-0.02,0.01,1.83,56.301,167.2366,-0.8518000000000008,175,75
2026-05-09 15:09:13.134,3,0.31,-1.0,2.14,15.571,-17.463399999999996,79.0882,175,75
2026-05-09 15:09:13.148,3,-1.25,-1.5,1.68,24.231,-40.263400000000004,63.4182,175,75
2026-05-09 15:09:13.161,3,-0.38,-1.17,1.73,52.221,-3.313399999999998,-0.5518000000000001,175,75
2026-05-09 15:09:13.171,3,0.56,-0.61,1.46,32.150999999999996,-62.0334,39.5782,175,75
2026-05-09 15:09:13.183,3,-0.12,-1.0,1.13,43.621,-46.7334,66.0382,175,75
2026-05-09 15:09:13.187,3,-0.08,-1.11,1.02,73.62100000000001,-10.693399999999997,53.1682,175,75
2026-05-09 15:09:13.198,3,-0.02,-0.96,1.16,91.481,9.006600000000002,71.76820000000001,175,75
2026-05-09 15:09:13.210,3,-0.07,-1.0,1.11,104.96100000000001,-0.7533999999999992,88.5382,175,75
2026-05-09 15:09:13.244,3,0.08,-1.01,1.05,119.471,-38.9834,109.5082,175,75
2026-05-09 15:09:13.244,3,0.09,-0.99,1.04,123.131,-67.3434,119.7582,175,75
2026-05-09 15:09:13.266,3,0.37,-0.98,1.13,121.971,-86.9134,123.4782,175,75
2026-05-09 15:09:13.279,3,0.83,-1.01,1.31,109.59100000000001,-124.2934,123.29820000000001,175,75
2026-05-09 15:09:13.290,3,0.93,-0.92,1.53,105.39099999999999,-156.24339999999998,118.8382,175,75
2026-05-09 15:09:13.301,3,0.37,-0.46,1.41,116.36099999999999,-148.1934,117.6182,175,75
2026-05-09 15:09:13.312,3,-0.55,0.05,1.39,133.431,-78.2534,131.5882,175,75
2026-05-09 15:09:13.319,3,-1.25,0.03,1.42,174.531,-53.5634,137.7482,175,75
2026-05-09 15:09:13.328,3,-1.12,-0.4,1.26,206.731,-32.153400000000005,110.4282,175,75
2026-05-09 15:09:13.343,3,-0.97,-0.45,1.39,213.371,33.5166,65.1182,175,75
2026-05-09 15:09:13.353,3,-0.85,-0.36,1.33,195.201,60.4066,62.3782,175,75
2026-05-09 15:09:13.368,3,-0.49,-0.08,0.89,191.971,31.016600000000004,25.6682,175,75
2026-05-09 15:09:13.390,3,-0.45,0.78,0.45,160.811,138.2666,8.658199999999999,175,75
2026-05-09 15:09:13.414,3,-0.64,0.23,1.34,94.96100000000001,60.586600000000004,20.3082,175,75
2026-05-09 15:09:13.431,3,-0.84,0.52,0.78,75.631,74.2466,-6.6418,175,75
2026-05-09 15:09:13.447,3,-0.23,0.73,1.22,30.811,89.3066,-42.311800000000005,175,75
2026-05-09 15:09:13.458,3,-0.14,1.01,1.28,-3.029,22.236600000000003,-49.0818,175,75
2026-05-09 15:09:13.469,3,-0.31,1.13,1.14,-21.869,4.676600000000002,-47.0718,175,75
2026-05-09 15:09:13.492,3,-0.38,1.06,1.28,-56.569,-16.793400000000002,-87.6818,175,75
2026-05-09 15:09:13.528,3,-0.44,0.8,1.27,-128.089,-76.5434,-121.2818,175,75
2026-05-09 15:09:13.539,3,-0.39,0.77,1.26,-152.539,-94.7734,-137.4418,175,75
2026-05-09 15:09:13.554,3,-0.37,0.74,1.28,-173.759,-107.3434,-140.7918,175,75
2026-05-09 15:09:13.558,3,-0.39,0.7,1.27,-194.60899999999998,-121.85340000000001,-142.8618,175,75
2026-05-09 15:09:13.571,3,-0.46,0.67,1.28,-217.239,-129.65339999999998,-146.8918,175,75
2026-05-09 15:09:13.591,3,-0.38,0.63,1.36,-252.109,-122.7034,-153.2918,175,75
2026-05-09 15:09:13.602,3,-0.43,0.6,1.39,-260.959,-103.5634,-148.9018,175,75
2026-05-09 15:09:13.616,3,-0.49,0.4,1.41,-256.809,-47.273399999999995,-160.0018,175,75
2026-05-09 15:09:13.634,3,-0.45,0.33,1.4,-246.259,-10.083399999999997,-169.6318,175,75
2026-05-09 15:09:13.649,3,-0.44,0.3,1.43,-226.499,37.9066,-174.8818,175,75
2026-05-09 15:09:13.660,3,-0.49,0.34,1.55,-205.82899999999998,80.2866,-178.6618,175,75
2026-05-09 15:09:13.670,3,-0.54,0.48,1.78,-175.039,127.53659999999999,-176.0318,175,75
2026-05-09 15:09:13.670,3,-0.54,0.56,1.96,-154.069,139.4266,-171.6418,175,75
2026-05-09 15:09:13.696,3,-0.47,0.66,2.0,-135.709,131.19660000000002,-164.0818,175,75
2026-05-09 15:09:13.718,3,-2.68,1.99,2.6,-80.15899999999999,169.12660000000002,-72.6818,175,75
2026-05-09 15:09:13.729,3,-3.59,2.18,3.85,17.761,200.9566,32.4982,175,75
2026-05-09 15:09:13.744,3,-3.03,1.94,4.68,184.17100000000002,206.37660000000002,-9.751800000000001,175,75
2026-05-09 15:09:13.754,3,-3.94,1.92,5.28,158.311,78.3266,211.2182,175,75
2026-05-09 15:09:13.768,3,2.07,-2.29,1.97,150.631,-68.5634,-10.2418,175,75
2026-05-09 15:09:13.777,3,1.97,-0.82,0.0,36.001000000000005,-219.96339999999998,63.2982,175,75
2026-05-09 15:09:13.788,3,-1.91,0.32,-0.01,-28.029000000000003,7.536600000000002,194.5782,175,75
2026-05-09 15:09:13.799,3,-1.25,-1.41,0.91,88.131,95.7066,32.6182,175,75
2026-05-09 15:09:13.809,3,0.16,-0.89,1.51,106.24100000000001,60.5266,-4.8818,175,75
2026-05-09 15:09:13.821,3,0.55,-0.45,2.26,104.531,21.076600000000003,108.5982,175,75
2026-05-09 15:09:13.839,3,-0.7,-0.08,1.52,101.30099999999999,21.376600000000003,91.2782,175,75
2026-05-09 15:09:13.869,3,-0.91,-0.16,1.28,76.12100000000001,-19.293400000000002,95.3682,175,75
2026-05-09 15:09:13.880,3,-0.68,-0.07,1.64,81.61099999999999,3.2066000000000017,67.6882,175,75
2026-05-09 15:09:13.890,3,-0.37,-0.07,1.63,77.40100000000001,-18.683399999999995,67.9282,175,75
2026-05-09 15:09:13.902,3,-0.46,-0.34,1.53,70.87100000000001,-27.033399999999997,74.93820000000001,175,75
2026-05-09 15:09:13.919,3,-0.25,-0.71,1.31,74.781,-37.0334,68.4182,175,75
2026-05-09 15:09:13.933,3,-0.17,-0.88,1.15,82.031,-36.6734,77.0082,175,75
2026-05-09 15:09:13.937,3,0.07,-1.12,1.05,96.42099999999999,-25.5134,83.5982,175,75
2026-05-09 15:09:13.954,3,0.13,-1.11,1.3,98.92099999999999,-18.3734,94.5082,175,75
2026-05-09 15:09:13.956,3,0.36,-1.28,1.38,94.96100000000001,-52.5834,96.5882,175,75
2026-05-09 15:09:13.968,3,0.47,-1.29,1.33,91.30099999999999,-82.0334,97.0082,175,75
2026-05-09 15:09:13.979,3,0.46,-1.12,1.19,93.981,-108.3734,90.1182,175,75
2026-05-09 15:09:13.990,3,0.04,-0.57,1.04,101.001,-93.49340000000001,89.63820000000001,175,75
2026-05-09 15:09:13.997,3,-0.65,0.08,1.4,110.571,-9.773399999999999,86.3382,175,75
2026-05-09 15:09:14.019,3,-0.98,0.6,1.51,142.89100000000002,17.7866,64.5782,175,75
2026-05-09 15:09:14.030,3,-0.81,0.81,1.23,138.311,21.5666,58.7782,175,75
2026-05-09 15:09:14.040,3,-0.68,0.58,1.14,124.90100000000001,43.696600000000004,65.3082,175,75
2026-05-09 15:09:14.053,3,-0.42,0.36,1.1,116.851,28.0866,36.8882,175,75
2026-05-09 15:09:14.061,3,0.01,0.21,0.6,83.43100000000001,-9.103399999999997,4.6982,175,75
2026-05-09 15:09:14.072,3,0.1,0.36,0.21,55.511,8.636600000000001,-15.0618,175,75
2026-05-09 15:09:14.083,3,-0.24,0.42,0.13,31.911,72.2366,0.11819999999999986,175,75
2026-05-09 15:09:14.096,3,-0.02,-0.06,0.25,4.411,48.4566,-26.891800000000003,175,75
2026-05-09 15:09:14.106,3,-0.08,-0.0,0.11,-21.989,26.1366,-60.7918,175,75
2026-05-09 15:09:14.106,3,-0.17,0.2,0.06,-42.049,64.1866,-71.1618,175,75
2026-05-09 15:09:14.118,3,-0.12,0.16,0.47,-63.999,91.25659999999999,-82.0118,175,75
2026-05-09 15:09:14.138,3,-0.16,0.28,0.84,-92.299,54.616600000000005,-103.53179999999999,175,75
2026-05-09 15:09:14.149,3,-0.29,0.39,0.88,-109.60900000000001,33.4566,-111.95179999999999,175,75
2026-05-09 15:09:14.159,3,-0.35,0.4,0.92,-129.549,23.936600000000002,-125.9718,175,75
2026-05-09 15:09:14.170,3,-0.33,0.35,0.96,-148.269,11.986600000000003,-145.3618,175,75
2026-05-09 15:09:14.180,3,-0.25,0.25,0.99,-175.82899999999998,-2.4033999999999978,-157.5618,175,75
2026-05-09 15:09:14.212,3,-0.42,0.2,1.06,-231.749,-18.743399999999998,-179.6918,175,75
2026-05-09 15:09:14.235,3,-0.59,-0.05,1.09,-263.089,-11.9134,-173.1718,175,75
2026-05-09 15:09:14.246,3,-0.62,-0.16,1.16,-267.65900000000005,-0.5133999999999972,-175.1218,175,75
2026-05-09 15:09:14.268,3,-0.75,-0.2,1.46,-265.529,25.0366,-162.4418,175,75
2026-05-09 15:09:14.268,3,-0.79,-0.12,1.72,-257.84900000000005,23.2066,-159.3318,175,75
2026-05-09 15:09:14.283,3,-0.81,-0.03,1.92,-249.069,17.4766,-147.68179999999998,175,75
2026-05-09 15:09:14.297,3,-0.79,-0.07,2.17,-241.869,-14.7134,-130.6118,175,75
2026-05-09 15:09:14.306,3,-0.75,-0.02,2.18,-233.32899999999998,-50.513400000000004,-118.7218,175,75
2026-05-09 15:09:14.318,3,-0.66,0.21,2.0,-218.69899999999998,-76.3034,-101.89179999999999,175,75
2026-05-09 15:09:14.330,3,-0.63,0.55,1.92,-190.409,-82.21340000000001,-62.6818,175,75
2026-05-09 15:09:14.349,3,-0.57,0.65,1.95,-162.849,-92.3434,-40.3018,175,75
2026-05-09 15:09:14.359,3,-0.57,0.71,1.88,-131.749,-73.6234,-13.9018,175,75
2026-05-09 15:09:14.370,3,-0.39,0.64,1.89,-95.589,-56.7334,-7.501800000000001,175,75
2026-05-09 15:09:14.381,3,0.04,0.63,1.67,-68.32900000000001,-56.0634,11.2182,175,75
2026-05-09 15:09:14.381,3,0.26,0.6,1.7,-35.529,-3.563399999999998,10.7282,175,75
2026-05-09 15:09:14.394,3,0.08,0.68,2.13,5.451,42.9666,8.2982,175,75
2026-05-09 15:09:14.405,3,-0.11,0.82,2.26,61.911,70.8966,3.3582,175,75
2026-05-09 15:09:14.420,3,-3.36,1.53,1.61,75.691,52.596599999999995,180.2482,175,75
2026-05-09 15:09:14.431,3,-4.36,0.51,0.78,77.46100000000001,59.7966,351.40819999999997,175,75
2026-05-09 15:09:14.442,3,2.41,-9.87,2.36,432.221,194.91660000000002,-90.7918,175,75
2026-05-09 15:09:14.454,3,0.83,2.75,2.1,253.86100000000002,240.5266,43.1082,175,75
2026-05-09 15:09:14.469,3,0.14,2.57,2.79,226.181,107.5966,197.3782,175,75
2026-05-09 15:09:14.480,3,-1.24,0.88,1.94,123.80099999999999,-10.513399999999997,211.7682,175,75
2026-05-09 15:09:14.489,3,-1.45,0.99,1.73,112.58099999999999,55.28660000000001,99.57820000000001,175,75
2026-05-09 15:09:14.502,3,0.34,0.11,2.94,30.391,-116.97340000000001,137.5582,175,75
2026-05-09 15:09:14.513,3,-0.77,0.11,1.88,0.14100000000000001,-195.8134,142.1382,175,75
2026-05-09 15:09:14.527,3,-0.96,0.09,1.21,-0.0389999999999997,-141.0634,110.9782,175,75
2026-05-09 15:09:14.569,3,-0.67,-0.15,1.23,49.721,27.7866,55.0582,175,75
2026-05-09 15:09:14.607,3,-0.84,0.38,1.34,14.901,-39.96339999999999,31.468200000000003,175,75
2026-05-09 15:09:14.607,3,-0.76,0.41,1.3,3.801,-30.0834,24.3282,175,75
2026-05-09 15:09:14.617,3,-0.77,0.3,1.44,-7.478999999999999,-29.6534,20.7282,175,75
2026-05-09 15:09:14.628,3,-0.67,0.06,1.49,-13.329,-45.023399999999995,8.5382,175,75
2026-05-09 15:09:14.641,3,-0.76,-0.03,1.38,-21.749,-59.773399999999995,2.4382,175,75
2026-05-09 15:09:14.652,3,-0.89,-0.08,1.38,-23.639,-66.0634,-6.7018,175,75
2026-05-09 15:09:14.662,3,-0.76,-0.18,1.39,-30.529000000000003,-65.2634,-13.661800000000001,175,75
2026-05-09 15:09:14.673,3,-0.67,-0.34,1.41,-37.479,-82.8234,-14.141800000000002,175,75
2026-05-09 15:09:14.684,3,-0.72,-0.65,1.31,-45.829,-101.1234,-15.6718,175,75
2026-05-09 15:09:14.701,3,-0.72,-0.89,1.16,-49.609,-105.5134,-17.251800000000003,175,75
2026-05-09 15:09:14.702,3,-0.55,-1.15,1.12,-49.309,-113.62339999999999,-21.461800000000004,175,75
2026-05-09 15:09:14.712,3,-0.29,-1.12,0.99,-46.749,-132.21339999999998,-27.0118,175,75
2026-05-09 15:09:14.724,3,-0.0,-0.97,0.83,-44.249,-134.96339999999998,-24.141800000000003,175,75
2026-05-09 15:09:14.734,3,0.21,-0.77,0.76,-42.719,-133.49339999999998,-15.9718,175,75
2026-05-09 15:09:14.746,3,0.37,-0.61,0.64,-43.879,-129.90339999999998,-9.941799999999999,175,75
2026-05-09 15:09:14.757,3,0.3,-0.31,0.58,-44.799,-125.3234,-0.6718000000000011,175,75
2026-05-09 15:09:14.769,3,0.11,-0.05,0.62,-41.199,-109.5334,12.8682,175,75
2026-05-09 15:09:14.781,3,-0.28,0.47,0.92,-20.589,-105.0834,15.1182,175,75
2026-05-09 15:09:14.792,3,-0.54,0.6,0.73,-6.989000000000001,-106.1834,32.0082,175,75
2026-05-09 15:09:14.828,3,-0.42,0.78,0.62,49.231,46.626599999999996,26.0982,175,75
2026-05-09 15:09:14.835,3,0.45,0.34,0.42,19.651,15.8366,11.0982,175,75
2026-05-09 15:09:14.849,3,0.66,0.55,0.11,-6.379,42.116600000000005,-33.0518,175,75
2026-05-09 15:09:14.892,3,0.72,0.65,0.11,-89.799,70.0966,-109.75179999999999,175,75
2026-05-09 15:09:14.925,3,0.72,0.21,0.13,-88.57900000000001,184.3066,-141.8318,175,75
2026-05-09 15:09:14.938,3,0.37,0.31,1.07,-43.819,208.3966,-170.8518,175,75
2026-05-09 15:09:14.949,3,0.18,0.57,1.4,-23.209,222.90660000000003,-160.9718,175,75
2026-05-09 15:09:14.959,3,0.16,0.71,1.55,-11.498999999999999,219.6766,-163.96179999999998,175,75
2026-05-09 15:09:14.967,3,-0.07,1.03,1.85,5.811,224.7966,-167.1318,175,75
2026-05-09 15:09:14.978,3,-7.05,3.55,4.41,136.911,442.7866,64.0882,175,75
2026-05-09 15:09:15.019,3,-3.62,1.25,4.65,315.26099999999997,253.3366,185.0582,175,75
2026-05-09 15:09:15.019,3,2.29,-3.96,-0.84,100.511,-25.573399999999996,70.9782,175,75
2026-05-09 15:09:15.029,3,-4.77,1.16,-1.95,-73.029,-104.9034,193.6582,175,75
2026-05-09 15:09:15.052,3,0.8,-1.5,1.49,206.791,315.58660000000003,-95.5518,175,75
2026-05-09 15:09:15.065,3,2.14,-3.23,4.34,137.031,69.5466,69.0882,175,75
2026-05-09 15:09:15.075,3,-0.2,-0.31,2.49,70.39099999999999,-93.3734,118.90820000000001,175,75
2026-05-09 15:09:15.089,3,0.77,0.46,1.08,67.15100000000001,-109.4734,136.0982,175,75
2026-05-09 15:09:15.101,3,-1.03,1.4,0.85,38.191,-133.1334,165.4882,175,75
2026-05-09 15:09:15.112,3,-1.93,1.79,0.79,44.591,61.8066,115.54820000000001,175,75
2026-05-09 15:09:15.124,3,-0.9,1.45,1.44,59.111,163.69660000000002,51.218199999999996,175,75
2026-05-09 15:09:15.134,3,-0.02,0.57,1.55,-2.109,-19.9034,68.5982,175,75
2026-05-09 15:09:15.149,3,-0.93,0.29,0.79,-13.818999999999999,-63.623400000000004,73.90820000000001,175,75
2026-05-09 15:09:15.162,3,-0.82,-0.7,1.34,26.671,49.736599999999996,-1.7018000000000004,175,75
2026-05-09 15:09:15.192,3,-0.28,0.34,1.83,16.121000000000002,-13.9834,14.1482,175,75
2026-05-09 15:09:15.209,3,-0.43,0.21,1.34,-2.0489999999999995,-38.623400000000004,12.7482,175,75
2026-05-09 15:09:15.230,3,-0.72,0.18,1.48,-4.489000000000001,-5.023399999999999,-17.741799999999998,175,75
2026-05-09 15:09:15.241,3,-0.65,0.15,1.6,-13.699000000000002,-46.543400000000005,-25.7318,175,75
2026-05-09 15:09:15.252,3,-0.79,0.1,1.45,-22.719,-61.7334,-25.5518,175,75
2026-05-09 15:09:15.266,3,-0.71,-0.05,1.45,-20.889,-67.0334,-41.8918,175,75
2026-05-09 15:09:15.278,3,-0.64,-0.04,1.43,-23.699,-79.35340000000001,-45.241800000000005,175,75
2026-05-09 15:09:15.288,3,-0.75,-0.09,1.35,-25.829,-97.2734,-49.9418,175,75
2026-05-09 15:09:15.298,3,-0.85,-0.21,1.26,-29.429000000000002,-89.2334,-52.991800000000005,175,75
2026-05-09 15:09:15.311,3,-0.55,-0.57,1.28,-31.019,-78.6834,-58.72180000000001,175,75
2026-05-09 15:09:15.321,3,-0.22,-1.07,1.51,-38.939,-75.8734,-54.6918,175,75
2026-05-09 15:09:15.349,3,0.25,-1.07,1.77,-48.149,-89.10340000000001,-57.6218,175,75
2026-05-09 15:09:15.349,3,0.58,-0.87,1.66,-52.969,-113.62339999999999,-50.241800000000005,175,75
2026-05-09 15:09:15.359,3,0.78,-0.71,1.41,-52.969,-116.5434,-40.1818,175,75
2026-05-09 15:09:15.381,3,0.86,-0.58,1.17,-47.599,-89.4134,-40.0018,175,75
2026-05-09 15:09:15.381,3,0.84,-0.35,1.14,-37.539,-61.913399999999996,-45.671800000000005,175,75
2026-05-09 15:09:15.394,3,0.87,-0.06,1.16,-27.418999999999997,-39.413399999999996,-51.0918,175,75
2026-05-09 15:09:15.405,3,0.64,0.22,1.02,-13.209,-17.883399999999998,-52.0118,175,75
2026-05-09 15:09:15.431,3,0.17,0.46,0.76,-2.2989999999999995,18.026600000000002,-53.1118,175,75
2026-05-09 15:09:15.437,3,-0.78,0.9,0.62,47.951,128.2066,-69.3318,175,75
2026-05-09 15:09:15.456,3,-0.32,0.86,1.14,112.89099999999999,253.4566,-79.14179999999999,175,75
2026-05-09 15:09:15.468,3,0.09,0.88,1.34,140.571,255.28660000000002,-74.5118,175,75
2026-05-09 15:09:15.475,3,0.37,0.77,1.03,141.241,217.41660000000002,-87.1918,175,75
2026-05-09 15:09:15.485,3,0.11,1.06,0.76,135.321,224.3666,-92.6218,175,75
2026-05-09 15:09:15.506,3,0.09,1.1,1.24,131.061,240.03660000000002,-90.00179999999999,175,75
2026-05-09 15:09:15.518,3,0.58,0.85,1.24,103.251,155.8966,-91.1618,175,75
2026-05-09 15:09:15.530,3,0.52,0.96,0.91,84.11099999999999,98.2066,-81.64179999999999,175,75
2026-05-09 15:09:15.577,3,-0.5,1.51,2.44,20.201,24.126600000000003,-83.23179999999999,175,75
2026-05-09 15:09:15.595,3,-6.84,3.85,5.27,149.591,259.6166,145.8582,175,75
2026-05-09 15:09:15.606,3,2.97,-2.34,-0.11,246.241,-14.473399999999998,-58.1718,175,75
2026-05-09 15:09:15.619,3,-1.28,-1.7,-1.68,-95.709,-269.5334,225.7982,175,75
2026-05-09 15:09:15.653,3,-0.24,-1.09,0.58,174.411,255.6466,-125.18179999999998,175,75
2026-05-09 15:09:15.665,3,-0.4,0.17,2.45,17.521,118.8166,69.8782,175,75
2026-05-09 15:09:15.679,3,-0.57,-0.76,1.87,14.411,-79.4134,57.7482,175,75
2026-05-09 15:09:15.689,3,0.27,-1.04,1.91,46.541,37.2366,-0.061799999999999855,175,75
2026-05-09 15:09:15.701,3,0.33,-1.08,2.41,29.171,-21.363399999999995,22.9282,175,75
2026-05-09 15:09:15.722,3,0.39,-1.25,1.56,49.411,-16.423399999999997,28.0482,175,75
2026-05-09 15:09:15.735,3,0.66,-1.16,1.2,71.18100000000001,-31.243399999999998,42.4982,175,75
2026-05-09 15:09:15.742,3,0.27,-1.11,0.92,91.24100000000001,-11.363399999999999,58.4782,175,75
2026-05-09 15:09:15.754,3,0.01,-1.25,0.79,126.30099999999999,26.376600000000003,53.2282,175,75
2026-05-09 15:09:15.765,3,0.07,-1.2,0.97,158.86100000000002,49.486599999999996,47.1982,175,75
2026-05-09 15:09:15.808,3,1.26,-1.06,1.28,172.151,-48.9234,28.538199999999996,175,75
2026-05-09 15:09:15.839,3,0.7,-0.35,0.26,178.80100000000002,-34.2334,19.5782,175,75
2026-05-09 15:09:15.852,3,-0.63,-0.1,0.45,287.52099999999996,204.3666,-14.0818,175,75
2026-05-09 15:09:15.897,3,-0.18,-0.42,0.75,250.451,233.0866,-80.36179999999999,175,75
2026-05-09 15:09:15.897,3,-0.45,-0.07,0.29,241.791,235.8966,-89.6918,175,75
2026-05-09 15:09:15.913,3,-0.91,0.52,0.21,246.851,282.9066,-81.70179999999999,175,75
2026-05-09 15:09:15.922,3,-1.27,0.94,1.31,265.39099999999996,317.1766,-58.5318,175,75
2026-05-09 15:09:15.942,3,-1.23,0.33,2.1,262.151,255.09660000000002,7.8682,175,75
2026-05-09 15:09:15.955,3,-0.94,-0.91,1.56,168.311,13.696600000000002,-35.7918,175,75
2026-05-09 15:09:15.955,3,-1.18,-0.38,0.62,151.971,-50.0834,-61.521800000000006,175,75
2026-05-09 15:09:15.968,3,-1.39,-0.16,0.38,137.341,5.156600000000001,-74.5718,175,75
2026-05-09 15:09:15.986,3,-0.74,0.28,0.62,65.321,-117.15339999999999,-96.4618,175,75
2026-05-09 15:09:16.004,3,-1.06,0.43,0.17,28.681,-131.9134,-75.42179999999999,175,75
2026-05-09 15:09:16.023,3,-1.24,0.4,0.13,-8.519,-60.513400000000004,-113.9018,175,75
2026-05-09 15:09:16.023,3,-1.1,0.45,0.53,-44.069,-51.4834,-135.6718,175,75
2026-05-09 15:09:16.039,3,-0.96,0.59,0.95,-83.209,-71.0634,-145.49179999999998,175,75
2026-05-09 15:09:16.049,3,-0.83,0.57,1.11,-118.57900000000001,-109.5934,-149.3318,175,75
2026-05-09 15:09:16.064,3,-0.85,0.59,0.91,-148.63899999999998,-133.68339999999998,-151.3418,175,75
2026-05-09 15:09:16.074,3,-0.97,0.62,0.58,-171.379,-125.0234,-151.77179999999998,175,75
2026-05-09 15:09:16.085,3,-1.16,0.64,0.32,-191.259,-78.1934,-154.3318,175,75
2026-05-09 15:09:16.096,3,-1.16,0.59,0.31,-206.499,-17.213399999999996,-165.7318,175,75
2026-05-09 15:09:16.106,3,-1.12,0.53,0.57,-221.259,39.4266,-171.8318,175,75
2026-05-09 15:09:16.119,3,-1.11,0.47,0.93,-228.38899999999998,71.0766,-179.2018,175,75
2026-05-09 15:09:16.123,3,-1.14,0.48,1.15,-231.749,80.0966,-180.1218,175,75
2026-05-09 15:09:16.144,3,-1.19,0.53,1.37,-234.129,82.5966,-176.9518,175,75
2026-05-09 15:09:16.144,3,-1.26,0.53,1.58,-235.769,73.7566,-177.3118,175,75
2026-05-09 15:09:16.165,3,-1.27,0.56,1.78,-227.779,65.5866,-183.1718,175,75
2026-05-09 15:09:16.173,3,-1.24,0.72,1.89,-217.239,53.3266,-179.5118,175,75
2026-05-09 15:09:16.190,3,-1.21,0.82,2.08,-195.039,41.8066,-156.0318,175,75
2026-05-09 15:09:16.230,3,-0.95,1.03,1.99,-125.769,35.3466,-70.7918,175,75
2026-05-09 15:09:16.241,3,-0.78,1.15,1.74,-105.40899999999999,63.0266,-42.1918,175,75
2026-05-09 15:09:16.292,3,-4.77,3.15,3.76,44.901,265.5866,182.9882,175,75
2026-05-09 15:09:16.316,3,5.54,-3.99,4.32,213.431,151.62660000000002,-105.9118,175,75
2026-05-09 15:09:16.339,3,-1.88,-1.07,0.84,104.471,70.8266,114.2082,175,75
2026-05-09 15:09:16.351,3,-0.64,-0.56,0.81,189.591,156.7466,-27.131800000000005,175,75
2026-05-09 15:09:16.362,3,0.38,-0.08,1.86,142.341,196.8066,38.9082,175,75
2026-05-09 15:09:16.372,3,-0.04,0.02,2.81,117.52099999999999,73.7566,110.4282,175,75
2026-05-09 15:09:16.385,3,-0.62,0.18,2.4,97.951,-33.373400000000004,85.24820000000001,175,75
2026-05-09 15:09:16.396,3,-0.59,0.3,1.81,72.031,-32.153400000000005,86.40820000000001,175,75
2026-05-09 15:09:16.418,3,-0.93,0.04,1.19,50.141,-28.6234,76.40820000000001,175,75
2026-05-09 15:09:16.429,3,-0.8,-0.21,1.35,59.471,-0.5733999999999995,52.618199999999995,175,75
2026-05-09 15:09:16.433,3,-0.73,-0.36,1.35,58.681,-27.7034,52.4982,175,75
2026-05-09 15:09:16.452,3,-0.75,-0.52,1.24,64.041,-23.0134,47.3182,175,75
2026-05-09 15:09:16.452,3,-0.55,-0.69,1.24,69.531,-27.213399999999996,47.008199999999995,175,75
2026-05-09 15:09:16.471,3,-0.31,-0.89,1.25,75.811,-36.303399999999996,57.868199999999995,175,75
2026-05-09 15:09:16.496,3,0.38,-1.19,1.17,96.24100000000001,-53.5634,73.8382,175,75
2026-05-09 15:09:16.506,3,0.57,-1.34,1.07,96.911,-68.1934,92.6182,175,75
2026-05-09 15:09:16.520,3,0.6,-1.48,0.81,97.89099999999999,-86.3034,98.96820000000001,175,75
2026-05-09 15:09:16.529,3,0.54,-1.31,0.75,104.041,-81.0634,98.04820000000001,175,75
2026-05-09 15:09:16.550,3,-0.37,-0.3,1.52,132.091,-29.173399999999997,109.38820000000001,175,75
2026-05-09 15:09:16.564,3,-0.59,-0.19,1.67,151.541,-13.433399999999999,109.8782,175,75
2026-05-09 15:09:16.586,3,-0.71,0.73,1.17,141.001,-6.063399999999998,70.1882,175,75
2026-05-09 15:09:16.607,3,-0.43,0.53,1.25,117.58099999999999,16.076600000000003,77.9882,175,75
2026-05-09 15:09:16.631,3,0.35,0.26,0.23,42.341,-38.68339999999999,16.5882,175,75
2026-05-09 15:09:16.643,3,-0.18,0.39,-0.1,14.471,41.8066,24.818199999999997,175,75
2026-05-09 15:09:16.654,3,0.08,-0.11,-0.02,-14.979,50.956599999999995,1.7681999999999993,175,75
2026-05-09 15:09:16.658,3,0.03,-0.18,-0.05,-48.269,51.1366,-38.961800000000004,175,75
2026-05-09 15:09:16.678,3,-0.14,-0.09,0.12,-76.13900000000001,108.0866,-49.5118,175,75
2026-05-09 15:09:16.693,3,-0.15,-0.06,0.46,-95.34899999999999,127.53659999999999,-69.9418,175,75
2026-05-09 15:09:16.703,3,-0.11,0.12,0.8,-122.65899999999999,96.4366,-93.4118,175,75
2026-05-09 15:09:16.714,3,-0.13,0.2,0.9,-144.129,73.6966,-99.81179999999999,175,75
2026-05-09 15:09:16.724,3,-0.21,0.17,0.96,-174.369,56.866600000000005,-113.11179999999999,175,75
2026-05-09 15:09:16.724,3,-0.24,0.18,1.02,-196.439,45.64660000000001,-132.3118,175,75
2026-05-09 15:09:16.737,3,-0.15,0.07,1.17,-225.039,23.0866,-148.3518,175,75
2026-05-09 15:09:16.763,3,-0.3,-0.07,1.12,-274.54900000000004,-22.7034,-160.7318,175,75
2026-05-09 15:09:16.774,3,-0.37,-0.14,1.17,-289.309,-25.143399999999996,-167.4418,175,75
2026-05-09 15:09:16.803,3,-0.5,-0.24,1.27,-319.73900000000003,-47.9534,-167.6218,175,75
2026-05-09 15:09:16.814,3,-0.48,-0.29,1.27,-326.98900000000003,-52.403400000000005,-166.6418,175,75
2026-05-09 15:09:16.825,3,-0.62,-0.33,1.36,-330.15900000000005,-43.5634,-153.1118,175,75
2026-05-09 15:09:16.837,3,-0.62,-0.31,1.53,-324.249,-32.0334,-149.2018,175,75
2026-05-09 15:09:16.849,3,-0.53,-0.35,1.82,-318.209,-51.123400000000004,-143.4118,175,75
2026-05-09 15:09:16.860,3,-0.53,-0.25,1.9,-318.519,-81.3634,-133.4118,175,75
2026-05-09 15:09:16.872,3,-0.61,-0.27,1.93,-310.279,-93.6834,-116.64179999999999,175,75
2026-05-09 15:09:16.883,3,-0.69,-0.25,1.92,-304.069,-109.2934,-110.4918,175,75
2026-05-09 15:09:16.900,3,-0.69,-0.1,2.11,-286.869,-128.37339999999998,-108.11179999999999,175,75
2026-05-09 15:09:16.912,3,-0.63,0.12,2.32,-272.90900000000005,-148.9234,-92.4418,175,75
2026-05-09 15:09:16.934,3,-0.82,0.6,2.48,-208.999,-198.9834,-19.0218,175,75
2026-05-09 15:09:17.012,3,3.19,-2.59,-2.21,-34.859,-401.79339999999996,128.1082,175,75
2026-05-09 15:09:17.029,3,-0.32,-3.04,-4.65,-321.439,-461.1234,139.81820000000002,175,75
2026-05-09 15:09:17.029,3,-5.54,-0.76,-1.91,-22.719,674.6166000000001,7.4982,175,75
2026-05-09 15:09:17.061,3,-0.16,2.08,3.01,229.231,199.12660000000002,117.6182,175,75
2026-05-09 15:09:17.079,3,-1.37,1.01,3.52,216.61100000000002,63.2666,216.3382,175,75
2026-05-09 15:09:17.089,3,-1.26,-0.09,3.18,199.351,17.7866,120.85820000000001,175,75
2026-05-09 15:09:17.120,3,-0.51,0.48,1.96,38.251000000000005,-144.1034,76.5882,175,75
2026-05-09 15:09:17.131,3,-0.35,0.48,1.6,21.611,-159.1634,85.9782,175,75
2026-05-09 15:09:17.143,3,-0.42,0.32,1.33,2.761,-161.8534,90.85820000000001,175,75
2026-05-09 15:09:17.153,3,-0.53,-0.07,1.16,0.08099999999999952,-129.1634,81.46820000000001,175,75
2026-05-09 15:09:17.164,3,-0.48,-0.41,1.02,21.481,-48.8634,63.6582,175,75
2026-05-09 15:09:17.176,3,-0.47,-0.13,1.34,21.361,0.5866000000000007,57.4982,175,75
2026-05-09 15:09:17.200,3,-0.44,0.11,1.56,-8.029,-41.0634,60.9182,175,75
2026-05-09 15:09:17.212,3,-0.68,0.21,1.35,-26.259,-62.21340000000001,59.6382,175,75
2026-05-09 15:09:17.212,3,-0.85,0.39,1.32,-29.308999999999997,-65.0834,42.618199999999995,175,75
2026-05-09 15:09:17.235,3,-0.62,0.26,1.32,-40.279,-93.49340000000001,32.0082,175,75
2026-05-09 15:09:17.235,3,-0.74,0.18,1.17,-47.539,-119.90339999999999,30.188200000000002,175,75
2026-05-09 15:09:17.247,3,-0.98,0.07,1.1,-48.999,-126.7334,16.2782,175,75
2026-05-09 15:09:17.258,3,-0.83,-0.01,1.12,-50.159,-143.1334,-6.4018,175,75
2026-05-09 15:09:17.281,3,-0.9,-0.15,1.01,-71.19900000000001,-163.1934,-4.691800000000001,175,75
2026-05-09 15:09:17.292,3,-0.96,-0.4,0.95,-87.779,-175.99339999999998,-0.12180000000000035,175,75
2026-05-09 15:09:17.325,3,-0.54,-1.42,1.38,-113.63900000000001,-203.9234,1.5282,175,75
2026-05-09 15:09:17.337,3,-0.46,-1.93,1.5,-134.549,-294.04339999999996,6.1582,175,75
2026-05-09 15:09:17.337,3,-0.25,-1.53,1.14,-144.429,-364.8434,-1.0318000000000005,175,75
2026-05-09 15:09:17.347,3,-0.0,-0.93,0.5,-157.049,-435.5134,20.8582,175,75
2026-05-09 15:09:17.360,3,-0.08,-0.45,-0.05,-163.519,-444.35339999999997,52.008199999999995,175,75
2026-05-09 15:09:17.373,3,-0.17,-0.08,-0.33,-168.57899999999998,-408.3134,61.218199999999996,175,75
2026-05-09 15:09:17.381,3,-0.38,0.42,-0.26,-170.219,-357.9534,66.15820000000001,175,75
2026-05-09 15:09:17.392,3,-0.97,1.33,0.5,-151.869,-274.9034,68.65820000000001,175,75
2026-05-09 15:09:17.402,3,-1.33,1.58,0.92,-142.719,-265.5134,96.9482,175,75
2026-05-09 15:09:17.428,3,-0.43,0.76,0.62,-159.799,-334.23339999999996,110.9782,175,75
2026-05-09 15:09:17.449,3,0.19,0.8,0.6,-169.97899999999998,-201.5434,75.79820000000001,175,75
2026-05-09 15:09:17.480,3,-0.25,0.97,-0.22,-194.60899999999998,-193.0734,59.4482,175,75
2026-05-09 15:09:17.505,3,-0.04,1.01,0.49,-205.709,-146.30339999999998,39.2082,175,75
2026-05-09 15:09:17.520,3,-0.06,0.99,1.51,-202.719,-150.2634,56.5882,175,75
2026-05-09 15:09:17.520,3,-0.24,1.07,2.12,-190.279,-189.1634,50.8582,175,75
2026-05-09 15:09:17.529,3,-0.14,1.08,2.4,-184.369,-263.6834,53.4782,175,75
2026-05-09 15:09:17.540,3,0.25,1.15,2.47,-186.19899999999998,-430.9334,76.9482,175,75
2026-05-09 15:09:17.564,3,0.26,1.16,1.79,-186.319,-477.4034,94.6982,175,75
2026-05-09 15:09:17.571,3,-1.18,2.05,2.02,-154.309,-357.7634,93.35820000000001,175,75
2026-05-09 15:09:17.594,3,-1.16,1.2,2.36,-79.06899999999999,-320.5134,88.5982,175,75
2026-05-09 15:09:17.594,3,-3.39,1.63,3.61,14.721,-120.87339999999999,138.0482,175,75
2026-05-09 15:09:17.615,3,5.05,-3.96,0.06,136.001,-156.4234,-84.20179999999999,175,75
2026-05-09 15:09:17.630,3,-2.32,-0.79,-1.88,-12.849,388.14660000000003,135.3082,175,75
2026-05-09 15:09:17.642,3,-0.3,-1.1,-0.87,210.261,433.9366,-81.28179999999999,175,75
2026-05-09 15:09:17.671,3,0.05,0.43,1.82,125.451,399.8566,12.3182,175,75
2026-05-09 15:09:17.671,3,-0.5,-0.08,2.1,114.351,205.8366,49.758199999999995,175,75
2026-05-09 15:09:17.684,3,-1.48,-0.1,1.74,70.081,105.4066,31.2782,175,75
2026-05-09 15:09:17.694,3,-0.45,-0.3,1.9,56.971,62.2966,-10.6118,175,75
2026-05-09 15:09:17.710,3,-0.31,0.01,1.98,13.561,-55.8134,21.888199999999998,175,75
2026-05-09 15:09:17.710,3,-0.51,-0.32,1.42,4.170999999999999,-71.85340000000001,39.9382,175,75
2026-05-09 15:09:17.735,3,-0.13,-2.26,0.68,25.201,-85.8134,-7.251800000000001,175,75
2026-05-09 15:09:17.747,3,-0.04,-1.3,1.34,69.11099999999999,47.9066,1.4082,175,75
2026-05-09 15:09:17.758,3,0.35,-0.46,2.41,112.89099999999999,138.5166,9.4482,175,75
2026-05-09 15:09:17.769,3,0.71,0.3,2.89,60.321,48.6366,67.8682,175,75
2026-05-09 15:09:17.786,3,-1.69,1.21,0.8,-17.239,-31.243399999999998,67.2582,175,75
2026-05-09 15:09:17.812,3,-0.66,0.2,2.2,-66.19900000000001,-59.903400000000005,27.928199999999997,175,75
2026-05-09 15:09:17.832,3,-1.06,0.3,1.46,-88.459,-144.77339999999998,6.0382,175,75
2026-05-09 15:09:17.843,3,-1.13,0.45,1.03,-83.029,-111.97340000000001,-7.621799999999999,175,75
2026-05-09 15:09:17.853,3,-0.92,0.06,1.03,-68.519,-63.9834,-13.1118,175,75
2026-05-09 15:09:17.864,3,-1.03,-0.04,1.12,-56.259,-50.023399999999995,-22.741799999999998,175,75
2026-05-09 15:09:17.878,3,-1.21,0.01,1.41,-54.679,-51.183400000000006,-33.7218,175,75
2026-05-09 15:09:17.892,3,-1.08,-0.0,1.38,-56.139,-78.6834,-56.0318,175,75
2026-05-09 15:09:17.905,3,-0.99,-0.03,1.29,-63.879,-85.7534,-57.861799999999995,175,75
2026-05-09 15:09:17.912,3,-0.92,-0.31,1.43,-72.84899999999999,-83.4334,-57.6818,175,75
2026-05-09 15:09:17.927,3,-0.72,-0.54,1.47,-80.769,-104.4134,-60.7918,175,75
2026-05-09 15:09:17.939,3,-0.57,-0.77,1.36,-93.149,-148.1334,-57.0718,175,75
2026-05-09 15:09:17.951,3,-0.47,-0.88,1.26,-102.90899999999999,-158.1934,-39.631800000000005,175,75
2026-05-09 15:09:17.968,3,-0.11,-0.59,0.92,-120.15899999999999,-206.8534,-1.2818000000000005,175,75
2026-05-09 15:09:17.981,3,-0.06,-0.58,0.73,-123.69899999999998,-232.46339999999998,12.9282,175,75
2026-05-09 15:09:17.992,3,-0.1,-0.42,0.54,-128.69899999999998,-242.46339999999998,10.9782,175,75
2026-05-09 15:09:17.993,3,-0.17,-0.05,0.52,-127.90899999999999,-220.5734,12.1382,175,75
2026-05-09 15:09:18.005,3,-0.08,0.28,0.74,-125.589,-192.7034,18.7782,175,75
2026-05-09 15:09:18.024,3,-0.19,0.75,0.92,-121.31899999999999,-204.0434,38.8382,175,75
2026-05-09 15:09:18.030,3,-0.68,0.99,0.9,-100.469,-196.9734,50.2482,175,75
2026-05-09 15:09:18.041,3,-0.66,0.99,0.88,-76.929,-165.3234,44.9982,175,75
2026-05-09 15:09:18.053,3,-0.32,0.87,0.85,-47.239,-140.3234,45.3082,175,75
2026-05-09 15:09:18.062,3,-0.38,1.04,1.07,-15.408999999999999,-71.1834,65.3082,175,75
2026-05-09 15:09:18.084,3,-0.06,0.8,1.26,-17.539,-77.7034,74.38820000000001,175,75
2026-05-09 15:09:18.091,3,0.28,0.71,0.61,-53.329,-117.8234,67.2582,175,75
2026-05-09 15:09:18.097,3,0.42,0.72,0.02,-86.749,-84.5934,41.2782,175,75
2026-05-09 15:09:18.112,3,0.4,0.94,-0.03,-99.369,-40.7534,8.5982,175,75
2026-05-09 15:09:18.139,3,0.54,0.73,0.25,-143.38899999999998,-54.653400000000005,-13.1118,175,75
2026-05-09 15:09:18.151,3,0.24,0.78,0.56,-143.089,-4.103399999999997,1.0381999999999998,175,75
2026-05-09 15:09:18.163,3,0.22,0.79,1.47,-121.499,-32.9534,-18.111800000000002,175,75
2026-05-09 15:09:18.170,3,-0.63,1.63,2.38,-111.25899999999999,-68.8634,20.1182,175,75
2026-05-09 15:09:18.184,3,-0.81,1.7,3.13,-73.029,-152.0334,62.3782,175,75
2026-05-09 15:09:18.195,3,-1.89,1.07,2.39,-73.63900000000001,-142.7634,47.258199999999995,175,75
2026-05-09 15:09:18.205,3,-5.01,3.62,5.12,110.93100000000001,-34.1734,226.7082,175,75
2026-05-09 15:09:18.253,3,-1.27,-0.29,0.0,38.801,79.9766,40.2482,175,75
2026-05-09 15:09:18.264,3,-0.24,-0.01,0.97,15.081,136.9266,121.88820000000001,175,75
2026-05-09 15:09:18.282,3,-1.63,-0.45,0.42,56.181,179.1866,12.1382,175,75
2026-05-09 15:09:18.303,3,-0.65,-0.79,1.79,68.251,187.47660000000002,4.8782,175,75
2026-05-09 15:09:18.310,3,-0.49,-1.02,2.42,34.900999999999996,71.6866,19.388199999999998,175,75
2026-05-09 15:09:18.310,3,-0.38,-1.02,2.49,0.14100000000000001,-22.9534,26.9482,175,75
2026-05-09 15:09:18.342,3,-0.27,-1.01,0.94,-3.939,-139.71339999999998,69.8782,175,75
2026-05-09 15:09:18.367,3,-0.48,-1.13,0.59,55.021,-79.1634,66.3382,175,75
2026-05-09 15:09:18.393,3,-0.12,-1.1,1.3,86.541,-65.7534,83.90820000000001,175,75
2026-05-09 15:09:18.405,3,0.07,-1.16,1.27,93.011,-106.3634,96.21820000000001,175,75
2026-05-09 15:09:18.418,3,0.22,-1.24,1.18,99.471,-119.7134,103.71820000000001,175,75
2026-05-09 15:09:18.418,3,0.49,-1.27,1.19,109.17099999999999,-125.2034,106.6482,175,75
2026-05-09 15:09:18.429,3,1.05,-1.42,1.24,119.17099999999999,-149.90339999999998,108.96820000000001,175,75
2026-05-09 15:09:18.445,3,1.59,-1.33,1.18,134.591,-170.08339999999998,88.8382,175,75
2026-05-09 15:09:18.463,3,1.21,-0.83,0.98,131.541,-141.4234,109.2082,175,75
2026-05-09 15:09:18.483,3,-0.06,-1.45,0.64,197.951,-43.1934,97.2582,175,75
2026-05-09 15:09:18.491,3,0.03,-1.26,0.7,218.92100000000002,15.766600000000002,53.1682,175,75
2026-05-09 15:09:18.501,3,-0.23,-0.92,0.94,195.511,117.78659999999999,86.76820000000001,175,75
2026-05-09 15:09:18.524,3,-0.36,-0.79,1.03,159.781,60.03660000000001,71.40820000000001,175,75
2026-05-09 15:09:18.534,3,-0.39,-0.49,0.64,119.291,44.4266,27.9882,175,75
2026-05-09 15:09:18.544,3,-0.66,0.16,1.04,115.14099999999999,114.00659999999999,5.4282,175,75
2026-05-09 15:09:18.556,3,-1.34,0.77,1.86,135.08100000000002,229.4866,87.5582,175,75
2026-05-09 15:09:18.578,3,-0.73,-0.65,1.95,80.02099999999999,-55.1434,43.8382,175,75
2026-05-09 15:09:18.595,3,-0.78,-0.33,0.51,-11.748999999999999,-73.1934,10.0582,175,75
2026-05-09 15:09:18.598,3,-0.88,0.23,0.45,-3.9990000000000006,33.876599999999996,-23.4118,175,75
2026-05-09 15:09:18.608,3,-0.35,0.3,0.85,-31.689,46.376599999999996,-41.8918,175,75
2026-05-09 15:09:18.623,3,-0.16,0.51,1.07,-74.189,-20.383399999999998,-49.811800000000005,175,75
2026-05-09 15:09:18.635,3,-0.5,0.76,0.93,-106.019,-30.813399999999998,-44.881800000000005,175,75
2026-05-09 15:09:18.635,3,-0.7,0.73,1.05,-122.84899999999999,-11.853399999999997,-60.7918,175,75
2026-05-09 15:09:18.650,3,-0.5,0.61,1.49,-147.35899999999998,-44.2334,-108.0518,175,75
2026-05-09 15:09:18.662,3,-0.28,0.86,1.56,-194.91899999999998,-124.41340000000001,-141.3418,175,75
2026-05-09 15:09:18.683,3,-0.32,0.96,1.23,-260.34900000000005,-192.15339999999998,-140.4218,175,75
2026-05-09 15:09:18.711,3,-0.66,0.91,0.88,-299.189,-104.35340000000001,-161.5818,175,75
2026-05-09 15:09:18.723,3,-0.76,0.88,1.11,-300.09900000000005,-48.803399999999996,-162.0718,175,75
2026-05-09 15:09:18.736,3,-0.93,0.76,1.35,-297.23900000000003,1.2566000000000024,-166.46179999999998,175,75
2026-05-09 15:09:18.747,3,-1.15,0.81,1.63,-283.519,52.9666,-170.3018,175,75
2026-05-09 15:09:18.759,3,-1.18,0.88,1.83,-266.439,91.4366,-174.0818,175,75
2026-05-09 15:09:18.769,3,-1.25,1.03,1.97,-239.189,136.8666,-172.3818,175,75
2026-05-09 15:09:18.783,3,-1.27,1.12,2.31,-199.369,195.03660000000002,-173.96179999999998,175,75
2026-05-09 15:09:18.794,3,-1.24,1.15,2.7,-164.799,204.7366,-161.5818,175,75
2026-05-09 15:09:18.839,3,-0.2,1.1,1.97,-70.529,49.3066,-100.1218,175,75
2026-05-09 15:09:18.849,3,-2.09,2.14,2.19,-76.809,47.116600000000005,-50.9718,175,75
2026-05-09 15:09:18.877,3,-2.34,0.28,4.49,356.121,391.5066,-4.1418,175,75
2026-05-09 15:09:18.888,3,-4.43,1.43,6.48,330.51099999999997,381.9266,146.1582,175,75
2026-05-09 15:09:18.900,3,2.29,-1.69,5.4,177.281,-26.3034,16.8282,175,75
2026-05-09 15:09:18.900,3,2.86,0.12,2.23,106.481,-301.4234,49.758199999999995,175,75
2026-05-09 15:09:18.915,3,-2.27,1.14,0.71,-39.859,-108.2534,224.0282,175,75
2026-05-09 15:09:18.930,3,-1.37,0.27,-0.14,118.92099999999999,82.1766,5.1882,175,75
2026-05-09 15:09:18.942,3,-0.32,-0.15,0.55,101.791,137.5966,9.3882,175,75
2026-05-09 15:09:18.954,3,-0.34,-0.73,1.77,79.59100000000001,51.196600000000004,74.8782,175,75
2026-05-09 15:09:18.964,3,-0.9,-1.65,2.51,83.74100000000001,32.8466,75.4882,175,75
2026-05-09 15:09:18.974,3,-0.06,-0.64,2.51,98.251,-2.7033999999999985,39.7582,175,75
2026-05-09 15:09:18.993,3,-0.55,-0.33,1.16,61.971,-94.10340000000001,98.5982,175,75
2026-05-09 15:09:19.001,3,-0.95,-0.49,0.76,75.93100000000001,-22.9534,90.54820000000001,175,75
2026-05-09 15:09:19.011,3,-0.68,-0.88,1.22,88.37100000000001,33.5766,82.9882,175,75
2026-05-09 15:09:19.028,3,-0.46,-0.93,1.68,85.511,-2.4634,87.3782,175,75
2026-05-09 15:09:19.028,3,-0.34,-1.1,1.72,83.011,-37.82339999999999,97.9882,175,75
2026-05-09 15:09:19.072,3,0.71,-1.81,0.78,90.751,-101.7334,117.68820000000001,175,75
2026-05-09 15:09:19.087,3,0.75,-1.74,0.74,97.761,-112.7034,116.2782,175,75
2026-05-09 15:09:19.087,3,0.93,-1.39,1.05,113.62100000000001,-102.2734,95.4882,175,75
2026-05-09 15:09:19.100,3,0.57,-0.59,1.55,135.14100000000002,-60.7534,108.90820000000001,175,75
2026-05-09 15:09:19.124,3,0.17,-0.55,1.63,146.971,-47.21340000000001,108.7782,175,75
2026-05-09 15:09:19.134,3,0.19,-0.24,1.22,150.511,-81.4834,74.8782,175,75
2026-05-09 15:09:19.145,3,-0.34,0.21,0.81,148.981,-63.683400000000006,73.71820000000001,175,75
2026-05-09 15:09:19.145,3,-0.88,0.52,0.81,156.911,19.006600000000002,82.9882,175,75
2026-05-09 15:09:19.150,3,-1.05,0.41,1.06,174.651,83.4566,78.4782,175,75
2026-05-09 15:09:19.172,3,-0.28,-0.18,1.23,162.58100000000002,35.89660000000001,45.4282,175,75
2026-05-09 15:09:19.182,3,0.37,-0.4,0.44,106.541,-36.9734,-8.661800000000001,175,75
2026-05-09 15:09:19.204,3,0.02,-0.19,-0.06,47.401,118.5166,-5.181800000000001,175,75
2026-05-09 15:09:19.215,3,0.1,-0.54,-0.12,6.1209999999999996,26.3166,-59.141799999999996,175,75
2026-05-09 15:09:19.233,3,-0.46,-0.15,0.09,-44.429,144.1866,-84.9418,175,75
2026-05-09 15:09:19.247,3,-0.31,-0.05,0.71,-71.749,121.4366,-119.8818,175,75
2026-05-09 15:09:19.259,3,-0.25,0.21,1.09,-106.929,51.7466,-138.2918,175,75
2026-05-09 15:09:19.272,3,-0.32,0.3,1.18,-176.439,-46.793400000000005,-155.4218,175,75
2026-05-09 15:09:19.295,3,-0.28,0.27,1.16,-215.649,-76.85340000000001,-172.0718,175,75
2026-05-09 15:09:19.295,3,-0.24,0.19,1.17,-241.439,-96.7334,-169.8818,175,75
2026-05-09 15:09:19.320,3,-0.53,0.2,1.01,-283.639,-108.6234,-167.1318,175,75
2026-05-09 15:09:19.332,3,-0.57,0.25,0.88,-294.189,-80.1434,-167.3818,175,75
2026-05-09 15:09:19.342,3,-0.62,0.2,0.78,-306.019,-38.623400000000004,-154.27179999999998,175,75
2026-05-09 15:09:19.362,3,-0.75,-0.11,0.88,-322.84900000000005,43.2066,-159.0818,175,75
2026-05-09 15:09:19.385,3,-1.03,-0.26,1.47,-316.689,104.5466,-168.1118,175,75
2026-05-09 15:09:19.407,3,-0.96,-0.23,2.04,-303.269,79.4866,-177.68179999999998,175,75
2026-05-09 15:09:19.444,3,-1.36,0.28,3.09,-336.439,-214.2934,-85.67179999999999,175,75
2026-05-09 15:09:19.454,3,-1.58,0.49,3.28,-352.35900000000004,-329.6534,-46.031800000000004,175,75
2026-05-09 15:09:19.461,3,-1.72,0.67,3.42,-351.629,-396.91339999999997,-11.5818,175,75
2026-05-09 15:09:19.485,3,-1.62,0.88,3.44,-338.389,-484.16339999999997,29.508200000000002,175,75
2026-05-09 15:09:19.485,3,-1.44,0.96,2.99,-311.869,-536.0634,66.0982,175,75
2026-05-09 15:09:19.505,3,-1.12,0.76,2.54,-146.989,-446.54339999999996,70.1182,175,75
2026-05-09 15:09:19.517,3,-0.41,0.71,2.9,-71.869,-379.9634,68.1082,175,75
2026-05-09 15:09:19.521,3,0.06,0.79,3.18,-7.109,-336.1834,91.9482,175,75
2026-05-09 15:09:19.540,3,0.27,0.71,3.07,58.801,-279.8434,109.7582,175,75
2026-05-09 15:09:19.551,3,0.31,0.57,2.6,127.15100000000001,-156.9134,88.90820000000001,175,75
2026-05-09 15:09:19.561,3,0.98,-0.21,0.76,130.811,-131.0634,101.2782,175,75
2026-05-09 15:09:19.573,3,4.62,-3.0,-6.24,-262.04900000000004,-794.5334,217.7482,175,75
2026-05-09 15:09:19.596,3,-6.55,-2.34,-0.58,-24.129,1717.7866,-85.73179999999999,175,75
2026-05-09 15:09:19.612,3,1.02,0.1,4.81,1428.251,464.0066,-27.1918,175,75
2026-05-09 15:09:19.626,3,2.57,3.35,3.9,1.181,-93.6234,307.3782,175,75
2026-05-09 15:09:19.637,3,-2.64,1.67,2.99,41.001,-292.3434,264.9382,175,75
2026-05-09 15:09:19.674,3,0.76,0.81,2.82,-20.709,-233.0134,109.5082,175,75
2026-05-09 15:09:19.696,3,-1.54,-0.36,0.74,-76.989,-313.0734,140.6082,175,75
2026-05-09 15:09:19.716,3,-1.71,-0.24,0.04,-16.079,-155.2634,23.9082,175,75
2026-05-09 15:09:19.726,3,-0.73,-0.39,1.05,36.361000000000004,56.0766,-28.7218,175,75
2026-05-09 15:09:19.736,3,-0.26,-0.19,2.25,11.541,-30.933399999999995,2.0782,175,75
2026-05-09 15:09:19.739,3,-0.53,-0.18,2.16,-18.389,-120.38340000000001,28.358199999999997,175,75
2026-05-09 15:09:19.755,3,-1.03,-0.19,1.63,-32.969,-177.7034,36.2782,175,75
2026-05-09 15:09:19.760,3,-1.06,-0.33,1.11,-53.459,-181.6634,24.8782,175,75
2026-05-09 15:09:19.766,3,-0.95,-0.76,1.03,-78.75899999999999,-208.0134,58.4782,175,75
2026-05-09 15:09:19.781,3,-0.76,-1.45,1.21,-90.529,-248.6234,64.3282,175,75
2026-05-09 15:09:19.791,3,-0.29,-2.17,0.96,-111.749,-336.2434,94.5082,175,75
2026-05-09 15:09:19.800,3,-0.52,-1.69,0.7,-103.459,-366.97339999999997,121.9482,175,75
2026-05-09 15:09:19.813,3,-0.28,-1.31,0.53,-119.12899999999999,-424.5934,165.5482,175,75
2026-05-09 15:09:19.835,3,-0.44,-0.73,0.38,-143.459,-480.0834,203.22820000000002,175,75
2026-05-09 15:09:19.848,3,-1.28,0.32,0.64,-184.799,-429.47339999999997,238.2982,175,75
2026-05-09 15:09:19.867,3,-0.76,0.43,0.69,-192.47899999999998,-422.1534,250.0582,175,75
2026-05-09 15:09:19.895,3,-1.39,1.12,0.62,-168.879,-408.7434,236.4082,175,75
2026-05-09 15:09:19.895,3,-1.43,1.19,0.37,-178.38899999999998,-350.7534,267.3182,175,75
2026-05-09 15:09:19.923,3,-0.36,0.76,-0.27,-216.019,-325.8734,256.27819999999997,175,75
2026-05-09 15:09:19.938,3,-0.02,0.94,-0.72,-231.749,-271.1834,220.9182,175,75
2026-05-09 15:09:19.951,3,-0.4,1.72,-0.48,-210.099,-125.81340000000002,222.3782,175,75
2026-05-09 15:09:19.967,3,0.3,1.1,0.08,-267.779,-100.2034,205.4882,175,75
2026-05-09 15:09:20.031,3,0.23,0.57,0.63,-313.389,-138.2534,135.1182,175,75
2026-05-09 15:09:20.057,3,1.35,0.3,2.21,-245.279,-257.9534,114.93820000000001,175,75
2026-05-09 15:09:20.068,3,1.15,0.47,2.26,-232.41899999999998,-316.73339999999996,114.1482,175,75
2026-05-09 15:09:20.068,3,0.88,0.66,2.2,-199.85899999999998,-304.10339999999997,88.7782,175,75
2026-05-09 15:09:20.082,3,-0.28,1.72,2.49,-144.309,-212.40339999999998,78.71820000000001,175,75
2026-05-09 15:09:20.117,3,3.64,-4.68,0.1,126.061,-278.5634,-94.9418,175,75
2026-05-09 15:09:20.140,3,-2.62,-1.08,-1.17,-112.239,-13.133399999999998,230.97820000000002,175,75
2026-05-09 15:09:20.140,3,-3.01,-0.33,-0.37,117.52099999999999,246.13660000000002,80.4882,175,75
2026-05-09 15:09:20.168,3,-0.87,0.53,3.88,57.221,81.5666,85.3682,175,75
2026-05-09 15:09:20.194,3,-0.64,-0.38,3.17,-46.689,-154.90339999999998,85.9182,175,75
2026-05-09 15:09:20.194,3,-1.14,0.32,1.62,-85.40899999999999,-198.43339999999998,82.8682,175,75
2026-05-09 15:09:20.208,3,-1.64,0.11,1.19,-63.208999999999996,-107.0334,69.7582,175,75
2026-05-09 15:09:20.223,3,-0.54,-0.91,2.33,-36.019,-5.753399999999999,6.5282,175,75
2026-05-09 15:09:20.248,3,-0.67,0.37,1.5,-53.699,-31.063399999999998,21.8282,175,75
2026-05-09 15:09:20.259,3,-0.64,0.42,1.45,-53.999,8.636600000000001,12.7482,175,75
2026-05-09 15:09:20.291,3,-0.64,0.62,1.46,-35.349,60.8266,-10.3618,175,75
2026-05-09 15:09:20.298,3,-0.5,0.31,1.89,-33.459,71.4366,-17.8018,175,75
2026-05-09 15:09:20.310,3,-0.6,0.35,1.71,-46.319,35.4066,-9.2718,175,75
2026-05-09 15:09:20.325,3,-0.85,0.57,1.31,-54.429,26.686600000000002,-14.4518,175,75
2026-05-09 15:09:20.348,3,-0.74,0.55,1.25,-54.979,41.6866,-14.391800000000002,175,75
2026-05-09 15:09:20.348,3,-0.55,0.4,1.31,-62.239,16.5666,-5.611800000000001,175,75
2026-05-09 15:09:20.374,3,-0.92,0.52,1.12,-65.529,12.906600000000001,-1.7718000000000007,175,75
2026-05-09 15:09:20.424,3,-0.81,0.36,1.12,-52.109,23.936600000000002,-8.051800000000002,175,75
2026-05-09 15:09:20.435,3,-0.75,0.39,1.12,-47.109,27.5366,-17.3818,175,75
2026-05-09 15:09:20.450,3,-0.64,0.4,1.07,-46.749,-2.8233999999999995,-11.2218,175,75
2026-05-09 15:09:20.464,3,-0.7,0.4,1.03,-43.209,-0.6933999999999969,-11.341800000000001,175,75
2026-05-09 15:09:20.475,3,-0.67,0.39,1.06,-36.439,0.28659999999999997,-14.5118,175,75
2026-05-09 15:09:20.487,3,-0.71,0.45,1.01,-32.719,-11.183399999999999,-8.4718,175,75
2026-05-09 15:09:20.509,3,-0.52,0.31,1.23,-20.889,-5.753399999999999,-16.1618,175,75
2026-05-09 15:09:20.534,3,-0.6,0.34,1.07,-23.269,-25.143399999999996,-6.2218,175,75
2026-05-09 15:09:20.545,3,-0.67,0.37,1.12,-18.999,-13.013399999999997,-10.001800000000001,175,75
2026-05-09 15:09:20.557,3,-0.53,0.38,1.18,-16.079,-8.9834,-14.941799999999999,175,75
2026-05-09 15:09:20.579,3,-0.66,0.37,1.14,-15.219000000000001,-6.973399999999998,-7.921799999999999,175,75
2026-05-09 15:09:20.593,3,-0.64,0.31,1.4,-10.709,-2.8233999999999995,-9.8118,175,75
2026-05-09 15:09:20.608,3,-0.61,0.32,1.19,-13.879000000000001,-26.183399999999995,-6.831799999999999,175,75
2026-05-09 15:09:20.633,3,-0.67,0.48,1.16,-16.439,-9.293399999999998,-9.941799999999999,175,75
2026-05-09 15:09:20.666,3,-0.61,0.4,1.26,-31.198999999999998,-39.1734,7.1982,175,75
2026-05-09 15:09:20.677,3,-0.59,0.24,1.23,-36.199,-40.993399999999994,6.2181999999999995,175,75
2026-05-09 15:09:20.712,3,-0.62,0.41,1.11,-85.40899999999999,-135.5734,31.3382,175,75
2026-05-09 15:09:20.720,3,-0.68,0.5,0.65,-115.589,-151.7934,60.188199999999995,175,75
2026-05-09 15:09:20.740,3,-0.75,0.92,0.06,-162.909,-140.5134,97.1982,175,75
2026-05-09 15:09:20.769,3,-0.55,0.78,0.91,-166.869,-112.4634,104.32820000000001,175,75
2026-05-09 15:09:20.790,3,-0.53,0.47,1.77,-126.37899999999999,-90.63340000000001,91.21820000000001,175,75
2026-05-09 15:09:20.796,3,-0.35,-0.05,2.18,-89.60900000000001,-66.4234,62.3782,175,75
2026-05-09 15:09:20.804,3,-0.37,-0.17,2.35,-61.86900000000001,-57.7034,45.9782,175,75
2026-05-09 15:09:20.819,3,-0.32,-0.15,2.13,-37.479,-43.743399999999994,27.8082,175,75
2026-05-09 15:09:20.839,3,-0.6,0.52,1.21,-13.389,-18.863399999999995,18.3582,175,75
2026-05-09 15:09:20.863,3,-0.85,0.62,0.91,-36.439,-14.903399999999998,31.1582,175,75
2026-05-09 15:09:20.871,3,-0.64,0.5,1.31,-44.859,-13.9834,27.318199999999997,175,75
2026-05-09 15:09:20.885,3,-0.54,0.52,1.67,-52.969,-23.1934,30.428199999999997,175,75
2026-05-09 15:09:20.895,3,-0.58,0.49,1.88,-65.769,-51.9734,38.5982,175,75
2026-05-09 15:09:20.908,3,-0.69,0.45,1.79,-73.57900000000001,-71.4234,39.5082,175,75
2026-05-09 15:09:20.922,3,-0.71,0.39,1.52,-83.029,-90.0834,36.5282,175,75
2026-05-09 15:09:20.933,3,-0.84,0.45,1.27,-93.209,-105.1434,31.708199999999998,175,75
2026-05-09 15:09:20.947,3,-0.88,0.56,1.11,-95.469,-85.1434,23.4182,175,75
2026-05-09 15:09:20.968,3,-0.62,0.56,1.22,-98.81899999999999,-62.82340000000001,12.5582,175,75
2026-05-09 15:09:20.982,3,-0.9,0.59,1.3,-108.38900000000001,-75.9334,11.8882,175,75
2026-05-09 15:09:20.992,3,-0.82,0.62,1.21,-106.869,-67.0934,1.1582,175,75
2026-05-09 15:09:21.003,3,-0.68,0.65,1.17,-113.029,-77.7034,4.0282,175,75
2026-05-09 15:09:21.015,3,-0.78,0.69,1.11,-121.07900000000001,-84.2334,9.6982,175,75
2026-05-09 15:09:21.024,3,-0.89,0.67,1.0,-120.469,-72.8234,10.668199999999999,175,75
2026-05-09 15:09:21.050,3,-0.93,0.73,1.0,-122.239,-99.0434,9.1482,175,75
2026-05-09 15:09:21.063,3,-1.03,0.71,1.03,-129.249,-117.03340000000001,17.008200000000002,175,75
2026-05-09 15:09:21.085,3,-0.86,0.25,1.26,-158.089,-159.71339999999998,21.888199999999998,175,75
2026-05-09 15:09:21.102,3,-0.83,0.09,1.37,-157.849,-174.3534,24.5782,175,75
2026-05-09 15:09:21.112,3,-0.79,-0.08,1.47,-158.759,-182.0334,21.5282,175,75
2026-05-09 15:09:21.124,3,-0.88,-0.24,1.57,-158.269,-169.4734,22.498199999999997,175,75
2026-05-09 15:09:21.157,3,-0.59,-0.92,1.82,-150.409,-160.87339999999998,5.8582,175,75
2026-05-09 15:09:21.169,3,-0.55,-1.07,1.85,-153.57899999999998,-161.36339999999998,8.2982,175,75
2026-05-09 15:09:21.179,3,-0.22,-1.62,1.67,-169.249,-185.8134,25.7982,175,75
2026-05-09 15:09:21.193,3,0.25,-2.15,1.28,-194.549,-254.16339999999997,36.4082,175,75
2026-05-09 15:09:21.214,3,0.42,-0.06,0.28,-232.10899999999998,-229.2334,54.578199999999995,175,75
2026-05-09 15:09:21.226,3,-0.43,1.32,1.12,-216.019,-148.2534,46.038199999999996,175,75
2026-05-09 15:09:21.232,3,-1.29,2.12,1.73,-216.13899999999998,-131.0634,52.5582,175,75
2026-05-09 15:09:21.256,3,-0.26,1.41,0.37,-272.779,-307.0334,28.2282,175,75
2026-05-09 15:09:21.268,3,-0.41,1.28,-0.61,-318.329,-299.7134,45.188199999999995,175,75
2026-05-09 15:09:21.279,3,0.08,0.93,-0.8,-330.469,-176.7334,32.1982,175,75
2026-05-09 15:09:21.289,3,0.71,0.73,-0.67,-336.869,-167.27339999999998,-20.491799999999998,175,75
2026-05-09 15:09:21.299,3,-0.14,1.01,0.11,-369.42900000000003,-191.6634,9.7582,175,75
2026-05-09 15:09:21.312,3,-0.48,0.7,0.7,-403.579,-269.04339999999996,22.1982,175,75
2026-05-09 15:09:21.323,3,-0.46,0.52,1.14,-434.60900000000004,-362.3434,32.4982,175,75
2026-05-09 15:09:21.334,3,-0.23,0.39,1.74,-472.84900000000005,-503.9234,76.15820000000001,175,75
2026-05-09 15:09:21.342,3,-0.02,0.31,2.31,-504.73900000000003,-666.0634,96.6482,175,75
2026-05-09 15:09:21.347,3,0.04,0.81,2.58,-522.7189999999999,-817.8833999999999,113.29820000000001,175,75
2026-05-09 15:09:21.359,3,-0.32,1.48,2.53,-521.689,-882.7034,168.6582,175,75
2026-05-09 15:09:21.373,3,-0.17,1.39,2.12,-457.35900000000004,-801.7934,170.0582,175,75
2026-05-09 15:09:21.387,3,0.41,1.01,2.16,-382.969,-685.2633999999999,123.5382,175,75
2026-05-09 15:09:21.391,3,0.71,1.02,2.25,-324.309,-595.7533999999999,117.6182,175,75
2026-05-09 15:09:21.401,3,-2.46,2.38,2.56,-217.239,-443.7434,213.4182,175,75
2026-05-09 15:09:21.407,3,-1.6,0.66,0.68,-89.739,-232.27339999999998,190.2482,175,75
2026-05-09 15:09:21.421,3,3.81,-2.36,-1.35,178.981,170.09660000000002,-232.68179999999998,175,75
2026-05-09 15:09:21.443,3,-1.09,0.75,0.33,75.261,337.4166,46.1582,175,75
2026-05-09 15:09:21.454,3,-1.6,0.25,0.89,118.251,369.0066,-10.4218,175,75
2026-05-09 15:09:21.456,3,-1.49,-0.16,0.69,118.311,375.4066,19.388199999999998,175,75
2026-05-09 15:09:21.465,3,-2.39,-0.78,-0.26,22.641,212.65660000000003,152.7482,175,75
2026-05-09 15:09:21.478,3,-1.31,-2.59,0.05,-95.959,60.346599999999995,75.6682,175,75
2026-05-09 15:09:21.508,3,2.54,-0.71,4.37,157.89100000000002,132.5366,-106.1618,175,75
2026-05-09 15:09:21.530,3,-1.03,0.4,1.21,-62.359,-405.2034,294.6382,175,75
2026-05-09 15:09:21.563,3,-0.88,1.4,1.11,78.68100000000001,190.8966,4.5782,175,75
2026-05-09 15:09:21.613,3,-2.08,-0.64,0.66,-26.929000000000002,23.576600000000003,29.818199999999997,175,75
2026-05-09 15:09:21.632,3,-0.85,-0.33,1.4,30.751,43.14660000000001,-61.9518,175,75
2026-05-09 15:09:21.632,3,0.28,-0.19,1.41,18.921,2.7266000000000012,-40.241800000000005,175,75
2026-05-09 15:09:21.653,3,-0.29,0.39,1.61,-8.519,-51.123400000000004,38.1682,175,75
2026-05-09 15:09:21.664,3,-0.94,0.42,1.43,-12.969000000000001,-70.7534,19.758200000000002,175,75
2026-05-09 15:09:21.675,3,-0.73,0.97,1.1,-9.979,-32.883399999999995,-26.641800000000003,175,75
2026-05-09 15:09:21.697,3,-0.74,0.88,1.34,-45.829,-41.85339999999999,-8.781799999999999,175,75
2026-05-09 15:09:21.710,3,-0.63,0.31,1.3,-53.209,-34.903400000000005,-24.3318,175,75
2026-05-09 15:09:21.721,3,-0.68,-0.25,1.45,-63.389,-64.8434,-24.391800000000003,175,75
2026-05-09 15:09:21.743,3,-0.78,0.03,1.29,-40.279,-40.7534,-50.241800000000005,175,75
2026-05-09 15:09:21.765,3,-0.77,-0.11,1.62,-44.919,-63.013400000000004,-55.851800000000004,175,75
2026-05-09 15:09:21.766,3,-0.92,-0.17,1.63,-58.148999999999994,-76.9734,-58.05180000000001,175,75
2026-05-09 15:09:21.777,3,-0.93,-0.25,1.6,-75.82900000000001,-107.7634,-55.851800000000004,175,75
2026-05-09 15:09:21.792,3,-0.83,-0.55,1.67,-96.56899999999999,-121.66340000000001,-53.8418,175,75
2026-05-09 15:09:21.824,3,-0.19,-1.75,1.26,-153.209,-262.5834,-29.4518,175,75
2026-05-09 15:09:21.836,3,0.3,-1.38,0.93,-160.959,-288.8634,-10.911800000000001,175,75
2026-05-09 15:09:21.858,3,0.83,-0.6,0.58,-168.029,-303.6834,46.468199999999996,175,75
2026-05-09 15:09:21.858,3,0.8,-0.24,0.42,-170.959,-278.3134,49.4482,175,75
2026-05-09 15:09:21.874,3,0.43,0.25,0.54,-178.759,-238.5634,57.868199999999995,175,75
2026-05-09 15:09:21.885,3,-0.42,0.97,0.89,-164.85899999999998,-208.5634,51.1582,175,75
2026-05-09 15:09:21.902,3,-0.91,1.2,0.99,-142.47899999999998,-206.18339999999998,47.868199999999995,175,75
2026-05-09 15:09:21.910,3,-0.33,0.85,0.98,-124.679,-205.6934,50.6082,175,75
2026-05-09 15:09:21.920,3,0.37,0.45,0.38,-146.319,-250.2034,51.7082,175,75
2026-05-09 15:09:21.931,3,0.35,0.52,-0.21,-141.259,-213.0734,33.2282,175,75
2026-05-09 15:09:21.934,3,0.78,0.33,0.32,-137.849,-83.0134,17.9882,175,75
2026-05-09 15:09:21.972,3,0.14,0.7,0.39,-236.929,-177.27339999999998,-4.8118,175,75
2026-05-09 15:09:21.983,3,0.22,0.59,0.8,-247.47899999999998,-204.2334,-31.641800000000003,175,75
2026-05-09 15:09:21.994,3,0.58,0.69,1.26,-272.969,-264.04339999999996,-26.461800000000004,175,75
2026-05-09 15:09:22.006,3,0.59,0.73,1.59,-286.98900000000003,-330.9334,-0.9718,175,75
2026-05-09 15:09:22.029,3,0.6,0.55,1.87,-321.689,-525.0234,14.1482,175,75
2026-05-09 15:09:22.040,3,0.74,0.55,1.28,-340.40900000000005,-581.6034,31.0982,175,75
2026-05-09 15:09:22.054,3,0.63,0.66,1.63,-330.34900000000005,-533.4934,34.0282,175,75
2026-05-09 15:09:22.059,3,0.71,0.87,2.55,-303.939,-571.6034,29.508200000000002,175,75
2026-05-09 15:09:22.075,3,0.67,1.11,2.89,-290.15900000000005,-593.0734,56.5282,175,75
2026-05-09 15:09:22.086,3,-1.94,2.4,1.46,-245.88899999999998,-582.3434,180.0582,175,75
2026-05-09 15:09:22.096,3,-10.29,5.93,5.13,-127.53899999999999,-328.7434,533.7182,175,75
2026-05-09 15:09:22.118,3,4.46,-4.05,0.68,231.42100000000002,-322.7634,-231.4018,175,75
2026-05-09 15:09:22.130,3,0.44,1.27,-1.73,-42.719,-194.3534,267.9282,175,75
2026-05-09 15:09:22.144,3,-2.13,0.44,0.12,134.651,334.4266,98.71820000000001,175,75
2026-05-09 15:09:22.155,3,0.43,-0.95,2.03,184.781,428.45660000000004,-68.11179999999999,175,75
2026-05-09 15:09:22.167,3,0.18,-1.07,1.9,10.571,43.3266,121.7082,175,75
2026-05-09 15:09:22.182,3,-0.46,-3.49,1.18,7.521,-79.4734,158.53820000000002,175,75
2026-05-09 15:09:22.193,3,-1.74,-3.02,2.64,160.931,141.5666,71.6482,175,75
2026-05-09 15:09:22.225,3,1.0,1.72,2.31,17.581,-199.1034,208.47820000000002,175,75
2026-05-09 15:09:22.225,3,-2.18,1.29,1.15,-41.379,-221.30339999999998,178.22820000000002,175,75
2026-05-09 15:09:22.237,3,-1.9,1.43,0.37,1.5410000000000004,-62.7034,41.468199999999996,175,75
2026-05-09 15:09:22.248,3,-0.88,1.26,1.19,9.171,23.696600000000004,19.2682,175,75
2026-05-09 15:09:22.272,3,-1.11,0.44,0.76,-26.569000000000003,-111.7334,21.5282,175,75
2026-05-09 15:09:22.283,3,-0.71,-0.33,0.67,-3.939,-39.96339999999999,-0.061799999999999855,175,75
2026-05-09 15:09:22.295,3,-0.54,-0.9,1.22,13.620999999999999,-4.773399999999999,4.2082,175,75
2026-05-09 15:09:22.332,3,-0.64,0.28,1.46,9.291,-33.8634,-30.791800000000002,175,75
2026-05-09 15:09:22.363,3,-0.59,-0.76,1.71,-16.689,-48.49340000000001,-11.641800000000002,175,75
2026-05-09 15:09:22.369,3,-0.64,-1.13,1.49,-13.029,-54.4734,-15.001800000000001,175,75
2026-05-09 15:09:22.395,3,0.06,-1.62,1.3,-14.068999999999999,-55.0834,18.3582,175,75
2026-05-09 15:09:22.406,3,0.4,-1.79,1.38,-22.049,-90.9334,64.9982,175,75
2026-05-09 15:09:22.415,3,0.78,-1.86,1.35,-33.879,-139.59339999999997,85.1182,175,75
2026-05-09 15:09:22.451,3,0.07,-0.02,1.33,-92.47900000000001,-210.4534,153.9682,175,75
2026-05-09 15:09:22.479,3,-0.21,1.26,1.59,-61.379,-145.14339999999999,104.6982,175,75
2026-05-09 15:09:22.494,3,-0.78,1.88,1.93,-45.099,-116.7334,110.6682,175,75
2026-05-09 15:09:22.513,3,0.69,0.53,-0.26,-123.75899999999999,-214.2934,78.4182,175,75
2026-05-09 15:09:22.534,3,0.65,0.74,-0.62,-172.47899999999998,-6.973399999999998,27.928199999999997,175,75
2026-05-09 15:09:22.547,3,0.88,0.7,0.09,-209.679,-51.303399999999996,1.3381999999999996,175,75
2026-05-09 15:09:22.561,3,0.37,0.64,0.15,-246.379,-64.7734,27.318199999999997,175,75
2026-05-09 15:09:22.570,3,0.06,0.34,0.39,-255.82899999999998,-61.4834,13.598199999999999,175,75
2026-05-09 15:09:22.582,3,0.2,0.07,0.94,-276.439,-84.4734,-14.941799999999999,175,75
2026-05-09 15:09:22.597,3,0.26,0.27,1.33,-310.589,-149.77339999999998,-8.7218,175,75
2026-05-09 15:09:22.609,3,0.14,0.26,1.35,-333.459,-210.5134,4.8182,175,75
2026-05-09 15:09:22.620,3,-0.04,0.42,1.23,-333.699,-239.04339999999996,11.0382,175,75
2026-05-09 15:09:22.632,3,0.05,0.39,1.36,-323.149,-232.58339999999998,27.688200000000002,175,75
2026-05-09 15:09:22.646,3,0.29,0.3,1.28,-283.089,-217.34339999999997,27.258200000000002,175,75
2026-05-09 15:09:22.657,3,0.58,0.33,1.42,-256.98900000000003,-190.99339999999998,18.7182,175,75
2026-05-09 15:09:22.667,3,0.88,0.44,1.78,-227.539,-160.93339999999998,-4.5718,175,75
2026-05-09 15:09:22.680,3,-2.27,2.17,2.48,-185.099,-66.3634,79.93820000000001,175,75
2026-05-09 15:09:22.690,3,-6.02,2.96,3.68,-203.089,212.35660000000001,235.9182,175,75
2026-05-09 15:09:22.698,3,-2.08,-0.99,5.09,351.001,348.08660000000003,19.0882,175,75
2026-05-09 15:09:22.712,3,-0.24,-2.24,6.76,376.421,199.97660000000002,-28.4718,175,75
2026-05-09 15:09:22.725,3,4.38,-2.99,5.03,167.89100000000002,-85.4534,-41.031800000000004,175,75
2026-05-09 15:09:22.772,3,0.36,0.84,1.3,242.221,313.6966,-220.18179999999998,175,75
2026-05-09 15:09:22.782,3,1.49,1.83,2.67,105.321,61.506600000000006,107.9882,175,75
2026-05-09 15:09:22.792,3,-1.05,0.62,2.01,55.391,-214.84339999999997,161.8882,175,75
2026-05-09 15:09:22.805,3,-1.82,0.13,0.62,44.171,-51.123400000000004,23.0482,175,75
2026-05-09 15:09:22.819,3,-0.6,0.47,1.3,94.17099999999999,73.0266,-24.6918,175,75
2026-05-09 15:09:22.830,3,-0.15,0.71,2.12,53.741,-4.293399999999998,19.4482,175,75
2026-05-09 15:09:22.863,3,-0.44,0.03,1.53,40.811,-3.193399999999997,17.688200000000002,175,75
2026-05-09 15:09:22.874,3,-0.31,0.25,1.49,33.681,-21.3034,22.748199999999997,175,75
2026-05-09 15:09:22.887,3,-0.75,0.41,1.38,26.001,8.576600000000001,37.5582,175,75
2026-05-09 15:09:22.899,3,-0.5,0.37,1.63,27.761,48.696600000000004,20.4882,175,75
2026-05-09 15:09:22.910,3,-0.34,0.44,1.68,18.561,19.306600000000003,28.968200000000003,175,75
2026-05-09 15:09:22.910,3,-0.66,0.38,1.56,11.481,3.0866000000000007,34.8182,175,75
2026-05-09 15:09:22.931,3,-0.41,0.18,1.35,6.541,8.026600000000002,13.5382,175,75
2026-05-09 15:09:22.943,3,-0.17,0.59,1.11,-1.3790000000000004,-3.433399999999999,20.3682,175,75
2026-05-09 15:09:22.955,3,-0.73,0.45,1.35,4.721,27.7266,29.938200000000002,175,75
2026-05-09 15:09:22.967,3,-0.58,0.17,1.51,4.901,41.866600000000005,23.4182,175,75
2026-05-09 15:09:22.983,3,-0.48,0.19,1.56,3.251,35.64660000000001,22.0782,175,75
2026-05-09 15:09:22.993,3,-0.48,0.35,1.51,3.801,33.6366,26.5882,175,75
2026-05-09 15:09:23.004,3,-0.74,0.22,1.6,2.461,48.14660000000001,29.388199999999998,175,75
2026-05-09 15:09:23.015,3,-0.62,0.19,1.64,8.131,53.456599999999995,16.7682,175,75
2026-05-09 15:09:23.026,3,-0.47,0.44,1.61,2.2809999999999997,27.1766,14.8782,175,75
2026-05-09 15:09:23.038,3,-0.66,0.48,1.23,-9.549,-4.843399999999999,22.748199999999997,175,75
2026-05-09 15:09:23.085,3,-0.77,0.45,1.16,-9.919,4.736600000000001,8.908199999999999,175,75
2026-05-09 15:09:23.096,3,-0.77,0.41,1.2,-7.968999999999999,17.966600000000003,-1.4618000000000002,175,75
2026-05-09 15:09:23.106,3,-0.57,0.42,1.33,-8.879,11.436600000000002,-6.6418,175,75
2026-05-09 15:09:23.128,3,-0.72,0.45,1.28,-13.759,-7.9533999999999985,-1.341800000000001,175,75
2026-05-09 15:09:23.139,3,-0.68,0.42,1.22,-12.658999999999999,-5.3233999999999995,-6.2818000000000005,175,75
2026-05-09 15:09:23.164,3,-0.7,0.47,1.23,-21.629,-16.7334,-5.7318,175,75
2026-05-09 15:09:23.175,3,-0.67,0.48,1.23,-23.579,-13.683399999999999,-7.921799999999999,175,75
2026-05-09 15:09:23.181,3,-0.54,0.51,1.22,-27.299,-21.363399999999995,-6.9518,175,75
2026-05-09 15:09:23.193,3,-0.59,0.44,1.11,-30.409,-22.823399999999996,-1.0318000000000005,175,75
2026-05-09 15:09:23.207,3,-0.65,0.49,1.17,-24.859,-2.7033999999999985,-8.4718,175,75
2026-05-09 15:09:23.222,3,-0.6,0.25,1.32,-23.819,-4.2334,-6.1617999999999995,175,75
2026-05-09 15:09:23.234,3,-0.63,0.25,1.21,-24.609,-3.313399999999998,-7.681800000000001,175,75
2026-05-09 15:09:23.244,3,-0.68,0.28,1.27,-24.429,1.566600000000001,-7.621799999999999,175,75
2026-05-09 15:09:23.258,3,-0.58,0.26,1.42,-23.999,-6.543399999999998,-10.3618,175,75
2026-05-09 15:09:23.271,3,-0.62,0.29,1.36,-26.259,-20.813399999999998,-3.7218,175,75
2026-05-09 15:09:23.285,3,-0.69,0.26,1.26,-29.609,-25.0234,-2.8618000000000006,175,75
2026-05-09 15:09:23.295,3,-0.65,0.38,1.24,-37.049,-17.213399999999996,-1.9518000000000004,175,75
2026-05-09 15:09:23.300,3,-0.55,0.39,1.38,-47.479,-41.85339999999999,3.4181999999999997,175,75
2026-05-09 15:09:23.313,3,-0.5,0.43,1.37,-65.09899999999999,-75.9334,11.4682,175,75
2026-05-09 15:09:23.323,3,-0.71,0.45,1.27,-81.989,-86.85340000000001,29.328200000000002,175,75
2026-05-09 15:09:23.337,3,-0.61,0.36,1.24,-97.10900000000001,-95.8734,33.1082,175,75
2026-05-09 15:09:23.339,3,-0.43,0.52,1.18,-109.679,-107.7034,48.1682,175,75
2026-05-09 15:09:23.383,3,-0.52,0.62,0.97,-185.88899999999998,-107.7034,119.6982,175,75
2026-05-09 15:09:23.394,3,-0.27,0.63,1.39,-199.489,-141.0634,133.41819999999998,175,75
2026-05-09 15:09:23.404,3,-0.27,0.63,1.51,-204.189,-170.3234,144.50820000000002,175,75
2026-05-09 15:09:23.427,3,-0.18,0.28,2.07,-153.57899999999998,-80.0834,122.68820000000001,175,75
2026-05-09 15:09:23.443,3,-0.17,0.07,2.4,-120.40899999999999,-41.6734,96.21820000000001,175,75
2026-05-09 15:09:23.453,3,-0.31,0.01,2.43,-91.19900000000001,-25.4534,80.0582,175,75
2026-05-09 15:09:23.464,3,-0.6,0.01,2.06,-71.62899999999999,-28.9834,67.4382,175,75
2026-05-09 15:09:23.497,3,-1.1,0.53,0.86,-77.10900000000001,-14.353399999999997,42.868199999999995,175,75
2026-05-09 15:09:23.507,3,-0.73,0.61,1.38,-79.489,-17.1534,33.4782,175,75
2026-05-09 15:09:23.518,3,-0.64,0.58,1.67,-94.369,-61.60340000000001,38.4182,175,75
2026-05-09 15:09:23.530,3,-0.79,0.61,1.58,-101.689,-90.7534,39.5082,175,75
2026-05-09 15:09:23.563,3,-1.02,0.66,0.87,-114.489,-130.02339999999998,29.758200000000002,175,75
2026-05-09 15:09:23.578,3,-0.9,0.71,0.8,-109.85900000000001,-108.3734,25.0582,175,75
2026-05-09 15:09:23.588,3,-0.85,0.77,0.79,-109.60900000000001,-107.0934,24.998199999999997,175,75
2026-05-09 15:09:23.600,3,-0.84,0.85,0.67,-107.10900000000001,-83.6234,19.818199999999997,175,75
2026-05-09 15:09:23.613,3,-0.78,0.93,0.74,-94.429,-33.9834,11.0382,175,75
2026-05-09 15:09:23.625,3,-0.9,1.02,0.81,-84.97900000000001,-4.173399999999997,4.6982,175,75
2026-05-09 15:09:23.637,3,-0.9,0.97,0.73,-78.38900000000001,3.396600000000001,-2.9917999999999996,175,75
2026-05-09 15:09:23.656,3,-1.11,0.96,0.72,-72.969,14.976600000000001,-10.6718,175,75
2026-05-09 15:09:23.656,3,-0.96,0.64,0.9,-71.56899999999999,4.306600000000001,-18.6618,175,75
2026-05-09 15:09:23.680,3,-0.84,0.31,1.2,-71.989,-42.82339999999999,-25.421800000000005,175,75
2026-05-09 15:09:23.691,3,-0.86,0.15,1.25,-74.91900000000001,-73.2534,-18.781799999999997,175,75
2026-05-09 15:09:23.729,3,-0.74,-0.23,1.5,-51.139,-95.38340000000001,-35.7318,175,75
2026-05-09 15:09:23.754,3,-0.66,-0.51,1.56,-52.539,-80.0234,-35.3018,175,75
2026-05-09 15:09:23.765,3,-0.63,-0.67,1.65,-56.989,-74.0434,-27.1918,175,75
2026-05-09 15:09:23.776,3,-0.72,-0.91,1.87,-61.499,-69.4134,-8.661800000000001,175,75
2026-05-09 15:09:23.791,3,-0.73,-1.39,1.97,-71.37899999999999,-78.8634,10.488199999999999,175,75
2026-05-09 15:09:23.791,3,-0.24,-2.26,1.87,-91.989,-137.40339999999998,13.8382,175,75
2026-05-09 15:09:23.804,3,0.27,-2.18,1.29,-110.219,-209.2334,21.2182,175,75
2026-05-09 15:09:23.815,3,0.56,-1.4,0.79,-119.249,-211.5434,38.0482,175,75
2026-05-09 15:09:23.826,3,0.69,-0.26,0.32,-153.149,-183.9234,74.4482,175,75
2026-05-09 15:09:23.837,3,0.18,0.75,0.72,-164.129,-137.21339999999998,72.1982,175,75
2026-05-09 15:09:23.858,3,-0.76,1.82,1.65,-134.069,-121.3634,77.1982,175,75
2026-05-09 15:09:23.874,3,0.95,0.58,0.16,-217.47899999999998,-281.1234,33.1082,175,75
2026-05-09 15:09:23.892,3,0.25,1.2,-1.19,-297.47900000000004,-106.0634,20.248199999999997,175,75
2026-05-09 15:09:23.914,3,0.76,0.7,-0.34,-324.42900000000003,-75.6934,-55.851800000000004,175,75
2026-05-09 15:09:23.936,3,0.02,0.53,0.76,-422.90900000000005,-221.8534,1.0981999999999994,175,75
2026-05-09 15:09:23.936,3,0.02,0.3,1.12,-441.499,-289.16339999999997,-15.4218,175,75
2026-05-09 15:09:23.947,3,0.21,0.23,1.47,-472.90900000000005,-374.5934,-9.4518,175,75
2026-05-09 15:09:23.960,3,0.31,0.23,1.81,-511.569,-470.9934,16.8282,175,75
2026-05-09 15:09:23.968,3,0.12,0.47,2.26,-549.9789999999999,-619.3534,36.7082,175,75
2026-05-09 15:09:23.985,3,-0.02,1.0,2.47,-543.579,-708.5634,60.368199999999995,175,75
2026-05-09 15:09:23.995,3,-0.29,1.28,2.68,-520.5889999999999,-712.3434,92.13820000000001,175,75
2026-05-09 15:09:24.005,3,-0.15,1.27,2.85,-465.219,-673.0133999999999,82.3782,175,75
2026-05-09 15:09:24.017,3,-4.83,3.62,3.85,-388.029,-504.5934,313.71819999999997,175,75
2026-05-09 15:09:24.027,3,1.58,-4.66,3.81,161.001,-140.3834,-178.6618,175,75
2026-05-09 15:09:24.070,3,-3.13,0.65,-1.87,8.501,47.476600000000005,144.9382,175,75
2026-05-09 15:09:24.080,3,-4.59,-1.44,-3.59,-62.969,330.58660000000003,213.3582,175,75
2026-05-09 15:09:24.092,3,-0.76,-7.68,0.5,198.131,478.45660000000004,-86.5818,175,75
2026-05-09 15:09:24.105,3,-3.49,-0.21,6.37,663.561,619.8566,-328.84180000000003,175,75
2026-05-09 15:09:24.114,3,4.87,1.49,7.95,103.131,417.4166,-173.6618,175,75
2026-05-09 15:09:24.126,3,1.8,2.43,3.63,-126.809,-619.7134,378.41819999999996,175,75
2026-05-09 15:09:24.130,3,-2.35,0.75,1.11,-199.60899999999998,-597.0334,357.2582,175,75
2026-05-09 15:09:24.143,3,-3.63,0.31,-1.37,-140.709,-230.3834,165.4882,175,75
2026-05-09 15:09:24.153,3,-2.3,0.64,-0.27,91.001,85.28659999999999,-63.1718,175,75
2026-05-09 15:09:24.163,3,-0.1,1.07,2.16,35.260999999999996,144.2466,-44.811800000000005,175,75
2026-05-09 15:09:24.175,3,0.71,0.99,2.36,-45.649,-144.3534,41.828199999999995,175,75
2026-05-09 15:09:24.196,3,-0.91,0.87,0.94,-77.84899999999999,-243.92340000000002,92.9282,175,75
2026-05-09 15:09:24.207,3,-1.72,0.16,0.3,-39.369,-50.2034,33.1682,175,75
2026-05-09 15:09:24.218,3,-0.86,-0.61,0.82,6.971,50.956599999999995,-35.241800000000005,175,75
2026-05-09 15:09:24.233,3,-0.47,-0.21,1.61,7.091,-23.743399999999998,5.2482,175,75
2026-05-09 15:09:24.259,3,-0.65,0.46,1.21,3.011,-26.243399999999998,-0.49179999999999957,175,75
2026-05-09 15:09:24.269,3,-0.62,0.71,1.31,-1.8089999999999993,-29.6534,-14.3318,175,75
2026-05-09 15:09:24.286,3,-0.68,0.69,1.42,-13.939,-18.313399999999998,-10.851799999999999,175,75
2026-05-09 15:09:24.313,3,-0.61,0.25,1.39,-53.939,-78.3134,-7.3818,175,75
2026-05-09 15:09:24.327,3,-0.65,0.24,1.34,-54.189,-73.3134,-13.351799999999999,175,75
2026-05-09 15:09:24.335,3,-0.54,0.17,1.4,-58.939,-65.38340000000001,-12.5618,175,75
2026-05-09 15:09:24.355,3,-0.78,0.09,1.49,-65.40899999999999,-78.8034,-9.141800000000002,175,75
2026-05-09 15:09:24.366,3,-0.96,0.01,1.35,-71.25899999999999,-86.7934,-22.6218,175,75
2026-05-09 15:09:24.389,3,-1.12,-0.02,1.16,-96.989,-132.46339999999998,-15.6118,175,75
2026-05-09 15:09:24.426,3,-0.97,-0.81,0.88,-129.97899999999998,-201.18339999999998,7.7482,175,75
2026-05-09 15:09:24.438,3,-0.77,-0.81,0.88,-134.85899999999998,-223.2534,14.2082,175,75
2026-05-09 15:09:24.438,3,-0.44,-0.69,0.91,-141.569,-256.48339999999996,23.3582,175,75
2026-05-09 15:09:24.455,3,-0.17,-0.53,0.75,-155.589,-293.98339999999996,47.688199999999995,175,75
2026-05-09 15:09:24.466,3,0.01,-0.28,0.71,-165.279,-296.2434,61.3382,175,75
2026-05-09 15:09:24.480,3,0.04,0.03,0.69,-169.97899999999998,-288.98339999999996,61.8882,175,75
2026-05-09 15:09:24.493,3,0.04,0.44,0.8,-167.179,-259.29339999999996,59.578199999999995,175,75
2026-05-09 15:09:24.503,3,-0.15,0.92,1.18,-154.429,-237.58339999999998,60.4882,175,75
2026-05-09 15:09:24.525,3,-0.45,1.19,1.27,-154.739,-246.54339999999996,68.7782,175,75
2026-05-09 15:09:24.535,3,-0.55,1.36,1.05,-146.019,-243.6234,76.21820000000001,175,75
2026-05-09 15:09:24.546,3,-0.42,1.01,0.6,-157.599,-231.0634,89.8782,175,75
2026-05-09 15:09:24.560,3,0.1,0.74,-0.47,-191.439,-189.77339999999998,58.4182,175,75
2026-05-09 15:09:24.582,3,0.18,0.79,-0.18,-185.82899999999998,-90.8134,31.468200000000003,175,75
2026-05-09 15:09:24.589,3,0.24,0.71,0.41,-191.749,-69.96340000000001,26.3382,175,75
2026-05-09 15:09:24.599,3,0.58,0.55,0.58,-206.07899999999998,-153.9834,18.9082,175,75
2026-05-09 15:09:24.609,3,0.27,0.57,0.2,-211.13899999999998,-163.74339999999998,28.8382,175,75
2026-05-09 15:09:24.634,3,0.53,0.36,0.45,-224.739,-198.80339999999998,4.1482,175,75
2026-05-09 15:09:24.660,3,0.03,0.79,1.59,-218.819,-244.35339999999997,27.258200000000002,175,75
2026-05-09 15:09:24.684,3,-4.25,2.32,4.22,-83.089,-195.3234,307.0782,175,75
2026-05-09 15:09:24.707,3,4.03,-0.71,1.23,-33.329,-471.79339999999996,110.3082,175,75
2026-05-09 15:09:24.735,3,0.04,-1.63,-0.4,96.541,39.616600000000005,-3.0518,175,75
2026-05-09 15:09:24.752,3,-0.04,-0.37,0.98,122.821,313.9366,-0.18180000000000085,175,75
2026-05-09 15:09:24.752,3,0.28,-0.56,1.79,116.791,247.2966,31.4082,175,75
2026-05-09 15:09:24.764,3,-0.86,-1.51,1.44,60.021,54.366600000000005,120.6682,175,75
2026-05-09 15:09:24.778,3,-0.5,-0.99,2.38,150.571,78.0866,32.0082,175,75
2026-05-09 15:09:24.814,3,-0.97,0.7,2.03,3.801,-151.6634,146.4082,175,75
2026-05-09 15:09:24.826,3,-1.74,0.72,0.89,-18.699,-99.1634,94.57820000000001,175,75
2026-05-09 15:09:24.838,3,-1.14,0.53,0.91,4.591,-8.2534,39.5782,175,75
2026-05-09 15:09:24.849,3,-0.75,0.78,1.37,-16.749,-57.3434,35.1882,175,75
2026-05-09 15:09:24.861,3,-1.01,0.54,1.05,-18.699,-72.88340000000001,29.818199999999997,175,75
2026-05-09 15:09:24.878,3,-0.95,0.02,0.99,10.690999999999999,4.006600000000002,-16.5818,175,75
2026-05-09 15:09:24.891,3,-0.72,-0.13,1.23,16.671,-6.3034,-20.061799999999998,175,75
2026-05-09 15:09:24.903,3,-0.69,-0.23,1.4,18.680999999999997,-20.633399999999998,-16.4018,175,75
2026-05-09 15:09:24.918,3,-0.55,-0.29,1.35,23.371,-29.533399999999997,-18.351799999999997,175,75
2026-05-09 15:09:24.918,3,-0.36,-0.17,1.32,25.571,-25.5134,-12.1318,175,75
2026-05-09 15:09:24.949,3,-0.03,-0.27,1.58,26.481,-21.3034,29.578200000000002,175,75
2026-05-09 15:09:24.961,3,0.03,-0.42,1.54,19.291,-23.073399999999996,55.368199999999995,175,75
2026-05-09 15:09:24.981,3,0.12,-0.28,1.87,1.9109999999999996,-77.46340000000001,112.2582,175,75
2026-05-09 15:09:24.996,3,-0.02,-0.32,1.98,-17.909,-120.81340000000002,141.03820000000002,175,75
2026-05-09 15:09:25.013,3,-0.18,0.01,1.93,-38.329,-190.14339999999999,163.7182,175,75
2026-05-09 15:09:25.027,3,-0.44,0.31,1.65,-54.429,-216.24339999999998,176.4082,175,75
2026-05-09 15:09:25.052,3,-1.16,0.65,1.24,-74.679,-174.84339999999997,168.5982,175,75
2026-05-09 15:09:25.058,3,-1.23,0.58,1.18,-73.63900000000001,-149.5334,155.6082,175,75
2026-05-09 15:09:25.096,3,-0.7,-0.18,0.63,-89.91900000000001,-155.93339999999998,121.21820000000001,175,75
2026-05-09 15:09:25.103,3,-0.27,-0.14,0.19,-95.88900000000001,-128.80339999999998,84.57820000000001,175,75
2026-05-09 15:09:25.124,3,-0.08,-0.13,0.53,-112.299,-78.8634,83.7782,175,75
2026-05-09 15:09:25.132,3,0.13,-0.16,0.71,-142.599,-134.2934,51.7082,175,75
2026-05-09 15:09:25.147,3,0.02,0.13,0.56,-161.07899999999998,-138.0134,44.2082,175,75
2026-05-09 15:09:25.148,3,-0.02,0.14,0.63,-176.569,-117.8234,36.2182,175,75
2026-05-09 15:09:25.159,3,0.03,0.12,0.83,-199.799,-124.7134,8.5382,175,75
2026-05-09 15:09:25.174,3,0.09,0.23,0.88,-219.249,-131.18339999999998,-8.7218,175,75
2026-05-09 15:09:25.189,3,0.13,0.21,0.91,-252.239,-128.49339999999998,-35.491800000000005,175,75
2026-05-09 15:09:25.206,3,0.08,0.25,0.85,-263.029,-107.4034,-53.2918,175,75
2026-05-09 15:09:25.217,3,0.11,0.23,0.96,-270.589,-68.6234,-69.3318,175,75
2026-05-09 15:09:25.236,3,0.07,0.2,1.04,-271.809,-38.9234,-82.0118,175,75
2026-05-09 15:09:25.255,3,-0.04,0.14,1.2,-266.439,20.0366,-101.5818,175,75
2026-05-09 15:09:25.295,3,0.15,0.33,1.64,-215.279,34.8566,-119.20179999999999,175,75
2026-05-09 15:09:25.307,3,-0.46,0.8,1.8,-195.649,34.3066,-102.0718,175,75
2026-05-09 15:09:25.307,3,-3.68,1.93,2.12,-206.499,130.0966,21.0382,175,75
2026-05-09 15:09:25.328,3,-2.53,1.3,3.72,-45.889,38.3266,62.4982,175,75
2026-05-09 15:09:25.334,3,-2.95,1.53,5.53,101.541,131.9266,-30.9718,175,75
2026-05-09 15:09:25.383,3,-0.73,0.42,1.06,-40.039,-162.0334,160.0582,175,75
2026-05-09 15:09:25.394,3,-0.11,-0.18,0.49,89.231,35.4666,-23.9018,175,75
2026-05-09 15:09:25.407,3,-0.15,0.08,0.23,81.67099999999999,126.0766,35.7282,175,75
2026-05-09 15:09:25.441,3,-0.67,-1.28,2.35,116.791,137.8466,1.0981999999999994,175,75
2026-05-09 15:09:25.463,3,-0.02,0.32,2.48,31.971,-118.31340000000002,103.2282,175,75
2026-05-09 15:09:25.474,3,-0.88,0.27,1.43,6.731,-127.2134,77.13820000000001,175,75
2026-05-09 15:09:25.498,3,-0.52,0.03,0.95,18.741,-33.133399999999995,50.8582,175,75
2026-05-09 15:09:25.509,3,-0.64,0.05,1.15,19.901,-28.863399999999995,49.0282,175,75
2026-05-09 15:09:25.519,3,-0.79,0.3,1.45,19.901,-13.433399999999999,44.2682,175,75
2026-05-09 15:09:25.529,3,-0.47,0.39,1.64,13.131,-32.21339999999999,40.0582,175,75
2026-05-09 15:09:25.541,3,-0.57,0.34,1.45,-2.6590000000000007,-64.0434,50.4882,175,75
2026-05-09 15:09:25.553,3,-0.49,0.13,1.28,-1.569,-68.3134,44.578199999999995,175,75
2026-05-09 15:09:25.568,3,-0.39,0.07,1.1,0.2610000000000001,-81.3634,50.3082,175,75
2026-05-09 15:09:25.568,3,-0.61,0.21,1.13,3.921,-74.7734,55.6682,175,75
2026-05-09 15:09:25.600,3,-0.37,0.05,1.44,11.611,-60.32340000000001,63.8382,175,75
2026-05-09 15:09:25.616,3,-0.34,-0.5,1.28,2.401,-88.9234,79.2082,175,75
2026-05-09 15:09:25.627,3,-0.59,-0.04,1.31,9.901,-79.4134,69.6982,175,75
2026-05-09 15:09:25.646,3,-0.44,0.4,1.47,9.721,-75.6934,64.6982,175,75
2026-05-09 15:09:25.670,3,-0.66,0.35,1.57,-7.109,-89.6534,65.7282,175,75
2026-05-09 15:09:25.708,3,-0.81,0.32,1.27,-25.159,-90.0234,61.7682,175,75
2026-05-09 15:09:25.720,3,-0.77,0.45,1.23,-26.198999999999998,-66.7934,54.328199999999995,175,75
2026-05-09 15:09:25.735,3,-0.72,0.55,1.31,-36.569,-55.873400000000004,56.2782,175,75
2026-05-09 15:09:25.754,3,-0.83,0.66,1.27,-58.699000000000005,-40.93339999999999,44.148199999999996,175,75
2026-05-09 15:09:25.764,3,-0.62,0.62,1.2,-72.59899999999999,-49.2334,35.6082,175,75
2026-05-09 15:09:25.774,3,-0.42,0.57,1.12,-91.13900000000001,-53.433400000000006,26.038199999999996,175,75
2026-05-09 15:09:25.786,3,-0.25,0.56,1.06,-113.75899999999999,-55.2034,10.6082,175,75
2026-05-09 15:09:25.797,3,-0.18,0.53,1.06,-133.38899999999998,-48.013400000000004,3.2281999999999993,175,75
2026-05-09 15:09:25.808,3,-0.22,0.48,1.1,-146.569,-44.71339999999999,-7.3118,175,75
2026-05-09 15:09:25.822,3,-0.35,0.5,1.17,-155.959,-37.9534,-20.421799999999998,175,75
2026-05-09 15:09:25.850,3,-0.26,0.28,1.26,-170.769,-55.6934,-38.531800000000004,175,75
2026-05-09 15:09:25.859,3,-0.31,0.2,1.33,-175.099,-52.403400000000005,-46.7018,175,75
2026-05-09 15:09:25.874,3,-0.28,0.14,1.39,-175.82899999999998,-58.5634,-61.0318,175,75
2026-05-09 15:09:25.897,3,-0.33,0.15,1.59,-170.039,-55.4534,-71.89179999999999,175,75
2026-05-09 15:09:25.910,3,-0.28,0.3,1.81,-161.019,-87.0334,-79.5718,175,75
2026-05-09 15:09:25.926,3,-0.22,0.47,1.72,-153.69899999999998,-96.1834,-75.42179999999999,175,75
2026-05-09 15:09:25.939,3,-0.16,0.58,1.45,-138.209,-79.96340000000001,-57.80180000000001,175,75
2026-05-09 15:09:25.939,3,-0.17,0.56,1.34,-124.12899999999999,-58.013400000000004,-49.2018,175,75
2026-05-09 15:09:25.970,3,-0.03,0.56,1.36,-88.459,-4.473399999999998,-44.5118,175,75
2026-05-09 15:09:25.976,3,0.09,0.55,1.46,-78.32900000000001,-10.1434,-42.2518,175,75
2026-05-09 15:09:25.990,3,0.32,0.59,1.47,-69.309,-9.103399999999997,-44.5118,175,75
2026-05-09 15:09:26.005,3,0.6,0.61,1.62,-60.529,-6.543399999999998,-45.1218,175,75
2026-05-09 15:09:26.016,3,0.76,0.66,1.7,-54.799,-18.9834,-48.781800000000004,175,75
2026-05-09 15:09:26.041,3,-1.49,1.09,3.04,59.651,-4.593399999999999,69.0882,175,75
2026-05-09 15:09:26.095,3,-0.04,-0.13,1.38,18.500999999999998,118.0266,-32.1918,175,75
2026-05-09 15:09:26.143,3,-0.35,-1.11,-0.36,-65.649,-80.4534,101.9482,175,75
2026-05-09 15:09:26.153,3,0.06,-2.71,1.0,19.041,6.196600000000002,27.438200000000002,175,75
2026-05-09 15:09:26.197,3,-0.72,0.81,1.15,50.691,23.8166,46.218199999999996,175,75
2026-05-09 15:09:26.211,3,-0.66,0.38,1.41,31.061,43.876599999999996,37.6182,175,75
2026-05-09 15:09:26.222,3,-1.08,0.56,1.92,9.961,-7.093399999999999,32.8082,175,75
2026-05-09 15:09:26.230,3,-0.76,0.43,1.79,-6.138999999999999,-68.3134,5.4282,175,75
2026-05-09 15:09:26.243,3,-0.33,0.33,1.45,-17.049,-77.8234,2.9882,175,75
2026-05-09 15:09:26.275,3,-0.5,-0.23,0.73,-19.429,-41.913399999999996,21.4082,175,75
2026-05-09 15:09:26.281,3,-0.55,-0.04,1.09,4.291,7.116600000000002,2.5581999999999994,175,75
2026-05-09 15:09:26.295,3,-0.41,0.2,1.23,10.870999999999999,9.2466,0.30819999999999936,175,75
2026-05-09 15:09:26.305,3,-0.29,0.23,1.36,3.921,-4.2334,9.8782,175,75
2026-05-09 15:09:26.317,3,-0.32,0.25,1.24,-1.0190000000000001,-14.773399999999999,12.8082,175,75
2026-05-09 15:09:26.328,3,-0.34,0.14,1.15,-5.099,-6.673399999999997,10.3682,175,75
2026-05-09 15:09:26.339,3,-0.41,0.17,1.26,-2.2390000000000008,0.5866000000000007,7.6882,175,75
2026-05-09 15:09:26.339,3,-0.38,0.12,1.35,-3.149000000000001,-13.863399999999999,4.4482,175,75
2026-05-09 15:09:26.381,3,-0.46,0.1,1.27,0.8709999999999996,-14.293399999999998,-0.001800000000001134,175,75
2026-05-09 15:09:26.405,3,-0.25,0.02,1.1,6.541,-25.2634,6.4082,175,75
2026-05-09 15:09:26.416,3,-0.42,-0.0,1.15,9.721,-27.5234,6.3382,175,75
2026-05-09 15:09:26.427,3,-0.51,0.05,1.18,13.561,-23.133399999999998,-2.9917999999999996,175,75
2026-05-09 15:09:26.438,3,-0.62,0.14,1.29,18.311,-17.033399999999997,-11.8318,175,75
2026-05-09 15:09:26.448,3,-0.53,0.1,1.36,23.621,-9.173399999999997,-24.881800000000005,175,75
2026-05-09 15:09:26.455,3,-0.43,-0.08,1.28,22.641,-22.0934,-29.0218,175,75
2026-05-09 15:09:26.480,3,-0.54,-0.16,1.21,32.091,4.736600000000001,-55.0018,175,75
2026-05-09 15:09:26.494,3,-0.37,-0.05,1.29,34.291,7.656600000000001,-62.501799999999996,175,75
2026-05-09 15:09:26.507,3,-0.4,-0.01,1.44,26.731,17.3566,-57.131800000000005,175,75
2026-05-09 15:09:26.520,3,-0.36,-0.02,1.43,25.201,22.7866,-62.6218,175,75
2026-05-09 15:09:26.533,3,-0.38,-0.01,1.42,18.801000000000002,16.7466,-61.521800000000006,175,75
2026-05-09 15:09:26.545,3,-0.4,-0.03,1.41,11.911,11.0166,-62.131800000000005,175,75
2026-05-09 15:09:26.578,3,-0.21,0.1,1.3,-13.879000000000001,9.006600000000002,-53.7218,175,75
2026-05-09 15:09:26.608,3,-0.02,0.55,1.23,7.891,23.876600000000003,-55.0018,175,75
2026-05-09 15:09:26.626,3,-0.13,0.69,1.12,39.231,42.6566,-17.071800000000003,175,75
2026-05-09 15:09:26.637,3,-0.21,0.66,1.1,53.131,60.7666,0.24819999999999887,175,75
2026-05-09 15:09:26.642,3,-0.27,0.51,1.18,62.461,66.0166,13.4782,175,75
2026-05-09 15:09:26.663,3,-0.58,0.45,1.35,72.281,73.0866,30.3682,175,75
2026-05-09 15:09:26.671,3,-0.97,0.41,1.61,82.89099999999999,85.89659999999999,52.008199999999995,175,75
2026-05-09 15:09:26.685,3,-1.14,0.41,1.75,91.36099999999999,62.6566,77.9282,175,75
2026-05-09 15:09:26.697,3,-1.15,0.3,1.7,90.571,43.5766,94.8182,175,75
2026-05-09 15:09:26.697,3,-1.07,0.17,1.73,92.89099999999999,29.186600000000002,106.76820000000001,175,75
2026-05-09 15:09:26.709,3,-1.07,0.13,1.74,88.68100000000001,11.0166,114.7582,175,75
2026-05-09 15:09:26.722,3,-0.86,0.11,1.59,78.251,-19.103399999999997,116.7082,175,75
2026-05-09 15:09:26.734,3,-0.6,0.16,1.39,73.071,-37.763400000000004,106.46820000000001,175,75
2026-05-09 15:09:26.746,3,-0.46,0.3,1.2,68.011,-34.5334,102.6182,175,75
2026-05-09 15:09:26.770,3,-0.31,0.44,1.17,61.611,-25.813399999999998,93.90820000000001,175,75
2026-05-09 15:09:26.770,3,-0.24,0.51,1.19,56.541,-17.3434,87.68820000000001,175,75
2026-05-09 15:09:26.781,3,-0.19,0.53,1.26,51.421,-8.743399999999998,81.76820000000001,175,75
2026-05-09 15:09:26.781,3,-0.17,0.48,1.33,43.071,-8.2534,73.5382,175,75
2026-05-09 15:09:26.799,3,-0.15,0.42,1.21,30.511,-14.963399999999996,56.1582,175,75
2026-05-09 15:09:26.810,3,-0.1,0.44,1.08,20.871000000000002,-7.9533999999999985,35.1882,175,75
2026-05-09 15:09:26.821,3,0.02,0.45,1.0,9.291,2.4766000000000012,13.2282,175,75
2026-05-09 15:09:26.831,3,0.18,0.45,0.78,-22.599,14.486600000000001,-33.9018,175,75
2026-05-09 15:09:26.842,3,-0.13,0.79,0.72,-39.859,34.2466,-51.4018,175,75
2026-05-09 15:09:26.864,3,0.29,0.58,0.76,-59.919000000000004,25.526600000000002,-68.7218,175,75
2026-05-09 15:09:26.877,3,-1.31,1.51,2.61,-57.599,95.4666,-67.1318,175,75
2026-05-09 15:09:26.915,3,1.53,-0.65,1.36,-54.069,-209.0434,-81.89179999999999,175,75
2026-05-09 15:09:26.926,3,-1.57,0.17,0.54,-115.649,-126.66340000000001,57.3182,175,75
2026-05-09 15:09:26.948,3,0.48,-0.09,1.12,-47.909,72.6566,-28.9018,175,75
2026-05-09 15:09:26.962,3,0.14,-0.2,1.35,-26.808999999999997,38.0266,-15.4218,175,75
2026-05-09 15:09:26.974,3,-0.41,-0.37,1.52,-16.809,57.6566,-32.0118,175,75
2026-05-09 15:09:26.974,3,0.03,-0.26,1.6,-6.439,52.53660000000001,-53.6618,175,75
2026-05-09 15:09:26.986,3,0.12,-0.17,1.5,-6.4990000000000006,14.2466,-31.031800000000004,175,75
2026-05-09 15:09:27.007,3,-0.52,-0.27,1.09,-8.999,4.616600000000002,-26.5218,175,75
2026-05-09 15:09:27.010,3,-0.61,-0.13,1.12,-4.2490000000000006,33.696600000000004,-31.3418,175,75
2026-05-09 15:09:27.031,3,-0.24,-0.12,1.41,-7.109,14.4266,-27.311800000000005,175,75
2026-05-09 15:09:27.042,3,-0.36,-0.07,1.42,-8.879,-0.3833999999999982,-16.7018,175,75
2026-05-09 15:09:27.053,3,-0.18,-0.25,1.35,-8.639,-14.173399999999997,-24.6918,175,75
2026-05-09 15:09:27.066,3,-0.22,-0.26,1.26,-4.679,-16.543400000000002,-14.751800000000001,175,75
2026-05-09 15:09:27.066,3,-0.37,-0.21,1.24,3.561,-6.973399999999998,-18.8418,175,75
2026-05-09 15:09:27.085,3,-0.4,-0.07,1.33,9.651,14.616600000000002,-22.6218,175,75
2026-05-09 15:09:27.116,3,-0.41,0.04,1.3,4.351,-6.183399999999999,-25.241800000000005,175,75
2026-05-09 15:09:27.132,3,-0.38,0.1,1.31,5.391,-5.633399999999998,-27.6218,175,75
2026-05-09 15:09:27.148,3,-0.35,0.21,1.35,2.761,-8.193399999999997,-24.0818,175,75
2026-05-09 15:09:27.178,3,-0.28,0.22,1.33,1.6710000000000003,-5.3233999999999995,-25.5518,175,75
2026-05-09 15:09:27.199,3,-0.3,0.25,1.26,5.451,0.28659999999999997,-28.9018,175,75
2026-05-09 15:09:27.215,3,-0.35,0.18,1.27,12.461,13.206600000000002,-31.641800000000003,175,75
2026-05-09 15:09:27.238,3,-0.29,0.28,1.28,14.171,14.796600000000002,-23.0518,175,75
2026-05-09 15:09:27.248,3,-0.21,0.31,1.32,15.321,6.806600000000001,-21.1618,175,75
2026-05-09 15:09:27.260,3,-0.12,0.32,1.25,15.691,1.9266000000000023,-9.6318,175,75
2026-05-09 15:09:27.271,3,-0.1,0.31,1.29,21.911,-1.063399999999998,-5.181800000000001,175,75
2026-05-09 15:09:27.291,3,-0.19,0.48,1.5,37.091,7.116600000000002,5.1182,175,75
2026-05-09 15:09:27.308,3,-0.13,0.63,1.58,42.891,9.6766,5.1882,175,75
2026-05-09 15:09:27.320,3,-0.22,0.76,1.54,37.581,4.126600000000002,28.1682,175,75
2026-05-09 15:09:27.342,3,-0.21,0.7,1.49,33.561,-4.7134,29.938200000000002,175,75
2026-05-09 15:09:27.353,3,-0.37,0.34,1.36,22.891,-24.5934,44.6982,175,75
2026-05-09 15:09:27.364,3,-0.43,0.11,1.32,20.261,-24.713399999999996,44.0282,175,75
2026-05-09 15:09:27.377,3,-0.45,0.04,1.28,16.541,-19.4134,42.438199999999995,175,75
2026-05-09 15:09:27.388,3,-0.49,-0.01,1.3,16.241,-10.3234,46.3382,175,75
2026-05-09 15:09:27.399,3,-0.56,-0.01,1.38,14.041,-10.203399999999998,47.258199999999995,175,75
2026-05-09 15:09:27.411,3,-0.64,0.08,1.52,12.951,-10.693399999999997,53.4182,175,75
2026-05-09 15:09:27.411,3,-0.65,0.12,1.61,9.961,-24.353399999999997,62.9882,175,75
2026-05-09 15:09:27.435,3,-0.79,0.08,1.46,4.111,-36.3634,84.63820000000001,175,75
2026-05-09 15:09:27.450,3,-0.84,-0.06,1.53,3.621,-36.243399999999994,92.1982,175,75
2026-05-09 15:09:27.476,3,-0.85,-0.23,1.45,-0.1589999999999998,-45.633399999999995,94.93820000000001,175,75
2026-05-09 15:09:27.486,3,-0.76,-0.23,1.48,-2.2989999999999995,-54.5934,93.8382,175,75
2026-05-09 15:09:27.486,3,-0.74,-0.23,1.49,-3.519,-62.523399999999995,93.90820000000001,175,75
2026-05-09 15:09:27.499,3,-0.76,-0.23,1.38,-6.808999999999999,-63.5634,90.18820000000001,175,75
2026-05-09 15:09:27.522,3,-0.69,-0.15,1.35,-15.099,-40.633399999999995,70.3682,175,75
2026-05-09 15:09:27.534,3,-0.63,-0.11,1.51,-21.569,-37.523399999999995,64.7582,175,75
2026-05-09 15:09:27.556,3,-0.54,-0.13,1.4,-39.129,-62.7034,52.5582,175,75
2026-05-09 15:09:27.576,3,-0.47,-0.15,1.15,-48.639,-57.21340000000001,34.9382,175,75
2026-05-09 15:09:27.576,3,-0.35,-0.12,1.09,-53.269,-47.0334,23.1082,175,75
2026-05-09 15:09:27.587,3,-0.22,-0.1,1.05,-62.419000000000004,-46.18339999999999,11.9482,175,75
2026-05-09 15:09:27.599,3,-0.2,-0.03,0.97,-69.60900000000001,-50.32340000000001,2.8682,175,75
2026-05-09 15:09:27.611,3,-0.22,0.04,0.84,-78.209,-38.68339999999999,-6.771800000000001,175,75
2026-05-09 15:09:27.667,3,0.08,0.29,1.02,-88.81899999999999,-5.023399999999999,-36.5818,175,75
2026-05-09 15:09:27.667,3,0.2,0.43,1.04,-86.37899999999999,-7.7033999999999985,-37.6818,175,75
2026-05-09 15:09:27.678,3,0.27,0.58,1.03,-84.489,-4.043399999999998,-32.8618,175,75
2026-05-09 15:09:27.688,3,0.3,0.85,0.98,-84.97900000000001,0.28659999999999997,-18.5918,175,75
2026-05-09 15:09:27.704,3,0.25,1.03,0.93,-87.35900000000001,2.7266000000000012,-14.8818,175,75
2026-05-09 15:09:27.715,3,0.15,1.1,0.92,-91.439,17.0466,-8.9018,175,75
2026-05-09 15:09:27.773,3,0.05,1.02,1.57,-116.929,1.8066000000000013,-34.6918,175,75
2026-05-09 15:09:27.786,3,-0.08,1.08,1.66,-115.82900000000001,8.456600000000002,-36.031800000000004,175,75
2026-05-09 15:09:27.798,3,-0.97,1.67,2.45,-90.88900000000001,22.0466,-32.6818,175,75
2026-05-09 15:09:27.810,3,-7.09,4.39,4.49,-20.219,149.6166,180.3082,175,75
2026-05-09 15:09:27.819,3,-3.21,1.37,5.9,214.291,152.1766,152.9882,175,75
2026-05-09 15:09:27.831,3,6.56,-3.73,2.37,110.511,-167.9534,-237.1318,175,75
2026-05-09 15:09:27.848,3,-2.03,-0.99,-0.37,-81.869,-13.743399999999998,160.6682,175,75
2026-05-09 15:09:27.864,3,-1.1,-1.35,-1.7,120.451,155.5266,-45.241800000000005,175,75
2026-05-09 15:09:27.874,3,-2.02,-0.02,-0.47,151.541,338.6366,-61.2818,175,75
2026-05-09 15:09:27.886,3,-0.47,-0.16,1.39,140.931,364.3066,8.908199999999999,175,75
2026-05-09 15:09:27.886,3,-0.89,-0.66,2.56,137.821,199.4866,5.1182,175,75
2026-05-09 15:09:27.897,3,-0.85,-0.66,3.15,105.511,132.9066,-27.131800000000005,175,75
2026-05-09 15:09:27.908,3,0.76,-0.95,2.14,53.621,42.6566,-7.3118,175,75
2026-05-09 15:09:27.933,3,-0.88,0.13,1.44,27.031,-60.1434,23.9082,175,75
2026-05-09 15:09:27.954,3,-0.43,0.58,0.92,34.231,53.9366,-3.9618,175,75
2026-05-09 15:09:27.966,3,-0.27,0.46,1.37,16.541,46.196600000000004,8.908199999999999,175,75
2026-05-09 15:09:27.977,3,-0.23,-0.17,1.76,6.1209999999999996,2.8466000000000022,19.818199999999997,175,75
2026-05-09 15:09:27.999,3,-0.63,0.3,1.37,-3.9990000000000006,-8.013399999999997,30.608199999999997,175,75
2026-05-09 15:09:28.103,3,-0.64,0.38,1.24,-29.488999999999997,-47.153400000000005,10.0582,175,75
2026-05-09 15:09:28.125,3,-0.72,0.35,1.21,-26.499000000000002,-35.2034,-2.501800000000001,175,75
2026-05-09 15:09:28.138,3,-0.65,0.1,1.4,-25.159,-41.18339999999999,-18.9018,175,75
2026-05-09 15:09:28.160,3,-0.56,0.06,1.26,-23.759,-52.46340000000001,-25.5518,175,75
2026-05-09 15:09:28.160,3,-0.64,0.15,1.27,-23.329,-46.6734,-27.681800000000003,175,75
2026-05-09 15:09:28.175,3,-0.65,0.19,1.47,-23.879,-30.6934,-36.031800000000004,175,75
2026-05-09 15:09:28.196,3,-0.65,0.17,1.43,-32.109,-52.0934,-46.1618,175,75
2026-05-09 15:09:28.196,3,-0.81,0.13,1.41,-40.159,-38.8634,-44.5718,175,75
2026-05-09 15:09:28.208,3,-0.8,0.06,1.47,-44.189,-42.3434,-55.851800000000004,175,75
2026-05-09 15:09:28.232,3,-0.5,-0.23,1.41,-54.489,-64.0434,-61.4018,175,75
2026-05-09 15:09:28.261,3,-0.52,-0.46,1.47,-63.939,-54.8434,-72.1918,175,75
2026-05-09 15:09:28.261,3,-0.24,-0.69,1.44,-75.529,-80.6934,-66.70179999999999,175,75
2026-05-09 15:09:28.278,3,-0.22,-0.81,1.26,-76.809,-91.9134,-65.8518,175,75
2026-05-09 15:09:28.290,3,-0.13,-0.77,1.2,-78.999,-84.96340000000001,-60.4218,175,75
2026-05-09 15:09:28.313,3,0.05,-0.5,0.72,-78.999,-77.0334,-41.2218,175,75
2026-05-09 15:09:28.350,3,0.22,0.19,0.99,-62.659,-39.413399999999996,-34.811800000000005,175,75
2026-05-09 15:09:28.365,3,-0.03,0.51,0.98,-57.419,-20.383399999999998,-36.2218,175,75
2026-05-09 15:09:28.388,3,-0.61,1.06,1.17,-2.1790000000000003,38.086600000000004,-35.421800000000005,175,75
2026-05-09 15:09:28.410,3,0.04,0.77,0.83,18.981,70.4666,-32.991800000000005,175,75
2026-05-09 15:09:28.423,3,0.33,0.77,0.67,9.651,64.42660000000001,-34.9418,175,75
2026-05-09 15:09:28.433,3,0.67,0.63,0.42,-7.849,52.9666,-49.5118,175,75
2026-05-09 15:09:28.444,3,0.46,0.92,0.48,-15.469000000000001,73.8766,-63.2918,175,75
2026-05-09 15:09:28.455,3,0.53,0.69,0.67,-41.199,62.846599999999995,-60.0618,175,75
2026-05-09 15:09:28.474,3,0.75,0.69,0.14,-74.189,2.7866000000000017,-83.4118,175,75
2026-05-09 15:09:28.484,3,0.69,0.68,0.26,-81.62899999999999,40.5266,-82.0118,175,75
2026-05-09 15:09:28.508,3,0.59,0.83,1.44,-90.279,-27.0934,-76.1618,175,75
2026-05-09 15:09:28.508,3,-0.6,1.59,2.25,-68.87899999999999,-30.0234,-21.5218,175,75
2026-05-09 15:09:28.523,3,-5.33,3.51,3.75,10.021,28.936600000000002,143.3582,175,75
2026-05-09 15:09:28.534,3,-1.66,0.51,3.03,83.80099999999999,2.7266000000000012,56.7682,175,75
2026-05-09 15:09:28.545,3,-1.18,0.15,3.0,201.061,31.5666,59.938199999999995,175,75
2026-05-09 15:09:28.549,3,2.47,-2.79,0.1,108.43100000000001,-15.933399999999995,13.0482,175,75
2026-05-09 15:09:28.564,3,-1.66,0.19,-0.58,-14.678999999999998,-19.293400000000002,146.5882,175,75
2026-05-09 15:09:28.586,3,-0.44,-0.23,0.91,100.08099999999999,242.65660000000003,-16.031799999999997,175,75
2026-05-09 15:09:28.600,3,0.08,-0.52,1.25,6.671,26.986600000000003,99.7582,175,75
2026-05-09 15:09:28.609,3,-0.13,-1.87,0.98,36.791,-0.9333999999999989,77.49820000000001,175,75
2026-05-09 15:09:28.628,3,0.55,-1.01,2.63,116.001,53.696600000000004,-3.4718,175,75
2026-05-09 15:09:28.641,3,0.46,0.4,1.86,49.651,-45.263400000000004,89.0282,175,75
2026-05-09 15:09:28.657,3,-1.12,0.92,1.31,28.681,-71.24340000000001,125.4882,175,75
2026-05-09 15:09:28.670,3,-1.26,0.91,0.56,41.061,27.3566,21.9482,175,75
2026-05-09 15:09:28.691,3,-0.7,0.24,1.89,-6.989000000000001,-30.6934,15.1182,175,75
2026-05-09 15:09:28.708,3,-0.49,-0.0,1.3,-20.589,-21.183399999999995,-27.4418,175,75
2026-05-09 15:09:28.767,3,-0.45,0.16,1.42,-16.439,5.646600000000001,-41.5818,175,75
2026-05-09 15:09:28.778,3,-0.56,0.18,1.44,-22.419,10.226600000000001,-48.0518,175,75
2026-05-09 15:09:28.778,3,-0.36,0.11,1.46,-27.049,6.136600000000001,-57.6218,175,75
2026-05-09 15:09:28.789,3,-0.4,0.01,1.48,-42.539,-17.1534,-48.0518,175,75
2026-05-09 15:09:28.828,3,-0.09,0.05,1.38,-65.529,-8.6234,-62.501799999999996,175,75
2026-05-09 15:09:28.828,3,-0.03,0.25,1.47,-67.179,-14.473399999999998,-56.7018,175,75
2026-05-09 15:09:28.851,3,-0.01,0.39,1.53,-70.709,-12.953399999999998,-45.491800000000005,175,75
2026-05-09 15:09:28.877,3,-0.02,0.3,1.64,-74.549,-46.3634,-24.9418,175,75
2026-05-09 15:09:28.877,3,-0.24,0.12,1.51,-71.56899999999999,-65.5134,-16.5218,175,75
2026-05-09 15:09:28.888,3,-0.55,0.01,1.41,-59.859,-62.403400000000005,-17.251800000000003,175,75
2026-05-09 15:09:28.914,3,-0.7,0.25,1.39,-16.869,-34.10339999999999,-19.391800000000003,175,75
2026-05-09 15:09:28.925,3,-1.46,0.5,1.89,13.370999999999999,14.976600000000001,5.978199999999999,175,75
2026-05-09 15:09:28.935,3,-1.57,0.5,2.33,67.64099999999999,24.126600000000003,19.388199999999998,175,75
2026-05-09 15:09:28.945,3,-1.47,0.56,2.29,94.90100000000001,16.5666,48.718199999999996,175,75
2026-05-09 15:09:28.955,3,-1.46,0.54,2.2,112.15100000000001,18.396600000000003,79.4482,175,75
2026-05-09 15:09:28.965,3,-1.4,0.41,2.06,134.781,14.616600000000002,103.5382,175,75
2026-05-09 15:09:28.981,3,-0.78,0.04,1.83,157.031,11.076600000000003,115.9782,175,75
2026-05-09 15:09:28.996,3,-0.52,0.08,1.63,154.721,1.8666000000000018,117.3782,175,75
2026-05-09 15:09:29.030,3,-0.09,0.29,1.13,121.851,4.676600000000002,85.60820000000001,175,75
2026-05-09 15:09:29.047,3,-0.01,0.35,1.12,103.43100000000001,3.516600000000002,67.5582,175,75
2026-05-09 15:09:29.058,3,0.03,0.43,1.18,82.701,8.0866,60.0582,175,75
2026-05-09 15:09:29.058,3,0.08,0.4,1.17,61.911,-9.173399999999997,53.7782,175,75
2026-05-09 15:09:29.082,3,0.14,0.31,1.02,43.251,-36.6734,44.0282,175,75
2026-05-09 15:09:29.082,3,0.17,0.24,0.79,33.311,-55.513400000000004,25.9182,175,75
2026-05-09 15:09:29.094,3,0.47,0.23,0.34,10.261,-65.7534,2.4382,175,75
2026-05-09 15:09:29.117,3,0.6,0.37,0.09,-10.469000000000001,-25.143399999999996,-0.9117999999999995,175,75
2026-05-09 15:09:29.117,3,0.29,0.6,0.67,-15.588999999999999,-1.5433999999999983,-11.5818,175,75
2026-05-09 15:09:29.129,3,0.72,0.45,1.08,-29.369,-39.2334,-26.4018,175,75
2026-05-09 15:09:29.139,3,1.35,0.13,0.63,-46.379,-125.0234,-43.4118,175,75
2026-05-09 15:09:29.165,3,-0.65,0.11,-0.46,-113.57900000000001,-71.24340000000001,10.2482,175,75
2026-05-09 15:09:29.207,3,-0.13,-0.17,0.73,-9.429,114.2466,-35.9118,175,75
2026-05-09 15:09:29.217,3,0.3,-0.37,1.27,12.821,97.53659999999999,-31.0918,175,75
2026-05-09 15:09:29.240,3,-0.16,-0.35,1.42,16.851,49.3066,-10.121799999999999,175,75
2026-05-09 15:09:29.240,3,-0.26,-0.41,1.22,14.841,43.696600000000004,-12.0118,175,75
2026-05-09 15:09:29.271,3,-0.2,-0.4,1.31,11.061,31.3166,-4.511800000000001,175,75
2026-05-09 15:09:29.283,3,-0.32,-0.32,1.34,9.721,19.486600000000003,0.18820000000000014,175,75
2026-05-09 15:09:29.293,3,-0.49,-0.22,1.43,13.370999999999999,21.196600000000004,0.36819999999999986,175,75
2026-05-09 15:09:29.311,3,-0.51,-0.01,1.55,7.521,7.416600000000001,-12.5618,175,75
2026-05-09 15:09:29.335,3,-0.58,-0.09,1.36,0.14100000000000001,17.6566,-26.0918,175,75
2026-05-09 15:09:29.347,3,-0.49,-0.15,1.31,-1.1390000000000002,16.9266,-30.241800000000005,175,75
2026-05-09 15:09:29.369,3,-0.39,-0.05,1.31,-7.718999999999999,34.4866,-34.3918,175,75
2026-05-09 15:09:29.379,3,-0.49,0.34,1.47,-8.939,38.3266,-33.8418,175,75
2026-05-09 15:09:29.391,3,-0.05,0.58,1.81,-27.598999999999997,35.64660000000001,-29.2018,175,75
2026-05-09 15:09:29.428,3,-0.05,0.59,1.99,-61.499,-23.493399999999998,-0.6118000000000006,175,75
2026-05-09 15:09:29.451,3,-0.39,0.32,1.69,-69.249,-53.9834,10.918199999999999,175,75
2026-05-09 15:09:29.451,3,-0.45,0.23,1.53,-68.63900000000001,-62.153400000000005,9.8182,175,75
2026-05-09 15:09:29.465,3,-0.54,0.26,1.42,-65.769,-59.2334,10.3082,175,75
2026-05-09 15:09:29.475,3,-0.53,0.23,1.43,-63.818999999999996,-55.023399999999995,7.0782,175,75
2026-05-09 15:09:29.488,3,-0.57,0.21,1.6,-58.519,-60.0834,11.9482,175,75
2026-05-09 15:09:29.511,3,-0.99,0.25,1.63,-29.488999999999997,-85.3234,41.5282,175,75
2026-05-09 15:09:29.524,3,-1.1,0.27,1.7,-15.349,-88.13340000000001,42.8082,175,75
2026-05-09 15:09:29.534,3,-0.96,0.34,1.85,-5.589,-99.4734,51.218199999999996,175,75
2026-05-09 15:09:29.545,3,-0.88,0.35,1.84,0.08099999999999952,-131.9134,64.8782,175,75
2026-05-09 15:09:29.556,3,-0.9,0.31,1.53,0.931,-153.1934,80.4282,175,75
2026-05-09 15:09:29.573,3,-0.5,0.25,1.53,22.521,-110.1434,61.218199999999996,175,75
2026-05-09 15:09:29.586,3,-0.36,0.29,1.65,22.401,-122.15339999999999,64.1482,175,75
2026-05-09 15:09:29.595,3,-0.37,0.25,1.5,21.000999999999998,-134.59339999999997,67.3782,175,75
2026-05-09 15:09:29.616,3,-0.33,0.21,1.3,15.631,-128.62339999999998,58.7782,175,75
2026-05-09 15:09:29.651,3,-0.45,0.33,1.26,-1.0190000000000001,-105.8134,52.438199999999995,175,75
2026-05-09 15:09:29.651,3,-0.41,0.35,1.24,4.531,-92.5234,60.2482,175,75
2026-05-09 15:09:29.676,3,-0.5,0.29,1.16,12.280999999999999,-81.3634,64.8182,175,75
2026-05-09 15:09:29.676,3,-0.54,0.3,1.12,17.281,-69.35340000000001,62.438199999999995,175,75
2026-05-09 15:09:29.698,3,-0.53,0.4,1.32,16.361,-63.623400000000004,65.1182,175,75
2026-05-09 15:09:29.705,3,-0.53,0.38,1.25,14.781,-70.8134,64.8782,175,75
2026-05-09 15:09:29.743,3,-0.19,0.4,0.86,6.181,-69.10340000000001,58.718199999999996,175,75
2026-05-09 15:09:29.753,3,-0.12,0.44,0.83,-3.699,-75.2034,53.0482,175,75
2026-05-09 15:09:29.757,3,-0.06,0.52,0.85,-20.959,-77.2734,50.118199999999995,175,75
2026-05-09 15:09:29.770,3,-0.06,0.53,0.9,-37.359,-85.38340000000001,47.5582,175,75
2026-05-09 15:09:29.783,3,-0.01,0.5,0.94,-54.309,-102.1534,41.3382,175,75
2026-05-09 15:09:29.795,3,-0.1,0.62,1.13,-70.88900000000001,-111.85340000000001,31.4082,175,75
2026-05-09 15:09:29.806,3,-0.05,0.56,1.4,-73.089,-114.53340000000001,21.3382,175,75
2026-05-09 15:09:29.818,3,0.05,0.46,1.22,-86.499,-151.12339999999998,21.888199999999998,175,75
2026-05-09 15:09:29.818,3,-0.1,0.42,0.63,-97.35900000000001,-163.49339999999998,28.4182,175,75
2026-05-09 15:09:29.829,3,-0.28,0.28,0.03,-93.999,-129.77339999999998,28.8382,175,75
2026-05-09 15:09:29.850,3,0.16,-0.94,1.23,-31.079,79.1266,-5.7318,175,75
2026-05-09 15:09:29.875,3,-0.75,-0.5,0.68,1.6109999999999998,120.7666,14.508199999999999,175,75
2026-05-09 15:09:29.896,3,-0.27,-0.13,1.06,7.221,138.1466,0.7281999999999993,175,75
2026-05-09 15:09:29.896,3,-0.31,0.05,1.44,-5.649000000000001,95.1566,35.9182,175,75
2026-05-09 15:09:29.909,3,-0.63,0.02,1.49,-3.4589999999999996,73.5166,36.0982,175,75
2026-05-09 15:09:29.924,3,-0.47,-0.01,1.49,-1.8089999999999993,55.8266,20.6682,175,75
2026-05-09 15:09:29.964,3,-0.43,0.13,1.38,-4.7989999999999995,15.466600000000001,40.7282,175,75
2026-05-09 15:09:29.964,3,-0.33,0.18,1.46,-9.249,2.356600000000002,48.6582,175,75
2026-05-09 15:09:29.976,3,-0.43,0.02,1.44,-13.699000000000002,-11.973399999999998,58.2282,175,75
2026-05-09 15:09:30.000,3,-0.53,-0.09,1.44,-7.239000000000001,-4.593399999999999,57.618199999999995,175,75
2026-05-09 15:09:30.013,3,-0.47,-0.1,1.47,-2.599,-8.133399999999998,51.468199999999996,175,75
2026-05-09 15:09:30.025,3,-0.56,-0.01,1.47,-1.0190000000000001,-11.543399999999998,53.1682,175,75
2026-05-09 15:09:30.035,3,-0.62,0.14,1.52,-0.9589999999999996,-9.473399999999998,46.828199999999995,175,75
2026-05-09 15:09:30.059,3,-0.64,0.2,1.59,-3.8789999999999996,-13.683399999999999,44.0282,175,75
2026-05-09 15:09:30.059,3,-0.74,0.29,1.56,-13.699000000000002,-27.7034,37.4982,175,75
2026-05-09 15:09:30.070,3,-0.75,0.23,1.46,-20.469,-41.543400000000005,28.538199999999996,175,75
2026-05-09 15:09:30.081,3,-0.74,0.13,1.42,-23.329,-47.403400000000005,20.7982,175,75
2026-05-09 15:09:30.111,3,-0.79,0.08,1.43,-24.679,-57.273399999999995,12.5582,175,75
2026-05-09 15:09:30.111,3,-0.8,0.09,1.44,-27.109,-51.0634,8.4782,175,75
2026-05-09 15:09:30.124,3,-0.68,-0.02,1.55,-30.889000000000003,-54.2334,3.2281999999999993,175,75
2026-05-09 15:09:30.134,3,-0.66,-0.11,1.53,-34.129,-60.32340000000001,4.0882,175,75
2026-05-09 15:09:30.141,3,-0.65,-0.23,1.48,-35.039,-65.3234,3.1681999999999997,175,75
2026-05-09 15:09:30.159,3,-0.32,-0.24,1.34,-31.499000000000002,-64.1634,1.1582,175,75
2026-05-09 15:09:30.181,3,-0.24,-0.32,1.4,-27.479,-50.32340000000001,3.7181999999999995,175,75
2026-05-09 15:09:30.194,3,-0.11,-0.33,1.43,-22.539,-40.993399999999994,5.4282,175,75
2026-05-09 15:09:30.207,3,-0.01,-0.28,1.41,-16.929,-48.373400000000004,8.9682,175,75
2026-05-09 15:09:30.232,3,0.13,-0.26,0.93,-14.489,-14.593399999999999,26.7682,175,75
2026-05-09 15:09:30.237,3,-0.08,-0.08,1.07,-17.109,-34.903400000000005,14.3882,175,75
2026-05-09 15:09:30.250,3,-0.18,0.26,1.15,-18.329,-33.07339999999999,22.688200000000002,175,75
2026-05-09 15:09:30.265,3,0.06,0.33,1.52,-10.469000000000001,-44.4734,22.748199999999997,175,75
2026-05-09 15:09:30.275,3,0.16,0.39,1.51,-2.9689999999999994,-60.4534,22.9282,175,75
2026-05-09 15:09:30.312,3,0.2,0.43,1.34,22.521,-26.543400000000002,33.7182,175,75
2026-05-09 15:09:30.334,3,0.25,-0.09,1.35,64.90100000000001,33.8166,69.0282,175,75
2026-05-09 15:09:30.345,3,0.31,-0.16,1.46,76.971,42.8466,72.0782,175,75
2026-05-09 15:09:30.345,3,0.27,-0.12,1.59,85.87100000000001,54.3066,74.93820000000001,175,75
2026-05-09 15:09:30.383,3,-0.3,-0.0,1.47,123.561,20.4666,104.5082,175,75
2026-05-09 15:09:30.415,3,-0.45,-0.4,1.01,108.74100000000001,34.2466,79.5082,175,75
2026-05-09 15:09:30.421,3,-0.34,-0.24,0.83,93.981,60.64660000000001,49.508199999999995,175,75
2026-05-09 15:09:30.443,3,-0.78,0.8,1.65,98.071,147.2966,43.538199999999996,175,75
2026-05-09 15:09:30.470,3,-0.45,0.22,1.37,34.900999999999996,-68.13340000000001,20.8582,175,75
2026-05-09 15:09:30.470,3,-0.67,0.31,1.04,23.311,-48.5634,14.0282,175,75
2026-05-09 15:09:30.486,3,-0.47,0.18,1.4,0.8109999999999999,-54.5334,-25.001800000000003,175,75
2026-05-09 15:09:30.505,3,-0.35,0.61,1.45,-64.85900000000001,-162.46339999999998,-51.461800000000004,175,75
2026-05-09 15:09:30.517,3,-0.33,0.68,1.4,-97.53899999999999,-199.1034,-65.00179999999999,175,75
2026-05-09 15:09:30.567,3,-0.54,1.2,1.25,-198.459,-210.14339999999999,-102.56179999999999,175,75
2026-05-09 15:09:30.580,3,-0.58,1.21,1.06,-201.809,-170.3234,-103.84179999999999,175,75
2026-05-09 15:09:30.592,3,-0.32,1.11,0.86,-193.149,-111.85340000000001,-119.27179999999998,175,75
2026-05-09 15:09:30.606,3,-0.67,1.01,1.49,-175.469,87.9066,-137.6218,175,75
2026-05-09 15:09:30.629,3,-1.54,1.26,2.36,-136.809,178.75660000000002,-133.5318,175,75
2026-05-09 15:09:30.640,3,-2.39,1.54,3.31,-82.59899999999999,178.2666,-105.06179999999999,175,75
2026-05-09 15:09:30.640,3,-4.37,2.16,4.44,10.751000000000001,204.2466,-1.4618000000000002,175,75
2026-05-09 15:09:30.654,3,-2.32,0.47,4.53,89.781,194.00660000000002,-12.7418,175,75
2026-05-09 15:09:30.728,3,-0.53,0.03,1.73,-78.519,-38.2534,29.638199999999998,175,75
2026-05-09 15:09:30.738,3,-0.85,-0.5,1.8,-63.208999999999996,-34.2334,6.8282,175,75
2026-05-09 15:09:30.756,3,-0.13,-0.34,1.39,-56.809,-85.8734,-6.8918,175,75
2026-05-09 15:09:30.780,3,-0.06,-0.12,1.06,-29.128999999999998,-12.883399999999998,-4.5718,175,75
2026-05-09 15:09:30.791,3,-0.13,-0.14,1.21,-25.889000000000003,-8.563399999999998,0.05819999999999936,175,75
2026-05-09 15:09:30.802,3,-0.26,-0.28,1.29,-20.219,7.2966000000000015,0.8582000000000001,175,75
2026-05-09 15:09:30.823,3,-0.22,-0.33,1.41,-16.749,1.686600000000002,-3.4117999999999995,175,75
2026-05-09 15:09:30.838,3,-0.29,-0.2,1.26,-15.039000000000001,-30.2034,2.1982,175,75
2026-05-09 15:09:30.848,3,-0.23,-0.16,1.18,-11.629000000000001,-29.7734,2.0782,175,75
2026-05-09 15:09:30.848,3,-0.19,-0.1,1.14,-8.029,-31.9134,5.308199999999999,175,75
2026-05-09 15:09:30.861,3,-0.23,-0.1,1.13,0.6909999999999998,-27.7034,8.5982,175,75
2026-05-09 15:09:30.874,3,-0.07,-0.13,1.09,9.721,-24.8434,8.5982,175,75
2026-05-09 15:09:30.890,3,-0.09,-0.03,1.01,17.581,-30.573399999999996,14.2082,175,75
2026-05-09 15:09:30.905,3,-0.22,0.04,1.01,27.281,-12.883399999999998,15.5482,175,75
2026-05-09 15:09:30.905,3,-0.08,0.1,1.11,38.010999999999996,0.40660000000000096,14.4482,175,75
2026-05-09 15:09:30.918,3,-0.0,0.14,1.14,45.571,-0.7533999999999992,20.8582,175,75
2026-05-09 15:09:30.930,3,-0.04,0.11,1.15,58.131,9.486600000000003,24.6982,175,75
2026-05-09 15:09:30.930,3,0.05,0.02,1.17,71.731,19.126600000000003,25.858199999999997,175,75
2026-05-09 15:09:30.951,3,0.17,-0.09,1.27,90.691,36.0766,34.1482,175,75
2026-05-09 15:09:30.960,3,0.33,-0.34,1.24,109.291,37.4166,45.188199999999995,175,75
2026-05-09 15:09:30.971,3,0.38,-0.51,1.01,121.36099999999999,35.64660000000001,51.4082,175,75
2026-05-09 15:09:30.984,3,0.27,-0.58,0.9,132.581,60.4666,59.578199999999995,175,75
2026-05-09 15:09:30.995,3,0.06,-0.64,1.06,144.041,84.1866,66.8282,175,75
2026-05-09 15:09:31.007,3,0.03,-0.76,1.25,149.291,82.5966,67.2582,175,75
2026-05-09 15:09:31.007,3,-0.2,-0.52,1.38,150.631,74.8566,66.40820000000001,175,75
2026-05-09 15:09:31.029,3,-0.34,-0.19,1.46,147.091,69.2466,61.038199999999996,175,75
2026-05-09 15:09:31.029,3,-0.62,0.13,1.54,148.131,65.3466,63.718199999999996,175,75
2026-05-09 15:09:31.043,3,-0.92,0.3,1.73,135.931,65.2266,72.7482,175,75
2026-05-09 15:09:31.064,3,-0.59,0.36,1.57,115.321,55.64660000000001,48.1082,175,75
2026-05-09 15:09:31.077,3,-0.37,0.54,1.31,102.64099999999999,40.1566,37.6882,175,75
2026-05-09 15:09:31.091,3,-0.25,0.63,1.01,88.561,22.416600000000003,25.0582,175,75
2026-05-09 15:09:31.113,3,0.25,0.35,0.12,-1.7490000000000006,13.936600000000002,-49.5718,175,75
2026-05-09 15:09:31.135,3,-0.03,0.59,-0.1,-31.198999999999998,51.506600000000006,-82.86179999999999,175,75
2026-05-09 15:09:31.146,3,-0.22,0.56,0.3,-55.959,126.6866,-105.36179999999999,175,75
2026-05-09 15:09:31.168,3,-0.29,0.6,1.02,-95.959,102.0466,-150.9718,175,75
2026-05-09 15:09:31.168,3,-0.34,0.52,1.1,-112.969,86.5666,-160.7918,175,75
2026-05-09 15:09:31.180,3,-0.38,0.46,1.18,-137.849,64.5466,-182.9218,175,75
2026-05-09 15:09:31.191,3,-0.38,0.71,1.17,-163.209,38.5766,-196.2218,175,75
2026-05-09 15:09:31.205,3,-0.38,0.72,1.32,-178.32899999999998,25.8366,-194.7518,175,75
2026-05-09 15:09:31.227,3,-0.61,0.61,1.44,-193.32899999999998,18.6366,-180.8518,175,75
2026-05-09 15:09:31.228,3,-0.91,0.45,1.48,-191.929,32.5966,-178.96179999999998,175,75
2026-05-09 15:09:31.238,3,-1.26,0.22,1.67,-180.769,73.3966,-174.6918,175,75
2026-05-09 15:09:31.253,3,-1.32,0.08,1.95,-161.439,91.25659999999999,-165.1218,175,75
2026-05-09 15:09:31.267,3,-1.37,0.18,2.03,-133.209,98.2066,-155.0618,175,75
2026-05-09 15:09:31.280,3,-2.28,0.55,2.19,-99.12899999999999,179.06660000000002,-92.25179999999999,175,75
2026-05-09 15:09:31.290,3,-1.88,0.2,2.54,-56.319,139.3066,-84.8818,175,75
2026-05-09 15:09:31.315,3,-1.39,1.17,3.05,8.981,112.2966,-26.1618,175,75
2026-05-09 15:09:31.326,3,-1.4,1.03,3.71,56.851,61.376599999999996,0.18820000000000014,175,75
2026-05-09 15:09:31.347,3,0.96,0.08,1.56,42.891,-93.2534,-6.771800000000001,175,75
2026-05-09 15:09:31.347,3,0.28,0.23,0.08,-25.099,-112.03340000000001,60.188199999999995,175,75
2026-05-09 15:09:31.374,3,-0.53,-1.42,-0.24,14.350999999999999,69.3066,-12.9218,175,75
2026-05-09 15:09:31.381,3,0.01,-0.95,2.15,92.58099999999999,214.1866,-40.3618,175,75
2026-05-09 15:09:31.393,3,0.71,-0.38,3.04,70.751,82.2366,24.208199999999998,175,75
2026-05-09 15:09:31.404,3,0.57,0.39,2.11,20.261,-73.13340000000001,75.24820000000001,175,75
2026-05-09 15:09:31.415,3,-0.22,0.35,1.23,6.001,-75.7534,109.26820000000001,175,75
2026-05-09 15:09:31.429,3,-0.66,0.32,0.86,7.401,-20.5134,81.82820000000001,175,75
2026-05-09 15:09:31.441,3,-0.56,0.34,1.41,12.521,39.2466,51.5882,175,75
2026-05-09 15:09:31.448,3,-0.4,0.26,1.77,-7.2989999999999995,-45.0834,58.7782,175,75
2026-05-09 15:09:31.475,3,-0.69,0.09,1.24,-17.109,-65.9334,33.8382,175,75
2026-05-09 15:09:31.479,3,-0.4,0.12,1.26,-13.998999999999999,-54.8434,28.4182,175,75
2026-05-09 15:09:31.490,3,-0.38,0.09,1.14,-17.359,-71.4834,38.6582,175,75
2026-05-09 15:09:31.503,3,-0.58,0.1,1.02,-17.359,-65.7534,32.7482,175,75
2026-05-09 15:09:31.514,3,-0.51,0.14,1.21,-15.768999999999998,-41.7334,22.008200000000002,175,75
2026-05-09 15:09:31.524,3,-0.35,0.17,1.67,-21.689,-37.523399999999995,23.1682,175,75
2026-05-09 15:09:31.536,3,-0.17,0.1,1.92,-36.809,-80.4534,28.2282,175,75
2026-05-09 15:09:31.547,3,-0.29,0.08,1.6,-56.319,-105.8734,38.7182,175,75
2026-05-09 15:09:31.559,3,-0.2,0.07,1.21,-60.829,-103.13340000000001,37.8682,175,75
2026-05-09 15:09:31.587,3,-0.53,0.09,0.89,-52.479,-74.1634,27.3782,175,75
2026-05-09 15:09:31.608,3,-0.63,0.13,0.97,-42.719,-72.0934,20.7982,175,75
2026-05-09 15:09:31.622,3,-0.67,0.05,0.89,-40.829,-81.85340000000001,12.9282,175,75
2026-05-09 15:09:31.645,3,-0.53,-0.01,1.09,-19.429,-55.57340000000001,-12.6818,175,75
2026-05-09 15:09:31.657,3,-0.55,0.02,0.99,-21.629,-53.13340000000001,1.2782,175,75
2026-05-09 15:09:31.673,3,-0.49,0.09,1.02,-15.959,-39.71339999999999,-5.9718,175,75
2026-05-09 15:09:31.693,3,-0.42,0.18,1.13,-25.219,-72.21340000000001,19.0882,175,75
2026-05-09 15:09:31.715,3,-0.41,0.13,1.15,-30.409,-92.0334,30.9782,175,75
2026-05-09 15:09:31.739,3,0.13,-0.04,1.18,-38.819,-149.5334,60.118199999999995,175,75
2026-05-09 15:09:31.739,3,0.22,-0.18,1.05,-24.489,-156.5434,75.4882,175,75
2026-05-09 15:09:31.750,3,0.29,-0.3,0.87,0.4509999999999996,-145.14339999999999,79.2082,175,75
2026-05-09 15:09:31.763,3,0.46,-0.49,0.82,35.931,-106.3034,75.60820000000001,175,75
2026-05-09 15:09:31.775,3,0.65,-0.58,1.05,76.36099999999999,-64.4134,74.4482,175,75
2026-05-09 15:09:31.785,3,0.78,-0.64,1.16,110.02099999999999,-37.0334,76.82820000000001,175,75
2026-05-09 15:09:31.798,3,0.71,-0.88,1.32,149.901,1.686600000000002,80.85820000000001,175,75
2026-05-09 15:09:31.815,3,0.71,-1.23,1.41,187.821,49.486599999999996,78.10820000000001,175,75
2026-05-09 15:09:31.827,3,0.59,-1.45,1.35,217.761,60.7666,76.5282,175,75
2026-05-09 15:09:31.842,3,0.41,-1.59,1.1,249.351,86.0166,53.2982,175,75
2026-05-09 15:09:31.842,3,0.24,-1.51,0.99,266.671,114.6766,36.8282,175,75
2026-05-09 15:09:31.853,3,0.2,-1.17,0.96,288.01099999999997,139.0066,3.9681999999999995,175,75
2026-05-09 15:09:31.867,3,-0.11,-0.61,1.14,327.52099999999996,197.90660000000003,-29.391800000000003,175,75
2026-05-09 15:09:31.891,3,-0.8,-0.24,1.1,372.58099999999996,262.1166,-75.06179999999999,175,75
2026-05-09 15:09:31.902,3,-0.87,-0.2,1.14,388.921,307.5366,-80.7918,175,75
2026-05-09 15:09:31.913,3,-1.1,-0.3,0.98,383.07099999999997,303.8166,-71.5818,175,75
2026-05-09 15:09:31.925,3,-1.78,-0.03,0.79,381.671,307.7266,-66.1618,175,75
2026-05-09 15:09:31.925,3,-2.28,0.44,0.83,391.361,327.2366,-65.5518,175,75
2026-05-09 15:09:31.939,3,-2.91,0.85,1.26,421.421,325.83660000000003,-38.2318,175,75
2026-05-09 15:09:31.954,3,-2.44,0.7,2.31,454.781,259.0666,-13.2918,175,75
2026-05-09 15:09:31.966,3,-2.17,0.6,2.57,436.181,160.22660000000002,26.7682,175,75
2026-05-09 15:09:31.976,3,-1.78,0.43,2.42,404.351,17.7866,69.1482,175,75
2026-05-09 15:09:32.016,3,-1.66,0.12,1.36,335.45099999999996,-134.1034,91.88820000000001,175,75
2026-05-09 15:09:32.068,3,-0.53,0.74,0.81,280.14099999999996,-167.27339999999998,-27.681800000000003,175,75
2026-05-09 15:09:32.075,3,-0.4,0.92,0.78,259.591,-143.80339999999998,-50.851800000000004,175,75
2026-05-09 15:09:32.111,3,-0.31,1.08,0.68,217.821,-143.9834,-89.9418,175,75
2026-05-09 15:09:32.111,3,-0.23,1.09,0.59,203.86100000000002,-139.4734,-109.6318,175,75
2026-05-09 15:09:32.130,3,-0.09,1.07,0.54,186.67100000000002,-140.3834,-130.5518,175,75
2026-05-09 15:09:32.143,3,-0.02,1.02,0.45,169.781,-144.5334,-146.9518,175,75
2026-05-09 15:09:32.154,3,-0.04,0.94,0.31,154.961,-145.7534,-167.0118,175,75
2026-05-09 15:09:32.164,3,-0.03,0.84,0.2,143.86100000000002,-142.7034,-184.3318,175,75
2026-05-09 15:09:32.175,3,-0.03,0.78,0.1,130.391,-134.1634,-202.99179999999998,175,75
2026-05-09 15:09:32.203,3,0.03,0.52,-0.13,94.59100000000001,-88.0134,-264.5718,175,75
2026-05-09 15:09:32.221,3,0.08,0.48,-0.08,86.791,-58.3134,-283.2918,175,75
2026-05-09 15:09:32.233,3,0.22,0.31,0.41,67.221,-40.32339999999999,-304.5718,175,75
2026-05-09 15:09:32.243,3,0.24,0.15,0.55,51.061,-58.74340000000001,-313.0518,175,75
2026-05-09 15:09:32.254,3,0.24,0.02,0.5,26.481,-85.8734,-329.33180000000004,175,75
2026-05-09 15:09:32.309,3,-0.12,-0.09,0.17,-69.679,-26.363399999999995,-367.5018,175,75
2026-05-09 15:09:32.319,3,-0.2,-0.11,0.2,-86.62899999999999,-6.973399999999998,-371.28180000000003,175,75
2026-05-09 15:09:32.329,3,-0.36,-0.12,0.26,-106.31899999999999,19.2466,-373.3518,175,75
2026-05-09 15:09:32.339,3,-0.46,-0.18,0.28,-123.089,35.0966,-370.5518,175,75
2026-05-09 15:09:32.354,3,-0.58,-0.28,0.24,-138.32899999999998,49.1866,-369.8118,175,75
2026-05-09 15:09:32.365,3,-0.82,-0.38,0.12,-157.299,72.5966,-367.1318,175,75
2026-05-09 15:09:32.376,3,-1.2,-0.49,0.13,-163.999,121.6866,-365.2418,175,75
2026-05-09 15:09:32.395,3,-1.46,-1.08,0.29,-164.129,170.09660000000002,-379.5718,175,75
2026-05-09 15:09:32.424,3,-2.89,-1.36,0.57,-136.319,309.8566,-421.58180000000004,175,75
2026-05-09 15:09:32.447,3,-3.25,-0.68,1.26,-112.35900000000001,343.39660000000003,-370.6118,175,75
2026-05-09 15:09:32.467,3,-3.42,-0.52,1.77,-131.749,293.8766,-311.09180000000003,175,75
2026-05-09 15:09:32.522,3,-3.04,-0.18,2.14,-204.489,18.2666,-88.3518,175,75
2026-05-09 15:09:32.532,3,-2.85,0.08,2.22,-212.35899999999998,-59.2334,-63.1718,175,75
2026-05-09 15:09:32.568,3,-2.13,0.07,1.98,-196.629,-110.1434,152.4382,175,75
2026-05-09 15:09:32.580,3,-1.36,0.13,2.31,-111.689,-67.3434,191.3382,175,75
2026-05-09 15:09:32.593,3,-1.01,0.46,2.52,-77.049,-68.8634,206.7082,175,75
2026-05-09 15:09:32.623,3,-0.44,0.48,1.91,-75.529,-183.3134,258.0482,175,75
2026-05-09 15:09:32.634,3,-0.4,0.4,1.56,-65.219,-143.0134,244.8782,175,75
2026-05-09 15:09:32.645,3,0.23,0.37,2.11,-39.549,-113.9234,192.00820000000002,175,75
2026-05-09 15:09:32.655,3,0.99,0.45,2.37,-38.459,-121.18339999999999,166.2782,175,75
2026-05-09 15:09:32.669,3,2.65,-0.52,2.28,-33.519,-215.2634,84.26820000000001,175,75
2026-05-09 15:09:32.669,3,3.44,-0.91,1.18,-84.799,-257.7034,60.4282,175,75
2026-05-09 15:09:32.696,3,-0.56,-0.76,2.79,-14.799,73.2666,-28.531800000000004,175,75
2026-05-09 15:09:32.706,3,0.33,-3.86,3.22,122.46100000000001,117.5966,-38.961800000000004,175,75
2026-05-09 15:09:32.719,3,-0.77,-1.55,0.45,51.361,-121.06340000000002,-105.61179999999999,175,75
2026-05-09 15:09:32.729,3,-3.25,0.85,-1.67,49.531,71.1966,-43.4718,175,75
2026-05-09 15:09:32.731,3,-2.98,0.49,-1.45,86.971,219.06660000000002,-76.34179999999999,175,75
2026-05-09 15:09:32.781,3,-0.32,0.07,3.05,-59.489,-311.54339999999996,33.4782,175,75
2026-05-09 15:09:32.797,3,-0.78,-0.3,0.87,-102.719,-306.54339999999996,-1.9518000000000004,175,75
2026-05-09 15:09:32.797,3,-1.16,-0.42,0.07,-65.34899999999999,-205.87339999999998,-25.421800000000005,175,75
2026-05-09 15:09:32.810,3,-1.19,-0.59,0.52,-26.628999999999998,-46.303399999999996,-70.73179999999999,175,75
2026-05-09 15:09:32.821,3,0.0,-0.13,1.48,-0.8890000000000002,-11.063399999999998,-97.1318,175,75
2026-05-09 15:09:32.832,3,-0.06,0.12,1.8,-28.759,-85.8134,-41.7718,175,75
2026-05-09 15:09:32.845,3,-0.68,-0.33,1.23,-42.849,-132.34339999999997,-28.5918,175,75
2026-05-09 15:09:32.856,3,-1.06,-0.71,0.86,-46.079,-72.5834,-48.7218,175,75
2026-05-09 15:09:32.878,3,-0.46,-0.74,1.27,-64.739,-138.5634,-43.961800000000004,175,75
2026-05-09 15:09:32.888,3,-0.39,-0.68,0.88,-68.38900000000001,-167.64339999999999,-47.5018,175,75
2026-05-09 15:09:32.899,3,-0.25,-0.63,0.62,-68.089,-162.7634,-41.1618,175,75
2026-05-09 15:09:32.964,3,-0.68,0.66,0.81,-84.429,-150.93339999999998,39.5782,175,75
2026-05-09 15:09:32.995,3,-0.61,1.05,1.45,-67.41900000000001,-167.8834,87.6182,175,75
2026-05-09 15:09:33.006,3,-0.92,1.18,1.35,-69.739,-143.62339999999998,110.6682,175,75
2026-05-09 15:09:33.006,3,-1.02,1.05,1.25,-70.09899999999999,-106.6634,126.5282,175,75
2026-05-09 15:09:33.016,3,-0.8,0.84,1.14,-55.589,-72.7034,109.32820000000001,175,75
2026-05-09 15:09:33.028,3,-0.91,1.23,1.17,-26.988999999999997,-19.4134,97.68820000000001,175,75
2026-05-09 15:09:33.039,3,-0.73,1.17,1.35,-15.709,-12.093399999999999,104.7582,175,75
2026-05-09 15:09:33.051,3,0.17,0.89,0.95,-18.329,-65.63340000000001,80.1182,175,75
2026-05-09 15:09:33.066,3,0.05,1.07,0.17,-29.859,-52.3434,89.99820000000001,175,75
2026-05-09 15:09:33.088,3,0.02,1.17,1.26,-30.769,0.896600000000003,67.7482,175,75
2026-05-09 15:09:33.103,3,0.3,1.38,2.24,-36.869,-82.88340000000001,63.1682,175,75
2026-05-09 15:09:33.103,3,0.53,1.52,2.85,-43.639,-164.4734,66.8882,175,75
2026-05-09 15:09:33.127,3,0.61,0.95,1.41,-131.569,-390.3834,89.93820000000001,175,75
2026-05-09 15:09:33.163,3,3.97,-3.58,-0.13,5.261,-400.7534,42.438199999999995,175,75
2026-05-09 15:09:33.173,3,-2.11,-2.17,-0.75,-54.859,88.9366,167.0782,175,75
2026-05-09 15:09:33.199,3,0.11,0.33,0.65,129.041,393.7566,-19.2718,175,75
2026-05-09 15:09:33.204,3,-0.45,-0.35,2.06,106.911,263.3966,87.3182,175,75
2026-05-09 15:09:33.236,3,-0.72,0.41,1.99,74.59100000000001,114.5466,14.818200000000001,175,75
2026-05-09 15:09:33.236,3,-0.19,0.37,1.85,30.261,9.186600000000002,16.708199999999998,175,75
2026-05-09 15:09:33.250,3,-0.94,0.69,1.49,1.851,-53.3134,23.7782,175,75
2026-05-09 15:09:33.269,3,-0.98,0.85,0.31,-15.829,-51.663399999999996,-2.6218000000000004,175,75
2026-05-09 15:09:33.283,3,-0.68,-0.96,0.26,-17.179,-29.173399999999997,-3.9618,175,75
2026-05-09 15:09:33.307,3,-0.58,-3.16,1.6,70.87100000000001,69.1266,3.7181999999999995,175,75
2026-05-09 15:09:33.317,3,-0.74,-0.6,2.79,191.791,199.00660000000002,-93.6618,175,75
2026-05-09 15:09:33.317,3,1.07,0.71,2.66,112.52099999999999,99.0666,-39.881800000000005,175,75
2026-05-09 15:09:33.340,3,-0.43,1.42,1.41,12.280999999999999,-116.2434,81.0382,175,75
2026-05-09 15:09:33.350,3,-1.44,1.15,0.8,13.741,-11.363399999999999,24.758200000000002,175,75
2026-05-09 15:09:33.376,3,-0.28,-0.05,2.35,-31.569000000000003,-84.96340000000001,7.4982,175,75
2026-05-09 15:09:33.386,3,-0.78,0.13,1.47,-43.389,-102.2734,4.2082,175,75
2026-05-09 15:09:33.425,3,-0.84,0.22,1.32,-38.329,-65.7534,-18.5918,175,75
2026-05-09 15:09:33.439,3,-0.85,0.18,1.47,-39.369,-55.933400000000006,-34.3318,175,75
2026-05-09 15:09:33.449,3,-0.82,0.14,1.46,-45.649,-61.0634,-41.5818,175,75
2026-05-09 15:09:33.460,3,-0.82,0.04,1.44,-49.609,-64.5934,-49.5718,175,75
2026-05-09 15:09:33.471,3,-0.94,-0.07,1.41,-53.579,-82.0334,-61.891799999999996,175,75
2026-05-09 15:09:33.481,3,-0.99,-0.13,1.24,-55.769,-93.8034,-69.5118,175,75
2026-05-09 15:09:33.494,3,-1.1,-0.18,0.99,-59.489,-106.9134,-60.7918,175,75
2026-05-09 15:09:33.511,3,-1.13,-0.69,0.74,-75.649,-132.7634,-41.8918,175,75
2026-05-09 15:09:33.523,3,-0.6,-0.92,0.85,-81.56899999999999,-157.7034,-36.461800000000004,175,75
2026-05-09 15:09:33.535,3,-0.63,-1.03,0.44,-102.65899999999999,-231.7934,4.2082,175,75
2026-05-09 15:09:33.558,3,0.2,-0.41,0.09,-79.06899999999999,-155.4534,-5.2418,175,75
2026-05-09 15:09:33.574,3,0.59,-0.11,0.53,-80.40899999999999,-124.90339999999999,14.8782,175,75
2026-05-09 15:09:33.619,3,0.07,0.79,1.45,-20.529,-36.793400000000005,35.2482,175,75
2026-05-09 15:09:33.630,3,0.57,0.51,0.71,-36.689,-8.923399999999997,9.2082,175,75
2026-05-09 15:09:33.630,3,0.96,0.25,0.14,-45.589,63.2666,-29.391800000000003,175,75
2026-05-09 15:09:33.643,3,0.87,0.57,0.13,-35.589,146.4366,-69.20179999999999,175,75
2026-05-09 15:09:33.681,3,0.55,0.61,-0.41,-34.609,280.58660000000003,-123.23179999999999,175,75
2026-05-09 15:09:33.692,3,0.5,0.55,-0.18,-23.519,343.33660000000003,-127.86179999999999,175,75
2026-05-09 15:09:33.692,3,0.14,0.61,1.1,-1.689,332.0466,-140.9718,175,75
2026-05-09 15:09:33.714,3,0.15,0.8,1.86,-6.689,267.2966,-144.3918,175,75
2026-05-09 15:09:33.714,3,0.03,1.21,2.61,-1.1989999999999998,193.3366,-130.49179999999998,175,75
2026-05-09 15:09:33.727,3,-0.39,1.78,1.76,-18.209,114.61659999999999,-59.94180000000001,175,75
2026-05-09 15:09:33.739,3,-5.81,3.91,5.93,103.131,68.4566,170.0582,175,75
2026-05-09 15:09:33.755,3,-1.63,0.46,5.55,104.721,-60.023399999999995,85.60820000000001,175,75
2026-05-09 15:09:33.771,3,1.87,-0.86,2.71,85.811,-359.23339999999996,57.078199999999995,175,75
2026-05-09 15:09:33.771,3,1.91,-0.57,0.01,-32.539,-441.1234,146.8882,175,75
2026-05-09 15:09:33.788,3,-1.99,0.65,-0.27,-83.69900000000001,-242.27339999999998,204.3882,175,75
2026-05-09 15:09:33.837,3,0.24,-2.37,1.11,49.651,105.5866,15.9782,175,75
2026-05-09 15:09:33.850,3,0.56,-2.41,1.74,63.501,64.7966,54.578199999999995,175,75
2026-05-09 15:09:33.897,3,-0.79,0.68,1.15,6.541,-51.303399999999996,59.8782,175,75
2026-05-09 15:09:33.907,3,-1.1,0.27,0.57,-3.519,-32.523399999999995,51.5882,175,75
2026-05-09 15:09:33.924,3,-1.3,-0.05,1.02,10.081,6.746600000000001,11.0982,175,75
2026-05-09 15:09:33.935,3,-0.52,0.17,1.36,20.930999999999997,-25.323399999999996,-26.7018,175,75
2026-05-09 15:09:33.935,3,-0.42,0.14,1.28,24.291,-45.1434,-1.5817999999999994,175,75
2026-05-09 15:09:33.947,3,-0.61,-0.03,1.01,32.521,-40.32339999999999,-14.391800000000002,175,75
2026-05-09 15:09:33.958,3,-0.49,-0.01,0.78,48.011,-9.533399999999997,-27.741800000000005,175,75
2026-05-09 15:09:33.973,3,-0.45,0.01,0.89,58.981,7.236600000000001,-23.8418,175,75
2026-05-09 15:09:33.985,3,-0.44,-0.06,1.06,70.691,6.316600000000001,-23.781800000000004,175,75
2026-05-09 15:09:34.001,3,-0.25,-0.15,1.01,90.39099999999999,5.836600000000001,-14.571800000000001,175,75
2026-05-09 15:09:34.022,3,0.07,-0.64,1.23,116.481,23.876600000000003,-0.8518000000000008,175,75
2026-05-09 15:09:34.044,3,0.07,-0.89,1.14,142.64100000000002,22.116600000000002,28.718200000000003,175,75
2026-05-09 15:09:34.058,3,-0.09,-0.91,1.14,167.701,41.5666,26.9482,175,75
2026-05-09 15:09:34.068,3,-0.12,-0.99,1.25,176.30100000000002,51.56660000000001,32.4382,175,75
2026-05-09 15:09:34.080,3,-0.15,-0.87,1.13,172.031,34.1866,29.0282,175,75
2026-05-09 15:09:34.093,3,-0.37,-0.28,0.91,160.871,35.64660000000001,29.4482,175,75
2026-05-09 15:09:34.145,3,-0.85,1.15,1.68,129.111,46.5666,-13.2918,175,75
2026-05-09 15:09:34.179,3,-0.22,0.44,0.83,84.351,1.1366000000000014,-40.6118,175,75
2026-05-09 15:09:34.200,3,-0.5,0.68,0.87,53.131,83.4566,-67.31179999999999,175,75
2026-05-09 15:09:34.232,3,-0.55,0.58,0.78,15.631,149.7966,-123.96179999999998,175,75
2026-05-09 15:09:34.243,3,-0.4,0.78,1.1,0.2610000000000001,161.6866,-143.6618,175,75
2026-05-09 15:09:34.250,3,-0.46,0.77,1.11,-0.7690000000000001,169.85660000000001,-147.9218,175,75
2026-05-09 15:09:34.289,3,-0.46,0.66,1.06,-2.4190000000000005,177.1766,-161.3418,175,75
2026-05-09 15:09:34.289,3,-0.38,0.58,1.01,-5.159000000000001,178.75660000000002,-175.24179999999998,175,75
2026-05-09 15:09:34.289,3,-0.24,0.57,0.99,-18.149,186.62660000000002,-186.3418,175,75
2026-05-09 15:09:34.549,3,-0.24,0.7,1.2,-27.598999999999997,189.1866,-188.0518,175,75
2026-05-09 15:09:34.549,3,0.35,0.65,1.19,-56.869,102.9066,-182.1318,175,75
2026-05-09 15:09:34.549,3,-0.99,1.48,1.85,-75.15899999999999,116.4366,-183.5918,175,75
2026-05-09 15:09:34.549,3,-5.67,3.05,3.45,-86.62899999999999,300.2266,-11.091800000000001,175,75
2026-05-09 15:09:34.549,3,-2.45,0.73,5.86,306.541,260.7066,-54.4518,175,75
2026-05-09 15:09:34.550,3,4.09,-0.76,2.73,78.501,-184.65339999999998,-53.781800000000004,175,75
2026-05-09 15:09:34.550,3,-1.8,1.6,1.15,-96.499,-303.7434,167.00820000000002,175,75
2026-05-09 15:09:34.550,3,-1.66,0.21,-0.36,-11.379000000000001,12.966600000000001,7.9281999999999995,175,75
2026-05-09 15:09:34.550,3,-0.31,-0.25,1.17,51.001,111.1366,15.918199999999999,175,75
2026-05-09 15:09:34.550,3,-0.65,-0.41,1.66,56.181,25.096600000000002,8.9682,175,75
2026-05-09 15:09:34.550,3,-0.57,-0.49,1.66,58.681,23.0866,-1.5817999999999994,175,75
2026-05-09 15:09:34.551,3,-0.6,-0.42,1.33,78.92099999999999,-10.693399999999997,12.5582,175,75
2026-05-09 15:09:34.551,3,-0.6,-0.19,1.48,83.74100000000001,-6.4834,14.578199999999999,175,75
2026-05-09 15:09:34.607,3,-0.49,-0.23,1.5,81.481,-3.9233999999999973,14.6982,175,75
2026-05-09 15:09:34.609,3,-0.37,-0.39,1.46,78.251,-20.2034,25.188200000000002,175,75
2026-05-09 15:09:34.609,3,-0.2,-0.75,1.14,79.231,-51.3634,31.0982,175,75
2026-05-09 15:09:34.655,3,0.18,-1.08,1.09,105.811,-51.85340000000001,79.5082,175,75
2026-05-09 15:09:34.655,3,-0.54,-0.46,1.02,96.67099999999999,-34.903400000000005,82.9882,175,75
2026-05-09 15:09:34.760,3,-0.84,0.31,1.98,121.36099999999999,-7.093399999999999,73.8382,175,75
2026-05-09 15:09:34.760,3,-0.7,0.44,1.81,115.39099999999999,-47.5834,73.96820000000001,175,75
2026-05-09 15:09:34.760,3,-1.0,0.66,1.35,100.87100000000001,-65.2034,93.96820000000001,175,75
2026-05-09 15:09:34.761,3,-0.43,0.27,0.87,56.791,-41.85339999999999,63.7782,175,75
2026-05-09 15:09:34.761,3,0.01,0.2,0.71,23.431,-44.5934,38.4782,175,75
2026-05-09 15:09:34.792,3,-0.12,0.37,0.47,-16.929,23.8166,34.0282,175,75
2026-05-09 15:09:34.792,3,-0.04,0.07,0.27,-52.479,9.6766,2.6882,175,75
2026-05-09 15:09:34.792,3,-0.29,0.36,0.06,-77.47900000000001,76.8066,-15.9718,175,75
2026-05-09 15:09:34.837,3,-0.34,0.46,0.94,-155.039,127.6566,-64.2718,175,75
2026-05-09 15:09:34.837,3,-0.32,0.33,1.46,-211.319,94.0666,-114.39179999999999,175,75
2026-05-09 15:09:34.916,3,-0.49,0.27,1.61,-233.69899999999998,46.3166,-119.27179999999998,175,75
2026-05-09 15:09:34.916,3,-0.62,0.3,1.67,-261.439,-22.4034,-107.86179999999999,175,75
2026-05-09 15:09:34.916,3,-0.73,0.29,1.69,-267.65900000000005,-47.9534,-98.84179999999999,175,75
2026-05-09 15:09:34.916,3,-0.81,0.24,1.62,-273.879,-66.6634,-89.0218,175,75
2026-05-09 15:09:34.916,3,-0.81,0.18,1.7,-273.209,-72.2734,-78.2918,175,75
2026-05-09 15:09:34.962,3,-0.81,0.2,1.79,-271.749,-84.0434,-66.5818,175,75
2026-05-09 15:09:34.962,3,-0.82,0.31,1.91,-266.98900000000003,-113.13340000000001,-48.5918,175,75
2026-05-09 15:09:34.962,3,-0.87,0.43,1.95,-262.04900000000004,-142.46339999999998,-28.961800000000004,175,75
2026-05-09 15:09:34.962,3,-0.92,0.5,1.95,-255.95899999999997,-161.6634,-1.341800000000001,175,75
2026-05-09 15:09:35.028,3,-0.91,0.52,2.01,-247.599,-175.3234,25.3082,175,75
2026-05-09 15:09:35.028,3,-0.89,0.46,2.17,-235.649,-200.3834,48.3582,175,75
2026-05-09 15:09:35.028,3,-0.83,0.46,2.3,-222.659,-236.6034,66.40820000000001,175,75
2026-05-09 15:09:35.028,3,-0.21,0.56,2.14,-191.07899999999998,-379.23339999999996,132.4382,175,75
2026-05-09 15:09:35.183,3,0.06,0.42,2.14,-164.129,-374.29339999999996,120.3682,175,75
2026-05-09 15:09:35.184,3,1.25,-0.42,1.15,-89.799,-332.6434,83.35820000000001,175,75
2026-05-09 15:09:35.184,3,1.56,-0.57,1.04,-29.799,-260.3834,13.4782,175,75
2026-05-09 15:09:35.652,3,-0.96,0.16,1.3,10.201,-41.4834,7.1982,175,75
2026-05-09 15:09:35.652,3,-0.64,0.01,1.51,-2.9689999999999994,-84.5934,-1.2818000000000005,175,75
2026-05-09 15:09:35.652,3,-0.88,0.06,1.53,-7.779,-60.38340000000001,-9.691799999999999,175,75
2026-05-09 15:09:35.652,3,-0.78,0.08,1.79,-17.049,-54.71340000000001,-24.0818,175,75
2026-05-09 15:09:35.652,3,-0.59,0.04,1.86,-33.819,-85.99340000000001,-23.961800000000004,175,75
2026-05-09 15:09:35.652,3,-0.75,-0.05,1.66,-44.799,-113.8034,-23.4718,175,75
2026-05-09 15:09:35.653,3,-1.09,-0.04,1.53,-53.759,-102.3434,-32.4418,175,75
2026-05-09 15:09:35.653,3,-0.77,-0.66,1.49,-88.519,-145.99339999999998,-43.6618,175,75
2026-05-09 15:09:35.653,3,-0.55,-0.95,1.35,-98.209,-178.80339999999998,-43.2318,175,75
2026-05-09 15:09:35.653,3,-0.47,-1.1,1.27,-104.429,-202.21339999999998,-40.9118,175,75
2026-05-09 15:09:35.653,3,-1.2,1.49,1.08,-70.529,-189.71339999999998,44.148199999999996,175,75
2026-05-09 15:09:35.653,3,-0.95,1.13,0.91,-53.459,-171.30339999999998,56.2782,175,75
2026-05-09 15:09:35.653,3,0.13,0.63,0.93,-33.459,-175.8134,79.63820000000001,175,75
2026-05-09 15:09:35.653,3,-0.06,0.95,0.34,-18.149,-135.6334,59.148199999999996,175,75
2026-05-09 15:09:35.654,3,0.59,0.97,0.58,-62.538999999999994,-127.8234,22.748199999999997,175,75
2026-05-09 15:09:35.654,3,0.66,0.81,0.64,-69.249,-118.8034,4.3282,175,75
2026-05-09 15:09:35.654,3,0.38,0.85,0.82,-82.299,-126.3034,-4.941800000000001,175,75
2026-05-09 15:09:35.654,3,0.03,1.07,0.96,-76.439,-105.3234,-0.9117999999999995,175,75
2026-05-09 15:09:35.654,3,0.24,-0.96,2.97,133.431,-119.7734,84.4482,175,75
2026-05-09 15:09:35.654,3,2.03,-0.42,0.68,9.291,-210.14339999999999,100.7282,175,75
2026-05-09 15:09:35.884,3,1.21,-2.76,2.64,132.341,99.8566,-31.9518,175,75
2026-05-09 15:09:35.884,3,-2.47,-0.91,0.06,8.741,-141.6634,202.1382,175,75
2026-05-09 15:09:35.884,3,-3.59,0.86,-0.0,161.42100000000002,56.866600000000005,2.7481999999999998,175,75
2026-05-09 15:09:35.884,3,-0.41,1.33,1.73,202.701,333.20660000000004,-102.1918,175,75
2026-05-09 15:09:35.884,3,0.69,1.33,3.47,87.46100000000001,132.2366,11.2782,175,75
2026-05-09 15:09:35.884,3,-0.31,0.61,3.22,12.761,-145.6934,85.9782,175,75
2026-05-09 15:09:35.885,3,-0.75,-0.03,2.09,-13.329,-160.93339999999998,73.7782,175,75
2026-05-09 15:09:35.885,3,-0.22,0.55,1.21,-14.068999999999999,-63.8634,-4.331799999999999,175,75
2026-05-09 15:09:35.885,3,-0.4,1.52,1.83,-30.769,-25.5134,3.3582,175,75
2026-05-09 15:09:35.885,3,-0.24,0.93,1.85,-45.039,-27.5234,-1.0318000000000005,175,75
2026-05-09 15:09:35.885,3,-0.26,0.49,1.8,-66.13900000000001,-39.5934,-0.49179999999999957,175,75
2026-05-09 15:09:35.886,3,-0.38,-0.01,1.95,-82.59899999999999,-43.07339999999999,2.1982,175,75
2026-05-09 15:09:35.886,3,-0.27,-0.7,2.3,-90.88900000000001,-55.99340000000001,-0.18180000000000085,175,75
2026-05-09 15:09:35.921,3,-0.37,-0.24,2.19,-133.879,-133.1934,8.418199999999999,175,75
2026-05-09 15:09:35.921,3,-0.22,0.03,2.05,-157.969,-161.0634,2.3781999999999996,175,75
2026-05-09 15:09:35.978,3,-1.51,0.39,1.97,-166.019,-169.90339999999998,16.2782,175,75
2026-05-09 15:09:36.035,3,-1.07,0.32,2.1,-154.799,-303.5634,36.6482,175,75
2026-05-09 15:09:36.062,3,-1.15,0.29,1.37,-149.679,-341.91339999999997,59.6982,175,75
2026-05-09 15:09:36.095,3,-0.7,0.32,1.29,-132.719,-310.9934,60.6682,175,75
2026-05-09 15:09:36.095,3,-0.61,0.38,1.33,-121.499,-295.5134,60.2482,175,75
2026-05-09 15:09:36.095,3,-0.43,0.43,1.39,-84.489,-259.35339999999997,52.5582,175,75
2026-05-09 15:09:36.387,3,-0.16,0.62,1.04,-43.939,-205.3234,43.718199999999996,175,75
2026-05-09 15:09:36.387,3,-0.07,0.69,0.89,0.8109999999999999,-143.0734,34.5082,175,75
2026-05-09 15:09:36.387,3,-0.05,0.73,0.95,10.021,-125.63340000000001,31.2782,175,75
2026-05-09 15:09:36.387,3,-0.15,0.85,1.02,17.221,-93.5634,28.718200000000003,175,75
2026-05-09 15:09:36.387,3,-0.01,0.97,1.34,18.131,-88.13340000000001,25.1182,175,75
2026-05-09 15:09:36.387,3,0.03,0.89,1.4,12.341000000000001,-108.6234,30.188200000000002,175,75
2026-05-09 15:09:36.387,3,0.0,0.82,1.37,7.281,-118.31340000000002,32.5582,175,75
2026-05-09 15:09:36.387,3,-0.09,0.79,1.36,1.3010000000000002,-117.6434,34.8182,175,75
2026-05-09 15:09:36.387,3,-0.25,0.71,1.44,-4.369,-115.81340000000002,37.6182,175,75
2026-05-09 15:09:36.388,3,-0.63,0.36,1.99,-16.379,-134.65339999999998,53.4182,175,75
2026-05-09 15:09:36.388,3,-0.66,0.23,2.13,-17.599,-170.2034,61.0982,175,75
2026-05-09 15:09:36.389,3,-1.01,-0.19,1.72,-26.139000000000003,-211.18339999999998,80.4282,175,75
2026-05-09 15:09:36.389,3,-1.28,-0.45,1.51,-26.319000000000003,-197.0334,67.6882,175,75
2026-05-09 15:09:36.389,3,-1.07,-0.06,1.85,-26.079,-185.6334,93.71820000000001,175,75
2026-05-09 15:09:36.389,3,-1.22,-0.12,1.85,-40.219,-207.15339999999998,107.2582,175,75
2026-05-09 15:09:36.389,3,-1.34,-0.22,1.78,-51.019,-214.2334,112.8682,175,75
2026-05-09 15:09:36.389,3,-1.29,-0.27,1.75,-61.629,-227.40339999999998,111.46820000000001,175,75
2026-05-09 15:09:36.727,3,-1.18,-0.28,1.64,-76.37899999999999,-249.53339999999997,112.07820000000001,175,75
2026-05-09 15:09:36.727,3,-1.13,-0.23,1.51,-89.679,-261.91339999999997,108.29820000000001,175,75
2026-05-09 15:09:36.727,3,-0.83,0.05,1.16,-91.37899999999999,-278.0734,99.26820000000001,175,75
2026-05-09 15:09:36.728,3,-0.65,0.17,0.87,-71.989,-235.3834,82.6182,175,75
2026-05-09 15:09:36.728,3,-0.49,0.31,0.88,-63.029,-212.8234,74.99820000000001,175,75
2026-05-09 15:09:36.728,3,-0.39,0.43,0.9,-57.179,-202.52339999999998,72.1982,175,75
2026-05-09 15:09:36.728,3,-0.11,0.69,0.86,-27.109,-179.4134,67.7482,175,75
2026-05-09 15:09:36.728,3,-0.08,0.74,0.81,-38.579,-171.4234,59.6382,175,75
2026-05-09 15:09:36.728,3,-0.1,0.86,0.82,-47.969,-156.9734,49.4482,175,75
2026-05-09 15:09:36.728,3,-0.1,0.94,0.91,-56.139,-147.8234,44.4482,175,75
2026-05-09 15:09:36.729,3,-0.08,0.99,1.12,-68.999,-152.0334,44.3882,175,75
2026-05-09 15:09:36.729,3,-1.0,-0.21,1.58,-74.429,-237.0334,19.8782,175,75
2026-05-09 15:09:36.729,3,-1.13,-0.49,1.46,-55.039,-214.77339999999998,36.8882,175,75
2026-05-09 15:09:36.729,3,-1.16,-0.53,1.83,-30.039,-196.6634,37.1982,175,75
2026-05-09 15:09:36.738,3,-0.98,-0.46,1.99,-29.128999999999998,-218.1934,57.688199999999995,175,75
2026-05-09 15:09:36.805,3,-1.15,-0.48,1.69,-24.489,-249.84339999999997,83.29820000000001,175,75
2026-05-09 15:09:36.816,3,-0.91,-0.31,1.57,-11.568999999999999,-243.8634,83.2282,175,75
2026-05-09 15:09:36.829,3,-0.73,-0.13,1.53,-2.4190000000000005,-248.8034,89.2082,175,75
2026-05-09 15:09:36.859,3,-0.4,0.41,0.84,38.371,-215.3834,91.46820000000001,175,75
2026-05-09 15:09:36.859,3,-0.37,0.51,0.66,51.061,-190.5734,93.71820000000001,175,75
2026-05-09 15:09:36.881,3,-0.39,0.69,0.52,79.65100000000001,-121.3034,88.8382,175,75
2026-05-09 15:09:36.892,3,-0.36,0.78,0.74,90.811,-97.1534,82.49820000000001,175,75
2026-05-09 15:09:36.892,3,-0.28,0.89,0.88,93.37100000000001,-92.8234,82.13820000000001,175,75
2026-05-09 15:09:36.903,3,-0.3,0.96,0.87,90.14099999999999,-111.4834,93.29820000000001,175,75
2026-05-09 15:09:36.913,3,-0.29,0.95,0.8,77.34100000000001,-115.9934,86.9482,175,75
2026-05-09 15:09:36.936,3,-0.14,1.13,0.8,35.260999999999996,-100.99340000000001,81.3382,175,75
2026-05-09 15:09:36.946,3,0.04,1.12,1.01,19.721,-117.34339999999999,64.6382,175,75
2026-05-09 15:09:36.956,3,-0.03,1.1,1.09,3.0709999999999997,-104.7734,59.578199999999995,175,75
2026-05-09 15:09:36.970,3,-1.23,2.16,2.07,22.761,-78.0734,70.2482,175,75
2026-05-09 15:09:36.980,3,-1.53,1.72,3.19,84.041,-120.81340000000002,65.1182,175,75
2026-05-09 15:09:36.987,3,-0.56,0.2,0.8,-9.069,-424.6534,135.3682,175,75
2026-05-09 15:09:37.027,3,-2.45,-0.74,-0.15,-15.099,64.9166,8.3582,175,75
2026-05-09 15:09:37.055,3,-1.94,-2.31,2.32,-16.079,-88.6834,61.218199999999996,175,75
2026-05-09 15:09:37.073,3,0.24,0.62,-0.45,95.93100000000001,-15.143399999999996,49.508199999999995,175,75
2026-05-09 15:09:37.078,3,-0.2,-0.25,0.53,93.68100000000001,29.616600000000002,117.07820000000001,175,75
2026-05-09 15:09:37.091,3,-0.53,-1.42,1.87,109.411,31.256600000000002,86.5882,175,75
2026-05-09 15:09:37.102,3,-0.58,-1.97,2.64,98.68100000000001,-10.453399999999998,31.5282,175,75
2026-05-09 15:09:37.115,3,0.42,-1.47,2.19,12.030999999999999,-179.65339999999998,24.0282,175,75
2026-05-09 15:09:37.120,3,0.02,-0.98,1.14,2.0309999999999997,-196.7934,25.9182,175,75
2026-05-09 15:09:37.132,3,-0.34,-0.84,0.56,14.171,-115.5734,0.30819999999999936,175,75
2026-05-09 15:09:37.145,3,-0.47,-0.66,0.67,56.911,-11.853399999999997,-48.2918,175,75
2026-05-09 15:09:37.160,3,-0.35,-0.53,0.98,74.11099999999999,28.696600000000004,-63.111799999999995,175,75
2026-05-09 15:09:37.180,3,-0.3,-0.52,1.12,78.191,51.4366,-76.4618,175,75
2026-05-09 15:09:37.191,3,-1.02,0.25,1.54,102.46100000000001,115.7666,-100.8518,175,75
2026-05-09 15:09:37.201,3,-1.04,0.33,1.79,127.221,116.0166,-105.4918,175,75
2026-05-09 15:09:37.211,3,-0.62,0.04,1.75,108.191,105.3466,-111.4018,175,75
2026-05-09 15:09:37.222,3,-1.3,0.71,1.78,113.131,137.35660000000001,-105.67179999999999,175,75
2026-05-09 15:09:37.232,3,-1.62,0.65,2.44,176.121,229.12660000000002,-84.6918,175,75
2026-05-09 15:09:37.265,3,-0.73,0.46,1.4,144.721,178.5166,-85.1218,175,75
2026-05-09 15:09:37.289,3,-0.44,0.65,1.43,128.501,190.8366,-101.03179999999999,175,75
2026-05-09 15:09:37.303,3,-0.52,0.9,1.18,111.481,165.40660000000003,-108.9018,175,75
2026-05-09 15:09:37.315,3,-0.46,0.97,1.12,101.42099999999999,167.59660000000002,-113.59179999999999,175,75
2026-05-09 15:09:37.340,3,-0.38,1.18,1.02,93.43100000000001,162.2966,-127.0118,175,75
2026-05-09 15:09:37.355,3,-0.37,1.27,0.83,92.09100000000001,163.2666,-134.3318,175,75
2026-05-09 15:09:37.367,3,-0.39,1.32,0.63,93.501,174.7366,-143.96179999999998,175,75
2026-05-09 15:09:37.379,3,-0.41,1.35,0.52,94.721,194.7366,-157.0718,175,75
2026-05-09 15:09:37.389,3,-0.38,1.4,0.52,94.531,212.90660000000003,-167.2518,175,75
2026-05-09 15:09:37.403,3,-0.33,1.37,0.68,93.62100000000001,220.28660000000002,-175.8518,175,75
2026-05-09 15:09:37.415,3,-0.36,1.37,0.69,91.18100000000001,225.4666,-177.5618,175,75
2026-05-09 15:09:37.415,3,-0.32,1.32,0.8,92.34100000000001,222.41660000000002,-184.0818,175,75
2026-05-09 15:09:37.426,3,-0.24,1.28,0.76,90.39099999999999,215.15660000000003,-182.3118,175,75
2026-05-09 15:09:37.437,3,-0.27,1.23,0.66,89.471,219.1866,-183.1118,175,75
2026-05-09 15:09:37.459,3,-0.29,1.19,0.64,88.071,234.7366,-190.1218,175,75
2026-05-09 15:09:37.483,3,-0.38,1.1,0.81,82.221,238.4566,-208.96179999999998,175,75
2026-05-09 15:09:37.488,3,-0.35,1.11,0.84,78.68100000000001,231.9866,-217.8018,175,75
2026-05-09 15:09:37.500,3,-0.39,1.1,0.78,75.511,227.53660000000002,-220.18179999999998,175,75
2026-05-09 15:09:37.513,3,-0.66,1.07,0.57,72.761,238.5166,-227.3118,175,75
2026-05-09 15:09:37.543,3,-1.22,0.73,0.57,94.721,339.4866,-281.52180000000004,175,75
2026-05-09 15:09:37.554,3,-1.43,0.6,0.82,99.291,364.9766,-286.89180000000005,175,75
2026-05-09 15:09:37.566,3,-1.61,0.49,1.05,104.96100000000001,366.6266,-291.34180000000003,175,75
2026-05-09 15:09:37.587,3,-1.75,0.41,1.26,106.30099999999999,350.2266,-289.02180000000004,175,75
2026-05-09 15:09:37.587,3,-1.92,0.36,1.42,94.84100000000001,328.33660000000003,-278.96180000000004,175,75
2026-05-09 15:09:37.598,3,-1.98,0.22,1.57,70.451,289.9766,-269.6318,175,75
2026-05-09 15:09:37.611,3,-2.05,0.18,1.44,38.371,249.7366,-260.3618,175,75
2026-05-09 15:09:37.623,3,-2.16,0.12,1.37,25.631,252.0466,-255.8518,175,75
2026-05-09 15:09:37.633,3,-2.23,0.06,1.42,25.261,266.8066,-252.38179999999997,175,75
2026-05-09 15:09:37.671,3,-1.86,-0.13,1.34,31.241,321.9266,-220.24179999999998,175,75
2026-05-09 15:09:37.682,3,-1.69,-0.03,1.35,34.291,350.76660000000004,-205.0018,175,75
2026-05-09 15:09:37.692,3,-1.46,0.04,1.34,37.150999999999996,368.6366,-176.6418,175,75
2026-05-09 15:09:37.707,3,-1.53,0.17,1.37,35.451,386.6866,-161.0318,175,75
2026-05-09 15:09:37.724,3,-1.52,0.29,1.66,30.201,359.1866,-126.0918,175,75
2026-05-09 15:09:37.739,3,-1.51,0.45,1.81,29.841,340.70660000000004,-110.3018,175,75
2026-05-09 15:09:37.742,3,-1.32,0.66,1.96,31.361,304.4266,-92.3818,175,75
2026-05-09 15:09:37.757,3,-0.94,0.81,2.04,31.481,256.5066,-71.5818,175,75
2026-05-09 15:09:37.770,3,-0.46,0.8,1.87,33.010999999999996,210.28660000000002,-57.80180000000001,175,75
2026-05-09 15:09:37.783,3,-1.43,1.16,1.84,37.400999999999996,216.4366,-30.491800000000005,175,75
2026-05-09 15:09:37.795,3,-1.95,1.33,2.42,71.61099999999999,257.6566,-37.0118,175,75
2026-05-09 15:09:37.808,3,-2.63,1.81,3.97,163.981,354.2466,-49.0218,175,75
2026-05-09 15:09:37.808,3,-1.31,0.79,6.53,362.76099999999997,471.9866,-103.4118,175,75
2026-05-09 15:09:37.821,3,4.22,-0.58,4.36,129.111,-67.88340000000001,-15.9718,175,75
2026-05-09 15:09:37.832,3,1.21,0.38,1.24,24.291,-365.3234,184.9982,175,75
2026-05-09 15:09:37.863,3,-1.96,-0.54,-0.07,170.201,332.4766,-64.9418,175,75
2026-05-09 15:09:37.916,3,-1.01,0.49,0.72,3.561,-21.4834,57.258199999999995,175,75
2026-05-09 15:09:37.928,3,-0.99,0.36,0.81,13.190999999999999,37.476600000000005,34.2082,175,75
2026-05-09 15:09:37.939,3,-0.49,0.07,1.55,15.811,43.5166,7.808199999999999,175,75
2026-05-09 15:09:37.951,3,-0.25,-0.05,1.84,14.111,-8.563399999999998,9.9382,175,75
2026-05-09 15:09:37.958,3,-0.49,-0.02,1.46,5.7509999999999994,-34.773399999999995,18.2282,175,75
2026-05-09 15:09:37.973,3,-0.65,0.04,1.24,16.000999999999998,-18.6234,-4.511800000000001,175,75
2026-05-09 15:09:37.985,3,-0.53,0.15,1.37,12.951,-2.093399999999999,-15.851799999999999,175,75
2026-05-09 15:09:38.015,3,-0.36,0.15,1.82,-12.658999999999999,-34.903400000000005,-27.8018,175,75
2026-05-09 15:09:38.044,3,-0.67,-0.05,1.52,-51.499,-60.2034,-21.7018,175,75
2026-05-09 15:09:38.075,3,-0.44,-0.25,1.5,-66.62899999999999,-65.2034,-38.781800000000004,175,75
2026-05-09 15:09:38.082,3,-0.54,-0.59,1.18,-71.13900000000001,-94.5334,-41.8918,175,75
2026-05-09 15:09:38.110,3,-0.62,-0.81,0.58,-66.499,-90.1434,-36.9518,175,75
2026-05-09 15:09:38.121,3,-0.47,-0.77,0.56,-60.099,-67.5234,-46.7718,175,75
2026-05-09 15:09:38.121,3,-0.04,-0.32,0.47,-59.799,-66.7934,-42.131800000000005,175,75
2026-05-09 15:09:38.146,3,0.1,0.28,0.98,-45.039,-34.043400000000005,-6.091800000000001,175,75
2026-05-09 15:09:38.157,3,-0.2,0.67,1.16,-25.099,-39.96339999999999,11.4082,175,75
2026-05-09 15:09:38.162,3,-0.41,0.84,1.19,-7.539,-30.2634,32.7482,175,75
2026-05-09 15:09:38.191,3,-0.86,1.15,1.48,13.981,-1.1234000000000002,74.99820000000001,175,75
2026-05-09 15:09:38.204,3,-1.0,1.05,1.6,27.341,34.8566,108.90820000000001,175,75
2026-05-09 15:09:38.204,3,-1.0,0.86,1.23,54.231,71.1366,108.5382,175,75
2026-05-09 15:09:38.214,3,-0.79,0.79,1.29,90.451,145.5266,92.8682,175,75
2026-05-09 15:09:38.226,3,0.08,0.69,1.2,83.311,118.5766,89.38820000000001,175,75
2026-05-09 15:09:38.240,3,0.79,0.72,0.57,66.481,94.0666,79.4482,175,75
2026-05-09 15:09:38.249,3,0.21,1.06,0.58,59.041,126.25659999999999,62.9282,175,75
2026-05-09 15:09:38.258,3,0.09,1.19,1.06,67.031,191.56660000000002,-13.591800000000001,175,75
2026-05-09 15:09:38.273,3,-0.14,2.04,1.79,55.021,183.4566,-28.2318,175,75
2026-05-09 15:09:38.301,3,1.08,0.46,2.79,63.681,72.7266,9.1482,175,75
2026-05-09 15:09:38.315,3,1.41,-0.75,1.29,19.411,-77.0934,45.6082,175,75
2026-05-09 15:09:38.330,3,-0.74,-1.44,0.92,45.511,19.9766,43.538199999999996,175,75
2026-05-09 15:09:38.330,3,-0.96,-1.58,0.47,55.811,176.6866,24.508200000000002,175,75
2026-05-09 15:09:38.341,3,-1.05,-0.05,0.19,80.511,160.8366,-22.561799999999998,175,75
2026-05-09 15:09:38.358,3,-0.61,0.34,0.37,71.30099999999999,214.7966,9.6382,175,75
2026-05-09 15:09:38.374,3,-1.01,-0.92,1.18,27.091,106.3166,85.3682,175,75
2026-05-09 15:09:38.374,3,-0.84,-1.53,1.62,19.721,52.9066,29.998199999999997,175,75
2026-05-09 15:09:38.387,3,-0.34,-0.78,2.29,55.021,81.5666,-25.001800000000003,175,75
2026-05-09 15:09:38.413,3,-0.33,0.13,1.04,2.0309999999999997,-96.3034,92.1982,175,75
2026-05-09 15:09:38.426,3,-1.16,-0.01,0.49,18.311,-71.3034,64.8782,175,75
2026-05-09 15:09:38.466,3,-0.25,0.46,1.68,39.351,-22.9534,12.078199999999999,175,75
2026-05-09 15:09:38.486,3,-0.76,0.15,1.06,30.871,11.866600000000002,2.0782,175,75
2026-05-09 15:09:38.498,3,-0.72,0.21,1.42,39.471,24.8566,-9.3318,175,75
2026-05-09 15:09:38.519,3,-0.39,0.34,1.82,16.791,-3.013399999999997,-8.781799999999999,175,75
2026-05-09 15:09:38.533,3,-0.31,0.19,1.91,6.301,-14.103399999999997,-5.181800000000001,175,75
2026-05-09 15:09:38.544,3,-0.37,0.16,1.7,-7.909000000000001,-31.543400000000002,2.7481999999999998,175,75
2026-05-09 15:09:38.555,3,-0.62,0.27,1.64,-23.329,-24.533399999999997,0.11819999999999986,175,75
2026-05-09 15:09:38.578,3,-0.64,0.19,1.54,-45.589,-65.5734,-9.391800000000002,175,75
2026-05-09 15:09:38.595,3,-0.76,0.12,1.48,-53.149,-51.0634,-29.391800000000003,175,75
2026-05-09 15:09:38.617,3,-0.66,-0.05,1.44,-56.319,-61.793400000000005,-39.3918,175,75
2026-05-09 15:09:38.632,3,-0.83,-0.14,1.3,-57.359,-56.3634,-46.8918,175,75
2026-05-09 15:09:38.648,3,-0.58,-0.51,1.39,-67.10900000000001,-64.4734,-50.9118,175,75
2026-05-09 15:09:38.679,3,0.14,-1.03,1.19,-64.739,-93.0734,-38.9018,175,75
2026-05-09 15:09:38.704,3,0.35,-0.53,0.87,-33.389,-48.803399999999996,-36.5218,175,75
2026-05-09 15:09:38.716,3,0.48,-0.21,0.76,-27.779000000000003,-32.82339999999999,-24.811800000000005,175,75
2026-05-09 15:09:38.738,3,0.21,0.45,0.57,-4.679,48.2066,-28.2318,175,75
2026-05-09 15:09:38.760,3,-0.39,1.11,1.24,48.741,92.4166,-24.3318,175,75
2026-05-09 15:09:38.784,3,0.34,0.73,0.89,40.201,103.8166,-42.311800000000005,175,75
2026-05-09 15:09:38.810,3,0.41,0.92,0.89,-5.649000000000001,116.0766,-77.50179999999999,175,75
2026-05-09 15:09:38.833,3,1.1,0.54,0.21,-59.919000000000004,-12.523399999999999,-91.2218,175,75
2026-05-09 15:09:38.849,3,0.61,0.52,0.27,-77.10900000000001,9.4266,-98.84179999999999,175,75
2026-05-09 15:09:38.870,3,-1.3,2.18,2.51,-54.069,101.1366,-67.50179999999999,175,75
2026-05-09 15:09:38.870,3,-4.45,3.06,3.96,14.721,117.4766,88.1682,175,75
2026-05-09 15:09:38.893,3,-2.16,0.88,3.11,176.061,14.486600000000001,88.71820000000001,175,75
2026-05-09 15:09:38.914,3,1.21,-1.3,-0.01,101.42099999999999,-60.6934,22.1982,175,75
2026-05-09 15:09:38.917,3,-1.77,0.81,-0.4,-29.429000000000002,-86.0634,136.8882,175,75
2026-05-09 15:09:38.932,3,-2.13,0.41,0.26,43.071,156.9866,49.758199999999995,175,75
2026-05-09 15:09:38.962,3,-1.04,-0.34,0.83,24.901,34.5466,55.188199999999995,175,75
2026-05-09 15:09:38.973,3,-0.09,-1.52,1.62,66.181,109.5466,-27.071800000000003,175,75
2026-05-09 15:09:38.979,3,0.84,-2.05,2.26,87.761,81.6266,-11.9518,175,75
2026-05-09 15:09:38.995,3,0.58,-1.74,2.52,83.501,-6.423399999999997,58.5982,175,75
2026-05-09 15:09:39.010,3,-0.28,-0.26,1.79,83.561,-6.363399999999999,64.0882,175,75
2026-05-09 15:09:39.025,3,-0.17,0.4,0.98,80.751,9.976600000000001,80.7282,175,75
2026-05-09 15:09:39.037,3,-0.6,0.55,0.7,77.031,1.566600000000001,92.8682,175,75
2026-05-09 15:09:39.047,3,-0.79,0.23,0.74,86.851,37.3566,77.1982,175,75
2026-05-09 15:09:39.070,3,-0.83,0.08,1.43,81.67099999999999,-26.603399999999997,85.6682,175,75
2026-05-09 15:09:39.070,3,-0.79,0.24,1.51,91.001,-5.513399999999997,70.79820000000001,175,75
2026-05-09 15:09:39.091,3,0.04,0.25,1.83,79.291,-17.0934,76.82820000000001,175,75
2026-05-09 15:09:39.105,3,-0.2,0.02,1.85,63.621,-66.9134,113.29820000000001,175,75
2026-05-09 15:09:39.105,3,-0.19,-0.63,1.64,62.401,-56.913399999999996,109.0282,175,75
2026-05-09 15:09:39.114,3,-0.18,-0.95,1.72,65.14099999999999,-40.513400000000004,105.7282,175,75
2026-05-09 15:09:39.173,3,-0.37,0.08,1.21,113.561,8.0866,63.538199999999996,175,75
2026-05-09 15:09:39.186,3,-0.69,0.6,1.29,115.201,36.5666,56.0982,175,75
2026-05-09 15:09:39.199,3,-0.93,0.95,1.78,120.261,89.00659999999999,45.6082,175,75
2026-05-09 15:09:39.249,3,-0.59,0.85,1.2,52.821,49.366600000000005,-5.3018,175,75
2026-05-09 15:09:39.260,3,-0.31,0.67,1.31,33.501000000000005,26.3166,-19.6318,175,75
2026-05-09 15:09:39.272,3,-0.39,0.8,1.26,18.430999999999997,11.0166,-26.7018,175,75
2026-05-09 15:09:39.289,3,-0.32,0.75,1.36,-17.539,-16.9134,-42.0718,175,75
2026-05-09 15:09:39.297,3,-0.35,0.81,1.32,-38.519,-35.2034,-48.961800000000004,175,75
2026-05-09 15:09:39.315,3,-0.32,0.76,1.3,-54.739,-46.303399999999996,-57.80180000000001,175,75
2026-05-09 15:09:39.330,3,-0.3,0.66,1.16,-88.87899999999999,-58.13340000000001,-78.9018,175,75
2026-05-09 15:09:39.346,3,-0.24,0.65,1.13,-99.97900000000001,-60.933400000000006,-85.5518,175,75
2026-05-09 15:09:39.361,3,-0.18,0.58,1.1,-120.469,-66.5434,-92.8018,175,75
2026-05-09 15:09:39.372,3,-0.18,0.51,1.07,-130.039,-65.1434,-98.17179999999999,175,75
2026-05-09 15:09:39.383,3,-0.17,0.46,1.06,-136.749,-62.7034,-102.6218,175,75
2026-05-09 15:09:39.406,3,-0.15,0.36,0.96,-149.249,-31.1234,-125.24179999999998,175,75
2026-05-09 15:09:39.420,3,0.05,0.4,0.89,-148.999,-8.193399999999997,-142.99179999999998,175,75
2026-05-09 15:09:39.433,3,0.11,0.38,0.82,-152.47899999999998,19.366600000000002,-141.2818,175,75
2026-05-09 15:09:39.445,3,0.13,0.35,0.8,-152.909,32.3566,-155.18179999999998,175,75
2026-05-09 15:09:39.455,3,0.37,0.33,0.71,-157.47899999999998,49.486599999999996,-157.68179999999998,175,75
2026-05-09 15:09:39.471,3,-2.06,1.59,1.86,-164.739,99.6766,-130.5518,175,75
2026-05-09 15:09:39.490,3,-5.31,2.78,2.84,-172.599,235.9566,41.7082,175,75
2026-05-09 15:09:39.503,3,-4.65,1.46,5.34,168.92100000000002,231.8666,127.1982,175,75
2026-05-09 15:09:39.532,3,0.63,0.61,0.51,-111.13900000000001,-271.2434,154.5782,175,75
2026-05-09 15:09:39.544,3,-1.52,-0.17,0.73,-50.219,-23.923399999999997,226.1582,175,75
2026-05-09 15:09:39.544,3,-1.4,-0.84,0.85,93.071,38.2666,-9.5118,175,75
2026-05-09 15:09:39.566,3,0.39,0.76,0.93,85.14099999999999,95.3466,18.6582,175,75
2026-05-09 15:09:39.576,3,-0.45,0.64,1.64,52.891,26.196600000000004,104.57820000000001,175,75
2026-05-09 15:09:39.586,3,-1.34,0.23,1.58,51.731,59.2466,41.7082,175,75
2026-05-09 15:09:39.598,3,-0.48,0.2,1.84,36.421,41.0166,18.6582,175,75
2026-05-09 15:09:39.609,3,-0.2,0.27,1.94,12.341000000000001,-18.3734,49.0282,175,75
2026-05-09 15:09:39.623,3,-0.74,0.08,1.15,1.9109999999999996,-44.293400000000005,24.5782,175,75
2026-05-09 15:09:39.636,3,-0.75,0.19,1.23,7.341,-16.183399999999995,18.4182,175,75
2026-05-09 15:09:39.647,3,-0.66,0.13,1.33,12.521,-7.5833999999999975,8.4782,175,75
2026-05-09 15:09:39.651,3,-0.56,0.06,1.23,18.311,2.9666000000000015,0.8582000000000001,175,75
2026-05-09 15:09:39.677,3,-0.35,0.02,1.43,18.801000000000002,-1.4233999999999973,4.268199999999999,175,75
2026-05-09 15:09:39.699,3,-0.36,0.05,1.41,18.861,-0.9333999999999989,12.1382,175,75
2026-05-09 15:09:39.709,3,-0.16,-0.06,1.41,15.451,-5.3233999999999995,19.8782,175,75
2026-05-09 15:09:39.709,3,-0.09,-0.2,1.42,10.081,-8.013399999999997,31.5882,175,75
2026-05-09 15:09:39.740,3,-0.01,-0.55,1.47,21.481,-14.843399999999999,57.618199999999995,175,75
2026-05-09 15:09:39.751,3,-0.02,-0.7,1.36,37.891,-15.993399999999998,60.3082,175,75
2026-05-09 15:09:39.771,3,0.03,-0.48,1.4,57.281,-18.3734,76.0982,175,75
2026-05-09 15:09:39.777,3,-0.11,-0.47,1.37,58.741,-34.4734,83.35820000000001,175,75
2026-05-09 15:09:39.824,3,-0.47,0.21,1.53,63.681,-18.563399999999998,54.0882,175,75
2026-05-09 15:09:39.836,3,-0.73,0.69,1.44,63.921,1.0166000000000004,45.5482,175,75
2026-05-09 15:09:39.863,3,-0.59,0.65,1.31,72.031,22.3566,24.208199999999998,175,75
2026-05-09 15:09:39.890,3,-0.17,0.37,1.07,50.571,30.526600000000002,-7.7418,175,75
2026-05-09 15:09:39.905,3,-0.46,0.63,1.09,42.151,61.196600000000004,-11.5218,175,75
2026-05-09 15:09:39.909,3,-0.23,0.46,1.18,34.411,40.3466,-24.3318,175,75
2026-05-09 15:09:39.940,3,-0.37,0.56,1.18,0.391,29.2466,-49.2718,175,75
2026-05-09 15:09:39.952,3,-0.36,0.65,1.17,-8.879,18.396600000000003,-50.9118,175,75
2026-05-09 15:09:39.960,3,-0.4,0.62,1.13,-17.779,11.806600000000001,-55.91180000000001,175,75
2026-05-09 15:09:40.015,3,-0.4,0.53,1.24,-60.038999999999994,3.396600000000001,-91.70179999999999,175,75
2026-05-09 15:09:40.028,3,-0.38,0.52,1.23,-66.869,3.936600000000002,-95.61179999999999,175,75
2026-05-09 15:09:40.039,3,-0.36,0.49,1.26,-74.60900000000001,2.8466000000000022,-98.7218,175,75
2026-05-09 15:09:40.050,3,-0.34,0.5,1.25,-81.749,1.1366000000000014,-102.25179999999999,175,75
2026-05-09 15:09:40.061,3,-0.34,0.49,1.22,-87.47900000000001,6.016600000000002,-101.70179999999999,175,75
2026-05-09 15:09:40.092,3,-0.3,0.41,1.34,-100.09899999999999,11.806600000000001,-96.95179999999999,175,75
2026-05-09 15:09:40.100,3,-0.29,0.36,1.35,-105.279,4.066600000000001,-94.0818,175,75
2026-05-09 15:09:40.112,3,-0.28,0.33,1.33,-107.049,0.9566000000000017,-91.5218,175,75
2026-05-09 15:09:40.145,3,-0.23,0.37,1.36,-107.779,-9.043399999999998,-84.75179999999999,175,75
2026-05-09 15:09:40.156,3,-0.06,0.46,1.26,-106.929,-14.593399999999999,-74.6318,175,75
2026-05-09 15:09:40.199,3,-3.93,1.79,2.59,-63.699000000000005,165.28660000000002,110.1182,175,75
2026-05-09 15:09:40.210,3,-1.98,-0.59,3.77,143.131,116.9266,38.7182,175,75
2026-05-09 15:09:40.221,3,2.92,-3.52,0.67,56.241,-62.6434,-108.4118,175,75
2026-05-09 15:09:40.235,3,1.23,-0.92,-0.76,-72.10900000000001,-169.77339999999998,91.76820000000001,175,75
2026-05-09 15:09:40.264,3,1.27,0.9,2.38,93.74100000000001,151.62660000000002,0.11819999999999986,175,75
2026-05-09 15:09:40.292,3,-1.45,0.3,1.41,21.361,-29.043400000000002,89.0882,175,75
2026-05-09 15:09:40.307,3,-0.16,0.13,1.85,23.311,26.866600000000002,17.1982,175,75
2026-05-09 15:09:40.318,3,0.4,0.31,2.12,-17.479,-62.403400000000005,65.1182,175,75
2026-05-09 15:09:40.318,3,-0.46,0.25,1.56,-34.979,-121.3634,91.9482,175,75
2026-05-09 15:09:40.328,3,-0.94,0.13,0.99,-28.459000000000003,-90.6934,67.1982,175,75
2026-05-09 15:09:40.341,3,-0.78,0.06,0.77,-14.309000000000001,-56.663399999999996,44.758199999999995,175,75
2026-05-09 15:09:40.365,3,-0.6,0.05,1.25,4.111,3.936600000000002,31.3382,175,75
2026-05-09 15:09:40.375,3,-0.59,-0.04,1.55,3.8609999999999998,-8.9834,16.2182,175,75
2026-05-09 15:09:40.389,3,-0.78,0.11,1.44,-6.689,-1.063399999999998,-5.9718,175,75
2026-05-09 15:09:40.402,3,-0.6,0.1,1.54,-13.759,-17.4034,-17.311799999999998,175,75
2026-05-09 15:09:40.432,3,-0.64,0.01,1.48,-32.049,-36.243399999999994,-33.2918,175,75
2026-05-09 15:09:40.443,3,-0.63,0.03,1.46,-35.959,-32.763400000000004,-40.7318,175,75
2026-05-09 15:09:40.457,3,-0.54,-0.13,1.42,-55.829,-41.303399999999996,-48.7218,175,75
2026-05-09 15:09:40.469,3,-0.48,-0.27,1.42,-63.999,-41.303399999999996,-49.3918,175,75
2026-05-09 15:09:40.483,3,-0.33,-0.39,1.37,-76.31899999999999,-71.1834,-46.031800000000004,175,75
2026-05-09 15:09:40.507,3,-0.19,-0.53,1.15,-83.87899999999999,-84.71340000000001,-40.9718,175,75
2026-05-09 15:09:40.523,3,-0.07,-0.42,0.93,-89.60900000000001,-96.3034,-32.2518,175,75
2026-05-09 15:09:40.547,3,0.02,0.38,0.86,-78.32900000000001,-73.0134,-18.9018,175,75
2026-05-09 15:09:40.573,3,-0.48,0.93,1.08,-41.499,-71.6634,42.1982,175,75
2026-05-09 15:09:40.583,3,-0.53,1.03,1.4,-36.629,-79.4134,58.1682,175,75
2026-05-09 15:09:40.624,3,-0.18,0.81,1.27,-21.439,-113.19340000000001,94.32820000000001,175,75
2026-05-09 15:09:40.648,3,0.41,0.82,0.92,-24.549,-127.03340000000001,91.3382,175,75
2026-05-09 15:09:40.678,3,0.36,1.11,1.97,-8.519,-25.813399999999998,35.4882,175,75
2026-05-09 15:09:40.691,3,1.69,0.7,0.92,14.471,-34.413399999999996,-4.691800000000001,175,75
2026-05-09 15:09:40.716,3,-0.78,-0.52,-0.1,17.641,53.756600000000006,42.4982,175,75
2026-05-09 15:09:40.779,3,0.07,0.99,2.33,0.14100000000000001,-174.77339999999998,197.4982,175,75
2026-05-09 15:09:40.789,3,-1.48,0.8,0.73,-12.849,-174.1034,151.4682,175,75
2026-05-09 15:09:40.795,3,-1.92,0.7,0.22,39.841,21.376600000000003,72.0082,175,75
2026-05-09 15:09:40.826,3,-0.12,0.72,2.26,1.3010000000000002,-1.4833999999999996,18.5982,175,75
2026-05-09 15:09:40.838,3,-0.41,0.32,1.56,-40.469,-108.5634,84.8182,175,75
2026-05-09 15:09:40.838,3,-0.68,-0.18,0.69,-36.439,-117.09339999999999,40.3082,175,75
2026-05-09 15:09:40.850,3,-1.48,0.26,0.49,-13.699000000000002,-12.153399999999998,22.0782,175,75
2026-05-09 15:09:40.861,3,-0.56,-0.25,1.27,24.291,74.8566,-26.891800000000003,175,75
2026-05-09 15:09:40.888,3,-0.44,0.07,1.75,-10.039000000000001,-22.1534,19.5782,175,75
2026-05-09 15:09:40.899,3,-0.62,0.29,1.3,-13.029,-13.8034,-3.2318,175,75
2026-05-09 15:09:40.971,3,-0.47,0.08,1.37,-53.879,-67.9534,-26.0918,175,75
2026-05-09 15:09:40.987,3,-0.74,0.04,1.08,-46.989,-81.4234,-45.851800000000004,175,75
2026-05-09 15:09:41.001,3,-0.82,0.12,1.14,-46.079,-58.1934,-52.921800000000005,175,75
2026-05-09 15:09:41.039,3,-0.6,-0.4,1.48,-70.649,-53.5634,-73.6618,175,75
2026-05-09 15:09:41.061,3,-0.12,-0.61,1.63,-79.249,-65.4534,-82.56179999999999,175,75
2026-05-09 15:09:41.061,3,-0.06,-0.62,1.56,-92.41900000000001,-87.7034,-67.4418,175,75
2026-05-09 15:09:41.075,3,0.0,-0.66,1.47,-95.529,-94.2334,-64.39179999999999,175,75
2026-05-09 15:09:41.099,3,0.1,-0.47,1.12,-100.279,-115.69340000000001,-45.7918,175,75
2026-05-09 15:09:41.133,3,0.11,0.1,0.89,-96.749,-75.63340000000001,-35.9118,175,75
2026-05-09 15:09:41.145,3,-0.01,0.31,0.75,-85.959,-73.9234,-41.3418,175,75
2026-05-09 15:09:41.160,3,-0.35,0.87,0.87,-40.829,-8.2534,-46.8318,175,75
2026-05-09 15:09:41.173,3,-0.64,1.08,0.95,-7.2989999999999995,35.5266,-32.5018,175,75
2026-05-09 15:09:41.184,3,-0.76,1.19,0.89,20.750999999999998,86.7466,-15.1818,175,75
2026-05-09 15:09:41.211,3,-0.33,0.98,1.22,54.291,111.5666,22.258200000000002,175,75
2026-05-09 15:09:41.233,3,0.04,0.82,0.99,58.071,71.4366,10.9782,175,75
2026-05-09 15:09:41.248,3,0.62,0.74,1.33,46.061,21.9266,8.8382,175,75
2026-05-09 15:09:41.263,3,0.97,0.74,1.19,29.291,-54.96340000000001,8.9682,175,75
2026-05-09 15:09:41.274,3,0.7,0.87,0.82,19.531,-47.0934,33.4782,175,75
2026-05-09 15:09:41.286,3,0.13,1.01,1.55,28.251,-54.8434,13.0482,175,75
2026-05-09 15:09:41.296,3,0.29,1.21,1.91,37.031,-71.85340000000001,10.5482,175,75
2026-05-09 15:09:41.309,3,-0.68,0.38,1.03,58.861,-141.18339999999998,108.96820000000001,175,75
2026-05-09 15:09:41.319,3,0.15,-0.46,-0.69,99.59100000000001,-67.0334,38.7182,175,75
2026-05-09 15:09:41.331,3,-0.81,-0.94,-0.43,46.421,103.6966,89.38820000000001,175,75
2026-05-09 15:09:41.355,3,-0.87,-0.51,0.69,78.561,187.1766,-3.2918000000000003,175,75
2026-05-09 15:09:41.369,3,0.27,-0.02,1.34,76.42099999999999,178.87660000000002,18.0482,175,75
2026-05-09 15:09:41.453,3,0.09,-0.01,1.89,0.4509999999999996,0.28659999999999997,61.038199999999996,175,75
2026-05-09 15:09:41.466,3,-0.33,-0.12,1.54,-15.768999999999998,-54.8434,75.79820000000001,175,75
2026-05-09 15:09:41.477,3,-1.43,0.38,1.09,-3.3290000000000006,-21.793400000000002,83.5982,175,75
2026-05-09 15:09:41.495,3,-0.56,-0.45,0.52,3.621,-26.3034,20.6682,175,75
2026-05-09 15:09:41.495,3,-1.12,0.71,0.85,24.041,49.126599999999996,8.168199999999999,175,75
2026-05-09 15:09:41.506,3,-0.4,0.19,1.44,26.181,41.196600000000004,11.2182,175,75
2026-05-09 15:09:41.518,3,-0.59,0.26,1.71,11.061,-9.9634,3.1681999999999997,175,75
2026-05-09 15:09:41.541,3,-0.67,0.15,1.37,9.591,-9.533399999999997,-11.641800000000002,175,75
2026-05-09 15:09:41.569,3,-0.78,0.28,1.42,-1.9290000000000003,-11.363399999999999,-12.1318,175,75
2026-05-09 15:09:41.579,3,-0.66,0.18,1.53,-5.279,-11.673399999999997,-25.851800000000004,175,75
2026-05-09 15:09:41.593,3,-0.76,0.21,1.51,-27.179000000000002,-43.43339999999999,-30.491800000000005,175,75
2026-05-09 15:09:41.614,3,-0.72,0.1,1.45,-32.359,-43.803399999999996,-51.031800000000004,175,75
2026-05-09 15:09:41.625,3,-0.61,0.07,1.44,-35.529,-46.0634,-55.97180000000001,175,75
2026-05-09 15:09:41.625,3,-0.66,0.08,1.38,-40.709,-61.913399999999996,-63.2318,175,75
2026-05-09 15:09:41.664,3,-0.34,-0.27,1.47,-58.389,-46.60339999999999,-64.5118,175,75
2026-05-09 15:09:41.675,3,-0.48,-0.55,1.27,-68.63900000000001,-49.4734,-54.631800000000005,175,75
2026-05-09 15:09:41.703,3,-0.1,-0.65,1.39,-68.029,-59.35340000000001,-48.351800000000004,175,75
2026-05-09 15:09:41.755,3,-0.15,0.64,0.95,-62.359,-45.873400000000004,-9.5118,175,75
2026-05-09 15:09:41.766,3,-0.36,0.9,1.03,-45.709,-33.623400000000004,-12.0118,175,75
2026-05-09 15:09:41.789,3,-0.74,1.37,1.4,-5.888999999999999,21.1366,9.0882,175,75
2026-05-09 15:09:41.806,3,-0.67,1.19,1.4,-8.389,12.1766,37.0782,175,75
2026-05-09 15:09:41.817,3,-0.67,1.13,1.32,-0.1589999999999998,13.816600000000001,48.1682,175,75
2026-05-09 15:09:41.838,3,0.26,0.97,1.11,-1.4989999999999997,-19.103399999999997,43.718199999999996,175,75
2026-05-09 15:09:41.838,3,0.2,0.91,0.65,-13.268999999999998,-39.413399999999996,45.118199999999995,175,75
2026-05-09 15:09:41.862,3,0.55,1.11,1.0,0.6310000000000002,67.2366,15.2482,175,75
2026-05-09 15:09:41.881,3,0.37,1.01,1.6,3.921,43.9366,3.6582,175,75
2026-05-09 15:09:41.969,3,3.19,1.68,4.68,162.52100000000002,371.6266,-64.5718,175,75
2026-05-09 15:09:41.994,3,-2.02,0.79,0.78,-16.629,-307.3434,196.7082,175,75
2026-05-09 15:09:42.045,3,-0.61,0.82,1.52,-1.689,-145.5734,83.1682,175,75
2026-05-09 15:09:42.045,3,-0.89,0.16,0.57,9.901,-69.4134,32.1382,175,75
2026-05-09 15:09:42.068,3,0.01,-1.27,1.59,39.231,55.956599999999995,-14.2018,175,75
2026-05-09 15:09:42.078,3,-0.58,0.37,2.23,30.021,42.2366,-12.9918,175,75
2026-05-09 15:09:42.101,3,-0.28,-0.03,1.92,6.301,-37.7034,11.9482,175,75
2026-05-09 15:09:42.111,3,-0.81,0.35,1.08,-11.568999999999999,-24.8434,33.3582,175,75
2026-05-09 15:09:42.124,3,-0.63,0.21,1.48,0.5709999999999997,36.1366,-12.3818,175,75
2026-05-09 15:09:42.148,3,-0.41,0.5,1.62,-31.749000000000002,-25.933399999999995,11.8882,175,75
2026-05-09 15:09:42.148,3,-0.87,0.33,1.56,-38.999,-10.1434,-2.3818,175,75
2026-05-09 15:09:42.178,3,-0.5,0.32,1.4,-57.419,-49.043400000000005,-11.9518,175,75
2026-05-09 15:09:42.191,3,-0.76,0.34,1.39,-62.538999999999994,-44.5934,-19.6918,175,75
2026-05-09 15:09:42.194,3,-0.66,0.18,1.63,-63.029,-32.21339999999999,-30.241800000000005,175,75
2026-05-09 15:09:42.206,3,-0.44,0.02,1.55,-67.53899999999999,-72.5234,-37.2518,175,75
2026-05-09 15:09:42.235,3,-0.72,0.13,1.37,-61.689,-28.0134,-70.7918,175,75
2026-05-09 15:09:42.248,3,-0.64,0.12,1.49,-70.279,-45.633399999999995,-69.45179999999999,175,75
2026-05-09 15:09:42.277,3,-0.79,0.02,1.42,-74.549,-25.8734,-87.31179999999999,175,75
2026-05-09 15:09:42.301,3,-0.72,-0.15,1.36,-89.309,-30.383399999999998,-102.6818,175,75
2026-05-09 15:09:42.312,3,-0.68,-0.34,1.39,-98.63900000000001,-40.023399999999995,-101.7718,175,75
2026-05-09 15:09:42.322,3,-0.52,-0.54,1.41,-110.03899999999999,-63.13340000000001,-103.0518,175,75
2026-05-09 15:09:42.332,3,0.04,-0.8,1.29,-121.56899999999999,-105.3234,-96.1618,175,75
2026-05-09 15:09:42.344,3,0.09,-0.62,0.93,-126.19899999999998,-121.91340000000001,-77.0118,175,75
2026-05-09 15:09:42.366,3,0.03,-0.14,0.65,-110.09899999999999,-57.7034,-80.67179999999999,175,75
2026-05-09 15:09:42.379,3,0.18,0.23,0.79,-108.939,-32.273399999999995,-55.97180000000001,175,75
2026-05-09 15:09:42.389,3,-0.16,0.69,1.05,-93.269,-32.9534,-48.531800000000004,175,75
2026-05-09 15:09:42.414,3,-0.87,1.44,1.28,-21.569,-8.013399999999997,32.1982,175,75
2026-05-09 15:09:42.446,3,-0.21,0.52,0.82,45.321,32.476600000000005,34.4482,175,75
2026-05-09 15:09:42.471,3,-0.08,0.72,1.36,101.481,146.9266,50.4282,175,75
2026-05-09 15:09:42.504,3,0.95,0.61,0.91,98.011,58.0266,52.9282,175,75
2026-05-09 15:09:42.514,3,0.62,0.84,0.7,83.43100000000001,74.1866,59.2082,175,75
2026-05-09 15:09:42.525,3,0.36,0.99,1.16,87.221,88.8766,30.1182,175,75
2026-05-09 15:09:42.540,3,0.37,1.19,1.55,91.791,96.3166,13.1082,175,75
2026-05-09 15:09:42.564,3,0.98,0.65,0.7,102.09100000000001,-32.9534,7.7482,175,75
2026-05-09 15:09:42.575,3,-0.6,0.63,0.02,50.751,-13.9834,94.99820000000001,175,75
2026-05-09 15:09:42.586,3,-1.88,-2.43,-0.49,8.561,102.8466,84.38820000000001,175,75
2026-05-09 15:09:42.596,3,-2.12,-1.7,0.55,97.031,291.3766,15.3082,175,75
2026-05-09 15:09:42.625,3,1.73,-1.79,2.39,128.981,137.2966,0.6082000000000001,175,75
2026-05-09 15:09:42.637,3,0.91,-2.24,2.91,133.131,45.4066,104.32820000000001,175,75
2026-05-09 15:09:42.646,3,-0.92,-0.85,2.14,103.131,-12.403399999999998,85.85820000000001,175,75
2026-05-09 15:09:42.657,3,-1.06,0.74,1.57,134.041,84.2466,36.8882,175,75
2026-05-09 15:09:42.696,3,-0.31,0.02,1.92,8.311,-11.1234,46.828199999999995,175,75
2026-05-09 15:09:42.718,3,-1.8,0.74,1.53,3.011,-26.603399999999997,72.8082,175,75
2026-05-09 15:09:42.740,3,-1.19,0.59,0.75,24.591,27.416600000000003,1.9482,175,75
2026-05-09 15:09:42.760,3,-0.58,0.1,1.45,25.081,9.006600000000002,1.2181999999999995,175,75
2026-05-09 15:09:42.770,3,-0.51,-0.02,1.67,36.061,26.196600000000004,-17.311799999999998,175,75
2026-05-09 15:09:42.783,3,-0.29,0.11,1.56,27.091,9.066600000000001,-17.071800000000003,175,75
2026-05-09 15:09:42.795,3,-0.48,0.43,1.33,16.421,-15.323399999999996,-10.9718,175,75
2026-05-09 15:09:42.813,3,-0.43,0.39,1.45,13.370999999999999,5.646600000000001,-20.1218,175,75
2026-05-09 15:09:42.824,3,-0.43,0.22,1.69,-11.498999999999999,-31.603399999999997,-15.2418,175,75
2026-05-09 15:09:42.835,3,-0.58,0.24,1.44,-16.439,-33.803399999999996,-13.411800000000001,175,75
2026-05-09 15:09:42.846,3,-0.65,0.21,1.36,-19.069,-31.363399999999995,-26.0918,175,75
2026-05-09 15:09:42.859,3,-0.55,0.3,1.44,-22.179,-24.7734,-31.0918,175,75
2026-05-09 15:09:42.871,3,-0.55,0.26,1.51,-26.808999999999997,-29.8434,-33.2318,175,75
2026-05-09 15:09:42.883,3,-0.67,0.25,1.45,-32.359,-23.073399999999996,-40.3618,175,75
2026-05-09 15:09:42.906,3,-0.68,0.23,1.46,-41.749,-16.603399999999997,-55.0018,175,75
2026-05-09 15:09:42.917,3,-0.58,0.09,1.53,-45.099,-3.563399999999998,-64.6918,175,75
2026-05-09 15:09:42.928,3,-0.61,-0.03,1.57,-55.649,-5.513399999999997,-71.5218,175,75
2026-05-09 15:09:42.950,3,-0.35,-0.37,1.54,-53.939,-12.093399999999999,-86.28179999999999,175,75
2026-05-09 15:09:43.013,3,0.2,-0.32,1.01,-59.489,-73.13340000000001,-22.8018,175,75
2026-05-09 15:09:43.028,3,0.09,-0.01,0.82,-55.099,-72.4034,5.058199999999999,175,75
2026-05-09 15:09:43.047,3,-0.18,0.46,0.85,-40.649,-39.8434,9.5082,175,75
2026-05-09 15:09:43.058,3,-0.32,0.75,1.06,-29.189,-19.103399999999997,7.2581999999999995,175,75
2026-05-09 15:09:43.073,3,-0.67,1.38,1.59,3.131,13.696600000000002,17.1982,175,75
2026-05-09 15:09:43.111,3,-0.45,1.38,1.84,41.361,-4.103399999999997,41.5282,175,75
2026-05-09 15:09:43.124,3,-0.2,1.35,1.28,60.511,24.2466,35.6682,175,75
2026-05-09 15:09:43.137,3,-0.09,1.5,1.3,69.17099999999999,69.6166,20.1182,175,75
2026-05-09 15:09:43.177,3,1.45,0.15,0.37,48.921,-40.993399999999994,-42.921800000000005,175,75
2026-05-09 15:09:43.200,3,-0.94,-0.46,0.82,19.231,151.8066,9.328199999999999,175,75
2026-05-09 15:09:43.227,3,-0.63,0.0,0.16,66.241,134.0066,-6.521800000000001,175,75
2026-05-09 15:09:43.238,3,-0.65,-0.18,0.79,56.301,139.85660000000001,45.9782,175,75
2026-05-09 15:09:43.263,3,-0.4,-0.17,1.55,61.911,70.4666,24.3282,175,75
2026-05-09 15:09:43.275,3,-0.47,-0.05,1.46,54.471,14.6766,37.8082,175,75
2026-05-09 15:09:43.315,3,-0.09,-0.58,1.62,70.691,21.626600000000003,19.3282,175,75
2026-05-09 15:09:43.353,3,-0.51,0.45,1.44,50.931,34.6766,6.5282,175,75
2026-05-09 15:09:43.388,3,-0.36,0.25,1.2,23.681,-30.5134,12.5582,175,75
2026-05-09 15:09:43.400,3,-0.81,0.66,1.14,18.430999999999997,-25.933399999999995,4.268199999999999,175,75
2026-05-09 15:09:43.413,3,-0.72,0.62,1.35,10.690999999999999,6.436600000000002,-0.6118000000000006,175,75
2026-05-09 15:09:43.425,3,-0.32,0.34,1.88,-1.3790000000000004,7.0466000000000015,-15.7918,175,75
2026-05-09 15:09:43.436,3,-0.19,0.16,1.88,-15.768999999999998,-26.7334,-5.361800000000001,175,75
2026-05-09 15:09:43.447,3,-0.59,0.2,1.49,-23.999,-37.82339999999999,0.8582000000000001,175,75
2026-05-09 15:09:43.551,3,-0.47,0.16,1.56,-64.309,-44.71339999999999,-40.7918,175,75
2026-05-09 15:09:43.562,3,-0.63,0.13,1.52,-72.969,-40.57339999999999,-37.311800000000005,175,75
2026-05-09 15:09:43.574,3,-0.69,0.08,1.55,-77.779,-39.903400000000005,-50.1218,175,75
2026-05-09 15:09:43.585,3,-0.84,0.07,1.48,-83.089,-55.57340000000001,-61.891799999999996,175,75
2026-05-09 15:09:43.585,3,-0.91,-0.07,1.31,-91.869,-56.543400000000005,-75.36179999999999,175,75
2026-05-09 15:09:43.600,3,-0.89,-0.19,1.23,-100.529,-65.6934,-80.4918,175,75
2026-05-09 15:09:43.635,3,-0.15,-0.9,1.28,-122.65899999999999,-86.1234,-89.14179999999999,175,75
2026-05-09 15:09:43.649,3,0.1,-0.89,1.16,-120.09899999999999,-111.7934,-73.78179999999999,175,75
2026-05-09 15:09:43.678,3,0.28,-0.57,0.74,-103.63900000000001,-111.97340000000001,-60.611799999999995,175,75
2026-05-09 15:09:43.678,3,0.26,-0.23,0.51,-102.779,-75.2634,-47.561800000000005,175,75
2026-05-09 15:09:43.713,3,-0.31,0.72,0.86,-88.029,-65.63340000000001,-28.291800000000002,175,75
2026-05-09 15:09:43.754,3,-0.36,0.82,0.81,3.561,53.6366,4.5081999999999995,175,75
2026-05-09 15:09:43.793,3,0.28,0.61,0.71,23.011,127.9066,-17.3818,175,75
2026-05-09 15:09:43.804,3,0.34,0.74,0.5,25.081,174.1866,-24.751800000000003,175,75
2026-05-09 15:09:43.851,3,0.4,0.96,0.59,12.821,232.2966,-56.22180000000001,175,75
2026-05-09 15:09:43.864,3,0.39,1.0,1.34,29.591,236.7466,-72.25179999999999,175,75
2026-05-09 15:09:43.883,3,-5.14,4.21,4.47,98.80099999999999,262.3566,89.99820000000001,175,75
2026-05-09 15:09:43.895,3,-2.67,1.47,4.69,206.36100000000002,173.2066,127.8682,175,75
2026-05-09 15:09:43.902,3,2.71,-1.43,2.09,145.261,-62.21340000000001,-35.491800000000005,175,75
2026-05-09 15:09:43.928,3,0.18,-1.19,-0.7,-68.029,-145.3834,199.2082,175,75
2026-05-09 15:09:43.928,3,-2.9,-0.81,-1.09,-34.249,142.2966,149.4482,175,75
2026-05-09 15:09:44.000,3,-1.59,1.25,1.07,33.191,-137.34339999999997,134.7582,175,75
2026-05-09 15:09:44.027,3,-1.27,1.2,0.89,60.081,92.2366,-4.5718,175,75
2026-05-09 15:09:44.051,3,-0.74,0.77,1.36,-30.469,-97.21340000000001,24.638199999999998,175,75
2026-05-09 15:09:44.062,3,-0.98,0.26,0.87,-16.749,-30.5134,-24.2018,175,75
2026-05-09 15:09:44.096,3,-0.81,-0.55,1.7,10.511,12.846600000000002,-52.381800000000005,175,75
2026-05-09 15:09:44.113,3,0.14,0.04,1.54,-6.319000000000001,-6.913399999999999,-31.891800000000003,175,75
2026-05-09 15:09:44.122,3,-0.3,0.05,1.42,-11.748999999999999,0.896600000000003,-22.0118,175,75
2026-05-09 15:09:44.142,3,-0.2,-0.06,1.43,-22.599,14.856600000000002,-15.731800000000002,175,75
2026-05-09 15:09:44.161,3,-0.18,0.19,1.61,-32.599,-6.973399999999998,-12.801800000000002,175,75
2026-05-09 15:09:44.172,3,-0.21,0.24,1.69,-30.348999999999997,-6.4834,-16.2218,175,75
2026-05-09 15:09:44.198,3,-0.8,0.45,1.59,-26.929000000000002,-27.7634,-11.091800000000001,175,75
2026-05-09 15:09:44.227,3,-0.92,0.84,1.73,0.391,-6.973399999999998,-10.1818,175,75
2026-05-09 15:09:44.242,3,-1.94,0.69,2.27,64.11099999999999,-16.793400000000002,44.9982,175,75
2026-05-09 15:09:44.255,3,-1.89,0.87,2.12,80.451,-1.1234000000000002,59.578199999999995,175,75
2026-05-09 15:09:44.269,3,-1.32,0.83,2.13,114.59100000000001,-0.8133999999999979,97.1982,175,75
2026-05-09 15:09:44.284,3,-1.2,0.65,2.07,117.34100000000001,-14.843399999999999,117.5582,175,75
2026-05-09 15:09:44.306,3,-1.12,0.6,1.86,121.731,-25.573399999999996,119.4482,175,75
2026-05-09 15:09:44.317,3,-0.91,0.56,1.67,122.031,-23.9834,117.3182,175,75
2026-05-09 15:09:44.329,3,-0.7,0.44,1.44,106.61099999999999,-22.5834,108.5982,175,75
2026-05-09 15:09:44.340,3,-0.64,0.39,1.39,97.46100000000001,-16.543400000000002,97.8082,175,75
2026-05-09 15:09:44.351,3,-0.53,0.36,1.4,89.531,-18.3734,88.10820000000001,175,75
2026-05-09 15:09:44.378,3,-0.36,0.17,1.3,66.36099999999999,-34.35339999999999,66.76820000000001,175,75
2026-05-09 15:09:44.390,3,-0.27,0.09,1.17,57.031,-37.883399999999995,49.2682,175,75
2026-05-09 15:09:44.414,3,-0.06,-0.15,0.8,36.241,-35.873400000000004,0.05819999999999936,175,75
2026-05-09 15:09:44.434,3,0.22,-0.09,0.52,27.401,-16.3034,-27.861800000000002,175,75
2026-05-09 15:09:44.475,3,0.97,0.37,0.22,-20.469,85.0966,-60.1818,175,75
2026-05-09 15:09:44.488,3,1.12,0.26,0.37,-51.749,71.0166,-68.9618,175,75
2026-05-09 15:09:44.499,3,0.37,0.72,0.45,-71.07900000000001,84.4866,-63.47180000000001,175,75
2026-05-09 15:09:44.509,3,0.67,0.47,0.54,-94.549,59.1866,-69.6318,175,75
2026-05-09 15:09:44.551,3,3.28,-2.98,0.86,-16.079,-121.2434,-216.2218,175,75
2026-05-09 15:09:44.584,3,-0.62,-1.59,0.82,-52.479,-15.573399999999996,-49.1418,175,75
2026-05-09 15:09:44.584,3,0.26,-0.48,0.6,14.350999999999999,76.1966,-118.78179999999999,175,75
2026-05-09 15:09:44.622,3,-0.68,-0.28,1.14,21.481,137.2966,-31.281800000000004,175,75
2026-05-09 15:09:44.633,3,-0.21,-0.53,1.64,13.370999999999999,82.4166,-28.2318,175,75
2026-05-09 15:09:44.645,3,-0.41,-0.28,1.77,-10.529,-3.253399999999999,-5.421800000000001,175,75
2026-05-09 15:09:44.675,3,-0.33,-0.19,1.56,-13.329,-24.8434,-16.891800000000003,175,75
2026-05-09 15:09:44.700,3,-0.66,-0.17,1.14,3.801,11.316600000000001,-37.8618,175,75
2026-05-09 15:09:44.713,3,-0.54,0.01,1.35,6.061,20.2266,-41.3418,175,75
2026-05-09 15:09:44.727,3,-0.58,0.09,1.52,0.8709999999999996,17.236600000000003,-44.6918,175,75
2026-05-09 15:09:44.755,3,-0.56,0.18,1.47,-16.749,5.896600000000001,-59.271800000000006,175,75
2026-05-09 15:09:44.765,3,-0.48,0.21,1.4,-19.489,6.196600000000002,-66.2218,175,75
2026-05-09 15:09:44.800,3,-0.37,0.47,1.4,-33.939,11.256600000000002,-70.1218,175,75
2026-05-09 15:09:44.800,3,-0.37,0.56,1.51,-39.799,13.0866,-69.0218,175,75
2026-05-09 15:09:44.832,3,-0.3,0.39,1.48,-63.75899999999999,-9.103399999999997,-60.851800000000004,175,75
2026-05-09 15:09:44.848,3,-0.36,0.28,1.47,-69.549,-16.3034,-63.2918,175,75
2026-05-09 15:09:44.848,3,-0.39,0.25,1.47,-69.679,-22.2734,-65.06179999999999,175,75
2026-05-09 15:09:44.868,3,-0.47,0.16,1.41,-65.34899999999999,-28.683399999999995,-65.5518,175,75
2026-05-09 15:09:44.904,3,-0.29,-0.15,1.2,-63.519,-59.2334,-51.6418,175,75
2026-05-09 15:09:44.924,3,-0.84,0.19,1.26,-49.129,-34.71339999999999,-36.9518,175,75
2026-05-09 15:09:44.954,3,-1.4,0.48,1.93,20.261,-12.153399999999998,37.4382,175,75
2026-05-09 15:09:44.975,3,-1.38,0.26,1.86,46.421,-26.4834,81.6482,175,75
2026-05-09 15:09:45.009,3,-1.04,0.19,1.6,72.031,-22.823399999999996,107.6182,175,75
2026-05-09 15:09:45.020,3,-0.95,0.15,1.58,74.84100000000001,-21.3034,115.3082,175,75
2026-05-09 15:09:45.020,3,-0.9,0.14,1.53,75.02099999999999,-23.493399999999998,119.26820000000001,175,75
2026-05-09 15:09:45.038,3,-0.73,0.13,1.33,74.721,-11.423399999999997,116.76820000000001,175,75
2026-05-09 15:09:45.050,3,-0.6,0.12,1.32,72.031,-4.7134,113.7782,175,75
2026-05-09 15:09:45.065,3,-0.43,0.11,1.33,66.731,-4.843399999999999,109.8182,175,75
2026-05-09 15:09:45.075,3,-0.34,0.1,1.3,62.641,-9.593399999999999,106.15820000000001,175,75
2026-05-09 15:09:45.087,3,-0.23,0.1,1.22,57.581,-15.323399999999996,97.68820000000001,175,75
2026-05-09 15:09:45.087,3,-0.11,0.14,1.15,56.001,-21.423399999999997,89.63820000000001,175,75
2026-05-09 15:09:45.100,3,-0.03,0.2,1.02,56.791,-22.0934,82.5582,175,75
2026-05-09 15:09:45.111,3,0.13,0.27,0.91,58.621,-20.0834,71.5882,175,75
2026-05-09 15:09:45.155,3,0.87,0.52,0.46,28.861,-13.563399999999998,32.1382,175,75
2026-05-09 15:09:45.164,3,1.11,0.52,0.4,9.901,-17.7034,22.9882,175,75
2026-05-09 15:09:45.172,3,0.97,0.57,0.36,-14.129000000000001,-16.793400000000002,6.7082,175,75
2026-05-09 15:09:45.181,3,0.85,0.66,0.48,-27.238999999999997,-8.013399999999997,-12.801800000000002,175,75
2026-05-09 15:09:45.206,3,1.37,0.29,1.1,-62.178999999999995,-28.133399999999998,-60.241800000000005,175,75
2026-05-09 15:09:45.222,3,1.21,0.5,0.97,-73.63900000000001,-57.21340000000001,-87.56179999999999,175,75
2026-05-09 15:09:45.274,3,-0.55,-1.27,0.82,110.451,151.0166,-95.42179999999999,175,75
2026-05-09 15:09:45.286,3,0.74,0.3,0.52,51.851,193.0266,-20.851799999999997,175,75
2026-05-09 15:09:45.336,3,-0.01,0.23,2.09,9.651,14.6766,26.648200000000003,175,75
2026-05-09 15:09:45.347,3,-0.72,0.67,1.58,-8.759,-23.1934,42.1982,175,75
2026-05-09 15:09:45.358,3,-1.05,0.83,1.33,-7.2989999999999995,12.786600000000002,18.4182,175,75
2026-05-09 15:09:45.373,3,-0.97,0.5,0.64,-29.369,-15.6934,30.3082,175,75
2026-05-09 15:09:45.390,3,-1.0,-0.52,0.07,-35.769,-33.803399999999996,15.1882,175,75
2026-05-09 15:09:45.416,3,-0.49,-1.86,1.66,35.391,77.6566,-65.1218,175,75
2026-05-09 15:09:45.427,3,-0.05,-0.43,2.2,75.571,71.92660000000001,-52.0718,175,75
2026-05-09 15:09:45.443,3,-0.69,0.34,1.21,35.081,12.116600000000002,-1.341800000000001,175,75
2026-05-09 15:09:45.467,3,-0.32,0.56,1.89,15.201,18.756600000000002,-0.24179999999999957,175,75
2026-05-09 15:09:45.478,3,-0.41,0.38,1.9,-9.309,-24.4734,4.3282,175,75
2026-05-09 15:09:45.478,3,-0.64,0.36,1.69,-24.249,-34.8434,5.8582,175,75
2026-05-09 15:09:45.494,3,-0.73,0.34,1.56,-34.919,-33.623400000000004,-9.3318,175,75
2026-05-09 15:09:45.524,3,-0.66,0.3,1.18,-45.589,-53.3134,-18.291800000000002,175,75
2026-05-09 15:09:45.535,3,-0.76,0.23,1.34,-42.049,-25.933399999999995,-30.3018,175,75
2026-05-09 15:09:45.535,3,-0.58,0.18,1.53,-40.589,-34.413399999999996,-43.2318,175,75
2026-05-09 15:09:45.546,3,-0.58,0.12,1.52,-46.689,-50.6934,-39.2718,175,75
2026-05-09 15:09:45.567,3,-1.0,0.15,1.31,-54.739,-59.2334,-56.891799999999996,175,75
2026-05-09 15:09:45.573,3,-0.84,0.19,1.46,-54.189,-37.3434,-70.36179999999999,175,75
2026-05-09 15:09:45.593,3,-0.61,0.18,1.65,-69.799,-62.7034,-78.17179999999999,175,75
2026-05-09 15:09:45.593,3,-0.61,0.12,1.58,-78.089,-70.38340000000001,-79.3318,175,75
2026-05-09 15:09:45.628,3,-0.64,-0.09,1.48,-94.429,-73.0734,-83.3518,175,75
2026-05-09 15:09:45.638,3,-0.63,-0.19,1.44,-100.769,-75.5134,-85.2418,175,75
2026-05-09 15:09:45.651,3,-0.49,-0.44,1.39,-111.749,-76.9734,-83.9618,175,75
2026-05-09 15:09:45.676,3,-0.23,-0.52,1.2,-122.299,-115.3234,-72.86179999999999,175,75
2026-05-09 15:09:45.687,3,-0.15,-0.34,1.09,-125.769,-119.41340000000001,-63.7818,175,75
2026-05-09 15:09:45.698,3,-0.08,-0.15,0.95,-131.439,-121.7334,-62.19180000000001,175,75
2026-05-09 15:09:45.709,3,0.03,0.21,0.82,-135.279,-102.21340000000001,-49.0218,175,75
2026-05-09 15:09:45.740,3,-0.69,1.33,1.21,-83.38900000000001,-103.0734,-7.251800000000001,175,75
2026-05-09 15:09:45.751,3,-1.28,1.69,2.1,-7.968999999999999,-40.57339999999999,57.438199999999995,175,75
2026-05-09 15:09:45.785,3,-0.02,0.55,1.72,39.351,-149.59339999999997,94.63820000000001,175,75
2026-05-09 15:09:45.796,3,-0.26,0.66,1.12,57.461,-114.16340000000001,92.8082,175,75
2026-05-09 15:09:45.796,3,-0.5,0.88,1.12,92.221,-29.6534,84.7582,175,75
2026-05-09 15:09:45.809,3,-0.2,0.93,1.47,109.291,-8.683399999999999,85.6682,175,75
2026-05-09 15:09:45.826,3,0.16,0.86,1.22,116.061,-15.203399999999998,90.54820000000001,175,75
2026-05-09 15:09:45.836,3,0.0,0.89,1.0,118.311,29.0666,69.9982,175,75
2026-05-09 15:09:45.848,3,-0.34,1.45,1.47,130.811,101.1366,57.8082,175,75
2026-05-09 15:09:45.871,3,2.19,-0.03,0.06,87.40100000000001,-56.303399999999996,4.5081999999999995,175,75
2026-05-09 15:09:45.872,3,2.1,-0.93,-1.13,17.341,-87.21340000000001,-13.841800000000001,175,75
2026-05-09 15:09:45.886,3,-2.39,1.03,0.04,-2.5389999999999997,192.78660000000002,13.8382,175,75
2026-05-09 15:09:45.897,3,-0.03,-0.96,0.88,66.791,293.6966,-5.3018,175,75
2026-05-09 15:09:45.920,3,-0.7,-0.54,1.12,30.511,115.5266,70.3082,175,75
2026-05-09 15:09:45.949,3,-0.48,-0.72,1.44,25.691,21.256600000000002,43.5982,175,75
2026-05-09 15:09:45.961,3,-0.77,-0.32,1.43,36.971000000000004,47.6566,33.2282,175,75
2026-05-09 15:09:45.971,3,-0.43,0.24,1.54,52.461,60.226600000000005,21.3382,175,75
2026-05-09 15:09:45.982,3,-0.2,0.37,1.0,25.871,2.356600000000002,41.5882,175,75
2026-05-09 15:09:45.994,3,-0.45,-0.03,0.67,5.931,-26.603399999999997,56.038199999999996,175,75
2026-05-09 15:09:46.005,3,-0.78,-0.97,1.21,31.301,37.5966,17.1982,175,75
2026-05-09 15:09:46.015,3,-0.26,-1.23,2.11,62.151,56.0166,-12.621799999999999,175,75
2026-05-09 15:09:46.026,3,-0.2,0.02,1.93,70.93100000000001,32.2366,17.008200000000002,175,75
2026-05-09 15:09:46.043,3,-0.65,0.48,1.03,50.811,12.046600000000002,19.0282,175,75
2026-05-09 15:09:46.059,3,-0.42,0.62,1.39,40.261,19.9766,15.5482,175,75
2026-05-09 15:09:46.070,3,-0.67,0.43,1.85,21.301000000000002,4.486600000000001,21.4082,175,75
2026-05-09 15:09:46.081,3,-0.62,0.25,1.78,12.151,-5.813399999999998,1.8881999999999994,175,75
2026-05-09 15:09:46.099,3,-0.42,0.11,1.56,-4.978999999999999,-14.773399999999999,7.138199999999999,175,75
2026-05-09 15:09:46.109,3,-0.51,0.23,1.4,-6.689,-25.323399999999996,5.9182,175,75
2026-05-09 15:09:46.173,3,-0.56,0.26,1.39,-36.499,-38.5634,-12.3818,175,75
2026-05-09 15:09:46.184,3,-0.56,0.24,1.47,-40.409,-32.0334,-12.071800000000001,175,75
2026-05-09 15:09:46.189,3,-0.53,0.19,1.43,-42.909,-55.8134,-16.7718,175,75
2026-05-09 15:09:46.200,3,-0.68,0.23,1.32,-46.019,-54.8434,-20.061799999999998,175,75
2026-05-09 15:09:46.210,3,-0.68,0.18,1.53,-48.209,-42.763400000000004,-31.3418,175,75
2026-05-09 15:09:46.222,3,-0.61,0.14,1.6,-53.639,-52.46340000000001,-39.811800000000005,175,75
2026-05-09 15:09:46.252,3,-0.73,0.12,1.45,-59.859,-57.9534,-41.3418,175,75
2026-05-09 15:09:46.252,3,-0.85,0.07,1.31,-61.139,-51.543400000000005,-49.4518,175,75
2026-05-09 15:09:46.266,3,-0.82,0.03,1.31,-62.049,-38.9234,-61.4018,175,75
2026-05-09 15:09:46.289,3,-0.65,-0.46,1.31,-83.32900000000001,-81.0634,-60.491800000000005,175,75
2026-05-09 15:09:46.318,3,0.26,-0.96,1.12,-73.999,-101.4234,-49.0218,175,75
2026-05-09 15:09:46.353,3,0.38,-0.22,0.48,-32.659,-43.07339999999999,-47.0118,175,75
2026-05-09 15:09:46.365,3,0.41,0.02,0.3,-20.529,12.046600000000002,-41.2218,175,75
2026-05-09 15:09:46.386,3,0.37,0.38,0.55,0.5709999999999997,64.06660000000001,-39.3918,175,75
2026-05-09 15:09:46.386,3,0.1,0.69,0.87,24.041,89.61659999999999,-37.991800000000005,175,75
2026-05-09 15:09:46.397,3,-0.05,0.82,0.99,46.971,102.8466,-33.531800000000004,175,75
2026-05-09 15:09:46.409,3,0.12,0.62,0.64,33.981,94.9766,-32.311800000000005,175,75
2026-05-09 15:09:46.421,3,0.36,0.54,0.18,11.541,103.0266,-45.7918,175,75
2026-05-09 15:09:46.421,3,0.52,0.6,0.11,2.521,137.9666,-69.3318,175,75
2026-05-09 15:09:46.453,3,1.18,0.49,0.77,-26.198999999999998,116.50659999999999,-102.92179999999999,175,75
2026-05-09 15:09:46.474,3,0.85,0.55,0.58,-52.419,56.256600000000006,-106.70179999999999,175,75
2026-05-09 15:09:46.493,3,0.97,0.64,0.5,-77.049,20.2866,-101.1618,175,75
2026-05-09 15:09:46.503,3,0.51,0.7,1.13,-88.519,36.3166,-107.56179999999999,175,75
2026-05-09 15:09:46.515,3,0.23,1.01,2.19,-66.869,46.9266,-135.8518,175,75
2026-05-09 15:09:46.530,3,-2.37,1.24,3.6,30.201,-2.763399999999997,82.07820000000001,175,75
2026-05-09 15:09:46.544,3,-3.59,1.58,3.75,177.58100000000002,86.1366,44.8182,175,75
2026-05-09 15:09:46.598,3,1.57,-1.72,3.58,169.231,175.28660000000002,29.998199999999997,175,75
2026-05-09 15:09:46.629,3,-0.88,0.7,1.53,58.621,-79.0434,106.7082,175,75
2026-05-09 15:09:46.643,3,-0.58,0.55,0.6,85.201,-20.633399999999998,56.7682,175,75
2026-05-09 15:09:46.691,3,-0.85,1.06,0.8,8.681000000000001,-13.863399999999999,-13.7218,175,75
2026-05-09 15:09:46.702,3,-0.76,0.42,1.02,5.631,44.616600000000005,-37.4418,175,75
2026-05-09 15:09:46.710,3,-0.29,-0.23,1.53,10.201,33.3266,-46.8918,175,75
2026-05-09 15:09:46.723,3,-0.26,-0.96,1.89,2.701,1.436600000000002,-33.9018,175,75
2026-05-09 15:09:46.734,3,-0.73,-0.57,1.92,3.191,-15.573399999999996,-48.4118,175,75
2026-05-09 15:09:46.756,3,-0.33,-0.09,1.31,-6.869,-30.993399999999998,-48.1118,175,75
2026-05-09 15:09:46.783,3,-0.4,0.06,1.39,-9.609,-1.3034,-65.73179999999999,175,75
2026-05-09 15:09:46.804,3,-0.28,0.28,1.91,-40.959,-42.46339999999999,-51.3418,175,75
2026-05-09 15:09:46.804,3,-0.35,0.27,1.8,-60.648999999999994,-65.63340000000001,-44.1418,175,75
2026-05-09 15:09:46.824,3,-0.22,0.31,1.53,-78.87899999999999,-82.5834,-46.0918,175,75
2026-05-09 15:09:46.832,3,-0.34,0.47,1.41,-86.13900000000001,-93.8634,-42.8618,175,75
2026-05-09 15:09:46.870,3,-0.8,0.48,1.26,-86.19900000000001,-101.4834,-29.5118,175,75
2026-05-09 15:09:46.892,3,-1.36,0.46,1.34,-93.32900000000001,-124.41340000000001,8.4782,175,75
2026-05-09 15:09:46.892,3,-1.62,0.43,1.56,-90.649,-142.27339999999998,32.8682,175,75
2026-05-09 15:09:46.903,3,-1.83,0.64,1.86,-74.91900000000001,-157.52339999999998,63.538199999999996,175,75
2026-05-09 15:09:46.914,3,-1.82,0.62,2.23,-47.299,-169.2934,96.21820000000001,175,75
2026-05-09 15:09:46.926,3,-1.57,0.44,2.19,-19.429,-189.77339999999998,122.3182,175,75
2026-05-09 15:09:46.938,3,-1.53,0.23,1.81,17.341,-171.5434,153.5982,175,75
2026-05-09 15:09:46.956,3,-1.46,0.07,1.45,48.861,-126.3634,159.4482,175,75
2026-05-09 15:09:46.962,3,-1.17,-0.04,1.15,92.52099999999999,-54.773399999999995,152.8082,175,75
2026-05-09 15:09:46.979,3,-0.98,-0.04,1.11,111.24100000000001,-2.2733999999999988,148.7182,175,75
2026-05-09 15:09:46.979,3,-0.82,-0.04,1.18,122.58099999999999,36.626599999999996,144.0882,175,75
2026-05-09 15:09:46.997,3,-0.7,0.06,1.32,127.40100000000001,65.6466,138.6582,175,75
2026-05-09 15:09:47.000,3,-0.47,0.01,1.31,118.62100000000001,64.4866,136.94819999999999,175,75
2026-05-09 15:09:47.015,3,-0.33,0.05,1.2,107.34100000000001,49.06660000000001,128.1082,175,75
2026-05-09 15:09:47.026,3,-0.25,0.1,1.12,99.17099999999999,54.126599999999996,123.71820000000001,175,75
2026-05-09 15:09:47.029,3,-0.08,0.11,1.1,89.59100000000001,48.3266,112.07820000000001,175,75
2026-05-09 15:09:47.079,3,0.63,0.42,0.73,51.301,6.136600000000001,47.078199999999995,175,75
2026-05-09 15:09:47.105,3,0.99,0.71,0.46,27.031,29.5466,11.8882,175,75
2026-05-09 15:09:47.115,3,1.11,0.79,0.42,4.111,30.526600000000002,2.1381999999999994,175,75
2026-05-09 15:09:47.115,3,1.24,0.66,0.23,-18.939,56.0766,-20.7318,175,75
2026-05-09 15:09:47.127,3,1.32,0.67,0.24,-39.429,48.696600000000004,-53.351800000000004,175,75
2026-05-09 15:09:47.137,3,1.29,0.82,0.37,-61.019,49.736599999999996,-69.3318,175,75
2026-05-09 15:09:47.148,3,0.95,0.94,0.96,-81.689,63.39660000000001,-64.6318,175,75
2026-05-09 15:09:47.159,3,-4.2,3.01,4.18,0.08099999999999952,233.5766,63.6582,175,75
2026-05-09 15:09:47.167,3,1.54,-2.5,4.01,171.121,91.3166,-80.1218,175,75
2026-05-09 15:09:47.193,3,-1.8,-0.33,0.83,-151.13899999999998,8.936600000000002,211.2182,175,75
2026-05-09 15:09:47.204,3,-1.19,-1.61,0.75,35.260999999999996,101.8066,-102.3818,175,75
2026-05-09 15:09:47.212,3,0.29,-0.47,0.79,67.701,160.15660000000003,-188.1718,175,75
2026-05-09 15:09:47.225,3,0.52,0.47,1.65,-6.439,135.2866,30.3682,175,75
2026-05-09 15:09:47.237,3,-0.53,-0.48,1.56,-5.769,34.976600000000005,21.5882,175,75
2026-05-09 15:09:47.248,3,-1.07,-0.72,1.0,4.721,65.4066,-28.111800000000002,175,75
2026-05-09 15:09:47.250,3,-0.65,-0.66,1.44,19.291,117.5966,-46.281800000000004,175,75
2026-05-09 15:09:47.273,3,-0.48,-0.03,1.61,-24.549,-50.263400000000004,8.8382,175,75
2026-05-09 15:09:47.290,3,-0.75,-0.2,1.14,-21.689,-44.2334,-9.0818,175,75
2026-05-09 15:09:47.321,3,-0.47,0.01,1.64,10.870999999999999,6.376600000000002,-38.6618,175,75
2026-05-09 15:09:47.360,3,-0.66,0.4,1.36,-12.239,-2.4634,-45.1818,175,75
2026-05-09 15:09:47.374,3,-0.52,0.22,1.52,-20.589,-9.533399999999997,-52.8618,175,75
2026-05-09 15:09:47.385,3,-0.41,0.12,1.47,-28.698999999999998,-18.6234,-52.6818,175,75
2026-05-09 15:09:47.399,3,-0.45,0.06,1.34,-33.329,-9.103399999999997,-52.131800000000005,175,75
2026-05-09 15:09:47.411,3,-0.3,0.03,1.29,-30.098999999999997,0.526600000000002,-58.111799999999995,175,75
2026-05-09 15:09:47.440,3,-0.37,0.22,1.34,-27.659,-12.4634,-40.3618,175,75
2026-05-09 15:09:47.450,3,-0.26,0.14,1.36,-28.939,-17.7034,-45.421800000000005,175,75
2026-05-09 15:09:47.462,3,-0.54,0.24,1.42,-32.599,-15.203399999999998,-42.8618,175,75
2026-05-09 15:09:47.473,3,-0.57,0.14,1.48,-29.308999999999997,-17.5234,-53.1118,175,75
2026-05-09 15:09:47.509,3,-0.49,0.17,1.17,-27.299,-8.8034,-67.8018,175,75
2026-05-09 15:09:47.523,3,-0.66,0.26,1.27,-26.079,1.316600000000001,-62.0718,175,75
2026-05-09 15:09:47.591,3,-1.25,0.24,1.46,32.461,24.486600000000003,43.3582,175,75
2026-05-09 15:09:47.603,3,-1.09,0.24,1.46,38.191,34.6766,57.3182,175,75
2026-05-09 15:09:47.615,3,-0.99,0.28,1.5,39.291,25.5866,69.8182,175,75
2026-05-09 15:09:47.638,3,-0.83,0.28,1.48,35.201,4.486600000000001,89.8782,175,75
2026-05-09 15:09:47.638,3,-0.73,0.22,1.43,30.391,-7.343399999999999,94.26820000000001,175,75
2026-05-09 15:09:47.650,3,-0.58,0.17,1.35,24.841,-19.173399999999997,94.8782,175,75
2026-05-09 15:09:47.670,3,-0.38,0.12,1.19,19.111,-29.713399999999996,93.8382,175,75
2026-05-09 15:09:47.706,3,0.2,0.17,0.88,2.581,-59.10340000000001,75.0582,175,75
2026-05-09 15:09:47.718,3,0.27,0.28,0.81,-0.2190000000000003,-57.82340000000001,72.0782,175,75
2026-05-09 15:09:47.738,3,0.66,0.47,0.65,-12.479,-46.793400000000005,48.3582,175,75
2026-05-09 15:09:47.749,3,0.83,0.49,0.53,-25.349,-48.373400000000004,39.4482,175,75
2026-05-09 15:09:47.760,3,0.99,0.5,0.56,-33.459,-46.85339999999999,29.328200000000002,175,75
2026-05-09 15:09:47.760,3,1.01,0.54,0.64,-42.779,-45.023399999999995,18.2282,175,75
2026-05-09 15:09:47.805,3,1.0,0.76,1.08,-55.769,-47.273399999999995,-35.7318,175,75
2026-05-09 15:09:47.816,3,0.29,1.1,1.5,-50.769,21.3166,-20.611800000000002,175,75
2026-05-09 15:09:47.827,3,-2.1,1.56,2.67,10.870999999999999,107.78659999999999,43.538199999999996,175,75
2026-05-09 15:09:47.827,3,0.84,-1.14,2.75,117.64099999999999,81.1366,-6.6418,175,75
2026-05-09 15:09:47.844,3,3.08,-1.54,0.36,53.501,-81.4834,-91.5818,175,75
2026-05-09 15:09:47.874,3,-0.74,-0.68,0.18,107.221,251.56660000000002,-80.73179999999999,175,75
2026-05-09 15:09:47.887,3,-0.39,0.28,0.59,76.731,264.7366,-0.30180000000000007,175,75
2026-05-09 15:09:47.901,3,-0.74,0.24,1.09,33.561,146.4366,65.9782,175,75
2026-05-09 15:09:47.918,3,-0.88,-0.7,2.18,26.851,65.7666,23.4782,175,75
2026-05-09 15:09:47.929,3,0.15,-0.55,2.39,12.280999999999999,-1.7333999999999996,16.6482,175,75
2026-05-09 15:09:47.941,3,0.07,-0.17,2.24,-7.239000000000001,-106.60340000000001,53.538199999999996,175,75
2026-05-09 15:09:47.954,3,-0.42,-0.23,1.28,-21.079,-129.71339999999998,87.6182,175,75
2026-05-09 15:09:47.954,3,-0.55,-0.43,0.61,-1.8689999999999998,-99.7734,69.5782,175,75
2026-05-09 15:09:47.962,3,-0.67,-0.72,0.62,24.531,-23.3734,48.968199999999996,175,75
2026-05-09 15:09:47.984,3,-0.45,0.17,1.74,60.021,45.7666,29.0882,175,75
2026-05-09 15:09:48.000,3,-0.54,0.32,1.72,38.981,10.346600000000002,44.2682,175,75
2026-05-09 15:09:48.013,3,-0.72,0.45,1.41,22.461,-11.363399999999999,38.4182,175,75
2026-05-09 15:09:48.040,3,-0.65,0.42,1.49,-7.2989999999999995,-33.623400000000004,18.7782,175,75
2026-05-09 15:09:48.051,3,-0.78,0.44,1.32,-12.779,-17.5234,2.4382,175,75
2026-05-09 15:09:48.084,3,-0.64,0.03,1.34,-18.209,-25.323399999999996,-10.9718,175,75
2026-05-09 15:09:48.109,3,-0.69,0.18,1.32,-7.239000000000001,-5.753399999999999,-31.5218,175,75
2026-05-09 15:09:48.143,3,-0.69,0.35,1.49,-18.459,-19.6534,-47.6218,175,75
2026-05-09 15:09:48.157,3,-0.64,0.27,1.39,-23.149,-22.883399999999998,-56.521800000000006,175,75
2026-05-09 15:09:48.171,3,-0.58,0.05,1.37,-29.679000000000002,-17.823399999999996,-60.0618,175,75
2026-05-09 15:09:48.200,3,-0.54,-0.22,1.3,-32.719,-19.5934,-58.961800000000004,175,75
2026-05-09 15:09:48.208,3,-0.42,-0.29,1.34,-32.179,-13.9834,-55.361799999999995,175,75
2026-05-09 15:09:48.237,3,-0.3,-0.47,1.35,-34.799,-31.853399999999997,-39.6918,175,75
2026-05-09 15:09:48.263,3,-0.22,-0.37,0.62,-51.689,-46.0634,-21.9518,175,75
2026-05-09 15:09:48.277,3,-0.09,0.18,0.73,-37.779,-24.4734,-22.681800000000003,175,75
2026-05-09 15:09:48.304,3,-0.5,1.1,1.29,-8.639,0.22660000000000124,1.9482,175,75
2026-05-09 15:09:48.315,3,-0.49,1.38,1.74,-2.2989999999999995,21.9266,9.578199999999999,175,75
2026-05-09 15:09:48.325,3,-0.41,1.38,1.78,-13.268999999999998,-8.923399999999997,25.3082,175,75
2026-05-09 15:09:48.351,3,-0.14,1.4,0.94,-31.378999999999998,-31.3034,32.3782,175,75
2026-05-09 15:09:48.366,3,-0.12,1.31,0.59,-34.489,5.706600000000002,17.6182,175,75
2026-05-09 15:09:48.404,3,0.86,0.14,1.7,1.5410000000000004,-51.4234,21.708199999999998,175,75
2026-05-09 15:09:48.421,3,-0.11,-0.45,0.91,10.261,-50.2034,11.3382,175,75
2026-05-09 15:09:48.441,3,-0.55,-0.18,0.48,52.221,109.9766,-14.6318,175,75
2026-05-09 15:09:48.463,3,-0.46,0.24,1.22,53.011,124.2466,15.7982,175,75
2026-05-09 15:09:48.475,3,-0.32,-0.09,1.49,36.971000000000004,60.89660000000001,20.6082,175,75
2026-05-09 15:09:48.486,3,-0.68,-0.2,1.49,16.611,27.0466,34.5082,175,75
2026-05-09 15:09:48.497,3,-0.61,-0.38,1.46,12.701,-11.1234,25.1182,175,75
2026-05-09 15:09:48.502,3,-0.53,-0.08,1.47,14.041,-27.2734,14.6382,175,75
2026-05-09 15:09:48.558,3,-0.46,-0.17,1.41,49.041,88.8766,-14.4518,175,75
2026-05-09 15:09:48.567,3,-0.46,0.35,1.79,48.681,60.28660000000001,-7.011800000000001,175,75
2026-05-09 15:09:48.579,3,-0.3,0.25,1.56,28.741,-2.1533999999999978,7.4382,175,75
2026-05-09 15:09:48.623,3,-0.49,0.25,1.56,5.201,-11.3034,4.3282,175,75
2026-05-09 15:09:48.623,3,-0.68,0.24,1.35,-1.8689999999999998,-7.033399999999997,2.1381999999999994,175,75
2026-05-09 15:09:48.649,3,-0.13,0.19,1.62,-5.888999999999999,-12.153399999999998,-5.361800000000001,175,75
2026-05-09 15:09:48.665,3,-0.6,0.24,1.27,-16.199,-36.6734,10.3082,175,75
2026-05-09 15:09:48.678,3,-0.68,0.28,1.32,-11.259,-3.683399999999999,-3.841800000000001,175,75
2026-05-09 15:09:48.689,3,-0.33,0.23,1.56,-21.989,-28.1934,-2.501800000000001,175,75
2026-05-09 15:09:48.704,3,-0.59,0.2,1.36,-27.179000000000002,-42.6434,-2.681800000000001,175,75
2026-05-09 15:09:48.715,3,-0.66,0.18,1.26,-29.918999999999997,-28.563399999999998,-11.031799999999999,175,75
2026-05-09 15:09:48.727,3,-0.56,0.23,1.39,-29.799,-15.933399999999995,-18.4718,175,75
2026-05-09 15:09:48.753,3,-0.5,0.15,1.37,-41.499,-49.5334,-21.5818,175,75
2026-05-09 15:09:48.782,3,-0.54,0.13,1.44,-49.489,-54.5334,-30.421800000000005,175,75
2026-05-09 15:09:48.793,3,-0.77,0.1,1.43,-50.959,-48.13340000000001,-33.5918,175,75
2026-05-09 15:09:48.805,3,-0.68,-0.03,1.36,-50.959,-52.523399999999995,-51.1618,175,75
2026-05-09 15:09:48.816,3,-0.75,0.05,1.33,-55.829,-57.82340000000001,-60.851800000000004,175,75
2026-05-09 15:09:48.819,3,-0.8,0.02,1.46,-65.15899999999999,-50.513400000000004,-69.8818,175,75
2026-05-09 15:09:48.881,3,-0.11,-0.64,1.25,-120.279,-95.7534,-80.73179999999999,175,75
2026-05-09 15:09:48.891,3,-0.04,-0.58,1.1,-114.189,-134.90339999999998,-70.8518,175,75
2026-05-09 15:09:48.902,3,-0.35,-0.32,0.63,-124.429,-127.4634,-44.881800000000005,175,75
2026-05-09 15:09:48.913,3,-0.11,0.02,0.56,-104.739,-75.0234,-59.271800000000006,175,75
2026-05-09 15:09:48.924,3,-0.04,0.7,0.63,-89.799,-37.9534,-37.6218,175,75
2026-05-09 15:09:48.935,3,0.01,1.01,0.6,-67.179,-36.18339999999999,-19.5118,175,75
2026-05-09 15:09:48.947,3,-0.05,1.11,0.65,-41.019,-24.2334,4.1482,175,75
2026-05-09 15:09:48.975,3,-0.32,1.17,1.43,37.150999999999996,48.14660000000001,62.9282,175,75
2026-05-09 15:09:48.990,3,0.21,0.35,0.77,87.031,43.2666,52.868199999999995,175,75
2026-05-09 15:09:49.013,3,0.92,0.46,0.91,102.951,116.1366,28.538199999999996,175,75
2026-05-09 15:09:49.020,3,0.87,0.71,1.04,95.451,105.5266,32.7482,175,75
2026-05-09 15:09:49.031,3,-0.19,1.43,1.0,74.84100000000001,131.5066,17.138199999999998,175,75
2026-05-09 15:09:49.046,3,0.25,1.09,1.15,62.221,121.1966,8.5982,175,75
2026-05-09 15:09:49.046,3,-0.9,1.64,2.63,90.08099999999999,135.6466,-2.5618,175,75
2026-05-09 15:09:49.058,3,-1.06,1.32,2.02,46.241,66.8066,68.4782,175,75
2026-05-09 15:09:49.109,3,-0.74,0.36,0.59,-9.429,45.4066,35.6082,175,75
2026-05-09 15:09:49.129,3,1.12,-4.14,0.89,21.000999999999998,-42.273399999999995,-38.0518,175,75
2026-05-09 15:09:49.144,3,1.65,-3.94,1.43,72.031,-66.60340000000001,8.7782,175,75
2026-05-09 15:09:49.185,3,-0.56,0.9,1.39,67.221,130.9566,51.468199999999996,175,75
2026-05-09 15:09:49.200,3,-0.62,0.05,2.24,23.621,33.5166,42.5582,175,75
2026-05-09 15:09:49.213,3,-1.0,0.39,1.78,-6.079000000000001,-58.13340000000001,23.8382,175,75
2026-05-09 15:09:49.224,3,-0.79,0.14,1.46,-4.129,-48.5634,18.5382,175,75
2026-05-09 15:09:49.235,3,-0.52,-0.02,1.25,1.7910000000000004,-39.1734,2.5581999999999994,175,75
2026-05-09 15:09:49.244,3,-0.6,-0.13,1.18,11.791,-15.6934,10.488199999999999,175,75
2026-05-09 15:09:49.261,3,-0.7,-0.21,1.1,30.141,-1.2433999999999976,-0.6718000000000011,175,75
2026-05-09 15:09:49.283,3,0.16,-0.06,1.5,43.371,-3.563399999999998,26.9482,175,75
2026-05-09 15:09:49.298,3,-0.13,-0.29,1.18,46.121,-44.4734,63.7782,175,75
2026-05-09 15:09:49.309,3,-0.21,-0.37,1.12,54.651,-46.9734,74.6982,175,75
2026-05-09 15:09:49.320,3,-0.29,-0.67,1.28,62.341,-34.5334,86.7082,175,75
2026-05-09 15:09:49.330,3,-0.27,-0.83,1.44,73.561,-35.513400000000004,90.6682,175,75
2026-05-09 15:09:49.384,3,-0.29,-0.4,1.13,89.17099999999999,-53.9834,88.65820000000001,175,75
2026-05-09 15:09:49.384,3,-0.27,-0.18,1.19,87.821,-42.523399999999995,83.4182,175,75
2026-05-09 15:09:49.413,3,-0.76,0.59,1.38,100.321,6.986600000000001,69.26820000000001,175,75
2026-05-09 15:09:49.463,3,-0.15,0.44,1.2,47.701,20.526600000000002,28.968200000000003,175,75
2026-05-09 15:09:49.475,3,-0.42,0.62,1.18,36.241,35.7666,27.318199999999997,175,75
2026-05-09 15:09:49.487,3,-0.18,0.37,1.18,15.571,13.456600000000002,3.7181999999999995,175,75
2026-05-09 15:09:49.497,3,-0.14,0.47,1.11,-5.279,-0.8734000000000002,-7.5618,175,75
2026-05-09 15:09:49.518,3,-0.12,0.56,1.16,-47.109,-21.063399999999998,-30.5518,175,75
2026-05-09 15:09:49.528,3,-0.14,0.65,1.12,-64.799,-28.9834,-34.0818,175,75
2026-05-09 15:09:49.539,3,-0.16,0.66,1.09,-85.219,-37.7034,-47.6218,175,75
2026-05-09 15:09:49.553,3,-0.17,0.67,1.06,-103.149,-36.9734,-58.2318,175,75
2026-05-09 15:09:49.553,3,-0.18,0.64,1.08,-117.90899999999999,-37.21339999999999,-70.3018,175,75
2026-05-09 15:09:49.583,3,-0.13,0.69,1.14,-141.439,-25.633399999999998,-89.45179999999999,175,75
2026-05-09 15:09:49.583,3,-0.14,0.66,1.16,-147.049,-17.643399999999996,-94.9418,175,75
2026-05-09 15:09:49.619,3,-0.22,0.61,1.21,-148.32899999999998,23.3366,-114.14179999999999,175,75
2026-05-09 15:09:49.634,3,-0.28,0.65,1.4,-135.409,35.1566,-130.9118,175,75
2026-05-09 15:09:49.645,3,-0.18,0.75,1.4,-123.75899999999999,32.3566,-129.3918,175,75
2026-05-09 15:09:49.658,3,-0.1,0.76,1.39,-114.12899999999999,22.596600000000002,-129.5718,175,75
2026-05-09 15:09:49.669,3,-0.03,0.81,1.44,-105.649,16.7466,-137.3818,175,75
2026-05-09 15:09:49.684,3,-3.99,2.35,2.34,-115.09899999999999,148.87660000000002,-44.811800000000005,175,75
2026-05-09 15:09:49.694,3,-6.87,4.52,3.54,-96.31899999999999,140.3466,174.50820000000002,175,75
2026-05-09 15:09:49.695,3,-2.39,0.45,3.85,249.041,226.13660000000002,2.3781999999999996,175,75
2026-05-09 15:09:49.718,3,2.45,-1.31,2.47,88.251,-39.8434,-86.95179999999999,175,75
2026-05-09 15:09:49.729,3,2.46,0.46,0.78,-46.809,-223.68339999999998,9.9382,175,75
2026-05-09 15:09:49.729,3,-1.95,0.48,0.67,-104.549,-122.4634,190.72820000000002,175,75
2026-05-09 15:09:49.744,3,-0.59,-2.38,0.47,47.461,-1.4233999999999973,-31.031800000000004,175,75
2026-05-09 15:09:49.818,3,-0.73,0.35,1.75,37.221000000000004,3.026600000000002,47.7482,175,75
2026-05-09 15:09:49.826,3,-0.54,0.31,1.85,15.751,-74.8434,51.1582,175,75
2026-05-09 15:09:49.865,3,-0.79,-0.2,1.08,36.361000000000004,-29.103399999999997,19.8782,175,75
2026-05-09 15:09:49.865,3,-0.62,-0.28,1.18,49.721,-11.603399999999997,17.438200000000002,175,75
2026-05-09 15:09:49.888,3,-0.5,-0.29,1.36,59.471,1.566600000000001,21.5882,175,75
2026-05-09 15:09:49.898,3,-0.35,-0.45,1.5,65.691,7.176600000000002,30.6682,175,75
2026-05-09 15:09:49.910,3,-0.12,-0.68,1.63,75.08099999999999,7.416600000000001,41.468199999999996,175,75
2026-05-09 15:09:49.933,3,0.15,-1.37,1.42,93.311,-8.923399999999997,89.38820000000001,175,75
2026-05-09 15:09:49.957,3,0.32,-1.57,1.57,112.15100000000001,-37.9534,123.8382,175,75
2026-05-09 15:09:50.010,3,-0.7,-0.19,1.29,131.611,-50.32340000000001,102.1982,175,75
2026-05-09 15:09:50.010,3,-0.85,0.29,1.0,118.80099999999999,-18.0134,68.04820000000001,175,75
2026-05-09 15:09:50.026,3,-0.94,0.93,1.35,133.311,54.5466,58.3582,175,75
2026-05-09 15:09:50.040,3,-0.63,0.62,1.6,136.67100000000002,23.026600000000002,65.8582,175,75
2026-05-09 15:09:50.048,3,-0.4,0.26,1.09,115.02099999999999,-30.5134,28.2982,175,75
2026-05-09 15:09:50.063,3,-0.05,0.18,0.21,91.30099999999999,-16.3034,-16.9518,175,75
2026-05-09 15:09:50.076,3,-0.45,0.83,0.04,91.001,108.9366,-27.1918,175,75
2026-05-09 15:09:50.086,3,-0.2,0.4,0.64,70.691,170.03660000000002,-13.411800000000001,175,75
2026-05-09 15:09:50.097,3,-0.01,0.19,0.75,28.071,62.17660000000001,-66.5818,175,75
2026-05-09 15:09:50.110,3,-0.36,0.57,0.47,-0.2789999999999999,69.1266,-74.2718,175,75
2026-05-09 15:09:50.120,3,-0.34,0.64,0.73,-21.319,108.8166,-87.4418,175,75
2026-05-09 15:09:50.133,3,-0.25,0.67,1.09,-46.379,63.14660000000001,-109.2718,175,75
2026-05-09 15:09:50.133,3,-0.26,0.77,1.17,-67.049,17.7266,-112.92179999999999,175,75
2026-05-09 15:09:50.161,3,-0.37,0.7,1.09,-106.37899999999999,-43.9834,-142.99179999999998,175,75
2026-05-09 15:09:50.173,3,-0.39,0.75,0.96,-123.939,-55.7534,-153.96179999999998,175,75
2026-05-09 15:09:50.183,3,-0.39,0.65,0.94,-143.519,-59.653400000000005,-161.7018,175,75
2026-05-09 15:09:50.194,3,-0.4,0.52,0.97,-167.049,-72.8234,-171.77179999999998,175,75
2026-05-09 15:09:50.204,3,-0.44,0.46,0.98,-188.209,-76.6634,-179.6318,175,75
2026-05-09 15:09:50.216,3,-0.45,0.44,0.99,-205.349,-73.6234,-183.9018,175,75
2026-05-09 15:09:50.228,3,-0.46,0.41,0.98,-225.279,-67.0334,-183.1118,175,75
2026-05-09 15:09:50.239,3,-0.58,0.37,0.97,-246.019,-43.743399999999994,-184.02179999999998,175,75
2026-05-09 15:09:50.250,3,-0.66,0.26,1.06,-261.439,-17.4034,-184.3318,175,75
2026-05-09 15:09:50.263,3,-0.68,0.2,1.2,-269.85900000000004,7.9666000000000015,-181.8918,175,75
2026-05-09 15:09:50.281,3,-0.81,-0.04,1.5,-264.91900000000004,52.6566,-176.9518,175,75
2026-05-09 15:09:50.293,3,-0.82,-0.01,1.68,-248.57899999999998,68.81660000000001,-171.1618,175,75
2026-05-09 15:09:50.335,3,-0.85,0.35,2.41,-188.57899999999998,37.0466,-136.7018,175,75
2026-05-09 15:09:50.351,3,-0.41,0.71,2.06,-163.32899999999998,-63.5634,-88.3518,175,75
2026-05-09 15:09:50.362,3,-0.16,0.58,1.74,-143.879,-70.8734,-73.84179999999999,175,75
2026-05-09 15:09:50.390,3,-1.56,1.58,2.11,-86.31899999999999,-26.3034,-25.3018,175,75
2026-05-09 15:09:50.403,3,-4.8,2.56,2.87,-54.859,95.5866,159.9382,175,75
2026-05-09 15:09:50.413,3,-3.87,-0.02,5.13,251.731,155.9566,269.3282,175,75
2026-05-09 15:09:50.427,3,4.76,-9.98,2.99,397.95099999999996,-241.3634,-187.1318,175,75
2026-05-09 15:09:50.438,3,0.77,0.87,-0.2,-65.40899999999999,-165.87339999999998,127.3782,175,75
2026-05-09 15:09:50.479,3,-0.27,0.42,2.43,107.64099999999999,79.8566,102.9282,175,75
2026-05-09 15:09:50.490,3,-0.35,-0.17,2.22,74.59100000000001,10.466600000000001,109.0882,175,75
2026-05-09 15:09:50.515,3,-0.4,0.12,1.28,44.041,-126.3634,108.1682,175,75
2026-05-09 15:09:50.528,3,-1.01,0.5,0.37,74.721,12.416600000000003,57.9882,175,75
2026-05-09 15:09:50.539,3,-0.47,0.21,1.16,79.59100000000001,87.5966,40.4282,175,75
2026-05-09 15:09:50.551,3,-0.36,-0.08,1.92,73.68100000000001,57.2966,41.7082,175,75
2026-05-09 15:09:50.566,3,-0.43,-0.19,1.87,54.291,5.586600000000001,42.5582,175,75
2026-05-09 15:09:50.577,3,-0.6,-0.08,1.53,47.521,-1.9133999999999993,42.258199999999995,175,75
2026-05-09 15:09:50.585,3,-0.53,0.01,1.47,45.201,6.316600000000001,33.6582,175,75
2026-05-09 15:09:50.604,3,-0.41,0.26,1.49,34.650999999999996,-11.363399999999999,31.9482,175,75
2026-05-09 15:09:50.627,3,-0.63,0.22,1.59,2.3409999999999997,-12.763399999999997,11.7082,175,75
2026-05-09 15:09:50.642,3,-0.65,0.09,1.54,-7.2989999999999995,-16.603399999999997,3.2981999999999996,175,75
2026-05-09 15:09:50.652,3,-0.67,0.01,1.46,-12.719000000000001,-16.603399999999997,-8.1718,175,75
2026-05-09 15:09:50.663,3,-0.63,-0.09,1.43,-14.919,-23.563399999999998,-15.551800000000002,175,75
2026-05-09 15:09:50.676,3,-0.66,-0.22,1.32,-16.319,-21.7334,-22.921799999999998,175,75
2026-05-09 15:09:50.686,3,-0.65,-0.4,1.3,-19.069,-11.9134,-24.9418,175,75
2026-05-09 15:09:50.699,3,-0.44,-0.75,1.31,-21.499,-16.9734,-25.181800000000003,175,75
2026-05-09 15:09:50.723,3,-0.22,-1.02,1.24,-22.599,-41.4834,-15.3618,175,75
2026-05-09 15:09:50.747,3,0.01,-0.76,0.99,-21.199,-67.21340000000001,0.42820000000000036,175,75
2026-05-09 15:09:50.759,3,0.23,-0.52,0.86,-23.759,-61.4234,17.0782,175,75
2026-05-09 15:09:50.776,3,0.33,-0.34,0.9,-29.249000000000002,-73.3734,21.888199999999998,175,75
2026-05-09 15:09:50.787,3,0.3,0.04,0.87,-32.779,-81.1234,28.2282,175,75
2026-05-09 15:09:50.798,3,-0.18,0.69,1.19,-24.679,-58.1934,25.3682,175,75
2026-05-09 15:09:50.808,3,-0.79,1.34,1.57,-3.029,-22.463399999999996,16.0382,175,75
2026-05-09 15:09:50.819,3,-0.78,1.52,1.69,11.611,-9.353399999999997,22.8082,175,75
2026-05-09 15:09:50.856,3,0.4,0.98,0.8,-20.529,-33.133399999999995,6.4681999999999995,175,75
2026-05-09 15:09:50.866,3,0.36,1.05,0.34,-44.249,-23.493399999999998,-8.1118,175,75
2026-05-09 15:09:50.876,3,-0.19,1.38,0.39,-48.149,48.14660000000001,-14.2718,175,75
2026-05-09 15:09:50.887,3,0.24,1.05,0.56,-55.279,49.42660000000001,-38.4118,175,75
2026-05-09 15:09:50.898,3,0.32,1.02,0.46,-75.82900000000001,22.3566,-33.4118,175,75
2026-05-09 15:09:50.910,3,0.39,0.62,0.46,-103.519,13.816600000000001,-61.9518,175,75
2026-05-09 15:09:50.959,3,-5.62,3.5,3.7,-39.189,106.3166,125.3082,175,75
2026-05-09 15:09:50.973,3,-1.61,-0.15,3.79,123.86099999999999,130.6466,45.5482,175,75
2026-05-09 15:09:50.983,3,0.42,-1.53,3.57,190.39100000000002,31.506600000000002,-57.9218,175,75
2026-05-09 15:09:51.006,3,-1.14,-0.53,-1.77,-131.07899999999998,-297.8234,199.3882,175,75
2026-05-09 15:09:51.006,3,-3.18,-2.89,-2.66,-111.499,21.806600000000003,255.3082,175,75
2026-05-09 15:09:51.027,3,-1.54,-0.37,2.14,424.531,483.6366,-247.56179999999998,175,75
2026-05-09 15:09:51.074,3,-1.81,0.38,0.63,5.141,-89.1634,87.8082,175,75
2026-05-09 15:09:51.085,3,-0.7,0.59,1.52,24.231,44.1866,26.888199999999998,175,75
2026-05-09 15:09:51.097,3,0.26,0.47,2.09,0.14100000000000001,-33.43339999999999,41.038199999999996,175,75
2026-05-09 15:09:51.127,3,-1.09,-0.23,0.67,39.351,79.7966,10.3082,175,75
2026-05-09 15:09:51.138,3,-0.29,-0.25,1.49,52.031,99.0666,-2.5618,175,75
2026-05-09 15:09:51.163,3,-0.63,0.07,1.64,9.350999999999999,-19.963399999999996,47.1982,175,75
2026-05-09 15:09:51.177,3,-0.64,0.34,1.37,9.471,25.4066,13.8382,175,75
2026-05-09 15:09:51.189,3,-0.4,0.44,1.54,-5.709,-16.063399999999998,12.6182,175,75
2026-05-09 15:09:51.203,3,-0.48,0.35,1.5,-17.239,-20.8734,19.6982,175,75
2026-05-09 15:09:51.215,3,-0.5,0.28,1.42,-23.089,-31.9734,10.9782,175,75
2026-05-09 15:09:51.233,3,-0.65,0.33,1.28,-30.889000000000003,-26.063399999999998,13.598199999999999,175,75
2026-05-09 15:09:51.233,3,-0.63,0.2,1.31,-30.219,-17.1534,4.268199999999999,175,75
2026-05-09 15:09:51.275,3,-0.6,0.22,1.42,-38.389,-41.18339999999999,5.488199999999999,175,75
2026-05-09 15:09:51.298,3,-0.63,0.11,1.38,-43.149,-61.913399999999996,-7.251800000000001,175,75
2026-05-09 15:09:51.309,3,-0.71,0.13,1.31,-44.309,-75.7534,-13.591800000000001,175,75
2026-05-09 15:09:51.309,3,-0.79,0.11,1.34,-45.889,-68.6834,-19.4518,175,75
2026-05-09 15:09:51.320,3,-0.81,0.09,1.45,-44.679,-55.933400000000006,-31.0918,175,75
2026-05-09 15:09:51.338,3,-0.69,-0.02,1.48,-49.069,-60.32340000000001,-40.0018,175,75
2026-05-09 15:09:51.349,3,-0.68,-0.07,1.44,-57.239,-65.38340000000001,-41.5818,175,75
2026-05-09 15:09:51.363,3,-0.52,-0.49,1.45,-66.749,-76.85340000000001,-46.0918,175,75
2026-05-09 15:09:51.379,3,-0.41,-0.75,1.4,-76.689,-96.85340000000001,-40.6118,175,75
2026-05-09 15:09:51.400,3,-0.02,-0.77,1.33,-74.369,-126.3634,-24.391800000000003,175,75
2026-05-09 15:09:51.410,3,0.19,-0.7,1.07,-71.869,-140.99339999999998,-13.051800000000002,175,75
2026-05-09 15:09:51.427,3,0.23,-0.46,0.8,-58.579,-107.2734,-10.851799999999999,175,75
2026-05-09 15:09:51.439,3,0.35,-0.17,0.81,-46.139,-90.0834,1.5881999999999996,175,75
2026-05-09 15:09:51.453,3,0.1,0.05,0.5,-41.929,-77.5834,7.9882,175,75
2026-05-09 15:09:51.479,3,-0.17,0.78,0.77,1.9109999999999996,19.9766,-14.571800000000001,175,75
2026-05-09 15:09:51.486,3,-0.4,1.21,1.04,32.821,54.67660000000001,-5.2418,175,75
2026-05-09 15:09:51.513,3,0.31,0.69,0.78,38.681,47.6566,-26.891800000000003,175,75
2026-05-09 15:09:51.531,3,0.62,0.59,0.57,16.851,46.6866,-39.2018,175,75
2026-05-09 15:09:51.543,3,0.73,0.84,0.94,-32.419,30.2266,-64.8818,175,75
2026-05-09 15:09:51.575,3,0.88,0.66,0.44,-81.13900000000001,-62.3434,-77.31179999999999,175,75
2026-05-09 15:09:51.586,3,1.12,0.51,0.45,-111.019,-75.9334,-99.81179999999999,175,75
2026-05-09 15:09:51.586,3,0.43,0.98,1.12,-126.869,-56.85340000000001,-97.1318,175,75
2026-05-09 15:09:51.596,3,-3.66,3.07,3.22,-100.09899999999999,115.1566,62.868199999999995,175,75
2026-05-09 15:09:51.608,3,-2.48,1.46,3.28,-5.468999999999999,32.3566,93.10820000000001,175,75
2026-05-09 15:09:51.623,3,-3.44,1.58,3.61,145.751,101.9866,57.688199999999995,175,75
2026-05-09 15:09:51.634,3,0.18,-1.12,1.85,226.61100000000002,97.2366,28.0482,175,75
2026-05-09 15:09:51.644,3,1.3,-1.53,-0.19,37.521,-68.9834,22.438200000000002,175,75
2026-05-09 15:09:51.658,3,-1.7,-0.11,0.33,29.531,145.6466,26.828200000000002,175,75
2026-05-09 15:09:51.687,3,0.54,-0.82,1.24,-5.589,-11.793399999999998,56.4082,175,75
2026-05-09 15:09:51.710,3,0.35,-1.91,2.04,123.011,34.6766,47.078199999999995,175,75
2026-05-09 15:09:51.720,3,-0.11,0.18,1.83,107.761,55.706599999999995,94.57820000000001,175,75
2026-05-09 15:09:51.749,3,-1.55,0.92,1.03,82.89099999999999,82.53659999999999,75.1182,175,75
2026-05-09 15:09:51.771,3,-0.53,0.31,2.14,35.691,-22.213399999999996,35.9182,175,75
2026-05-09 15:09:51.780,3,-0.62,0.18,1.53,12.641,-73.1934,42.438199999999995,175,75
2026-05-09 15:09:51.793,3,-0.52,-0.14,1.28,16.611,-54.043400000000005,25.0582,175,75
2026-05-09 15:09:51.804,3,-0.22,-0.34,1.09,29.841,-40.873400000000004,39.9382,175,75
2026-05-09 15:09:51.812,3,-0.31,-0.53,1.09,52.151,-9.2334,51.648199999999996,175,75
2026-05-09 15:09:51.832,3,-0.18,-0.57,1.27,72.46100000000001,8.936600000000002,41.038199999999996,175,75
2026-05-09 15:09:51.832,3,-0.09,-0.28,1.64,76.001,3.516600000000002,58.0482,175,75
2026-05-09 15:09:51.845,3,0.01,-0.38,1.76,71.67099999999999,-26.7334,84.1482,175,75
2026-05-09 15:09:51.856,3,-0.03,-0.64,1.58,71.12100000000001,-46.913399999999996,97.49820000000001,175,75
2026-05-09 15:09:51.867,3,-0.09,-0.84,1.58,77.52099999999999,-40.32339999999999,105.60820000000001,175,75
2026-05-09 15:09:51.885,3,-0.03,-0.81,1.57,78.86099999999999,-81.24340000000001,117.1982,175,75
2026-05-09 15:09:51.897,3,-0.11,-0.9,1.53,79.781,-94.8434,111.15820000000001,175,75
2026-05-09 15:09:51.910,3,-0.05,-0.67,1.35,85.511,-97.5834,74.63820000000001,175,75
2026-05-09 15:09:51.923,3,-0.18,-0.09,1.24,94.531,-66.6634,74.4482,175,75
2026-05-09 15:09:51.932,3,-0.85,0.66,1.44,105.811,-10.203399999999998,60.368199999999995,175,75
2026-05-09 15:09:51.964,3,-0.73,0.79,1.53,135.14100000000002,63.9366,50.9182,175,75
2026-05-09 15:09:51.976,3,-0.59,0.63,1.51,132.031,73.1466,44.4482,175,75
2026-05-09 15:09:51.976,3,-0.41,0.53,1.39,109.411,65.8966,32.1982,175,75
2026-05-09 15:09:51.993,3,-0.29,0.66,1.1,90.201,55.7666,19.638199999999998,175,75
2026-05-09 15:09:52.005,3,-0.38,0.81,1.07,80.631,72.2966,15.0582,175,75
2026-05-09 15:09:52.015,3,-0.6,0.89,1.34,70.571,91.3166,23.1682,175,75
2026-05-09 15:09:52.026,3,-0.36,0.62,1.52,58.071,49.42660000000001,13.2282,175,75
2026-05-09 15:09:52.026,3,-0.26,0.56,1.49,38.861,-4.353399999999997,-1.8317999999999994,175,75
2026-05-09 15:09:52.048,3,-0.33,0.59,1.34,8.071,-26.9134,-2.7417999999999996,175,75
2026-05-09 15:09:52.058,3,-0.29,0.62,1.35,-14.678999999999998,-56.303399999999996,-24.631800000000005,175,75
2026-05-09 15:09:52.069,3,-0.23,0.76,1.23,-36.499,-76.85340000000001,-32.8018,175,75
2026-05-09 15:09:52.093,3,-0.41,0.74,1.15,-65.469,-80.5134,-54.5118,175,75
2026-05-09 15:09:52.093,3,-0.38,0.75,1.15,-77.10900000000001,-76.9134,-69.9418,175,75
2026-05-09 15:09:52.111,3,-0.27,0.73,1.16,-95.279,-80.2034,-85.4918,175,75
2026-05-09 15:09:52.170,3,-0.07,0.61,1.09,-142.909,-67.7034,-125.9118,175,75
2026-05-09 15:09:52.181,3,-0.12,0.46,1.07,-152.239,-35.023399999999995,-133.4718,175,75
2026-05-09 15:09:52.215,3,-0.12,0.37,1.02,-155.709,29.486600000000003,-165.8518,175,75
2026-05-09 15:09:52.228,3,-0.13,0.31,0.9,-157.10899999999998,60.8266,-173.3518,175,75
2026-05-09 15:09:52.238,3,0.06,0.34,0.78,-150.219,102.8466,-186.46179999999998,175,75
2026-05-09 15:09:52.250,3,0.15,0.27,0.86,-153.029,114.3066,-183.0518,175,75
2026-05-09 15:09:52.268,3,-3.44,1.86,3.58,-69.739,236.62660000000002,-3.1118000000000006,175,75
2026-05-09 15:09:52.305,3,2.86,-1.61,0.35,14.471,-263.98339999999996,-69.5718,175,75
2026-05-09 15:09:52.315,3,-2.02,0.99,-0.57,-127.179,-85.5134,171.1582,175,75
2026-05-09 15:09:52.326,3,-0.71,-1.41,0.44,1.6710000000000003,101.9866,79.26820000000001,175,75
2026-05-09 15:09:52.336,3,0.04,-2.38,1.8,70.021,63.5766,-37.6218,175,75
2026-05-09 15:09:52.349,3,0.9,-0.41,1.96,73.37100000000001,17.416600000000003,25.4882,175,75
2026-05-09 15:09:52.374,3,-0.69,0.53,1.27,66.061,70.8966,56.468199999999996,175,75
2026-05-09 15:09:52.396,3,-0.62,0.37,1.7,26.791,-51.663399999999996,69.5782,175,75
2026-05-09 15:09:52.407,3,-0.99,0.26,1.34,26.421,-33.68339999999999,58.7782,175,75
2026-05-09 15:09:52.433,3,-0.64,0.21,1.31,27.281,-18.743399999999998,20.9782,175,75
2026-05-09 15:09:52.445,3,-0.58,0.06,1.18,32.221000000000004,-12.403399999999998,16.4082,175,75
2026-05-09 15:09:52.464,3,-0.44,-0.18,1.24,38.921,4.186600000000002,20.7282,175,75
2026-05-09 15:09:52.474,3,-0.3,-0.29,1.37,46.121,6.986600000000001,22.318199999999997,175,75
2026-05-09 15:09:52.474,3,-0.14,-0.34,1.44,49.781,3.396600000000001,31.218200000000003,175,75
2026-05-09 15:09:52.485,3,-0.12,-0.35,1.48,52.521,-5.263399999999997,47.1382,175,75
2026-05-09 15:09:52.514,3,-0.09,-0.52,1.46,65.811,2.356600000000002,65.7282,175,75
2026-05-09 15:09:52.525,3,-0.0,-0.68,1.54,69.11099999999999,-0.14339999999999975,80.24820000000001,175,75
2026-05-09 15:09:52.525,3,-0.04,-0.92,1.59,71.61099999999999,-18.3734,96.15820000000001,175,75
2026-05-09 15:09:52.536,3,-0.06,-1.17,1.54,69.351,-28.8034,107.74820000000001,175,75
2026-05-09 15:09:52.547,3,-0.0,-1.34,1.48,67.461,-43.1934,110.4282,175,75
2026-05-09 15:09:52.556,3,0.08,-1.17,1.34,76.911,-69.96340000000001,99.38820000000001,175,75
2026-05-09 15:09:52.568,3,0.1,-0.75,1.29,82.46100000000001,-79.5934,88.35820000000001,175,75
2026-05-09 15:09:52.583,3,-0.08,-0.22,1.35,88.86099999999999,-85.2034,82.3182,175,75
2026-05-09 15:09:52.606,3,-1.08,0.65,1.58,107.64099999999999,-21.1234,79.4482,175,75
2026-05-09 15:09:52.630,3,-0.59,0.67,1.25,105.39099999999999,6.316600000000001,43.968199999999996,175,75
2026-05-09 15:09:52.644,3,-0.28,0.52,1.06,86.731,7.786600000000002,31.9482,175,75
2026-05-09 15:09:52.656,3,-0.02,0.49,0.55,54.471,7.596600000000002,-11.161800000000001,175,75
2026-05-09 15:09:52.672,3,-0.28,0.75,0.64,43.371,75.6466,-13.961800000000002,175,75
2026-05-09 15:09:52.684,3,-0.16,0.51,0.89,29.041,77.4766,-23.5918,175,75
2026-05-09 15:09:52.711,3,-0.16,0.5,0.87,-22.969,59.06660000000001,-72.9918,175,75
2026-05-09 15:09:52.721,3,-0.1,0.56,1.02,-42.299,43.0266,-88.53179999999999,175,75
2026-05-09 15:09:52.733,3,-0.12,0.68,1.05,-57.969,28.936600000000002,-93.59179999999999,175,75
2026-05-09 15:09:52.746,3,-0.2,0.66,1.07,-76.869,16.986600000000003,-103.84179999999999,175,75
2026-05-09 15:09:52.756,3,-0.23,0.63,1.05,-90.469,10.896600000000001,-118.17179999999999,175,75
2026-05-09 15:09:52.768,3,-0.25,0.62,1.07,-110.03899999999999,13.876600000000002,-135.4218,175,75
2026-05-09 15:09:52.784,3,-0.35,0.49,1.18,-142.909,11.076600000000003,-158.2318,175,75
2026-05-09 15:09:52.830,3,-0.31,0.26,1.32,-185.959,-2.5233999999999988,-174.3318,175,75
2026-05-09 15:09:52.846,3,-0.41,0.07,1.35,-206.869,-4.103399999999997,-164.4518,175,75
2026-05-09 15:09:52.859,3,-0.45,-0.01,1.43,-209.549,-4.2334,-162.8018,175,75
2026-05-09 15:09:52.866,3,-0.47,-0.05,1.56,-209.369,0.40660000000000096,-154.6918,175,75
2026-05-09 15:09:52.878,3,-0.54,-0.06,1.73,-206.569,-8.743399999999998,-145.7318,175,75
2026-05-09 15:09:52.913,3,-0.4,0.27,1.31,-156.749,-44.653400000000005,-105.67179999999999,175,75
2026-05-09 15:09:52.937,3,-0.21,0.41,1.23,-94.369,33.696600000000004,-87.92179999999999,175,75
2026-05-09 15:09:52.967,3,-1.38,1.78,1.78,-53.149,71.5066,-16.7718,175,75
2026-05-09 15:09:52.979,3,-2.07,0.95,3.94,132.641,152.41660000000002,11.828199999999999,175,75
2026-05-09 15:09:52.991,3,-1.97,0.23,4.23,194.531,136.2566,139.9982,175,75
2026-05-09 15:09:53.003,3,4.37,-5.83,1.27,101.36099999999999,-300.0834,-7.011800000000001,175,75
2026-05-09 15:09:53.031,3,-0.6,0.24,1.8,222.64100000000002,233.63660000000002,-23.111800000000002,175,75
2026-05-09 15:09:53.048,3,1.07,1.04,2.08,96.61099999999999,118.2666,85.0582,175,75
2026-05-09 15:09:53.069,3,-1.59,0.08,1.57,41.301,-45.7534,136.6482,175,75
2026-05-09 15:09:53.082,3,0.2,-0.11,1.72,34.591,-42.883399999999995,87.3182,175,75
2026-05-09 15:09:53.104,3,-0.84,0.14,0.77,35.451,-78.74340000000001,108.65820000000001,175,75
2026-05-09 15:09:53.127,3,-0.78,0.52,0.77,64.781,20.9566,66.3382,175,75
2026-05-09 15:09:53.143,3,-0.62,0.19,1.54,42.461,4.006600000000002,56.648199999999996,175,75
2026-05-09 15:09:53.164,3,-0.57,-0.09,1.49,23.071,-33.07339999999999,36.8282,175,75
2026-05-09 15:09:53.175,3,-0.51,0.15,1.34,21.481,-34.773399999999995,35.4282,175,75
2026-05-09 15:09:53.181,3,-0.53,0.29,1.31,16.731,-42.3434,35.3082,175,75
2026-05-09 15:09:53.191,3,-0.58,0.39,1.3,15.081,-32.6434,28.4782,175,75
2026-05-09 15:09:53.213,3,-0.49,0.42,1.42,9.591,-24.2334,21.8282,175,75
2026-05-09 15:09:53.254,3,-0.54,0.05,1.43,4.231,-38.013400000000004,-7.5618,175,75
2026-05-09 15:09:53.277,3,-0.59,0.12,1.29,6.241,-52.0934,-20.061799999999998,175,75
2026-05-09 15:09:53.302,3,-0.59,0.22,1.37,8.011,-40.383399999999995,-38.2318,175,75
2026-05-09 15:09:53.315,3,-0.54,0.1,1.46,5.8709999999999996,-41.303399999999996,-43.6618,175,75
2026-05-09 15:09:53.325,3,-0.52,-0.02,1.47,3.431,-50.0834,-50.1818,175,75
2026-05-09 15:09:53.335,3,-0.52,-0.23,1.42,1.7309999999999999,-48.9834,-56.7018,175,75
2026-05-09 15:09:53.346,3,-0.38,-0.43,1.4,1.851,-42.403400000000005,-61.771800000000006,175,75
2026-05-09 15:09:53.358,3,-0.37,-0.48,1.59,6.361,-25.813399999999998,-70.73179999999999,175,75
2026-05-09 15:09:53.358,3,-0.19,-0.53,1.62,7.641,-27.033399999999997,-77.4418,175,75
2026-05-09 15:09:53.379,3,-0.26,-0.35,1.64,5.8709999999999996,-19.7734,-79.5118,175,75
2026-05-09 15:09:53.439,3,0.76,-0.35,2.11,-33.389,-64.2334,-81.2218,175,75
2026-05-09 15:09:53.458,3,0.96,-0.15,1.96,-37.779,-73.9834,-74.9418,175,75
2026-05-09 15:09:53.485,3,0.96,0.24,1.75,-27.109,-72.46340000000001,-113.11179999999999,175,75
2026-05-09 15:09:53.496,3,0.4,0.42,1.2,-32.599,-81.4834,-119.0218,175,75
2026-05-09 15:09:53.507,3,-0.18,0.43,0.92,-25.889000000000003,-69.8434,-135.3618,175,75
2026-05-09 15:09:53.521,3,-0.75,0.47,0.56,3.251,23.696600000000004,-142.1318,175,75
2026-05-09 15:09:53.534,3,-0.64,0.49,0.44,55.451,125.9566,-166.1618,175,75
2026-05-09 15:09:53.545,3,-0.05,0.38,0.71,96.18100000000001,187.41660000000002,-185.3018,175,75
2026-05-09 15:09:53.558,3,-0.73,0.95,2.37,161.67100000000002,132.2966,-122.0718,175,75
2026-05-09 15:09:53.571,3,0.12,0.72,2.51,149.11100000000002,-16.363399999999995,-105.9118,175,75
2026-05-09 15:09:53.583,3,0.12,0.6,1.44,81.24100000000001,-150.08339999999998,-62.5618,175,75
2026-05-09 15:09:53.594,3,-0.35,0.68,0.85,76.24100000000001,-126.7334,-62.19180000000001,175,75
2026-05-09 15:09:53.623,3,0.37,0.25,1.22,66.181,-110.0234,-91.34179999999999,175,75
2026-05-09 15:09:53.623,3,0.43,-0.0,1.24,54.721,-136.30339999999998,-85.42179999999999,175,75
2026-05-09 15:09:53.667,3,-0.4,-0.1,0.18,48.861,-15.813399999999998,-98.4118,175,75
2026-05-09 15:09:53.668,3,-0.89,0.18,-0.34,52.891,21.1366,-91.34179999999999,175,75
2026-05-09 15:09:53.691,3,-1.23,0.64,0.86,198.621,320.95660000000004,-56.0918,175,75
2026-05-09 15:09:53.701,3,1.04,-0.24,1.08,137.091,231.8066,-98.3518,175,75
2026-05-09 15:09:53.726,3,-0.7,0.44,1.78,141.181,214.06660000000002,2.8682,175,75
2026-05-09 15:09:53.740,3,-0.43,0.18,2.58,148.371,130.3466,-10.3618,175,75
2026-05-09 15:09:53.751,3,-0.2,0.32,2.6,93.74100000000001,3.816600000000001,21.6482,175,75
2026-05-09 15:09:53.776,3,0.01,0.22,1.87,57.031,-74.5334,43.968199999999996,175,75
2026-05-09 15:09:53.794,3,0.01,0.11,1.68,51.851,-71.3034,53.2982,175,75
2026-05-09 15:09:53.797,3,0.01,0.05,1.42,48.681,-47.0334,41.218199999999996,175,75
2026-05-09 15:09:53.811,3,0.09,0.19,1.46,58.561,-4.843399999999999,27.1982,175,75
2026-05-09 15:09:53.811,3,0.28,0.35,1.78,60.931,10.286600000000002,19.4482,175,75
2026-05-09 15:09:53.834,3,0.38,0.51,2.11,48.131,2.116600000000002,22.3782,175,75
2026-05-09 15:09:53.844,3,0.34,0.51,2.3,46.241,0.8266000000000027,28.6582,175,75
2026-05-09 15:09:53.885,3,0.38,0.29,2.01,27.151,-12.763399999999997,14.328199999999999,175,75
2026-05-09 15:09:53.906,3,0.29,0.27,1.99,21.481,-13.313399999999998,10.668199999999999,175,75
2026-05-09 15:09:53.916,3,0.26,0.27,1.96,21.301000000000002,-7.2134,6.648199999999999,175,75
2026-05-09 15:09:53.927,3,0.28,0.29,1.93,19.291,-5.8734,4.8782,175,75
2026-05-09 15:09:53.943,3,0.16,0.31,1.63,13.741,-2.343399999999999,1.5881999999999996,175,75
2026-05-09 15:09:53.953,3,0.11,0.31,1.67,15.081,17.3566,-0.9117999999999995,175,75
2026-05-09 15:09:53.975,3,0.09,0.3,1.83,15.451,21.3166,2.3182,175,75
2026-05-09 15:09:53.993,3,0.05,0.27,1.81,14.721,17.236600000000003,2.0782,175,75
2026-05-09 15:09:54.005,3,0.07,0.31,1.75,12.091000000000001,14.486600000000001,4.2082,175,75
2026-05-09 15:09:54.005,3,0.03,0.34,1.72,9.041,11.506600000000002,7.808199999999999,175,75
2026-05-09 15:09:54.019,3,0.06,0.36,1.74,7.5809999999999995,3.0866000000000007,8.9682,175,75
2026-05-09 15:09:54.036,3,0.06,0.41,1.74,3.431,-2.8233999999999995,15.0582,175,75
2026-05-09 15:09:54.045,3,0.05,0.38,1.82,0.5709999999999997,-3.9833999999999996,20.1182,175,75
2026-05-09 15:09:54.056,3,0.0,0.37,1.85,-1.9890000000000008,-11.973399999999998,23.1682,175,75
2026-05-09 15:09:54.103,3,0.08,0.4,1.73,-17.969,-40.57339999999999,33.9682,175,75
2026-05-09 15:09:54.113,3,0.06,0.45,1.75,-16.139,-34.71339999999999,34.9382,175,75
2026-05-09 15:09:54.134,3,0.06,0.42,1.74,-17.239,-33.9234,35.9182,175,75
2026-05-09 15:09:54.142,3,0.06,0.42,1.69,-17.779,-29.6534,33.5982,175,75
2026-05-09 15:09:54.157,3,0.06,0.4,1.68,-17.359,-22.2734,32.0782,175,75
2026-05-09 15:09:54.189,3,0.09,0.37,1.62,-16.499,-7.153399999999998,22.688200000000002,175,75
2026-05-09 15:09:54.195,3,0.14,0.38,1.66,-14.739,-3.0733999999999995,20.0582,175,75
2026-05-09 15:09:54.210,3,0.11,0.36,1.65,-12.359000000000002,2.1766000000000023,18.9682,175,75
2026-05-09 15:09:54.223,3,0.18,0.34,1.72,-4.489000000000001,1.8666000000000018,11.5882,175,75
2026-05-09 15:09:54.225,3,0.26,0.36,1.83,-0.8890000000000002,1.566600000000001,9.6382,175,75
2026-05-09 15:09:54.256,3,0.25,0.34,1.78,-0.649,-4.413399999999999,8.908199999999999,175,75
2026-05-09 15:09:54.268,3,0.25,0.34,1.7,-3.7590000000000003,0.8266000000000027,5.488199999999999,175,75
2026-05-09 15:09:54.268,3,0.22,0.36,1.63,-4.308999999999999,12.536600000000002,0.9781999999999993,175,75
2026-05-09 15:09:54.284,3,0.17,0.39,1.55,-4.859,24.736600000000003,-0.6718000000000011,175,75
2026-05-09 15:09:54.296,3,0.06,0.41,1.55,1.6109999999999998,47.5366,-2.3118,175,75
2026-05-09 15:09:54.314,3,0.09,0.29,1.84,11.181000000000001,73.9366,-6.8918,175,75
2026-05-09 15:09:54.337,3,0.08,0.35,2.02,15.751,75.0966,-9.141800000000002,175,75
2026-05-09 15:09:54.337,3,0.13,0.36,2.15,13.431000000000001,63.0266,-4.081799999999999,175,75
2026-05-09 15:09:54.350,3,0.13,0.36,2.17,9.411,41.0166,1.0381999999999998,175,75
2026-05-09 15:09:54.364,3,0.13,0.35,2.14,3.311,25.1566,6.3382,175,75
2026-05-09 15:09:54.414,3,-0.04,0.3,1.95,-19.189,-11.853399999999997,60.7282,175,75
2026-05-09 15:09:54.435,3,-0.13,0.31,1.82,-26.499000000000002,-4.2334,82.3182,175,75
2026-05-09 15:09:54.445,3,-0.16,0.29,1.67,-37.299,4.006600000000002,95.79820000000001,175,75
2026-05-09 15:09:54.459,3,-0.08,0.26,1.61,-51.809,10.346600000000002,105.79820000000001,175,75
2026-05-09 15:09:54.484,3,-0.1,0.13,1.78,-94.85900000000001,-15.023399999999999,124.26820000000001,175,75
2026-05-09 15:09:54.518,3,-0.14,0.1,1.82,-138.63899999999998,-87.5834,138.8382,175,75
2026-05-09 15:09:54.518,3,-0.1,0.1,1.79,-147.41899999999998,-100.38340000000001,137.25820000000002,175,75
2026-05-09 15:09:54.530,3,-0.09,0.1,1.78,-156.499,-111.66340000000001,134.9982,175,75
2026-05-09 15:09:54.574,3,0.09,0.01,1.24,-156.19899999999998,-63.803399999999996,89.8782,175,75
2026-05-09 15:09:54.588,3,0.17,0.01,1.32,-148.38899999999998,-21.7334,71.5882,175,75
2026-05-09 15:09:54.598,3,0.3,-0.04,1.47,-141.689,-8.6234,53.718199999999996,175,75
2026-05-09 15:09:54.624,3,0.15,0.19,1.51,-133.57899999999998,-28.1934,30.1182,175,75
2026-05-09 15:09:54.634,3,0.09,0.25,1.39,-127.53899999999999,-9.653399999999998,21.2182,175,75
2026-05-09 15:09:54.644,3,0.18,0.29,1.34,-122.969,-4.653399999999998,10.668199999999999,175,75
2026-05-09 15:09:54.657,3,0.33,0.36,1.33,-119.799,-9.043399999999998,2.5581999999999994,175,75
2026-05-09 15:09:54.679,3,0.36,0.54,0.97,-116.19900000000001,-19.963399999999996,-0.36180000000000057,175,75
2026-05-09 15:09:54.691,3,0.44,0.59,0.79,-118.149,-21.603399999999997,0.8582000000000001,175,75
2026-05-09 15:09:54.704,3,-0.09,1.01,1.18,-106.749,19.8566,6.2181999999999995,175,75
2026-05-09 15:09:54.718,3,-0.0,0.46,2.54,-38.999,-25.2034,3.4181999999999997,175,75
2026-05-09 15:09:54.730,3,-0.92,1.05,2.23,-39.739,-83.49340000000001,74.7582,175,75
2026-05-09 15:09:54.771,3,1.01,0.19,1.42,-19.919,-78.3734,83.65820000000001,175,75
2026-05-09 15:09:54.781,3,0.12,0.06,1.46,8.371,-0.08339999999999748,49.2682,175,75
2026-05-09 15:09:54.808,3,0.01,-0.16,0.99,21.851,42.6566,75.54820000000001,175,75
2026-05-09 15:09:54.829,3,-0.36,-0.13,0.94,28.741,77.5966,77.43820000000001,175,75
2026-05-09 15:09:54.851,3,-0.72,0.05,1.22,30.751,67.7266,77.6182,175,75
2026-05-09 15:09:54.861,3,-0.47,0.06,1.51,28.431,54.5466,76.76820000000001,175,75
2026-05-09 15:09:54.864,3,-0.28,0.17,1.72,21.241,18.576600000000003,81.5282,175,75
2026-05-09 15:09:54.882,3,-0.16,0.16,1.69,15.871,-9.173399999999997,85.3082,175,75
2026-05-09 15:09:54.883,3,-0.03,0.01,1.42,9.111,-23.9834,92.0082,175,75
2026-05-09 15:09:54.900,3,-0.22,-0.04,1.36,13.801,-5.0833999999999975,89.2082,175,75
2026-05-09 15:09:54.935,3,-0.41,0.13,1.17,36.120999999999995,47.0466,56.648199999999996,175,75
2026-05-09 15:09:54.943,3,-0.61,0.4,1.4,37.031,62.17660000000001,49.4482,175,75
2026-05-09 15:09:54.953,3,-0.53,0.44,1.58,33.981,53.9366,44.6382,175,75
2026-05-09 15:09:54.967,3,-0.35,0.23,1.56,18.680999999999997,29.916600000000003,41.5282,175,75
2026-05-09 15:09:54.977,3,-0.3,0.05,1.41,16.541,19.2466,41.3382,175,75
2026-05-09 15:09:54.988,3,-0.38,-0.15,1.29,13.131,13.576600000000001,49.4482,175,75
2026-05-09 15:09:55.000,3,-0.53,-0.37,1.2,20.750999999999998,10.036600000000002,43.1682,175,75
2026-05-09 15:09:55.000,3,-0.38,-0.28,1.02,33.071,31.686600000000002,33.9682,175,75
2026-05-09 15:09:55.026,3,-0.41,0.27,1.44,51.911,56.31660000000001,33.9082,175,75
2026-05-09 15:09:55.036,3,-0.51,0.41,1.52,50.511,50.226600000000005,36.6482,175,75
2026-05-09 15:09:55.047,3,-0.38,0.36,1.46,42.521,36.9266,28.108199999999997,175,75
2026-05-09 15:09:55.060,3,-0.5,0.49,1.51,33.010999999999996,33.2066,34.2682,175,75
2026-05-09 15:09:55.074,3,-0.52,0.2,1.57,25.391,23.8166,26.2782,175,75
2026-05-09 15:09:55.100,3,-0.5,0.38,1.52,18.680999999999997,8.516600000000002,34.1482,175,75
2026-05-09 15:09:55.125,3,-0.38,0.28,1.45,11.791,8.456600000000002,30.4882,175,75
2026-05-09 15:09:55.145,3,-0.61,0.41,1.43,10.391,14.856600000000002,26.4082,175,75
2026-05-09 15:09:55.168,3,-0.49,0.23,1.52,3.371,4.246600000000001,16.6482,175,75
2026-05-09 15:09:55.187,3,-0.57,0.28,1.43,2.701,8.576600000000001,21.4082,175,75
2026-05-09 15:09:55.192,3,-0.53,0.2,1.45,4.351,11.316600000000001,15.668199999999999,175,75
2026-05-09 15:09:55.198,3,-0.45,0.23,1.41,4.961,5.526600000000002,15.7982,175,75
2026-05-09 15:09:55.211,3,-0.48,0.32,1.36,5.261,4.366600000000002,17.3782,175,75
2026-05-09 15:09:55.228,3,-0.59,0.4,1.37,7.521,11.626600000000002,12.8082,175,75
2026-05-09 15:09:55.237,3,-0.5,0.33,1.38,5.201,7.0466000000000015,6.5882,175,75
2026-05-09 15:09:55.249,3,-0.45,0.43,1.37,1.971,5.706600000000002,8.168199999999999,175,75
2026-05-09 15:09:55.257,3,-0.56,0.45,1.44,1.0010000000000003,12.726600000000001,9.8782,175,75
2026-05-09 15:09:55.269,3,-0.59,0.27,1.46,0.931,15.036600000000002,1.5282,175,75
2026-05-09 15:09:55.280,3,-0.52,0.26,1.4,1.3010000000000002,12.846600000000002,-0.8518000000000008,175,75
2026-05-09 15:09:55.291,3,-0.58,0.35,1.35,2.951,13.756600000000002,-2.011800000000001,175,75
2026-05-09 15:09:55.318,3,-0.61,0.32,1.43,3.501,18.3366,-5.4918,175,75
2026-05-09 15:09:55.318,3,-0.5,0.25,1.48,2.761,14.616600000000002,-8.7218,175,75
2026-05-09 15:09:55.330,3,-0.44,0.31,1.44,1.7309999999999999,5.706600000000002,-8.351799999999999,175,75
2026-05-09 15:09:55.341,3,-0.52,0.41,1.4,-0.2789999999999999,6.136600000000001,-4.3918,175,75
2026-05-09 15:09:55.365,3,-0.47,0.27,1.49,-3.519,7.0466000000000015,-15.3618,175,75
2026-05-09 15:09:55.390,3,-0.51,0.31,1.47,-6.079000000000001,2.7866000000000017,-9.0818,175,75
2026-05-09 15:09:55.390,3,-0.51,0.31,1.48,-7.109,6.506600000000002,-10.301800000000002,175,75
2026-05-09 15:09:55.431,3,-0.48,0.3,1.47,-15.349,3.6366000000000014,-6.4018,175,75
2026-05-09 15:09:55.444,3,-0.47,0.25,1.42,-17.969,-4.293399999999998,-4.1418,175,75
2026-05-09 15:09:55.444,3,-0.49,0.26,1.4,-18.999,-4.773399999999999,-3.9017999999999997,175,75
2026-05-09 15:09:55.452,3,-0.48,0.27,1.46,-21.689,-4.413399999999999,-0.24179999999999957,175,75
2026-05-09 15:09:55.461,3,-0.55,0.3,1.41,-26.808999999999997,-16.063399999999998,3.1681999999999997,175,75
2026-05-09 15:09:55.484,3,-0.65,0.28,1.31,-32.969,-23.563399999999998,6.5282,175,75
2026-05-09 15:09:55.496,3,-0.68,0.21,1.28,-51.689,-36.793400000000005,18.0482,175,75
2026-05-09 15:09:55.509,3,-0.69,0.17,1.2,-79.60900000000001,-53.2534,47.868199999999995,175,75
2026-05-09 15:09:55.520,3,-0.65,0.28,1.26,-99.189,-80.7534,66.2182,175,75
2026-05-09 15:09:55.523,3,-0.65,0.52,1.25,-115.09899999999999,-117.2134,83.5382,175,75
2026-05-09 15:09:55.535,3,-0.72,0.68,1.08,-137.909,-158.3134,102.68820000000001,175,75
2026-05-09 15:09:55.561,3,-0.49,0.54,1.31,-172.179,-200.3234,125.4282,175,75
2026-05-09 15:09:55.572,3,-0.38,0.42,1.44,-179.249,-220.4534,128.4782,175,75
2026-05-09 15:09:55.578,3,-0.27,0.33,1.51,-173.999,-213.74339999999998,122.3782,175,75
2026-05-09 15:09:55.592,3,-0.02,0.22,1.68,-152.599,-180.93339999999998,102.0082,175,75
2026-05-09 15:09:55.615,3,0.49,0.2,2.19,-80.219,-75.7534,45.2482,175,75
2026-05-09 15:09:55.626,3,0.49,0.26,2.41,-37.719,-15.8734,11.7682,175,75
2026-05-09 15:09:55.626,3,0.44,0.22,2.36,0.6310000000000002,33.4566,-4.691800000000001,175,75
2026-05-09 15:09:55.654,3,-1.11,0.24,0.41,22.341,47.6566,16.0382,175,75
2026-05-09 15:09:55.667,3,-1.85,0.29,0.09,15.811,88.9366,-38.8418,175,75
2026-05-09 15:09:55.697,3,0.06,0.75,2.74,-6.138999999999999,23.696600000000004,-21.461800000000004,175,75
2026-05-09 15:09:55.707,3,0.07,0.34,2.51,-41.019,-87.88340000000001,18.9082,175,75
2026-05-09 15:09:55.719,3,-0.59,0.07,1.13,-54.549,-104.71340000000001,18.9682,175,75
2026-05-09 15:09:55.730,3,-0.88,0.12,0.6,-45.649,-64.2934,11.0382,175,75
2026-05-09 15:09:55.774,3,-0.4,0.11,1.96,-48.879,-45.4534,4.8782,175,75
2026-05-09 15:09:55.799,3,-0.67,0.23,1.33,-46.629,-26.9134,-4.691800000000001,175,75
2026-05-09 15:09:55.818,3,-0.7,0.36,1.39,-47.719,-24.173399999999997,-10.911800000000001,175,75
2026-05-09 15:09:55.832,3,-0.63,0.28,1.54,-51.499,-24.5934,-17.0118,175,75
2026-05-09 15:09:55.857,3,-0.54,0.16,1.51,-60.708999999999996,-56.9734,-18.8418,175,75
2026-05-09 15:09:55.857,3,-0.7,0.19,1.48,-63.269,-64.4734,-23.291800000000002,175,75
2026-05-09 15:09:55.875,3,-0.7,0.16,1.4,-61.928999999999995,-56.3634,-33.531800000000004,175,75
2026-05-09 15:09:55.887,3,-0.68,0.21,1.31,-66.749,-57.523399999999995,-39.811800000000005,175,75
2026-05-09 15:09:55.898,3,-0.68,0.14,1.31,-71.13900000000001,-43.623400000000004,-40.1818,175,75
2026-05-09 15:09:55.902,3,-0.63,0.04,1.39,-75.88900000000001,-50.38340000000001,-43.4118,175,75
2026-05-09 15:09:55.914,3,-0.56,-0.03,1.42,-83.269,-58.9234,-43.1118,175,75
2026-05-09 15:09:55.934,3,-0.47,-0.16,1.49,-91.019,-62.7034,-38.1118,175,75
2026-05-09 15:09:55.964,3,-0.31,-0.27,1.39,-103.459,-116.91340000000001,-16.7718,175,75
2026-05-09 15:09:55.984,3,-0.43,0.0,1.04,-105.469,-119.59339999999999,-13.4718,175,75
2026-05-09 15:09:56.010,3,-0.36,0.49,0.98,-104.60900000000001,-120.3234,-0.30180000000000007,175,75
2026-05-09 15:09:56.025,3,-0.83,1.02,0.68,-101.809,-144.96339999999998,20.8582,175,75
2026-05-09 15:09:56.037,3,-0.82,1.15,0.73,-96.499,-127.8234,24.5782,175,75
2026-05-09 15:09:56.037,3,-0.61,1.18,1.0,-94.189,-128.62339999999998,35.9182,175,75
2026-05-09 15:09:56.048,3,-0.54,1.2,1.24,-95.219,-161.24339999999998,54.8782,175,75
2026-05-09 15:09:56.101,3,0.23,0.74,1.67,-39.249,-222.0334,87.2582,175,75
2026-05-09 15:09:56.115,3,0.48,0.58,0.71,-33.089,-172.7634,80.18820000000001,175,75
2026-05-09 15:09:56.126,3,0.85,0.18,-0.0,-29.369,-103.49340000000001,44.2082,175,75
2026-05-09 15:09:56.150,3,0.32,0.13,1.62,20.261,-1.7333999999999996,17.8682,175,75
2026-05-09 15:09:56.171,3,0.35,-0.1,0.91,18.191000000000003,-8.563399999999998,28.538199999999996,175,75
2026-05-09 15:09:56.171,3,-0.53,-0.29,0.7,10.021,28.1466,69.3282,175,75
2026-05-09 15:09:56.183,3,-0.8,-0.51,0.56,16.971,40.8266,40.7982,175,75
2026-05-09 15:09:56.195,3,-0.81,-0.16,0.71,23.801,70.7666,44.8782,175,75
2026-05-09 15:09:56.208,3,-0.75,-0.05,1.21,34.531,59.736599999999996,37.4982,175,75
2026-05-09 15:09:56.219,3,-0.39,-0.08,1.37,27.031,19.126600000000003,35.2482,175,75
2026-05-09 15:09:56.219,3,-0.36,-0.22,1.47,23.371,-2.2134,41.7682,175,75
2026-05-09 15:09:56.230,3,-0.28,-0.59,1.5,22.341,-24.103399999999997,38.5982,175,75
2026-05-09 15:09:56.244,3,-0.17,-0.6,1.51,36.301,-31.543400000000002,28.5982,175,75
2026-05-09 15:09:56.255,3,-0.42,-0.19,1.44,47.521,-27.883399999999998,32.4382,175,75
2026-05-09 15:09:56.270,3,-0.44,0.26,1.25,54.531,6.686600000000002,31.5882,175,75
2026-05-09 15:09:56.282,3,-0.53,0.4,1.41,51.241,31.256600000000002,36.9482,175,75
2026-05-09 15:09:56.304,3,-0.89,0.32,1.5,23.071,20.526600000000002,32.9282,175,75
2026-05-09 15:09:56.316,3,-0.73,0.35,1.68,16.000999999999998,11.9266,1.5881999999999996,175,75
2026-05-09 15:09:56.326,3,-0.58,0.51,1.77,6.541,-1.4833999999999996,1.5282,175,75
2026-05-09 15:09:56.339,3,-0.43,0.36,1.65,-5.218999999999999,-31.423399999999997,-1.2818000000000005,175,75
2026-05-09 15:09:56.339,3,-0.59,0.18,1.21,-16.689,-44.413399999999996,10.0582,175,75
2026-05-09 15:09:56.351,3,-0.68,-0.02,1.05,-15.889,2.4766000000000012,6.4681999999999995,175,75
2026-05-09 15:09:56.371,3,-0.38,0.14,1.52,-3.5790000000000006,36.0766,-12.3818,175,75
2026-05-09 15:09:56.382,3,-0.42,0.37,1.75,-4.609,9.736600000000003,-3.7818000000000005,175,75
2026-05-09 15:09:56.412,3,-0.48,0.17,1.32,-17.539,-8.3734,-7.1318,175,75
2026-05-09 15:09:56.412,3,-0.47,0.23,1.39,-19.489,-11.243399999999998,-6.1617999999999995,175,75
2026-05-09 15:09:56.435,3,-0.39,0.2,1.45,-27.179000000000002,-22.4034,-5.4918,175,75
2026-05-09 15:09:56.445,3,-0.62,0.24,1.5,-30.709000000000003,-21.7334,-5.9718,175,75
2026-05-09 15:09:56.456,3,-0.51,0.19,1.52,-34.189,-29.9034,-14.2718,175,75
2026-05-09 15:09:56.473,3,-0.59,0.18,1.54,-42.909,-39.413399999999996,-12.3818,175,75
2026-05-09 15:09:56.512,3,-0.7,0.09,1.37,-53.389,-48.683400000000006,-40.241800000000005,175,75
2026-05-09 15:09:56.523,3,-0.74,0.09,1.31,-53.939,-58.2534,-48.7218,175,75
2026-05-09 15:09:56.551,3,-0.78,0.01,1.07,-54.429,-56.85340000000001,-63.2918,175,75
2026-05-09 15:09:56.554,3,-0.7,-0.08,0.98,-56.809,-60.933400000000006,-61.771800000000006,175,75
2026-05-09 15:09:56.567,3,-0.78,-0.18,0.95,-61.568999999999996,-68.2534,-51.4018,175,75
2026-05-09 15:09:56.577,3,-0.6,-0.34,1.01,-61.318999999999996,-67.21340000000001,-49.3918,175,75
2026-05-09 15:09:56.593,3,-0.18,-0.53,1.37,-59.489,-71.7934,-50.3618,175,75
2026-05-09 15:09:56.604,3,0.05,-0.44,1.42,-58.75899999999999,-97.88340000000001,-43.531800000000004,175,75
2026-05-09 15:09:56.604,3,-0.03,-0.25,1.21,-53.999,-109.9034,-28.171800000000005,175,75
2026-05-09 15:09:56.615,3,-0.02,-0.16,1.1,-45.529,-77.0934,-29.3318,175,75
2026-05-09 15:09:56.627,3,0.11,-0.06,1.14,-42.779,-55.7534,-29.2018,175,75
2026-05-09 15:09:56.629,3,0.07,0.04,1.06,-43.819,-36.9734,-25.851800000000004,175,75
2026-05-09 15:09:56.644,3,0.08,0.05,1.02,-39.189,-0.7533999999999992,-35.1818,175,75
2026-05-09 15:09:56.654,3,0.14,0.31,1.08,-29.859,27.236600000000003,-42.8618,175,75
2026-05-09 15:09:56.665,3,0.14,0.73,1.26,-11.689,40.9566,-37.5018,175,75
2026-05-09 15:09:56.677,3,0.1,1.0,1.33,5.7509999999999994,42.1766,-20.9718,175,75
2026-05-09 15:09:56.709,3,0.07,1.02,1.02,42.281,74.4866,17.498199999999997,175,75
2026-05-09 15:09:56.727,3,0.6,0.49,0.24,39.471,108.5166,9.3882,175,75
2026-05-09 15:09:56.750,3,0.24,0.77,0.47,42.701,144.3666,-11.4018,175,75
2026-05-09 15:09:56.750,3,-1.31,1.68,0.99,38.010999999999996,218.75660000000002,38.538199999999996,175,75
2026-05-09 15:09:56.766,3,-1.24,1.3,1.94,58.071,223.2066,50.9182,175,75
2026-05-09 15:09:56.777,3,-1.09,1.38,3.41,122.34100000000001,163.87660000000002,1.1582,175,75
2026-05-09 15:09:56.788,3,0.77,0.58,2.42,72.821,4.736600000000001,45.4882,175,75
2026-05-09 15:09:56.789,3,0.59,0.25,1.45,-0.4089999999999998,-158.3134,106.5882,175,75
2026-05-09 15:09:56.800,3,-1.48,0.15,0.85,-26.319000000000003,-106.5434,99.7582,175,75
2026-05-09 15:09:56.818,3,-0.04,0.07,1.0,3.621,38.6366,30.9182,175,75
2026-05-09 15:09:56.847,3,0.24,-1.92,1.04,32.521,24.4266,4.638199999999999,175,75
2026-05-09 15:09:56.858,3,0.65,-2.31,1.56,56.481,16.6266,57.258199999999995,175,75
2026-05-09 15:09:56.873,3,0.04,-1.11,1.99,93.561,25.9566,70.54820000000001,175,75
2026-05-09 15:09:56.885,3,0.1,0.0,1.48,81.971,20.096600000000002,85.3682,175,75
2026-05-09 15:09:56.911,3,-1.04,0.67,1.21,70.021,16.3766,113.8382,175,75
2026-05-09 15:09:56.911,3,-1.4,0.5,1.17,71.541,27.846600000000002,67.1382,175,75
2026-05-09 15:09:56.922,3,-0.95,0.33,1.41,62.521,16.076600000000003,47.3182,175,75
2026-05-09 15:09:56.935,3,-1.02,0.16,1.57,48.311,-35.513400000000004,48.4782,175,75
2026-05-09 15:09:56.949,3,-0.97,0.2,1.71,36.361000000000004,-39.35339999999999,19.0282,175,75
2026-05-09 15:09:56.959,3,-0.38,0.2,1.52,20.081,-84.6534,13.9082,175,75
2026-05-09 15:09:56.959,3,-0.35,-0.05,1.12,22.031,-68.49340000000001,23.5382,175,75
2026-05-09 15:09:56.981,3,-0.09,-0.34,1.29,69.041,14.306600000000001,28.0482,175,75
2026-05-09 15:09:57.003,3,0.06,-0.42,1.38,80.08099999999999,-0.8734000000000002,54.8182,175,75
2026-05-09 15:09:57.012,3,0.03,-0.54,1.2,86.001,-9.4134,74.7582,175,75
2026-05-09 15:09:57.022,3,-0.09,-0.73,1.23,95.571,7.476600000000001,88.4782,175,75
2026-05-09 15:09:57.042,3,0.1,-0.97,1.4,103.62100000000001,1.6266000000000016,102.2582,175,75
2026-05-09 15:09:57.042,3,0.09,-1.03,1.51,105.261,-17.823399999999996,123.04820000000001,175,75
2026-05-09 15:09:57.059,3,0.07,-1.11,1.45,100.321,-52.9534,132.3182,175,75
2026-05-09 15:09:57.071,3,0.13,-1.13,1.45,95.571,-69.5934,137.6182,175,75
2026-05-09 15:09:57.085,3,0.05,-0.84,1.36,86.911,-95.99340000000001,128.1082,175,75
2026-05-09 15:09:57.097,3,-0.41,-0.34,1.28,87.821,-68.4334,135.1882,175,75
2026-05-09 15:09:57.110,3,-1.09,0.21,1.72,103.62100000000001,-21.3034,125.1182,175,75
2026-05-09 15:09:57.124,3,-1.1,0.41,1.95,119.17099999999999,-32.9534,122.3182,175,75
2026-05-09 15:09:57.134,3,-0.91,0.17,1.6,114.781,-39.903400000000005,121.88820000000001,175,75
2026-05-09 15:09:57.145,3,-0.65,-0.03,1.29,98.011,-39.5334,94.6982,175,75
2026-05-09 15:09:57.157,3,-0.17,0.11,0.87,77.281,-49.71340000000001,66.15820000000001,175,75
2026-05-09 15:09:57.177,3,-0.14,0.51,0.77,58.561,-11.063399999999998,54.758199999999995,175,75
2026-05-09 15:09:57.177,3,-0.29,0.51,0.93,42.221,44.6766,71.3382,175,75
2026-05-09 15:09:57.187,3,0.07,0.1,1.0,10.321,-21.183399999999995,35.4882,175,75
2026-05-09 15:09:57.209,3,-0.04,0.35,0.59,-19.369,-38.1934,10.668199999999999,175,75
2026-05-09 15:09:57.220,3,-0.07,0.42,0.63,-41.379,-0.023399999999998755,-8.411800000000001,175,75
2026-05-09 15:09:57.235,3,-0.06,0.69,0.89,-89.85900000000001,-19.533399999999997,-41.2218,175,75
2026-05-09 15:09:57.245,3,-0.17,0.69,0.88,-103.029,-11.183399999999999,-53.171800000000005,175,75
2026-05-09 15:09:57.256,3,-0.15,0.64,0.9,-116.19900000000001,-10.693399999999997,-75.9118,175,75
2026-05-09 15:09:57.272,3,-0.0,0.65,0.87,-141.439,-20.6934,-106.1618,175,75
2026-05-09 15:09:57.272,3,0.0,0.62,0.85,-163.57899999999998,-17.4034,-121.77179999999998,175,75
2026-05-09 15:09:57.290,3,-0.06,0.53,0.92,-184.129,-13.193399999999997,-143.8418,175,75
2026-05-09 15:09:57.307,3,-0.04,0.53,1.0,-199.97899999999998,-11.853399999999997,-162.9218,175,75
2026-05-09 15:09:57.319,3,-0.05,0.52,1.06,-213.32899999999998,-10.3234,-171.5818,175,75
2026-05-09 15:09:57.354,3,-0.32,0.23,1.08,-224.069,80.9566,-201.4018,175,75
2026-05-09 15:09:57.374,3,-0.43,0.25,1.08,-218.69899999999998,103.0266,-194.2018,175,75
2026-05-09 15:09:57.390,3,-0.02,0.25,1.38,-202.969,122.4166,-201.8918,175,75
2026-05-09 15:09:57.404,3,-0.19,0.33,1.6,-198.519,106.7466,-186.8318,175,75
2026-05-09 15:09:57.408,3,-3.63,1.46,2.4,-188.519,195.15660000000003,-95.2418,175,75
2026-05-09 15:09:57.420,3,-4.18,1.75,3.33,-138.149,171.0166,1.8281999999999998,175,75
2026-05-09 15:09:57.431,3,-4.47,1.27,4.81,66.36099999999999,199.3066,-50.421800000000005,175,75
2026-05-09 15:09:57.442,3,-5.94,2.99,6.53,166.731,162.47660000000002,111.21820000000001,175,75
2026-05-09 15:09:57.465,3,0.18,-0.37,5.67,150.931,-132.8234,14.2082,175,75
2026-05-09 15:09:57.465,3,4.17,-0.38,0.99,84.96100000000001,-361.79339999999996,30.5482,175,75
2026-05-09 15:09:57.476,3,-0.77,1.18,0.61,-58.818999999999996,-309.29339999999996,275.97819999999996,175,75
2026-05-09 15:09:57.487,3,-2.32,0.09,0.47,-7.239000000000001,-11.1234,138.2982,175,75
2026-05-09 15:09:57.492,3,-0.67,-0.65,-0.28,103.43100000000001,36.376599999999996,1.4082,175,75
2026-05-09 15:09:57.507,3,-0.14,-0.34,0.71,81.24100000000001,69.3666,59.508199999999995,175,75
2026-05-09 15:09:57.533,3,-0.57,-0.13,2.24,91.61099999999999,39.2466,54.3882,175,75
2026-05-09 15:09:57.548,3,-0.38,0.17,2.15,74.59100000000001,-24.8434,87.07820000000001,175,75
2026-05-09 15:09:57.560,3,-0.71,0.03,1.4,49.041,-75.38340000000001,82.3182,175,75
2026-05-09 15:09:57.563,3,-0.99,0.23,1.13,52.221,-33.8634,66.15820000000001,175,75
2026-05-09 15:09:57.583,3,-0.66,0.19,1.33,57.521,-3.7433999999999976,47.1382,175,75
2026-05-09 15:09:57.583,3,-0.62,0.02,1.45,54.531,-22.1534,49.3882,175,75
2026-05-09 15:09:57.605,3,-0.69,-0.26,1.34,60.261,-7.523399999999999,39.0882,175,75
2026-05-09 15:09:57.615,3,-0.48,-0.4,1.44,69.351,11.196600000000002,37.3782,175,75
2026-05-09 15:09:57.630,3,-0.38,-0.45,1.52,75.451,7.536600000000002,42.618199999999995,175,75
2026-05-09 15:09:57.657,3,-0.05,-0.88,1.3,81.18100000000001,-0.9333999999999989,71.15820000000001,175,75
2026-05-09 15:09:57.670,3,0.08,-1.26,1.22,86.67099999999999,-24.5934,102.0082,175,75
2026-05-09 15:09:57.686,3,0.18,-1.21,1.32,84.11099999999999,-38.743399999999994,107.49820000000001,175,75
2026-05-09 15:09:57.696,3,0.24,-1.09,1.61,83.37100000000001,-54.163399999999996,115.1182,175,75
2026-05-09 15:09:57.712,3,0.13,-0.68,1.81,98.43100000000001,-90.5734,98.90820000000001,175,75
2026-05-09 15:09:57.720,3,-0.34,-0.22,1.89,112.701,-79.1634,110.1182,175,75
2026-05-09 15:09:57.732,3,-0.46,-0.12,1.73,119.291,-70.99340000000001,106.82820000000001,175,75
2026-05-09 15:09:57.742,3,-0.45,0.14,1.31,118.37100000000001,-63.13340000000001,80.7282,175,75
2026-05-09 15:09:57.756,3,-0.64,0.76,1.14,110.39099999999999,-16.793400000000002,76.88820000000001,175,75
2026-05-09 15:09:57.756,3,-0.66,0.9,1.22,103.011,8.266600000000002,84.8782,175,75
2026-05-09 15:09:57.767,3,-0.49,0.63,1.16,89.411,-11.3034,73.65820000000001,175,75
2026-05-09 15:09:57.781,3,-0.27,0.39,0.92,70.321,-33.07339999999999,48.9082,175,75
2026-05-09 15:09:57.792,3,0.08,0.18,0.47,41.481,-31.363399999999995,14.6982,175,75
2026-05-09 15:09:57.804,3,-0.19,0.55,0.35,28.921,44.0666,-1.5218000000000007,175,75
2026-05-09 15:09:57.819,3,0.14,-0.02,0.67,-3.5790000000000006,23.576600000000003,-30.1218,175,75
2026-05-09 15:09:57.836,3,-0.04,0.15,0.39,-30.959000000000003,14.736600000000001,-52.381800000000005,175,75
2026-05-09 15:09:57.851,3,-0.15,0.33,0.79,-66.019,64.3666,-89.5118,175,75
2026-05-09 15:09:57.881,3,-0.22,0.42,1.05,-130.469,0.40660000000000096,-131.2218,175,75
2026-05-09 15:09:57.900,3,-0.21,0.34,1.04,-148.32899999999998,-8.563399999999998,-145.9118,175,75
2026-05-09 15:09:57.911,3,-0.19,0.26,1.1,-175.279,-27.3434,-165.6718,175,75
2026-05-09 15:09:57.924,3,-0.26,0.19,1.15,-211.929,-52.273399999999995,-182.3118,175,75
2026-05-09 15:09:57.948,3,-0.42,0.14,1.1,-249.429,-62.82340000000001,-183.9018,175,75
2026-05-09 15:09:57.961,3,-0.44,0.03,1.07,-257.969,-48.2534,-183.7818,175,75
2026-05-09 15:09:57.961,3,-0.46,-0.15,1.09,-262.47900000000004,-24.6534,-186.2818,175,75
2026-05-09 15:09:57.985,3,-0.59,-0.36,1.21,-268.759,13.756600000000002,-179.5718,175,75
2026-05-09 15:09:57.995,3,-0.79,-0.31,1.34,-267.53900000000004,20.646600000000003,-172.5018,175,75
2026-05-09 15:09:58.003,3,-0.8,-0.22,1.49,-254.919,40.9566,-184.1418,175,75
2026-05-09 15:09:58.007,3,-0.81,-0.0,1.74,-232.969,76.92660000000001,-168.1718,175,75
2026-05-09 15:09:58.019,3,-0.7,0.05,1.99,-218.32899999999998,78.4566,-147.68179999999998,175,75
2026-05-09 15:09:58.030,3,-0.5,0.1,2.04,-192.299,43.5166,-135.6118,175,75
2026-05-09 15:09:58.055,3,-0.39,0.45,2.01,-164.549,11.7466,-98.11179999999999,175,75
2026-05-09 15:09:58.058,3,-0.43,0.53,2.01,-153.029,-21.3034,-82.56179999999999,175,75
2026-05-09 15:09:58.068,3,-0.23,0.55,1.94,-137.969,-23.313399999999998,-88.11179999999999,175,75
2026-05-09 15:09:58.081,3,0.07,0.6,1.93,-125.709,-25.633399999999998,-88.23179999999999,175,75
2026-05-09 15:09:58.095,3,-0.32,1.13,1.8,-103.149,-34.5334,-51.7018,175,75
2026-05-09 15:09:58.106,3,-2.51,1.91,2.04,-89.249,12.3566,34.8182,175,75
2026-05-09 15:09:58.116,3,-4.69,2.8,2.83,-11.379000000000001,91.1966,132.5582,175,75
2026-05-09 15:09:58.138,3,1.17,-5.26,2.83,335.751,52.476600000000005,2.8081999999999994,175,75
2026-05-09 15:09:58.159,3,-0.81,2.81,0.98,200.02100000000002,202.2366,130.1882,175,75
2026-05-09 15:09:58.172,3,0.3,0.73,1.85,238.071,168.4566,107.0082,175,75
2026-05-09 15:09:58.183,3,-0.29,0.66,1.61,100.811,-18.0134,159.3882,175,75
2026-05-09 15:09:58.195,3,-0.85,0.47,1.51,96.541,85.5266,102.43820000000001,175,75
2026-05-09 15:09:58.204,3,-0.04,0.21,2.91,66.851,60.7666,105.9182,175,75
2026-05-09 15:09:58.215,3,0.01,-0.12,1.92,14.651,-170.7534,139.75820000000002,175,75
2026-05-09 15:09:58.227,3,-0.92,0.06,0.82,4.411,-144.5334,141.5282,175,75
2026-05-09 15:09:58.243,3,-0.96,0.23,0.5,46.181,-31.3034,92.13820000000001,175,75
2026-05-09 15:09:58.254,3,-0.62,0.44,0.72,57.581,13.3366,66.40820000000001,175,75
2026-05-09 15:09:58.265,3,-0.78,0.67,1.21,52.521,34.8566,63.6582,175,75
2026-05-09 15:09:58.274,3,-0.71,0.19,1.7,43.981,31.686600000000002,43.0482,175,75
2026-05-09 15:09:58.293,3,-0.47,-0.16,1.53,24.651,-23.1934,35.1882,175,75
2026-05-09 15:09:58.303,3,-0.77,-0.28,1.28,24.231,-18.493399999999998,32.6182,175,75
2026-05-09 15:09:58.310,3,-0.63,-0.02,1.32,35.081,-3.6234,8.8382,175,75
2026-05-09 15:09:58.325,3,-0.45,0.15,1.4,31.121,-9.103399999999997,10.488199999999999,175,75
2026-05-09 15:09:58.335,3,-0.51,0.13,1.4,25.571,-17.0934,6.2782,175,75
2026-05-09 15:09:58.346,3,-0.74,0.25,1.37,18.011,-9.4134,-3.5318000000000005,175,75
2026-05-09 15:09:58.360,3,-0.71,0.23,1.38,11.421,-8.013399999999997,-14.0818,175,75
2026-05-09 15:09:58.373,3,-0.63,0.15,1.37,1.181,-13.743399999999998,-19.391800000000003,175,75
2026-05-09 15:09:58.383,3,-0.67,-0.03,1.4,-7.0489999999999995,-22.0934,-23.6618,175,75
2026-05-09 15:09:58.384,3,-0.6,-0.2,1.33,-12.539000000000001,-32.403400000000005,-30.791800000000002,175,75
2026-05-09 15:09:58.395,3,-0.55,-0.38,1.29,-16.869,-34.413399999999996,-30.3018,175,75
2026-05-09 15:09:58.413,3,-0.43,-0.79,1.39,-18.879,-25.5134,-28.6618,175,75
2026-05-09 15:09:58.424,3,-0.28,-0.86,1.36,-21.439,-40.32339999999999,-25.851800000000004,175,75
2026-05-09 15:09:58.435,3,-0.18,-0.84,1.21,-23.759,-60.263400000000004,-19.5118,175,75
2026-05-09 15:09:58.453,3,-0.01,-0.74,0.95,-24.309,-77.8234,-13.411800000000001,175,75
2026-05-09 15:09:58.465,3,0.17,-0.56,0.85,-32.179,-85.1434,-3.171800000000001,175,75
2026-05-09 15:09:58.472,3,0.21,-0.06,0.89,-45.769,-82.7634,11.7082,175,75
2026-05-09 15:09:58.484,3,0.18,0.33,1.05,-45.829,-79.2334,9.9982,175,75
2026-05-09 15:09:58.496,3,0.05,0.7,1.33,-34.309,-46.543400000000005,10.8582,175,75
2026-05-09 15:09:58.506,3,-0.17,0.98,1.48,-22.599,-38.1934,9.578199999999999,175,75
2026-05-09 15:09:58.518,3,-0.46,1.23,1.52,-10.768999999999998,-29.4734,13.4782,175,75
2026-05-09 15:09:58.524,3,-0.41,1.2,1.41,-7.599,-19.293400000000002,15.6082,175,75
2026-05-09 15:09:58.540,3,-0.04,0.99,0.93,-20.099,-13.133399999999998,6.1582,175,75
2026-05-09 15:09:58.576,3,0.34,1.05,1.01,-55.709,48.0266,-50.9118,175,75
2026-05-09 15:09:58.587,3,0.75,0.81,0.86,-70.529,-32.0934,-55.4218,175,75
2026-05-09 15:09:58.599,3,0.64,0.73,0.4,-91.62899999999999,-85.8134,-50.7918,175,75
2026-05-09 15:09:58.609,3,0.34,0.63,0.72,-88.63900000000001,-9.473399999999998,-77.1918,175,75
2026-05-09 15:09:58.634,3,-4.57,2.9,3.55,41.971,98.2066,102.9882,175,75
2026-05-09 15:09:58.641,3,-0.18,-0.98,3.18,171.241,86.3766,35.1182,175,75
2026-05-09 15:09:58.660,3,2.14,-1.24,1.25,134.411,-23.743399999999998,-42.991800000000005,175,75
2026-05-09 15:09:58.672,3,0.65,0.63,-0.19,0.32099999999999973,-137.7034,71.2182,175,75
2026-05-09 15:09:58.673,3,-1.82,0.49,-0.37,38.010999999999996,65.7666,67.4382,175,75
2026-05-09 15:09:58.693,3,-1.56,-0.46,-0.26,65.571,162.53660000000002,28.8382,175,75
2026-05-09 15:09:58.705,3,-1.16,-0.51,0.1,29.411,84.5466,48.2282,175,75
2026-05-09 15:09:58.715,3,-0.4,-1.65,1.6,75.631,113.5766,14.3882,175,75
2026-05-09 15:09:58.781,3,-1.08,1.02,0.88,60.691,59.06660000000001,54.2682,175,75
2026-05-09 15:09:58.792,3,-0.13,0.32,1.68,42.761,29.736600000000003,50.188199999999995,175,75
2026-05-09 15:09:58.813,3,-0.98,0.49,1.54,10.631,-5.023399999999999,16.9482,175,75
2026-05-09 15:09:58.820,3,-0.49,0.47,1.41,0.6909999999999998,-20.993399999999998,10.668199999999999,175,75
2026-05-09 15:09:58.835,3,-0.43,0.07,1.23,-6.808999999999999,-31.793400000000002,18.7782,175,75
2026-05-09 15:09:58.839,3,-0.39,-0.16,1.5,-0.1589999999999998,-6.853399999999997,9.2682,175,75
2026-05-09 15:09:58.860,3,-0.42,-0.05,1.57,0.7510000000000003,-13.743399999999998,15.7982,175,75
2026-05-09 15:09:58.869,3,-0.61,0.22,1.43,-3.149000000000001,-5.933399999999999,11.0982,175,75
2026-05-09 15:09:58.884,3,-0.42,0.24,1.45,-7.239000000000001,7.416600000000001,6.888199999999999,175,75
2026-05-09 15:09:58.895,3,-0.53,0.24,1.61,-22.179,-5.693399999999997,4.6982,175,75
2026-05-09 15:09:58.912,3,-0.53,0.16,1.46,-36.689,-29.5934,0.8582000000000001,175,75
2026-05-09 15:09:58.920,3,-0.47,0.17,1.37,-38.939,-37.82339999999999,-1.9518000000000004,175,75
2026-05-09 15:09:58.933,3,-0.57,0.24,1.43,-41.869,-44.2334,-4.1418,175,75
2026-05-09 15:09:58.946,3,-0.7,0.19,1.39,-44.549,-55.6934,-12.9218,175,75
2026-05-09 15:09:58.958,3,-0.7,0.12,1.29,-47.049,-47.273399999999995,-19.9418,175,75
2026-05-09 15:09:58.974,3,-0.89,0.12,1.39,-48.819,-39.1734,-25.611800000000002,175,75
2026-05-09 15:09:58.987,3,-0.76,-0.01,1.37,-48.699,-51.913399999999996,-42.6818,175,75
2026-05-09 15:09:58.998,3,-0.92,-0.01,1.17,-55.589,-61.7334,-44.7518,175,75
2026-05-09 15:09:59.010,3,-1.07,-0.05,1.09,-58.389,-60.63340000000001,-49.3918,175,75
2026-05-09 15:09:59.021,3,-0.85,-0.26,1.16,-64.189,-59.96340000000001,-53.531800000000004,175,75
2026-05-09 15:09:59.021,3,-0.66,-0.39,1.17,-74.369,-87.21340000000001,-48.8418,175,75
2026-05-09 15:09:59.036,3,-0.44,-0.68,1.27,-80.09899999999999,-96.1234,-48.781800000000004,175,75
2026-05-09 15:09:59.043,3,-0.04,-0.84,1.39,-78.209,-108.6234,-53.351800000000004,175,75
2026-05-09 15:09:59.056,3,0.01,-0.68,1.24,-83.69900000000001,-140.02339999999998,-32.991800000000005,175,75
2026-05-09 15:09:59.085,3,0.01,-0.7,0.87,-75.82900000000001,-119.7134,-25.001800000000003,175,75
2026-05-09 15:09:59.095,3,0.04,-0.47,0.68,-64.429,-78.3134,-27.381800000000005,175,75
2026-05-09 15:09:59.109,3,0.23,-0.23,0.84,-57.909,-59.71340000000001,-33.351800000000004,175,75
2026-05-09 15:09:59.119,3,0.2,-0.04,0.8,-54.489,-56.24340000000001,-28.291800000000002,175,75
2026-05-09 15:09:59.119,3,0.11,0.17,0.6,-49.679,-22.3434,-26.3418,175,75
2026-05-09 15:09:59.129,3,0.14,0.73,0.95,-19.429,28.2066,-33.5918,175,75
2026-05-09 15:09:59.139,3,-0.04,1.11,1.2,0.2610000000000001,33.756600000000006,-10.4218,175,75
2026-05-09 15:09:59.167,3,-0.16,0.89,1.11,13.071,51.8066,18.4182,175,75
2026-05-09 15:09:59.184,3,0.69,0.56,0.76,5.201,61.196600000000004,-16.7018,175,75
2026-05-09 15:09:59.209,3,0.73,0.8,0.46,-14.678999999999998,98.9366,-65.2418,175,75
2026-05-09 15:09:59.225,3,0.75,0.91,0.5,-27.719,108.5766,-75.7918,175,75
2026-05-09 15:09:59.237,3,-0.28,1.62,1.62,3.8609999999999998,192.2966,-44.3318,175,75
2026-05-09 15:09:59.248,3,-1.26,2.1,2.99,39.111,180.09660000000002,7.1982,175,75
2026-05-09 15:09:59.260,3,-3.09,2.28,4.25,125.751,159.7966,125.9782,175,75
2026-05-09 15:09:59.264,3,-1.0,0.24,3.78,179.351,59.616600000000005,58.968199999999996,175,75
2026-05-09 15:09:59.290,3,1.28,-1.11,1.92,159.961,-55.7534,-24.0218,175,75
2026-05-09 15:09:59.315,3,-0.46,0.08,0.18,27.641,115.0966,29.938200000000002,175,75
2026-05-09 15:09:59.329,3,-1.19,0.08,0.73,1.3010000000000002,86.9866,73.04820000000001,175,75
2026-05-09 15:09:59.340,3,-0.8,-0.14,1.21,42.641,111.4366,15.488199999999999,175,75
2026-05-09 15:09:59.355,3,-0.05,-0.46,2.23,42.891,86.8066,15.7282,175,75
2026-05-09 15:09:59.366,3,0.25,-1.02,2.31,15.931,-5.4533999999999985,17.1982,175,75
2026-05-09 15:09:59.366,3,0.34,-1.45,1.69,19.471,-53.9234,27.9882,175,75
2026-05-09 15:09:59.377,3,0.23,-2.14,1.42,33.861000000000004,-27.883399999999998,64.1482,175,75
2026-05-09 15:09:59.388,3,0.36,-1.4,1.09,75.08099999999999,1.8066000000000013,52.1382,175,75
2026-05-09 15:09:59.412,3,-0.16,-0.13,1.01,85.811,27.116600000000002,87.43820000000001,175,75
2026-05-09 15:09:59.422,3,-0.64,0.22,1.0,101.42099999999999,20.4666,78.10820000000001,175,75
2026-05-09 15:09:59.450,3,-1.06,0.06,1.43,88.68100000000001,-16.363399999999995,69.3282,175,75
2026-05-09 15:09:59.450,3,-0.8,0.28,1.51,89.11099999999999,-3.6234,47.008199999999995,175,75
2026-05-09 15:09:59.461,3,-0.49,0.46,1.92,61.851,-32.403400000000005,54.3882,175,75
2026-05-09 15:09:59.475,3,-0.38,0.32,1.85,44.841,-62.88340000000001,47.8082,175,75
2026-05-09 15:09:59.499,3,-0.41,-0.34,1.08,45.201,-38.493399999999994,47.008199999999995,175,75
2026-05-09 15:09:59.510,3,-0.28,-0.79,1.11,58.011,-10.203399999999998,55.4882,175,75
2026-05-09 15:09:59.518,3,-0.36,-0.95,1.38,67.761,-3.8633999999999986,57.8082,175,75
2026-05-09 15:09:59.545,3,0.01,-0.83,1.55,67.701,-41.793400000000005,74.63820000000001,175,75
2026-05-09 15:09:59.548,3,-0.08,-0.72,1.37,66.791,-63.2534,91.82820000000001,175,75
2026-05-09 15:09:59.570,3,-0.14,-0.35,1.19,74.84100000000001,-68.3134,75.85820000000001,175,75
2026-05-09 15:09:59.585,3,-0.37,0.01,1.29,84.721,-47.763400000000004,68.9682,175,75
2026-05-09 15:09:59.591,3,-0.71,0.38,1.44,90.811,-27.3434,65.6082,175,75
2026-05-09 15:09:59.606,3,-1.03,0.88,1.68,102.701,10.466600000000001,71.5282,175,75
2026-05-09 15:09:59.616,3,-0.85,0.89,1.63,101.791,7.726600000000001,67.3182,175,75
2026-05-09 15:09:59.626,3,-0.76,0.91,1.42,94.291,10.896600000000001,60.3082,175,75
2026-05-09 15:09:59.645,3,-0.24,0.54,1.31,49.411,4.616600000000002,26.9482,175,75
2026-05-09 15:09:59.656,3,-0.09,0.65,1.03,25.321,-8.313399999999998,15.918199999999999,175,75
2026-05-09 15:09:59.663,3,-0.41,0.83,1.09,16.301000000000002,29.126600000000003,16.4682,175,75
2026-05-09 15:09:59.682,3,-0.18,0.54,1.18,4.411,9.916600000000003,2.8081999999999994,175,75
2026-05-09 15:09:59.694,3,-0.16,0.56,0.95,-12.969000000000001,-7.093399999999999,-9.391800000000002,175,75
2026-05-09 15:09:59.705,3,-0.16,0.49,1.16,-39.799,17.236600000000003,-30.061800000000005,175,75
2026-05-09 15:09:59.720,3,-0.12,0.63,1.22,-56.629,-5.0833999999999975,-36.031800000000004,175,75
2026-05-09 15:09:59.749,3,-0.32,0.51,1.08,-91.07900000000001,-4.173399999999997,-63.72180000000001,175,75
2026-05-09 15:09:59.761,3,-0.28,0.49,1.19,-101.62899999999999,-2.5233999999999988,-75.9718,175,75
2026-05-09 15:09:59.773,3,-0.3,0.45,1.26,-115.589,-14.353399999999997,-90.00179999999999,175,75
2026-05-09 15:09:59.787,3,-0.29,0.4,1.23,-126.56899999999999,-22.213399999999996,-103.2918,175,75
2026-05-09 15:09:59.797,3,-0.26,0.37,1.23,-133.759,-26.793400000000002,-113.78179999999999,175,75
2026-05-09 15:09:59.808,3,-0.22,0.37,1.23,-141.989,-32.5834,-122.68179999999998,175,75
2026-05-09 15:09:59.824,3,-0.24,0.35,1.22,-154.739,-35.383399999999995,-130.8518,175,75
2026-05-09 15:09:59.836,3,-0.22,0.28,1.21,-159.429,-30.933399999999995,-138.1718,175,75
2026-05-09 15:09:59.853,3,-0.25,0.23,1.17,-161.569,-3.7433999999999976,-139.1418,175,75
2026-05-09 15:09:59.865,3,-0.28,0.2,1.15,-158.089,12.046600000000002,-140.6718,175,75
2026-05-09 15:09:59.876,3,-0.27,0.22,1.11,-151.989,28.936600000000002,-139.8118,175,75
2026-05-09 15:09:59.895,3,-0.03,0.29,1.18,-137.10899999999998,59.06660000000001,-137.3818,175,75
2026-05-09 15:09:59.927,3,-3.11,1.98,2.1,-128.089,137.7866,-26.3418,175,75
2026-05-09 15:09:59.936,3,-2.96,2.01,3.05,-48.089,128.5766,42.9882,175,75
2026-05-09 15:09:59.951,3,-2.4,1.53,4.04,111.731,177.2966,-23.0518,175,75
2026-05-09 15:09:59.962,3,-2.06,0.98,4.03,91.24100000000001,38.756600000000006,165.6682,175,75
2026-05-09 15:09:59.974,3,2.08,-1.0,0.75,101.36099999999999,-154.96339999999998,-33.781800000000004,175,75
2026-05-09 15:09:59.986,3,-0.58,0.49,-0.01,-22.299,-78.4334,140.3682,175,75
2026-05-09 15:09:59.997,3,-0.92,-0.95,0.52,41.181,74.7966,44.2682,175,75
2026-05-09 15:10:00.007,3,0.26,-2.32,1.52,54.231,58.81660000000001,33.1682,175,75
2026-05-09 15:10:00.033,3,0.26,-0.48,2.21,107.34100000000001,44.2466,51.4082,175,75
2026-05-09 15:10:00.039,3,0.12,0.16,1.78,73.43100000000001,9.126600000000002,76.76820000000001,175,75
2026-05-09 15:10:00.053,3,-0.77,0.55,1.57,62.221,17.3566,95.85820000000001,175,75
2026-05-09 15:10:00.053,3,-0.59,0.46,1.44,48.681,-0.32339999999999947,71.76820000000001,175,75
2026-05-09 15:10:00.063,3,-0.68,0.42,1.39,30.631,-31.063399999999998,75.9782,175,75
2026-05-09 15:10:00.073,3,-1.12,0.39,1.44,23.191,-37.153400000000005,63.7782,175,75
2026-05-09 15:10:00.085,3,-0.87,0.34,1.19,22.581,-45.263400000000004,31.038199999999996,175,75
2026-05-09 15:10:00.107,3,-0.78,0.31,1.06,23.921,-22.463399999999996,19.208199999999998,175,75
2026-05-09 15:10:00.118,3,-0.65,0.0,1.26,28.071,-6.363399999999999,4.8782,175,75
2026-05-09 15:10:00.118,3,-0.49,-0.08,1.31,29.901,-7.6434,1.5282,175,75
2026-05-09 15:10:00.129,3,-0.49,-0.13,1.36,33.921,1.436600000000002,7.808199999999999,175,75
2026-05-09 15:10:00.153,3,-0.37,-0.19,1.41,35.201,-2.1533999999999978,11.4082,175,75
2026-05-09 15:10:00.182,3,-0.18,-0.58,1.42,41.541,-17.033399999999997,52.7482,175,75
2026-05-09 15:10:00.229,3,0.04,-0.96,1.25,63.981,-55.32340000000001,106.7082,175,75
2026-05-09 15:10:00.243,3,0.05,-0.63,1.12,68.741,-71.9734,99.93820000000001,175,75
2026-05-09 15:10:00.256,3,-0.02,-0.32,1.14,66.971,-72.5834,96.5282,175,75
2026-05-09 15:10:00.266,3,-0.49,0.3,1.43,66.851,-63.013400000000004,84.99820000000001,175,75
2026-05-09 15:10:00.277,3,-0.79,0.78,1.68,72.281,-51.543400000000005,87.49820000000001,175,75
2026-05-09 15:10:00.293,3,-0.86,0.96,1.77,77.221,-47.21340000000001,92.6182,175,75
2026-05-09 15:10:00.306,3,-0.79,0.85,1.37,72.09100000000001,-54.96340000000001,81.5882,175,75
2026-05-09 15:10:00.311,3,-0.41,0.56,0.98,63.501,-45.513400000000004,53.0482,175,75
2026-05-09 15:10:00.321,3,0.01,0.43,0.83,34.351,-34.413399999999996,39.0282,175,75
2026-05-09 15:10:00.347,3,-0.08,0.53,0.63,6.971,-30.2034,22.8082,175,75
2026-05-09 15:10:00.357,3,-0.29,0.65,0.73,1.971,5.226600000000001,13.2282,175,75
2026-05-09 15:10:00.357,3,-0.19,0.5,0.87,-7.539,20.646600000000003,8.658199999999999,175,75
2026-05-09 15:10:00.372,3,-0.16,0.38,0.85,-22.359,-0.6333999999999982,-9.751800000000001,175,75
2026-05-09 15:10:00.395,3,-0.13,0.49,1.11,-78.999,16.506600000000002,-54.6918,175,75
2026-05-09 15:10:00.415,3,-0.23,0.5,1.03,-92.10900000000001,11.376600000000002,-59.8118,175,75
2026-05-09 15:10:00.427,3,-0.32,0.47,0.95,-102.84899999999999,21.986600000000003,-73.59179999999999,175,75
2026-05-09 15:10:00.435,3,-0.29,0.46,1.1,-118.38900000000001,40.7666,-95.42179999999999,175,75
2026-05-09 15:10:00.462,3,-0.42,0.38,1.27,-142.719,32.3566,-108.9018,175,75
2026-05-09 15:10:00.482,3,-0.46,0.28,1.5,-177.049,-7.523399999999999,-123.3518,175,75
2026-05-09 15:10:00.493,3,-0.49,0.3,1.64,-191.689,-28.3734,-126.95179999999999,175,75
2026-05-09 15:10:00.526,3,-0.56,0.31,1.6,-216.809,-68.8634,-104.2718,175,75
2026-05-09 15:10:00.538,3,-0.61,0.23,1.56,-215.469,-66.4834,-101.8318,175,75
2026-05-09 15:10:00.560,3,-0.38,0.14,1.49,-209.129,-81.85340000000001,-93.78179999999999,175,75
2026-05-09 15:10:00.565,3,-0.41,0.11,1.46,-197.539,-77.9534,-88.17179999999999,175,75
2026-05-09 15:10:00.592,3,-0.22,0.37,1.43,-160.709,-47.153400000000005,-73.7218,175,75
2026-05-09 15:10:00.605,3,-0.16,0.43,1.68,-135.88899999999998,-24.4134,-63.7818,175,75
2026-05-09 15:10:00.617,3,0.02,0.55,1.7,-108.029,-13.2534,-53.9018,175,75
2026-05-09 15:10:00.628,3,0.22,0.57,1.49,-72.65899999999999,9.2466,-42.381800000000005,175,75
2026-05-09 15:10:00.639,3,0.17,0.56,1.31,-41.689,35.7066,-37.921800000000005,175,75
2026-05-09 15:10:00.650,3,-0.15,0.71,1.13,-20.649,74.6166,-26.0918,175,75
2026-05-09 15:10:00.653,3,-1.48,1.46,1.91,32.581,158.5766,24.0282,175,75
2026-05-09 15:10:00.668,3,-1.59,1.25,1.42,55.691,66.1366,100.54820000000001,175,75
2026-05-09 15:10:00.688,3,1.0,-2.5,-0.29,38.801,-77.6434,3.8381999999999996,175,75
2026-05-09 15:10:00.699,3,-0.88,-1.41,0.71,117.40100000000001,268.6966,149.75820000000002,175,75
2026-05-09 15:10:00.710,3,-1.51,0.31,2.11,227.64100000000002,220.4666,89.38820000000001,175,75
2026-05-09 15:10:00.720,3,-0.2,0.19,3.63,277.64099999999996,91.25659999999999,-7.011800000000001,175,75
2026-05-09 15:10:00.731,3,1.18,1.04,1.87,107.40100000000001,-30.0834,154.9982,175,75
2026-05-09 15:10:00.746,3,-1.54,0.66,1.9,103.191,-23.923399999999997,163.7782,175,75
2026-05-09 15:10:00.766,3,-0.28,0.24,2.04,78.131,8.396600000000001,56.218199999999996,175,75
2026-05-09 15:10:00.777,3,0.17,0.22,1.62,43.131,-68.1934,107.8082,175,75
2026-05-09 15:10:00.789,3,-0.46,0.14,1.18,38.741,-88.6234,111.7082,175,75
2026-05-09 15:10:00.802,3,-1.06,0.27,0.92,49.231,-30.143399999999996,89.0882,175,75
2026-05-09 15:10:00.815,3,-0.57,0.23,0.96,69.65100000000001,18.396600000000003,51.8882,175,75
2026-05-09 15:10:00.823,3,-0.6,0.33,1.32,62.461,22.7866,63.3582,175,75
2026-05-09 15:10:00.831,3,-0.88,0.17,1.64,49.411,10.5866,48.2982,175,75
2026-05-09 15:10:00.852,3,-0.45,0.02,1.53,41.301,-8.743399999999998,30.9782,175,75
2026-05-09 15:10:00.868,3,-0.59,0.09,1.48,32.221000000000004,-19.103399999999997,38.8382,175,75
2026-05-09 15:10:00.868,3,-0.52,0.1,1.27,33.741,-18.1934,15.3682,175,75
2026-05-09 15:10:00.890,3,-0.52,0.3,1.25,28.981,-10.1434,16.8282,175,75
2026-05-09 15:10:00.905,3,-0.6,0.24,1.63,12.401,-2.763399999999997,-3.9017999999999997,175,75
2026-05-09 15:10:00.916,3,-0.47,0.14,1.72,-0.5289999999999999,-21.243399999999998,-3.9017999999999997,175,75
2026-05-09 15:10:00.928,3,-0.61,0.11,1.56,-10.349,-39.2334,-5.181800000000001,175,75
2026-05-09 15:10:00.939,3,-0.62,0.08,1.36,-14.549,-35.993399999999994,-13.961800000000002,175,75
2026-05-09 15:10:00.939,3,-0.6,0.1,1.4,-17.909,-24.713399999999996,-17.251800000000003,175,75
2026-05-09 15:10:00.950,3,-0.47,0.04,1.51,-22.359,-24.173399999999997,-20.181800000000003,175,75
2026-05-09 15:10:00.960,3,-0.44,-0.04,1.54,-26.139000000000003,-35.263400000000004,-22.311799999999998,175,75
2026-05-09 15:10:00.971,3,-0.57,-0.1,1.53,-30.589,-39.5334,-21.9518,175,75
2026-05-09 15:10:00.985,3,-0.55,-0.22,1.46,-33.089,-33.9234,-29.631800000000005,175,75
2026-05-09 15:10:01.006,3,-0.4,-0.53,1.45,-40.649,-39.96339999999999,-24.141800000000003,175,75
2026-05-09 15:10:01.020,3,-0.3,-0.71,1.46,-43.269,-51.4834,-21.641800000000003,175,75
2026-05-09 15:10:01.030,3,-0.17,-0.63,1.37,-44.309,-68.49340000000001,-16.1618,175,75
2026-05-09 15:10:01.041,3,-0.15,-0.53,1.26,-47.239,-69.7734,-1.4618000000000002,175,75
2026-05-09 15:10:01.068,3,0.03,-0.26,0.63,-61.809000000000005,-102.5234,6.5882,175,75
2026-05-09 15:10:01.088,3,-0.28,0.55,1.08,-41.319,-78.3134,23.3582,175,75
2026-05-09 15:10:01.093,3,-0.45,1.06,1.07,-37.239,-93.13340000000001,26.2782,175,75
2026-05-09 15:10:01.117,3,0.02,1.04,0.73,-90.15899999999999,-166.5434,32.4982,175,75
2026-05-09 15:10:01.140,3,0.11,1.14,0.01,-149.85899999999998,-232.9534,42.1382,175,75
2026-05-09 15:10:01.151,3,0.38,1.05,0.59,-241.629,-301.60339999999997,27.6182,175,75
2026-05-09 15:10:01.162,3,0.31,0.88,0.83,-278.759,-405.9334,45.5482,175,75
2026-05-09 15:10:01.176,3,-0.01,0.8,1.01,-294.79900000000004,-435.9934,67.4982,175,75
2026-05-09 15:10:01.201,3,-2.16,2.13,2.25,-254.489,-372.0934,172.0782,175,75
2026-05-09 15:10:01.222,3,-0.72,-0.2,2.94,-32.849,-205.6334,46.218199999999996,175,75
2026-05-09 15:10:01.258,3,0.7,0.67,1.34,38.621,9.306600000000001,25.608199999999997,175,75
2026-05-09 15:10:01.270,3,-0.3,0.67,-0.44,37.641,47.116600000000005,59.938199999999995,175,75
2026-05-09 15:10:01.270,3,-2.12,-0.86,-3.29,-161.569,-143.0734,268.90819999999997,175,75
2026-05-09 15:10:01.285,3,-1.72,-6.73,-2.93,-197.719,-0.32339999999999947,153.0482,175,75
2026-05-09 15:10:01.296,3,-3.9,-0.94,1.89,500.871,592.0466,-162.2518,175,75
2026-05-09 15:10:01.318,3,3.83,2.41,4.36,45.261,226.31660000000002,9.6982,175,75
2026-05-09 15:10:01.339,3,-2.35,0.28,0.83,-16.869,-101.1234,87.8682,175,75
2026-05-09 15:10:01.343,3,-1.44,0.6,1.14,38.741,53.9366,-30.5518,175,75
2026-05-09 15:10:01.356,3,0.12,0.52,2.16,-2.5389999999999997,45.1566,-7.801800000000002,175,75
2026-05-09 15:10:01.384,3,-1.25,-0.15,0.81,-48.999,-104.6534,31.2782,175,75
2026-05-09 15:10:01.395,3,-1.04,-0.05,0.72,-15.529,-6.913399999999999,-26.2218,175,75
2026-05-09 15:10:01.422,3,-0.27,0.06,1.73,-7.359,34.616600000000005,-22.861800000000002,175,75
2026-05-09 15:10:01.434,3,-0.35,0.08,1.66,-19.979,5.586600000000001,-22.311799999999998,175,75
2026-05-09 15:10:01.434,3,-0.34,0.19,1.49,-26.499000000000002,4.5466000000000015,-21.2218,175,75
2026-05-09 15:10:01.445,3,-0.33,0.2,1.42,-33.459,9.976600000000001,-16.461800000000004,175,75
2026-05-09 15:10:01.463,3,-0.4,0.23,1.49,-37.239,7.2966000000000015,-19.8818,175,75
2026-05-09 15:10:01.475,3,-0.35,0.21,1.5,-45.039,3.6366000000000014,-17.561799999999998,175,75
2026-05-09 15:10:01.495,3,-0.4,0.17,1.4,-56.629,-11.9134,-15.121799999999999,175,75
2026-05-09 15:10:01.505,3,-0.44,0.18,1.37,-59.189,-14.653399999999998,-17.741799999999998,175,75
2026-05-09 15:10:01.521,3,-0.44,0.2,1.3,-64.799,-26.4834,-20.491799999999998,175,75
2026-05-09 15:10:01.535,3,-0.45,0.22,1.22,-63.579,-29.533399999999997,-22.561799999999998,175,75
2026-05-09 15:10:01.546,3,-0.43,0.18,1.19,-63.208999999999996,-29.8434,-24.0218,175,75
2026-05-09 15:10:01.551,3,-0.4,0.15,1.11,-63.029,-31.9134,-27.381800000000005,175,75
2026-05-09 15:10:01.575,3,-0.37,0.11,1.06,-54.369,-20.323399999999996,-28.171800000000005,175,75
2026-05-09 15:10:01.585,3,-0.38,0.1,1.13,-49.679,-15.5134,-29.3318,175,75
2026-05-09 15:10:01.598,3,-0.32,0.12,1.16,-46.629,-14.903399999999998,-30.421800000000005,175,75
2026-05-09 15:10:01.609,3,-0.27,0.15,1.18,-46.379,-18.253399999999996,-28.111800000000002,175,75
2026-05-09 15:10:01.632,3,-0.28,0.14,1.15,-47.109,-30.633399999999998,-24.2718,175,75
2026-05-09 15:10:01.667,3,-0.24,0.13,1.07,-42.779,-35.023399999999995,-17.071800000000003,175,75
2026-05-09 15:10:01.679,3,-0.18,0.11,1.07,-39.549,-33.013400000000004,-15.0618,175,75
2026-05-09 15:10:01.689,3,-0.15,0.12,1.05,-36.499,-35.023399999999995,-10.851799999999999,175,75
2026-05-09 15:10:01.700,3,-0.16,0.13,1.03,-33.999,-37.523399999999995,-4.6318,175,75
2026-05-09 15:10:01.721,3,-0.16,0.08,1.02,-23.579,-32.21339999999999,5.728199999999999,175,75
2026-05-09 15:10:01.743,3,-0.22,0.1,0.93,-18.879,-32.0934,9.2082,175,75
2026-05-09 15:10:01.776,3,-0.24,0.09,0.94,1.181,-10.7534,15.1182,175,75
2026-05-09 15:10:01.779,3,-0.24,0.08,0.96,4.351,-12.033399999999997,15.488199999999999,175,75
2026-05-09 15:10:01.799,3,-0.28,0.1,1.02,7.5809999999999995,-12.273399999999999,17.318199999999997,175,75
2026-05-09 15:10:01.809,3,-0.31,0.11,1.1,8.801,-9.293399999999998,18.1682,175,75
2026-05-09 15:10:01.820,3,-0.27,0.1,1.19,8.681000000000001,-12.273399999999999,17.008200000000002,175,75
2026-05-09 15:10:01.843,3,-0.28,0.14,1.22,3.501,-14.593399999999999,18.8382,175,75
2026-05-09 15:10:01.855,3,-0.28,0.14,1.19,1.6710000000000003,-16.543400000000002,19.388199999999998,175,75
2026-05-09 15:10:01.877,3,-0.3,0.1,1.1,1.181,-10.513399999999997,19.388199999999998,175,75
2026-05-09 15:10:01.910,3,-0.35,0.08,1.17,3.191,1.2566000000000024,20.4882,175,75
2026-05-09 15:10:01.920,3,-0.33,0.09,1.26,2.761,-1.3034,19.8782,175,75
2026-05-09 15:10:01.935,3,-0.37,0.11,1.27,-4.308999999999999,-14.7134,25.1182,175,75
2026-05-09 15:10:01.948,3,-0.39,0.12,1.23,-7.239000000000001,-21.673399999999997,23.6582,175,75
2026-05-09 15:10:01.958,3,-0.39,0.14,1.25,-9.309,-20.2034,23.7782,175,75
2026-05-09 15:10:01.967,3,-0.35,0.13,1.29,-11.318999999999999,-25.2034,23.7182,175,75
2026-05-09 15:10:01.973,3,-0.3,0.13,1.28,-14.189,-32.7034,24.758200000000002,175,75
2026-05-09 15:10:01.983,3,-0.36,0.12,1.18,-16.569,-37.3434,27.3782,175,75
2026-05-09 15:10:01.995,3,-0.42,0.11,1.11,-14.428999999999998,-31.543400000000002,22.6182,175,75
2026-05-09 15:10:02.017,3,-0.35,0.14,1.17,-13.329,-25.993399999999998,21.5882,175,75
2026-05-09 15:10:02.017,3,-0.4,0.15,1.22,-16.629,-26.9734,23.1682,175,75
2026-05-09 15:10:02.038,3,-0.43,0.16,1.24,-17.359,-27.213399999999996,20.1182,175,75
2026-05-09 15:10:02.049,3,-0.38,0.13,1.26,-20.039,-32.5834,20.4282,175,75
2026-05-09 15:10:02.062,3,-0.37,0.17,1.25,-24.189,-34.5334,19.0882,175,75
2026-05-09 15:10:02.062,3,-0.34,0.1,1.25,-25.529,-37.0934,19.388199999999998,175,75
2026-05-09 15:10:02.078,3,-0.54,0.08,1.13,-26.319000000000003,-46.0634,21.9482,175,75
2026-05-09 15:10:02.083,3,-0.69,-0.08,0.93,-25.469,-42.7034,19.3282,175,75
2026-05-09 15:10:02.107,3,-0.54,0.31,1.21,-16.439,-1.4833999999999996,1.5881999999999996,175,75
2026-05-09 15:10:02.123,3,-0.29,0.2,1.55,-20.159,-32.21339999999999,-3.2918000000000003,175,75
2026-05-09 15:10:02.192,3,-0.38,0.07,1.24,-46.989,-102.9534,15.3682,175,75
2026-05-09 15:10:02.218,3,-0.54,0.09,0.93,-56.749,-150.6934,37.3182,175,75
2026-05-09 15:10:02.228,3,-0.47,0.08,0.93,-59.428999999999995,-157.09339999999997,43.2982,175,75
2026-05-09 15:10:02.228,3,-0.38,0.01,0.97,-62.479000000000006,-170.3234,48.3582,175,75
2026-05-09 15:10:02.241,3,-0.39,0.0,1.01,-63.75899999999999,-186.36339999999998,57.9282,175,75
2026-05-09 15:10:02.250,3,-0.37,0.01,1.0,-61.928999999999995,-199.71339999999998,64.3282,175,75
2026-05-09 15:10:02.263,3,-0.34,0.0,0.97,-59.309000000000005,-204.0434,69.8182,175,75
2026-05-09 15:10:02.278,3,-0.29,0.0,1.0,-56.319,-206.7334,75.24820000000001,175,75
2026-05-09 15:10:02.278,3,-0.27,-0.01,1.09,-55.159,-214.84339999999997,83.35820000000001,175,75
2026-05-09 15:10:02.319,3,-0.16,-0.04,1.18,-49.249,-230.93339999999998,105.24820000000001,175,75
2026-05-09 15:10:02.331,3,-0.11,-0.05,1.17,-45.279,-228.1334,115.60820000000001,175,75
2026-05-09 15:10:02.344,3,-0.1,-0.06,1.21,-43.459,-223.68339999999998,120.1182,175,75
2026-05-09 15:10:02.357,3,-0.09,-0.07,1.25,-40.589,-222.21339999999998,122.9282,175,75
2026-05-09 15:10:02.372,3,-0.13,-0.08,1.23,-36.629,-214.96339999999998,127.13820000000001,175,75
2026-05-09 15:10:02.382,3,-0.18,-0.09,1.19,-34.129,-200.93339999999998,131.4682,175,75
2026-05-09 15:10:02.393,3,-0.31,-0.07,1.25,-27.848999999999997,-158.0734,127.8082,175,75
2026-05-09 15:10:02.405,3,-0.31,-0.0,1.47,-22.419,-146.30339999999998,124.2082,175,75
2026-05-09 15:10:02.426,3,-0.3,0.04,1.59,-19.429,-155.14339999999999,125.79820000000001,175,75
2026-05-09 15:10:02.437,3,-0.39,0.09,1.57,-15.469000000000001,-153.9834,126.76820000000001,175,75
2026-05-09 15:10:02.447,3,-0.45,0.14,1.59,-10.279,-141.4234,124.63820000000001,175,75
2026-05-09 15:10:02.459,3,-0.36,0.17,1.56,-5.159000000000001,-142.58339999999998,121.5882,175,75
2026-05-09 15:10:02.471,3,-0.36,0.22,1.45,-9.739,-135.6334,122.49820000000001,175,75
2026-05-09 15:10:02.511,3,-0.09,0.29,1.22,-37.719,-116.97340000000001,93.8382,175,75
2026-05-09 15:10:02.522,3,0.05,0.31,1.18,-50.959,-113.9834,82.5582,175,75
2026-05-09 15:10:02.548,3,0.04,0.27,1.29,-74.91900000000001,-104.35340000000001,72.8682,175,75
