Time,ID,Ax,Ay,Az,Gx,Gy,Gz,Height,Weight
2026-05-09 15:09:01.141,4,0.6,-0.93,1.15,-281.09839999999997,106.57339999999999,-65.4066,175,75
2026-05-09 15:09:01.164,4,0.53,-0.93,1.25,-292.8684,130.65339999999998,-92.72659999999999,175,75
2026-05-09 15:09:01.175,4,0.58,-0.95,1.32,-294.4584,141.2634,-111.0166,175,75
2026-05-09 15:09:01.192,4,0.63,-1.11,1.36,-303.1184,108.7034,-153.75660000000002,175,75
2026-05-09 15:09:01.226,4,0.4,-1.26,1.05,-320.97839999999997,148.7034,-163.2066,175,75
2026-05-09 15:09:01.226,4,0.43,-1.43,1.04,-321.7784,174.7434,-162.1166,175,75
2026-05-09 15:09:01.240,4,0.49,-1.62,1.1,-328.66839999999996,198.27339999999998,-166.50660000000002,175,75
2026-05-09 15:09:01.252,4,0.53,-1.77,1.21,-341.5884,206.7534,-182.9066,175,75
2026-05-09 15:09:01.252,4,0.53,-1.83,1.32,-354.5184,201.02339999999998,-205.8366,175,75
2026-05-09 15:09:01.273,4,0.45,-1.73,1.43,-371.09839999999997,189.1934,-237.5966,175,75
2026-05-09 15:09:01.273,4,0.4,-1.58,1.47,-379.8884,181.14339999999999,-250.2266,175,75
2026-05-09 15:09:01.288,4,0.37,-1.46,1.45,-382.5084,176.08339999999998,-255.7066,175,75
2026-05-09 15:09:01.298,4,0.38,-1.38,1.38,-377.7484,170.59339999999997,-260.5866,175,75
2026-05-09 15:09:01.320,4,0.34,-1.23,1.35,-356.9584,166.8734,-260.6466,175,75
2026-05-09 15:09:01.334,4,0.28,-1.09,1.41,-346.4684,174.1934,-259.6766,175,75
2026-05-09 15:09:01.344,4,0.22,-0.85,1.54,-332.1384,193.15339999999998,-256.7466,175,75
2026-05-09 15:09:01.355,4,0.15,-0.63,1.62,-319.1484,208.27339999999998,-253.0266,175,75
2026-05-09 15:09:01.366,4,0.08,-0.44,1.67,-307.0784,221.8734,-250.8366,175,75
2026-05-09 15:09:01.377,4,0.04,-0.27,1.73,-289.6984,238.15339999999998,-249.42660000000004,175,75
2026-05-09 15:09:01.381,4,0.0,-0.15,1.76,-276.8984,239.7434,-246.38660000000002,175,75
2026-05-09 15:09:01.394,4,-0.08,-0.06,1.78,-260.6184,230.41340000000002,-242.11660000000003,175,75
2026-05-09 15:09:01.420,4,-0.23,0.05,1.85,-233.0584,185.96339999999998,-236.74660000000003,175,75
2026-05-09 15:09:01.438,4,-0.32,0.13,1.92,-225.6784,153.21339999999998,-231.92660000000004,175,75
2026-05-09 15:09:01.444,4,-0.42,0.2,1.99,-218.1184,123.5234,-229.06660000000002,175,75
2026-05-09 15:09:01.470,4,-0.6,0.39,2.14,-197.5084,64.68339999999999,-217.53660000000002,175,75
2026-05-09 15:09:01.483,4,-0.68,0.46,2.13,-193.23839999999996,38.7634,-211.56660000000002,175,75
2026-05-09 15:09:01.493,4,-0.73,0.53,2.08,-183.90839999999997,-21.596600000000002,-203.0266,175,75
2026-05-09 15:09:01.510,4,-0.82,0.61,2.0,-179.08839999999998,-57.1466,-185.8966,175,75
2026-05-09 15:09:01.527,4,-1.11,0.82,1.87,-152.3884,-40.3866,-143.69660000000002,175,75
2026-05-09 15:09:01.546,4,-1.05,0.99,1.93,-105.6184,36.6934,-98.33659999999999,175,75
2026-05-09 15:09:01.558,4,-0.97,1.08,2.07,-75.06840000000001,50.413399999999996,-68.2066,175,75
2026-05-09 15:09:01.575,4,-0.97,1.16,2.22,-40.30839999999999,31.3234,-40.52659999999999,175,75
2026-05-09 15:09:01.587,4,-0.97,1.2,2.36,-7.508399999999995,-7.396600000000003,-20.646599999999996,175,75
2026-05-09 15:09:01.603,4,-0.94,1.19,2.47,45.3616,-177.57659999999998,13.193400000000002,175,75
2026-05-09 15:09:01.613,4,-0.94,1.18,2.35,59.5016,-257.0866,25.933400000000002,175,75
2026-05-09 15:09:01.635,4,-0.98,1.19,2.1,80.9716,-322.51660000000004,42.153400000000005,175,75
2026-05-09 15:09:01.646,4,-1.0,1.23,1.83,109.7516,-351.7266,64.2934,175,75
2026-05-09 15:09:01.646,4,-0.95,1.28,1.66,131.1516,-354.3466,83.13340000000001,175,75
2026-05-09 15:09:01.669,4,-0.89,1.31,1.49,158.47160000000002,-343.6766,113.2534,175,75
2026-05-09 15:09:01.669,4,-0.87,1.28,1.36,186.4616,-319.52660000000003,149.4734,175,75
2026-05-09 15:09:01.680,4,-0.83,1.14,1.26,225.1116,-267.0866,204.2234,175,75
2026-05-09 15:09:01.693,4,-0.8,0.91,1.24,255.97160000000002,-216.41660000000002,253.3734,175,75
2026-05-09 15:09:01.704,4,-0.77,0.69,1.24,277.9816,-176.0566,293.3734,175,75
2026-05-09 15:09:01.727,4,-0.6,-0.05,1.46,337.4316,-66.6666,408.7434,175,75
2026-05-09 15:09:01.737,4,-0.58,-0.42,1.62,357.9816,-45.256600000000006,457.33340000000004,175,75
2026-05-09 15:09:01.747,4,-0.62,-0.75,1.76,372.0016,-38.2466,502.70340000000004,175,75
2026-05-09 15:09:01.760,4,-0.74,-1.19,1.94,382.5516,-24.166600000000003,563.0734,175,75
2026-05-09 15:09:01.772,4,-0.79,-1.59,2.1,395.5416,-15.076600000000003,613.1934,175,75
2026-05-09 15:09:01.776,4,-1.02,-2.06,2.49,420.8516,-25.9966,660.8134,175,75
2026-05-09 15:09:01.794,4,-1.3,-2.56,2.94,420.4816,-31.596600000000002,707.2134,175,75
2026-05-09 15:09:01.810,4,-1.4,-3.11,3.28,373.83160000000004,-35.6866,749.8334,175,75
2026-05-09 15:09:01.810,4,-1.46,-3.5,3.41,327.3116,-73.9766,764.9634,175,75
2026-05-09 15:09:01.844,4,-2.09,-4.76,3.45,318.7716,-245.01659999999998,831.7934,175,75
2026-05-09 15:09:01.854,4,-2.48,-5.69,3.41,378.77160000000003,-377.39660000000003,876.4834000000001,175,75
2026-05-09 15:09:01.867,4,-3.4,-6.58,3.33,465.6016,-521.7866,841.7234,175,75
2026-05-09 15:09:01.877,4,-4.2,-7.65,3.17,489.9916,-535.1366,699.4734,175,75
2026-05-09 15:09:01.902,4,-3.3,-6.89,1.98,265.1116,-370.1966,409.96340000000004,175,75
2026-05-09 15:09:01.902,4,-2.68,-5.43,1.1,170.97160000000002,-416.9066,290.26340000000005,175,75
2026-05-09 15:09:01.917,4,-2.53,-4.45,0.39,163.29160000000002,-386.9066,230.5734,175,75
2026-05-09 15:09:01.927,4,-2.15,-3.48,-0.29,211.40160000000003,-234.34660000000002,186.36339999999998,175,75
2026-05-09 15:09:01.951,4,-1.0,-3.12,-0.12,351.21160000000003,1.443399999999997,147.7634,175,75
2026-05-09 15:09:01.958,4,-0.68,-2.95,0.41,396.9416,17.1134,134.5934,175,75
2026-05-09 15:09:01.965,4,-0.64,-2.71,0.9,420.2416,-19.2266,103.55340000000001,175,75
2026-05-09 15:09:01.978,4,-0.58,-2.53,1.12,409.26160000000004,-58.006600000000006,72.8234,175,75
2026-05-09 15:09:01.988,4,-0.42,-2.23,1.18,370.2416,-112.5166,22.7634,175,75
2026-05-09 15:09:01.998,4,-0.23,-1.91,1.07,336.0316,-181.84660000000002,-21.506599999999995,175,75
2026-05-09 15:09:02.006,4,0.08,-1.43,0.85,313.7116,-281.9666,-62.236599999999996,175,75
2026-05-09 15:09:02.029,4,0.84,-0.25,0.77,277.0016,-414.95660000000004,98.2534,175,75
2026-05-09 15:09:02.040,4,-0.0,0.16,0.14,282.0716,-400.5666,126.3634,175,75
2026-05-09 15:09:02.052,4,-0.32,0.23,-0.21,298.5316,-343.1266,65.2034,175,75
2026-05-09 15:09:02.052,4,-0.07,0.17,-0.3,293.8316,-236.1766,61.663399999999996,175,75
2026-05-09 15:09:02.078,4,0.37,0.21,-0.29,261.9416,-164.09660000000002,75.99340000000001,175,75
2026-05-09 15:09:02.094,4,0.28,0.18,-0.81,228.35160000000002,-344.0366,-6.506599999999995,175,75
2026-05-09 15:09:02.113,4,-0.03,0.23,-1.29,183.9016,-394.52660000000003,-45.52659999999999,175,75
2026-05-09 15:09:02.125,4,-0.46,0.51,-1.67,111.9416,-337.88660000000004,-42.3566,175,75
2026-05-09 15:09:02.138,4,-0.33,0.81,-1.93,64.2616,-188.97660000000002,-24.1266,175,75
2026-05-09 15:09:02.144,4,-0.35,1.05,-1.72,31.3316,-86.9666,43.2534,175,75
2026-05-09 15:09:02.153,4,-0.18,0.89,-1.82,24.571600000000004,-8.186600000000002,11.723400000000002,175,75
2026-05-09 15:09:02.174,4,0.31,0.95,-1.28,-27.388400000000004,-41.6666,41.3634,175,75
2026-05-09 15:09:02.184,4,0.53,0.91,-1.21,-61.83839999999999,-51.116600000000005,-1.2565999999999988,175,75
2026-05-09 15:09:02.195,4,0.05,0.92,-1.0,-77.9284,-13.556600000000003,8.553400000000003,175,75
2026-05-09 15:09:02.215,4,-1.8,0.88,-0.43,-115.8584,66.9934,14.043400000000002,175,75
2026-05-09 15:09:02.227,4,2.79,0.32,-0.5,-119.8884,235.90339999999998,25.6934,175,75
2026-05-09 15:09:02.237,4,1.69,0.26,0.22,-129.8184,145.47339999999997,11.543400000000002,175,75
2026-05-09 15:09:02.250,4,1.07,0.13,0.69,-134.7584,-19.836600000000004,-33.336600000000004,175,75
2026-05-09 15:09:02.260,4,1.12,0.18,0.92,-168.90839999999997,-64.8366,-61.80659999999999,175,75
2026-05-09 15:09:02.285,4,0.97,-0.83,0.48,-234.5784,-135.9966,-53.94659999999999,175,75
2026-05-09 15:09:02.299,4,1.23,-1.2,0.52,-272.0184,-87.3966,-35.4666,175,75
2026-05-09 15:09:02.311,4,1.32,-1.45,0.44,-300.79839999999996,-22.026600000000002,-44.36659999999999,175,75
2026-05-09 15:09:02.322,4,1.86,-1.77,0.4,-320.91839999999996,86.2034,-81.3866,175,75
2026-05-09 15:09:02.345,4,1.99,-2.17,0.5,-323.35839999999996,236.02339999999998,-71.7466,175,75
2026-05-09 15:09:02.355,4,1.71,-2.49,0.8,-314.4584,380.6534,-64.55659999999999,175,75
2026-05-09 15:09:02.367,4,2.3,-2.89,2.71,-285.0084,443.1534,-146.8066,175,75
2026-05-09 15:09:02.378,4,1.46,-3.19,3.47,-233.53839999999997,160.77339999999998,-249.67660000000004,175,75
2026-05-09 15:09:02.389,4,1.07,-2.98,3.47,-252.6284,219.0134,-254.55660000000003,175,75
2026-05-09 15:09:02.400,4,1.01,-2.9,3.31,-278.35839999999996,176.8734,-328.1466,175,75
2026-05-09 15:09:02.412,4,1.08,-2.83,3.1,-280.1284,178.33339999999998,-346.6266,175,75
2026-05-09 15:09:02.412,4,1.1,-2.96,3.06,-260.97839999999997,163.58339999999998,-362.59659999999997,175,75
2026-05-09 15:09:02.426,4,0.91,-3.15,3.09,-256.22839999999997,153.27339999999998,-383.7566,175,75
2026-05-09 15:09:02.435,4,0.54,-3.13,3.09,-270.79839999999996,173.15339999999998,-416.9966,175,75
2026-05-09 15:09:02.457,4,-0.0,-2.62,3.21,-248.1184,209.3734,-451.5666,175,75
2026-05-09 15:09:02.480,4,0.06,-2.37,3.08,-245.0684,213.8834,-450.16659999999996,175,75
2026-05-09 15:09:02.480,4,0.03,-2.4,2.86,-249.9484,232.79340000000002,-447.29659999999996,175,75
2026-05-09 15:09:02.491,4,-0.09,-2.55,2.67,-249.45839999999998,241.2034,-446.5666,175,75
2026-05-09 15:09:02.505,4,-0.27,-2.64,2.5,-242.3884,222.72339999999997,-446.1966,175,75
2026-05-09 15:09:02.515,4,-0.46,-2.61,2.41,-225.0684,190.53339999999997,-447.0566,175,75
2026-05-09 15:09:02.516,4,-0.67,-2.46,2.42,-213.53839999999997,169.5534,-456.3866,175,75
2026-05-09 15:09:02.540,4,-0.47,-1.66,2.39,-244.9484,171.9334,-482.72659999999996,175,75
2026-05-09 15:09:02.551,4,-0.39,-1.27,2.25,-241.77839999999998,160.83339999999998,-460.9566,175,75
2026-05-09 15:09:02.562,4,-0.53,-1.05,2.11,-218.1184,133.09339999999997,-438.1466,175,75
2026-05-09 15:09:02.586,4,-0.86,-0.82,2.02,-188.47839999999997,104.7434,-423.5166,175,75
2026-05-09 15:09:02.599,4,-0.98,-0.58,2.08,-180.91840000000002,82.4234,-412.0566,175,75
2026-05-09 15:09:02.609,4,-1.03,-0.4,2.09,-174.02839999999998,56.6934,-401.5066,175,75
2026-05-09 15:09:02.620,4,-1.05,-0.24,2.04,-170.1884,32.663399999999996,-393.5766,175,75
2026-05-09 15:09:02.656,4,-0.98,-0.14,1.73,-168.1184,19.803399999999996,-368.5166,175,75
2026-05-09 15:09:02.656,4,-1.17,-0.12,1.6,-160.1884,18.093399999999995,-344.1266,175,75
2026-05-09 15:09:02.668,4,-1.36,-0.04,1.56,-144.8184,35.9034,-325.34659999999997,175,75
2026-05-09 15:09:02.681,4,-1.45,0.03,1.57,-130.3684,54.2534,-312.41659999999996,175,75
2026-05-09 15:09:02.696,4,-1.39,0.27,1.58,-119.3984,33.4634,-286.0166,175,75
2026-05-09 15:09:02.731,4,-1.41,0.55,1.59,-94.4584,19.6134,-244.00660000000002,175,75
2026-05-09 15:09:02.731,4,-1.42,0.66,1.65,-75.4284,25.1034,-217.41660000000002,175,75
2026-05-09 15:09:02.740,4,-1.46,0.77,1.73,-55.7384,23.8234,-190.3466,175,75
2026-05-09 15:09:02.762,4,-1.45,0.84,1.78,-33.2384,14.9234,-167.1166,175,75
2026-05-09 15:09:02.774,4,-1.38,0.89,1.8,-9.948399999999992,-8.676600000000002,-147.41660000000002,175,75
2026-05-09 15:09:02.780,4,-1.32,0.93,1.78,11.581600000000002,-42.39660000000001,-124.24659999999999,175,75
2026-05-09 15:09:02.801,4,-1.34,0.97,1.76,29.0816,-59.0966,-100.2866,175,75
2026-05-09 15:09:02.801,4,-1.42,1.03,1.74,48.41160000000001,-58.616600000000005,-76.3166,175,75
2026-05-09 15:09:02.825,4,-1.42,1.16,1.73,88.9616,-20.1366,-24.9766,175,75
2026-05-09 15:09:02.837,4,-1.31,1.2,1.75,108.6516,5.163399999999996,14.593400000000003,175,75
2026-05-09 15:09:02.843,4,-1.3,1.2,1.8,125.7216,20.163399999999996,49.71340000000001,175,75
2026-05-09 15:09:02.858,4,-1.3,1.16,1.9,147.9216,29.553399999999996,87.9434,175,75
2026-05-09 15:09:02.870,4,-1.26,1.18,2.0,161.4616,18.523399999999995,114.77340000000001,175,75
2026-05-09 15:09:02.874,4,-1.25,1.24,2.11,171.3316,0.9633999999999965,142.7634,175,75
2026-05-09 15:09:02.896,4,-1.16,1.27,2.2,182.6116,-14.776600000000002,180.5734,175,75
2026-05-09 15:09:02.919,4,-0.86,1.08,2.26,195.4216,-87.5166,256.4234,175,75
2026-05-09 15:09:02.930,4,-0.85,0.93,2.2,201.70159999999998,-147.51659999999998,287.58340000000004,175,75
2026-05-09 15:09:02.943,4,-0.97,0.61,1.92,239.08159999999998,-225.3866,355.5734,175,75
2026-05-09 15:09:02.965,4,-0.91,0.4,1.82,260.0516,-222.08659999999998,399.77340000000004,175,75
2026-05-09 15:09:02.973,4,-0.75,0.15,1.75,279.4416,-211.90660000000003,455.02340000000004,175,75
2026-05-09 15:09:02.986,4,-0.7,-0.17,1.76,302.0016,-230.8066,525.6934,175,75
2026-05-09 15:09:02.997,4,-0.91,-0.66,1.82,341.15160000000003,-233.2466,613.0134,175,75
2026-05-09 15:09:03.008,4,-1.12,-1.48,1.95,387.1316,-206.96660000000003,691.3034,175,75
2026-05-09 15:09:03.019,4,-1.24,-2.13,2.12,424.14160000000004,-210.1366,748.6134000000001,175,75
2026-05-09 15:09:03.037,4,-1.72,-3.58,2.6,497.7416,-296.7866,897.3334,175,75
2026-05-09 15:09:03.048,4,-2.2,-3.94,2.77,468.96160000000003,-292.45660000000004,977.8834,175,75
2026-05-09 15:09:03.060,4,-2.82,-4.33,2.93,431.8216,-292.14660000000003,1026.2434,175,75
2026-05-09 15:09:03.072,4,-3.43,-5.01,3.03,420.9116,-312.14660000000003,1024.5334,175,75
2026-05-09 15:09:03.085,4,-4.2,-6.34,3.03,430.3616,-365.01660000000004,999.9634,175,75
2026-05-09 15:09:03.092,4,-4.96,-7.64,2.88,445.1816,-458.0666,949.7134,175,75
2026-05-09 15:09:03.107,4,-5.39,-8.42,2.6,430.8516,-495.9966,837.5234,175,75
2026-05-09 15:09:03.117,4,-5.03,-8.65,2.22,370.0516,-429.3466,704.4134,175,75
2026-05-09 15:09:03.129,4,-4.01,-8.23,1.72,297.5516,-337.27660000000003,575.3234,175,75
2026-05-09 15:09:03.140,4,-2.61,-7.01,0.94,218.41160000000002,-210.1966,466.6634,175,75
2026-05-09 15:09:03.150,4,-1.46,-5.05,0.27,173.9016,-197.51659999999998,376.3034,175,75
2026-05-09 15:09:03.173,4,-1.37,-3.26,0.19,277.8616,-162.33659999999998,310.20340000000004,175,75
2026-05-09 15:09:03.184,4,-1.03,-3.29,0.47,319.3216,-129.03660000000002,291.8534,175,75
2026-05-09 15:09:03.195,4,-0.62,-3.55,0.94,332.7416,-136.41660000000002,253.9234,175,75
2026-05-09 15:09:03.195,4,-0.43,-3.63,1.25,309.5716,-176.90660000000003,204.96339999999998,175,75
2026-05-09 15:09:03.217,4,-0.23,-3.21,1.35,215.79160000000002,-263.7966,115.99340000000001,175,75
2026-05-09 15:09:03.227,4,-0.22,-2.71,1.12,175.48160000000001,-331.1166,74.0434,175,75
2026-05-09 15:09:03.241,4,-0.24,-2.25,0.83,162.2516,-387.45660000000004,38.683400000000006,175,75
2026-05-09 15:09:03.252,4,-0.15,-1.76,0.46,181.5216,-460.6866,-13.6966,175,75
2026-05-09 15:09:03.263,4,-0.15,-1.34,0.15,232.5516,-536.7866,-78.5166,175,75
2026-05-09 15:09:03.278,4,-0.18,-1.09,-0.09,278.9616,-573.8566000000001,-127.2966,175,75
2026-05-09 15:09:03.287,4,0.46,-0.62,-0.13,315.4816,-621.6666,-144.91660000000002,175,75
2026-05-09 15:09:03.298,4,0.26,0.27,-0.2,264.6916,-671.4166,39.4134,175,75
2026-05-09 15:09:03.309,4,-0.81,0.62,-1.02,258.7116,-575.6266,7.583400000000001,175,75
2026-05-09 15:09:03.321,4,-0.97,0.48,-1.59,269.2016,-437.6966,-53.5766,175,75
2026-05-09 15:09:03.345,4,-0.94,0.43,-1.74,251.27159999999998,-118.3666,60.513400000000004,175,75
2026-05-09 15:09:03.353,4,-0.74,0.46,-1.53,193.9016,-57.8866,68.0134,175,75
2026-05-09 15:09:03.367,4,-0.19,0.57,-1.0,97.4316,-65.2566,76.60340000000001,175,75
2026-05-09 15:09:03.392,4,0.4,1.11,-0.62,8.351600000000005,-222.08659999999998,35.8134,175,75
2026-05-09 15:09:03.405,4,0.43,1.34,-0.78,2.0015999999999963,-290.6866,33.2534,175,75
2026-05-09 15:09:03.419,4,-0.32,1.31,-1.01,-4.638400000000004,-289.0366,23.3134,175,75
2026-05-09 15:09:03.428,4,-0.87,1.19,-1.09,-28.788399999999996,-128.2466,55.8134,175,75
2026-05-09 15:09:03.436,4,-1.36,1.05,-0.9,-49.69839999999999,44.6834,75.7534,175,75
2026-05-09 15:09:03.447,4,0.63,0.7,-1.12,-65.4284,197.54340000000002,63.1934,175,75
2026-05-09 15:09:03.460,4,1.33,0.22,-0.39,-99.81840000000001,102.3634,104.5934,175,75
2026-05-09 15:09:03.478,4,0.86,0.28,0.73,-119.5784,20.773399999999995,48.373400000000004,175,75
2026-05-09 15:09:03.491,4,0.79,0.32,0.78,-143.41840000000002,-67.7566,29.5334,175,75
2026-05-09 15:09:03.502,4,0.95,-0.01,0.66,-159.8884,-136.53660000000002,18.3134,175,75
2026-05-09 15:09:03.514,4,0.73,-0.27,0.44,-181.83839999999998,-145.6866,36.3034,175,75
2026-05-09 15:09:03.527,4,0.68,-0.3,0.34,-204.27839999999998,-95.1366,41.4234,175,75
2026-05-09 15:09:03.537,4,0.94,-0.31,0.34,-226.22839999999997,-14.286600000000004,46.6634,175,75
2026-05-09 15:09:03.561,4,1.31,-0.75,0.5,-228.35839999999996,73.0334,55.263400000000004,175,75
2026-05-09 15:09:03.571,4,1.18,-1.11,0.56,-218.41839999999996,83.40339999999999,51.9134,175,75
2026-05-09 15:09:03.571,4,1.05,-1.34,0.64,-220.3684,104.6134,48.07340000000001,175,75
2026-05-09 15:09:03.584,4,0.96,-1.44,0.83,-233.1184,127.2434,40.2034,175,75
2026-05-09 15:09:03.594,4,1.03,-1.39,1.16,-253.23839999999996,117.1134,21.483400000000003,175,75
2026-05-09 15:09:03.605,4,1.18,-1.29,1.53,-266.34839999999997,36.633399999999995,0.6934000000000005,175,75
2026-05-09 15:09:03.613,4,1.17,-1.24,1.69,-267.8084,-24.406600000000005,0.7534000000000027,175,75
2026-05-09 15:09:03.639,4,1.02,-1.36,1.27,-285.91839999999996,-18.426600000000004,17.703400000000002,175,75
2026-05-09 15:09:03.650,4,1.12,-1.3,1.14,-287.5684,29.553399999999996,5.633400000000002,175,75
2026-05-09 15:09:03.665,4,1.3,-0.97,1.28,-273.78839999999997,81.7534,2.2134000000000036,175,75
2026-05-09 15:09:03.677,4,1.34,-1.04,1.26,-267.1384,122.0534,-5.896599999999996,175,75
2026-05-09 15:09:03.689,4,1.4,-1.23,1.26,-268.35839999999996,177.85340000000002,-23.9466,175,75
2026-05-09 15:09:03.700,4,1.35,-1.34,1.34,-269.3384,217.66340000000002,-44.066599999999994,175,75
2026-05-09 15:09:03.709,4,1.3,-1.45,1.55,-272.9984,280.7134,-74.61659999999999,175,75
2026-05-09 15:09:03.728,4,1.3,-1.49,1.78,-278.66839999999996,332.79339999999996,-113.4566,175,75
2026-05-09 15:09:03.739,4,1.34,-1.49,2.13,-280.97839999999997,358.7634,-151.50660000000002,175,75
2026-05-09 15:09:03.749,4,1.27,-1.49,2.53,-279.0884,352.54339999999996,-194.7366,175,75
2026-05-09 15:09:03.760,4,1.05,-1.59,2.64,-279.4584,339.4934,-242.5366,175,75
2026-05-09 15:09:03.771,4,0.92,-1.72,2.46,-280.2484,336.3834,-290.7066,175,75
2026-05-09 15:09:03.782,4,0.75,-1.83,2.16,-286.34839999999997,309.1334,-317.0566,175,75
2026-05-09 15:09:03.782,4,0.52,-1.98,1.87,-292.2584,259.98339999999996,-319.97659999999996,175,75
2026-05-09 15:09:03.798,4,0.34,-2.31,1.78,-270.5584,251.3834,-313.9466,175,75
2026-05-09 15:09:03.812,4,0.26,-2.6,1.99,-233.35839999999996,236.6334,-329.97659999999996,175,75
2026-05-09 15:09:03.837,4,-0.22,-2.27,2.28,-236.64839999999998,275.10339999999997,-404.0066,175,75
2026-05-09 15:09:03.847,4,-0.07,-1.84,2.39,-251.89839999999998,300.47339999999997,-419.0666,175,75
2026-05-09 15:09:03.854,4,0.02,-1.41,2.33,-244.6984,296.5034,-401.0166,175,75
2026-05-09 15:09:03.867,4,-0.13,-1.1,2.16,-215.73839999999996,298.8834,-379.1266,175,75
2026-05-09 15:09:03.881,4,-0.35,-0.52,2.3,-139.8184,251.2634,-363.0266,175,75
2026-05-09 15:09:03.897,4,-0.45,-0.3,2.41,-135.0684,217.0534,-356.5066,175,75
2026-05-09 15:09:03.912,4,-0.55,-0.06,2.42,-141.09839999999997,198.27339999999998,-351.0766,175,75
2026-05-09 15:09:03.924,4,-0.56,0.23,2.32,-143.0584,170.59339999999997,-337.29659999999996,175,75
2026-05-09 15:09:03.944,4,-0.51,0.41,2.11,-129.8184,141.5134,-320.5266,175,75
2026-05-09 15:09:03.954,4,-0.56,0.49,1.97,-115.8584,124.68339999999999,-303.1466,175,75
2026-05-09 15:09:03.967,4,-0.8,0.76,1.89,-90.12839999999998,138.27339999999998,-262.1766,175,75
2026-05-09 15:09:03.983,4,-0.93,0.95,1.93,-72.3884,116.0234,-224.85660000000001,175,75
2026-05-09 15:09:04.004,4,-1.25,1.1,1.78,-71.46839999999999,37.8534,-207.78660000000002,175,75
2026-05-09 15:09:04.019,4,-1.41,1.25,1.73,-69.1484,18.333399999999997,-194.1866,175,75
2026-05-09 15:09:04.029,4,-1.52,1.36,1.69,-61.168400000000005,16.813399999999994,-180.7766,175,75
2026-05-09 15:09:04.045,4,-1.6,1.4,1.64,-49.02839999999999,18.273399999999995,-167.41660000000002,175,75
2026-05-09 15:09:04.058,4,-1.67,1.38,1.58,-33.9084,0.22339999999999804,-149.6166,175,75
2026-05-09 15:09:04.058,4,-1.8,1.34,1.57,-24.578400000000002,-28.006600000000002,-133.4566,175,75
2026-05-09 15:09:04.070,4,-1.95,1.28,1.53,-18.478399999999993,-65.01660000000001,-117.5366,175,75
2026-05-09 15:09:04.091,4,-2.14,1.26,1.5,-18.788399999999996,-96.5366,-104.0066,175,75
2026-05-09 15:09:04.102,4,-2.28,1.36,1.53,-2.078400000000002,-101.9066,-71.3866,175,75
2026-05-09 15:09:04.124,4,-2.21,1.4,1.53,16.821600000000004,-110.6266,-50.346599999999995,175,75
2026-05-09 15:09:04.124,4,-2.07,1.39,1.52,37.0116,-138.7966,-30.036599999999996,175,75
2026-05-09 15:09:04.134,4,-1.97,1.34,1.52,60.4816,-191.2966,-4.1865999999999985,175,75
2026-05-09 15:09:04.145,4,-1.91,1.25,1.45,82.2516,-247.6366,25.9934,175,75
2026-05-09 15:09:04.158,4,-1.87,1.19,1.33,97.1916,-274.0966,48.9234,175,75
2026-05-09 15:09:04.163,4,-1.77,1.06,1.15,117.6816,-280.3166,79.71340000000001,175,75
2026-05-09 15:09:04.174,4,-1.64,0.96,1.01,134.8116,-268.3666,110.99340000000001,175,75
2026-05-09 15:09:04.185,4,-1.53,0.87,0.93,149.8716,-245.1966,149.0434,175,75
2026-05-09 15:09:04.198,4,-1.43,0.8,0.9,162.9216,-210.1366,191.7934,175,75
2026-05-09 15:09:04.204,4,-1.33,0.74,0.92,173.10160000000002,-176.59660000000002,234.1634,175,75
2026-05-09 15:09:04.220,4,-1.21,0.7,0.97,184.0816,-152.45659999999998,286.1834,175,75
2026-05-09 15:09:04.220,4,-1.1,0.62,1.03,201.09160000000003,-141.9666,338.9834,175,75
2026-05-09 15:09:04.237,4,-0.97,0.42,1.07,231.7616,-131.9066,410.9934,175,75
2026-05-09 15:09:04.250,4,-0.79,-0.01,1.09,269.0216,-103.1266,490.02340000000004,175,75
2026-05-09 15:09:04.265,4,-0.68,-0.62,1.16,301.9416,-54.7066,570.5134,175,75
2026-05-09 15:09:04.265,4,-0.66,-1.19,1.26,315.6016,-24.836600000000004,640.5134,175,75
2026-05-09 15:09:04.297,4,-1.03,-2.4,2.21,293.1016,-88.2466,883.1934,175,75
2026-05-09 15:09:04.309,4,-1.73,-3.34,2.94,306.40160000000003,-262.3966,949.5934,175,75
2026-05-09 15:09:04.320,4,-2.65,-4.28,3.14,309.6316,-306.7866,937.0934,175,75
2026-05-09 15:09:04.332,4,-3.16,-5.25,3.03,246.52159999999998,-234.77660000000003,874.0434,175,75
2026-05-09 15:09:04.343,4,-2.88,-5.9,2.62,146.64159999999998,-164.34660000000002,740.3234,175,75
2026-05-09 15:09:04.343,4,-2.14,-6.36,2.16,150.3616,-170.9866,672.6434,175,75
2026-05-09 15:09:04.354,4,-1.5,-6.89,1.88,239.6316,-253.4266,710.9934000000001,175,75
2026-05-09 15:09:04.368,4,-1.62,-6.91,1.99,376.76160000000004,-380.01660000000004,816.2434000000001,175,75
2026-05-09 15:09:04.380,4,-2.93,-6.43,2.63,482.9816,-451.4166,843.3734000000001,175,75
2026-05-09 15:09:04.391,4,-3.59,-6.46,3.08,483.77160000000003,-482.51660000000004,778.0134,175,75
2026-05-09 15:09:04.413,4,-3.32,-6.66,2.39,238.96159999999998,-504.64660000000003,482.46340000000004,175,75
2026-05-09 15:09:04.423,4,-2.55,-5.43,1.17,119.3816,-542.4566,340.4434,175,75
2026-05-09 15:09:04.435,4,-2.66,-4.6,0.46,128.6516,-557.8166,266.4834,175,75
2026-05-09 15:09:04.460,4,-1.98,-4.39,-0.09,321.2116,-326.4166,190.6934,175,75
2026-05-09 15:09:04.471,4,-1.18,-4.38,0.38,353.90160000000003,-290.38660000000004,143.9234,175,75
2026-05-09 15:09:04.480,4,-0.71,-4.18,0.83,306.4616,-359.77660000000003,117.4034,175,75
2026-05-09 15:09:04.494,4,-0.93,-3.71,0.77,241.27159999999998,-443.1866,121.7934,175,75
2026-05-09 15:09:04.507,4,-1.37,-3.18,0.22,191.64159999999998,-480.38660000000004,109.6534,175,75
2026-05-09 15:09:04.522,4,-1.51,-2.81,-0.54,197.7416,-450.8066,49.1634,175,75
2026-05-09 15:09:04.535,4,-1.35,-2.23,-1.28,224.7516,-397.51660000000004,-50.22659999999999,175,75
2026-05-09 15:09:04.546,4,-1.23,-1.74,-1.66,234.2616,-385.8066,-151.6266,175,75
2026-05-09 15:09:04.552,4,-1.53,-1.07,-1.96,258.5316,-367.8166,-314.73659999999995,175,75
2026-05-09 15:09:04.568,4,-1.55,-0.56,-2.12,317.3716,-327.08660000000003,-431.2566,175,75
2026-05-09 15:09:04.579,4,-1.33,-0.05,-2.06,372.1916,-339.64660000000003,-473.1466,175,75
2026-05-09 15:09:04.584,4,2.46,2.09,-0.4,290.5416,-391.9066,-107.7866,175,75
2026-05-09 15:09:04.630,4,-1.21,0.85,-1.86,389.9916,-18.186600000000002,61.913399999999996,175,75
2026-05-09 15:09:04.643,4,-1.03,0.2,-1.53,182.4916,-55.446600000000004,82.46340000000001,175,75
2026-05-09 15:09:04.671,4,-0.64,1.3,-1.36,34.8716,-26.666600000000003,41.183400000000006,175,75
2026-05-09 15:09:04.671,4,0.06,1.82,-1.18,27.741600000000005,-89.70660000000001,89.10340000000001,175,75
2026-05-09 15:09:04.694,4,-0.4,1.84,-1.17,47.6116,-154.34660000000002,91.6634,175,75
2026-05-09 15:09:04.694,4,-0.3,1.38,-1.23,21.7016,-159.70659999999998,77.1534,175,75
2026-05-09 15:09:04.708,4,-0.06,1.05,-1.43,-48.9684,-86.2366,93.74340000000001,175,75
2026-05-09 15:09:04.718,4,-0.32,1.07,-1.29,-82.80839999999999,2.0533999999999963,104.10340000000001,175,75
2026-05-09 15:09:04.732,4,-0.14,1.08,-0.75,-99.02839999999999,149.0134,148.0034,175,75
2026-05-09 15:09:04.741,4,0.24,0.85,-0.45,-129.9484,207.91340000000002,151.3034,175,75
2026-05-09 15:09:04.757,4,0.5,0.46,-0.02,-154.6384,177.3634,153.9234,175,75
2026-05-09 15:09:04.776,4,0.13,0.05,0.17,-147.7484,337.97339999999997,90.38340000000001,175,75
2026-05-09 15:09:04.787,4,2.8,-0.72,0.43,-217.5684,316.3234,95.44340000000001,175,75
2026-05-09 15:09:04.792,4,1.45,-0.66,1.08,-214.8884,202.1134,84.7734,175,75
2026-05-09 15:09:04.819,4,1.77,-1.39,1.8,-219.14839999999998,215.16340000000002,3.3734,175,75
2026-05-09 15:09:04.830,4,1.75,-1.63,1.96,-265.0084,161.5134,14.223400000000002,175,75
2026-05-09 15:09:04.842,4,1.71,-1.62,2.29,-294.6984,203.03339999999997,-111.0766,175,75
2026-05-09 15:09:04.853,4,2.24,-1.33,2.34,-286.28839999999997,218.15339999999998,-111.5066,175,75
2026-05-09 15:09:04.883,4,2.01,-1.44,2.24,-236.58839999999998,243.52339999999998,-117.1766,175,75
2026-05-09 15:09:04.893,4,1.94,-1.88,2.4,-190.85839999999996,272.3034,-130.4666,175,75
2026-05-09 15:09:04.903,4,1.68,-2.63,3.06,-156.95839999999998,160.77339999999998,-214.1266,175,75
2026-05-09 15:09:04.924,4,1.46,-2.44,2.84,-196.09839999999997,134.1934,-291.9966,175,75
2026-05-09 15:09:04.934,4,1.45,-2.17,2.72,-204.33839999999998,162.79340000000002,-308.2066,175,75
2026-05-09 15:09:04.953,4,1.23,-2.23,2.64,-189.27839999999998,244.61339999999996,-323.5766,175,75
2026-05-09 15:09:04.962,4,1.05,-2.36,2.61,-171.40839999999997,263.8834,-340.8366,175,75
2026-05-09 15:09:04.973,4,0.82,-2.39,2.6,-137.4484,265.9034,-351.1366,175,75
2026-05-09 15:09:04.988,4,0.6,-2.39,2.73,-108.1184,226.8134,-363.5766,175,75
2026-05-09 15:09:04.998,4,0.4,-2.39,2.93,-106.9584,182.1134,-373.6966,175,75
2026-05-09 15:09:05.022,4,-0.05,-2.17,2.39,-148.90839999999997,99.1334,-429.5566,175,75
2026-05-09 15:09:05.033,4,-0.24,-1.94,2.11,-157.5084,71.3834,-427.41659999999996,175,75
2026-05-09 15:09:05.047,4,-0.37,-1.68,1.92,-159.39839999999998,50.413399999999996,-420.34659999999997,175,75
2026-05-09 15:09:05.059,4,-0.49,-1.42,1.7,-161.83839999999998,71.5034,-411.9266,175,75
2026-05-09 15:09:05.073,4,-0.46,-1.22,1.56,-167.0784,101.32339999999999,-401.3166,175,75
2026-05-09 15:09:05.089,4,-0.45,-0.99,1.49,-173.41840000000002,116.44340000000001,-377.78659999999996,175,75
2026-05-09 15:09:05.102,4,-0.6,-0.78,1.47,-171.64839999999998,127.4834,-350.5266,175,75
2026-05-09 15:09:05.102,4,-0.8,-0.61,1.53,-160.4284,131.9934,-329.0066,175,75
2026-05-09 15:09:05.115,4,-0.98,-0.41,1.68,-135.2484,117.3034,-313.6966,175,75
2026-05-09 15:09:05.127,4,-1.04,-0.22,1.76,-120.24839999999999,80.2234,-309.4266,175,75
2026-05-09 15:09:05.138,4,-0.98,-0.1,1.75,-124.4584,40.9034,-307.41659999999996,175,75
2026-05-09 15:09:05.150,4,-0.9,-0.01,1.66,-135.91840000000002,14.493399999999994,-299.91659999999996,175,75
2026-05-09 15:09:05.171,4,-0.86,0.12,1.45,-147.6884,-6.176600000000002,-282.29659999999996,175,75
2026-05-09 15:09:05.171,4,-0.89,0.2,1.3,-143.78840000000002,-1.5966000000000022,-271.2566,175,75
2026-05-09 15:09:05.197,4,-0.9,0.31,1.2,-134.39839999999998,51.5034,-247.9066,175,75
2026-05-09 15:09:05.210,4,-1.0,0.45,1.24,-127.0184,111.81339999999999,-213.81660000000002,175,75
2026-05-09 15:09:05.224,4,-0.95,0.48,1.29,-110.49839999999999,122.66340000000001,-211.9266,175,75
2026-05-09 15:09:05.239,4,-0.9,0.52,1.37,-93.84839999999998,107.4834,-210.3466,175,75
2026-05-09 15:09:05.249,4,-0.87,0.57,1.48,-75.49839999999999,71.8134,-205.6466,175,75
2026-05-09 15:09:05.263,4,-0.9,0.62,1.53,-61.83839999999999,39.313399999999994,-198.3366,175,75
2026-05-09 15:09:05.273,4,-0.91,0.66,1.54,-55.1884,17.243399999999994,-192.2966,175,75
2026-05-09 15:09:05.284,4,-0.9,0.69,1.51,-50.678399999999996,3.0333999999999968,-189.1866,175,75
2026-05-09 15:09:05.284,4,-0.9,0.75,1.48,-46.58839999999999,0.10339999999999705,-184.91660000000002,175,75
2026-05-09 15:09:05.317,4,-0.87,0.95,1.46,-36.4084,14.803399999999996,-166.44660000000002,175,75
2026-05-09 15:09:05.343,4,-0.94,1.17,1.54,-19.27839999999999,43.0334,-120.9566,175,75
2026-05-09 15:09:05.354,4,-0.98,1.21,1.64,-1.9583999999999975,75.2234,-89.1266,175,75
2026-05-09 15:09:05.365,4,-0.95,1.18,1.73,12.681600000000003,96.0234,-64.97659999999999,175,75
2026-05-09 15:09:05.377,4,-0.94,1.15,1.83,23.351600000000005,99.3134,-46.25659999999999,175,75
2026-05-09 15:09:05.377,4,-1.0,1.15,1.93,31.5216,95.1634,-27.536599999999996,175,75
2026-05-09 15:09:05.406,4,-1.17,1.18,2.16,48.2216,85.7134,21.543400000000002,175,75
2026-05-09 15:09:05.414,4,-1.24,1.28,2.27,56.27160000000001,70.29339999999999,48.683400000000006,175,75
2026-05-09 15:09:05.440,4,-1.18,1.65,2.47,98.2916,-16.236600000000003,142.8234,175,75
2026-05-09 15:09:05.451,4,-0.91,1.51,2.46,119.9316,-44.0966,201.4234,175,75
2026-05-09 15:09:05.462,4,-0.74,1.1,2.37,137.9216,-66.78659999999999,264.2234,175,75
2026-05-09 15:09:05.477,4,-0.73,0.6,2.26,158.7716,-93.4966,312.64340000000004,175,75
2026-05-09 15:09:05.489,4,-0.71,0.28,2.19,171.7616,-131.66660000000002,341.1134,175,75
2026-05-09 15:09:05.500,4,-0.74,0.11,2.09,181.1516,-185.5066,379.59340000000003,175,75
2026-05-09 15:09:05.512,4,-0.78,0.05,1.98,202.1316,-233.6766,431.7934,175,75
2026-05-09 15:09:05.527,4,-0.75,-0.11,1.87,236.64159999999998,-257.3366,487.40340000000003,175,75
2026-05-09 15:09:05.540,4,-0.7,-0.48,1.77,281.7016,-264.6466,545.6334,175,75
2026-05-09 15:09:05.557,4,-0.66,-1.67,1.58,382.3116,-336.6666,661.6034,175,75
2026-05-09 15:09:05.564,4,-0.7,-1.96,1.52,437.4316,-406.1766,700.6334,175,75
2026-05-09 15:09:05.587,4,-1.4,-2.77,2.25,609.8716000000001,-513.4266,797.7634,175,75
2026-05-09 15:09:05.598,4,-1.96,-3.31,2.83,662.3116,-643.1866,872.0334,175,75
2026-05-09 15:09:05.618,4,-4.11,-4.83,3.41,721.5216,-851.1766,935.6934,175,75
2026-05-09 15:09:05.629,4,-5.42,-6.69,3.45,690.4216,-893.9166,878.8034,175,75
2026-05-09 15:09:05.640,4,-6.62,-8.27,3.14,562.1916,-877.6966,724.7134,175,75
2026-05-09 15:09:05.651,4,-6.78,-8.87,2.18,427.9216,-801.3566000000001,556.6634,175,75
2026-05-09 15:09:05.662,4,-6.26,-9.25,0.95,366.27160000000003,-803.0666,404.2234,175,75
2026-05-09 15:09:05.674,4,-5.63,-8.72,-0.68,391.33160000000004,-832.7566,203.61339999999998,175,75
2026-05-09 15:09:05.697,4,-2.21,-5.82,-3.05,387.9216,-5.256600000000002,-12.726600000000001,175,75
2026-05-09 15:09:05.711,4,0.15,-3.73,-2.56,334.6316,196.02339999999998,212.8234,175,75
2026-05-09 15:09:05.722,4,-0.48,-2.67,-1.49,493.2916,64.1334,224.5334,175,75
2026-05-09 15:09:05.728,4,-1.03,-2.54,-0.48,665.4816000000001,93.6434,238.3134,175,75
2026-05-09 15:09:05.742,4,-0.53,-3.11,0.6,704.9916000000001,84.68339999999999,224.96339999999998,175,75
2026-05-09 15:09:05.755,4,-0.17,-3.78,2.04,575.6616,-148.3666,130.6934,175,75
2026-05-09 15:09:05.783,4,-0.05,-2.74,0.93,13.531600000000005,-433.1266,68.1934,175,75
2026-05-09 15:09:05.797,4,-0.21,-1.93,-0.2,-22.448399999999992,-502.14660000000003,47.763400000000004,175,75
2026-05-09 15:09:05.807,4,-0.88,-1.07,-0.99,65.6616,-502.02660000000003,-21.926599999999997,175,75
2026-05-09 15:09:05.825,4,-1.05,-0.45,-1.41,376.15160000000003,-348.7366,-228.2066,175,75
2026-05-09 15:09:05.836,4,-0.56,-0.35,-1.13,504.14160000000004,-348.3666,-319.2466,175,75
2026-05-09 15:09:05.852,4,-0.28,-0.22,-0.77,556.0916,-406.2966,-373.7566,175,75
2026-05-09 15:09:05.863,4,2.09,0.62,0.74,390.3016,-486.6666,-59.97659999999999,175,75
2026-05-09 15:09:05.874,4,-0.82,0.99,-0.39,204.3216,-526.4166,58.1334,175,75
2026-05-09 15:09:05.883,4,-1.5,0.46,-0.93,182.6816,-531.3566000000001,-84.1866,175,75
2026-05-09 15:09:05.894,4,-1.25,0.17,-0.89,180.3616,-523.5566,-101.3866,175,75
2026-05-09 15:09:05.907,4,-1.17,0.42,-0.73,149.6316,-487.6966,-67.5966,175,75
2026-05-09 15:09:05.918,4,-0.99,0.83,-0.62,78.9016,-442.51660000000004,-35.956599999999995,175,75
2026-05-09 15:09:05.931,4,-0.76,1.02,-0.64,42.9216,-464.0966,-60.346599999999995,175,75
2026-05-09 15:09:05.931,4,-0.94,1.21,-0.52,34.141600000000004,-517.8166,-59.066599999999994,175,75
2026-05-09 15:09:05.955,4,-1.68,1.45,-0.74,10.971600000000002,-485.1966,-58.14659999999999,175,75
2026-05-09 15:09:05.964,4,-1.45,1.53,-1.07,-22.388400000000004,-340.5666,-27.6666,175,75
2026-05-09 15:09:05.981,4,-1.43,1.57,-1.1,-39.758399999999995,-181.78660000000002,25.753400000000003,175,75
2026-05-09 15:09:05.993,4,-1.08,1.36,-0.99,-39.638400000000004,17.3634,51.793400000000005,175,75
2026-05-09 15:09:06.005,4,0.15,0.69,-0.72,-46.52839999999999,83.7034,86.1834,175,75
2026-05-09 15:09:06.018,4,-0.02,0.55,-0.09,-51.52839999999999,97.6034,61.9734,175,75
2026-05-09 15:09:06.044,4,0.12,0.26,0.35,-86.77839999999999,-157.02660000000003,59.1634,175,75
2026-05-09 15:09:06.056,4,-0.2,-0.09,0.03,-100.00840000000001,-195.3166,89.8334,175,75
2026-05-09 15:09:06.066,4,-0.48,-0.21,-0.28,-108.84839999999998,-114.4066,131.1834,175,75
2026-05-09 15:09:06.076,4,-0.21,-0.11,-0.41,-124.27839999999999,19.0034,140.0234,175,75
2026-05-09 15:09:06.087,4,0.51,0.14,-0.27,-152.1384,96.2034,144.2934,175,75
2026-05-09 15:09:06.109,4,0.91,0.17,-0.22,-167.5684,101.8134,152.8834,175,75
2026-05-09 15:09:06.124,4,0.72,-0.4,-0.32,-153.47840000000002,87.3634,149.5934,175,75
2026-05-09 15:09:06.145,4,0.49,-0.83,-0.18,-207.2584,195.59339999999997,158.2534,175,75
2026-05-09 15:09:06.158,4,0.76,-0.87,0.01,-234.8884,234.3134,152.0934,175,75
2026-05-09 15:09:06.167,4,1.01,-0.92,0.18,-244.9484,238.9434,147.5234,175,75
2026-05-09 15:09:06.196,4,1.17,-1.29,0.47,-269.2084,202.2434,110.3234,175,75
2026-05-09 15:09:06.222,4,1.5,-1.42,0.44,-276.7084,236.2034,70.4434,175,75
2026-05-09 15:09:06.232,4,1.68,-1.38,0.52,-287.1984,262.79339999999996,50.0834,175,75
2026-05-09 15:09:06.234,4,1.76,-1.4,0.57,-299.0284,291.2634,27.523400000000002,175,75
2026-05-09 15:09:06.247,4,1.78,-1.52,0.68,-314.1484,332.60339999999997,0.7534000000000027,175,75
2026-05-09 15:09:06.263,4,1.71,-1.78,0.79,-333.35839999999996,411.5734,-42.72659999999999,175,75
2026-05-09 15:09:06.275,4,1.64,-2.01,0.99,-350.73839999999996,498.0934,-89.4266,175,75
2026-05-09 15:09:06.329,4,0.54,-3.65,2.33,-279.0884,300.04339999999996,-237.9666,175,75
2026-05-09 15:09:06.370,4,-1.2,-2.55,2.59,-360.0084,304.61339999999996,-539.9166,175,75
2026-05-09 15:09:06.381,4,-0.84,-1.86,2.55,-352.2584,308.5234,-566.0766,175,75
2026-05-09 15:09:06.391,4,-0.65,-1.32,2.56,-340.2484,275.8334,-549.4866,175,75
2026-05-09 15:09:06.417,4,-0.45,-0.46,2.34,-317.0784,205.10340000000002,-331.5066,175,75
2026-05-09 15:09:06.428,4,-0.62,-0.52,2.08,-284.0284,187.42340000000002,-330.09659999999997,175,75
2026-05-09 15:09:06.438,4,-0.91,-0.5,1.98,-253.90839999999997,178.7634,-341.5666,175,75
2026-05-09 15:09:06.459,4,-1.17,-0.28,2.04,-228.23839999999996,186.6934,-338.9466,175,75
2026-05-09 15:09:06.470,4,-1.39,0.09,2.3,-211.34839999999997,188.58339999999998,-320.7766,175,75
2026-05-09 15:09:06.470,4,-1.37,0.44,2.47,-202.2584,190.65339999999998,-303.8866,175,75
2026-05-09 15:09:06.483,4,-1.16,0.69,2.52,-190.79839999999996,174.4334,-288.1466,175,75
2026-05-09 15:09:06.497,4,-0.88,0.83,2.45,-168.84839999999997,97.7234,-266.3166,175,75
2026-05-09 15:09:06.508,4,-0.89,0.78,2.27,-143.59839999999997,18.943399999999997,-245.8966,175,75
2026-05-09 15:09:06.519,4,-1.09,0.65,2.03,-118.47840000000001,-19.096600000000002,-230.8966,175,75
2026-05-09 15:09:06.541,4,-1.29,0.63,1.91,-108.6684,-21.116600000000002,-223.0866,175,75
2026-05-09 15:09:06.554,4,-1.5,0.75,1.87,-106.40839999999999,-7.396600000000003,-214.00660000000002,175,75
2026-05-09 15:09:06.579,4,-1.67,1.15,1.92,-88.1784,-11.786600000000004,-166.31660000000002,175,75
2026-05-09 15:09:06.591,4,-1.64,1.13,1.94,-46.0984,-60.3866,-101.4466,175,75
2026-05-09 15:09:06.606,4,-1.64,1.05,1.93,-28.2384,-87.2766,-75.7066,175,75
2026-05-09 15:09:06.617,4,-1.64,1.02,1.9,-16.708399999999997,-112.3366,-56.1366,175,75
2026-05-09 15:09:06.623,4,-1.64,1.01,1.85,-1.2283999999999935,-140.6266,-33.336600000000004,175,75
2026-05-09 15:09:06.637,4,-1.63,1.01,1.78,20.241600000000005,-181.1166,-4.0665999999999976,175,75
2026-05-09 15:09:06.667,4,-1.87,0.85,1.44,86.8216,-304.0366,96.5434,175,75
2026-05-09 15:09:06.678,4,-1.98,0.75,1.43,115.5416,-294.52660000000003,136.1834,175,75
2026-05-09 15:09:06.699,4,-1.14,0.02,1.2,203.41160000000002,-240.7466,223.3734,175,75
2026-05-09 15:09:06.713,4,-1.35,-0.13,1.23,207.8016,-339.83660000000003,273.9834,175,75
2026-05-09 15:09:06.724,4,-1.6,-0.44,0.97,255.72160000000002,-270.6866,335.8734,175,75
2026-05-09 15:09:06.770,4,-1.38,-1.59,1.43,324.6916,-31.726600000000005,640.5134,175,75
2026-05-09 15:09:06.782,4,-1.17,-2.21,1.97,343.96160000000003,-22.4566,744.7734,175,75
2026-05-09 15:09:06.793,4,-1.68,-3.01,2.52,406.58160000000004,-268.6766,768.3734000000001,175,75
2026-05-09 15:09:06.793,4,-2.24,-3.7,2.51,409.26160000000004,-275.07660000000004,787.0334,175,75
2026-05-09 15:09:06.808,4,-2.26,-4.62,2.37,332.7416,-139.4666,806.6034,175,75
2026-05-09 15:09:06.819,4,-1.97,-5.33,2.34,239.5016,-128.5566,772.6434,175,75
2026-05-09 15:09:06.840,4,-1.54,-6.43,1.66,257.4916,-122.1466,765.8134,175,75
2026-05-09 15:09:06.889,4,-2.43,-7.75,2.12,365.5416,-168.6766,692.8234,175,75
2026-05-09 15:09:06.925,4,-1.16,-4.93,1.23,235.48160000000001,-228.0066,433.3734,175,75
2026-05-09 15:09:06.942,4,-1.3,-4.12,1.02,211.7616,-227.6366,377.15340000000003,175,75
2026-05-09 15:09:06.966,4,-0.57,-3.34,1.05,197.98160000000001,-194.95659999999998,230.2634,175,75
2026-05-09 15:09:06.979,4,-0.26,-3.0,1.12,232.8616,-238.0066,167.1534,175,75
2026-05-09 15:09:06.979,4,-0.08,-2.73,1.1,260.1816,-288.3066,121.72340000000001,175,75
2026-05-09 15:09:07.012,4,0.19,-1.94,0.81,289.2616,-473.5566,-34.61659999999999,175,75
2026-05-09 15:09:07.012,4,0.28,-1.39,0.69,303.7716,-603.8566000000001,-107.4166,175,75
2026-05-09 15:09:07.028,4,1.24,-0.43,1.1,278.90160000000003,-738.8566000000001,-8.026599999999998,175,75
2026-05-09 15:09:07.041,4,-0.17,0.45,0.32,252.0716,-747.0866,61.3634,175,75
2026-05-09 15:09:07.052,4,-0.77,0.47,-0.36,259.3216,-679.1666,-49.42659999999999,175,75
2026-05-09 15:09:07.062,4,-0.63,0.37,-1.02,247.8016,-549.0366,-61.44659999999999,175,75
2026-05-09 15:09:07.085,4,-0.64,0.77,-1.78,200.54160000000002,-209.89659999999998,-31.746599999999997,175,75
2026-05-09 15:09:07.099,4,-0.76,0.9,-1.58,144.7516,-32.336600000000004,-1.5665999999999976,175,75
2026-05-09 15:09:07.121,4,-0.47,0.7,-0.95,110.6016,165.65339999999998,49.96340000000001,175,75
2026-05-09 15:09:07.133,4,-0.19,0.6,-0.65,95.05160000000001,141.5734,56.8534,175,75
2026-05-09 15:09:07.144,4,-0.06,0.66,-0.35,57.491600000000005,39.6134,45.0834,175,75
2026-05-09 15:09:07.164,4,-0.02,0.82,-0.24,24.141600000000004,-46.8466,27.5834,175,75
2026-05-09 15:09:07.179,4,-0.19,1.04,-0.24,-14.27839999999999,-155.5666,22.0334,175,75
2026-05-09 15:09:07.190,4,-0.36,0.97,-0.28,-21.468400000000003,-167.8166,29.7134,175,75
2026-05-09 15:09:07.201,4,-0.43,0.85,-0.3,-39.148399999999995,-153.5566,36.7234,175,75
2026-05-09 15:09:07.212,4,-0.37,0.85,-0.26,-59.69840000000001,-142.0866,37.4634,175,75
2026-05-09 15:09:07.212,4,-0.15,0.9,-0.15,-83.3584,-153.1266,44.4134,175,75
2026-05-09 15:09:07.223,4,-0.19,0.92,-0.13,-100.3684,-170.7466,49.3534,175,75
2026-05-09 15:09:07.235,4,-0.13,0.76,-0.27,-105.55839999999999,-164.46660000000003,32.6434,175,75
2026-05-09 15:09:07.246,4,0.54,0.48,-0.43,-115.3684,-116.59660000000001,17.1534,175,75
2026-05-09 15:09:07.259,4,0.26,0.57,-0.38,-149.9484,-57.946600000000004,35.7534,175,75
2026-05-09 15:09:07.300,4,-1.14,0.43,0.38,-160.0684,145.96339999999998,99.41340000000001,175,75
2026-05-09 15:09:07.321,4,1.87,-1.06,0.68,-175.0084,108.0334,153.6834,175,75
2026-05-09 15:09:07.332,4,0.64,-1.24,0.87,-191.70839999999998,45.71339999999999,95.63340000000001,175,75
2026-05-09 15:09:07.332,4,1.05,-1.41,1.21,-242.1384,96.7534,34.3534,175,75
2026-05-09 15:09:07.343,4,1.9,-1.51,1.04,-300.5584,67.18339999999999,13.863400000000002,175,75
2026-05-09 15:09:07.363,4,0.99,-1.55,0.67,-282.3184,112.2434,7.583400000000001,175,75
2026-05-09 15:09:07.374,4,1.2,-1.92,0.68,-272.9284,230.65339999999998,3.743400000000001,175,75
2026-05-09 15:09:07.399,4,1.41,-2.43,1.37,-310.0684,358.5834,-18.576599999999996,175,75
2026-05-09 15:09:07.411,4,1.67,-2.5,1.97,-298.0584,350.7734,-64.4266,175,75
2026-05-09 15:09:07.411,4,1.5,-2.7,2.4,-265.97839999999997,231.08339999999998,-133.5166,175,75
2026-05-09 15:09:07.422,4,1.27,-2.79,2.32,-271.9584,251.5734,-144.4966,175,75
2026-05-09 15:09:07.434,4,1.29,-2.73,2.33,-299.5784,260.04339999999996,-192.2966,175,75
2026-05-09 15:09:07.450,4,1.25,-2.69,2.39,-304.6384,284.3734,-218.81660000000002,175,75
2026-05-09 15:09:07.472,4,1.13,-2.83,2.92,-275.73839999999996,317.48339999999996,-291.5666,175,75
2026-05-09 15:09:07.483,4,1.02,-2.8,3.06,-256.8384,334.6834,-331.1966,175,75
2026-05-09 15:09:07.495,4,0.8,-2.71,3.2,-224.14839999999998,358.2134,-378.2066,175,75
2026-05-09 15:09:07.506,4,0.74,-2.63,3.15,-201.77839999999998,355.7734,-415.03659999999996,175,75
2026-05-09 15:09:07.521,4,0.54,-2.58,3.17,-191.95839999999998,337.79339999999996,-435.40659999999997,175,75
2026-05-09 15:09:07.529,4,0.27,-2.63,3.09,-172.0784,306.8134,-456.3166,175,75
2026-05-09 15:09:07.543,4,0.0,-2.74,2.9,-148.84839999999997,263.1534,-471.1366,175,75
2026-05-09 15:09:07.565,4,-0.39,-2.84,2.74,-134.27839999999998,176.2034,-483.9466,175,75
2026-05-09 15:09:07.577,4,-0.58,-2.76,2.7,-145.79840000000002,157.1834,-499.0666,175,75
2026-05-09 15:09:07.588,4,-0.7,-1.92,2.46,-170.3684,157.54340000000002,-521.0165999999999,175,75
2026-05-09 15:09:07.609,4,-0.68,-1.29,2.27,-153.1184,149.5534,-497.72659999999996,175,75
2026-05-09 15:09:07.611,4,-0.64,-0.87,2.15,-130.6784,131.6934,-473.9466,175,75
2026-05-09 15:09:07.632,4,-0.63,-0.52,2.15,-114.75840000000001,75.4734,-442.59659999999997,175,75
2026-05-09 15:09:07.643,4,-0.72,-0.31,2.05,-119.0884,44.6134,-415.8366,175,75
2026-05-09 15:09:07.696,4,-1.26,0.39,1.75,-124.1484,15.9634,-325.22659999999996,175,75
2026-05-09 15:09:07.709,4,-1.3,0.56,1.76,-112.9284,42.7934,-299.3666,175,75
2026-05-09 15:09:07.741,4,-1.09,0.62,1.73,-67.50840000000001,37.9734,-234.12660000000002,175,75
2026-05-09 15:09:07.798,4,-1.07,0.84,1.46,-17.318399999999997,-5.016600000000002,-150.7066,175,75
2026-05-09 15:09:07.812,4,-1.06,0.94,1.44,-11.168399999999991,19.8634,-128.5166,175,75
2026-05-09 15:09:07.829,4,-1.12,1.13,1.52,10.9116,63.763400000000004,-81.5666,175,75
2026-05-09 15:09:07.837,4,-1.16,1.21,1.61,31.641600000000004,90.7734,-53.456599999999995,175,75
2026-05-09 15:09:07.848,4,-1.11,1.23,1.69,49.5116,103.0334,-32.78659999999999,175,75
2026-05-09 15:09:07.859,4,-1.01,1.22,1.75,61.461600000000004,96.0234,-17.356599999999997,175,75
2026-05-09 15:09:07.871,4,-0.92,1.2,1.78,72.80160000000001,55.71339999999999,0.8134000000000015,175,75
2026-05-09 15:09:07.922,4,-1.24,1.28,1.73,102.86160000000001,4.133399999999998,69.5934,175,75
2026-05-09 15:09:07.933,4,-1.27,1.34,1.78,108.41159999999999,14.613399999999999,91.6634,175,75
2026-05-09 15:09:07.933,4,-1.22,1.39,1.82,114.0216,13.2134,115.1434,175,75
2026-05-09 15:09:07.946,4,-1.13,1.41,1.83,120.11160000000001,1.323399999999996,134.9634,175,75
2026-05-09 15:09:07.975,4,-0.9,1.24,1.8,153.6516,-73.42660000000001,214.2234,175,75
2026-05-09 15:09:07.987,4,-0.84,1.15,1.77,164.9916,-91.1166,240.99339999999998,175,75
2026-05-09 15:09:08.007,4,-0.76,0.97,1.65,183.7716,-157.27660000000003,303.1334,175,75
2026-05-09 15:09:08.027,4,-0.76,0.89,1.59,197.6116,-174.46660000000003,332.03340000000003,175,75
2026-05-09 15:09:08.038,4,-0.76,0.76,1.52,216.8216,-175.3866,365.6334,175,75
2026-05-09 15:09:08.038,4,-0.69,0.51,1.48,248.10160000000002,-146.59660000000002,419.4734,175,75
2026-05-09 15:09:08.054,4,-0.57,0.19,1.51,277.9816,-105.31660000000001,487.27340000000004,175,75
2026-05-09 15:09:08.123,4,-0.94,-2.39,2.25,338.3516,-218.5566,825.6334,175,75
2026-05-09 15:09:08.165,4,-3.0,-5.25,2.02,306.7616,-466.9066,825.9334,175,75
2026-05-09 15:09:08.252,4,-1.33,-5.32,1.26,392.6816,-364.3466,437.52340000000004,175,75
2026-05-09 15:09:08.252,4,-1.44,-4.79,1.26,367.8616,-388.7366,399.1034,175,75
2026-05-09 15:09:08.269,4,-1.47,-3.6,0.74,257.6816,-373.7966,214.0434,175,75
2026-05-09 15:09:08.301,4,-0.81,-2.76,0.38,193.35160000000002,-249.46660000000003,57.8834,175,75
2026-05-09 15:09:08.301,4,-0.25,-2.56,0.41,213.53160000000003,-207.51659999999998,14.833400000000001,175,75
2026-05-09 15:09:08.329,4,0.28,-2.33,0.66,286.7616,-208.0666,-21.6266,175,75
2026-05-09 15:09:08.329,4,0.37,-2.11,0.77,299.6916,-250.6266,-40.706599999999995,175,75
2026-05-09 15:09:08.344,4,0.3,-1.81,0.81,292.3716,-313.2466,-67.78659999999999,175,75
2026-05-09 15:09:08.344,4,0.16,-1.51,0.74,280.9716,-353.2466,-86.1366,175,75
2026-05-09 15:09:08.435,4,-0.65,0.75,-1.05,229.20159999999998,-392.02660000000003,-89.0666,175,75
2026-05-09 15:09:08.445,4,-0.89,0.79,-1.34,223.65160000000003,-292.27660000000003,-63.14659999999999,175,75
2026-05-09 15:09:08.478,4,-0.84,0.75,-1.38,196.8816,-211.0566,-27.4766,175,75
2026-05-09 15:09:08.512,4,-0.08,1.23,-0.4,-62.74839999999999,-250.3866,-6.136599999999998,175,75
2026-05-09 15:09:08.529,4,-0.9,1.32,-0.55,-49.02839999999999,-287.8166,-32.9666,175,75
2026-05-09 15:09:08.535,4,0.03,0.99,-1.05,-84.4584,-194.83659999999998,-17.2366,175,75
2026-05-09 15:09:08.546,4,-0.61,0.86,-0.89,-127.31840000000001,-134.5266,28.1334,175,75
2026-05-09 15:09:08.557,4,-0.47,0.71,-0.55,-112.68839999999999,94.3134,35.9934,175,75
2026-05-09 15:09:08.568,4,0.17,0.55,-0.11,-127.3884,207.97339999999997,89.96340000000001,175,75
2026-05-09 15:09:08.606,4,0.48,-0.5,0.54,-169.02839999999998,43.4634,66.6634,175,75
2026-05-09 15:09:08.639,4,0.37,-0.85,0.45,-205.91839999999996,-42.4566,45.263400000000004,175,75
2026-05-09 15:09:08.653,4,0.82,-0.59,0.41,-249.02839999999998,24.6834,53.6134,175,75
2026-05-09 15:09:08.668,4,0.88,-0.68,0.35,-243.1784,47.303399999999996,63.3134,175,75
2026-05-09 15:09:08.668,4,0.79,-0.89,0.3,-230.91839999999996,74.3734,71.9134,175,75
2026-05-09 15:09:08.730,4,0.8,-1.52,0.26,-235.79839999999996,187.0534,80.1434,175,75
2026-05-09 15:09:08.740,4,0.87,-1.69,0.59,-274.4584,270.9634,65.3234,175,75
2026-05-09 15:09:08.750,4,1.33,-1.73,1.34,-290.4984,316.3834,40.6334,175,75
2026-05-09 15:09:08.761,4,1.27,-2.0,1.77,-290.73839999999996,188.03339999999997,-37.72659999999999,175,75
2026-05-09 15:09:08.772,4,1.23,-1.9,1.74,-305.5584,225.29340000000002,-66.3166,175,75
2026-05-09 15:09:08.784,4,1.33,-1.72,1.65,-321.4684,236.8134,-110.58659999999999,175,75
2026-05-09 15:09:08.855,4,0.22,-2.51,2.33,-264.1484,304.92339999999996,-273.5166,175,75
2026-05-09 15:09:08.870,4,0.01,-2.64,2.53,-265.85839999999996,247.3034,-297.41659999999996,175,75
2026-05-09 15:09:08.885,4,-0.32,-2.66,2.51,-289.5784,195.41340000000002,-321.0166,175,75
2026-05-09 15:09:08.930,4,-0.65,-2.05,2.02,-288.72839999999997,192.97339999999997,-464.79659999999996,175,75
2026-05-09 15:09:08.946,4,-0.55,-1.7,1.97,-261.03839999999997,204.7434,-506.13659999999993,175,75
2026-05-09 15:09:08.946,4,-0.43,-1.34,2.02,-229.45839999999998,202.60340000000002,-531.0766,175,75
2026-05-09 15:09:08.975,4,-0.73,-0.05,2.08,-205.79839999999996,132.2434,-351.2566,175,75
2026-05-09 15:09:09.012,4,-0.69,0.23,1.92,-154.45839999999998,112.0534,-360.16659999999996,175,75
2026-05-09 15:09:09.029,4,-0.85,0.59,2.02,-158.53840000000002,80.1034,-300.28659999999996,175,75
2026-05-09 15:09:09.029,4,-1.18,0.81,2.12,-137.6284,86.3834,-270.6466,175,75
2026-05-09 15:09:09.125,4,-1.42,1.26,1.77,-5.008399999999995,-32.14660000000001,-82.3566,175,75
2026-05-09 15:09:09.139,4,-1.32,1.24,1.74,23.5916,-41.2966,-31.6266,175,75
2026-05-09 15:09:09.170,4,-1.3,1.1,1.69,63.101600000000005,-96.0566,15.573400000000001,175,75
2026-05-09 15:09:09.276,4,-1.22,-0.16,1.17,298.1616,-201.96660000000003,316.4234,175,75
2026-05-09 15:09:09.293,4,-1.09,-0.67,1.16,352.6116,-151.84660000000002,400.8134,175,75
2026-05-09 15:09:09.316,4,-0.99,-0.95,1.28,380.7916,-115.92660000000001,451.3634,175,75
2026-05-09 15:09:09.346,4,-0.74,-1.95,1.75,446.0316,-172.20659999999998,618.2534,175,75
2026-05-09 15:09:09.365,4,-1.33,-3.54,2.08,516.6416,-367.14660000000003,770.6934,175,75
2026-05-09 15:09:09.388,4,-2.21,-4.41,2.5,574.2016,-475.07660000000004,796.0534,175,75
2026-05-09 15:09:09.400,4,-3.15,-5.62,2.93,620.7216,-506.0566,796.1834,175,75
2026-05-09 15:09:09.417,4,-4.09,-8.2,3.21,577.3716,-675.6266,669.6534,175,75
2026-05-09 15:09:09.444,4,-4.07,-8.33,0.68,405.2416,-747.7566,341.0534,175,75
2026-05-09 15:09:09.458,4,-3.83,-7.27,-0.27,379.9916,-658.3066,213.74339999999998,175,75
2026-05-09 15:09:09.469,4,-3.18,-5.81,-1.13,375.9116,-438.9766,82.1534,175,75
2026-05-09 15:09:09.540,4,-1.12,-3.58,0.6,425.6616,-72.45660000000001,142.3334,175,75
2026-05-09 15:09:09.646,4,-1.98,2.05,-1.9,120.4816,-259.9566,-13.146599999999996,175,75
2026-05-09 15:09:09.774,4,-1.31,0.75,-0.36,-28.058399999999992,-602.5766,-43.8866,175,75
2026-05-09 15:09:09.786,4,-1.31,0.96,-0.64,-24.638400000000004,-496.1766,-13.396599999999996,175,75
2026-05-09 15:09:09.794,4,-1.3,1.36,-1.02,-23.66839999999999,-287.02660000000003,41.4834,175,75
2026-05-09 15:09:09.832,4,1.07,0.77,-0.66,-14.208399999999997,63.763400000000004,168.86339999999998,175,75
2026-05-09 15:09:09.857,4,0.51,0.44,-0.16,-20.308399999999992,20.473399999999998,130.6934,175,75
2026-05-09 15:09:09.876,4,0.5,-0.08,0.4,-49.94839999999999,0.22339999999999804,177.21339999999998,175,75
2026-05-09 15:09:09.876,4,0.76,-0.38,0.42,-72.62839999999998,-110.8666,138.61339999999998,175,75
2026-05-09 15:09:09.902,4,0.75,-0.51,0.12,-168.90839999999997,-369.2266,104.35340000000001,175,75
2026-05-09 15:09:09.913,4,0.74,-0.5,-0.36,-188.47839999999997,-390.9266,90.99340000000001,175,75
2026-05-09 15:09:09.987,4,0.84,-1.63,-1.61,-212.5684,211.2634,220.08339999999998,175,75
2026-05-09 15:09:10.001,4,1.8,-1.82,0.11,-330.1884,339.98339999999996,162.58339999999998,175,75
2026-05-09 15:09:10.018,4,2.03,-2.01,0.42,-339.3384,244.6834,105.9334,175,75
2026-05-09 15:09:10.032,4,2.15,-2.24,0.33,-371.03839999999997,148.7634,25.753400000000003,175,75
2026-05-09 15:09:10.074,4,1.8,-2.14,0.34,-445.5584,372.91339999999997,-43.14659999999999,175,75
2026-05-09 15:09:10.118,4,1.33,-2.49,0.84,-409.8184,523.1534,-88.8166,175,75
2026-05-09 15:09:10.118,4,1.07,-2.65,1.21,-369.2784,485.9034,-88.8866,175,75
2026-05-09 15:09:10.129,4,0.55,-2.59,1.48,-344.3384,433.0334,-100.7066,175,75
2026-05-09 15:09:10.144,4,-0.13,-2.36,1.62,-316.28839999999997,401.4434,-154.3666,175,75
2026-05-09 15:09:10.156,4,-0.47,-2.17,1.66,-294.4584,403.1534,-221.56660000000002,175,75
2026-05-09 15:09:10.156,4,-0.6,-1.87,1.69,-267.6884,413.7034,-309.4266,175,75
2026-05-09 15:09:10.166,4,-0.53,-1.57,1.75,-245.6184,407.91339999999997,-370.28659999999996,175,75
2026-05-09 15:09:10.175,4,-0.37,-1.09,1.87,-216.28839999999997,360.04339999999996,-424.73659999999995,175,75
2026-05-09 15:09:10.247,4,-0.6,0.17,1.76,-178.41840000000002,109.4934,-292.0566,175,75
2026-05-09 15:09:10.247,4,-0.51,0.22,1.79,-166.28840000000002,96.2034,-284.0666,175,75
2026-05-09 15:09:10.273,4,-0.67,0.56,1.58,-180.85840000000002,63.0334,-234.12660000000002,175,75
2026-05-09 15:09:10.319,4,-0.66,0.58,1.5,-146.77839999999998,81.7534,-209.4266,175,75
2026-05-09 15:09:10.329,4,-0.89,0.59,1.53,-123.2384,105.2234,-190.8966,175,75
2026-05-09 15:09:10.368,4,-0.84,0.74,1.7,-67.1984,88.0334,-154.2466,175,75
2026-05-09 15:09:10.483,4,-0.91,0.91,1.64,9.321600000000004,65.90339999999999,-86.50659999999999,175,75
2026-05-09 15:09:10.494,4,-0.92,0.93,1.62,18.471600000000002,49.68339999999999,-76.6266,175,75
2026-05-09 15:09:10.494,4,-0.93,0.95,1.56,31.5216,34.8634,-63.75659999999999,175,75
2026-05-09 15:09:10.500,4,-0.93,0.98,1.51,45.241600000000005,26.1434,-46.44659999999999,175,75
2026-05-09 15:09:10.532,4,-0.95,1.15,1.58,80.9116,22.7934,10.8734,175,75
2026-05-09 15:09:10.541,4,-0.97,1.25,1.69,101.9416,11.7534,39.2234,175,75
2026-05-09 15:09:10.551,4,-0.94,1.33,1.8,125.1816,-24.096600000000002,70.2034,175,75
2026-05-09 15:09:10.562,4,-0.95,1.37,1.9,148.9616,-77.8166,105.63340000000001,175,75
2026-05-09 15:09:10.570,4,-0.93,1.35,1.92,166.2716,-118.9166,130.5734,175,75
2026-05-09 15:09:10.581,4,-0.76,1.23,1.81,192.7416,-189.83659999999998,174.96339999999998,175,75
2026-05-09 15:09:10.592,4,-0.72,1.19,1.71,209.8116,-216.84660000000002,200.4434,175,75
2026-05-09 15:09:10.592,4,-0.74,1.17,1.62,233.83159999999998,-232.9466,230.08339999999998,175,75
2026-05-09 15:09:10.603,4,-0.75,1.15,1.54,270.0516,-239.40660000000003,272.6434,175,75
2026-05-09 15:09:10.628,4,-0.64,0.61,1.4,369.9916,-186.72660000000002,429.1634,175,75
2026-05-09 15:09:10.657,4,-0.58,0.19,1.37,408.4116,-156.1766,499.71340000000004,175,75
2026-05-09 15:09:10.657,4,-0.58,-0.24,1.38,439.26160000000004,-145.2566,558.6834,175,75
2026-05-09 15:09:10.732,4,-1.59,-2.96,2.74,551.2116,-439.95660000000004,875.5734,175,75
2026-05-09 15:09:10.754,4,-2.35,-3.52,2.86,555.7216,-468.1266,883.5534,175,75
2026-05-09 15:09:10.754,4,-2.75,-4.35,2.88,530.4816,-438.4266,859.7734,175,75
2026-05-09 15:09:10.766,4,-3.04,-5.84,2.71,464.26160000000004,-472.02660000000003,751.8534,175,75
2026-05-09 15:09:10.766,4,-3.21,-6.69,2.32,437.9216,-503.5566,670.9934000000001,175,75
2026-05-09 15:09:10.777,4,-3.1,-7.36,1.7,451.33160000000004,-541.9666,586.1134000000001,175,75
2026-05-09 15:09:10.791,4,-2.59,-7.17,0.72,521.0316,-549.4066,463.6834,175,75
2026-05-09 15:09:10.812,4,-2.57,-5.54,0.63,492.2516,-518.6166,313.0034,175,75
2026-05-09 15:09:10.823,4,-2.65,-4.51,0.52,444.14160000000004,-453.4266,179.3534,175,75
2026-05-09 15:09:10.838,4,-1.15,-3.56,0.38,325.2416,-270.0766,45.6334,175,75
2026-05-09 15:09:10.893,4,-0.69,-3.27,0.74,337.8616,-272.8866,117.58340000000001,175,75
2026-05-09 15:09:10.931,4,-1.07,-3.11,0.79,258.90160000000003,-352.33660000000003,10.993400000000001,175,75
2026-05-09 15:09:10.943,4,-1.2,-2.66,0.57,223.35160000000002,-373.1266,-74.55659999999999,175,75
2026-05-09 15:09:10.954,4,-0.87,-1.55,-0.18,229.9916,-356.3566,-224.91660000000002,175,75
2026-05-09 15:09:10.967,4,-0.91,-1.12,-0.36,263.7116,-363.6166,-288.2066,175,75
2026-05-09 15:09:10.979,4,-0.92,-0.7,-0.41,310.4816,-353.3066,-341.9966,175,75
2026-05-09 15:09:10.995,4,-0.7,-0.26,-0.34,352.6116,-386.3566,-374.1866,175,75
2026-05-09 15:09:11.006,4,0.4,0.83,0.4,260.8516,-450.6866,-113.08659999999999,175,75
2026-05-09 15:09:11.016,4,-1.36,1.23,-0.29,211.8216,-331.5366,-48.8866,175,75
2026-05-09 15:09:11.027,4,-1.19,0.84,-0.52,256.6416,-226.66660000000002,-80.03659999999999,175,75
2026-05-09 15:09:11.039,4,-0.85,0.62,-0.51,271.3316,-161.72660000000002,-36.566599999999994,175,75
2026-05-09 15:09:11.063,4,-1.02,0.73,-0.32,200.2416,-126.84660000000001,5.993400000000001,175,75
2026-05-09 15:09:11.078,4,-0.37,0.68,-0.37,149.5716,-133.3666,5.323400000000003,175,75
2026-05-09 15:09:11.086,4,-0.21,0.75,-0.22,83.7716,-250.1366,12.093400000000003,175,75
2026-05-09 15:09:11.099,4,-0.49,0.77,-0.26,36.3316,-288.8566,-33.5166,175,75
2026-05-09 15:09:11.113,4,-0.67,1.27,-0.2,-30.498400000000004,-278.4966,-13.396599999999996,175,75
2026-05-09 15:09:11.137,4,-1.22,1.65,-0.19,-54.888400000000004,-306.9666,21.7234,175,75
2026-05-09 15:09:11.137,4,-0.77,1.6,-0.62,-26.228399999999993,-178.2466,-21.0166,175,75
2026-05-09 15:09:11.154,4,0.75,1.09,-0.89,-53.8484,-254.89659999999998,32.2134,175,75
2026-05-09 15:09:11.165,4,-0.45,0.94,-0.51,-69.3384,9.193399999999997,43.6134,175,75
2026-05-09 15:09:11.204,4,-0.24,1.01,-0.36,-85.4284,172.97339999999997,90.0234,175,75
2026-05-09 15:09:11.204,4,0.12,0.76,-0.07,-85.18839999999999,167.97339999999997,87.8234,175,75
2026-05-09 15:09:11.240,4,0.45,-0.15,0.32,-103.1784,-61.116600000000005,88.8634,175,75
2026-05-09 15:09:11.240,4,0.62,-0.31,0.16,-134.51839999999999,-113.7966,80.2634,175,75
2026-05-09 15:09:11.264,4,0.78,0.02,-0.25,-166.28840000000002,-105.31660000000001,77.6434,175,75
2026-05-09 15:09:11.275,4,0.77,-0.17,-0.53,-158.53840000000002,-36.116600000000005,106.72340000000001,175,75
2026-05-09 15:09:11.286,4,0.75,-0.54,-0.69,-162.1384,14.133399999999995,131.2434,175,75
2026-05-09 15:09:11.297,4,0.79,-0.98,-0.64,-179.7584,91.2034,142.7034,175,75
2026-05-09 15:09:11.324,4,1.04,-1.22,-0.46,-221.95839999999998,148.46339999999998,142.2134,175,75
2026-05-09 15:09:11.339,4,1.13,-0.99,0.07,-283.23839999999996,209.4934,116.4234,175,75
2026-05-09 15:09:11.371,4,1.1,-1.44,0.39,-305.97839999999997,175.96339999999998,85.6934,175,75
2026-05-09 15:09:11.383,4,1.12,-1.81,0.49,-335.0684,231.2034,54.043400000000005,175,75
2026-05-09 15:09:11.383,4,1.3,-1.95,0.59,-357.9284,263.3334,28.863400000000002,175,75
2026-05-09 15:09:11.435,4,1.15,-2.05,1.19,-388.66839999999996,339.61339999999996,-38.33659999999999,175,75
2026-05-09 15:09:11.441,4,1.36,-2.21,1.63,-374.2084,325.8334,-96.1366,175,75
2026-05-09 15:09:11.465,4,1.06,-2.34,1.76,-361.4084,312.66339999999997,-180.3466,175,75
2026-05-09 15:09:11.480,4,0.9,-2.37,1.6,-391.5284,358.7034,-242.05660000000003,175,75
2026-05-09 15:09:11.506,4,0.63,-2.87,1.98,-369.3384,303.0934,-235.2866,175,75
2026-05-09 15:09:11.532,4,-0.69,-3.1,2.34,-351.22839999999997,241.8734,-360.22659999999996,175,75
2026-05-09 15:09:11.575,4,-0.7,-2.67,2.45,-363.78839999999997,294.86339999999996,-455.22659999999996,175,75
2026-05-09 15:09:11.579,4,-0.31,-1.43,2.58,-347.7484,270.04339999999996,-517.1766,175,75
2026-05-09 15:09:11.591,4,-0.01,-0.94,2.68,-338.1784,216.7534,-457.47659999999996,175,75
2026-05-09 15:09:11.610,4,-0.94,-0.22,2.3,-239.27839999999998,184.3734,-363.6966,175,75
2026-05-09 15:09:11.637,4,-0.64,0.02,2.34,-228.47839999999997,171.5734,-355.9566,175,75
2026-05-09 15:09:11.637,4,-0.65,0.17,2.32,-227.7484,159.6134,-326.2566,175,75
2026-05-09 15:09:11.648,4,-0.8,0.23,2.25,-204.7584,147.48340000000002,-310.28659999999996,175,75
2026-05-09 15:09:11.674,4,-1.08,0.28,2.29,-174.27839999999998,136.9934,-303.3966,175,75
2026-05-09 15:09:11.684,4,-1.4,0.4,2.42,-147.4484,125.90339999999999,-291.5666,175,75
2026-05-09 15:09:11.684,4,-1.71,0.7,2.53,-120.3684,87.4834,-266.7466,175,75
2026-05-09 15:09:11.694,4,-1.62,0.81,2.52,-112.9284,49.743399999999994,-249.9166,175,75
2026-05-09 15:09:11.706,4,-1.59,0.91,2.48,-108.2984,6.323399999999996,-223.2766,175,75
2026-05-09 15:09:11.713,4,-1.6,0.95,2.38,-100.6784,-24.836600000000004,-191.31660000000002,175,75
2026-05-09 15:09:11.730,4,-1.66,0.95,2.19,-85.97840000000001,-43.8566,-148.3966,175,75
2026-05-09 15:09:11.749,4,-1.58,0.87,1.94,-58.05839999999999,-40.7466,-90.64659999999999,175,75
2026-05-09 15:09:11.763,4,-1.77,0.83,1.85,-47.6284,-84.1666,-47.47659999999999,175,75
2026-05-09 15:09:11.779,4,-2.0,0.93,1.84,-19.27839999999999,-76.5966,-22.2366,175,75
2026-05-09 15:09:11.799,4,-1.51,0.85,1.72,28.351600000000005,-215.7466,33.4334,175,75
2026-05-09 15:09:11.839,4,-1.76,0.62,1.33,65.3616,-402.8166,86.24340000000001,175,75
2026-05-09 15:09:11.840,4,-1.97,0.6,1.17,94.5116,-401.1166,99.5334,175,75
2026-05-09 15:09:11.881,4,-2.03,0.58,1.02,127.1916,-351.8466,112.33340000000001,175,75
2026-05-09 15:09:11.905,4,-1.66,0.53,0.95,188.9616,-251.72660000000002,189.3534,175,75
2026-05-09 15:09:11.916,4,-1.12,-0.35,0.85,311.40160000000003,-224.58659999999998,321.7234,175,75
2026-05-09 15:09:11.931,4,-1.28,-0.42,0.86,327.0716,-227.57659999999998,367.58340000000004,175,75
2026-05-09 15:09:11.943,4,-1.42,-0.84,0.98,377.3716,-108.42660000000001,520.3833999999999,175,75
2026-05-09 15:09:11.977,4,-0.97,-2.25,1.53,416.15160000000003,-56.116600000000005,809.9034,175,75
2026-05-09 15:09:12.013,4,-2.94,-4.78,2.43,480.2416,-319.2866,894.4134,175,75
2026-05-09 15:09:12.023,4,-3.34,-6.17,2.65,384.5716,-141.41660000000002,854.4134,175,75
2026-05-09 15:09:12.023,4,-3.2,-6.91,2.52,275.1116,-108.3066,761.4234,175,75
2026-05-09 15:09:12.034,4,-2.55,-7.69,2.1,252.0016,-171.53660000000002,734.1034,175,75
2026-05-09 15:09:12.048,4,-2.06,-8.08,1.6,303.2216,-262.2066,772.7634,175,75
2026-05-09 15:09:12.057,4,-2.64,-7.56,1.42,397.3716,-255.6266,729.9034,175,75
2026-05-09 15:09:12.069,4,-2.81,-7.08,1.5,381.21160000000003,-212.8866,632.0334,175,75
2026-05-09 15:09:12.082,4,-2.51,-5.99,1.45,316.5816,-176.0566,478.5534,175,75
2026-05-09 15:09:12.095,4,-1.69,-5.16,1.31,241.46159999999998,-145.07659999999998,364.0434,175,75
2026-05-09 15:09:12.110,4,-0.92,-4.45,1.18,181.2716,-202.27660000000003,297.09340000000003,175,75
2026-05-09 15:09:12.139,4,-0.75,-3.27,0.96,187.1916,-269.77660000000003,235.2034,175,75
2026-05-09 15:09:12.152,4,-0.6,-3.02,0.98,208.96159999999998,-298.5566,169.77339999999998,175,75
2026-05-09 15:09:12.162,4,-0.54,-2.74,1.01,214.02159999999998,-338.4266,102.46340000000001,175,75
2026-05-09 15:09:12.179,4,-0.48,-2.32,0.93,211.52159999999998,-399.2866,11.113400000000002,175,75
2026-05-09 15:09:12.179,4,-0.41,-1.9,0.76,204.4416,-455.7466,-73.8866,175,75
2026-05-09 15:09:12.195,4,-0.36,-1.48,0.57,211.8816,-505.6866,-138.63660000000002,175,75
2026-05-09 15:09:12.198,4,-0.3,-0.96,0.24,251.64159999999998,-565.0766,-207.1766,175,75
2026-05-09 15:09:12.209,4,0.54,-0.31,0.21,295.4816,-622.5766,-199.6166,175,75
2026-05-09 15:09:12.232,4,0.15,0.79,0.23,280.1116,-703.8566000000001,17.273400000000002,175,75
2026-05-09 15:09:12.243,4,-1.05,1.02,-0.49,277.4916,-569.8966,-29.4866,175,75
2026-05-09 15:09:12.254,4,-0.77,0.83,-1.13,241.8816,-205.5066,-23.146599999999996,175,75
2026-05-09 15:09:12.264,4,-0.56,0.79,-1.14,241.21159999999998,-80.8066,22.1534,175,75
2026-05-09 15:09:12.337,4,-0.38,0.61,-0.67,197.98160000000001,-14.346600000000002,33.3134,175,75
2026-05-09 15:09:12.359,4,-0.26,0.77,-0.55,101.4616,-83.06660000000001,5.8134000000000015,175,75
2026-05-09 15:09:12.359,4,-0.32,0.89,-0.63,79.2616,-110.1366,2.0334000000000003,175,75
2026-05-09 15:09:12.369,4,-0.44,0.96,-0.68,55.421600000000005,-110.6866,8.683400000000002,175,75
2026-05-09 15:09:12.380,4,-0.62,1.04,-0.68,23.901600000000002,-72.1466,35.9934,175,75
2026-05-09 15:09:12.391,4,-0.64,1.05,-0.62,5.851600000000005,-26.666600000000003,52.6434,175,75
2026-05-09 15:09:12.407,4,-0.02,0.84,-0.36,-34.148399999999995,-85.3866,56.543400000000005,175,75
2026-05-09 15:09:12.419,4,0.04,0.67,-0.49,-52.258399999999995,-143.5566,-7.416599999999999,175,75
2026-05-09 15:09:12.525,4,-1.78,1.22,-0.09,-103.59839999999998,55.2234,80.4434,175,75
2026-05-09 15:09:12.548,4,0.53,-0.06,0.75,-121.40839999999999,-22.8866,43.0034,175,75
2026-05-09 15:09:12.558,4,0.87,-0.48,0.5,-187.4484,-240.4466,-3.516599999999997,175,75
2026-05-09 15:09:12.558,4,0.88,-0.7,0.08,-200.73839999999996,-284.70660000000004,-11.506599999999995,175,75
2026-05-09 15:09:12.558,4,0.94,-1.05,-0.28,-214.20839999999998,-256.4166,8.313400000000001,175,75
2026-05-09 15:09:12.569,4,1.09,-1.24,-0.42,-278.0584,-76.5966,58.1334,175,75
2026-05-09 15:09:12.580,4,1.4,-1.47,-0.46,-307.1384,19.0734,58.8634,175,75
2026-05-09 15:09:12.597,4,1.67,-2.7,-0.3,-340.1284,293.8834,39.653400000000005,175,75
2026-05-09 15:09:12.610,4,1.62,-2.91,-0.03,-365.85839999999996,399.8034,31.8534,175,75
2026-05-09 15:09:12.621,4,1.88,-3.1,0.47,-398.84839999999997,521.9934,16.543400000000002,175,75
2026-05-09 15:09:12.644,4,1.83,-3.67,1.99,-365.0684,289.6834,-140.4066,175,75
2026-05-09 15:09:12.660,4,1.83,-3.63,2.1,-394.2084,253.9434,-211.7466,175,75
2026-05-09 15:09:12.660,4,1.61,-3.45,1.96,-416.4084,281.0234,-248.75660000000002,175,75
2026-05-09 15:09:12.671,4,1.56,-3.32,2.01,-404.6984,292.66339999999997,-281.3866,175,75
2026-05-09 15:09:12.684,4,1.23,-3.23,1.88,-375.0684,365.5334,-324.4266,175,75
2026-05-09 15:09:12.697,4,0.93,-3.18,1.78,-367.9284,380.41339999999997,-342.41659999999996,175,75
2026-05-09 15:09:12.697,4,0.55,-3.23,1.78,-357.5084,374.7434,-347.59659999999997,175,75
2026-05-09 15:09:12.716,4,0.29,-3.4,2.0,-333.1784,371.2034,-364.4266,175,75
2026-05-09 15:09:12.716,4,0.09,-3.59,2.19,-309.5784,355.7734,-391.1366,175,75
2026-05-09 15:09:12.728,4,-0.23,-3.53,2.31,-305.6784,322.79339999999996,-408.8866,175,75
2026-05-09 15:09:12.740,4,-0.61,-3.08,2.33,-311.22839999999997,315.6534,-417.53659999999996,175,75
2026-05-09 15:09:12.747,4,-0.79,-2.47,2.32,-310.79839999999996,296.0834,-444.79659999999996,175,75
2026-05-09 15:09:12.756,4,-0.73,-2.05,2.19,-306.03839999999997,299.0034,-455.22659999999996,175,75
2026-05-09 15:09:12.774,4,-0.57,-1.57,2.08,-294.5784,251.7534,-438.0266,175,75
2026-05-09 15:09:12.925,4,-1.0,-0.11,1.48,-182.0784,67.3034,-298.9466,175,75
2026-05-09 15:09:12.931,4,-1.0,0.06,1.57,-144.7584,94.5534,-280.34659999999997,175,75
2026-05-09 15:09:12.939,4,-1.0,0.14,1.65,-127.9284,95.1034,-265.7066,175,75
2026-05-09 15:09:12.953,4,-1.03,0.19,1.67,-118.96839999999999,78.0934,-255.8366,175,75
2026-05-09 15:09:12.969,4,-1.25,0.51,1.67,-96.8384,63.883399999999995,-213.75660000000002,175,75
2026-05-09 15:09:12.982,4,-1.27,0.66,1.74,-84.1484,78.6434,-194.06660000000002,175,75
2026-05-09 15:09:12.990,4,-1.23,0.75,1.79,-71.09839999999998,88.8834,-177.2966,175,75
2026-05-09 15:09:12.990,4,-1.14,0.84,1.84,-56.648399999999995,88.2734,-160.5266,175,75
2026-05-09 15:09:13.014,4,-1.04,0.89,1.87,-40.498400000000004,68.9434,-141.9266,175,75
2026-05-09 15:09:13.014,4,-1.0,0.93,1.86,-26.288399999999996,46.4434,-124.24659999999999,175,75
2026-05-09 15:09:13.022,4,-0.98,0.96,1.82,-13.478399999999993,34.6134,-109.4266,175,75
2026-05-09 15:09:13.033,4,-0.96,0.98,1.78,-1.2883999999999958,34.1934,-94.30659999999999,175,75
2026-05-09 15:09:13.050,4,-0.87,1.06,1.72,16.211600000000004,51.1434,-67.05659999999999,175,75
2026-05-09 15:09:13.060,4,-0.85,1.11,1.73,23.471600000000002,61.873400000000004,-56.44659999999999,175,75
2026-05-09 15:09:13.065,4,-0.84,1.17,1.76,31.0916,76.93339999999999,-40.52659999999999,175,75
2026-05-09 15:09:13.078,4,-0.91,1.24,1.86,40.4216,88.2134,-15.466599999999996,175,75
2026-05-09 15:09:13.090,4,-1.01,1.32,2.0,51.4016,85.7134,5.573400000000003,175,75
2026-05-09 15:09:13.108,4,-1.07,1.41,2.15,63.8316,64.9234,25.753400000000003,175,75
2026-05-09 15:09:13.120,4,-1.03,1.43,2.25,78.9016,36.023399999999995,40.5034,175,75
2026-05-09 15:09:13.134,4,-0.92,1.41,2.32,92.61160000000001,-13.856600000000004,53.4934,175,75
2026-05-09 15:09:13.148,4,-0.83,1.39,2.33,99.4416,-163.3666,81.5434,175,75
2026-05-09 15:09:13.161,4,-0.85,1.41,2.19,102.0116,-247.6966,92.52340000000001,175,75
2026-05-09 15:09:13.171,4,-0.88,1.45,2.04,108.6516,-301.5366,102.88340000000001,175,75
2026-05-09 15:09:13.183,4,-0.92,1.46,1.82,129.6316,-336.5966,128.9834,175,75
2026-05-09 15:09:13.187,4,-0.9,1.41,1.68,147.9216,-331.5966,162.4034,175,75
2026-05-09 15:09:13.198,4,-0.87,1.26,1.52,170.0516,-301.9666,221.18339999999998,175,75
2026-05-09 15:09:13.210,4,-0.84,1.06,1.43,183.5916,-275.6266,268.6834,175,75
2026-05-09 15:09:13.244,4,-0.77,0.07,1.42,251.03160000000003,-220.2566,440.5034,175,75
2026-05-09 15:09:13.266,4,-0.84,-0.77,1.54,290.3616,-179.58659999999998,563.4934000000001,175,75
2026-05-09 15:09:13.279,4,-0.88,-1.28,1.62,296.3316,-191.84660000000002,628.9834000000001,175,75
2026-05-09 15:09:13.290,4,-1.02,-1.75,1.74,303.4116,-237.39659999999998,689.4734,175,75
2026-05-09 15:09:13.343,4,-2.06,-3.07,1.8,262.8016,-153.4266,727.9434,175,75
2026-05-09 15:09:13.343,4,-2.06,-3.25,1.84,261.6416,-142.6366,705.7534,175,75
2026-05-09 15:09:13.353,4,-2.01,-3.59,1.9,274.2016,-185.01659999999998,717.8234,175,75
2026-05-09 15:09:13.368,4,-2.17,-4.4,2.02,309.6916,-313.9166,775.6334,175,75
2026-05-09 15:09:13.390,4,-2.99,-5.85,2.06,379.3816,-418.2466,793.4934000000001,175,75
2026-05-09 15:09:13.413,4,-1.56,-6.39,1.27,244.3216,-155.07659999999998,501.1134,175,75
2026-05-09 15:09:13.432,4,-1.21,-5.07,1.2,234.5716,-279.2866,445.3234,175,75
2026-05-09 15:09:13.447,4,-1.63,-4.15,1.13,269.8716,-337.33660000000003,414.2234,175,75
2026-05-09 15:09:13.458,4,-1.65,-3.93,1.11,295.3616,-319.89660000000003,349.1634,175,75
2026-05-09 15:09:13.471,4,-1.07,-3.62,1.01,221.09160000000003,-263.3066,217.52339999999998,175,75
2026-05-09 15:09:13.492,4,-0.73,-3.28,0.92,190.97160000000002,-250.4466,152.4034,175,75
2026-05-09 15:09:13.504,4,-0.39,-3.06,0.87,188.41160000000002,-257.5766,102.46340000000001,175,75
2026-05-09 15:09:13.514,4,-0.02,-2.81,0.83,218.16160000000002,-307.20660000000004,40.0234,175,75
2026-05-09 15:09:13.514,4,0.12,-2.54,0.84,251.9416,-365.13660000000004,-1.6265999999999998,175,75
2026-05-09 15:09:13.528,4,0.12,-2.2,0.81,279.0816,-430.3166,-41.626599999999996,175,75
2026-05-09 15:09:13.554,4,0.04,-1.8,0.72,296.9416,-493.1266,-88.69659999999999,175,75
2026-05-09 15:09:13.558,4,-0.04,-1.38,0.55,316.6416,-573.8566000000001,-141.50660000000002,175,75
2026-05-09 15:09:13.571,4,-0.12,-1.02,0.31,338.2216,-650.5666,-181.38660000000002,175,75
2026-05-09 15:09:13.591,4,-0.59,0.09,-0.09,306.9416,-877.2766,-107.59659999999998,175,75
2026-05-09 15:09:13.602,4,-1.5,0.28,-0.84,254.20159999999998,-795.1366,-158.2066,175,75
2026-05-09 15:09:13.612,4,-1.66,0.33,-1.38,203.29160000000002,-702.3366,-189.5566,175,75
2026-05-09 15:09:13.634,4,-2.2,0.98,-1.98,76.2116,-456.9066,-128.94660000000002,175,75
2026-05-09 15:09:13.649,4,-2.05,1.45,-1.99,30.3016,-193.6766,-95.28659999999999,175,75
2026-05-09 15:09:13.670,4,-0.13,1.44,-1.32,30.361600000000003,171.8134,3.923400000000001,175,75
2026-05-09 15:09:13.696,4,-0.3,1.15,-0.49,21.7616,163.09339999999997,43.433400000000006,175,75
2026-05-09 15:09:13.707,4,-0.79,1.16,0.31,-29.578400000000002,83.9434,8.683400000000002,175,75
2026-05-09 15:09:13.718,4,0.37,0.8,-0.08,-88.1184,-47.14660000000001,-18.636599999999998,175,75
2026-05-09 15:09:13.729,4,-0.36,0.79,-0.15,-127.9284,-269.9566,-43.456599999999995,175,75
2026-05-09 15:09:13.744,4,-0.65,0.73,-0.42,-109.3384,-253.2466,-56.86659999999999,175,75
2026-05-09 15:09:13.744,4,-0.64,0.73,-0.59,-118.53840000000001,-147.7566,-13.756599999999995,175,75
2026-05-09 15:09:13.768,4,-0.7,0.66,-0.69,-143.1784,-4.956600000000002,33.7434,175,75
2026-05-09 15:09:13.768,4,-0.56,0.45,-0.55,-149.14839999999998,73.0334,47.0934,175,75
2026-05-09 15:09:13.777,4,-0.25,0.17,-0.24,-160.3084,121.81339999999999,77.21340000000001,175,75
2026-05-09 15:09:13.799,4,0.04,-0.41,0.03,-181.09839999999997,91.2634,104.16340000000001,175,75
2026-05-09 15:09:13.809,4,0.13,-0.72,0.12,-193.1184,70.8334,106.85340000000001,175,75
2026-05-09 15:09:13.821,4,0.28,-1.0,0.22,-218.1784,57.053399999999996,101.24340000000001,175,75
2026-05-09 15:09:13.839,4,0.41,-1.08,0.28,-252.1384,45.90339999999999,93.2534,175,75
2026-05-09 15:09:13.844,4,0.47,-1.06,0.28,-270.97839999999997,47.3634,89.96340000000001,175,75
2026-05-09 15:09:13.852,4,0.58,-1.18,0.21,-275.5584,70.1034,91.3634,175,75
2026-05-09 15:09:13.880,4,0.71,-1.64,0.02,-286.9584,128.58339999999998,107.7634,175,75
2026-05-09 15:09:13.890,4,0.73,-1.85,0.06,-296.7084,170.47339999999997,107.7634,175,75
2026-05-09 15:09:13.902,4,0.78,-2.01,0.16,-314.3384,213.7634,105.7534,175,75
2026-05-09 15:09:13.942,4,1.4,-2.25,0.77,-361.6484,363.4634,35.0234,175,75
2026-05-09 15:09:13.954,4,1.48,-2.44,0.97,-371.9584,391.8734,29.2234,175,75
2026-05-09 15:09:13.968,4,1.49,-2.99,1.45,-370.4984,352.85339999999997,-20.5866,175,75
2026-05-09 15:09:13.979,4,1.25,-3.28,1.64,-353.23839999999996,309.0734,-62.72659999999999,175,75
2026-05-09 15:09:13.990,4,1.01,-3.32,1.75,-368.72839999999997,313.5834,-117.2966,175,75
2026-05-09 15:09:13.997,4,0.88,-3.29,1.86,-401.03839999999997,329.0734,-190.28660000000002,175,75
2026-05-09 15:09:14.008,4,0.81,-3.33,1.99,-426.4084,345.7734,-251.74660000000003,175,75
2026-05-09 15:09:14.040,4,0.36,-3.3,2.11,-435.73839999999996,287.48339999999996,-271.9266,175,75
2026-05-09 15:09:14.040,4,-0.03,-3.32,2.14,-422.4484,247.79339999999996,-270.9566,175,75
2026-05-09 15:09:14.053,4,-0.38,-3.38,2.14,-399.0284,232.97339999999997,-299.4266,175,75
2026-05-09 15:09:14.072,4,-0.67,-3.38,2.09,-374.8884,257.11339999999996,-365.6466,175,75
2026-05-09 15:09:14.072,4,-0.71,-3.18,2.11,-362.3184,295.41339999999997,-423.3966,175,75
2026-05-09 15:09:14.083,4,-0.63,-2.57,2.24,-337.9284,324.4934,-482.78659999999996,175,75
2026-05-09 15:09:14.096,4,-0.59,-2.03,2.38,-310.91839999999996,318.1534,-500.9566,175,75
2026-05-09 15:09:14.106,4,-0.73,-1.45,2.54,-287.0784,284.0734,-503.6966,175,75
2026-05-09 15:09:14.118,4,-0.92,-1.01,2.66,-264.9484,259.86339999999996,-499.61659999999995,175,75
2026-05-09 15:09:14.138,4,-0.69,-0.42,2.73,-241.34839999999997,215.53339999999997,-476.3166,175,75
2026-05-09 15:09:14.149,4,-0.52,0.09,2.8,-258.35839999999996,141.4434,-374.1266,175,75
2026-05-09 15:09:14.170,4,-0.84,0.44,2.3,-243.47839999999997,50.71339999999999,-309.1266,175,75
2026-05-09 15:09:14.180,4,-1.08,0.46,2.14,-211.46839999999997,30.5334,-292.0566,175,75
2026-05-09 15:09:14.191,4,-1.3,0.54,2.16,-190.79839999999996,41.4434,-260.28659999999996,175,75
2026-05-09 15:09:14.201,4,-1.5,0.66,2.25,-169.9484,79.5534,-225.9566,175,75
2026-05-09 15:09:14.212,4,-1.47,0.78,2.37,-147.3184,116.5134,-201.6866,175,75
2026-05-09 15:09:14.212,4,-1.33,0.85,2.45,-128.66840000000002,106.6334,-186.9966,175,75
2026-05-09 15:09:14.235,4,-1.25,0.9,2.47,-106.6484,33.7634,-160.9566,175,75
2026-05-09 15:09:14.235,4,-1.45,0.91,2.4,-82.0184,-38.3066,-129.91660000000002,175,75
2026-05-09 15:09:14.257,4,-1.65,0.86,2.21,-45.7984,-65.9966,-101.0766,175,75
2026-05-09 15:09:14.268,4,-1.58,0.82,2.04,-17.258399999999995,-67.3966,-84.97659999999999,175,75
2026-05-09 15:09:14.297,4,-1.47,0.77,1.79,33.2216,-115.9966,-33.696600000000004,175,75
2026-05-09 15:09:14.306,4,-1.53,0.66,1.68,66.8216,-136.78660000000002,-2.666599999999999,175,75
2026-05-09 15:09:14.330,4,-1.49,0.51,1.49,112.61160000000001,-166.2966,25.8134,175,75
2026-05-09 15:09:14.330,4,-1.46,0.47,1.42,126.0316,-181.1766,38.433400000000006,175,75
2026-05-09 15:09:14.349,4,-1.43,0.46,1.31,146.2116,-203.4866,61.1134,175,75
2026-05-09 15:09:14.359,4,-1.43,0.41,1.2,171.64159999999998,-221.53660000000002,83.4334,175,75
2026-05-09 15:09:14.370,4,-1.42,0.34,1.09,200.85160000000002,-233.0066,104.35340000000001,175,75
2026-05-09 15:09:14.381,4,-1.42,0.24,1.02,224.4416,-234.64659999999998,121.30340000000001,175,75
2026-05-09 15:09:14.394,4,-1.4,0.12,0.94,251.70159999999998,-222.6366,146.11339999999998,175,75
2026-05-09 15:09:14.394,4,-1.34,0.02,0.96,276.7616,-204.09660000000002,182.52339999999998,175,75
2026-05-09 15:09:14.405,4,-1.27,-0.05,0.99,290.9116,-194.77660000000003,211.05339999999998,175,75
2026-05-09 15:09:14.431,4,-1.15,-0.16,1.04,310.9716,-188.6166,250.08339999999998,175,75
2026-05-09 15:09:14.454,4,-0.5,-0.9,1.16,388.5916,-131.66660000000002,365.02340000000004,175,75
2026-05-09 15:09:14.469,4,-0.21,-1.45,1.22,435.4816,-97.7566,451.7934,175,75
2026-05-09 15:09:14.480,4,0.03,-1.97,1.21,459.4416,-78.1866,530.5033999999999,175,75
2026-05-09 15:09:14.502,4,0.22,-2.53,1.26,461.33160000000004,-67.3366,604.7134,175,75
2026-05-09 15:09:14.502,4,0.13,-2.83,1.37,444.9916,-64.2266,667.8834,175,75
2026-05-09 15:09:14.516,4,-0.2,-3.11,1.44,395.9116,-3.366600000000002,800.6934,175,75
2026-05-09 15:09:14.527,4,-0.66,-3.43,1.61,324.0816,29.2534,1010.3234,175,75
2026-05-09 15:09:14.545,4,-1.39,-4.03,1.67,264.5716,-1.4166000000000025,1206.4234000000001,175,75
2026-05-09 15:09:14.569,4,-4.16,-7.04,0.84,370.0516,-108.7366,1047.8834,175,75
2026-05-09 15:09:14.575,4,-4.39,-7.93,-0.19,365.6016,216.3834,664.4134,175,75
2026-05-09 15:09:14.596,4,-2.4,-6.55,0.42,336.0916,322.79339999999996,331.5434,175,75
2026-05-09 15:09:14.596,4,-1.65,-4.62,1.35,353.0416,228.33339999999998,194.71339999999998,175,75
2026-05-09 15:09:14.617,4,-1.55,-3.17,2.15,413.5916,48.15339999999999,142.4634,175,75
2026-05-09 15:09:14.628,4,-1.06,-3.11,2.88,432.0016,-113.06660000000001,148.8034,175,75
2026-05-09 15:09:14.641,4,-0.11,-3.33,3.24,145.0516,-383.7366,247.4034,175,75
2026-05-09 15:09:14.662,4,-0.07,-2.86,2.67,-38.72839999999999,-424.95660000000004,266.6634,175,75
2026-05-09 15:09:14.673,4,0.11,-2.53,2.16,-95.12839999999998,-492.51660000000004,230.3834,175,75
2026-05-09 15:09:14.684,4,0.01,-2.3,1.58,-72.62839999999998,-619.9566,168.43339999999998,175,75
2026-05-09 15:09:14.686,4,-0.23,-2.14,0.99,-18.968400000000003,-687.3966,113.6134,175,75
2026-05-09 15:09:14.712,4,-0.44,-1.88,-0.05,66.2716,-702.0266,-49.1866,175,75
2026-05-09 15:09:14.724,4,-0.77,-1.45,-0.29,95.4216,-738.2466000000001,-166.13660000000002,175,75
2026-05-09 15:09:14.734,4,-1.2,-1.0,-0.42,132.1916,-763.3666000000001,-252.4766,175,75
2026-05-09 15:09:14.746,4,-1.57,-0.55,-0.64,173.41160000000002,-788.3666000000001,-343.5766,175,75
2026-05-09 15:09:14.769,4,-2.28,0.57,-1.2,196.8816,-660.9266,-514.9766,175,75
2026-05-09 15:09:14.781,4,-0.58,1.98,-1.36,119.6316,-408.0666,-273.4566,175,75
2026-05-09 15:09:14.792,4,-1.75,2.71,-1.91,83.2216,-139.16660000000002,-16.386599999999998,175,75
2026-05-09 15:09:14.804,4,-2.2,2.56,-2.05,120.1816,126.93339999999999,16.053400000000003,175,75
2026-05-09 15:09:14.815,4,-1.42,1.8,-1.74,148.10160000000002,383.8834,43.193400000000004,175,75
2026-05-09 15:09:14.835,4,-0.37,0.77,-0.24,29.571600000000004,524.3134,106.91340000000001,175,75
2026-05-09 15:09:14.849,4,-0.19,0.82,0.23,-33.9084,457.79339999999996,84.4734,175,75
2026-05-09 15:09:14.854,4,-0.05,0.92,0.48,-56.898399999999995,369.4334,67.5234,175,75
2026-05-09 15:09:14.879,4,0.03,0.9,0.87,-71.40839999999999,129.6134,32.0934,175,75
2026-05-09 15:09:14.892,4,-0.03,0.75,0.92,-91.5884,0.5333999999999968,-1.6265999999999998,175,75
2026-05-09 15:09:14.913,4,-0.11,0.68,0.82,-123.96839999999999,-117.1466,-36.1366,175,75
2026-05-09 15:09:14.925,4,-0.21,0.7,0.67,-143.96839999999997,-186.90660000000003,-54.2466,175,75
2026-05-09 15:09:14.925,4,-0.35,0.77,0.51,-156.70839999999998,-234.83659999999998,-63.8866,175,75
2026-05-09 15:09:14.949,4,-0.58,0.9,0.21,-172.3184,-219.83659999999998,-36.0166,175,75
2026-05-09 15:09:14.949,4,-0.62,0.89,0.08,-179.45839999999998,-162.6966,-8.0866,175,75
2026-05-09 15:09:14.967,4,-0.6,0.79,0.02,-188.41839999999996,-74.1666,22.703400000000002,175,75
2026-05-09 15:09:14.978,4,-0.49,0.48,0.07,-201.52839999999998,53.21339999999999,57.46340000000001,175,75
2026-05-09 15:09:14.992,4,-0.45,0.29,0.12,-206.89839999999998,104.5534,70.2034,175,75
2026-05-09 15:09:15.019,4,-0.32,-0.37,0.16,-205.3084,202.3634,94.10340000000001,175,75
2026-05-09 15:09:15.029,4,-0.17,-0.76,0.06,-196.16839999999996,241.08339999999998,97.6434,175,75
2026-05-09 15:09:15.040,4,0.05,-1.25,-0.12,-179.08839999999998,283.1534,96.4834,175,75
2026-05-09 15:09:15.040,4,0.15,-1.56,-0.22,-164.8184,296.9334,92.33340000000001,175,75
2026-05-09 15:09:15.052,4,0.11,-1.91,-0.23,-161.77839999999998,301.5734,87.88340000000001,175,75
2026-05-09 15:09:15.065,4,0.02,-2.21,-0.17,-174.8884,345.9034,99.96340000000001,175,75
2026-05-09 15:09:15.075,4,0.04,-2.57,-0.05,-209.39839999999998,425.16339999999997,134.6534,175,75
2026-05-09 15:09:15.089,4,0.14,-2.9,0.14,-271.8384,504.4334,183.1334,175,75
2026-05-09 15:09:15.101,4,0.11,-3.03,0.3,-324.9484,530.7734,207.0934,175,75
2026-05-09 15:09:15.101,4,-0.07,-2.98,0.46,-339.4584,507.1834,199.77339999999998,175,75
2026-05-09 15:09:15.124,4,-0.38,-2.9,0.66,-271.16839999999996,378.6434,110.3234,175,75
2026-05-09 15:09:15.134,4,-1.43,-2.88,0.52,-168.35840000000002,341.9934,-0.5865999999999971,175,75
2026-05-09 15:09:15.162,4,-1.19,-2.52,0.87,-225.4984,489.3134,-225.5266,175,75
2026-05-09 15:09:15.173,4,-0.99,-2.36,0.97,-239.8184,492.66339999999997,-237.17660000000004,175,75
2026-05-09 15:09:15.173,4,-0.84,-2.27,1.02,-233.1784,487.0534,-219.6766,175,75
2026-05-09 15:09:15.186,4,-0.75,-2.21,1.08,-217.3884,464.8034,-193.0866,175,75
2026-05-09 15:09:15.195,4,-0.77,-2.13,1.17,-197.7484,433.8234,-178.63660000000002,175,75
2026-05-09 15:09:15.209,4,-0.88,-2.02,1.27,-182.5684,398.8234,-197.9066,175,75
2026-05-09 15:09:15.220,4,-0.97,-1.92,1.36,-171.64839999999998,381.9934,-238.94660000000002,175,75
2026-05-09 15:09:15.230,4,-0.93,-1.86,1.46,-166.34839999999997,381.3234,-282.78659999999996,175,75
2026-05-09 15:09:15.252,4,-0.69,-1.77,1.6,-169.27839999999998,363.0934,-320.40659999999997,175,75
2026-05-09 15:09:15.266,4,-0.39,-1.47,1.72,-186.89839999999998,276.6934,-333.0266,175,75
2026-05-09 15:09:15.278,4,-0.17,-1.22,1.76,-202.0784,225.47339999999997,-307.1766,175,75
2026-05-09 15:09:15.288,4,-0.05,-0.87,1.73,-226.83839999999998,171.08339999999998,-231.44660000000002,175,75
2026-05-09 15:09:15.298,4,-0.34,-0.52,1.38,-225.97839999999997,125.0434,-165.5866,175,75
2026-05-09 15:09:15.311,4,-0.38,-0.42,1.25,-200.91839999999996,100.04339999999999,-166.9266,175,75
2026-05-09 15:09:15.333,4,-0.32,-0.16,1.35,-173.35840000000002,7.543399999999998,-153.0866,175,75
2026-05-09 15:09:15.349,4,-0.36,0.04,1.36,-180.1284,-29.586600000000004,-134.5566,175,75
2026-05-09 15:09:15.359,4,-0.4,0.23,1.34,-187.6284,-56.1766,-118.2066,175,75
2026-05-09 15:09:15.359,4,-0.45,0.42,1.32,-189.5784,-77.8166,-102.96659999999999,175,75
2026-05-09 15:09:15.370,4,-0.53,0.62,1.32,-180.7384,-92.8866,-81.3866,175,75
2026-05-09 15:09:15.394,4,-0.61,0.86,1.3,-144.45839999999998,-75.8066,-42.9666,175,75
2026-05-09 15:09:15.405,4,-0.58,0.94,1.28,-122.4484,-51.6666,-23.816599999999998,175,75
2026-05-09 15:09:15.417,4,-0.51,0.95,1.25,-106.28840000000001,-29.836600000000004,-6.1966,175,75
2026-05-09 15:09:15.431,4,-0.46,0.91,1.21,-97.25840000000001,-15.076600000000003,2.9434000000000005,175,75
2026-05-09 15:09:15.431,4,-0.45,0.88,1.19,-92.62839999999998,-7.396600000000003,7.583400000000001,175,75
2026-05-09 15:09:15.446,4,-0.46,0.88,1.19,-86.46839999999999,0.6533999999999978,13.683400000000002,175,75
2026-05-09 15:09:15.456,4,-0.47,0.88,1.2,-80.7384,4.073399999999996,15.443400000000002,175,75
2026-05-09 15:09:15.485,4,-0.46,0.94,1.24,-73.1184,7.053399999999996,21.8534,175,75
2026-05-09 15:09:15.506,4,-0.43,0.96,1.21,-69.5784,34.6134,34.9634,175,75
2026-05-09 15:09:15.518,4,-0.4,0.95,1.18,-69.27839999999999,52.85339999999999,38.9834,175,75
2026-05-09 15:09:15.541,4,-0.18,0.92,1.22,-65.18839999999999,100.2234,46.2434,175,75
2026-05-09 15:09:15.552,4,-0.11,0.93,1.27,-64.5184,104.68339999999999,46.8534,175,75
2026-05-09 15:09:15.577,4,-0.05,1.0,1.35,-67.25840000000001,95.1034,42.5834,175,75
2026-05-09 15:09:15.577,4,-0.05,1.06,1.38,-70.4284,87.6634,40.2034,175,75
2026-05-09 15:09:15.595,4,-0.05,1.11,1.39,-73.84839999999998,82.4834,40.5734,175,75
2026-05-09 15:09:15.595,4,-0.04,1.16,1.39,-74.9484,82.6634,45.0234,175,75
2026-05-09 15:09:15.606,4,0.0,1.19,1.37,-70.9184,88.2734,55.513400000000004,175,75
2026-05-09 15:09:15.632,4,0.05,1.18,1.31,-59.5784,87.3634,68.3134,175,75
2026-05-09 15:09:15.642,4,0.1,1.15,1.24,-38.2984,75.65339999999999,89.7734,175,75
2026-05-09 15:09:15.653,4,0.07,1.08,1.19,-13.788399999999996,73.5234,118.9834,175,75
2026-05-09 15:09:15.679,4,0.03,1.04,1.2,7.371600000000001,85.90339999999999,152.1534,175,75
2026-05-09 15:09:15.679,4,0.04,0.99,1.23,24.751600000000003,103.5234,180.2634,175,75
2026-05-09 15:09:15.689,4,0.08,0.87,1.28,52.2516,124.19340000000001,217.0334,175,75
2026-05-09 15:09:15.701,4,0.13,0.71,1.33,82.80160000000001,129.4334,252.8234,175,75
2026-05-09 15:09:15.712,4,0.17,0.55,1.36,100.36160000000001,127.5434,278.4934,175,75
2026-05-09 15:09:15.722,4,0.2,0.3,1.39,117.3716,120.8334,310.7534,175,75
2026-05-09 15:09:15.722,4,0.23,0.07,1.39,131.0916,112.7934,334.2234,175,75
2026-05-09 15:09:15.754,4,0.17,-0.49,1.41,167.3116,125.47339999999998,388.4934,175,75
2026-05-09 15:09:15.780,4,0.08,-1.14,1.65,185.3616,176.7534,446.6034,175,75
2026-05-09 15:09:15.790,4,-0.04,-1.32,1.75,183.5916,184.1934,461.2434,175,75
2026-05-09 15:09:15.790,4,-0.21,-1.52,1.92,182.3116,181.14339999999999,479.3534,175,75
2026-05-09 15:09:15.802,4,-0.31,-1.7,2.05,190.79160000000002,174.3134,495.20340000000004,175,75
2026-05-09 15:09:15.825,4,-0.35,-1.91,2.19,210.72160000000002,159.8634,508.5534,175,75
2026-05-09 15:09:15.825,4,-0.39,-2.21,2.52,248.96159999999998,102.54339999999999,508.3734,175,75
2026-05-09 15:09:15.839,4,-0.59,-2.21,2.81,266.15160000000003,22.483399999999996,478.3734,175,75
2026-05-09 15:09:15.863,4,-1.51,-1.43,3.14,284.2616,-175.4466,258.6134,175,75
2026-05-09 15:09:15.867,4,-1.59,-1.13,3.04,266.8216,-287.08660000000003,215.5734,175,75
2026-05-09 15:09:15.875,4,-1.52,-0.95,2.76,249.9916,-357.57660000000004,205.14339999999999,175,75
2026-05-09 15:09:15.908,4,-1.24,-1.61,1.6,267.0716,-203.6766,276.5434,175,75
2026-05-09 15:09:15.913,4,-0.93,-2.08,1.56,259.6316,-85.31660000000001,305.20340000000004,175,75
2026-05-09 15:09:15.922,4,-0.57,-2.38,1.9,242.98160000000001,-33.796600000000005,331.3634,175,75
2026-05-09 15:09:15.942,4,-0.42,-2.51,2.56,256.6416,-143.3666,308.7434,175,75
2026-05-09 15:09:15.955,4,-1.01,-2.55,2.77,299.9916,-219.22660000000002,249.3534,175,75
2026-05-09 15:09:15.963,4,-1.04,-2.71,2.56,303.1616,-216.41660000000002,190.2034,175,75
2026-05-09 15:09:15.974,4,-0.81,-2.72,2.24,270.4816,-233.1266,151.7934,175,75
2026-05-09 15:09:16.004,4,-0.8,-2.12,1.64,275.9716,-310.8066,110.02340000000001,175,75
2026-05-09 15:09:16.014,4,-0.83,-1.94,1.47,298.1616,-341.0566,80.6934,175,75
2026-05-09 15:09:16.023,4,-0.82,-1.83,1.27,311.4616,-354.1666,27.4034,175,75
2026-05-09 15:09:16.049,4,-0.38,-1.6,0.82,283.2916,-306.0566,-90.22659999999999,175,75
2026-05-09 15:09:16.064,4,-0.17,-1.29,0.62,264.9316,-307.6966,-122.11659999999999,175,75
2026-05-09 15:09:16.074,4,0.08,-0.89,0.58,257.0716,-310.6866,-102.84659999999998,175,75
2026-05-09 15:09:16.085,4,0.01,-0.4,0.51,231.9416,-281.4766,-37.596599999999995,175,75
2026-05-09 15:09:16.085,4,-0.11,-0.19,0.38,215.0516,-246.2366,-30.036599999999996,175,75
2026-05-09 15:09:16.096,4,-0.13,-0.08,0.28,195.85160000000002,-217.57659999999998,-49.91659999999999,175,75
2026-05-09 15:09:16.106,4,0.01,-0.05,0.24,174.8716,-206.84660000000002,-61.316599999999994,175,75
2026-05-09 15:09:16.119,4,0.0,0.09,0.14,147.98160000000001,-218.7366,-58.69659999999999,175,75
2026-05-09 15:09:16.134,4,-0.16,0.27,0.05,129.3816,-229.64659999999998,-60.4666,175,75
2026-05-09 15:09:16.165,4,-0.37,0.74,-0.32,50.66160000000001,-239.09660000000002,-60.03659999999999,175,75
2026-05-09 15:09:16.177,4,-0.5,0.89,-0.47,20.241600000000005,-251.66660000000002,-56.25659999999999,175,75
2026-05-09 15:09:16.230,4,-0.11,1.14,-0.51,-47.6284,-72.1466,-1.9865999999999993,175,75
2026-05-09 15:09:16.241,4,-0.01,1.04,-0.47,-67.74839999999999,-88.67660000000001,12.643400000000002,175,75
2026-05-09 15:09:16.270,4,-0.63,0.58,-0.46,-155.6784,-60.6266,13.373400000000002,175,75
2026-05-09 15:09:16.281,4,-1.22,0.64,-0.5,-160.0084,102.4834,-3.516599999999997,175,75
2026-05-09 15:09:16.292,4,0.63,0.35,-0.88,-158.90839999999997,189.1334,-13.0866,175,75
2026-05-09 15:09:16.303,4,1.12,0.09,-0.38,-184.5784,110.2934,53.6134,175,75
2026-05-09 15:09:16.305,4,0.22,-0.12,0.14,-187.1984,102.79339999999999,19.773400000000002,175,75
2026-05-09 15:09:16.329,4,0.23,-0.25,0.61,-190.2484,138.15339999999998,49.4134,175,75
2026-05-09 15:09:16.339,4,0.66,-0.64,0.63,-214.14839999999998,51.6934,24.3534,175,75
2026-05-09 15:09:16.351,4,0.64,-0.96,0.71,-235.1284,-78.8566,17.3334,175,75
2026-05-09 15:09:16.362,4,0.12,-1.16,0.64,-262.5684,-152.9466,30.9934,175,75
2026-05-09 15:09:16.385,4,0.25,-1.63,0.03,-314.0284,-43.4966,28.1934,175,75
2026-05-09 15:09:16.406,4,0.8,-1.97,-0.01,-336.9584,124.6134,63.373400000000004,175,75
2026-05-09 15:09:16.418,4,0.68,-2.16,0.08,-337.8684,206.08339999999998,77.5834,175,75
2026-05-09 15:09:16.429,4,0.57,-2.39,0.35,-348.1784,305.7134,98.4334,175,75
2026-05-09 15:09:16.442,4,0.48,-2.59,0.69,-365.91839999999996,375.16339999999997,122.4034,175,75
2026-05-09 15:09:16.482,4,0.56,-3.16,1.37,-345.4284,295.04339999999996,-64.55659999999999,175,75
2026-05-09 15:09:16.496,4,0.92,-2.93,1.56,-374.6984,318.4634,-142.72660000000002,175,75
2026-05-09 15:09:16.506,4,1.38,-2.59,1.89,-371.7084,309.3734,-137.47660000000002,175,75
2026-05-09 15:09:16.520,4,1.26,-2.38,1.9,-367.1384,295.10339999999997,-112.90659999999998,175,75
2026-05-09 15:09:16.539,4,0.77,-2.45,1.77,-368.72839999999997,357.48339999999996,-157.9666,175,75
2026-05-09 15:09:16.564,4,0.69,-2.95,1.93,-368.47839999999997,426.5734,-236.92660000000004,175,75
2026-05-09 15:09:16.594,4,0.25,-3.47,2.24,-373.29839999999996,340.22339999999997,-237.11660000000003,175,75
2026-05-09 15:09:16.594,4,-0.25,-3.8,2.35,-341.8384,248.46339999999998,-264.3066,175,75
2026-05-09 15:09:16.607,4,-0.97,-4.07,2.35,-301.8384,212.85340000000002,-319.6766,175,75
2026-05-09 15:09:16.620,4,-1.5,-3.94,2.37,-285.0684,236.8734,-435.03659999999996,175,75
2026-05-09 15:09:16.631,4,-1.48,-3.26,2.5,-308.53839999999997,262.42339999999996,-547.9666,175,75
2026-05-09 15:09:16.643,4,-1.25,-2.61,2.68,-324.2784,261.4434,-596.1365999999999,175,75
2026-05-09 15:09:16.654,4,-1.13,-1.8,2.86,-311.4684,218.33339999999998,-597.2366,175,75
2026-05-09 15:09:16.662,4,-1.19,-1.34,2.8,-298.78839999999997,153.09339999999997,-590.0366,175,75
2026-05-09 15:09:16.678,4,-1.32,-0.86,2.65,-283.9084,120.2934,-586.0766,175,75
2026-05-09 15:09:16.693,4,-1.14,-0.57,2.44,-270.5584,115.2934,-585.2266,175,75
2026-05-09 15:09:16.693,4,-0.47,-0.35,2.35,-260.6784,89.9834,-561.4466,175,75
2026-05-09 15:09:16.703,4,-0.36,-0.04,2.39,-276.8384,49.68339999999999,-432.29659999999996,175,75
2026-05-09 15:09:16.714,4,-1.0,0.18,2.18,-274.2784,68.0934,-302.59659999999997,175,75
2026-05-09 15:09:16.724,4,-1.61,0.14,2.05,-217.4484,172.54340000000002,-267.66659999999996,175,75
2026-05-09 15:09:16.751,4,-1.62,0.3,2.42,-118.59839999999998,237.11339999999996,-306.5066,175,75
2026-05-09 15:09:16.751,4,-1.52,0.49,2.68,-83.2984,213.03339999999997,-289.73659999999995,175,75
2026-05-09 15:09:16.763,4,-1.49,0.81,2.89,-48.538399999999996,142.3634,-238.5166,175,75
2026-05-09 15:09:16.774,4,-1.62,1.0,2.89,-16.958399999999997,40.0434,-200.7066,175,75
2026-05-09 15:09:16.803,4,-1.77,0.96,2.53,22.611600000000003,-130.1366,-149.06660000000002,175,75
2026-05-09 15:09:16.814,4,-1.75,0.88,2.23,35.601600000000005,-149.22660000000002,-113.4566,175,75
2026-05-09 15:09:16.825,4,-1.71,0.85,2.01,51.881600000000006,-139.5866,-83.02659999999999,175,75
2026-05-09 15:09:16.825,4,-1.66,0.86,1.84,72.3116,-114.4066,-53.6366,175,75
2026-05-09 15:09:16.837,4,-1.59,0.89,1.73,95.1816,-84.09660000000001,-25.3466,175,75
2026-05-09 15:09:16.860,4,-1.4,0.87,1.62,159.3216,-37.946600000000004,48.6134,175,75
2026-05-09 15:09:16.872,4,-1.33,0.79,1.61,185.1816,-48.2466,74.4734,175,75
2026-05-09 15:09:16.900,4,-1.36,0.39,1.48,249.9916,-139.22660000000002,133.1334,175,75
2026-05-09 15:09:16.912,4,-1.37,0.23,1.38,274.8116,-165.8666,148.9234,175,75
2026-05-09 15:09:16.923,4,-1.33,0.13,1.3,296.8816,-185.6866,159.83339999999998,175,75
2026-05-09 15:09:16.923,4,-1.28,0.05,1.21,318.2916,-202.08659999999998,167.52339999999998,175,75
2026-05-09 15:09:16.934,4,-1.26,-0.0,1.14,341.21160000000003,-211.96660000000003,176.6034,175,75
2026-05-09 15:09:16.948,4,-1.21,-0.04,1.04,377.2516,-211.1766,195.6934,175,75
2026-05-09 15:09:16.971,4,-1.01,-0.31,0.97,475.2416,-176.66660000000002,265.9934,175,75
2026-05-09 15:09:16.986,4,-0.92,-0.47,0.99,504.5016,-162.33659999999998,293.4934,175,75
2026-05-09 15:09:17.012,4,-0.68,-1.0,1.14,566.0916,-173.0066,367.52340000000004,175,75
2026-05-09 15:09:17.013,4,-0.54,-1.39,1.28,591.7016,-220.3866,400.8134,175,75
2026-05-09 15:09:17.029,4,-0.64,-1.81,1.42,621.0316,-291.7866,439.1634,175,75
2026-05-09 15:09:17.039,4,-0.92,-2.25,1.46,652.3716000000001,-340.38660000000004,491.3034,175,75
2026-05-09 15:09:17.052,4,-1.16,-2.82,1.43,677.0116,-361.4766,558.0734,175,75
2026-05-09 15:09:17.059,4,-1.34,-3.41,1.49,699.7516,-387.6966,598.3134,175,75
2026-05-09 15:09:17.079,4,-1.6,-4.22,1.61,734.0816,-436.6666,626.4234,175,75
2026-05-09 15:09:17.089,4,-2.19,-5.77,1.84,789.6916,-492.27660000000003,646.4834000000001,175,75
2026-05-09 15:09:17.102,4,-3.07,-7.48,2.05,793.1016,-480.8666,666.7234,175,75
2026-05-09 15:09:17.114,4,-3.47,-8.27,2.03,711.0316,-441.7266,643.0134,175,75
2026-05-09 15:09:17.131,4,-1.89,-8.07,0.9,425.2416,-133.4966,506.6634,175,75
2026-05-09 15:09:17.143,4,-1.47,-6.38,0.52,350.9116,-225.8066,418.2534,175,75
2026-05-09 15:09:17.153,4,-3.21,-4.49,0.25,409.3216,-408.3666,205.6334,175,75
2026-05-09 15:09:17.176,4,-3.12,-3.5,0.2,382.9816,-260.5066,-106.0766,175,75
2026-05-09 15:09:17.189,4,-1.75,-3.6,0.49,306.4616,-169.58659999999998,-177.47660000000002,175,75
2026-05-09 15:09:17.200,4,-0.77,-3.28,0.85,249.20159999999998,-143.6766,-122.6666,175,75
2026-05-09 15:09:17.212,4,-0.37,-2.87,1.18,247.0716,-248.3066,-63.206599999999995,175,75
2026-05-09 15:09:17.224,4,-0.57,-2.62,1.37,277.4916,-377.63660000000004,-25.4066,175,75
2026-05-09 15:09:17.235,4,-1.0,-2.52,1.37,278.4116,-463.7966,0.6934000000000005,175,75
2026-05-09 15:09:17.247,4,-1.37,-2.36,1.24,220.79160000000002,-547.6966,3.493400000000001,175,75
2026-05-09 15:09:17.258,4,-1.76,-2.15,0.86,122.80160000000001,-679.1666,-45.28659999999999,175,75
2026-05-09 15:09:17.270,4,-2.39,-1.83,0.02,8.4116,-692.5766,-103.33659999999999,175,75
2026-05-09 15:09:17.281,4,-2.7,-1.47,-0.58,-37.6284,-630.3166,-138.94660000000002,175,75
2026-05-09 15:09:17.303,4,-3.09,-0.42,-1.63,68.83160000000001,-293.7966,-308.5166,175,75
2026-05-09 15:09:17.308,4,-2.91,-0.04,-1.64,175.3016,-120.6866,-359.5566,175,75
2026-05-09 15:09:17.347,4,0.35,1.63,1.1,362.8016,74.1334,-97.3566,175,75
2026-05-09 15:09:17.347,4,-0.84,1.97,0.68,165.4216,3.3333999999999975,205.8134,175,75
2026-05-09 15:09:17.373,4,-1.51,0.69,-0.14,222.3116,-28.796600000000005,134.6534,175,75
2026-05-09 15:09:17.381,4,-1.23,0.02,-0.07,268.1616,-27.576600000000003,154.5334,175,75
2026-05-09 15:09:17.402,4,-1.08,-0.1,0.12,183.04160000000002,-68.67660000000001,160.14339999999999,175,75
2026-05-09 15:09:17.417,4,-0.91,0.6,0.11,17.071600000000004,-164.16660000000002,97.33340000000001,175,75
2026-05-09 15:09:17.439,4,-0.93,0.92,-0.0,17.131600000000006,-184.89659999999998,102.52340000000001,175,75
2026-05-09 15:09:17.449,4,-0.97,1.03,-0.16,38.77160000000001,-119.8966,142.4034,175,75
2026-05-09 15:09:17.462,4,-0.85,0.93,-0.17,17.8016,-48.4966,163.3134,175,75
2026-05-09 15:09:17.480,4,-0.67,0.81,-0.08,-8.058399999999992,8.333399999999997,177.8834,175,75
2026-05-09 15:09:17.492,4,-0.5,0.63,0.1,-23.2984,42.4234,189.6534,175,75
2026-05-09 15:09:17.505,4,-0.36,0.43,0.27,-33.5984,42.663399999999996,193.3734,175,75
2026-05-09 15:09:17.520,4,-0.29,0.28,0.36,-43.118399999999994,22.973399999999998,186.9734,175,75
2026-05-09 15:09:17.542,4,-0.18,0.19,0.52,-82.0184,-101.3566,134.4734,175,75
2026-05-09 15:09:17.547,4,-0.18,0.26,0.51,-88.47840000000001,-124.4066,126.5434,175,75
2026-05-09 15:09:17.556,4,-0.19,0.33,0.48,-91.77839999999999,-138.1866,125.1434,175,75
2026-05-09 15:09:17.571,4,-0.17,0.32,0.43,-95.18839999999999,-136.0566,129.6534,175,75
2026-05-09 15:09:17.581,4,-0.13,0.28,0.41,-98.84839999999998,-129.6466,135.5734,175,75
2026-05-09 15:09:17.594,4,-0.06,0.2,0.36,-103.59839999999998,-117.20660000000001,139.3534,175,75
2026-05-09 15:09:17.605,4,0.02,0.08,0.28,-108.90839999999999,-103.3666,140.5034,175,75
2026-05-09 15:09:17.615,4,0.12,-0.07,0.18,-111.40839999999999,-82.8866,141.5434,175,75
2026-05-09 15:09:17.630,4,0.3,-0.36,0.0,-110.3684,-46.2966,144.5334,175,75
2026-05-09 15:09:17.642,4,0.64,-0.98,-0.33,-103.2984,24.803399999999996,153.8034,175,75
2026-05-09 15:09:17.653,4,0.7,-1.47,-0.47,-110.55839999999999,71.6334,157.9434,175,75
2026-05-09 15:09:17.671,4,0.61,-1.74,-0.48,-135.7384,144.1934,154.9634,175,75
2026-05-09 15:09:17.684,4,0.58,-2.01,-0.16,-203.84839999999997,382.66339999999997,125.02340000000001,175,75
2026-05-09 15:09:17.694,4,0.71,-1.99,0.19,-262.8084,502.1834,98.6134,175,75
2026-05-09 15:09:17.710,4,0.72,-1.87,0.42,-309.4584,551.2633999999999,82.7034,175,75
2026-05-09 15:09:17.722,4,0.66,-1.81,0.54,-322.1984,569.3734,69.4734,175,75
2026-05-09 15:09:17.735,4,0.61,-1.9,0.65,-299.2784,584.4934,55.2034,175,75
2026-05-09 15:09:17.758,4,0.51,-2.66,1.46,-217.7484,589.1934,34.1634,175,75
2026-05-09 15:09:17.791,4,-0.43,-2.47,2.35,-108.47840000000001,349.2534,-160.8966,175,75
2026-05-09 15:09:17.802,4,-0.64,-2.05,2.46,-72.0784,324.98339999999996,-309.97659999999996,175,75
2026-05-09 15:09:17.812,4,-0.46,-1.73,2.48,-85.7384,291.5734,-422.59659999999997,175,75
2026-05-09 15:09:17.832,4,0.08,-1.36,2.48,-129.9484,234.0134,-486.50659999999993,175,75
2026-05-09 15:09:17.843,4,1.02,-0.74,2.53,-204.5784,133.09339999999997,-342.29659999999996,175,75
2026-05-09 15:09:17.853,4,0.46,-0.42,1.93,-246.46839999999997,94.0034,-190.6466,175,75
2026-05-09 15:09:17.853,4,-0.04,-0.61,1.37,-219.27839999999998,153.58339999999998,-133.88660000000002,175,75
2026-05-09 15:09:17.878,4,0.12,-1.01,1.35,-138.47840000000002,226.5734,-143.0266,175,75
2026-05-09 15:09:17.892,4,0.07,-0.78,1.67,-113.2984,184.8034,-143.5766,175,75
2026-05-09 15:09:17.927,4,0.09,0.07,1.9,-107.56840000000001,111.9934,-110.89659999999999,175,75
2026-05-09 15:09:17.939,4,0.15,0.28,1.85,-98.1184,82.1134,-108.27659999999999,175,75
2026-05-09 15:09:17.939,4,0.23,0.37,1.76,-81.34839999999998,53.763400000000004,-102.59659999999998,175,75
2026-05-09 15:09:17.951,4,0.25,0.42,1.64,-63.05839999999999,21.3234,-90.4066,175,75
2026-05-09 15:09:17.968,4,0.15,0.47,1.56,-49.2084,-6.4166000000000025,-81.3166,175,75
2026-05-09 15:09:17.993,4,-0.1,0.71,1.49,-15.368399999999994,-20.196600000000004,-67.41659999999999,175,75
2026-05-09 15:09:18.005,4,-0.12,0.78,1.48,3.651600000000002,-23.6766,-58.08659999999999,175,75
2026-05-09 15:09:18.024,4,-0.13,0.79,1.44,17.491600000000005,-28.2466,-54.55659999999999,175,75
2026-05-09 15:09:18.024,4,-0.12,0.78,1.4,27.071600000000004,-29.096600000000002,-54.126599999999996,175,75
2026-05-09 15:09:18.033,4,-0.09,0.77,1.35,36.4016,-24.776600000000002,-52.72659999999999,175,75
2026-05-09 15:09:18.041,4,-0.11,0.78,1.33,42.491600000000005,-18.0666,-51.0766,175,75
2026-05-09 15:09:18.053,4,-0.14,0.79,1.33,45.4816,-12.026600000000002,-53.456599999999995,175,75
2026-05-09 15:09:18.062,4,-0.18,0.81,1.35,47.6816,-4.406600000000003,-56.0766,175,75
2026-05-09 15:09:18.073,4,-0.19,0.85,1.37,48.77160000000001,3.7033999999999985,-58.69659999999999,175,75
2026-05-09 15:09:18.091,4,-0.19,0.86,1.39,49.991600000000005,11.873399999999997,-62.41659999999999,175,75
2026-05-09 15:09:18.091,4,-0.18,0.87,1.4,52.8016,18.703399999999995,-66.25659999999999,175,75
2026-05-09 15:09:18.112,4,-0.13,0.86,1.4,58.8316,26.3234,-69.91659999999999,175,75
2026-05-09 15:09:18.128,4,-0.12,0.86,1.4,63.4716,27.483399999999996,-70.83659999999999,175,75
2026-05-09 15:09:18.128,4,-0.14,0.85,1.4,67.9216,27.243399999999994,-73.39659999999999,175,75
2026-05-09 15:09:18.151,4,-0.14,0.85,1.4,70.9116,32.6034,-75.28659999999999,175,75
2026-05-09 15:09:18.151,4,-0.14,0.85,1.41,73.2216,43.4034,-76.0766,175,75
2026-05-09 15:09:18.170,4,-0.05,0.85,1.49,82.19160000000001,67.4834,-75.7066,175,75
2026-05-09 15:09:18.184,4,-0.03,0.83,1.54,89.6916,66.6934,-77.05659999999999,175,75
2026-05-09 15:09:18.195,4,-0.05,0.8,1.55,94.0216,65.3534,-78.33659999999999,175,75
2026-05-09 15:09:18.205,4,-0.07,0.8,1.56,94.3816,68.2134,-75.3466,175,75
2026-05-09 15:09:18.216,4,-0.07,0.82,1.53,93.2916,80.1034,-68.2066,175,75
2026-05-09 15:09:18.228,4,-0.03,0.85,1.52,93.5316,94.3134,-57.236599999999996,175,75
2026-05-09 15:09:18.264,4,0.08,0.84,1.65,121.4016,170.90339999999998,10.573400000000003,175,75
2026-05-09 15:09:18.270,4,0.04,0.8,1.85,145.1816,178.64339999999999,44.71340000000001,175,75
2026-05-09 15:09:18.282,4,0.0,0.76,1.96,160.66160000000002,156.2034,63.373400000000004,175,75
2026-05-09 15:09:18.293,4,-0.04,0.68,2.06,171.9416,112.18339999999999,82.3334,175,75
2026-05-09 15:09:18.321,4,-0.13,0.48,2.04,198.83159999999998,40.413399999999996,132.4634,175,75
2026-05-09 15:09:18.342,4,-0.21,0.08,1.99,267.7416,-13.916600000000003,216.7934,175,75
2026-05-09 15:09:18.357,4,-0.21,-0.23,1.96,303.2216,-39.03660000000001,255.3834,175,75
2026-05-09 15:09:18.357,4,-0.22,-0.61,1.94,333.65160000000003,-66.4166,291.1834,175,75
2026-05-09 15:09:18.367,4,-0.28,-0.95,1.96,354.08160000000004,-90.8066,320.8734,175,75
2026-05-09 15:09:18.378,4,-0.3,-1.38,2.02,374.3816,-129.8966,354.90340000000003,175,75
2026-05-09 15:09:18.393,4,-0.42,-1.9,2.1,399.08160000000004,-210.3866,400.3234,175,75
2026-05-09 15:09:18.405,4,-0.73,-2.19,2.22,426.52160000000003,-290.9966,453.9834,175,75
2026-05-09 15:09:18.418,4,-1.08,-2.34,2.38,451.8216,-371.9066,504.71340000000004,175,75
2026-05-09 15:09:18.429,4,-1.85,-2.63,2.7,504.26160000000004,-552.2766,533.3134,175,75
2026-05-09 15:09:18.474,4,-3.17,-4.26,1.77,401.64160000000004,-650.9266,347.15340000000003,175,75
2026-05-09 15:09:18.483,4,-3.34,-3.54,1.14,351.40160000000003,-544.2866,238.55339999999998,175,75
2026-05-09 15:09:18.485,4,-3.21,-3.06,0.7,350.6016,-416.7866,152.2734,175,75
2026-05-09 15:09:18.512,4,-2.38,-2.5,0.46,470.1116,-124.5866,141.5434,175,75
2026-05-09 15:09:18.524,4,-2.02,-2.65,1.02,554.1416,-29.346600000000002,241.05339999999998,175,75
2026-05-09 15:09:18.534,4,-1.92,-2.96,1.53,565.0516,-19.9566,289.0434,175,75
2026-05-09 15:09:18.544,4,-1.93,-3.32,2.0,527.1916,-36.78660000000001,306.6634,175,75
2026-05-09 15:09:18.556,4,-1.87,-3.69,2.35,440.7916,-72.1466,291.0534,175,75
2026-05-09 15:09:18.567,4,-1.65,-3.84,2.4,339.26160000000004,-133.1866,241.6634,175,75
2026-05-09 15:09:18.578,4,-1.31,-3.31,1.6,212.6816,-306.2966,135.6934,175,75
2026-05-09 15:09:18.598,4,-1.58,-2.47,0.79,242.0716,-405.2566,66.6634,175,75
2026-05-09 15:09:18.623,4,-1.31,-2.33,0.38,321.15160000000003,-399.70660000000004,-47.846599999999995,175,75
2026-05-09 15:09:18.635,4,-1.1,-2.28,0.33,319.1416,-388.6166,-77.78659999999999,175,75
2026-05-09 15:09:18.650,4,-0.84,-1.77,0.11,279.5016,-366.2366,-154.06660000000002,175,75
2026-05-09 15:09:18.672,4,-0.7,-1.45,-0.01,269.3216,-377.57660000000004,-192.78660000000002,175,75
2026-05-09 15:09:18.672,4,-0.61,-1.15,-0.11,270.6616,-409.0966,-222.2366,175,75
2026-05-09 15:09:18.683,4,-0.63,-0.83,-0.19,278.2916,-444.95660000000004,-242.9066,175,75
2026-05-09 15:09:18.697,4,-0.23,-0.48,-0.1,276.5216,-476.9666,-225.4066,175,75
2026-05-09 15:09:18.697,4,-0.3,0.19,-0.11,216.8816,-476.5966,-54.36659999999999,175,75
2026-05-09 15:09:18.711,4,-1.12,0.52,-0.84,186.2716,-339.0366,-17.6666,175,75
2026-05-09 15:09:18.736,4,-1.09,0.51,-1.24,198.16160000000002,-219.22660000000002,-68.75659999999999,175,75
2026-05-09 15:09:18.739,4,-0.8,0.6,-1.36,217.1316,-176.2366,-49.00659999999999,175,75
2026-05-09 15:09:18.759,4,-0.7,0.73,-1.46,181.0916,-235.1366,-21.926599999999997,175,75
2026-05-09 15:09:18.804,4,-0.73,1.4,-2.08,-67.25840000000001,-211.72660000000002,23.553400000000003,175,75
2026-05-09 15:09:18.816,4,-0.92,1.59,-2.17,-76.40839999999999,-135.6266,34.5934,175,75
2026-05-09 15:09:18.816,4,-1.74,1.58,-1.55,-79.1484,-73.2466,96.5434,175,75
2026-05-09 15:09:18.829,4,-1.25,1.27,-1.65,-82.62839999999998,139.8634,85.5134,175,75
2026-05-09 15:09:18.839,4,0.39,0.62,-1.88,-115.6184,101.0834,91.24340000000001,175,75
2026-05-09 15:09:18.849,4,-0.23,0.26,-1.17,-155.97840000000002,15.1034,73.6134,175,75
2026-05-09 15:09:18.867,4,-0.17,0.19,-0.6,-167.8684,130.77339999999998,76.3034,175,75
2026-05-09 15:09:18.877,4,0.34,0.26,-0.29,-207.4484,168.64339999999999,113.6834,175,75
2026-05-09 15:09:18.888,4,0.49,0.05,-0.18,-226.95839999999998,107.4234,89.5334,175,75
2026-05-09 15:09:18.900,4,0.71,-0.29,-0.01,-230.4284,-2.026600000000002,64.5334,175,75
2026-05-09 15:09:18.900,4,0.67,-0.58,-0.03,-243.35839999999996,-108.5566,64.71340000000001,175,75
2026-05-09 15:09:18.911,4,0.46,-0.92,-0.23,-259.3384,-158.1266,67.8234,175,75
2026-05-09 15:09:18.930,4,0.41,-1.34,-0.47,-271.16839999999996,-123.4966,83.8634,175,75
2026-05-09 15:09:18.964,4,1.03,-2.28,-0.46,-358.1184,181.9934,108.19340000000001,175,75
2026-05-09 15:09:18.974,4,1.1,-2.52,-0.33,-378.41839999999996,265.8334,100.2634,175,75
2026-05-09 15:09:18.993,4,1.12,-2.89,-0.13,-405.85839999999996,324.4334,120.2634,175,75
2026-05-09 15:09:18.995,4,1.08,-3.31,0.09,-430.85839999999996,386.2634,185.3234,175,75
2026-05-09 15:09:19.028,4,1.25,-3.6,0.99,-456.4684,394.6834,183.61339999999998,175,75
2026-05-09 15:09:19.042,4,-0.38,-3.86,0.91,-354.7584,292.97339999999997,38.0734,175,75
2026-05-09 15:09:19.055,4,-0.1,-4.1,1.1,-346.5884,525.5334,-63.5166,175,75
2026-05-09 15:09:19.059,4,0.14,-3.93,1.53,-350.97839999999997,539.1333999999999,-193.63660000000002,175,75
2026-05-09 15:09:19.100,4,0.47,-3.83,2.48,-385.1884,430.22339999999997,-250.0366,175,75
2026-05-09 15:09:19.100,4,0.15,-4.09,2.48,-419.2784,380.5334,-233.94660000000002,175,75
2026-05-09 15:09:19.113,4,-0.36,-4.36,2.45,-442.8084,331.5034,-234.61660000000003,175,75
2026-05-09 15:09:19.124,4,-1.17,-4.59,2.33,-442.3184,274.5534,-283.7566,175,75
2026-05-09 15:09:19.134,4,-1.83,-4.57,2.14,-425.4984,275.29339999999996,-355.09659999999997,175,75
2026-05-09 15:09:19.145,4,-2.26,-4.31,1.96,-402.8084,310.5334,-447.84659999999997,175,75
2026-05-09 15:09:19.162,4,-2.06,-3.28,2.06,-326.09839999999997,396.6934,-601.2565999999999,175,75
2026-05-09 15:09:19.172,4,-1.81,-2.87,2.27,-279.0284,399.2534,-625.0966,175,75
2026-05-09 15:09:19.204,4,-1.4,-1.78,2.98,-161.22840000000002,319.2534,-638.1466,175,75
2026-05-09 15:09:19.214,4,-1.31,-1.44,3.05,-163.66840000000002,260.8334,-635.6466,175,75
2026-05-09 15:09:19.219,4,-1.29,-1.03,3.01,-205.1884,169.3134,-634.5566,175,75
2026-05-09 15:09:19.233,4,-1.25,-0.73,2.79,-237.9284,97.8534,-617.3566,175,75
2026-05-09 15:09:19.247,4,-1.08,-0.31,2.51,-255.6184,37.4234,-548.6966,175,75
2026-05-09 15:09:19.259,4,-1.23,0.02,2.3,-242.9284,21.5734,-437.41659999999996,175,75
2026-05-09 15:09:19.284,4,-1.77,0.19,2.11,-157.8084,145.35340000000002,-298.2066,175,75
2026-05-09 15:09:19.309,4,-1.33,0.32,2.41,-95.3684,135.04340000000002,-305.34659999999997,175,75
2026-05-09 15:09:19.320,4,-1.17,0.54,2.53,-82.68839999999999,75.04339999999999,-274.3066,175,75
2026-05-09 15:09:19.332,4,-1.17,0.81,2.47,-71.28840000000001,6.933399999999999,-225.6466,175,75
2026-05-09 15:09:19.332,4,-1.27,1.0,2.31,-50.618399999999994,-43.7966,-193.3366,175,75
2026-05-09 15:09:19.342,4,-1.39,1.09,2.12,-21.77839999999999,-78.67660000000001,-159.06660000000002,175,75
2026-05-09 15:09:19.351,4,-1.57,1.1,2.01,-1.9583999999999975,-87.0266,-114.49659999999999,175,75
2026-05-09 15:09:19.362,4,-1.82,1.13,1.98,21.2716,-71.4766,-65.83659999999999,175,75
2026-05-09 15:09:19.385,4,-1.84,1.17,2.02,51.3316,-37.8866,-25.4066,175,75
2026-05-09 15:09:19.385,4,-1.64,1.17,2.05,85.5416,-17.8866,8.9234,175,75
2026-05-09 15:09:19.407,4,-1.39,1.17,2.08,128.4116,-101.2366,71.1134,175,75
2026-05-09 15:09:19.420,4,-1.43,1.11,1.97,151.8216,-171.41660000000002,102.0334,175,75
2026-05-09 15:09:19.444,4,-1.55,0.6,1.66,276.15160000000003,-208.0666,182.0334,175,75
2026-05-09 15:09:19.454,4,-1.5,0.19,1.54,339.4416,-196.47660000000002,221.9134,175,75
2026-05-09 15:09:19.454,4,-1.45,-0.05,1.45,363.77160000000003,-227.14659999999998,254.77339999999998,175,75
2026-05-09 15:09:19.473,4,-1.31,-0.24,1.31,373.71160000000003,-280.5066,270.0834,175,75
2026-05-09 15:09:19.485,4,-1.03,-0.41,1.06,382.7416,-312.63660000000004,247.9434,175,75
2026-05-09 15:09:19.485,4,-0.96,-0.37,0.84,392.3716,-375.9966,210.3834,175,75
2026-05-09 15:09:19.505,4,-1.13,-0.17,0.58,436.70160000000004,-406.2366,165.02339999999998,175,75
2026-05-09 15:09:19.517,4,-1.25,-0.04,0.53,535.7916,-345.6266,169.5934,175,75
2026-05-09 15:09:19.521,4,-1.3,0.08,0.87,656.0316,-184.52660000000003,268.9834,175,75
2026-05-09 15:09:19.540,4,-1.0,-0.38,1.14,715.5416,11.023399999999999,401.6634,175,75
2026-05-09 15:09:19.551,4,-0.5,-0.93,1.55,727.2516,69.9234,455.08340000000004,175,75
2026-05-09 15:09:19.573,4,0.05,-2.4,3.17,738.9616,-161.53660000000002,452.76340000000005,175,75
2026-05-09 15:09:19.596,4,0.52,-2.52,3.28,756.0916,-360.8066,492.27340000000004,175,75
2026-05-09 15:09:19.612,4,-1.72,-3.29,3.36,808.5916,-555.0766,730.8734000000001,175,75
2026-05-09 15:09:19.626,4,-2.49,-4.72,4.51,882.2516,-545.5066,920.9934000000001,175,75
2026-05-09 15:09:19.637,4,-3.17,-9.01,5.71,1035.0516,-738.1866,760.8734000000001,175,75
2026-05-09 15:09:19.649,4,-5.08,-14.42,6.46,963.5316,-1076.1166,467.46340000000004,175,75
2026-05-09 15:09:19.674,4,-1.35,-10.16,2.96,235.79160000000002,-967.5166,-54.00659999999999,175,75
2026-05-09 15:09:19.686,4,-1.05,-7.67,0.87,102.2516,-1088.2466,-37.66659999999999,175,75
2026-05-09 15:09:19.696,4,-2.87,-5.71,-0.1,139.6916,-1204.4066,-103.14659999999999,175,75
2026-05-09 15:09:19.706,4,-4.5,-4.29,-0.94,181.4616,-999.2266,-384.1266,175,75
2026-05-09 15:09:19.716,4,-3.33,-3.77,-1.51,128.1616,-520.1966,-626.3166,175,75
2026-05-09 15:09:19.726,4,-0.68,-3.61,-1.43,70.4816,-178.1266,-680.2866,175,75
2026-05-09 15:09:19.736,4,0.86,-3.28,-0.81,86.9416,-158.0666,-547.0566,175,75
2026-05-09 15:09:19.739,4,0.64,-3.0,-0.22,165.79160000000002,-273.5566,-423.2766,175,75
2026-05-09 15:09:19.761,4,-1.1,-3.48,0.63,171.5816,-311.2366,-327.78659999999996,175,75
2026-05-09 15:09:19.773,4,-1.5,-3.64,0.75,80.9716,-224.52660000000003,-362.0566,175,75
2026-05-09 15:09:19.781,4,-1.72,-3.35,0.83,-11.228399999999993,-148.6766,-441.2566,175,75
2026-05-09 15:09:19.800,4,-1.56,-2.48,0.73,-51.16839999999999,-89.8366,-530.2866,175,75
2026-05-09 15:09:19.813,4,-1.28,-1.78,0.68,-19.698399999999992,-79.1666,-547.5366,175,75
2026-05-09 15:09:19.825,4,-1.22,-1.16,0.62,44.4416,-53.976600000000005,-514.6166,175,75
2026-05-09 15:09:19.835,4,-1.26,-0.73,0.64,111.7616,-15.386600000000003,-422.1166,175,75
2026-05-09 15:09:19.848,4,-1.44,-0.72,0.71,107.0716,-4.226600000000003,-385.34659999999997,175,75
2026-05-09 15:09:19.862,4,-1.78,-0.61,0.86,93.7116,45.773399999999995,-349.1866,175,75
2026-05-09 15:09:19.895,4,-1.77,-0.31,1.24,119.6316,108.3334,-312.72659999999996,175,75
2026-05-09 15:09:19.908,4,-1.66,-0.25,1.41,139.14159999999998,61.383399999999995,-330.5866,175,75
2026-05-09 15:09:19.967,4,-1.3,0.05,1.25,25.181600000000003,-40.7466,-202.2966,175,75
2026-05-09 15:09:19.967,4,-1.39,-0.07,1.14,54.02160000000001,1.573399999999996,-194.3666,175,75
2026-05-09 15:09:19.985,4,-1.19,-0.22,1.13,89.2016,37.4234,-183.3366,175,75
2026-05-09 15:09:19.986,4,-1.07,-0.2,1.23,94.5716,30.3534,-179.06660000000002,175,75
2026-05-09 15:09:20.017,4,-0.87,0.23,1.12,53.351600000000005,-48.1866,-164.5566,175,75
2026-05-09 15:09:20.031,4,-0.88,0.26,0.98,53.2916,-16.786600000000004,-151.31660000000002,175,75
2026-05-09 15:09:20.057,4,-0.7,0.46,1.23,33.961600000000004,45.413399999999996,-121.9266,175,75
2026-05-09 15:09:20.068,4,-0.52,0.5,1.2,33.9016,18.2134,-120.2266,175,75
2026-05-09 15:09:20.082,4,-0.47,0.57,1.14,26.401600000000002,-28.796600000000005,-113.27659999999999,175,75
2026-05-09 15:09:20.093,4,-0.59,0.58,1.0,18.961600000000004,-19.9566,-113.08659999999999,175,75
2026-05-09 15:09:20.117,4,-0.66,0.83,0.98,32.9816,89.1334,-115.2866,175,75
2026-05-09 15:09:20.128,4,-1.05,1.21,1.11,35.5416,92.9134,-76.19659999999999,175,75
2026-05-09 15:09:20.153,4,0.59,0.94,1.27,58.6516,-17.516600000000004,-75.77659999999999,175,75
2026-05-09 15:09:20.167,4,-0.3,1.13,1.32,64.2016,-67.0866,-130.03660000000002,175,75
2026-05-09 15:09:20.183,4,-0.27,1.6,1.05,68.3516,23.703399999999995,-102.84659999999998,175,75
2026-05-09 15:09:20.194,4,0.03,1.7,0.7,78.7116,5.773399999999999,-94.1266,175,75
2026-05-09 15:09:20.218,4,-0.54,2.13,0.46,99.3816,49.373400000000004,-61.0166,175,75
2026-05-09 15:09:20.248,4,0.33,2.33,0.14,73.2916,290.9034,-15.646599999999996,175,75
2026-05-09 15:09:20.259,4,0.24,2.37,0.37,95.36160000000001,323.3334,2.703400000000002,175,75
2026-05-09 15:09:20.291,4,0.4,2.43,0.84,87.1916,278.3334,23.613400000000002,175,75
2026-05-09 15:09:20.310,4,0.54,2.2,0.98,75.5416,156.5734,10.023400000000002,175,75
2026-05-09 15:09:20.325,4,0.73,2.05,0.79,68.2916,110.0434,-11.926599999999997,175,75
2026-05-09 15:09:20.337,4,0.95,2.09,0.38,64.8716,84.07339999999999,-27.966599999999996,175,75
2026-05-09 15:09:20.348,4,0.88,2.16,0.17,60.601600000000005,91.0234,-29.676599999999997,175,75
2026-05-09 15:09:20.361,4,0.54,2.18,0.08,50.9716,144.92340000000002,-21.256599999999995,175,75
2026-05-09 15:09:20.361,4,0.41,2.22,0.16,38.6516,233.40339999999998,-3.456599999999998,175,75
2026-05-09 15:09:20.384,4,0.56,2.17,0.34,30.721600000000002,325.6534,14.293400000000002,175,75
2026-05-09 15:09:20.385,4,0.69,2.02,0.75,30.4816,357.91339999999997,21.303400000000003,175,75
2026-05-09 15:09:20.402,4,0.68,1.85,1.04,31.401600000000002,322.42339999999996,7.583400000000001,175,75
2026-05-09 15:09:20.413,4,0.58,1.74,1.27,28.711600000000004,223.27339999999998,-24.1266,175,75
2026-05-09 15:09:20.424,4,0.46,1.78,1.28,23.291600000000003,153.15339999999998,-43.33659999999999,175,75
2026-05-09 15:09:20.435,4,0.37,1.9,1.13,15.601600000000005,95.5334,-58.816599999999994,175,75
2026-05-09 15:09:20.464,4,0.13,1.96,0.79,32.2516,109.5534,-34.8566,175,75
2026-05-09 15:09:20.487,4,0.1,2.0,1.05,35.7916,156.7534,-13.456599999999998,175,75
2026-05-09 15:09:20.502,4,0.17,2.06,1.24,43.961600000000004,109.8634,-13.9466,175,75
2026-05-09 15:09:20.519,4,0.05,1.87,1.11,58.77160000000001,13.703399999999995,-31.746599999999997,175,75
2026-05-09 15:09:20.534,4,-0.0,1.89,0.94,58.4716,12.913399999999996,-34.7966,175,75
2026-05-09 15:09:20.557,4,-0.17,1.98,0.74,60.4816,120.0434,-6.686599999999995,175,75
2026-05-09 15:09:20.593,4,-0.5,1.87,1.14,76.8216,211.6334,42.943400000000004,175,75
2026-05-09 15:09:20.608,4,-0.55,1.83,1.31,80.9116,195.41340000000002,54.8334,175,75
2026-05-09 15:09:20.623,4,-0.74,1.62,1.48,81.1516,121.38340000000001,59.2234,175,75
2026-05-09 15:09:20.633,4,-0.93,1.54,1.5,77.3116,104.4934,69.2934,175,75
2026-05-09 15:09:20.645,4,-1.04,1.47,1.47,74.69160000000001,112.60340000000001,86.0534,175,75
2026-05-09 15:09:20.655,4,-1.18,1.35,1.42,72.6816,129.3134,110.63340000000001,175,75
2026-05-09 15:09:20.677,4,-1.32,1.23,1.34,71.2716,154.2534,139.1634,175,75
2026-05-09 15:09:20.686,4,-1.46,0.92,1.36,64.9916,232.79340000000002,198.3734,175,75
2026-05-09 15:09:20.698,4,-1.41,0.73,1.51,54.321600000000004,276.8134,234.2234,175,75
2026-05-09 15:09:20.712,4,-1.31,0.56,1.71,39.5116,270.29339999999996,259.1634,175,75
2026-05-09 15:09:20.720,4,-1.27,0.45,1.85,31.0916,231.3834,272.40340000000003,175,75
2026-05-09 15:09:20.730,4,-1.22,0.31,1.93,27.131600000000006,168.7634,285.8734,175,75
2026-05-09 15:09:20.769,4,-1.09,-0.36,1.65,33.1616,-55.0766,343.3134,175,75
2026-05-09 15:09:20.779,4,-1.01,-0.58,1.5,35.4816,-77.0866,376.1134,175,75
2026-05-09 15:09:20.790,4,-0.93,-0.91,1.31,41.0916,-73.0666,430.4434,175,75
2026-05-09 15:09:20.790,4,-0.86,-1.22,1.2,38.6516,-50.3166,480.5734,175,75
2026-05-09 15:09:20.804,4,-0.72,-1.62,1.1,28.7716,-7.0866000000000025,516.0534,175,75
2026-05-09 15:09:20.819,4,-0.3,-2.3,1.16,21.7016,-53.1266,516.2434,175,75
2026-05-09 15:09:20.829,4,-0.69,-2.71,1.13,46.461600000000004,-207.7566,527.5834,175,75
2026-05-09 15:09:20.853,4,-0.98,-3.51,0.69,58.4716,99.1934,627.6434,175,75
2026-05-09 15:09:20.863,4,-0.72,-3.89,0.6,80.5416,115.59339999999999,593.6834,175,75
2026-05-09 15:09:20.884,4,-0.86,-3.88,0.49,103.6516,139.6134,618.0734,175,75
2026-05-09 15:09:20.895,4,-0.92,-4.02,0.9,146.5816,170.35340000000002,640.4434,175,75
2026-05-09 15:09:20.908,4,-0.76,-4.77,1.96,218.35160000000002,189.98340000000002,631.6034,175,75
2026-05-09 15:09:20.933,4,-0.91,-5.28,3.28,184.5016,-97.7566,637.6434,175,75
2026-05-09 15:09:20.982,4,-2.13,-5.59,2.96,98.7116,-800.8066,578.4334,175,75
2026-05-09 15:09:21.003,4,-2.59,-5.61,1.06,136.0316,-767.3966,474.2934,175,75
2026-05-09 15:09:21.024,4,-2.62,-4.92,-0.54,263.4116,-506.1166,263.4334,175,75
2026-05-09 15:09:21.050,4,-1.65,-4.01,-0.09,406.64160000000004,-229.95659999999998,145.3234,175,75
2026-05-09 15:09:21.063,4,-1.31,-3.71,0.52,442.9816,-227.6966,122.52340000000001,175,75
2026-05-09 15:09:21.085,4,-1.14,-3.21,1.13,404.6916,-319.83660000000003,112.27340000000001,175,75
2026-05-09 15:09:21.087,4,-1.28,-2.9,1.08,335.9116,-375.8666,102.7634,175,75
2026-05-09 15:09:21.102,4,-1.4,-2.64,0.73,279.5716,-394.58660000000003,85.4434,175,75
2026-05-09 15:09:21.112,4,-1.56,-2.41,0.33,243.71159999999998,-397.9466,62.7034,175,75
2026-05-09 15:09:21.124,4,-1.75,-2.1,-0.13,227.3116,-382.20660000000004,29.413400000000003,175,75
2026-05-09 15:09:21.124,4,-1.93,-1.71,-0.52,245.66160000000002,-353.3666,-21.6266,175,75
2026-05-09 15:09:21.142,4,-1.98,-1.37,-0.8,311.2116,-325.5666,-97.66659999999999,175,75
2026-05-09 15:09:21.157,4,-2.06,-1.15,-0.96,360.1116,-349.2866,-166.9266,175,75
2026-05-09 15:09:21.157,4,-2.11,-1.01,-1.06,380.5416,-370.6866,-224.1266,175,75
2026-05-09 15:09:21.179,4,-2.03,-0.84,-1.09,370.3016,-407.63660000000004,-281.5666,175,75
2026-05-09 15:09:21.193,4,-0.41,0.56,-0.36,210.54160000000002,-363.3066,-172.35660000000001,175,75
2026-05-09 15:09:21.204,4,-1.35,1.45,-0.64,69.2616,-243.2466,101.1134,175,75
2026-05-09 15:09:21.214,4,-2.71,1.23,-0.94,78.4716,-56.2366,116.05340000000001,175,75
2026-05-09 15:09:21.226,4,-2.04,0.61,-0.95,170.3016,79.1334,87.21340000000001,175,75
2026-05-09 15:09:21.256,4,-1.46,0.12,-0.22,196.5216,68.82339999999999,185.5734,175,75
2026-05-09 15:09:21.268,4,-1.7,0.11,0.01,113.5316,66.8134,157.52339999999998,175,75
2026-05-09 15:09:21.279,4,-1.49,0.28,0.15,64.9316,75.7134,158.43339999999998,175,75
2026-05-09 15:09:21.289,4,-1.29,0.52,0.26,62.6816,45.5334,187.0334,175,75
2026-05-09 15:09:21.299,4,-1.21,0.5,0.4,74.69160000000001,-6.6666000000000025,204.77339999999998,175,75
2026-05-09 15:09:21.312,4,-1.09,0.31,0.48,72.2516,-38.006600000000006,214.83339999999998,175,75
2026-05-09 15:09:21.323,4,-1.12,0.23,0.55,49.0816,-85.5066,227.9434,175,75
2026-05-09 15:09:21.334,4,-1.12,0.15,0.42,25.361600000000003,-120.6866,214.71339999999998,175,75
2026-05-09 15:09:21.359,4,-0.02,0.13,0.1,11.761600000000001,-165.8666,178.1334,175,75
2026-05-09 15:09:21.359,4,0.02,0.34,0.14,7.071600000000004,-165.1366,182.4034,175,75
2026-05-09 15:09:21.373,4,-0.31,0.55,0.18,10.181600000000003,-134.28660000000002,202.64339999999999,175,75
2026-05-09 15:09:21.387,4,-0.74,0.68,0.35,10.361600000000003,-150.1366,222.9434,175,75
2026-05-09 15:09:21.407,4,1.02,0.15,-0.43,24.6916,-4.646600000000003,130.4434,175,75
2026-05-09 15:09:21.421,4,1.23,0.3,0.1,-16.4084,-91.4166,212.9434,175,75
2026-05-09 15:09:21.432,4,0.64,0.34,0.25,-17.448399999999992,-139.7766,185.93339999999998,175,75
2026-05-09 15:09:21.443,4,0.8,0.18,0.44,-40.7384,-106.4766,163.2534,175,75
2026-05-09 15:09:21.454,4,1.5,-0.22,0.28,-79.3384,-155.6266,173.80339999999998,175,75
2026-05-09 15:09:21.461,4,1.37,-0.7,-0.11,-80.18839999999999,-230.6266,129.5334,175,75
2026-05-09 15:09:21.478,4,1.43,-0.86,-0.26,-108.78840000000001,-193.4266,115.1434,175,75
2026-05-09 15:09:21.497,4,1.43,-0.71,-0.41,-154.8884,-65.8666,129.2934,175,75
2026-05-09 15:09:21.508,4,1.72,-1.08,-0.54,-173.84839999999997,58.883399999999995,126.60340000000001,175,75
2026-05-09 15:09:21.519,4,1.99,-1.51,-0.5,-181.77839999999998,138.03339999999997,123.4334,175,75
2026-05-09 15:09:21.530,4,2.09,-1.89,-0.33,-205.1884,211.9334,106.4834,175,75
2026-05-09 15:09:21.543,4,1.98,-1.96,-0.01,-243.47839999999997,282.3034,90.0834,175,75
2026-05-09 15:09:21.550,4,1.89,-1.71,0.53,-297.5084,382.60339999999997,66.7234,175,75
2026-05-09 15:09:21.575,4,3.25,-1.73,2.36,-307.1384,312.72339999999997,-32.3566,175,75
2026-05-09 15:09:21.586,4,2.07,-2.48,2.35,-243.78839999999997,89.1934,-114.8566,175,75
2026-05-09 15:09:21.598,4,1.98,-3.06,2.08,-267.6884,197.3034,-149.7966,175,75
2026-05-09 15:09:21.613,4,1.97,-3.05,2.11,-318.84839999999997,194.1334,-244.73659999999998,175,75
2026-05-09 15:09:21.621,4,2.4,-2.11,2.56,-292.6284,201.5734,-270.46659999999997,175,75
2026-05-09 15:09:21.632,4,2.01,-1.51,2.59,-242.9284,253.8234,-275.40659999999997,175,75
2026-05-09 15:09:21.653,4,1.83,-2.16,3.21,-211.22839999999997,335.7134,-351.4466,175,75
2026-05-09 15:09:21.664,4,1.66,-2.51,3.39,-195.1884,325.8334,-390.22659999999996,175,75
2026-05-09 15:09:21.686,4,0.97,-2.66,3.35,-143.66840000000002,269.3134,-449.1266,175,75
2026-05-09 15:09:21.710,4,0.64,-2.46,2.96,-110.7384,218.7634,-457.1766,175,75
2026-05-09 15:09:21.720,4,0.03,-1.86,2.04,-91.34839999999998,219.3134,-454.85659999999996,175,75
2026-05-09 15:09:21.732,4,-0.03,-1.46,1.92,-91.34839999999998,242.11339999999996,-452.23659999999995,175,75
2026-05-09 15:09:21.743,4,-0.1,-1.04,2.0,-71.40839999999999,252.91339999999997,-417.41659999999996,175,75
2026-05-09 15:09:21.755,4,-0.26,-0.7,2.0,-41.4684,254.5534,-376.1966,175,75
2026-05-09 15:09:21.766,4,-0.43,-0.42,1.94,-29.638400000000004,224.5534,-347.90659999999997,175,75
2026-05-09 15:09:21.792,4,-0.6,0.25,1.53,-35.618399999999994,177.72339999999997,-300.28659999999996,175,75
2026-05-09 15:09:21.792,4,-0.51,0.46,1.44,-32.3184,147.79340000000002,-279.6766,175,75
2026-05-09 15:09:21.810,4,-0.54,0.68,1.35,-40.008399999999995,87.18339999999999,-250.1666,175,75
2026-05-09 15:09:21.836,4,-0.88,1.13,1.01,-20.308399999999992,33.5834,-195.8966,175,75
2026-05-09 15:09:21.858,4,-1.41,1.39,0.95,-3.7883999999999958,22.663399999999996,-111.86659999999999,175,75
2026-05-09 15:09:21.874,4,-1.88,1.28,1.06,54.8716,116.81339999999999,-43.6366,175,75
2026-05-09 15:09:21.885,4,-1.41,1.05,0.82,100.8516,177.66340000000002,-42.2966,175,75
2026-05-09 15:09:21.910,4,-0.92,1.19,0.54,52.9816,20.413399999999996,-66.25659999999999,175,75
2026-05-09 15:09:21.920,4,-1.18,1.43,0.51,46.4016,-3.976600000000003,-45.16659999999999,175,75
2026-05-09 15:09:21.931,4,-1.43,1.6,0.58,65.2416,31.993399999999994,-15.406600000000001,175,75
2026-05-09 15:09:21.931,4,-1.47,1.67,0.71,98.1016,100.29339999999999,20.503400000000003,175,75
2026-05-09 15:09:21.949,4,-1.23,1.53,0.9,126.8816,144.98340000000002,57.46340000000001,175,75
2026-05-09 15:09:21.972,4,-1.02,1.11,1.06,139.0216,81.8734,72.5234,175,75
2026-05-09 15:09:21.983,4,-1.01,0.92,1.06,142.6816,20.413399999999996,65.0234,175,75
2026-05-09 15:09:21.994,4,-1.06,0.82,0.99,150.4216,-33.5566,59.2234,175,75
2026-05-09 15:09:22.006,4,-1.1,0.83,0.97,165.2416,-45.7466,63.373400000000004,175,75
2026-05-09 15:09:22.020,4,-1.08,0.87,1.0,190.1816,-31.966600000000003,77.1534,175,75
2026-05-09 15:09:22.022,4,-0.97,0.87,1.02,209.14159999999998,-30.7466,89.2934,175,75
2026-05-09 15:09:22.040,4,-0.92,0.85,1.03,227.3116,-48.616600000000005,100.8134,175,75
2026-05-09 15:09:22.054,4,-0.98,0.83,1.02,247.7416,-62.756600000000006,112.88340000000001,175,75
2026-05-09 15:09:22.086,4,-1.17,0.79,1.25,312.3716,23.883399999999995,218.49339999999998,175,75
2026-05-09 15:09:22.096,4,-1.19,0.66,1.38,333.65160000000003,62.79339999999999,266.9734,175,75
2026-05-09 15:09:22.118,4,-1.04,0.12,1.87,400.1816,248.9434,396.3634,175,75
2026-05-09 15:09:22.130,4,-0.65,-0.29,2.25,426.70160000000004,329.98339999999996,479.0434,175,75
2026-05-09 15:09:22.144,4,-0.15,-0.74,2.66,436.52160000000003,281.3834,507.33340000000004,175,75
2026-05-09 15:09:22.167,4,-0.07,-1.45,3.07,427.1316,121.2034,622.1534,175,75
2026-05-09 15:09:22.193,4,0.04,-3.41,5.31,530.6616,-116.2966,699.9634,175,75
2026-05-09 15:09:22.198,4,0.7,-4.73,5.61,548.9616,-302.51660000000004,693.2534,175,75
2026-05-09 15:09:22.225,4,1.83,-6.76,5.08,577.2515999999999,-560.0766,610.5134,175,75
2026-05-09 15:09:22.237,4,4.5,-7.24,1.71,554.9916,66.3834,476.4234,175,75
2026-05-09 15:09:22.258,4,2.05,-5.41,2.14,754.8116,-274.7066,772.9434,175,75
2026-05-09 15:09:22.283,4,-1.16,-7.52,3.05,887.8016,-528.3066,420.20340000000004,175,75
2026-05-09 15:09:22.295,4,-0.86,-8.97,2.61,724.8116,-428.5566,125.44340000000001,175,75
2026-05-09 15:09:22.307,4,0.54,-7.83,1.8,530.2416,-389.3466,-14.366599999999995,175,75
2026-05-09 15:09:22.351,4,-1.8,-3.93,-1.51,434.14160000000004,-679.2266,-169.85660000000001,175,75
2026-05-09 15:09:22.363,4,-1.88,-3.44,-2.0,335.7916,-405.1966,-289.0666,175,75
2026-05-09 15:09:22.395,4,-0.58,-1.5,-1.76,259.4416,-88.8566,-447.66659999999996,175,75
2026-05-09 15:09:22.415,4,-0.49,-0.78,-0.95,421.15160000000003,-148.2466,-504.00659999999993,175,75
2026-05-09 15:09:22.437,4,-0.67,-0.58,-0.59,442.6816,-242.51659999999998,-502.72659999999996,175,75
2026-05-09 15:09:22.437,4,-0.02,-0.12,0.23,269.3816,-302.88660000000004,-315.03659999999996,175,75
2026-05-09 15:09:22.451,4,-1.1,0.27,-0.12,78.3516,-325.3166,-183.75660000000002,175,75
2026-05-09 15:09:22.465,4,-2.17,0.54,-0.65,-22.078400000000002,-62.1466,-264.91659999999996,175,75
2026-05-09 15:09:22.475,4,-1.55,0.64,-0.45,20.721600000000002,65.4734,-266.9966,175,75
2026-05-09 15:09:22.494,4,-0.98,0.76,0.06,40.1816,147.85340000000002,-186.9966,175,75
2026-05-09 15:09:22.561,4,-0.86,0.3,1.21,-19.458399999999997,-149.64659999999998,-192.9066,175,75
2026-05-09 15:09:22.570,4,-0.94,0.38,1.11,-36.22839999999999,-188.1266,-201.25660000000002,175,75
2026-05-09 15:09:22.570,4,-0.98,0.45,0.99,-48.47839999999999,-205.6866,-201.8666,175,75
2026-05-09 15:09:22.597,4,-1.07,0.55,0.84,-52.5684,-183.4266,-176.31660000000002,175,75
2026-05-09 15:09:22.609,4,-1.09,0.56,0.87,-53.2384,-156.78660000000002,-164.5566,175,75
2026-05-09 15:09:22.609,4,-1.11,0.58,0.92,-56.7084,-122.3966,-153.0266,175,75
2026-05-09 15:09:22.620,4,-1.06,0.6,0.99,-62.388400000000004,-88.4966,-141.8666,175,75
2026-05-09 15:09:22.632,4,-1.0,0.62,1.07,-63.78840000000001,-67.0866,-133.69660000000002,175,75
2026-05-09 15:09:22.646,4,-0.93,0.65,1.15,-63.3584,-58.6766,-123.2066,175,75
2026-05-09 15:09:22.657,4,-0.92,0.7,1.26,-60.30839999999999,-53.5566,-111.1366,175,75
2026-05-09 15:09:22.680,4,-0.99,1.0,1.52,-59.148399999999995,-67.20660000000001,-61.50659999999999,175,75
2026-05-09 15:09:22.690,4,-0.91,1.11,1.54,-66.40839999999999,-95.92660000000001,-45.03659999999999,175,75
2026-05-09 15:09:22.690,4,-0.56,1.08,1.38,-78.4184,-136.66660000000002,-48.14659999999999,175,75
2026-05-09 15:09:22.712,4,-0.29,0.96,1.12,-86.7084,-163.0666,-52.66659999999999,175,75
2026-05-09 15:09:22.725,4,-0.23,0.87,0.8,-64.5184,-84.0366,-65.4066,175,75
2026-05-09 15:09:22.746,4,-1.09,1.46,0.95,-47.258399999999995,67.3634,33.7434,175,75
2026-05-09 15:09:22.759,4,0.53,1.67,1.66,-25.7984,415.16339999999997,126.66340000000001,175,75
2026-05-09 15:09:22.772,4,0.41,1.61,2.59,26.0916,318.1534,40.443400000000004,175,75
2026-05-09 15:09:22.782,4,0.39,1.7,2.83,23.5916,211.5734,39.4134,175,75
2026-05-09 15:09:22.792,4,0.59,1.75,2.26,18.471600000000002,131.6334,2.0334000000000003,175,75
2026-05-09 15:09:22.805,4,0.92,1.7,1.42,17.431600000000003,77.6034,-11.136599999999998,175,75
2026-05-09 15:09:22.830,4,-0.04,2.77,1.44,22.741600000000005,87.3034,34.1634,175,75
2026-05-09 15:09:22.852,4,0.44,2.23,0.99,13.351600000000005,175.16340000000002,35.3234,175,75
2026-05-09 15:09:22.863,4,0.76,2.1,0.89,11.0916,209.2534,41.2434,175,75
2026-05-09 15:09:22.875,4,0.87,2.16,0.97,18.711600000000004,265.04339999999996,61.793400000000005,175,75
2026-05-09 15:09:22.887,4,0.77,2.2,1.19,32.0116,315.9034,77.5834,175,75
2026-05-09 15:09:22.899,4,0.7,2.15,1.61,40.241600000000005,347.42339999999996,82.1534,175,75
2026-05-09 15:09:22.910,4,0.86,2.09,2.05,39.6916,300.8334,71.85340000000001,175,75
2026-05-09 15:09:22.917,4,0.92,2.11,2.35,37.741600000000005,178.7034,52.3334,175,75
2026-05-09 15:09:22.931,4,0.7,2.1,2.37,38.351600000000005,49.9234,23.073400000000003,175,75
2026-05-09 15:09:22.943,4,0.5,1.96,2.09,39.4416,-52.756600000000006,-15.5866,175,75
2026-05-09 15:09:22.955,4,0.52,1.86,1.65,32.311600000000006,-91.0566,-34.9166,175,75
2026-05-09 15:09:22.967,4,0.53,1.98,1.02,24.141600000000004,-59.2866,-31.506599999999995,175,75
2026-05-09 15:09:22.983,4,0.42,1.97,0.91,30.4816,3.4033999999999978,-15.896599999999996,175,75
2026-05-09 15:09:22.993,4,0.34,1.99,0.99,37.3116,112.85340000000001,9.3534,175,75
2026-05-09 15:09:23.015,4,0.37,2.02,1.31,36.5816,193.46339999999998,33.373400000000004,175,75
2026-05-09 15:09:23.026,4,0.35,1.97,1.66,40.1116,188.7034,40.3234,175,75
2026-05-09 15:09:23.038,4,0.3,1.76,1.83,44.4416,109.9834,16.9734,175,75
2026-05-09 15:09:23.049,4,0.24,1.66,1.8,44.141600000000004,44.133399999999995,-9.916599999999999,175,75
2026-05-09 15:09:23.059,4,0.26,1.72,1.68,37.6816,6.693399999999997,-26.866599999999995,175,75
2026-05-09 15:09:23.074,4,0.33,1.9,1.45,33.531600000000005,-7.456600000000002,-27.9066,175,75
2026-05-09 15:09:23.085,4,0.32,2.0,1.32,40.601600000000005,1.0833999999999975,-18.816599999999998,175,75
2026-05-09 15:09:23.106,4,-0.05,1.99,1.43,62.8616,124.6134,34.043400000000005,175,75
2026-05-09 15:09:23.128,4,-0.05,1.99,1.73,71.4016,138.8834,49.5334,175,75
2026-05-09 15:09:23.150,4,-0.05,1.96,1.76,76.7616,105.3534,46.6034,175,75
2026-05-09 15:09:23.150,4,-0.05,1.92,1.68,77.9816,80.1034,44.043400000000005,175,75
2026-05-09 15:09:23.175,4,-0.06,1.92,1.41,77.4316,93.5234,60.8134,175,75
2026-05-09 15:09:23.181,4,-0.12,1.91,1.33,80.6616,129.0134,83.1934,175,75
2026-05-09 15:09:23.193,4,-0.19,1.83,1.35,84.8116,167.79340000000002,105.2634,175,75
2026-05-09 15:09:23.207,4,-0.21,1.72,1.44,82.80160000000001,193.52339999999998,123.80340000000001,175,75
2026-05-09 15:09:23.212,4,-0.23,1.62,1.53,78.7116,185.22339999999997,130.9934,175,75
2026-05-09 15:09:23.222,4,-0.27,1.51,1.57,73.7716,158.64339999999999,131.9134,175,75
2026-05-09 15:09:23.244,4,-0.46,1.23,1.49,55.4816,87.7234,126.05340000000001,175,75
2026-05-09 15:09:23.258,4,-0.53,1.11,1.4,43.961600000000004,70.4134,125.38340000000001,175,75
2026-05-09 15:09:23.271,4,-0.65,0.98,1.23,24.381600000000006,69.68339999999999,144.2934,175,75
2026-05-09 15:09:23.285,4,-0.72,0.9,1.22,20.241600000000005,88.82339999999999,160.5734,175,75
2026-05-09 15:09:23.295,4,-0.74,0.81,1.24,15.181600000000003,113.2134,177.33339999999998,175,75
2026-05-09 15:09:23.313,4,-0.71,0.67,1.33,2.0716000000000037,131.9934,195.93339999999998,175,75
2026-05-09 15:09:23.323,4,-0.64,0.53,1.41,-12.748400000000004,110.47339999999998,203.49339999999998,175,75
2026-05-09 15:09:23.337,4,-0.65,0.27,1.45,-28.848399999999998,3.093399999999999,212.52339999999998,175,75
2026-05-09 15:09:23.351,4,-0.67,0.16,1.39,-29.948399999999992,-45.256600000000006,219.77339999999998,175,75
2026-05-09 15:09:23.370,4,-0.66,-0.18,1.1,-21.77839999999999,-123.67660000000001,259.7134,175,75
2026-05-09 15:09:23.383,4,-0.57,-0.41,0.9,-6.9583999999999975,-114.5266,296.0534,175,75
2026-05-09 15:09:23.404,4,-0.49,-0.63,0.8,14.081600000000002,-76.9666,333.8634,175,75
2026-05-09 15:09:23.416,4,-0.32,-0.93,0.75,42.131600000000006,-23.856600000000004,388.0034,175,75
2026-05-09 15:09:23.427,4,-0.24,-1.14,0.83,59.321600000000004,-14.526600000000002,424.71340000000004,175,75
2026-05-09 15:09:23.427,4,-0.21,-1.28,0.94,71.7616,-39.4066,455.9334,175,75
2026-05-09 15:09:23.443,4,-0.2,-1.51,1.11,84.9916,-82.3366,486.5434,175,75
2026-05-09 15:09:23.453,4,-0.2,-1.8,1.25,98.4116,-103.7366,512.8234,175,75
2026-05-09 15:09:23.475,4,-0.41,-2.53,1.28,117.2516,-151.1766,659.3534,175,75
2026-05-09 15:09:23.507,4,-0.77,-3.12,1.25,136.2116,-96.2966,757.0334,175,75
2026-05-09 15:09:23.507,4,-0.8,-3.69,1.41,170.72160000000002,-80.3866,764.4734,175,75
2026-05-09 15:09:23.518,4,-0.99,-4.39,1.56,224.08159999999998,-96.2366,759.0434,175,75
2026-05-09 15:09:23.530,4,-1.53,-4.8,1.83,267.6816,-113.9166,740.8734000000001,175,75
2026-05-09 15:09:23.530,4,-1.93,-4.78,2.12,278.1016,-139.5866,697.2734,175,75
2026-05-09 15:09:23.548,4,-2.13,-4.8,2.47,270.5416,-196.78660000000002,636.6634,175,75
2026-05-09 15:09:23.563,4,-1.92,-5.15,2.74,233.77159999999998,-321.9066,575.1434,175,75
2026-05-09 15:09:23.578,4,-1.57,-5.33,2.58,180.3016,-454.1666,541.6634,175,75
2026-05-09 15:09:23.588,4,-1.53,-5.24,2.3,158.04160000000002,-537.2766,512.4634,175,75
2026-05-09 15:09:23.600,4,-1.75,-5.01,1.78,169.2616,-610.9966000000001,457.70340000000004,175,75
2026-05-09 15:09:23.600,4,-1.99,-4.79,1.35,194.9316,-613.2466000000001,401.0534,175,75
2026-05-09 15:09:23.613,4,-2.12,-4.59,0.9,238.65160000000003,-556.9666,318.0034,175,75
2026-05-09 15:09:23.625,4,-2.0,-4.56,0.68,271.8216,-488.6166,275.7534,175,75
2026-05-09 15:09:23.656,4,-2.05,-3.95,0.65,341.40160000000003,-446.5966,189.71339999999998,175,75
2026-05-09 15:09:23.691,4,-1.95,-3.48,0.84,354.3216,-400.1966,83.49340000000001,175,75
2026-05-09 15:09:23.715,4,-1.72,-2.86,0.8,344.4416,-449.1666,21.053400000000003,175,75
2026-05-09 15:09:23.728,4,-1.79,-2.61,0.43,320.6016,-453.9166,26.053400000000003,175,75
2026-05-09 15:09:23.729,4,-2.17,-2.24,-0.17,277.5516,-454.1666,13.743400000000001,175,75
2026-05-09 15:09:23.743,4,-2.59,-1.66,-0.8,232.3716,-393.9766,-44.126599999999996,175,75
2026-05-09 15:09:23.765,4,-2.34,-0.93,-1.52,270.9116,-175.8666,-284.97659999999996,175,75
2026-05-09 15:09:23.776,4,-1.77,-0.65,-1.4,345.1816,-131.2366,-353.7566,175,75
2026-05-09 15:09:23.791,4,-1.22,-0.27,-1.01,412.1316,-173.5566,-373.1466,175,75
2026-05-09 15:09:23.804,4,1.43,0.88,0.81,360.4816,-300.38660000000004,-155.9566,175,75
2026-05-09 15:09:23.815,4,-1.07,1.42,0.18,164.20159999999998,-358.0666,150.2634,175,75
2026-05-09 15:09:23.826,4,-2.57,1.01,-0.52,128.9016,-282.08660000000003,69.5334,175,75
2026-05-09 15:09:23.837,4,-2.56,0.3,-0.85,170.60160000000002,-167.8866,1.8534000000000006,175,75
2026-05-09 15:09:23.847,4,-1.97,-0.12,-0.95,210.72160000000002,-63.1266,22.4034,175,75
2026-05-09 15:09:23.858,4,-1.52,0.18,-0.61,135.54160000000002,22.303399999999996,100.3234,175,75
2026-05-09 15:09:23.874,4,-1.63,0.43,-0.39,77.2516,57.18339999999999,105.38340000000001,175,75
2026-05-09 15:09:23.891,4,-1.26,0.74,0.12,89.08160000000001,110.59339999999999,182.1534,175,75
2026-05-09 15:09:23.904,4,-0.97,0.59,0.39,96.4616,41.5034,201.6634,175,75
2026-05-09 15:09:23.924,4,-0.89,0.36,0.51,67.2516,-75.4466,198.3734,175,75
2026-05-09 15:09:23.936,4,-0.74,0.07,0.28,33.4716,-134.6466,138.4934,175,75
2026-05-09 15:09:23.947,4,-0.39,0.05,0.09,5.241600000000005,-220.5066,122.33340000000001,175,75
2026-05-09 15:09:23.950,4,-0.39,0.34,-0.1,-14.208399999999997,-249.46660000000003,110.3234,175,75
2026-05-09 15:09:23.960,4,-0.76,0.58,-0.21,-24.948399999999992,-258.1266,123.55340000000001,175,75
2026-05-09 15:09:23.973,4,-2.4,0.87,-0.21,-12.198399999999992,-201.2366,163.49339999999998,175,75
2026-05-09 15:09:23.985,4,0.04,0.33,-1.04,3.7716000000000065,54.803399999999996,132.7034,175,75
2026-05-09 15:09:24.005,4,1.15,0.42,-0.24,-4.278399999999991,115.7734,205.6334,175,75
2026-05-09 15:09:24.005,4,0.28,0.58,0.27,-19.638400000000004,48.273399999999995,234.3534,175,75
2026-05-09 15:09:24.017,4,-0.02,0.58,0.69,-36.58839999999999,53.7034,175.3834,175,75
2026-05-09 15:09:24.048,4,0.37,0.34,0.63,-67.62839999999998,-154.77660000000003,162.21339999999998,175,75
2026-05-09 15:09:24.060,4,0.37,-0.05,0.4,-61.898399999999995,-250.2566,116.05340000000001,175,75
2026-05-09 15:09:24.060,4,0.62,-0.28,0.22,-80.06840000000001,-259.7066,113.4334,175,75
2026-05-09 15:09:24.080,4,1.01,-0.62,-0.27,-136.16840000000002,-193.6166,127.52340000000001,175,75
2026-05-09 15:09:24.105,4,1.24,-1.41,-0.54,-151.52839999999998,-23.9766,160.7534,175,75
2026-05-09 15:09:24.126,4,1.12,-1.66,-0.42,-195.5584,101.2034,165.2634,175,75
2026-05-09 15:09:24.126,4,1.1,-1.58,-0.18,-249.14839999999998,211.3234,157.21339999999998,175,75
2026-05-09 15:09:24.143,4,1.28,-1.44,0.1,-287.5684,308.5234,154.5334,175,75
2026-05-09 15:09:24.153,4,1.83,-1.45,0.53,-306.4084,405.8334,154.8334,175,75
2026-05-09 15:09:24.163,4,2.45,-1.8,1.13,-302.6284,408.5834,150.9334,175,75
2026-05-09 15:09:24.175,4,2.77,-2.68,2.37,-243.66839999999996,44.4334,-16.386599999999998,175,75
2026-05-09 15:09:24.186,4,2.16,-3.13,2.08,-288.84839999999997,110.59339999999999,-34.9166,175,75
2026-05-09 15:09:24.207,4,2.41,-2.96,2.18,-332.5684,63.9434,-129.4966,175,75
2026-05-09 15:09:24.207,4,2.6,-2.24,1.84,-352.4484,90.04339999999999,-170.03660000000002,175,75
2026-05-09 15:09:24.218,4,2.73,-1.79,1.73,-317.9984,129.1334,-184.4966,175,75
2026-05-09 15:09:24.233,4,2.62,-1.97,2.0,-288.0584,174.1334,-195.22660000000002,175,75
2026-05-09 15:09:24.243,4,2.46,-2.32,2.45,-283.9084,200.65339999999998,-236.38660000000002,175,75
2026-05-09 15:09:24.259,4,2.25,-2.43,2.73,-295.97839999999997,224.1934,-292.78659999999996,175,75
2026-05-09 15:09:24.269,4,2.1,-2.34,2.83,-295.73839999999996,224.8034,-335.5266,175,75
2026-05-09 15:09:24.286,4,1.76,-2.31,2.76,-283.66839999999996,234.1334,-361.4466,175,75
2026-05-09 15:09:24.301,4,1.35,-2.47,2.44,-255.3084,245.83339999999998,-411.8666,175,75
2026-05-09 15:09:24.313,4,1.23,-2.45,2.2,-229.6384,254.7434,-424.97659999999996,175,75
2026-05-09 15:09:24.327,4,0.86,-2.15,1.9,-193.41839999999996,290.7734,-417.84659999999997,175,75
2026-05-09 15:09:24.327,4,0.5,-1.79,1.81,-161.03840000000002,321.9334,-409.4266,175,75
2026-05-09 15:09:24.355,4,0.0,-1.02,2.01,-104.2084,327.36339999999996,-387.1166,175,75
2026-05-09 15:09:24.366,4,-0.16,-0.67,2.08,-83.96839999999999,307.0534,-375.5866,175,75
2026-05-09 15:09:24.378,4,-0.27,-0.25,2.05,-67.80839999999999,259.8034,-360.5266,175,75
2026-05-09 15:09:24.389,4,-0.33,0.05,1.93,-59.5184,206.14339999999999,-348.0866,175,75
2026-05-09 15:09:24.426,4,-0.46,0.5,1.45,-47.388400000000004,102.3634,-311.1966,175,75
2026-05-09 15:09:24.426,4,-0.52,0.64,1.32,-35.368399999999994,85.4734,-294.97659999999996,175,75
2026-05-09 15:09:24.438,4,-0.59,0.77,1.21,-20.248400000000004,72.3634,-273.0266,175,75
2026-05-09 15:09:24.455,4,-0.74,0.9,1.12,-9.818399999999997,60.163399999999996,-243.94660000000002,175,75
2026-05-09 15:09:24.462,4,-0.86,0.97,1.07,-4.948399999999992,70.04339999999999,-223.94660000000002,175,75
2026-05-09 15:09:24.466,4,-0.96,1.06,0.99,2.371600000000001,108.40339999999999,-196.50660000000002,175,75
2026-05-09 15:09:24.493,4,-1.1,1.17,0.95,24.751600000000003,165.77339999999998,-133.1466,175,75
2026-05-09 15:09:24.503,4,-1.17,1.14,0.97,42.9816,180.96339999999998,-105.89659999999999,175,75
2026-05-09 15:09:24.514,4,-1.29,1.09,0.98,57.6116,167.3634,-83.8166,175,75
2026-05-09 15:09:24.525,4,-1.45,1.06,0.97,65.2416,139.8034,-69.8566,175,75
2026-05-09 15:09:24.546,4,-1.51,1.08,0.91,64.8716,114.37339999999999,-60.03659999999999,175,75
2026-05-09 15:09:24.546,4,-1.47,1.13,0.88,62.5516,109.9834,-46.566599999999994,175,75
2026-05-09 15:09:24.560,4,-1.41,1.17,0.85,63.351600000000005,114.5534,-25.0966,175,75
2026-05-09 15:09:24.568,4,-1.38,1.2,0.85,68.47160000000001,118.88340000000001,9.5334,175,75
2026-05-09 15:09:24.582,4,-1.37,1.19,0.89,76.0316,130.59339999999997,32.943400000000004,175,75
2026-05-09 15:09:24.589,4,-1.33,1.15,0.95,85.36160000000001,146.02339999999998,53.8634,175,75
2026-05-09 15:09:24.609,4,-1.22,1.08,1.04,98.2216,161.9934,81.9134,175,75
2026-05-09 15:09:24.621,4,-1.1,0.98,1.12,107.4916,157.66340000000002,102.52340000000001,175,75
2026-05-09 15:09:24.648,4,-0.94,0.75,1.21,141.7616,74.8034,138.4334,175,75
2026-05-09 15:09:24.660,4,-0.92,0.69,1.19,158.7716,44.803399999999996,147.7634,175,75
2026-05-09 15:09:24.674,4,-0.92,0.64,1.18,174.5716,22.303399999999996,157.64339999999999,175,75
2026-05-09 15:09:24.684,4,-0.96,0.62,1.18,196.3316,11.023399999999999,172.7634,175,75
2026-05-09 15:09:24.707,4,-0.97,0.59,1.24,241.7616,15.1034,203.55339999999998,175,75
2026-05-09 15:09:24.719,4,-0.94,0.57,1.3,269.9316,9.983399999999996,225.2034,175,75
2026-05-09 15:09:24.735,4,-0.91,0.53,1.4,310.5416,-4.346600000000002,255.8734,175,75
2026-05-09 15:09:24.752,4,-0.85,0.45,1.46,352.4916,-24.036600000000004,284.1634,175,75
2026-05-09 15:09:24.752,4,-0.75,0.3,1.52,394.5016,-50.446600000000004,307.9434,175,75
2026-05-09 15:09:24.764,4,-0.49,-0.04,1.45,456.40160000000003,-124.4666,338.8034,175,75
2026-05-09 15:09:24.778,4,-0.46,-0.27,1.22,492.4916,-176.1766,365.3834,175,75
2026-05-09 15:09:24.790,4,-0.55,-0.46,0.94,540.9116,-186.41660000000002,401.3034,175,75
2026-05-09 15:09:24.804,4,-0.64,-0.62,0.71,605.2416000000001,-166.90660000000003,453.0734,175,75
2026-05-09 15:09:24.826,4,-0.57,-1.34,0.66,721.5816,-120.4466,609.1634,175,75
2026-05-09 15:09:24.849,4,-0.29,-3.19,1.98,767.0716,-331.4166,971.1134000000001,175,75
2026-05-09 15:09:24.891,4,-4.06,-8.23,2.59,686.0916,-498.9166,656.1134000000001,175,75
2026-05-09 15:09:24.896,4,-3.81,-9.46,2.28,624.6316,-595.6266,642.5834,175,75
2026-05-09 15:09:24.904,4,-3.69,-9.79,1.69,644.7516,-749.4666,628.0134,175,75
2026-05-09 15:09:24.930,4,-4.17,-8.82,0.85,612.6816,-760.6266,438.6134,175,75
2026-05-09 15:09:24.939,4,-4.24,-7.71,0.41,524.5015999999999,-733.3066,295.08340000000004,175,75
2026-05-09 15:09:24.949,4,-3.98,-6.31,-0.13,406.76160000000004,-734.1666,78.6834,175,75
2026-05-09 15:09:24.961,4,-3.55,-4.75,-0.37,276.0316,-571.5966,-100.58659999999999,175,75
2026-05-09 15:09:24.968,4,-2.46,-3.49,-0.52,194.0216,-172.39659999999998,-90.58659999999999,175,75
2026-05-09 15:09:24.981,4,-0.77,-3.01,-0.57,192.4316,35.7134,38.433400000000006,175,75
2026-05-09 15:09:24.996,4,-0.47,-2.97,-0.1,294.3816,-23.0666,162.27339999999998,175,75
2026-05-09 15:09:25.001,4,-1.15,-3.1,0.56,421.8216,-106.6666,256.3634,175,75
2026-05-09 15:09:25.013,4,-1.94,-3.51,1.12,504.6316,-208.85660000000001,291.1134,175,75
2026-05-09 15:09:25.026,4,-2.4,-4.3,1.67,488.83160000000004,-409.64660000000003,173.68339999999998,175,75
2026-05-09 15:09:25.041,4,-2.91,-4.4,1.99,355.9716,-509.0966,-73.75659999999999,175,75
2026-05-09 15:09:25.052,4,-2.45,-3.58,1.67,216.58159999999998,-565.8066,-226.8066,175,75
2026-05-09 15:09:25.058,4,-2.23,-2.78,1.19,153.10160000000002,-709.9566,-274.6766,175,75
2026-05-09 15:09:25.074,4,-2.83,-1.84,0.56,162.2516,-827.3966,-259.5566,175,75
2026-05-09 15:09:25.085,4,-3.63,-1.1,-0.2,227.5516,-816.1166000000001,-253.5766,175,75
2026-05-09 15:09:25.085,4,-3.87,-0.81,-0.77,268.3516,-691.9666,-305.6466,175,75
2026-05-09 15:09:25.096,4,-3.41,-0.71,-1.26,279.9916,-516.1166,-381.5666,175,75
2026-05-09 15:09:25.109,4,-2.25,-0.51,-1.55,287.6816,-317.57660000000004,-444.4266,175,75
2026-05-09 15:09:25.124,4,-1.56,-0.11,-1.26,310.3016,-203.97660000000002,-455.5866,175,75
2026-05-09 15:09:25.132,4,-0.08,0.6,-0.34,293.7716,-100.4466,-281.1366,175,75
2026-05-09 15:09:25.147,4,-0.66,1.07,-0.03,214.3216,-83.42660000000001,-23.146599999999996,175,75
2026-05-09 15:09:25.159,4,-1.44,1.13,-0.01,190.1116,-70.8666,61.183400000000006,175,75
2026-05-09 15:09:25.167,4,-1.62,0.86,-0.07,224.9316,-75.3866,15.633400000000002,175,75
2026-05-09 15:09:25.182,4,-1.75,0.28,0.23,232.9216,-172.6966,-60.89659999999999,175,75
2026-05-09 15:09:25.198,4,-1.57,0.68,0.11,133.16160000000002,-140.2566,-22.7266,175,75
2026-05-09 15:09:25.217,4,-1.49,1.09,-0.11,90.8516,-101.3566,14.533400000000002,175,75
2026-05-09 15:09:25.221,4,-1.45,1.22,-0.17,113.2216,-81.17660000000001,49.293400000000005,175,75
2026-05-09 15:09:25.236,4,-1.43,1.12,-0.11,129.20159999999998,-64.3466,74.2934,175,75
2026-05-09 15:09:25.255,4,-1.29,0.71,-0.04,101.33160000000001,-56.4166,105.44340000000001,175,75
2026-05-09 15:09:25.269,4,-1.14,0.6,-0.02,72.1316,-85.1366,106.1834,175,75
2026-05-09 15:09:25.269,4,-1.05,0.65,-0.0,52.3116,-105.4466,104.35340000000001,175,75
2026-05-09 15:09:25.283,4,-1.06,0.75,-0.03,36.461600000000004,-115.1966,109.2934,175,75
2026-05-09 15:09:25.295,4,-1.15,0.81,-0.12,26.3316,-92.2766,115.7534,175,75
2026-05-09 15:09:25.307,4,-1.16,0.8,-0.21,20.181600000000003,-40.446600000000004,130.4434,175,75
2026-05-09 15:09:25.318,4,-1.32,0.91,-0.17,6.331600000000002,31.7534,156.05339999999998,175,75
2026-05-09 15:09:25.328,4,-1.03,0.91,-0.24,0.9116000000000071,98.15339999999999,162.52339999999998,175,75
2026-05-09 15:09:25.371,4,-0.37,0.55,0.31,-35.7984,81.7534,178.68339999999998,175,75
2026-05-09 15:09:25.383,4,-0.09,0.19,0.25,-39.5184,55.35339999999999,196.6634,175,75
2026-05-09 15:09:25.394,4,-0.09,-0.04,0.21,-56.4084,26.7534,215.5034,175,75
2026-05-09 15:09:25.417,4,0.07,-0.55,0.21,-97.31840000000001,37.483399999999996,239.5334,175,75
2026-05-09 15:09:25.429,4,0.43,-0.78,0.16,-113.90839999999999,61.5034,243.68339999999998,175,75
2026-05-09 15:09:25.429,4,0.76,-1.04,0.09,-125.30839999999999,63.7034,235.93339999999998,175,75
2026-05-09 15:09:25.441,4,0.81,-1.26,-0.0,-139.39839999999998,53.0934,226.6034,175,75
2026-05-09 15:09:25.463,4,0.7,-1.39,-0.15,-155.85840000000002,60.29339999999999,215.7534,175,75
2026-05-09 15:09:25.463,4,0.55,-1.47,-0.19,-172.3884,116.0834,212.0934,175,75
2026-05-09 15:09:25.509,4,0.46,-1.62,0.01,-249.02839999999998,429.92339999999996,224.6534,175,75
2026-05-09 15:09:25.509,4,0.43,-1.68,0.23,-262.0184,496.38339999999994,226.4234,175,75
2026-05-09 15:09:25.541,4,0.94,-2.38,0.89,-275.1884,611.2034,218.55339999999998,175,75
2026-05-09 15:09:25.553,4,1.5,-2.78,1.53,-273.23839999999996,541.2034,180.02339999999998,175,75
2026-05-09 15:09:25.600,4,1.7,-1.87,2.41,-297.1984,177.85340000000002,-131.38660000000002,175,75
2026-05-09 15:09:25.616,4,1.87,-1.94,2.11,-261.7784,176.9934,-153.3966,175,75
2026-05-09 15:09:25.627,4,1.91,-2.12,2.02,-240.5584,177.97339999999997,-180.4066,175,75
2026-05-09 15:09:25.644,4,1.77,-2.24,2.04,-247.8084,200.35340000000002,-214.4266,175,75
2026-05-09 15:09:25.658,4,1.46,-2.1,2.26,-263.9084,258.6434,-267.78659999999996,175,75
2026-05-09 15:09:25.670,4,0.88,-1.99,2.29,-250.4984,282.0534,-323.5166,175,75
2026-05-09 15:09:25.686,4,0.65,-2.07,2.17,-256.34839999999997,275.7734,-341.4466,175,75
2026-05-09 15:09:25.696,4,0.55,-2.17,2.07,-259.2784,276.2634,-354.6166,175,75
2026-05-09 15:09:25.708,4,0.57,-2.27,2.1,-237.2584,275.7134,-362.1166,175,75
2026-05-09 15:09:25.708,4,0.49,-2.36,2.19,-208.53839999999997,250.53339999999997,-360.46659999999997,175,75
2026-05-09 15:09:25.735,4,-0.18,-2.16,2.18,-197.3884,168.21339999999998,-362.96659999999997,175,75
2026-05-09 15:09:25.764,4,-0.64,-1.16,1.74,-215.0684,211.14339999999999,-459.4266,175,75
2026-05-09 15:09:25.774,4,-0.54,-0.81,1.65,-192.8684,216.6334,-478.6366,175,75
2026-05-09 15:09:25.786,4,-0.18,-0.45,1.72,-166.22840000000002,200.53339999999997,-468.8166,175,75
2026-05-09 15:09:25.808,4,-0.12,0.15,1.88,-160.7384,157.79340000000002,-315.34659999999997,175,75
2026-05-09 15:09:25.808,4,-0.35,0.23,1.79,-155.79840000000002,151.3234,-276.1966,175,75
2026-05-09 15:09:25.822,4,-0.48,0.22,1.75,-138.59839999999997,145.41340000000002,-281.3866,175,75
2026-05-09 15:09:25.836,4,-0.49,0.22,1.72,-120.06840000000001,120.65339999999999,-297.47659999999996,175,75
2026-05-09 15:09:25.859,4,-0.69,0.5,1.67,-122.1384,34.803399999999996,-260.5866,175,75
2026-05-09 15:09:25.859,4,-0.8,0.64,1.6,-123.96839999999999,27.303399999999996,-244.06660000000002,175,75
2026-05-09 15:09:25.874,4,-0.82,0.76,1.55,-117.9284,31.3234,-231.99660000000003,175,75
2026-05-09 15:09:25.897,4,-0.79,0.89,1.54,-100.12839999999998,36.7534,-216.25660000000002,175,75
2026-05-09 15:09:25.897,4,-0.78,0.97,1.54,-87.62839999999998,36.633399999999995,-201.9266,175,75
2026-05-09 15:09:25.910,4,-0.82,1.03,1.56,-76.09839999999998,32.8534,-183.3966,175,75
2026-05-09 15:09:25.926,4,-0.89,1.06,1.58,-69.6984,26.993399999999994,-172.1766,175,75
2026-05-09 15:09:25.926,4,-1.0,1.09,1.58,-65.00840000000001,16.263399999999997,-161.19660000000002,175,75
2026-05-09 15:09:25.939,4,-1.12,1.11,1.55,-61.77839999999999,10.653399999999998,-149.2466,175,75
2026-05-09 15:09:25.956,4,-1.2,1.14,1.52,-59.5784,14.313399999999994,-135.9566,175,75
2026-05-09 15:09:25.956,4,-1.21,1.17,1.5,-56.16839999999999,26.3234,-122.7866,175,75
2026-05-09 15:09:25.990,4,-1.2,1.27,1.58,-37.6884,63.0334,-70.77659999999999,175,75
2026-05-09 15:09:26.016,4,-0.99,1.16,1.76,2.4916000000000054,82.6634,-29.1266,175,75
2026-05-09 15:09:26.030,4,-0.92,1.08,1.83,14.381600000000006,54.07339999999999,-17.786599999999996,175,75
2026-05-09 15:09:26.030,4,-0.92,1.04,1.84,24.8716,16.7534,-9.1266,175,75
2026-05-09 15:09:26.041,4,-0.94,1.01,1.81,39.631600000000006,-20.5666,1.7934000000000019,175,75
2026-05-09 15:09:26.055,4,-0.95,0.99,1.74,61.821600000000004,-43.366600000000005,16.9734,175,75
2026-05-09 15:09:26.061,4,-0.93,0.94,1.67,87.3716,-48.1266,35.1434,175,75
2026-05-09 15:09:26.079,4,-0.85,0.87,1.65,109.8116,-42.8166,53.4934,175,75
2026-05-09 15:09:26.106,4,-0.73,0.8,1.61,138.8316,-55.0766,93.49340000000001,175,75
2026-05-09 15:09:26.143,4,-0.69,0.87,1.41,219.6316,-106.7866,191.7934,175,75
2026-05-09 15:09:26.174,4,-0.78,0.74,1.17,252.3716,-138.91660000000002,243.74339999999998,175,75
2026-05-09 15:09:26.211,4,-0.68,0.35,0.91,316.0316,-100.92660000000001,390.5734,175,75
2026-05-09 15:09:26.222,4,-0.67,0.07,0.95,344.8716,-74.5266,459.90340000000003,175,75
2026-05-09 15:09:26.225,4,-0.63,-0.2,1.07,362.1316,-51.4166,519.9634,175,75
2026-05-09 15:09:26.243,4,-0.53,-0.65,1.24,365.1116,-46.3566,583.9234,175,75
2026-05-09 15:09:26.256,4,-0.5,-1.02,1.36,358.5316,-55.256600000000006,624.9634,175,75
2026-05-09 15:09:26.275,4,-0.32,-1.72,1.66,351.64160000000004,-73.9166,692.1534,175,75
2026-05-09 15:09:26.305,4,-0.95,-2.84,1.81,379.9916,-141.41660000000002,853.0734,175,75
2026-05-09 15:09:26.328,4,-1.91,-4.36,1.86,360.6016,-223.97660000000002,957.1534,175,75
2026-05-09 15:09:26.339,4,-2.54,-5.2,1.79,367.4916,-227.08659999999998,934.9634,175,75
2026-05-09 15:09:26.350,4,-3.03,-6.05,1.55,370.5416,-162.7566,835.9934000000001,175,75
2026-05-09 15:09:26.363,4,-1.89,-5.86,1.07,293.8316,41.6934,519.1634,175,75
2026-05-09 15:09:26.405,4,-1.28,-3.04,1.57,303.2916,-278.6166,227.7034,175,75
2026-05-09 15:09:26.416,4,-1.03,-2.96,1.78,266.3316,-305.8066,185.8134,175,75
2026-05-09 15:09:26.416,4,-0.66,-3.1,2.02,207.3716,-305.38660000000004,172.21339999999998,175,75
2026-05-09 15:09:26.427,4,-0.13,-3.2,2.21,123.16159999999999,-319.83660000000003,176.36339999999998,175,75
2026-05-09 15:09:26.448,4,0.02,-3.03,2.07,55.421600000000005,-362.27660000000003,192.8234,175,75
2026-05-09 15:09:26.448,4,-0.03,-2.78,1.77,28.711600000000004,-449.83660000000003,201.6034,175,75
2026-05-09 15:09:26.460,4,-0.22,-2.68,1.51,37.1916,-536.9666,190.4434,175,75
2026-05-09 15:09:26.469,4,-0.65,-2.65,1.13,62.6816,-605.5066,155.6934,175,75
2026-05-09 15:09:26.480,4,-1.01,-2.65,0.66,95.05160000000001,-612.7566,81.3034,175,75
2026-05-09 15:09:26.494,4,-1.21,-2.53,0.35,116.33160000000001,-599.8966,9.473400000000002,175,75
2026-05-09 15:09:26.507,4,-1.48,-2.09,-0.13,139.8716,-563.1866,-105.40659999999998,175,75
2026-05-09 15:09:26.520,4,-1.68,-1.47,-0.56,149.9316,-492.33660000000003,-230.5266,175,75
2026-05-09 15:09:26.533,4,-1.6,-1.0,-0.9,181.0316,-436.9066,-360.9566,175,75
2026-05-09 15:09:26.545,4,-1.35,-0.7,-1.24,237.0716,-408.1866,-475.03659999999996,175,75
2026-05-09 15:09:26.548,4,-0.81,-0.41,-1.6,322.0016,-408.7366,-577.9066,175,75
2026-05-09 15:09:26.562,4,-0.64,-0.05,-1.68,372.9216,-535.1366,-626.7466,175,75
2026-05-09 15:09:26.578,4,1.12,1.3,-0.59,302.0716,-649.8966,-379.3066,175,75
2026-05-09 15:09:26.585,4,-0.54,2.37,-1.49,160.60160000000002,-412.51660000000004,-135.7766,175,75
2026-05-09 15:09:26.588,4,-1.8,2.36,-2.04,68.6516,-243.91660000000002,-87.72659999999999,175,75
2026-05-09 15:09:26.608,4,-1.17,1.56,-1.85,70.1116,64.7434,-81.0766,175,75
2026-05-09 15:09:26.622,4,-0.18,0.82,-1.39,64.3216,250.96339999999998,-13.396599999999996,175,75
2026-05-09 15:09:26.622,4,0.19,0.54,-0.85,24.0816,233.15339999999998,33.5534,175,75
2026-05-09 15:09:26.637,4,-0.13,0.67,-0.33,-19.5184,151.8134,27.1534,175,75
2026-05-09 15:09:26.637,4,-0.58,0.9,-0.05,-65.49839999999999,45.413399999999996,-32.9066,175,75
2026-05-09 15:09:26.649,4,-0.55,1.0,0.12,-95.00840000000001,-40.016600000000004,-72.72659999999999,175,75
2026-05-09 15:09:26.663,4,-0.4,0.97,0.04,-114.9484,-103.5566,-73.08659999999999,175,75
2026-05-09 15:09:26.671,4,-0.42,0.76,-0.14,-122.31840000000001,-145.6866,-64.00659999999999,175,75
2026-05-09 15:09:26.685,4,-0.52,0.5,-0.28,-126.03840000000001,-162.51659999999998,-51.0766,175,75
2026-05-09 15:09:26.697,4,-0.66,0.08,-0.34,-153.53840000000002,-105.5066,-12.0566,175,75
2026-05-09 15:09:26.709,4,-0.59,-0.05,-0.26,-181.28840000000002,-41.4166,12.463400000000002,175,75
2026-05-09 15:09:26.722,4,-0.4,-0.16,-0.15,-208.53839999999997,24.0734,36.0534,175,75
2026-05-09 15:09:26.734,4,-0.12,-0.3,-0.0,-227.01839999999999,78.6434,61.183400000000006,175,75
2026-05-09 15:09:26.746,4,0.1,-0.46,0.11,-231.64839999999998,105.04339999999999,79.96340000000001,175,75
2026-05-09 15:09:26.760,4,0.26,-0.66,0.2,-232.9984,117.85340000000001,92.7634,175,75
2026-05-09 15:09:26.770,4,0.38,-0.87,0.21,-234.02839999999998,121.93339999999999,91.91340000000001,175,75
2026-05-09 15:09:26.781,4,0.43,-1.12,0.2,-240.6784,111.75339999999998,80.5734,175,75
2026-05-09 15:09:26.781,4,0.46,-1.29,0.17,-246.83839999999998,123.15339999999999,66.24340000000001,175,75
2026-05-09 15:09:26.810,4,0.57,-1.61,0.25,-273.59839999999997,204.2534,60.873400000000004,175,75
2026-05-09 15:09:26.821,4,0.61,-1.72,0.28,-286.5884,251.8134,65.8134,175,75
2026-05-09 15:09:26.831,4,0.56,-1.81,0.31,-285.3084,278.7634,65.9334,175,75
2026-05-09 15:09:26.842,4,0.47,-2.04,0.41,-278.41839999999996,324.0734,67.2734,175,75
2026-05-09 15:09:26.846,4,0.49,-2.2,0.53,-282.7484,355.35339999999997,62.21340000000001,175,75
2026-05-09 15:09:26.877,4,0.51,-2.49,1.01,-330.91839999999996,427.1834,5.8134000000000015,175,75
2026-05-09 15:09:26.887,4,0.48,-2.5,1.24,-352.2584,441.5734,-25.7766,175,75
2026-05-09 15:09:26.903,4,0.32,-2.34,1.58,-346.03839999999997,387.36339999999996,-130.4066,175,75
2026-05-09 15:09:26.926,4,0.14,-2.32,1.56,-322.3184,382.85339999999997,-175.5266,175,75
2026-05-09 15:09:26.937,4,0.12,-2.41,1.56,-308.53839999999997,399.2534,-221.44660000000002,175,75
2026-05-09 15:09:26.937,4,0.13,-2.49,1.56,-312.8084,405.22339999999997,-241.13660000000002,175,75
2026-05-09 15:09:26.948,4,0.06,-2.59,1.57,-324.0884,414.4934,-246.0166,175,75
2026-05-09 15:09:26.962,4,-0.01,-2.68,1.63,-327.5684,418.4034,-240.1666,175,75
2026-05-09 15:09:26.974,4,-0.12,-2.75,1.74,-310.3684,390.47339999999997,-242.23659999999998,175,75
2026-05-09 15:09:26.995,4,-1.04,-2.65,1.91,-173.78840000000002,292.0534,-344.4266,175,75
2026-05-09 15:09:27.007,4,-1.19,-2.3,2.08,-142.5684,308.1534,-443.0266,175,75
2026-05-09 15:09:27.031,4,-0.89,-1.86,2.34,-155.2484,294.98339999999996,-521.8666,175,75
2026-05-09 15:09:27.042,4,-0.48,-1.05,2.37,-184.7584,179.2534,-559.6766,175,75
2026-05-09 15:09:27.053,4,0.16,-0.56,2.37,-185.0684,101.8134,-495.89660000000003,175,75
2026-05-09 15:09:27.066,4,0.04,-0.22,2.19,-198.29839999999996,34.133399999999995,-363.7566,175,75
2026-05-09 15:09:27.085,4,-0.42,-0.12,1.9,-190.0684,36.3234,-308.8866,175,75
2026-05-09 15:09:27.095,4,-0.77,-0.1,1.76,-163.47840000000002,53.0334,-308.8866,175,75
2026-05-09 15:09:27.106,4,-0.79,0.04,1.79,-142.3884,56.7534,-323.4566,175,75
2026-05-09 15:09:27.132,4,-0.6,0.55,1.93,-138.35840000000002,-7.456600000000002,-274.3666,175,75
2026-05-09 15:09:27.143,4,-0.66,0.76,1.81,-145.1884,-18.426600000000004,-239.00660000000002,175,75
2026-05-09 15:09:27.148,4,-0.85,0.89,1.71,-125.3684,-19.466600000000003,-212.35660000000001,175,75
2026-05-09 15:09:27.163,4,-1.05,0.97,1.67,-87.25840000000001,2.483399999999996,-180.3466,175,75
2026-05-09 15:09:27.174,4,-1.12,0.99,1.7,-63.848399999999984,24.0734,-153.2766,175,75
2026-05-09 15:09:27.214,4,-1.13,1.06,1.75,-24.758399999999995,-21.906600000000005,-81.0766,175,75
2026-05-09 15:09:27.238,4,-1.63,0.9,1.42,23.291600000000003,-132.2066,4.5334,175,75
2026-05-09 15:09:27.248,4,-1.78,0.84,1.35,53.351600000000005,-108.7966,35.083400000000005,175,75
2026-05-09 15:09:27.271,4,-1.67,0.78,1.34,98.2916,-135.5666,90.6934,175,75
2026-05-09 15:09:27.283,4,-1.75,0.73,1.34,118.2216,-190.1966,133.4934,175,75
2026-05-09 15:09:27.291,4,-1.9,0.58,1.29,152.98160000000001,-218.4266,181.4234,175,75
2026-05-09 15:09:27.320,4,-1.87,0.11,1.09,223.47160000000002,-194.70659999999998,265.4434,175,75
2026-05-09 15:09:27.331,4,-1.65,-0.19,1.02,249.3216,-154.28660000000002,298.9834,175,75
2026-05-09 15:09:27.353,4,-1.25,-0.75,1.35,310.2416,-72.20660000000001,435.9334,175,75
2026-05-09 15:09:27.388,4,-0.89,-1.92,2.11,370.6616,-75.92660000000001,679.1634,175,75
2026-05-09 15:09:27.399,4,-1.1,-2.42,2.18,380.8516,-131.9666,763.3134,175,75
2026-05-09 15:09:27.424,4,-1.62,-3.43,2.22,388.71160000000003,-186.96660000000003,875.8734000000001,175,75
2026-05-09 15:09:27.435,4,-2.22,-4.31,2.46,408.71160000000003,-228.4266,910.7534,175,75
2026-05-09 15:09:27.465,4,-3.52,-7.7,2.59,424.8716,-229.09660000000002,787.7634,175,75
2026-05-09 15:09:27.476,4,-3.29,-8.28,2.3,376.15160000000003,-262.6366,715.0234,175,75
2026-05-09 15:09:27.486,4,-2.67,-8.06,1.72,326.76160000000004,-242.57659999999998,651.7934,175,75
2026-05-09 15:09:27.499,4,-2.09,-7.61,1.25,309.4416,-236.47660000000002,618.8634000000001,175,75
2026-05-09 15:09:27.509,4,-1.92,-6.87,0.82,314.6916,-278.9766,585.6334,175,75
2026-05-09 15:09:27.509,4,-2.13,-6.29,0.63,327.4316,-289.83660000000003,536.9734,175,75
2026-05-09 15:09:27.522,4,-2.26,-5.96,0.49,335.1816,-247.08659999999998,468.2534,175,75
2026-05-09 15:09:27.534,4,-1.89,-5.5,0.54,319.9916,-209.52660000000003,373.0734,175,75
2026-05-09 15:09:27.546,4,-1.55,-4.94,0.6,282.1916,-192.7566,309.90340000000003,175,75
2026-05-09 15:09:27.556,4,-1.15,-4.41,0.62,233.22160000000002,-171.35660000000001,271.0534,175,75
2026-05-09 15:09:27.576,4,-0.41,-3.66,0.62,183.35160000000002,-226.1166,228.43339999999998,175,75
2026-05-09 15:09:27.581,4,-0.3,-3.37,0.52,191.7616,-270.4466,212.7634,175,75
2026-05-09 15:09:27.591,4,-0.33,-3.0,0.34,188.10160000000002,-305.01660000000004,182.58339999999998,175,75
2026-05-09 15:09:27.600,4,-0.44,-2.56,0.11,175.1116,-307.20660000000004,128.5534,175,75
2026-05-09 15:09:27.611,4,-0.48,-2.14,-0.18,167.7416,-289.0366,59.293400000000005,175,75
2026-05-09 15:09:27.623,4,-0.35,-1.66,-0.55,198.35160000000002,-298.6766,-69.55659999999999,175,75
2026-05-09 15:09:27.653,4,-0.18,-1.17,-0.97,272.1916,-307.39660000000003,-237.4766,175,75
2026-05-09 15:09:27.667,4,4.36,1.3,0.44,316.2116,-656.8466,-172.66660000000002,175,75
2026-05-09 15:09:27.678,4,0.7,2.91,-0.88,197.5516,-607.5166,39.1634,175,75
2026-05-09 15:09:27.688,4,-1.32,2.79,-1.79,207.2516,-548.9766,-118.02659999999999,175,75
2026-05-09 15:09:27.703,4,-0.64,1.87,-2.35,288.90160000000003,-193.4266,-33.8866,175,75
2026-05-09 15:09:27.714,4,-0.59,1.35,-2.45,311.8216,6.573399999999996,67.46340000000001,175,75
2026-05-09 15:09:27.726,4,-0.15,0.65,-2.22,236.03160000000003,35.773399999999995,40.933400000000006,175,75
2026-05-09 15:09:27.751,4,0.2,1.23,-1.48,-51.4084,46.023399999999995,-3.1465999999999994,175,75
2026-05-09 15:09:27.763,4,0.39,1.26,-1.25,-41.77839999999999,29.6834,14.223400000000002,175,75
2026-05-09 15:09:27.773,4,0.3,0.99,-1.01,-39.08839999999999,24.4334,25.143400000000003,175,75
2026-05-09 15:09:27.786,4,0.25,0.76,-0.8,-59.08839999999999,29.553399999999996,25.143400000000003,175,75
2026-05-09 15:09:27.786,4,0.36,0.68,-0.65,-96.03840000000001,27.723399999999998,16.793400000000002,175,75
2026-05-09 15:09:27.798,4,0.47,0.74,-0.53,-135.79840000000002,18.523399999999995,7.703400000000002,175,75
2026-05-09 15:09:27.810,4,0.52,0.76,-0.51,-152.3184,19.6834,-1.926599999999997,175,75
2026-05-09 15:09:27.820,4,0.8,0.54,-0.54,-156.46839999999997,38.093399999999995,-16.506599999999995,175,75
2026-05-09 15:09:27.831,4,0.61,0.44,-0.38,-177.0784,26.023399999999995,-7.906600000000001,175,75
2026-05-09 15:09:27.848,4,0.98,-0.13,-0.26,-212.01839999999999,171.9934,-31.506599999999995,175,75
2026-05-09 15:09:27.864,4,0.82,-0.43,0.01,-253.23839999999996,181.6334,-3.456599999999998,175,75
2026-05-09 15:09:27.874,4,0.34,-0.75,0.25,-258.47839999999997,195.10340000000002,10.573400000000003,175,75
2026-05-09 15:09:27.886,4,0.7,-1.38,0.32,-246.95839999999998,316.0234,-12.116599999999995,175,75
2026-05-09 15:09:27.897,4,2.33,-2.12,0.61,-265.6784,337.66339999999997,-68.02659999999999,175,75
2026-05-09 15:09:27.908,4,1.52,-2.37,1.2,-315.6184,150.96339999999998,-77.78659999999999,175,75
2026-05-09 15:09:27.915,4,0.81,-2.57,1.09,-280.3684,193.58339999999998,-98.39659999999999,175,75
2026-05-09 15:09:27.933,4,1.46,-3.38,1.52,-239.7584,185.41340000000002,-125.58659999999999,175,75
2026-05-09 15:09:27.942,4,1.33,-3.99,1.84,-242.5684,59.553399999999996,-155.5866,175,75
2026-05-09 15:09:27.954,4,0.76,-4.42,1.85,-290.3684,85.4734,-138.0866,175,75
2026-05-09 15:09:27.966,4,0.19,-4.13,1.65,-400.4284,130.35340000000002,-203.88660000000002,175,75
2026-05-09 15:09:27.988,4,0.15,-4.09,1.45,-368.9684,209.6834,-287.47659999999996,175,75
2026-05-09 15:09:27.999,4,0.19,-4.16,1.51,-312.1384,248.7634,-329.91659999999996,175,75
2026-05-09 15:09:27.999,4,0.29,-4.18,1.74,-257.4484,270.41339999999997,-343.8866,175,75
2026-05-09 15:09:28.057,4,0.32,-3.89,2.76,-256.8384,259.2534,-426.0166,175,75
2026-05-09 15:09:28.080,4,0.02,-3.51,2.34,-228.29839999999996,267.0534,-416.8066,175,75
2026-05-09 15:09:28.103,4,-0.5,-3.34,2.36,-139.45839999999998,304.7434,-460.9566,175,75
2026-05-09 15:09:28.115,4,-0.67,-3.01,2.45,-102.74839999999999,316.2634,-501.86659999999995,175,75
2026-05-09 15:09:28.138,4,-0.72,-2.26,2.68,-70.8584,288.4034,-527.2966,175,75
2026-05-09 15:09:28.160,4,-0.47,-1.63,2.43,-80.00840000000001,244.4934,-496.5666,175,75
2026-05-09 15:09:28.175,4,-0.33,-1.33,2.2,-88.78840000000001,226.5134,-462.1166,175,75
2026-05-09 15:09:28.186,4,-0.33,-1.03,1.98,-85.9184,212.42340000000002,-416.5666,175,75
2026-05-09 15:09:28.186,4,-0.42,-0.85,1.85,-72.31840000000001,207.72339999999997,-387.29659999999996,175,75
2026-05-09 15:09:28.220,4,-0.52,-0.47,1.74,-32.44839999999999,180.41340000000002,-356.1966,175,75
2026-05-09 15:09:28.220,4,-0.52,-0.29,1.79,-30.308399999999992,141.14339999999999,-342.84659999999997,175,75
2026-05-09 15:09:28.232,4,-0.57,-0.12,1.81,-37.6284,100.8334,-324.3066,175,75
2026-05-09 15:09:28.244,4,-0.69,0.06,1.75,-49.5784,74.3134,-309.85659999999996,175,75
2026-05-09 15:09:28.261,4,-0.65,0.36,1.57,-49.5784,59.743399999999994,-295.28659999999996,175,75
2026-05-09 15:09:28.278,4,-0.52,0.46,1.5,-40.91839999999999,46.32339999999999,-278.6966,175,75
2026-05-09 15:09:28.290,4,-0.52,0.49,1.42,-36.58839999999999,28.523399999999995,-262.29659999999996,175,75
2026-05-09 15:09:28.301,4,-0.62,0.5,1.34,-39.758399999999995,12.363399999999999,-254.9766,175,75
2026-05-09 15:09:28.326,4,-0.91,0.65,1.31,-57.138400000000004,4.073399999999996,-232.11660000000003,175,75
2026-05-09 15:09:28.350,4,-1.08,0.85,1.32,-53.9084,29.9234,-204.4266,175,75
2026-05-09 15:09:28.376,4,-0.97,0.96,1.34,-35.428399999999996,38.5834,-162.2366,175,75
2026-05-09 15:09:28.388,4,-0.98,0.94,1.38,-26.468400000000003,26.203399999999995,-144.3666,175,75
2026-05-09 15:09:28.399,4,-1.02,0.93,1.41,-18.848399999999998,13.093399999999995,-131.7466,175,75
2026-05-09 15:09:28.399,4,-1.03,0.92,1.41,-11.468400000000003,5.223399999999998,-121.62659999999998,175,75
2026-05-09 15:09:28.423,4,-0.97,0.91,1.38,2.0716000000000037,-13.186600000000002,-101.5066,175,75
2026-05-09 15:09:28.433,4,-0.94,0.91,1.32,6.761600000000001,-27.946600000000004,-90.9566,175,75
2026-05-09 15:09:28.444,4,-0.95,0.91,1.27,11.151600000000002,-35.6866,-79.7366,175,75
2026-05-09 15:09:28.474,4,-0.89,0.95,1.21,20.4816,-23.556600000000003,-42.2966,175,75
2026-05-09 15:09:28.491,4,-0.82,0.98,1.25,34.0216,-19.346600000000002,-5.706599999999998,175,75
2026-05-09 15:09:28.523,4,-0.74,0.93,1.24,40.601600000000005,-40.256600000000006,35.2034,175,75
2026-05-09 15:09:28.545,4,-0.75,0.95,1.22,38.961600000000004,-45.256600000000006,53.5534,175,75
2026-05-09 15:09:28.545,4,-0.73,0.96,1.21,38.41160000000001,-43.976600000000005,72.1534,175,75
2026-05-09 15:09:28.564,4,-0.7,0.96,1.23,39.631600000000006,-47.8866,101.85340000000001,175,75
2026-05-09 15:09:28.575,4,-0.7,0.95,1.26,43.16160000000001,-54.7066,125.3234,175,75
2026-05-09 15:09:28.594,4,-0.66,0.86,1.33,57.071600000000004,-88.06660000000001,198.68339999999998,175,75
2026-05-09 15:09:28.600,4,-0.64,0.79,1.34,62.131600000000006,-112.0866,231.6034,175,75
2026-05-09 15:09:28.616,4,-0.62,0.69,1.33,69.69160000000001,-135.2566,266.3034,175,75
2026-05-09 15:09:28.641,4,-0.57,0.37,1.28,103.6516,-175.07659999999998,357.70340000000004,175,75
2026-05-09 15:09:28.645,4,-0.55,0.25,1.27,124.3216,-184.28660000000002,398.4334,175,75
2026-05-09 15:09:28.657,4,-0.51,0.09,1.24,150.60160000000002,-192.57659999999998,445.8134,175,75
2026-05-09 15:09:28.670,4,-0.43,-0.17,1.2,182.3716,-200.9266,503.4334,175,75
2026-05-09 15:09:28.684,4,-0.33,-0.61,1.08,221.15160000000003,-199.77660000000003,567.9434,175,75
2026-05-09 15:09:28.708,4,-0.21,-1.5,1.06,257.9816,-169.40660000000003,668.9834000000001,175,75
2026-05-09 15:09:28.721,4,-0.13,-2.02,1.26,252.6116,-161.1766,753.0734,175,75
2026-05-09 15:09:28.754,4,-1.33,-3.09,1.78,282.4916,-375.6866,970.8134,175,75
2026-05-09 15:09:28.789,4,-3.2,-6.03,1.63,312.4316,-355.1966,792.2734,175,75
2026-05-09 15:09:28.801,4,-2.85,-6.62,1.45,300.2416,-261.8466,710.0234,175,75
2026-05-09 15:09:28.817,4,-1.29,-6.55,1.3,261.4616,-214.52660000000003,607.4034,175,75
2026-05-09 15:09:28.838,4,-0.81,-4.96,1.14,257.0716,-315.1966,514.1034,175,75
2026-05-09 15:09:28.865,4,-1.13,-3.22,0.83,233.65160000000003,-281.3566,276.1134,175,75
2026-05-09 15:09:28.877,4,-0.75,-2.84,0.76,203.29160000000002,-200.6866,147.64339999999999,175,75
2026-05-09 15:09:28.877,4,-0.13,-2.75,0.85,207.1916,-171.72660000000002,52.153400000000005,175,75
2026-05-09 15:09:28.888,4,0.34,-2.55,1.07,229.8116,-163.7366,-14.186599999999995,175,75
2026-05-09 15:09:28.914,4,0.67,-2.26,1.16,244.9916,-186.47660000000002,-49.736599999999996,175,75
2026-05-09 15:09:28.914,4,0.84,-1.83,1.05,252.1316,-242.14659999999998,-84.4266,175,75
2026-05-09 15:09:28.935,4,1.59,-1.34,1.18,245.3616,-307.33660000000003,-39.36659999999999,175,75
2026-05-09 15:09:28.935,4,1.32,-0.78,1.04,225.1116,-348.5566,90.8734,175,75
2026-05-09 15:09:28.945,4,0.55,-0.66,0.55,246.40160000000003,-328.0666,136.5434,175,75
2026-05-09 15:09:28.955,4,0.22,-0.73,0.38,280.7216,-292.88660000000004,87.0334,175,75
2026-05-09 15:09:28.978,4,0.36,-0.53,0.37,267.1316,-282.02660000000003,19.9034,175,75
2026-05-09 15:09:28.996,4,0.37,-0.24,0.18,235.72160000000002,-298.6766,9.293400000000002,175,75
2026-05-09 15:09:29.019,4,0.48,0.41,-0.38,203.77159999999998,-271.9066,-43.69659999999999,175,75
2026-05-09 15:09:29.035,4,0.14,0.72,-0.88,177.1916,-98.06660000000001,-0.03659999999999641,175,75
2026-05-09 15:09:29.047,4,0.15,0.67,-0.95,141.4616,10.833399999999997,7.463400000000004,175,75
2026-05-09 15:09:29.058,4,0.04,0.69,-0.7,79.5716,55.8334,21.543400000000002,175,75
2026-05-09 15:09:29.070,4,-0.04,0.72,-0.45,20.541600000000003,87.4834,18.1334,175,75
2026-05-09 15:09:29.082,4,0.3,0.71,-0.3,-31.288399999999996,81.2034,-4.856599999999997,175,75
2026-05-09 15:09:29.094,4,0.89,0.62,-0.3,-57.748400000000004,28.333399999999997,-35.89659999999999,175,75
2026-05-09 15:09:29.105,4,1.02,0.62,-0.18,-80.8584,-69.95660000000001,-42.53659999999999,175,75
2026-05-09 15:09:29.129,4,0.32,0.73,-0.22,-92.8684,-79.70660000000001,-71.44659999999999,175,75
2026-05-09 15:09:29.129,4,0.47,0.63,-0.2,-115.9184,-10.076600000000003,-61.626599999999996,175,75
2026-05-09 15:09:29.139,4,0.36,0.67,-0.11,-148.1784,46.5034,-45.28659999999999,175,75
2026-05-09 15:09:29.151,4,0.29,0.59,0.05,-154.51839999999999,114.0734,-46.626599999999996,175,75
2026-05-09 15:09:29.165,4,0.49,0.37,0.31,-162.3884,170.29340000000002,-43.6366,175,75
2026-05-09 15:09:29.189,4,0.64,-0.27,0.61,-188.78839999999997,158.8234,-71.1366,175,75
2026-05-09 15:09:29.228,4,0.75,-1.48,0.69,-205.0084,181.3834,-125.46659999999999,175,75
2026-05-09 15:09:29.228,4,0.71,-1.77,0.78,-221.89839999999998,207.54340000000002,-139.4966,175,75
2026-05-09 15:09:29.254,4,0.74,-2.34,1.18,-273.1784,261.2034,-170.0966,175,75
2026-05-09 15:09:29.271,4,0.89,-2.68,1.4,-291.5284,239.86339999999996,-179.6766,175,75
2026-05-09 15:09:29.283,4,0.95,-2.95,1.54,-298.78839999999997,195.35340000000002,-178.2766,175,75
2026-05-09 15:09:29.283,4,0.74,-3.11,1.6,-306.03839999999997,148.46339999999998,-167.0566,175,75
2026-05-09 15:09:29.293,4,0.3,-3.12,1.48,-320.79839999999996,151.6334,-158.4566,175,75
2026-05-09 15:09:29.311,4,0.08,-3.2,1.41,-332.9984,178.33339999999998,-165.8966,175,75
2026-05-09 15:09:29.335,4,-0.26,-3.81,1.4,-328.84839999999997,171.3234,-221.19660000000002,175,75
2026-05-09 15:09:29.335,4,-0.56,-4.01,1.34,-309.0284,178.15339999999998,-250.3466,175,75
2026-05-09 15:09:29.347,4,-0.83,-3.97,1.31,-290.91839999999996,209.4934,-298.2766,175,75
2026-05-09 15:09:29.357,4,-1.02,-3.73,1.34,-276.28839999999997,281.5734,-364.79659999999996,175,75
2026-05-09 15:09:29.369,4,-0.87,-3.43,1.59,-258.9684,337.3034,-422.90659999999997,175,75
2026-05-09 15:09:29.379,4,-0.74,-3.09,1.87,-239.5784,342.66339999999997,-450.34659999999997,175,75
2026-05-09 15:09:29.391,4,-0.74,-2.81,2.08,-229.9484,323.7034,-452.96659999999997,175,75
2026-05-09 15:09:29.403,4,-0.77,-2.66,2.22,-228.41839999999996,309.8034,-451.0166,175,75
2026-05-09 15:09:29.438,4,-0.82,-2.45,2.26,-213.41839999999996,240.53339999999997,-457.53659999999996,175,75
2026-05-09 15:09:29.451,4,-0.95,-2.22,2.14,-203.84839999999997,216.02339999999998,-462.41659999999996,175,75
2026-05-09 15:09:29.465,4,-1.06,-1.9,2.04,-192.8684,209.8034,-481.9266,175,75
2026-05-09 15:09:29.488,4,-1.28,-1.11,2.1,-137.6884,234.6134,-524.2466,175,75
2026-05-09 15:09:29.500,4,-1.33,-0.76,2.23,-103.53840000000001,208.46339999999998,-536.9266,175,75
2026-05-09 15:09:29.500,4,-1.37,-0.38,2.27,-70.8584,170.41340000000002,-553.2066,175,75
2026-05-09 15:09:29.524,4,-1.09,0.01,2.37,-52.6884,116.38340000000001,-572.5366,175,75
2026-05-09 15:09:29.545,4,-0.77,0.88,2.35,-155.7384,19.983399999999996,-270.8966,175,75
2026-05-09 15:09:29.556,4,-1.28,0.78,1.98,-101.7084,23.703399999999995,-248.63660000000002,175,75
2026-05-09 15:09:29.565,4,-1.39,0.71,1.94,-41.9584,39.6134,-256.3166,175,75
2026-05-09 15:09:29.573,4,-1.2,0.73,2.13,-9.758399999999995,67.7234,-222.2966,175,75
2026-05-09 15:09:29.595,4,-1.06,0.88,2.24,-22.998400000000004,71.2034,-164.3666,175,75
2026-05-09 15:09:29.606,4,-0.96,0.98,2.19,-26.348399999999998,26.813399999999994,-126.31660000000001,175,75
2026-05-09 15:09:29.616,4,-0.93,1.0,2.07,-5.798400000000001,-33.006600000000006,-103.02659999999999,175,75
2026-05-09 15:09:29.639,4,-1.0,0.97,1.83,18.651600000000002,-66.23660000000001,-53.5166,175,75
2026-05-09 15:09:29.651,4,-1.05,0.98,1.69,26.461600000000004,-54.0366,-23.576599999999996,175,75
2026-05-09 15:09:29.663,4,-1.05,1.01,1.62,37.9816,-31.906600000000005,2.1534000000000013,175,75
2026-05-09 15:09:29.676,4,-1.0,1.06,1.59,53.9016,-18.006600000000002,30.143400000000003,175,75
2026-05-09 15:09:29.687,4,-0.96,1.06,1.58,69.8116,-26.1766,58.5534,175,75
2026-05-09 15:09:29.697,4,-0.94,0.99,1.54,85.9116,-49.586600000000004,85.99340000000001,175,75
2026-05-09 15:09:29.698,4,-0.97,0.9,1.51,100.05160000000001,-73.73660000000001,109.10340000000001,175,75
2026-05-09 15:09:29.712,4,-0.99,0.75,1.47,118.5316,-102.0866,134.4734,175,75
2026-05-09 15:09:29.743,4,-0.93,0.55,1.3,143.5316,-171.47660000000002,157.52339999999998,175,75
2026-05-09 15:09:29.753,4,-0.93,0.45,1.08,172.4916,-214.52660000000003,179.83339999999998,175,75
2026-05-09 15:09:29.770,4,-0.92,0.39,0.97,194.5716,-219.70659999999998,194.2934,175,75
2026-05-09 15:09:29.770,4,-0.94,0.31,0.9,221.70159999999998,-214.34660000000002,215.08339999999998,175,75
2026-05-09 15:09:29.783,4,-0.98,0.23,0.87,249.8716,-198.6166,240.99339999999998,175,75
2026-05-09 15:09:29.795,4,-1.01,0.09,0.92,281.9416,-167.27660000000003,273.1334,175,75
2026-05-09 15:09:29.806,4,-0.99,-0.02,1.02,304.8116,-149.58659999999998,304.4134,175,75
2026-05-09 15:09:29.818,4,-0.93,-0.21,1.09,325.2416,-153.4866,336.1834,175,75
2026-05-09 15:09:29.829,4,-0.9,-0.34,1.1,339.9916,-165.5666,356.3634,175,75
2026-05-09 15:09:29.850,4,-0.89,-0.67,1.04,376.0916,-183.5566,399.2234,175,75
2026-05-09 15:09:29.863,4,-0.87,-0.85,1.0,394.3816,-180.8066,427.46340000000004,175,75
2026-05-09 15:09:29.875,4,-0.85,-1.09,0.96,413.3516,-174.16660000000002,474.71340000000004,175,75
2026-05-09 15:09:29.886,4,-0.86,-1.31,0.95,424.6316,-163.6166,531.2434,175,75
2026-05-09 15:09:29.896,4,-0.9,-1.62,1.02,437.5516,-156.66660000000002,624.4734,175,75
2026-05-09 15:09:29.909,4,-0.86,-2.16,1.43,462.7416,-246.78660000000002,698.9834000000001,175,75
2026-05-09 15:09:29.912,4,-1.25,-2.71,1.79,508.5916,-378.2466,699.0434,175,75
2026-05-09 15:09:29.924,4,-1.92,-3.57,2.07,557.1916,-434.89660000000003,703.4334,175,75
2026-05-09 15:09:29.953,4,-2.63,-5.65,2.12,420.9116,-458.6766,628.1934,175,75
2026-05-09 15:09:29.976,4,-2.63,-5.6,1.74,367.3116,-475.6866,576.4834000000001,175,75
2026-05-09 15:09:29.976,4,-2.39,-5.73,1.35,352.0016,-441.4766,518.8034,175,75
2026-05-09 15:09:30.000,4,-1.57,-5.52,0.41,330.6016,-391.7266,391.1134,175,75
2026-05-09 15:09:30.013,4,-1.64,-4.49,0.03,315.3016,-353.7966,278.6134,175,75
2026-05-09 15:09:30.035,4,-1.65,-3.16,0.29,305.6016,-240.6266,82.7034,175,75
2026-05-09 15:09:30.046,4,-1.06,-3.0,0.68,300.3616,-181.41660000000002,37.2734,175,75
2026-05-09 15:09:30.059,4,-0.55,-2.97,1.05,292.9816,-199.09660000000002,28.433400000000002,175,75
2026-05-09 15:09:30.070,4,-0.34,-2.93,1.33,277.8016,-268.1266,37.0934,175,75
2026-05-09 15:09:30.081,4,-0.44,-2.85,1.42,238.96159999999998,-373.6766,51.793400000000005,175,75
2026-05-09 15:09:30.111,4,-0.83,-2.59,1.06,163.22160000000002,-491.7866,23.9234,175,75
2026-05-09 15:09:30.111,4,-1.06,-2.34,0.71,126.8216,-542.4566,-36.316599999999994,175,75
2026-05-09 15:09:30.124,4,-1.22,-2.14,0.4,110.2416,-558.0666,-98.02659999999999,175,75
2026-05-09 15:09:30.134,4,-1.37,-1.76,-0.04,104.14160000000001,-547.4566,-186.25660000000002,175,75
2026-05-09 15:09:30.171,4,-1.5,-0.54,-0.58,221.33159999999998,-351.2966,-390.7066,175,75
2026-05-09 15:09:30.181,4,-1.43,-0.06,-0.55,276.8216,-296.9066,-431.5066,175,75
2026-05-09 15:09:30.194,4,-0.0,0.8,0.12,269.9316,-246.72660000000002,-356.3866,175,75
2026-05-09 15:09:30.207,4,-0.53,1.7,0.12,147.3716,-179.46660000000003,-59.67659999999999,175,75
2026-05-09 15:09:30.217,4,-1.33,1.99,-0.3,106.1516,1.9933999999999976,44.653400000000005,175,75
2026-05-09 15:09:30.232,4,-0.36,0.83,-0.04,241.52159999999998,220.71339999999998,56.2434,175,75
2026-05-09 15:09:30.250,4,-0.16,0.31,0.44,205.2416,168.46339999999998,97.7034,175,75
2026-05-09 15:09:30.275,4,-0.32,0.3,0.58,46.4016,-55.196600000000004,3.073400000000003,175,75
2026-05-09 15:09:30.285,4,-0.5,0.62,0.52,9.571600000000004,-138.91660000000002,-21.506599999999995,175,75
2026-05-09 15:09:30.297,4,-0.76,0.9,0.37,-2.9283999999999963,-168.7366,-19.426599999999997,175,75
2026-05-09 15:09:30.312,4,-0.88,1.06,-0.01,-5.428399999999996,-132.0266,-17.176599999999997,175,75
2026-05-09 15:09:30.323,4,-0.54,1.12,-0.07,-24.948399999999992,-73.79660000000001,18.253400000000003,175,75
2026-05-09 15:09:30.323,4,-0.58,1.23,-0.05,-45.368399999999994,-44.64660000000001,58.8634,175,75
2026-05-09 15:09:30.334,4,-0.5,1.16,-0.04,-47.388400000000004,6.933399999999999,54.653400000000005,175,75
2026-05-09 15:09:30.345,4,-0.2,1.05,0.12,-54.888400000000004,23.0334,64.5334,175,75
2026-05-09 15:09:30.360,4,-0.46,1.14,0.33,-77.62839999999998,20.7134,79.6534,175,75
2026-05-09 15:09:30.372,4,-0.09,1.08,0.27,-88.2984,54.553399999999996,63.8634,175,75
2026-05-09 15:09:30.372,4,0.73,0.9,0.12,-91.9584,59.3134,41.9734,175,75
2026-05-09 15:09:30.390,4,0.53,0.84,0.43,-120.18839999999999,-27.396600000000003,66.3634,175,75
2026-05-09 15:09:30.405,4,0.24,0.56,0.48,-113.53840000000001,3.2133999999999965,39.7734,175,75
2026-05-09 15:09:30.415,4,0.41,0.28,0.47,-122.3884,31.873399999999997,58.5534,175,75
2026-05-09 15:09:30.421,4,0.44,0.04,0.42,-147.1384,34.2534,70.1434,175,75
2026-05-09 15:09:30.433,4,0.43,-0.35,0.43,-170.97840000000002,26.633399999999995,63.9834,175,75
2026-05-09 15:09:30.443,4,0.57,-0.58,0.51,-190.4284,24.133399999999995,58.07340000000001,175,75
2026-05-09 15:09:30.460,4,0.73,-0.63,0.53,-210.0684,18.0334,41.543400000000005,175,75
2026-05-09 15:09:30.470,4,0.88,-0.66,0.49,-220.6784,19.313399999999994,29.3534,175,75
2026-05-09 15:09:30.486,4,0.89,-0.92,0.37,-224.08839999999998,56.8134,41.6634,175,75
2026-05-09 15:09:30.497,4,0.82,-1.18,0.28,-226.40839999999997,93.0334,46.2434,175,75
2026-05-09 15:09:30.505,4,0.78,-1.43,0.28,-238.66839999999996,137.97339999999997,44.4134,175,75
2026-05-09 15:09:30.523,4,0.77,-1.64,0.41,-262.0784,200.65339999999998,39.9634,175,75
2026-05-09 15:09:30.527,4,0.84,-1.8,0.53,-283.53839999999997,255.65339999999998,33.9234,175,75
2026-05-09 15:09:30.567,4,0.69,-2.16,0.79,-300.1284,332.1834,14.903400000000001,175,75
2026-05-09 15:09:30.580,4,0.74,-2.43,1.02,-288.0584,331.8134,-14.186599999999995,175,75
2026-05-09 15:09:30.651,4,0.55,-2.21,1.87,-286.22839999999997,303.2134,-210.3466,175,75
2026-05-09 15:09:30.684,4,0.28,-1.97,1.6,-284.4584,251.9334,-271.4466,175,75
2026-05-09 15:09:30.688,4,0.18,-1.93,1.65,-267.1384,254.4934,-286.5666,175,75
2026-05-09 15:09:30.705,4,0.15,-1.89,1.79,-251.58839999999998,253.64339999999999,-305.34659999999997,175,75
2026-05-09 15:09:30.718,4,0.16,-1.84,1.97,-242.01839999999999,250.35339999999997,-323.7566,175,75
2026-05-09 15:09:30.728,4,0.14,-1.74,2.09,-236.64839999999998,217.1134,-340.03659999999996,175,75
2026-05-09 15:09:30.738,4,-0.01,-1.53,2.09,-237.1384,164.2534,-350.5266,175,75
2026-05-09 15:09:30.741,4,-0.11,-1.37,2.05,-236.22839999999997,138.58339999999998,-356.5666,175,75
2026-05-09 15:09:30.756,4,-0.11,-1.14,2.0,-228.53839999999997,106.0834,-362.23659999999995,175,75
2026-05-09 15:09:30.767,4,-0.11,-1.0,1.92,-222.01839999999999,86.3834,-357.66659999999996,175,75
2026-05-09 15:09:30.791,4,-0.06,-0.85,1.74,-215.3684,70.4134,-345.5266,175,75
2026-05-09 15:09:30.791,4,0.01,-0.75,1.55,-209.02839999999998,73.5234,-337.96659999999997,175,75
2026-05-09 15:09:30.802,4,0.03,-0.65,1.45,-201.64839999999998,81.0234,-329.3666,175,75
2026-05-09 15:09:30.823,4,-0.06,-0.41,1.44,-180.7384,102.54339999999999,-301.9966,175,75
2026-05-09 15:09:30.838,4,-0.12,-0.28,1.5,-170.3084,111.1434,-289.0666,175,75
2026-05-09 15:09:30.848,4,-0.18,-0.13,1.58,-161.77839999999998,108.0934,-278.2766,175,75
2026-05-09 15:09:30.861,4,-0.26,0.02,1.61,-154.8184,91.4434,-273.6366,175,75
2026-05-09 15:09:30.874,4,-0.34,0.16,1.61,-148.29840000000002,72.3634,-270.28659999999996,175,75
2026-05-09 15:09:30.905,4,-0.51,0.43,1.64,-127.99839999999999,51.8134,-248.4566,175,75
2026-05-09 15:09:30.918,4,-0.41,0.66,1.66,-118.90839999999999,21.263399999999997,-229.12660000000002,175,75
2026-05-09 15:09:30.930,4,-0.45,0.72,1.63,-119.6984,-5.926600000000002,-213.5766,175,75
2026-05-09 15:09:30.941,4,-0.54,0.76,1.58,-118.1784,-20.686600000000002,-198.5766,175,75
2026-05-09 15:09:30.951,4,-0.62,0.78,1.48,-114.1484,-15.136600000000003,-183.5766,175,75
2026-05-09 15:09:30.971,4,-0.65,0.81,1.42,-107.99839999999999,1.813399999999998,-162.66660000000002,175,75
2026-05-09 15:09:30.984,4,-0.71,0.86,1.43,-101.34839999999998,19.0034,-138.4566,175,75
2026-05-09 15:09:30.995,4,-0.8,0.93,1.49,-95.97840000000001,35.2234,-118.81660000000001,175,75
2026-05-09 15:09:31.007,4,-0.96,1.05,1.6,-85.97840000000001,65.1034,-89.30659999999999,175,75
2026-05-09 15:09:31.018,4,-0.96,1.15,1.69,-70.4284,98.7034,-61.50659999999999,175,75
2026-05-09 15:09:31.029,4,-0.83,1.19,1.76,-57.0184,101.5034,-38.456599999999995,175,75
2026-05-09 15:09:31.043,4,-0.75,1.18,1.8,-41.3484,68.3334,-13.276599999999998,175,75
2026-05-09 15:09:31.054,4,-0.79,1.12,1.8,-18.66839999999999,28.943399999999997,11.303400000000003,175,75
2026-05-09 15:09:31.064,4,-0.83,1.06,1.8,-0.36839999999999407,5.773399999999999,27.3334,175,75
2026-05-09 15:09:31.077,4,-0.84,0.99,1.79,14.991600000000005,-26.1766,44.5934,175,75
2026-05-09 15:09:31.091,4,-0.81,0.95,1.75,24.811600000000006,-64.28659999999999,59.96340000000001,175,75
2026-05-09 15:09:31.103,4,-0.79,0.94,1.66,36.7016,-110.6266,77.8234,175,75
2026-05-09 15:09:31.113,4,-0.78,0.93,1.57,51.1516,-145.8066,95.63340000000001,175,75
2026-05-09 15:09:31.124,4,-0.76,0.89,1.51,70.6616,-155.9266,117.0934,175,75
2026-05-09 15:09:31.135,4,-0.73,0.84,1.42,87.86160000000001,-161.2966,145.3234,175,75
2026-05-09 15:09:31.146,4,-0.72,0.79,1.36,100.36160000000001,-174.77660000000003,168.55339999999998,175,75
2026-05-09 15:09:31.156,4,-0.69,0.75,1.31,116.2116,-181.84660000000002,186.30339999999998,175,75
2026-05-09 15:09:31.168,4,-0.63,0.71,1.28,143.35160000000002,-176.84660000000002,217.64339999999999,175,75
2026-05-09 15:09:31.180,4,-0.57,0.64,1.26,173.8316,-174.22660000000002,260.9934,175,75
2026-05-09 15:09:31.191,4,-0.52,0.48,1.22,201.52159999999998,-184.77660000000003,302.8234,175,75
2026-05-09 15:09:31.205,4,-0.5,0.29,1.16,222.4916,-201.59660000000002,333.8034,175,75
2026-05-09 15:09:31.217,4,-0.49,0.14,1.12,240.1116,-207.6966,357.58340000000004,175,75
2026-05-09 15:09:31.228,4,-0.49,-0.03,1.11,261.9416,-201.84660000000002,387.76340000000005,175,75
2026-05-09 15:09:31.238,4,-0.43,-0.21,1.13,284.3216,-184.09660000000002,421.2434,175,75
2026-05-09 15:09:31.253,4,-0.19,-0.75,1.29,327.7416,-142.51659999999998,487.8234,175,75
2026-05-09 15:09:31.267,4,-0.06,-1.08,1.43,349.3816,-163.5566,516.4834,175,75
2026-05-09 15:09:31.280,4,-0.11,-1.37,1.56,368.90160000000003,-183.6166,530.3833999999999,175,75
2026-05-09 15:09:31.290,4,-0.22,-1.62,1.62,386.40160000000003,-177.20659999999998,545.3234,175,75
2026-05-09 15:09:31.316,4,-0.33,-2.19,1.57,403.2216,-107.2766,621.1834,175,75
2026-05-09 15:09:31.326,4,-0.34,-2.49,1.47,393.2916,-35.3166,680.0234,175,75
2026-05-09 15:09:31.337,4,-0.13,-3.13,1.43,364.14160000000004,18.523399999999995,756.0534,175,75
2026-05-09 15:09:31.361,4,-1.16,-4.19,1.52,363.0416,-95.8066,700.5734,175,75
2026-05-09 15:09:31.374,4,-1.82,-4.13,1.68,386.27160000000003,-76.78659999999999,504.0434,175,75
2026-05-09 15:09:31.381,4,-1.38,-3.96,2.16,373.2916,-85.6266,243.3134,175,75
2026-05-09 15:09:31.393,4,-0.49,-3.37,2.6,331.52160000000003,-192.08659999999998,47.9434,175,75
2026-05-09 15:09:31.415,4,0.35,-2.65,2.68,269.1416,-336.2366,-63.02659999999999,175,75
2026-05-09 15:09:31.429,4,2.57,-1.41,2.9,191.8816,-532.9466,-50.28659999999999,175,75
2026-05-09 15:09:31.441,4,1.37,-0.71,1.91,159.0816,-612.5766,107.1534,175,75
2026-05-09 15:09:31.448,4,0.8,-1.27,0.93,202.7416,-512.9466,47.3334,175,75
2026-05-09 15:09:31.463,4,1.07,-2.08,0.51,191.70159999999998,-450.13660000000004,-26.6266,175,75
2026-05-09 15:09:31.475,4,1.52,-2.73,0.2,152.4916,-375.4466,-60.89659999999999,175,75
2026-05-09 15:09:31.479,4,1.67,-2.68,0.01,141.3316,-324.58660000000003,-76.0766,175,75
2026-05-09 15:09:31.503,4,1.18,-1.35,0.18,237.9216,-345.13660000000004,-251.62660000000002,175,75
2026-05-09 15:09:31.514,4,1.83,-1.01,0.87,287.0716,-460.5066,-333.8866,175,75
2026-05-09 15:09:31.536,4,1.66,-0.7,0.79,188.7116,-617.8166,-267.90659999999997,175,75
2026-05-09 15:09:31.539,4,1.1,-0.81,0.04,103.6516,-670.5066,-311.0166,175,75
2026-05-09 15:09:31.547,4,0.88,-1.07,-0.4,40.05160000000001,-675.0166,-362.84659999999997,175,75
2026-05-09 15:09:31.559,4,0.64,-1.18,-0.68,-25.978399999999993,-642.3366,-361.6866,175,75
2026-05-09 15:09:31.573,4,0.11,-1.06,-0.95,-106.77839999999999,-530.3866,-310.7766,175,75
2026-05-09 15:09:31.587,4,-0.13,-0.9,-1.04,-154.6984,-422.33660000000003,-289.85659999999996,175,75
2026-05-09 15:09:31.599,4,-0.11,-0.67,-1.01,-201.89839999999998,-304.52660000000003,-277.78659999999996,175,75
2026-05-09 15:09:31.622,4,-0.08,-0.64,-0.32,-237.5684,-256.1166,-205.0966,175,75
2026-05-09 15:09:31.635,4,-0.38,-0.72,-0.13,-264.4584,-275.9966,-184.5566,175,75
2026-05-09 15:09:31.645,4,-0.64,-0.76,-0.08,-301.4084,-267.3966,-161.31660000000002,175,75
2026-05-09 15:09:31.657,4,-0.78,-0.77,-0.17,-334.6984,-220.2566,-133.0266,175,75
2026-05-09 15:09:31.673,4,-0.86,-0.73,-0.25,-340.1284,-167.27660000000003,-110.2866,175,75
2026-05-09 15:09:31.678,4,-0.98,-0.65,-0.24,-325.2484,-102.6366,-86.86659999999999,175,75
2026-05-09 15:09:31.693,4,-1.1,-0.56,-0.08,-305.97839999999997,-50.6866,-68.14659999999999,175,75
2026-05-09 15:09:31.715,4,-1.21,-0.48,0.2,-292.6884,-18.676600000000004,-53.94659999999999,175,75
2026-05-09 15:09:31.726,4,-1.34,-0.38,0.48,-288.1784,-16.236600000000003,-39.1866,175,75
2026-05-09 15:09:31.750,4,-0.43,-0.51,0.94,-303.23839999999996,-272.6366,-21.566599999999998,175,75
2026-05-09 15:09:31.763,4,-0.99,-0.4,0.71,-309.0284,-415.4466,39.653400000000005,175,75
2026-05-09 15:09:31.774,4,-1.55,-0.39,0.42,-301.8984,-437.20660000000004,63.6134,175,75
2026-05-09 15:09:31.785,4,-1.38,-0.55,-0.04,-291.9584,-343.6166,51.3634,175,75
2026-05-09 15:09:31.785,4,-0.65,-0.58,-0.39,-283.0584,-342.14660000000003,64.2234,175,75
2026-05-09 15:09:31.798,4,-0.49,-0.29,0.06,-231.22839999999997,-275.1966,69.71340000000001,175,75
2026-05-09 15:09:31.815,4,-0.55,-0.01,0.49,-158.59839999999997,-217.8866,167.9434,175,75
2026-05-09 15:09:31.853,4,-0.97,-0.55,0.36,-121.52839999999999,-416.7266,207.8834,175,75
2026-05-09 15:09:31.867,4,-1.11,-0.36,-0.02,-93.84839999999998,-368.9166,232.7634,175,75
2026-05-09 15:09:31.879,4,-0.68,-0.39,-0.38,-73.90839999999999,-297.02660000000003,250.2634,175,75
2026-05-09 15:09:31.879,4,-0.45,-0.43,-0.62,-64.1484,-254.64659999999998,268.7434,175,75
2026-05-09 15:09:31.891,4,-0.48,-0.44,-0.78,-52.6284,-218.0066,286.3034,175,75
2026-05-09 15:09:31.902,4,-0.54,-0.44,-0.96,-43.2984,-163.6166,308.4334,175,75
2026-05-09 15:09:31.913,4,-0.43,-0.45,-1.1,-46.4684,-134.4666,323.0034,175,75
2026-05-09 15:09:31.928,4,0.08,-0.42,-1.38,-85.9184,-133.6766,342.40340000000003,175,75
2026-05-09 15:09:31.954,4,0.14,-0.48,-1.29,-147.9284,-136.84660000000002,359.3534,175,75
2026-05-09 15:09:31.966,4,0.16,-0.39,-1.35,-178.72840000000002,-129.5266,367.52340000000004,175,75
2026-05-09 15:09:31.970,4,0.34,-0.24,-1.6,-202.3884,-109.2266,377.70340000000004,175,75
2026-05-09 15:09:31.986,4,0.39,-0.15,-1.75,-213.53839999999997,-78.67660000000001,387.33340000000004,175,75
2026-05-09 15:09:31.986,4,0.43,-0.1,-1.79,-227.8684,-21.2966,395.08340000000004,175,75
2026-05-09 15:09:32.005,4,0.57,-0.13,-1.64,-238.90839999999997,29.6134,397.03340000000003,175,75
2026-05-09 15:09:32.016,4,0.85,-0.18,-1.37,-263.66839999999996,56.7534,396.1134,175,75
2026-05-09 15:09:32.032,4,1.22,-0.27,-1.02,-293.41839999999996,36.3234,377.58340000000004,175,75
2026-05-09 15:09:32.045,4,1.48,-0.23,-0.85,-363.84839999999997,-91.4166,346.1834,175,75
2026-05-09 15:09:32.057,4,1.34,-0.11,-1.02,-366.5884,-22.8866,331.3634,175,75
2026-05-09 15:09:32.068,4,1.37,-0.07,-0.91,-364.7584,72.18339999999999,321.6634,175,75
2026-05-09 15:09:32.098,4,1.49,-0.44,0.12,-393.9684,266.0834,219.77339999999998,175,75
2026-05-09 15:09:32.111,4,1.44,-0.52,0.51,-396.4684,290.7734,182.27339999999998,175,75
2026-05-09 15:09:32.130,4,1.04,-0.52,1.24,-406.5284,275.7134,96.66340000000001,175,75
2026-05-09 15:09:32.143,4,0.84,-0.48,1.52,-412.5684,231.2034,55.6934,175,75
2026-05-09 15:09:32.154,4,0.75,-0.48,1.72,-410.91839999999996,176.9334,12.033400000000002,175,75
2026-05-09 15:09:32.175,4,0.7,-0.46,1.86,-399.6384,138.15339999999998,-24.426599999999997,175,75
2026-05-09 15:09:32.186,4,0.59,-0.39,1.93,-382.5084,145.47339999999997,-53.206599999999995,175,75
2026-05-09 15:09:32.202,4,0.33,-0.16,2.1,-345.4284,206.7534,-100.03659999999999,175,75
2026-05-09 15:09:32.209,4,0.24,-0.03,2.28,-321.6484,214.1934,-119.8566,175,75
2026-05-09 15:09:32.221,4,0.14,0.07,2.49,-295.3684,180.83339999999998,-129.1866,175,75
2026-05-09 15:09:32.233,4,-0.06,0.14,2.6,-258.53839999999997,108.2134,-141.6866,175,75
2026-05-09 15:09:32.243,4,-0.29,0.19,2.59,-224.39839999999998,33.273399999999995,-151.25660000000002,175,75
2026-05-09 15:09:32.254,4,-0.43,0.24,2.42,-198.1784,-15.196600000000002,-159.85660000000001,175,75
2026-05-09 15:09:32.270,4,-0.44,0.32,2.21,-181.09839999999997,-27.336600000000004,-169.1266,175,75
2026-05-09 15:09:32.286,4,-0.45,0.53,1.87,-145.1284,-5.746600000000003,-172.8466,175,75
2026-05-09 15:09:32.296,4,-0.52,0.66,1.8,-118.3584,20.223399999999998,-163.69660000000002,175,75
2026-05-09 15:09:32.309,4,-0.61,0.76,1.83,-87.50840000000001,38.7634,-154.4966,175,75
2026-05-09 15:09:32.319,4,-0.66,0.8,1.88,-63.178399999999996,39.2534,-151.19660000000002,175,75
2026-05-09 15:09:32.329,4,-0.68,0.8,1.93,-38.2384,18.523399999999995,-149.6166,175,75
2026-05-09 15:09:32.339,4,-0.68,0.81,1.93,-21.838399999999993,-8.306600000000003,-148.2066,175,75
2026-05-09 15:09:32.354,4,-0.67,0.82,1.87,-2.1983999999999924,-52.2766,-144.6166,175,75
2026-05-09 15:09:32.365,4,-0.69,0.84,1.77,9.571600000000004,-85.2566,-138.0266,175,75
2026-05-09 15:09:32.376,4,-0.72,0.84,1.67,17.3716,-99.7766,-131.7466,175,75
2026-05-09 15:09:32.388,4,-0.76,0.84,1.57,24.321600000000004,-101.84660000000001,-123.7566,175,75
2026-05-09 15:09:32.395,4,-0.77,0.82,1.47,31.7016,-92.9466,-113.27659999999999,175,75
2026-05-09 15:09:32.409,4,-0.76,0.79,1.44,37.071600000000004,-81.0566,-99.6766,175,75
2026-05-09 15:09:32.424,4,-0.77,0.81,1.46,40.851600000000005,-76.6666,-82.47659999999999,175,75
2026-05-09 15:09:32.435,4,-0.77,0.87,1.48,46.0316,-81.3566,-68.02659999999999,175,75
2026-05-09 15:09:32.447,4,-0.74,0.96,1.51,53.8316,-88.4966,-57.41659999999999,175,75
2026-05-09 15:09:32.459,4,-0.68,1.07,1.51,62.9816,-101.9666,-41.7466,175,75
2026-05-09 15:09:32.467,4,-0.61,1.18,1.46,77.3716,-119.34660000000001,-16.6266,175,75
2026-05-09 15:09:32.480,4,-0.53,1.21,1.39,93.83160000000001,-130.07659999999998,11.113400000000002,175,75
2026-05-09 15:09:32.532,4,-0.48,1.06,1.25,132.5516,-146.0566,62.523399999999995,175,75
2026-05-09 15:09:32.543,4,-0.46,0.92,1.23,179.5716,-160.07659999999998,117.58340000000001,175,75
2026-05-09 15:09:32.557,4,-0.41,0.81,1.17,204.9316,-175.5666,177.1534,175,75
2026-05-09 15:09:32.568,4,-0.37,0.64,1.14,227.3116,-188.1266,223.0034,175,75
2026-05-09 15:09:32.580,4,-0.32,0.4,1.1,260.3016,-198.85660000000001,262.8234,175,75
2026-05-09 15:09:32.580,4,-0.24,0.18,1.07,300.8516,-214.83659999999998,298.7434,175,75
2026-05-09 15:09:32.591,4,-0.2,0.03,1.05,337.8616,-220.2566,331.3634,175,75
2026-05-09 15:09:32.611,4,-0.13,-0.17,1.02,373.96160000000003,-179.16660000000002,371.2434,175,75
2026-05-09 15:09:32.623,4,0.02,-0.39,1.03,402.7416,-110.5066,424.2934,175,75
2026-05-09 15:09:32.623,4,0.13,-0.59,1.1,422.9216,-69.95660000000001,481.8534,175,75
2026-05-09 15:09:32.634,4,0.19,-0.81,1.18,443.0416,-75.8066,536.9134,175,75
2026-05-09 15:09:32.645,4,0.14,-1.13,1.35,485.6616,-151.1166,586.6034,175,75
2026-05-09 15:09:32.669,4,-0.37,-1.73,1.66,565.1116,-212.6366,647.5834,175,75
2026-05-09 15:09:32.683,4,-0.64,-2.66,2.12,613.8316,-163.6766,758.3134,175,75
2026-05-09 15:09:32.683,4,-0.8,-3.42,2.54,621.0916,-208.91660000000002,828.4934000000001,175,75
2026-05-09 15:09:32.696,4,-1.52,-4.6,2.84,617.3716000000001,-290.01660000000004,870.3234,175,75
2026-05-09 15:09:32.719,4,-2.82,-7.76,2.84,532.1916,-365.8066,748.2534,175,75
2026-05-09 15:09:32.729,4,-2.53,-8.48,2.53,469.3216,-478.5566,638.7434000000001,175,75
2026-05-09 15:09:32.797,4,-1.7,-4.31,0.04,357.3116,-122.3966,229.1634,175,75
2026-05-09 15:09:32.821,4,-1.1,-4.01,1.36,374.8116,-84.7766,165.2634,175,75
2026-05-09 15:09:32.832,4,-1.03,-3.68,1.9,355.7216,-177.08659999999998,137.5834,175,75
2026-05-09 15:09:32.845,4,-1.18,-3.37,2.02,324.4416,-296.5366,123.6834,175,75
2026-05-09 15:09:32.856,4,-1.36,-3.14,1.88,304.3216,-377.33660000000003,110.63340000000001,175,75
2026-05-09 15:09:32.867,4,-1.53,-2.9,1.52,285.5416,-445.8066,84.1634,175,75
2026-05-09 15:09:32.878,4,-1.44,-2.7,0.99,267.4316,-492.14660000000003,40.0834,175,75
2026-05-09 15:09:32.888,4,-1.28,-2.45,0.3,252.6116,-505.38660000000004,-8.206599999999998,175,75
2026-05-09 15:09:32.899,4,-1.18,-2.16,-0.28,247.1916,-480.2566,-40.03659999999999,175,75
2026-05-09 15:09:32.922,4,-1.59,-1.25,-1.31,277.4916,-423.7366,-151.13660000000002,175,75
2026-05-09 15:09:32.935,4,-1.86,-0.58,-1.74,356.58160000000004,-288.5566,-324.97659999999996,175,75
2026-05-09 15:09:32.982,4,-1.59,1.79,-0.94,77.4316,-71.0566,58.6134,175,75
2026-05-09 15:09:32.995,4,-1.46,1.14,-1.06,147.1916,-41.9666,5.323400000000003,175,75
2026-05-09 15:09:33.006,4,-0.97,0.49,-0.87,218.53160000000003,-14.096600000000002,23.863400000000002,175,75
2026-05-09 15:09:33.006,4,-0.94,0.26,-0.56,198.77159999999998,-23.2466,59.5334,175,75
2026-05-09 15:09:33.028,4,-1.11,0.36,-0.4,115.42160000000001,-42.756600000000006,40.6334,175,75
2026-05-09 15:09:33.028,4,-1.08,0.61,-0.36,51.461600000000004,-54.9566,14.963400000000002,175,75
2026-05-09 15:09:33.039,4,-0.9,0.96,-0.35,30.791600000000003,-76.78659999999999,17.8834,175,75
2026-05-09 15:09:33.051,4,-0.72,1.13,-0.43,51.0316,-95.9966,30.2634,175,75
2026-05-09 15:09:33.066,4,-0.53,1.03,-0.46,71.0316,-141.59660000000002,47.9434,175,75
2026-05-09 15:09:33.076,4,-0.66,0.82,-0.45,59.2016,-165.9866,59.5934,175,75
2026-05-09 15:09:33.088,4,-0.93,0.65,-0.5,34.7516,-126.2966,48.4934,175,75
2026-05-09 15:09:33.088,4,-0.74,0.62,-0.55,-10.308399999999992,-92.9466,52.403400000000005,175,75
2026-05-09 15:09:33.113,4,-0.85,1.22,-0.22,-57.80839999999999,-27.146600000000003,102.27340000000001,175,75
2026-05-09 15:09:33.127,4,0.87,0.47,-0.39,-35.8584,74.9234,90.8134,175,75
2026-05-09 15:09:33.142,4,0.14,0.53,0.24,-64.5784,-8.306600000000003,109.35340000000001,175,75
2026-05-09 15:09:33.163,4,0.11,0.64,0.5,-70.7984,34.983399999999996,96.1134,175,75
2026-05-09 15:09:33.173,4,0.51,0.65,0.53,-101.8384,-39.226600000000005,114.22340000000001,175,75
2026-05-09 15:09:33.188,4,0.7,-0.48,0.19,-86.46839999999999,-233.0066,99.0434,175,75
2026-05-09 15:09:33.199,4,0.65,-0.71,0.03,-109.75840000000001,-271.5966,95.69340000000001,175,75
2026-05-09 15:09:33.207,4,0.7,-0.75,-0.09,-155.1884,-263.9766,79.7734,175,75
2026-05-09 15:09:33.250,4,1.69,-0.77,-0.97,-230.5584,-70.8666,103.3134,175,75
2026-05-09 15:09:33.262,4,1.42,-1.42,-1.11,-230.4984,70.5934,120.3234,175,75
2026-05-09 15:09:33.262,4,1.43,-1.84,-1.03,-267.3184,203.9434,124.22340000000001,175,75
2026-05-09 15:09:33.283,4,1.98,-2.36,-0.66,-339.8184,397.0534,103.9834,175,75
2026-05-09 15:09:33.296,4,2.39,-2.5,-0.18,-384.2784,490.5934,82.4034,175,75
2026-05-09 15:09:33.296,4,2.47,-2.59,0.34,-405.6784,548.5834,64.10340000000001,175,75
2026-05-09 15:09:33.317,4,2.53,-2.79,1.01,-407.3884,564.4334,34.5334,175,75
2026-05-09 15:09:33.329,4,1.7,-3.74,2.03,-275.5584,212.3034,-143.3366,175,75
2026-05-09 15:09:33.340,4,2.14,-3.79,2.19,-316.5284,306.6334,-171.8066,175,75
2026-05-09 15:09:33.350,4,1.82,-3.3,2.12,-384.0284,287.72339999999997,-276.0166,175,75
2026-05-09 15:09:33.376,4,1.85,-2.88,1.84,-395.91839999999996,325.9634,-320.46659999999997,175,75
2026-05-09 15:09:33.386,4,1.66,-3.07,1.75,-363.84839999999997,307.3034,-307.72659999999996,175,75
2026-05-09 15:09:33.386,4,1.35,-3.36,1.77,-328.1184,274.0734,-291.2566,175,75
2026-05-09 15:09:33.398,4,0.88,-3.54,1.94,-315.73839999999996,223.09339999999997,-288.2066,175,75
2026-05-09 15:09:33.413,4,0.32,-3.56,2.03,-322.0184,204.6134,-307.41659999999996,175,75
2026-05-09 15:09:33.425,4,-0.4,-3.27,2.06,-334.6384,225.77339999999998,-370.40659999999997,175,75
2026-05-09 15:09:33.439,4,-0.57,-2.89,2.01,-334.4584,277.36339999999996,-411.5666,175,75
2026-05-09 15:09:33.449,4,-0.48,-2.4,1.97,-331.6484,306.5734,-440.03659999999996,175,75
2026-05-09 15:09:33.460,4,-0.39,-2.0,1.94,-324.9484,311.0234,-445.9566,175,75
2026-05-09 15:09:33.471,4,-0.3,-1.59,1.89,-311.5284,303.4034,-430.7766,175,75
2026-05-09 15:09:33.481,4,-0.29,-1.26,1.87,-290.97839999999997,289.8034,-402.96659999999997,175,75
2026-05-09 15:09:33.494,4,-0.39,-1.02,1.9,-269.4584,261.0234,-372.0566,175,75
2026-05-09 15:09:33.498,4,-0.58,-0.79,1.93,-237.6284,210.35340000000002,-338.0266,175,75
2026-05-09 15:09:33.511,4,-0.83,-0.63,1.91,-214.8184,175.35340000000002,-324.4266,175,75
2026-05-09 15:09:33.511,4,-0.95,-0.49,1.89,-201.40839999999997,152.72339999999997,-326.6266,175,75
2026-05-09 15:09:33.535,4,-0.96,-0.33,1.89,-196.40839999999997,123.88340000000001,-342.72659999999996,175,75
2026-05-09 15:09:33.535,4,-0.84,-0.2,1.87,-203.0584,95.4734,-350.7766,175,75
2026-05-09 15:09:33.558,4,-0.76,0.14,1.68,-218.84839999999997,52.18339999999999,-298.3966,175,75
2026-05-09 15:09:33.574,4,-0.98,0.25,1.55,-200.79839999999996,50.90339999999999,-264.91659999999996,175,75
2026-05-09 15:09:33.596,4,-1.34,0.35,1.59,-140.3084,110.41340000000001,-207.1766,175,75
2026-05-09 15:09:33.608,4,-1.28,0.35,1.69,-126.34839999999998,121.2034,-194.1866,175,75
2026-05-09 15:09:33.630,4,-1.09,0.42,1.83,-94.5784,24.6834,-172.78660000000002,175,75
2026-05-09 15:09:33.643,4,-1.22,0.52,1.78,-74.5784,-28.736600000000003,-154.06660000000002,175,75
2026-05-09 15:09:33.666,4,-1.32,0.63,1.71,-57.6884,-39.03660000000001,-135.22660000000002,175,75
2026-05-09 15:09:33.666,4,-1.33,0.75,1.69,-46.4684,-32.5766,-114.9166,175,75
2026-05-09 15:09:33.692,4,-1.27,1.01,1.71,-3.118399999999994,13.4634,-46.3866,175,75
2026-05-09 15:09:33.703,4,-1.13,1.02,1.73,30.181600000000003,21.263399999999997,-13.816599999999998,175,75
2026-05-09 15:09:33.714,4,-1.03,1.0,1.75,49.9316,10.293399999999998,4.163400000000003,175,75
2026-05-09 15:09:33.739,4,-0.95,0.92,1.67,87.4316,-36.78660000000001,44.96340000000001,175,75
2026-05-09 15:09:33.755,4,-0.92,0.88,1.54,117.6816,-34.3466,78.4334,175,75
2026-05-09 15:09:33.771,4,-0.95,0.91,1.51,131.2716,-22.576600000000003,103.49340000000001,175,75
2026-05-09 15:09:33.788,4,-0.94,0.94,1.51,141.64159999999998,-12.816600000000003,122.94340000000001,175,75
2026-05-09 15:09:33.788,4,-0.87,0.98,1.52,158.29160000000002,-12.946600000000004,157.0334,175,75
2026-05-09 15:09:33.811,4,-0.78,0.95,1.53,178.35160000000002,-25.5666,192.8834,175,75
2026-05-09 15:09:33.817,4,-0.69,0.77,1.55,214.6316,-70.7466,247.33339999999998,175,75
2026-05-09 15:09:33.837,4,-0.67,0.66,1.54,228.96159999999998,-108.9166,273.0034,175,75
2026-05-09 15:09:33.850,4,-0.67,0.56,1.5,243.04160000000002,-153.7966,298.6834,175,75
2026-05-09 15:09:33.873,4,-0.68,0.22,1.29,316.5816,-219.58659999999998,400.3234,175,75
2026-05-09 15:09:33.887,4,-0.65,0.02,1.23,345.8516,-201.66660000000002,447.9434,175,75
2026-05-09 15:09:33.897,4,-0.57,-0.34,1.18,375.9716,-157.57659999999998,518.4934,175,75
2026-05-09 15:09:33.907,4,-0.48,-0.71,1.16,390.1816,-117.0866,580.2034,175,75
2026-05-09 15:09:33.924,4,-0.45,-1.08,1.21,391.33160000000004,-91.7266,638.5534,175,75
2026-05-09 15:09:33.935,4,-0.45,-1.5,1.39,379.8116,-67.8866,711.9734,175,75
2026-05-09 15:09:33.947,4,-0.36,-1.96,1.82,373.2916,-105.8666,814.4134,175,75
2026-05-09 15:09:33.958,4,-0.98,-2.45,2.26,400.9116,-239.46660000000003,911.0534,175,75
2026-05-09 15:09:33.985,4,-2.14,-4.34,2.6,418.4716,-198.7966,1054.9634,175,75
2026-05-09 15:09:34.001,4,-3.01,-7.87,2.43,348.83160000000004,-100.56660000000001,887.7634,175,75
2026-05-09 15:09:34.018,4,-2.15,-7.54,1.93,271.2716,88.2734,744.6534,175,75
2026-05-09 15:09:34.018,4,-1.07,-6.64,1.94,237.5516,101.6334,627.0334,175,75
2026-05-09 15:09:34.031,4,-0.48,-5.1,2.28,283.4716,-149.22660000000002,495.20340000000004,175,75
2026-05-09 15:09:34.044,4,-0.98,-3.94,2.38,338.3516,-316.8466,417.40340000000003,175,75
2026-05-09 15:09:34.058,4,-1.12,-3.07,2.24,373.90160000000003,-366.4166,259.8334,175,75
2026-05-09 15:09:34.080,4,-0.17,-2.41,1.91,218.47160000000002,-375.8666,-67.78659999999999,175,75
2026-05-09 15:09:34.093,4,0.19,-1.8,1.64,138.5916,-313.8566,-151.56660000000002,175,75
2026-05-09 15:09:34.115,4,1.09,-0.74,1.2,218.41160000000002,-385.8666,136.0534,175,75
2026-05-09 15:09:34.135,4,0.74,-1.44,1.07,274.2616,-379.4666,142.7034,175,75
2026-05-09 15:09:34.145,4,0.56,-2.2,1.12,260.4816,-379.77660000000003,102.27340000000001,175,75
2026-05-09 15:09:34.156,4,0.13,-2.12,0.91,196.8816,-405.38660000000004,44.5934,175,75
2026-05-09 15:09:34.160,4,-0.32,-1.57,0.5,161.8216,-404.95660000000004,-43.5166,175,75
2026-05-09 15:09:34.179,4,-0.48,-1.1,0.09,158.7716,-405.6266,-156.56660000000002,175,75
2026-05-09 15:09:34.179,4,-0.44,-0.75,-0.21,180.1116,-406.8466,-260.5866,175,75
2026-05-09 15:09:34.200,4,-0.29,-0.38,-0.4,211.03160000000003,-417.33660000000003,-349.0066,175,75
2026-05-09 15:09:34.218,4,0.07,1.06,-0.36,145.1816,-392.08660000000003,-91.86659999999999,175,75
2026-05-09 15:09:34.232,4,-0.57,0.97,-0.78,141.4016,-275.07660000000004,-96.44659999999999,175,75
2026-05-09 15:09:34.289,4,-0.71,0.41,-0.48,34.8716,-45.92660000000001,-32.236599999999996,175,75
2026-05-09 15:09:34.289,4,-0.66,0.47,-0.39,-6.168399999999991,-33.9166,-43.8866,175,75
2026-05-09 15:09:34.289,4,-0.12,0.54,-0.3,-42.868399999999994,-49.0966,-48.816599999999994,175,75
2026-05-09 15:09:34.549,4,0.02,0.62,-0.03,-68.53840000000001,-102.3966,-14.246599999999997,175,75
2026-05-09 15:09:34.549,4,-0.01,0.35,-0.13,-78.78840000000001,-115.8666,-35.836600000000004,175,75
2026-05-09 15:09:34.549,4,0.49,0.41,-0.25,-134.51839999999999,-196.2366,-43.33659999999999,175,75
2026-05-09 15:09:34.549,4,0.11,0.8,-0.43,-171.52839999999998,-226.78660000000002,-56.1366,175,75
2026-05-09 15:09:34.549,4,-0.07,0.85,-0.51,-157.2584,-144.5266,-60.096599999999995,175,75
2026-05-09 15:09:34.549,4,-0.25,0.87,-0.7,-137.6284,12.183399999999999,2.0334000000000003,175,75
2026-05-09 15:09:34.549,4,-0.41,0.49,-0.66,-136.46839999999997,177.48340000000002,15.873400000000002,175,75
2026-05-09 15:09:34.550,4,-0.17,-0.12,0.1,-180.0684,312.60339999999997,30.0834,175,75
2026-05-09 15:09:34.550,4,0.05,-0.41,0.31,-195.5584,275.9034,8.433400000000002,175,75
2026-05-09 15:09:34.550,4,0.23,-0.79,0.42,-203.90839999999997,213.7634,-15.286599999999996,175,75
2026-05-09 15:09:34.550,4,0.18,-1.33,0.7,-298.72839999999997,109.07339999999999,-36.86659999999999,175,75
2026-05-09 15:09:34.550,4,0.27,-1.44,0.76,-311.5884,104.3734,-38.75659999999999,175,75
2026-05-09 15:09:34.551,4,0.4,-1.71,0.77,-326.8984,86.0834,-37.72659999999999,175,75
2026-05-09 15:09:34.551,4,0.34,-1.86,0.72,-332.7484,84.8634,-30.956599999999998,175,75
2026-05-09 15:09:34.551,4,0.29,-2.0,0.66,-334.5784,100.29339999999999,-24.3066,175,75
2026-05-09 15:09:34.551,4,0.26,-2.2,0.6,-335.0684,142.42340000000002,-11.9866,175,75
2026-05-09 15:09:34.551,4,0.2,-2.32,0.64,-335.85839999999996,208.03339999999997,2.2734000000000023,175,75
2026-05-09 15:09:34.609,4,0.13,-2.34,0.77,-332.1384,284.61339999999996,13.193400000000002,175,75
2026-05-09 15:09:34.609,4,0.2,-2.29,1.05,-313.41839999999996,333.8234,-4.976600000000001,175,75
2026-05-09 15:09:34.609,4,0.2,-2.25,1.3,-265.0084,297.60339999999997,-72.11659999999999,175,75
2026-05-09 15:09:34.655,4,0.66,-2.5,1.95,-303.0584,268.6434,-145.9566,175,75
2026-05-09 15:09:34.655,4,0.51,-2.7,2.01,-289.0284,244.92339999999996,-201.6866,175,75
2026-05-09 15:09:34.760,4,0.35,-2.66,2.01,-311.5284,236.9334,-244.55660000000003,175,75
2026-05-09 15:09:34.760,4,0.26,-2.64,2.08,-339.8184,248.58339999999998,-282.41659999999996,175,75
2026-05-09 15:09:34.760,4,0.23,-2.69,2.12,-371.09839999999997,263.8834,-321.0166,175,75
2026-05-09 15:09:34.760,4,0.16,-2.74,2.09,-391.4684,240.29339999999996,-323.4566,175,75
2026-05-09 15:09:34.760,4,-0.06,-2.83,2.03,-401.6484,214.6834,-300.5866,175,75
2026-05-09 15:09:34.761,4,-0.3,-2.96,2.06,-385.79839999999996,194.8634,-296.5666,175,75
2026-05-09 15:09:34.792,4,-0.92,-2.31,2.05,-327.3884,278.4034,-454.85659999999996,175,75
2026-05-09 15:09:34.792,4,-0.59,-1.82,2.21,-321.8384,307.97339999999997,-486.6866,175,75
2026-05-09 15:09:34.796,4,-0.65,-0.49,2.78,-205.6784,244.3134,-424.4266,175,75
2026-05-09 15:09:34.837,4,-0.4,-0.13,2.89,-205.73839999999996,190.47339999999997,-367.29659999999996,175,75
2026-05-09 15:09:34.837,4,-0.31,0.06,2.8,-227.6884,150.59339999999997,-328.6966,175,75
2026-05-09 15:09:34.837,4,-0.31,0.1,2.48,-235.0084,114.9834,-314.6166,175,75
2026-05-09 15:09:34.837,4,-0.32,0.01,2.15,-206.83839999999998,113.8234,-309.4266,175,75
2026-05-09 15:09:34.837,4,-0.4,-0.07,1.95,-155.1884,133.9434,-296.1366,175,75
2026-05-09 15:09:34.916,4,-0.67,0.01,2.07,-120.3684,143.7634,-280.46659999999997,175,75
2026-05-09 15:09:34.916,4,-0.94,0.2,2.27,-98.72840000000001,140.16340000000002,-269.5566,175,75
2026-05-09 15:09:34.916,4,-1.16,0.43,2.43,-83.2384,118.5234,-262.90659999999997,175,75
2026-05-09 15:09:34.916,4,-1.15,0.6,2.48,-71.09839999999998,80.90339999999999,-248.81660000000002,175,75
2026-05-09 15:09:34.916,4,-1.02,0.7,2.43,-61.22840000000001,22.4234,-231.25660000000002,175,75
2026-05-09 15:09:34.962,4,-1.16,0.74,1.59,-38.66839999999999,-70.3166,-140.5266,175,75
2026-05-09 15:09:35.028,4,-1.39,0.9,1.52,26.821600000000004,26.3234,-66.5666,175,75
2026-05-09 15:09:35.028,4,-1.4,0.87,1.53,56.881600000000006,-9.346600000000002,-30.706599999999998,175,75
2026-05-09 15:09:35.028,4,-1.42,0.78,1.52,80.05160000000001,-59.7066,-8.886599999999998,175,75
2026-05-09 15:09:35.028,4,-1.56,0.68,1.49,117.61160000000001,-135.5066,18.433400000000002,175,75
2026-05-09 15:09:35.030,4,-1.62,0.63,1.32,200.2416,-204.52660000000003,58.1934,175,75
2026-05-09 15:09:35.184,4,-1.39,0.58,1.19,305.8516,-228.3666,151.9734,175,75
2026-05-09 15:09:35.184,4,-1.16,0.05,1.06,427.3716,-262.3366,213.80339999999998,175,75
2026-05-09 15:09:35.184,4,-1.01,-0.16,1.01,468.4116,-245.8666,237.52339999999998,175,75
2026-05-09 15:09:35.184,4,-0.82,-0.33,1.07,518.4716,-212.14659999999998,275.6934,175,75
2026-05-09 15:09:35.184,4,-0.52,-0.5,1.12,557.4916,-180.9866,307.8234,175,75
2026-05-09 15:09:35.184,4,-0.27,-1.78,1.35,719.9916000000001,-286.4766,670.9934000000001,175,75
2026-05-09 15:09:35.652,4,-4.44,-6.61,1.66,747.8616000000001,-616.9066,761.1134000000001,175,75
2026-05-09 15:09:35.652,4,-5.28,-7.84,0.98,606.4016,-159.77660000000003,628.4934000000001,175,75
2026-05-09 15:09:35.652,4,-2.59,-7.91,0.18,330.5416,136.5134,488.3734,175,75
2026-05-09 15:09:35.652,4,0.36,-7.14,-0.66,232.6116,81.9934,583.3734000000001,175,75
2026-05-09 15:09:35.652,4,0.81,-5.99,-0.74,317.1916,-139.28660000000002,752.5834,175,75
2026-05-09 15:09:35.652,4,-1.17,-5.2,-0.2,461.52160000000003,-203.2466,700.3234,175,75
2026-05-09 15:09:35.652,4,-2.02,-5.0,0.19,469.4416,-172.33659999999998,577.8234,175,75
2026-05-09 15:09:35.652,4,-2.38,-4.68,0.47,380.9716,-142.6966,411.3034,175,75
2026-05-09 15:09:35.653,4,-1.45,-3.73,0.3,134.6316,-93.0066,157.58339999999998,175,75
2026-05-09 15:09:35.653,4,-0.55,-2.97,-0.2,39.321600000000004,-107.3366,76.9134,175,75
2026-05-09 15:09:35.653,4,-0.19,-2.23,-0.55,57.6116,-112.5166,28.863400000000002,175,75
2026-05-09 15:09:35.653,4,0.32,-1.55,-0.62,227.6816,-115.3866,-111.2566,175,75
2026-05-09 15:09:35.653,4,0.83,-0.89,-0.13,346.0916,-264.2266,-319.4266,175,75
2026-05-09 15:09:35.653,4,0.32,1.09,0.07,37.491600000000005,-661.7866,149.3534,175,75
2026-05-09 15:09:35.653,4,-1.01,1.28,-1.05,37.4316,-474.58660000000003,-95.52659999999999,175,75
2026-05-09 15:09:35.653,4,-0.8,1.26,-1.6,54.02160000000001,42.913399999999996,95.1434,175,75
2026-05-09 15:09:35.653,4,-0.78,1.0,-1.07,22.9816,262.48339999999996,118.0034,175,75
2026-05-09 15:09:35.653,4,-0.01,0.78,0.98,-96.22840000000001,401.8134,154.7134,175,75
2026-05-09 15:09:35.653,4,0.31,0.64,1.39,-108.47840000000001,211.9334,114.10340000000001,175,75
2026-05-09 15:09:35.653,4,0.16,0.62,1.55,-112.9284,68.0934,73.6834,175,75
2026-05-09 15:09:35.654,4,0.01,0.58,1.5,-113.1784,-32.8866,34.5934,175,75
2026-05-09 15:09:35.654,4,0.2,0.51,1.32,-114.5184,-91.1166,-4.006599999999999,175,75
2026-05-09 15:09:35.654,4,0.42,0.51,1.05,-121.8984,-140.4466,-27.2966,175,75
2026-05-09 15:09:35.654,4,0.61,0.56,0.68,-127.99839999999999,-200.3166,-51.7466,175,75
2026-05-09 15:09:35.654,4,0.04,0.87,0.54,-135.1884,-239.83659999999998,-36.196600000000004,175,75
2026-05-09 15:09:35.654,4,-0.42,0.94,0.32,-115.7384,-118.9166,-19.5566,175,75
2026-05-09 15:09:35.654,4,-0.4,0.9,0.38,-121.22840000000001,200.47339999999997,69.4734,175,75
2026-05-09 15:09:35.654,4,-0.55,0.41,0.73,-122.99839999999999,381.7534,89.5334,175,75
2026-05-09 15:09:35.884,4,-0.98,-0.45,1.02,-117.1984,467.91339999999997,91.60340000000001,175,75
2026-05-09 15:09:35.884,4,-0.99,-0.75,1.0,-100.8584,496.50339999999994,107.27340000000001,175,75
2026-05-09 15:09:35.884,4,-0.91,-1.15,0.96,-78.1784,523.7633999999999,135.2634,175,75
2026-05-09 15:09:35.884,4,-0.84,-1.45,1.01,-68.59839999999998,507.1834,162.64339999999999,175,75
2026-05-09 15:09:35.884,4,-0.63,-1.95,1.17,-74.75840000000001,409.3134,187.33339999999998,175,75
2026-05-09 15:09:35.884,4,-0.68,-2.67,1.53,-52.748400000000004,115.22339999999998,135.3234,175,75
2026-05-09 15:09:35.884,4,-2.04,-2.6,1.41,-25.7384,-44.836600000000004,51.0534,175,75
2026-05-09 15:09:35.885,4,-3.26,-1.66,1.02,-59.08839999999999,74.68339999999999,-114.8566,175,75
2026-05-09 15:09:35.885,4,-2.85,-0.93,0.83,-145.91840000000002,246.9334,-330.6466,175,75
2026-05-09 15:09:35.885,4,-1.94,-0.59,0.98,-178.66840000000002,290.5934,-441.0766,175,75
2026-05-09 15:09:35.885,4,-1.14,-0.37,1.11,-158.1784,245.22339999999997,-475.6466,175,75
2026-05-09 15:09:35.885,4,0.78,-0.06,1.72,-125.7384,132.72339999999997,-377.0566,175,75
2026-05-09 15:09:35.885,4,0.44,0.29,1.78,-167.6884,-26.236600000000003,-83.6366,175,75
2026-05-09 15:09:35.885,4,-0.59,-0.05,1.12,-137.8684,-54.9566,-15.646599999999996,175,75
2026-05-09 15:09:35.885,4,0.17,-1.08,1.82,-79.6984,44.9234,-278.8166,175,75
2026-05-09 15:09:35.886,4,-0.67,-1.12,2.59,-56.58839999999999,-202.6366,-155.8966,175,75
2026-05-09 15:09:35.886,4,-1.58,-1.35,0.81,93.9016,-586.2366000000001,-146.7466,175,75
2026-05-09 15:09:35.921,4,-0.88,-0.41,0.38,6.821600000000004,-889.6466,-190.0966,175,75
2026-05-09 15:09:35.921,4,-0.81,-0.5,0.74,-66.22840000000001,-909.2866,-114.8566,175,75
2026-05-09 15:09:35.922,4,-0.86,-0.52,0.75,-92.4484,-836.2366000000001,-88.33659999999999,175,75
2026-05-09 15:09:35.957,4,-1.04,-0.42,0.52,-96.8984,-714.5266,-64.4966,175,75
2026-05-09 15:09:35.957,4,-1.07,-0.17,0.23,-70.7384,-597.4566,-34.67659999999999,175,75
2026-05-09 15:09:35.957,4,-1.55,0.08,-0.49,-30.978399999999993,-362.33660000000003,11.973400000000002,175,75
2026-05-09 15:09:35.957,4,-1.59,-1.03,-1.31,-15.558399999999992,354.0734,41.543400000000005,175,75
2026-05-09 15:09:35.978,4,-1.45,-1.12,-1.29,-57.44839999999999,690.8334,16.913400000000003,175,75
2026-05-09 15:09:35.978,4,-0.97,-0.74,-0.68,-204.51839999999999,968.4034,-29.7366,175,75
2026-05-09 15:09:36.008,4,-0.61,-0.07,0.36,-303.9684,1030.5334,0.26340000000000074,175,75
2026-05-09 15:09:36.045,4,-0.69,0.29,1.05,-223.29839999999996,1011.2033999999999,79.35340000000001,175,75
2026-05-09 15:09:36.062,4,0.1,0.29,2.0,-53.9684,850.2234,146.4834,175,75
2026-05-09 15:09:36.062,4,1.72,-0.5,3.72,97.9816,3.0333999999999968,-84.97659999999999,175,75
2026-05-09 15:09:36.095,4,-0.54,-0.54,2.73,79.69160000000001,-252.39659999999998,-160.4066,175,75
2026-05-09 15:09:36.095,4,-0.22,-0.23,1.44,-38.05839999999999,-159.22660000000002,-201.8666,175,75
2026-05-09 15:09:36.095,4,0.63,0.32,0.95,-76.8384,-246.41660000000002,-239.42660000000004,175,75
2026-05-09 15:09:36.387,4,-0.27,0.71,0.79,30.3016,-78.9766,-141.7466,175,75
2026-05-09 15:09:36.387,4,0.06,0.55,1.38,-3.598399999999998,51.1434,-114.8566,175,75
2026-05-09 15:09:36.387,4,-0.57,0.2,1.7,11.211600000000004,-42.756600000000006,-180.5266,175,75
2026-05-09 15:09:36.387,4,-0.74,0.44,1.54,101.9416,-212.8866,-176.8066,175,75
2026-05-09 15:09:36.387,4,-0.66,0.59,1.71,74.7516,-116.1166,-164.7366,175,75
2026-05-09 15:09:36.387,4,-0.8,0.66,1.24,64.9916,-88.8566,-155.9566,175,75
2026-05-09 15:09:36.387,4,-0.83,0.95,1.29,42.3716,-26.666600000000003,-93.39659999999999,175,75
2026-05-09 15:09:36.387,4,-0.72,0.85,1.16,11.151600000000002,93.2134,-44.00659999999999,175,75
2026-05-09 15:09:36.388,4,0.1,0.3,1.23,74.3216,57.60339999999999,-6.866599999999995,175,75
2026-05-09 15:09:36.388,4,0.09,-0.35,0.95,147.2516,-84.5266,-58.08659999999999,175,75
2026-05-09 15:09:36.388,4,0.04,-0.49,0.64,122.2516,-202.51659999999998,-134.1266,175,75
2026-05-09 15:09:36.389,4,-0.09,-0.33,-0.3,106.8816,-205.4466,-177.72660000000002,175,75
2026-05-09 15:09:36.389,4,0.26,-0.95,-1.05,90.1816,-98.7966,-169.7366,175,75
2026-05-09 15:09:36.389,4,0.55,-1.04,0.17,110.11160000000001,-226.96660000000003,-174.2466,175,75
2026-05-09 15:09:36.389,4,0.14,-0.31,0.58,98.9016,-284.0966,-202.1766,175,75
2026-05-09 15:09:36.389,4,-0.84,-0.69,-0.81,107.86160000000001,-117.7566,-159.6166,175,75
2026-05-09 15:09:36.389,4,0.16,-0.75,-0.24,105.30160000000001,-32.4566,-132.9666,175,75
2026-05-09 15:09:36.389,4,0.19,0.12,-0.61,70.97160000000001,-20.7466,-123.6966,175,75
2026-05-09 15:09:36.727,4,0.26,-0.04,-0.36,59.5016,-34.836600000000004,-111.68659999999998,175,75
2026-05-09 15:09:36.727,4,0.2,-0.05,-0.17,51.7616,-52.6366,-107.5366,175,75
2026-05-09 15:09:36.727,4,0.1,-0.12,-0.0,42.3716,-59.9566,-102.11659999999999,175,75
2026-05-09 15:09:36.727,4,0.02,-0.11,0.06,31.2716,-53.796600000000005,-93.8166,175,75
2026-05-09 15:09:36.727,4,-0.02,-0.2,0.13,18.4116,6.633399999999998,-84.7366,175,75
2026-05-09 15:09:36.727,4,0.08,0.0,0.28,22.491600000000005,36.203399999999995,-93.02659999999999,175,75
2026-05-09 15:09:36.727,4,0.22,-0.06,0.57,32.4316,40.1034,-93.75659999999999,175,75
2026-05-09 15:09:36.727,4,0.18,0.13,0.9,56.211600000000004,26.023399999999995,-80.16659999999999,175,75
2026-05-09 15:09:36.728,4,0.04,0.29,1.1,95.30160000000001,24.8634,-72.05659999999999,175,75
2026-05-09 15:09:36.728,4,-0.07,0.25,1.06,100.36160000000001,41.0834,-71.5666,175,75
2026-05-09 15:09:36.728,4,-0.06,0.39,1.15,101.7616,30.833399999999997,-71.19659999999999,175,75
2026-05-09 15:09:36.728,4,-0.4,0.8,1.38,111.4016,-26.056600000000003,-76.7466,175,75
2026-05-09 15:09:36.728,4,-0.55,1.26,1.85,46.0316,-261.4766,-107.11659999999999,175,75
2026-05-09 15:09:36.728,4,-0.6,1.17,2.11,-6.778399999999991,-456.2366,-122.96659999999999,175,75
2026-05-09 15:09:36.728,4,-0.74,0.78,1.48,25.111600000000003,-551.1766,-138.75660000000002,175,75
2026-05-09 15:09:36.728,4,-0.57,0.52,1.27,95.1816,-447.63660000000004,-137.78660000000002,175,75
2026-05-09 15:09:36.729,4,-0.29,0.32,1.3,-16.468400000000003,-514.5266,-156.0166,175,75
2026-05-09 15:09:36.729,4,-0.39,0.52,-0.36,77.2516,-222.6366,-124.30659999999999,175,75
2026-05-09 15:09:36.729,4,-0.1,0.09,-0.45,106.0316,-82.6366,-75.7066,175,75
2026-05-09 15:09:36.729,4,0.51,-0.72,-0.14,78.9016,-25.1366,-60.706599999999995,175,75
2026-05-09 15:09:36.729,4,0.68,-0.82,0.02,40.9716,-57.6366,-82.9666,175,75
2026-05-09 15:09:36.729,4,0.87,-0.89,0.08,8.1616,-105.8666,-128.2766,175,75
2026-05-09 15:09:36.729,4,0.65,-0.79,0.18,8.901600000000002,-156.66660000000002,-144.1866,175,75
2026-05-09 15:09:36.729,4,0.27,-0.6,0.31,32.6816,-132.4566,-126.62659999999998,175,75
2026-05-09 15:09:36.738,4,0.17,-0.46,0.6,24.811600000000006,-53.8566,-102.96659999999999,175,75
2026-05-09 15:09:36.805,4,0.21,-0.41,0.7,10.181600000000003,-64.2266,-103.5166,175,75
2026-05-09 15:09:36.805,4,0.15,-0.32,0.74,19.8716,-94.5266,-103.14659999999999,175,75
2026-05-09 15:09:36.829,4,-0.18,-0.19,0.72,34.7516,-118.9766,-93.02659999999999,175,75
2026-05-09 15:09:36.859,4,-0.36,0.39,1.13,7.071600000000004,-27.8166,-76.44659999999999,175,75
2026-05-09 15:09:36.870,4,-0.48,0.53,1.3,4.501599999999996,-48.7366,-77.11659999999999,175,75
2026-05-09 15:09:36.881,4,-0.64,0.67,1.41,4.381600000000006,-66.23660000000001,-77.41659999999999,175,75
2026-05-09 15:09:36.903,4,-0.73,1.0,1.54,3.7716000000000065,-97.0866,-73.8166,175,75
2026-05-09 15:09:36.903,4,-0.76,1.13,1.5,6.581600000000002,-118.2466,-70.83659999999999,175,75
2026-05-09 15:09:36.923,4,-0.72,1.1,1.27,14.141600000000004,-131.0566,-66.86659999999999,175,75
2026-05-09 15:09:36.924,4,-0.6,1.02,1.14,15.241600000000005,-119.7766,-59.1866,175,75
2026-05-09 15:09:36.936,4,-0.41,0.88,0.98,19.571600000000004,-86.9666,-40.096599999999995,175,75
2026-05-09 15:09:36.946,4,-0.32,0.79,0.91,26.5816,-62.2766,-26.316599999999998,175,75
2026-05-09 15:09:36.956,4,-0.28,0.69,0.89,35.7916,-39.64660000000001,-13.3366,175,75
2026-05-09 15:09:36.970,4,-0.28,0.61,0.92,40.601600000000005,-25.686600000000002,-6.866599999999995,175,75
2026-05-09 15:09:36.980,4,-0.29,0.51,0.96,41.7616,-22.026600000000002,-7.476600000000001,175,75
2026-05-09 15:09:36.980,4,-0.27,0.37,0.95,41.821600000000004,-29.586600000000004,-16.256599999999995,175,75
2026-05-09 15:09:36.999,4,-0.04,0.0,0.65,51.3316,-86.84660000000001,-36.50659999999999,175,75
2026-05-09 15:09:37.000,4,0.1,-0.18,0.41,67.0716,-97.1466,-34.066599999999994,175,75
2026-05-09 15:09:37.016,4,0.26,-0.46,0.11,95.36160000000001,-84.4066,-17.4766,175,75
2026-05-09 15:09:37.027,4,0.22,-0.61,0.04,107.80160000000001,-48.9166,-6.0166,175,75
2026-05-09 15:09:37.033,4,0.07,-0.72,0.15,94.3816,7.603399999999997,-1.8065999999999995,175,75
2026-05-09 15:09:37.055,4,-0.2,-0.79,0.39,51.7616,118.6434,10.573400000000003,175,75
2026-05-09 15:09:37.062,4,-0.25,-0.8,0.49,32.071600000000004,181.2634,17.523400000000002,175,75
2026-05-09 15:09:37.078,4,-0.18,-0.79,0.46,47.9816,123.8234,14.533400000000002,175,75
2026-05-09 15:09:37.091,4,-0.45,-0.85,0.36,61.641600000000004,66.57339999999999,4.833400000000001,175,75
2026-05-09 15:09:37.099,4,-0.64,-0.89,0.26,60.0516,51.993399999999994,1.1134000000000022,175,75
2026-05-09 15:09:37.115,4,-0.74,-0.91,0.22,44.8116,38.3334,4.773400000000002,175,75
2026-05-09 15:09:37.115,4,-0.8,-0.96,0.16,33.2916,55.773399999999995,0.38340000000000174,175,75
2026-05-09 15:09:37.132,4,-0.66,-0.88,0.17,28.5916,83.15339999999999,-10.896599999999996,175,75
2026-05-09 15:09:37.145,4,-0.46,-0.63,0.33,20.181600000000003,90.5334,6.423400000000001,175,75
2026-05-09 15:09:37.160,4,-0.51,-0.47,0.54,12.3716,97.6634,39.4134,175,75
2026-05-09 15:09:37.170,4,-0.55,-0.41,0.64,22.741600000000005,129.5534,48.5534,175,75
2026-05-09 15:09:37.191,4,-0.05,-0.47,0.91,16.461600000000004,70.29339999999999,42.153400000000005,175,75
2026-05-09 15:09:37.201,4,-0.12,-0.47,0.68,0.05160000000000764,9.683399999999999,20.023400000000002,175,75
2026-05-09 15:09:37.211,4,-0.25,-0.43,0.47,2.3115999999999985,-26.236600000000003,11.483400000000003,175,75
2026-05-09 15:09:37.232,4,-0.45,-0.19,0.28,17.431600000000003,36.9334,42.0934,175,75
2026-05-09 15:09:37.243,4,-0.39,-0.16,0.21,11.461600000000004,109.5534,73.8034,175,75
2026-05-09 15:09:37.255,4,-0.45,-0.18,0.2,15.421600000000005,169.4934,99.83340000000001,175,75
2026-05-09 15:09:37.278,4,-0.25,-0.18,0.65,34.6916,280.5334,149.5334,175,75
2026-05-09 15:09:37.289,4,-0.19,-0.22,0.8,35.6616,280.35339999999997,151.6634,175,75
2026-05-09 15:09:37.292,4,-0.15,-0.21,0.92,39.7516,257.54339999999996,146.7234,175,75
2026-05-09 15:09:37.315,4,-0.15,-0.1,0.99,47.3716,213.40339999999998,139.2934,175,75
2026-05-09 15:09:37.324,4,-0.17,0.01,0.97,58.1616,186.02339999999998,135.2034,175,75
2026-05-09 15:09:37.327,4,-0.14,0.1,0.96,63.531600000000005,179.5534,135.5034,175,75
2026-05-09 15:09:37.340,4,-0.16,0.26,0.89,64.2616,177.85340000000002,135.8734,175,75
2026-05-09 15:09:37.355,4,-0.2,0.36,0.89,65.7916,186.5134,140.2034,175,75
2026-05-09 15:09:37.367,4,-0.24,0.49,0.93,69.5016,204.92340000000002,152.0334,175,75
2026-05-09 15:09:37.379,4,-0.24,0.61,1.0,73.2916,227.79340000000002,160.93339999999998,175,75
2026-05-09 15:09:37.403,4,-0.02,0.69,1.15,71.0916,238.9434,161.11339999999998,175,75
2026-05-09 15:09:37.415,4,-0.0,0.75,1.24,66.7616,223.64339999999999,150.0834,175,75
2026-05-09 15:09:37.426,4,-0.03,0.79,1.29,61.211600000000004,212.0534,140.6334,175,75
2026-05-09 15:09:37.437,4,-0.06,0.88,1.36,50.1816,189.3734,120.5734,175,75
2026-05-09 15:09:37.449,4,-0.02,0.92,1.36,42.55160000000001,164.7434,103.13340000000001,175,75
2026-05-09 15:09:37.459,4,0.04,0.93,1.27,40.30160000000001,137.66340000000002,89.96340000000001,175,75
2026-05-09 15:09:37.471,4,0.09,0.91,1.17,42.0116,126.75339999999998,87.0334,175,75
2026-05-09 15:09:37.483,4,0.09,0.83,1.0,50.4216,132.2434,90.5134,175,75
2026-05-09 15:09:37.488,4,0.08,0.73,0.87,60.3016,160.59339999999997,97.94340000000001,175,75
2026-05-09 15:09:37.500,4,0.12,0.6,0.8,64.2616,201.08339999999998,104.96340000000001,175,75
2026-05-09 15:09:37.521,4,0.38,0.29,0.75,66.5216,228.15339999999998,118.19340000000001,175,75
2026-05-09 15:09:37.543,4,0.53,0.05,0.67,78.6516,201.02339999999998,120.5034,175,75
2026-05-09 15:09:37.554,4,0.56,-0.13,0.62,85.9116,179.0734,121.85340000000001,175,75
2026-05-09 15:09:37.566,4,0.51,-0.32,0.56,87.1316,160.77339999999998,117.94340000000001,175,75
2026-05-09 15:09:37.577,4,0.48,-0.42,0.53,76.94160000000001,157.66340000000002,113.0734,175,75
2026-05-09 15:09:37.598,4,0.42,-0.44,0.4,38.0416,165.77339999999998,88.0734,175,75
2026-05-09 15:09:37.611,4,0.43,-0.33,0.36,29.0216,181.5134,82.1534,175,75
2026-05-09 15:09:37.633,4,-0.12,-0.26,0.18,51.7616,578.7034,202.8834,175,75
2026-05-09 15:09:37.633,4,0.23,-0.43,0.48,93.4716,605.0434,220.2634,175,75
2026-05-09 15:09:37.671,4,0.05,-0.05,0.29,-12.748400000000004,497.9134,288.8034,175,75
2026-05-09 15:09:37.692,4,-0.21,-0.02,0.45,-2.628399999999999,461.9334,163.74339999999998,175,75
2026-05-09 15:09:37.718,4,-0.36,0.22,0.69,-39.33839999999999,457.48339999999996,233.80339999999998,175,75
2026-05-09 15:09:37.724,4,-0.17,-0.12,1.29,-4.148399999999995,438.6434,211.11339999999998,175,75
2026-05-09 15:09:37.739,4,0.21,0.36,2.5,168.35160000000002,78.15339999999999,209.4134,175,75
2026-05-09 15:09:37.757,4,0.2,0.41,2.52,173.7716,-189.28660000000002,173.3734,175,75
2026-05-09 15:09:37.770,4,-0.11,0.33,1.96,126.5216,-285.6266,122.27340000000001,175,75
2026-05-09 15:09:37.783,4,-0.22,0.16,1.29,68.7716,-242.02660000000003,83.4334,175,75
2026-05-09 15:09:37.783,4,-0.32,0.39,0.95,65.2416,-212.7566,94.71340000000001,175,75
2026-05-09 15:09:37.808,4,-0.33,0.81,1.15,257.1316,-46.53660000000001,154.7134,175,75
2026-05-09 15:09:37.821,4,-0.19,0.44,1.15,296.2116,3.643399999999996,175.8734,175,75
2026-05-09 15:09:37.846,4,-0.43,-0.38,1.01,327.3716,-72.9466,157.52339999999998,175,75
2026-05-09 15:09:37.863,4,-0.86,-0.79,0.85,353.90160000000003,-46.6666,140.0234,175,75
2026-05-09 15:09:37.874,4,-1.0,-1.11,0.7,385.4816,25.7134,155.14339999999999,175,75
2026-05-09 15:09:37.885,4,-1.07,-1.39,0.63,406.8216,78.0934,196.24339999999998,175,75
2026-05-09 15:09:37.887,4,-1.37,-1.57,0.69,397.1316,98.0934,244.83339999999998,175,75
2026-05-09 15:09:37.898,4,-1.82,-1.51,0.79,359.7516,121.2634,255.4434,175,75
2026-05-09 15:09:37.916,4,-2.17,-1.23,0.99,316.7616,152.72339999999997,192.21339999999998,175,75
2026-05-09 15:09:37.928,4,-2.43,-0.94,1.25,285.6616,142.3634,38.7434,175,75
2026-05-09 15:09:37.928,4,-2.3,-0.79,1.35,273.1616,174.6834,-61.44659999999999,175,75
2026-05-09 15:09:37.951,4,-1.89,-0.58,1.57,259.2616,214.98340000000002,-80.4666,175,75
2026-05-09 15:09:37.958,4,-0.81,-0.3,2.15,222.0716,203.03339999999997,30.6934,175,75
2026-05-09 15:09:37.973,4,-1.2,-0.16,2.23,176.5216,104.9234,170.4434,175,75
2026-05-09 15:09:37.985,4,-1.52,-0.52,2.02,191.4016,-94.5866,184.5934,175,75
2026-05-09 15:09:37.996,4,-1.87,-0.94,1.74,214.6316,-254.52660000000003,151.0534,175,75
2026-05-09 15:09:38.015,4,-2.25,-1.06,1.31,190.91160000000002,-273.5566,111.85340000000001,175,75
2026-05-09 15:09:38.018,4,-2.5,-0.89,0.96,144.2616,-171.72660000000002,46.2434,175,75
2026-05-09 15:09:38.030,4,-2.28,-0.67,0.81,131.0916,-85.1366,-5.586600000000001,175,75
2026-05-09 15:09:38.044,4,-1.77,-0.46,0.89,164.20159999999998,-43.4966,-41.86659999999999,175,75
2026-05-09 15:09:38.063,4,-1.08,-0.33,1.17,201.15160000000003,-55.016600000000004,-35.096599999999995,175,75
2026-05-09 15:09:38.063,4,-0.72,-0.04,1.51,175.2416,-80.8666,73.0134,175,75
2026-05-09 15:09:38.075,4,-1.24,0.12,1.37,128.35160000000002,-85.0766,117.1534,175,75
2026-05-09 15:09:38.110,4,-1.06,0.13,1.26,121.33160000000001,-64.8366,47.403400000000005,175,75
2026-05-09 15:09:38.121,4,-0.55,0.59,1.33,105.7916,-66.9666,67.0334,175,75
2026-05-09 15:09:38.135,4,-0.33,0.67,1.28,103.4716,-102.1466,51.9734,175,75
2026-05-09 15:09:38.146,4,-0.17,0.68,1.18,101.4616,-134.8366,41.4234,175,75
2026-05-09 15:09:38.157,4,-0.1,0.63,1.01,100.05160000000001,-148.6166,35.263400000000004,175,75
2026-05-09 15:09:38.177,4,-0.14,0.6,0.93,96.8216,-108.67660000000001,27.823400000000003,175,75
2026-05-09 15:09:38.191,4,0.01,0.71,1.07,93.2216,-102.81660000000001,26.303400000000003,175,75
2026-05-09 15:09:38.204,4,0.11,0.8,1.25,89.7516,-131.66660000000002,25.3834,175,75
2026-05-09 15:09:38.214,4,0.31,0.8,1.25,84.9316,-177.02660000000003,10.573400000000003,175,75
2026-05-09 15:09:38.226,4,0.89,0.63,1.03,82.3716,-236.1166,-33.8866,175,75
2026-05-09 15:09:38.239,4,1.2,0.58,0.92,75.5416,-305.9966,-54.7966,175,75
2026-05-09 15:09:38.249,4,1.01,0.61,0.37,67.7416,-384.1666,-94.6766,175,75
2026-05-09 15:09:38.256,4,0.95,0.59,0.03,65.1816,-395.01660000000004,-143.4566,175,75
2026-05-09 15:09:38.273,4,1.15,0.73,-0.2,32.921600000000005,-380.5666,-134.06660000000002,175,75
2026-05-09 15:09:38.285,4,-0.18,1.09,-0.21,-17.868399999999994,-409.2866,-76.86659999999999,175,75
2026-05-09 15:09:38.285,4,-0.25,0.9,-0.78,-22.258399999999995,-176.78660000000002,-166.31660000000002,175,75
2026-05-09 15:09:38.315,4,1.67,0.55,-0.29,-75.97840000000001,-68.5566,-35.89659999999999,175,75
2026-05-09 15:09:38.315,4,1.11,0.24,0.03,-72.3884,-77.7566,-115.89659999999999,175,75
2026-05-09 15:09:38.330,4,1.59,-0.17,0.54,-100.97840000000001,-96.3566,-107.59659999999998,175,75
2026-05-09 15:09:38.341,4,1.4,-0.44,0.48,-149.45839999999998,-162.39659999999998,-131.0766,175,75
2026-05-09 15:09:38.353,4,1.43,-0.92,0.48,-167.1384,-213.7966,-161.13660000000002,175,75
2026-05-09 15:09:38.374,4,0.97,-1.24,0.22,-228.35839999999996,-178.3666,-154.5566,175,75
2026-05-09 15:09:38.409,4,1.39,-2.48,0.25,-294.7584,100.90339999999999,-116.3866,175,75
2026-05-09 15:09:38.426,4,1.33,-2.93,0.57,-307.3884,168.40339999999998,-129.3066,175,75
2026-05-09 15:09:38.438,4,1.46,-3.26,1.06,-321.6484,273.5834,-164.4266,175,75
2026-05-09 15:09:38.450,4,1.67,-3.36,1.62,-334.2084,287.97339999999997,-205.8366,175,75
2026-05-09 15:09:38.486,4,1.27,-3.56,2.05,-279.2084,201.2034,-295.34659999999997,175,75
2026-05-09 15:09:38.498,4,1.04,-3.45,2.11,-276.03839999999997,199.4334,-318.9466,175,75
2026-05-09 15:09:38.498,4,0.94,-3.41,2.33,-259.0284,206.2634,-334.4266,175,75
2026-05-09 15:09:38.509,4,1.01,-3.48,2.73,-236.52839999999998,181.08339999999998,-351.3866,175,75
2026-05-09 15:09:38.533,4,0.92,-3.52,2.9,-231.22839999999997,153.33339999999998,-358.5166,175,75
2026-05-09 15:09:38.533,4,0.77,-3.43,2.93,-239.8184,109.4934,-371.2566,175,75
2026-05-09 15:09:38.544,4,0.52,-3.2,2.75,-248.66839999999996,84.2534,-389.0066,175,75
2026-05-09 15:09:38.555,4,0.3,-2.92,2.56,-258.84839999999997,76.9934,-409.3666,175,75
2026-05-09 15:09:38.566,4,0.2,-2.7,2.38,-267.2584,81.7534,-417.90659999999997,175,75
2026-05-09 15:09:38.578,4,0.04,-2.49,2.25,-270.4984,87.9134,-408.6966,175,75
2026-05-09 15:09:38.590,4,-0.1,-2.28,2.11,-266.5884,91.6334,-396.6866,175,75
2026-05-09 15:09:38.608,4,-0.18,-2.16,2.04,-257.0184,111.93339999999999,-398.9466,175,75
2026-05-09 15:09:38.608,4,-0.17,-2.09,2.06,-255.4284,121.2634,-404.4266,175,75
2026-05-09 15:09:38.632,4,-0.22,-1.96,2.1,-259.6384,124.31339999999999,-403.1466,175,75
2026-05-09 15:09:38.632,4,-0.3,-1.77,2.13,-260.73839999999996,124.13340000000001,-399.73659999999995,175,75
2026-05-09 15:09:38.658,4,-0.56,-1.25,2.02,-255.79839999999996,96.32339999999999,-399.3666,175,75
2026-05-09 15:09:38.691,4,-0.68,-0.48,2.04,-241.09839999999997,49.2534,-373.3366,175,75
2026-05-09 15:09:38.691,4,-0.73,-0.34,1.99,-242.5084,41.203399999999995,-357.78659999999996,175,75
2026-05-09 15:09:38.704,4,-0.77,-0.21,1.95,-236.89839999999998,47.85339999999999,-340.9566,175,75
2026-05-09 15:09:38.738,4,-0.76,-0.13,1.83,-205.0084,25.413399999999996,-307.35659999999996,175,75
2026-05-09 15:09:38.750,4,-0.91,-0.09,1.81,-197.3884,6.813399999999998,-293.1466,175,75
2026-05-09 15:09:38.760,4,-1.01,0.05,1.73,-189.6984,7.663399999999996,-276.8066,175,75
2026-05-09 15:09:38.784,4,-0.94,0.22,1.64,-186.83839999999998,-2.2066000000000017,-259.6166,175,75
2026-05-09 15:09:38.798,4,-0.94,0.32,1.59,-182.1984,-0.8066000000000031,-242.05660000000003,175,75
2026-05-09 15:09:38.810,4,-0.95,0.38,1.55,-176.03840000000002,9.983399999999996,-225.9566,175,75
2026-05-09 15:09:38.810,4,-1.03,0.45,1.55,-168.84839999999997,25.653399999999998,-206.19660000000002,175,75
2026-05-09 15:09:38.833,4,-1.15,0.61,1.64,-151.16840000000002,71.2634,-171.9966,175,75
2026-05-09 15:09:38.849,4,-1.12,0.68,1.68,-139.14839999999998,90.5334,-157.9066,175,75
2026-05-09 15:09:38.859,4,-1.01,0.73,1.73,-128.59839999999997,88.5234,-147.47660000000002,175,75
2026-05-09 15:09:38.870,4,-0.9,0.77,1.77,-118.05839999999999,62.663399999999996,-136.7466,175,75
2026-05-09 15:09:38.881,4,-0.86,0.82,1.78,-104.75840000000001,16.633399999999995,-122.7866,175,75
2026-05-09 15:09:38.893,4,-0.85,0.84,1.76,-95.7384,-10.626600000000003,-113.7566,175,75
2026-05-09 15:09:38.893,4,-0.91,0.88,1.76,-87.50840000000001,-30.866600000000002,-100.89659999999999,175,75
2026-05-09 15:09:38.906,4,-1.05,0.97,1.77,-75.49839999999999,-36.8466,-76.25659999999999,175,75
2026-05-09 15:09:38.916,4,-1.12,1.04,1.79,-67.0784,-29.226600000000005,-56.6866,175,75
2026-05-09 15:09:38.939,4,-0.97,1.19,1.88,-38.66839999999999,-47.086600000000004,-4.0665999999999976,175,75
2026-05-09 15:09:38.962,4,-0.89,1.24,1.89,-17.998400000000004,-92.7566,24.2234,175,75
2026-05-09 15:09:38.973,4,-0.85,1.27,1.87,4.141599999999997,-142.3366,54.71340000000001,175,75
2026-05-09 15:09:38.979,4,-0.85,1.27,1.83,23.351600000000005,-178.1266,82.1534,175,75
2026-05-09 15:09:38.994,4,-0.86,1.26,1.81,40.9716,-200.9866,104.77340000000001,175,75
2026-05-09 15:09:39.003,4,-0.85,1.22,1.78,62.9816,-227.6366,131.7234,175,75
2026-05-09 15:09:39.025,4,-0.91,1.12,1.7,114.9316,-320.3166,200.3834,175,75
2026-05-09 15:09:39.056,4,-0.98,0.57,1.34,239.4416,-363.4966,346.9134,175,75
2026-05-09 15:09:39.070,4,-0.93,0.22,1.21,277.7416,-329.2266,387.09340000000003,175,75
2026-05-09 15:09:39.071,4,-0.81,-0.29,1.11,323.5316,-255.3866,435.14340000000004,175,75
2026-05-09 15:09:39.091,4,-0.56,-0.93,1.12,363.5316,-135.8066,484.90340000000003,175,75
2026-05-09 15:09:39.114,4,-0.08,-1.6,1.65,359.14160000000004,-58.3066,569.1634,175,75
2026-05-09 15:09:39.126,4,-0.19,-1.68,1.81,342.1916,-97.1466,594.9634,175,75
2026-05-09 15:09:39.142,4,-0.99,-2.1,2.23,376.0916,-161.78660000000002,716.3634000000001,175,75
2026-05-09 15:09:39.158,4,-1.07,-2.62,2.4,386.27160000000003,-113.0066,799.4134,175,75
2026-05-09 15:09:39.160,4,-0.96,-3.21,2.58,370.1116,-125.2566,857.4634,175,75
2026-05-09 15:09:39.173,4,-1.17,-3.96,2.61,334.8116,-212.27660000000003,875.0834,175,75
2026-05-09 15:09:39.186,4,-1.54,-4.52,2.47,311.5216,-230.3866,852.1534,175,75
2026-05-09 15:09:39.213,4,-1.68,-5.72,1.95,300.1816,-142.51659999999998,732.5834,175,75
2026-05-09 15:09:39.213,4,-1.4,-5.97,1.87,321.9416,-94.09660000000001,680.8734000000001,175,75
2026-05-09 15:09:39.227,4,-1.0,-6.06,1.97,355.4216,-63.4266,633.4334,175,75
2026-05-09 15:09:39.237,4,-0.71,-5.93,2.08,365.9116,-68.0066,588.8034,175,75
2026-05-09 15:09:39.249,4,-0.58,-5.6,2.08,338.1016,-81.29660000000001,528.6834,175,75
2026-05-09 15:09:39.260,4,-0.63,-4.16,1.77,277.9216,-176.1766,325.3234,175,75
2026-05-09 15:09:39.283,4,-0.37,-2.98,1.47,297.9216,-292.45660000000004,70.6934,175,75
2026-05-09 15:09:39.292,4,-0.25,-2.53,1.42,278.5316,-374.64660000000003,-20.7766,175,75
2026-05-09 15:09:39.315,4,-0.08,-1.95,1.37,242.0016,-434.83660000000003,-106.31660000000001,175,75
2026-05-09 15:09:39.322,4,1.51,-1.02,1.79,195.97160000000002,-508.3066,-82.9666,175,75
2026-05-09 15:09:39.330,4,0.89,-0.16,1.53,149.7516,-541.4166,97.52340000000001,175,75
2026-05-09 15:09:39.346,4,0.35,-0.16,0.82,204.7516,-511.1166,87.8234,175,75
2026-05-09 15:09:39.361,4,0.35,-0.54,0.62,251.21159999999998,-498.3666,34.4134,175,75
2026-05-09 15:09:39.383,4,0.15,-0.45,0.13,228.47160000000002,-479.70660000000004,-55.03659999999999,175,75
2026-05-09 15:09:39.395,4,0.01,-0.13,0.08,214.2616,-522.5166,-88.8166,175,75
2026-05-09 15:09:39.406,4,-0.68,0.25,0.04,196.3316,-564.8966,-95.16659999999999,175,75
2026-05-09 15:09:39.420,4,-0.9,0.28,-0.55,187.0016,-459.0966,-170.4066,175,75
2026-05-09 15:09:39.445,4,-0.94,1.32,-1.32,115.6016,-319.89660000000003,-120.64659999999999,175,75
2026-05-09 15:09:39.455,4,-0.09,1.33,-1.14,85.4816,-84.2266,-97.3566,175,75
2026-05-09 15:09:39.471,4,-0.18,1.19,-0.74,48.2916,92.4234,-18.206599999999998,175,75
2026-05-09 15:09:39.490,4,0.06,0.67,0.21,17.431600000000003,143.7034,-17.0566,175,75
2026-05-09 15:09:39.503,4,0.04,0.72,0.47,-14.758399999999995,74.68339999999999,-27.116599999999995,175,75
2026-05-09 15:09:39.515,4,0.03,0.71,0.54,-35.0684,-0.3166000000000011,-52.17659999999999,175,75
2026-05-09 15:09:39.518,4,0.1,0.59,0.49,-49.94839999999999,-73.0666,-73.5766,175,75
2026-05-09 15:09:39.544,4,0.09,0.16,0.02,-88.3584,-196.96660000000003,-85.4066,175,75
2026-05-09 15:09:39.556,4,-0.08,-0.04,-0.19,-98.47840000000001,-182.8866,-70.64659999999999,175,75
2026-05-09 15:09:39.556,4,-0.21,-0.23,-0.36,-103.2384,-116.7866,-43.5766,175,75
2026-05-09 15:09:39.566,4,-0.26,-0.31,-0.38,-112.1384,-22.336600000000004,-16.866599999999995,175,75
2026-05-09 15:09:39.576,4,-0.18,-0.2,-0.19,-135.3684,74.5534,-1.926599999999997,175,75
2026-05-09 15:09:39.586,4,0.06,0.04,0.17,-169.02839999999998,158.9434,10.083400000000001,175,75
2026-05-09 15:09:39.598,4,0.45,0.09,0.58,-197.4484,198.7034,28.803400000000003,175,75
2026-05-09 15:09:39.609,4,0.67,-0.19,0.71,-202.01839999999999,164.4934,32.153400000000005,175,75
2026-05-09 15:09:39.623,4,0.75,-0.58,0.75,-198.59839999999997,84.68339999999999,17.0334,175,75
2026-05-09 15:09:39.647,4,0.16,-1.08,0.46,-230.1884,8.333399999999997,-0.2865999999999964,175,75
2026-05-09 15:09:39.666,4,0.21,-1.0,0.46,-256.4684,73.7634,5.573400000000003,175,75
2026-05-09 15:09:39.676,4,0.42,-0.95,0.56,-275.1284,124.9234,13.923400000000003,175,75
2026-05-09 15:09:39.687,4,0.63,-0.99,0.71,-279.6384,155.71339999999998,23.683400000000002,175,75
2026-05-09 15:09:39.699,4,0.83,-1.17,0.83,-275.4284,166.5734,22.8834,175,75
2026-05-09 15:09:39.709,4,0.88,-1.35,0.91,-273.47839999999997,161.8734,12.943400000000002,175,75
2026-05-09 15:09:39.740,4,0.77,-1.55,1.05,-293.35839999999996,145.29340000000002,-34.126599999999996,175,75
2026-05-09 15:09:39.740,4,0.88,-1.62,1.07,-307.9984,141.5734,-53.27659999999999,175,75
2026-05-09 15:09:39.751,4,0.93,-1.71,1.08,-314.1484,145.35340000000002,-61.316599999999994,175,75
2026-05-09 15:09:39.778,4,0.99,-2.05,1.38,-344.1484,224.7434,-112.05659999999999,175,75
2026-05-09 15:09:39.791,4,0.99,-2.03,1.56,-360.6184,234.0134,-136.8066,175,75
2026-05-09 15:09:39.810,4,0.95,-1.95,1.9,-384.1484,195.71339999999998,-191.50660000000002,175,75
2026-05-09 15:09:39.824,4,0.84,-2.01,1.86,-388.53839999999997,180.53339999999997,-218.3366,175,75
2026-05-09 15:09:39.836,4,0.78,-2.08,1.81,-393.47839999999997,189.4334,-240.0366,175,75
2026-05-09 15:09:39.846,4,0.68,-2.11,1.76,-400.2484,196.4434,-258.6366,175,75
2026-05-09 15:09:39.877,4,0.35,-2.06,1.7,-392.1984,196.3234,-279.0666,175,75
2026-05-09 15:09:39.877,4,0.28,-2.03,1.75,-377.5684,199.6134,-288.6366,175,75
2026-05-09 15:09:39.890,4,0.23,-1.93,1.84,-361.4684,192.72339999999997,-304.1266,175,75
2026-05-09 15:09:39.905,4,0.16,-1.74,1.93,-348.9684,185.35340000000002,-319.73659999999995,175,75
2026-05-09 15:09:39.909,4,0.14,-1.49,2.01,-341.7784,183.64339999999999,-329.3066,175,75
2026-05-09 15:09:39.923,4,0.14,-1.2,2.06,-337.3884,180.10340000000002,-325.5266,175,75
2026-05-09 15:09:39.926,4,0.02,-0.87,2.08,-333.0584,180.10340000000002,-308.0866,175,75
2026-05-09 15:09:39.940,4,-0.28,-0.55,2.1,-318.66839999999996,185.59339999999997,-283.8166,175,75
2026-05-09 15:09:39.952,4,-0.55,-0.15,2.24,-285.2484,172.42340000000002,-264.4966,175,75
2026-05-09 15:09:39.960,4,-0.6,0.1,2.32,-266.4084,160.41340000000002,-259.91659999999996,175,75
2026-05-09 15:09:39.976,4,-0.44,0.34,2.35,-258.23839999999996,144.8034,-243.3366,175,75
2026-05-09 15:09:39.988,4,-0.3,0.48,2.29,-252.0784,131.8734,-222.9666,175,75
2026-05-09 15:09:40.006,4,-0.38,0.54,2.12,-219.27839999999998,101.0234,-194.3666,175,75
2026-05-09 15:09:40.015,4,-0.51,0.55,2.06,-194.6384,94.0034,-182.1766,175,75
2026-05-09 15:09:40.028,4,-0.61,0.57,2.06,-179.27839999999998,86.32339999999999,-171.8066,175,75
2026-05-09 15:09:40.039,4,-0.72,0.6,2.09,-168.96839999999997,68.5834,-158.81660000000002,175,75
2026-05-09 15:09:40.050,4,-0.81,0.63,2.09,-159.33839999999998,44.8634,-148.5166,175,75
2026-05-09 15:09:40.061,4,-0.9,0.64,2.03,-143.41840000000002,-8.246600000000003,-133.2766,175,75
2026-05-09 15:09:40.067,4,-0.97,0.59,1.9,-128.47840000000002,-53.9166,-117.4766,175,75
2026-05-09 15:09:40.077,4,-1.05,0.56,1.76,-113.84839999999998,-84.5266,-98.33659999999999,175,75
2026-05-09 15:09:40.094,4,-1.16,0.56,1.62,-98.1184,-102.1466,-76.9266,175,75
2026-05-09 15:09:40.112,4,-1.41,0.51,1.46,-65.06840000000001,-131.78660000000002,-32.6666,175,75
2026-05-09 15:09:40.123,4,-1.48,0.47,1.38,-43.66839999999999,-148.1866,-14.796600000000002,175,75
2026-05-09 15:09:40.156,4,-1.51,0.29,1.13,32.0116,-223.85660000000001,53.7434,175,75
2026-05-09 15:09:40.169,4,-1.77,0.33,1.28,69.2616,-212.9466,89.4134,175,75
2026-05-09 15:09:40.186,4,-1.8,0.3,1.31,110.4816,-198.4866,150.9334,175,75
2026-05-09 15:09:40.210,4,-1.76,0.26,1.3,141.0316,-228.4266,194.83339999999998,175,75
2026-05-09 15:09:40.210,4,-1.73,0.08,1.29,197.98160000000001,-257.6366,245.08339999999998,175,75
2026-05-09 15:09:40.221,4,-1.61,-0.25,1.25,262.8016,-291.5966,297.8834,175,75
2026-05-09 15:09:40.235,4,-1.54,-0.52,1.16,304.5016,-324.0366,343.5534,175,75
2026-05-09 15:09:40.253,4,-1.44,-0.85,0.93,351.0916,-330.1966,402.70340000000004,175,75
2026-05-09 15:09:40.253,4,-1.34,-1.12,0.78,388.4116,-328.1866,456.6034,175,75
2026-05-09 15:09:40.292,4,-1.46,-2.21,1.05,494.3816,-305.9266,776.5434,175,75
2026-05-09 15:09:40.307,4,-1.93,-3.02,1.29,522.1315999999999,-399.2266,895.0234,175,75
2026-05-09 15:09:40.318,4,-2.88,-5.27,1.45,565.4216,-522.9466,890.3834,175,75
2026-05-09 15:09:40.341,4,-4.49,-8.97,0.06,359.8116,-75.9966,698.3734000000001,175,75
2026-05-09 15:09:40.365,4,-0.15,-5.8,-1.24,227.0716,38.703399999999995,524.3534,175,75
2026-05-09 15:09:40.375,4,-0.17,-4.87,-0.67,362.4916,-148.4266,506.5434,175,75
2026-05-09 15:09:40.402,4,-1.22,-4.84,0.14,176.0916,-58.4966,400.08340000000004,175,75
2026-05-09 15:09:40.402,4,-1.26,-4.22,0.13,52.55160000000001,-3.066600000000003,329.53340000000003,175,75
2026-05-09 15:09:40.411,4,-0.67,-3.7,-0.15,-3.298400000000001,19.983399999999996,263.1334,175,75
2026-05-09 15:09:40.432,4,0.05,-2.81,-0.27,54.2016,33.8234,231.9734,175,75
2026-05-09 15:09:40.443,4,0.42,-2.52,-0.07,119.9316,7.183399999999999,207.7634,175,75
2026-05-09 15:09:40.457,4,0.67,-2.36,0.2,172.4316,-56.5366,167.9434,175,75
2026-05-09 15:09:40.457,4,0.71,-2.18,0.42,201.27159999999998,-119.2866,124.10340000000001,175,75
2026-05-09 15:09:40.469,4,0.76,-1.9,0.44,214.8116,-208.6766,42.943400000000004,175,75
2026-05-09 15:09:40.483,4,0.77,-1.54,0.22,207.1316,-278.3066,-55.58659999999999,175,75
2026-05-09 15:09:40.507,4,1.4,0.33,0.22,106.2716,-496.1766,190.14339999999999,175,75
2026-05-09 15:09:40.523,4,0.37,0.72,-0.31,123.7716,-484.64660000000003,191.9734,175,75
2026-05-09 15:09:40.536,4,0.34,1.38,-0.49,136.4616,-360.13660000000004,53.2534,175,75
2026-05-09 15:09:40.547,4,0.8,1.54,-0.55,90.2416,-237.7566,84.2934,175,75
2026-05-09 15:09:40.558,4,0.55,1.42,-0.72,93.0416,-142.2066,100.02340000000001,175,75
2026-05-09 15:09:40.573,4,0.51,1.16,-0.54,111.2716,-72.8166,84.8334,175,75
2026-05-09 15:09:40.573,4,0.54,1.1,-0.28,95.1816,-42.2766,81.60340000000001,175,75
2026-05-09 15:09:40.594,4,0.48,1.21,-0.02,54.4416,-30.076600000000003,65.2634,175,75
2026-05-09 15:09:40.599,4,0.57,1.29,0.09,30.721600000000002,-50.256600000000006,37.4634,175,75
2026-05-09 15:09:40.612,4,0.77,1.37,0.16,14.261600000000001,-109.4666,10.753400000000003,175,75
2026-05-09 15:09:40.624,4,0.72,1.34,0.16,5.6616,-164.03660000000002,-1.6265999999999998,175,75
2026-05-09 15:09:40.635,4,0.51,1.27,0.13,-7.448399999999992,-176.84660000000002,-6.1966,175,75
2026-05-09 15:09:40.648,4,0.4,1.16,0.02,-22.6884,-129.4666,-14.976600000000001,175,75
2026-05-09 15:09:40.652,4,0.7,1.0,0.05,-42.44839999999999,-109.5866,-22.2366,175,75
2026-05-09 15:09:40.666,4,0.53,0.93,0.1,-64.27839999999999,-108.3666,-36.626599999999996,175,75
2026-05-09 15:09:40.691,4,0.27,0.91,0.19,-101.7084,-116.84660000000001,-42.3566,175,75
2026-05-09 15:09:40.691,4,0.23,0.89,0.08,-112.1984,-59.4666,-59.066599999999994,175,75
2026-05-09 15:09:40.716,4,1.22,0.51,0.0,-119.8884,33.0334,-72.8466,175,75
2026-05-09 15:09:40.727,4,1.22,0.23,0.34,-150.3684,-0.1366000000000014,-46.0166,175,75
2026-05-09 15:09:40.759,4,1.09,-0.58,0.62,-134.33839999999998,133.40339999999998,-59.97659999999999,175,75
2026-05-09 15:09:40.779,4,1.09,-1.82,0.44,-104.0884,195.22339999999997,-130.4066,175,75
2026-05-09 15:09:40.789,4,0.85,-2.21,0.46,-131.03840000000002,200.53339999999997,-149.6166,175,75
2026-05-09 15:09:40.826,4,0.87,-2.89,1.09,-192.1384,369.1334,-107.84659999999998,175,75
2026-05-09 15:09:40.826,4,1.71,-3.3,1.63,-187.3884,277.42339999999996,-145.03660000000002,175,75
2026-05-09 15:09:40.838,4,0.55,-3.76,1.63,-142.7484,49.43339999999999,-186.19660000000002,175,75
2026-05-09 15:09:40.861,4,0.24,-3.89,1.36,-170.1884,125.53339999999999,-171.38660000000002,175,75
2026-05-09 15:09:40.861,4,-0.04,-3.8,1.27,-210.3084,132.42340000000002,-235.7066,175,75
2026-05-09 15:09:40.876,4,-0.41,-3.63,1.13,-232.3884,181.9934,-295.8966,175,75
2026-05-09 15:09:40.888,4,-0.11,-3.68,1.11,-197.7484,244.61339999999996,-356.1366,175,75
2026-05-09 15:09:40.899,4,-0.0,-3.8,1.19,-176.03840000000002,228.21339999999998,-344.79659999999996,175,75
2026-05-09 15:09:40.916,4,-0.2,-3.81,1.2,-196.28839999999997,210.22339999999997,-327.53659999999996,175,75
2026-05-09 15:09:40.924,4,-0.56,-3.75,1.12,-238.96839999999997,222.48340000000002,-325.34659999999997,175,75
2026-05-09 15:09:40.938,4,-0.79,-3.69,0.93,-269.2084,255.71339999999998,-340.5866,175,75
2026-05-09 15:09:40.950,4,-0.95,-3.61,0.77,-274.2084,282.48339999999996,-358.0866,175,75
2026-05-09 15:09:40.987,4,-1.18,-2.4,1.14,-129.8184,354.1934,-458.3366,175,75
2026-05-09 15:09:41.014,4,-0.8,-1.4,1.41,-128.35840000000002,255.53339999999997,-460.5866,175,75
2026-05-09 15:09:41.039,4,-0.74,-0.98,1.34,-138.1784,190.29340000000002,-448.2066,175,75
2026-05-09 15:09:41.061,4,-0.43,0.07,1.19,-114.3384,29.493399999999994,-340.34659999999997,175,75
2026-05-09 15:09:41.075,4,-0.6,0.26,1.13,-108.6684,4.613399999999999,-259.5566,175,75
2026-05-09 15:09:41.080,4,-0.91,0.34,0.99,-100.49839999999999,11.573399999999996,-221.31660000000002,175,75
2026-05-09 15:09:41.112,4,-0.99,0.32,0.89,-93.4184,63.0334,-234.30660000000003,175,75
2026-05-09 15:09:41.112,4,-0.99,0.36,0.89,-97.25840000000001,71.8734,-213.0266,175,75
2026-05-09 15:09:41.133,4,-1.1,0.46,0.89,-94.8884,81.6334,-182.78660000000002,175,75
2026-05-09 15:09:41.145,4,-1.28,0.65,0.94,-74.9484,84.3134,-155.5266,175,75
2026-05-09 15:09:41.184,4,-1.29,0.87,1.32,-39.33839999999999,88.0334,-100.77659999999999,175,75
2026-05-09 15:09:41.194,4,-1.23,0.89,1.41,-31.52839999999999,69.1334,-90.89659999999999,175,75
2026-05-09 15:09:41.199,4,-1.28,0.94,1.54,-22.808399999999992,11.5034,-74.91659999999999,175,75
2026-05-09 15:09:41.211,4,-1.37,0.98,1.57,-15.618399999999994,-28.006600000000002,-62.47659999999999,175,75
2026-05-09 15:09:41.248,4,-1.3,1.02,1.37,36.7016,-52.2766,8.743400000000001,175,75
2026-05-09 15:09:41.263,4,-1.36,1.02,1.41,59.571600000000004,-41.8466,34.9634,175,75
2026-05-09 15:09:41.274,4,-1.4,1.0,1.49,83.7716,-32.8866,63.9834,175,75
2026-05-09 15:09:41.286,4,-1.4,0.96,1.54,100.8516,-37.336600000000004,84.6534,175,75
2026-05-09 15:09:41.309,4,-1.34,0.84,1.59,142.3116,-85.31660000000001,124.41340000000001,175,75
2026-05-09 15:09:41.316,4,-1.29,0.74,1.54,167.6116,-111.4166,148.4934,175,75
2026-05-09 15:09:41.345,4,-1.31,0.62,1.44,210.48160000000001,-127.9466,206.4834,175,75
2026-05-09 15:09:41.392,4,-0.94,-0.15,1.26,366.9416,-67.6966,406.7234,175,75
2026-05-09 15:09:41.403,4,-0.85,-0.49,1.31,401.58160000000004,-65.2566,462.27340000000004,175,75
2026-05-09 15:09:41.439,4,-1.75,-2.26,1.86,493.2916,-324.52660000000003,800.6334,175,75
2026-05-09 15:09:41.461,4,-3.07,-5.43,2.12,553.1016,-416.9666,750.5134,175,75
2026-05-09 15:09:41.477,4,-3.55,-6.89,1.73,491.64160000000004,-243.1266,685.0834,175,75
2026-05-09 15:09:41.495,4,-2.84,-7.5,1.3,415.9716,-116.6666,667.0334,175,75
2026-05-09 15:09:41.506,4,-2.07,-7.17,0.65,381.64160000000004,-102.8866,698.8034,175,75
2026-05-09 15:09:41.518,4,-1.07,-5.8,0.35,404.14160000000004,-57.5766,527.4034,175,75
2026-05-09 15:09:41.531,4,-1.12,-4.95,0.32,346.0916,-45.1366,451.9134,175,75
2026-05-09 15:09:41.541,4,-1.51,-3.86,0.18,247.5516,-23.856600000000004,369.77340000000004,175,75
2026-05-09 15:09:41.557,4,-2.08,-2.92,0.18,163.35160000000002,118.5834,271.3034,175,75
2026-05-09 15:09:41.579,4,-1.01,-2.95,0.5,164.0216,274.61339999999996,248.68339999999998,175,75
2026-05-09 15:09:41.579,4,-0.88,-2.82,0.93,197.0716,236.8134,271.7234,175,75
2026-05-09 15:09:41.593,4,-0.72,-2.94,1.62,230.72160000000002,117.0534,238.74339999999998,175,75
2026-05-09 15:09:41.614,4,-0.78,-3.01,2.02,220.54160000000002,3.943399999999997,174.6534,175,75
2026-05-09 15:09:41.614,4,-0.62,-2.94,2.2,167.0716,-51.906600000000005,116.97340000000001,175,75
2026-05-09 15:09:41.625,4,-0.32,-2.57,2.12,69.5716,-127.3966,45.7534,175,75
2026-05-09 15:09:41.653,4,0.25,-1.5,1.16,-9.638400000000004,-299.70660000000004,-61.566599999999994,175,75
2026-05-09 15:09:41.664,4,0.39,-1.07,0.79,36.1516,-381.5366,-82.9666,175,75
2026-05-09 15:09:41.675,4,0.32,-0.64,0.41,129.8716,-451.9666,-98.02659999999999,175,75
2026-05-09 15:09:41.685,4,0.74,-0.19,0.32,243.10160000000002,-511.7266,-69.0666,175,75
2026-05-09 15:09:41.726,4,-0.59,0.98,-0.06,218.35160000000002,-307.14660000000003,-5.096599999999999,175,75
2026-05-09 15:09:41.726,4,-0.35,1.06,-0.17,197.0716,-201.53660000000002,-2.9665999999999997,175,75
2026-05-09 15:09:41.755,4,-0.01,1.1,-0.21,235.1816,-82.9466,34.7134,175,75
2026-05-09 15:09:41.766,4,0.03,0.87,-0.07,247.4316,-54.836600000000004,44.7734,175,75
2026-05-09 15:09:41.783,4,-0.04,0.54,0.07,172.3716,-54.2866,18.0734,175,75
2026-05-09 15:09:41.789,4,-0.09,0.65,0.15,138.41160000000002,-82.3366,2.4634000000000036,175,75
2026-05-09 15:09:41.806,4,-0.13,0.78,0.19,117.61160000000001,-115.7466,-8.206599999999998,175,75
2026-05-09 15:09:41.838,4,-0.12,1.1,0.03,4.751599999999996,-241.72660000000002,-24.856599999999997,175,75
2026-05-09 15:09:41.881,4,-0.28,0.81,-0.23,-50.30839999999999,-156.59660000000002,-14.426599999999997,175,75
2026-05-09 15:09:41.920,4,-0.18,0.99,-0.08,-146.70839999999998,-95.7466,0.6934000000000005,175,75
2026-05-09 15:09:41.932,4,0.21,0.83,0.07,-128.84839999999997,37.053399999999996,16.363400000000002,175,75
2026-05-09 15:09:41.932,4,0.19,0.57,0.08,-143.47840000000002,71.8134,33.5534,175,75
2026-05-09 15:09:41.969,4,0.29,-0.51,0.16,-172.8084,155.16340000000002,7.093400000000003,175,75
2026-05-09 15:09:41.977,4,0.42,-0.91,0.16,-180.3684,169.7434,-1.2565999999999988,175,75
2026-05-09 15:09:42.007,4,0.78,-1.49,0.57,-218.84839999999997,168.33339999999998,-32.9066,175,75
2026-05-09 15:09:42.018,4,0.92,-1.7,0.82,-257.4484,144.6834,-58.27659999999999,175,75
2026-05-09 15:09:42.045,4,1.24,-2.63,0.62,-339.2784,51.7534,-135.8966,175,75
2026-05-09 15:09:42.068,4,1.36,-3.69,0.17,-392.8684,61.6934,-29.856599999999997,175,75
2026-05-09 15:09:42.076,4,0.76,-3.9,-0.04,-449.75839999999994,163.64339999999999,103.6834,175,75
2026-05-09 15:09:42.089,4,0.16,-3.89,-0.12,-487.9284,313.5234,150.3234,175,75
2026-05-09 15:09:42.111,4,-0.7,-4.75,0.25,-347.5684,117.0534,-87.2966,175,75
2026-05-09 15:09:42.111,4,-1.62,-4.93,-0.03,-271.5884,266.4434,-180.03660000000002,175,75
2026-05-09 15:09:42.124,4,-0.54,-5.31,0.31,-325.2484,517.6634,-256.0766,175,75
2026-05-09 15:09:42.137,4,-0.38,-4.99,0.74,-352.1984,520.7734,-301.4466,175,75
2026-05-09 15:09:42.159,4,-0.44,-4.6,1.36,-302.5684,409.92339999999996,-314.4966,175,75
2026-05-09 15:09:42.170,4,-0.77,-4.6,1.43,-341.28839999999997,337.60339999999997,-317.84659999999997,175,75
2026-05-09 15:09:42.191,4,-1.27,-4.35,1.34,-395.4984,333.7634,-368.0266,175,75
2026-05-09 15:09:42.235,4,-1.07,-2.68,1.37,-291.28839999999997,327.48339999999996,-398.3966,175,75
2026-05-09 15:09:42.235,4,-1.04,-2.33,1.44,-274.5184,311.5734,-396.3166,175,75
2026-05-09 15:09:42.248,4,-1.0,-1.93,1.51,-261.8384,283.7034,-394.4966,175,75
2026-05-09 15:09:42.266,4,-1.0,-1.61,1.53,-253.53839999999997,256.8734,-390.9566,175,75
2026-05-09 15:09:42.280,4,-0.95,-1.23,1.54,-247.2584,230.04340000000002,-386.8066,175,75
2026-05-09 15:09:42.301,4,-1.0,-0.81,1.58,-262.1984,181.08339999999998,-390.09659999999997,175,75
2026-05-09 15:09:42.312,4,-1.0,-0.54,1.56,-245.0684,167.60340000000002,-391.8666,175,75
2026-05-09 15:09:42.325,4,-0.79,-0.12,1.56,-179.6384,105.8334,-376.5066,175,75
2026-05-09 15:09:42.332,4,-0.57,0.08,1.65,-168.72840000000002,69.43339999999999,-321.0766,175,75
2026-05-09 15:09:42.355,4,-0.98,0.19,1.3,-173.41840000000002,66.7534,-224.7366,175,75
2026-05-09 15:09:42.379,4,-1.05,0.01,0.9,-117.31840000000001,106.57339999999999,-222.41660000000002,175,75
2026-05-09 15:09:42.389,4,-1.43,0.13,1.13,-89.5784,181.9934,-184.1266,175,75
2026-05-09 15:09:42.414,4,-1.45,0.56,1.9,-31.52839999999999,350.5934,-163.88660000000002,175,75
2026-05-09 15:09:42.432,4,-1.39,0.67,2.13,-13.478399999999993,306.9934,-148.63660000000002,175,75
2026-05-09 15:09:42.489,4,-1.29,0.89,1.25,29.931600000000003,-254.28660000000002,-54.30659999999999,175,75
2026-05-09 15:09:42.504,4,-1.32,0.89,1.01,44.991600000000005,-219.95659999999998,-39.55659999999999,175,75
2026-05-09 15:09:42.514,4,-1.32,0.92,0.85,60.241600000000005,-166.53660000000002,-18.396599999999996,175,75
2026-05-09 15:09:42.525,4,-1.31,0.99,0.81,78.5916,-85.0166,16.7234,175,75
2026-05-09 15:09:42.540,4,-1.14,1.06,1.09,120.5416,78.4634,100.9334,175,75
2026-05-09 15:09:42.553,4,-1.04,1.0,1.27,134.2616,104.3134,125.9334,175,75
2026-05-09 15:09:42.575,4,-0.94,0.89,1.46,141.2116,89.1934,143.6834,175,75
2026-05-09 15:09:42.615,4,-0.86,0.77,1.48,162.6816,-83.06660000000001,209.6534,175,75
2026-05-09 15:09:42.625,4,-0.85,0.7,1.35,192.0016,-99.09660000000001,250.08339999999998,175,75
2026-05-09 15:09:42.637,4,-0.86,0.59,1.3,227.6116,-93.2466,306.4834,175,75
2026-05-09 15:09:42.646,4,-0.85,0.46,1.31,250.1116,-85.7466,348.0034,175,75
2026-05-09 15:09:42.657,4,-0.78,0.22,1.34,271.0316,-76.7266,391.6634,175,75
2026-05-09 15:09:42.669,4,-0.67,-0.03,1.36,281.8816,-76.7266,424.71340000000004,175,75
2026-05-09 15:09:42.681,4,-0.55,-0.42,1.4,297.4916,-72.2766,478.9834,175,75
2026-05-09 15:09:42.696,4,-0.38,-1.2,1.31,341.46160000000003,-10.256600000000002,590.8134,175,75
2026-05-09 15:09:42.718,4,-0.12,-2.08,1.37,331.27160000000003,-49.226600000000005,709.4734,175,75
2026-05-09 15:09:42.734,4,-0.42,-2.67,1.56,331.27160000000003,-96.4166,833.3734000000001,175,75
2026-05-09 15:09:42.740,4,-1.0,-3.1,1.7,335.7916,-83.5566,978.8034,175,75
2026-05-09 15:09:42.770,4,-2.81,-5.31,2.4,427.4316,-127.45660000000001,1000.2034,175,75
2026-05-09 15:09:42.770,4,-3.32,-6.67,2.49,431.33160000000004,-61.2366,903.3134,175,75
2026-05-09 15:09:42.783,4,-3.06,-7.46,2.53,378.1016,17.243399999999994,803.6134000000001,175,75
2026-05-09 15:09:42.795,4,-2.5,-7.03,2.62,313.1016,4.493399999999998,715.7534,175,75
2026-05-09 15:09:42.813,4,-2.44,-5.85,2.56,287.0016,-142.2066,606.9134,175,75
2026-05-09 15:09:42.813,4,-2.54,-5.18,2.31,276.6416,-217.27660000000003,523.8634,175,75
2026-05-09 15:09:42.835,4,-2.45,-4.54,1.92,245.72160000000002,-275.7466,415.6934,175,75
2026-05-09 15:09:42.846,4,-2.02,-4.28,1.64,197.6816,-249.16660000000002,334.1034,175,75
2026-05-09 15:09:42.871,4,-1.79,-3.38,1.48,170.48160000000001,-190.8666,246.24339999999998,175,75
2026-05-09 15:09:42.883,4,-1.55,-3.59,1.76,219.14159999999998,-223.4866,235.7534,175,75
2026-05-09 15:09:42.906,4,-1.36,-3.79,1.99,249.3216,-262.6366,219.71339999999998,175,75
2026-05-09 15:09:42.917,4,-1.15,-3.82,2.09,251.27159999999998,-318.1266,196.11339999999998,175,75
2026-05-09 15:09:42.928,4,-1.04,-3.22,1.86,201.8816,-452.57660000000004,151.5434,175,75
2026-05-09 15:09:42.928,4,-1.14,-2.76,1.41,183.7716,-507.02660000000003,138.0034,175,75
2026-05-09 15:09:42.940,4,-1.23,-2.36,0.85,186.1516,-529.5866,119.2934,175,75
2026-05-09 15:09:42.950,4,-1.24,-1.99,0.08,217.9216,-511.9066,55.0834,175,75
2026-05-09 15:09:42.974,4,-1.15,-1.65,-0.64,295.9716,-434.89660000000003,-125.83659999999999,175,75
2026-05-09 15:09:42.983,4,-1.01,-1.36,-0.83,353.0416,-381.4166,-234.67660000000004,175,75
2026-05-09 15:09:42.998,4,-0.85,-1.08,-0.84,391.27160000000003,-376.1166,-303.0266,175,75
2026-05-09 15:09:42.998,4,-0.72,-0.71,-0.73,414.9316,-420.8666,-350.03659999999996,175,75
2026-05-09 15:09:43.013,4,1.06,0.59,0.26,327.9816,-491.9666,-195.7066,175,75
2026-05-09 15:09:43.047,4,-1.43,1.09,-1.17,173.8316,-316.7866,-98.27659999999999,175,75
2026-05-09 15:09:43.073,4,-1.04,0.46,-1.3,165.1816,-47.8866,-13.276599999999998,175,75
2026-05-09 15:09:43.084,4,-0.97,0.57,-1.2,113.2216,8.703399999999998,-17.966599999999996,175,75
2026-05-09 15:09:43.084,4,-0.8,0.8,-0.98,66.8816,39.493399999999994,-22.176599999999997,175,75
2026-05-09 15:09:43.099,4,-0.69,1.03,-0.78,50.9716,38.1534,-14.676599999999997,175,75
2026-05-09 15:09:43.111,4,-0.58,1.16,-0.64,52.491600000000005,-15.076600000000003,-9.676599999999997,175,75
2026-05-09 15:09:43.124,4,-0.55,1.14,-0.55,34.811600000000006,-103.4966,-12.2366,175,75
2026-05-09 15:09:43.137,4,-0.56,1.07,-0.59,5.6616,-150.5066,-16.386599999999998,175,75
2026-05-09 15:09:43.153,4,-0.6,0.88,-0.86,-60.24839999999999,-134.8366,-0.2265999999999977,175,75
2026-05-09 15:09:43.167,4,-0.59,0.88,-0.8,-83.90839999999999,-69.03659999999999,23.433400000000002,175,75
2026-05-09 15:09:43.177,4,-0.55,0.93,-0.58,-107.74839999999999,-11.236600000000003,56.793400000000005,175,75
2026-05-09 15:09:43.189,4,-0.25,0.76,-0.51,-124.9484,7.053399999999996,67.7034,175,75
2026-05-09 15:09:43.200,4,0.08,0.53,-0.37,-150.5584,-46.3566,83.4334,175,75
2026-05-09 15:09:43.216,4,-0.12,0.17,-0.33,-173.0584,-108.0066,77.2734,175,75
2026-05-09 15:09:43.227,4,0.11,-0.28,-0.47,-197.7484,-132.1466,47.8834,175,75
2026-05-09 15:09:43.238,4,-0.07,-0.28,-0.46,-242.3884,-112.45660000000001,67.4034,175,75
2026-05-09 15:09:43.248,4,-0.53,-0.16,-0.44,-255.91839999999996,-44.89660000000001,89.10340000000001,175,75
2026-05-09 15:09:43.275,4,1.25,-1.16,-0.65,-280.3684,29.4334,89.10340000000001,175,75
2026-05-09 15:09:43.294,4,0.88,-1.82,-0.21,-299.5184,245.10339999999997,115.08340000000001,175,75
2026-05-09 15:09:43.305,4,1.24,-2.34,-0.02,-344.8884,283.2134,61.9734,175,75
2026-05-09 15:09:43.315,4,1.24,-2.73,0.33,-377.0784,305.10339999999997,45.6934,175,75
2026-05-09 15:09:43.325,4,1.13,-2.92,0.42,-393.72839999999997,327.48339999999996,35.1434,175,75
2026-05-09 15:09:43.353,4,1.47,-3.98,0.5,-392.6284,359.4334,-31.316599999999998,175,75
2026-05-09 15:09:43.365,4,1.79,-4.77,0.86,-406.7784,333.4634,-46.25659999999999,175,75
2026-05-09 15:09:43.388,4,0.41,-4.88,1.28,-397.9984,399.92339999999996,-197.35660000000001,175,75
2026-05-09 15:09:43.400,4,0.65,-4.83,1.8,-366.5284,394.1334,-333.0866,175,75
2026-05-09 15:09:43.412,4,0.92,-4.8,2.16,-342.4484,401.8134,-385.40659999999997,175,75
2026-05-09 15:09:43.425,4,1.05,-4.79,2.62,-349.2084,356.3834,-393.6966,175,75
2026-05-09 15:09:43.436,4,1.03,-4.77,2.82,-369.0284,304.3134,-384.6166,175,75
2026-05-09 15:09:43.457,4,0.47,-4.54,2.45,-369.8184,265.8334,-411.8066,175,75
2026-05-09 15:09:43.488,4,-0.19,-4.01,2.29,-313.23839999999996,285.7134,-423.9466,175,75
2026-05-09 15:09:43.519,4,-0.66,-3.53,2.28,-262.8084,302.79339999999996,-452.41659999999996,175,75
2026-05-09 15:09:43.540,4,-0.69,-2.66,2.13,-244.08839999999998,345.9634,-469.6166,175,75
2026-05-09 15:09:43.551,4,-0.75,-2.33,2.12,-214.6984,356.8734,-455.46659999999997,175,75
2026-05-09 15:09:43.562,4,-0.78,-1.99,2.13,-183.84839999999997,353.9434,-440.6466,175,75
2026-05-09 15:09:43.574,4,-0.84,-1.69,2.18,-159.27839999999998,297.1834,-427.41659999999996,175,75
2026-05-09 15:09:43.585,4,-1.16,-1.11,2.13,-145.0084,214.98340000000002,-417.78659999999996,175,75
2026-05-09 15:09:43.600,4,-1.02,-0.84,2.11,-160.1884,183.15339999999998,-426.5666,175,75
2026-05-09 15:09:43.613,4,-0.77,-0.7,2.03,-177.0784,140.41340000000002,-419.3666,175,75
2026-05-09 15:09:43.624,4,-0.68,-0.39,1.89,-194.45839999999998,92.6034,-384.0666,175,75
2026-05-09 15:09:43.635,4,-0.76,-0.2,1.72,-173.96839999999997,62.79339999999999,-356.9966,175,75
2026-05-09 15:09:43.649,4,-0.76,-0.06,1.62,-127.62839999999998,24.0034,-335.22659999999996,175,75
2026-05-09 15:09:43.662,4,-0.8,-0.03,1.59,-127.0784,11.5034,-319.79659999999996,175,75
2026-05-09 15:09:43.678,4,-0.9,0.03,1.5,-136.58839999999998,6.633399999999998,-300.6466,175,75
2026-05-09 15:09:43.703,4,-0.93,0.29,1.42,-128.2384,44.133399999999995,-258.4566,175,75
2026-05-09 15:09:43.725,4,-0.91,0.37,1.47,-118.6684,47.54339999999999,-234.55660000000003,175,75
2026-05-09 15:09:43.773,4,-1.11,0.69,1.64,-82.56840000000001,14.983399999999996,-159.91660000000002,175,75
2026-05-09 15:09:43.804,4,-1.06,0.9,1.66,-59.94840000000001,-8.496600000000003,-122.1766,175,75
2026-05-09 15:09:43.817,4,-0.99,0.95,1.64,-50.97839999999999,-21.416600000000003,-110.52659999999999,175,75
2026-05-09 15:09:43.829,4,-0.94,1.05,1.59,-21.348399999999998,-48.42660000000001,-79.1266,175,75
2026-05-09 15:09:43.835,4,-0.95,1.07,1.58,-3.6683999999999912,-57.086600000000004,-62.41659999999999,175,75
2026-05-09 15:09:43.864,4,-0.97,1.08,1.55,28.041600000000003,-79.2266,-25.2266,175,75
2026-05-09 15:09:43.870,4,-0.98,1.09,1.52,37.6816,-88.8566,-6.136599999999998,175,75
2026-05-09 15:09:43.883,4,-0.99,1.09,1.47,44.2016,-90.31660000000001,9.473400000000002,175,75
2026-05-09 15:09:43.896,4,-0.97,1.06,1.43,52.55160000000001,-76.7266,29.9034,175,75
2026-05-09 15:09:43.928,4,-0.93,1.11,1.52,78.4116,-76.5966,102.6434,175,75
2026-05-09 15:09:43.953,4,-0.82,1.24,1.55,105.2416,-167.8166,172.64339999999999,175,75
2026-05-09 15:09:43.964,4,-0.8,1.19,1.52,125.6016,-201.2366,209.3534,175,75
2026-05-09 15:09:43.974,4,-0.78,1.07,1.46,146.7616,-223.6766,241.7234,175,75
2026-05-09 15:09:44.000,4,-0.57,0.63,1.32,206.27159999999998,-245.6866,314.90340000000003,175,75
2026-05-09 15:09:44.000,4,-0.48,0.41,1.27,233.83159999999998,-250.6266,351.4234,175,75
2026-05-09 15:09:44.027,4,-0.46,0.12,1.22,267.9816,-240.9266,399.1034,175,75
2026-05-09 15:09:44.039,4,-0.54,-0.47,1.24,327.8616,-196.72660000000002,503.9834,175,75
2026-05-09 15:09:44.051,4,-0.68,-0.85,1.37,350.9116,-169.16660000000002,569.4734,175,75
2026-05-09 15:09:44.062,4,-0.87,-1.27,1.47,361.0916,-130.5666,644.2934,175,75
2026-05-09 15:09:44.079,4,-0.76,-1.8,1.67,357.5516,-126.9066,717.8234,175,75
2026-05-09 15:09:44.096,4,-0.68,-2.77,2.19,368.3516,-252.27660000000003,785.8134,175,75
2026-05-09 15:09:44.096,4,-1.09,-3.73,2.31,364.9316,-279.4666,844.9634,175,75
2026-05-09 15:09:44.113,4,-1.24,-4.59,2.2,319.8116,-244.89659999999998,833.0734,175,75
2026-05-09 15:09:44.132,4,-1.23,-4.79,1.92,254.08159999999998,-148.4866,779.9034,175,75
2026-05-09 15:09:44.142,4,-1.27,-4.9,1.87,297.8616,-157.8166,787.4634,175,75
2026-05-09 15:09:44.161,4,-1.66,-5.27,1.82,347.9816,-194.22660000000002,781.2434000000001,175,75
2026-05-09 15:09:44.173,4,-1.99,-5.39,1.78,349.7516,-182.33659999999998,707.4634,175,75
2026-05-09 15:09:44.173,4,-2.05,-5.32,1.84,325.7216,-139.8366,584.2934,175,75
2026-05-09 15:09:44.198,4,-1.0,-4.08,1.98,248.77159999999998,-146.0566,255.8734,175,75
2026-05-09 15:09:44.214,4,-0.54,-3.42,2.0,238.83159999999998,-219.22660000000002,175.08339999999998,175,75
2026-05-09 15:09:44.227,4,-0.24,-2.85,1.76,246.8216,-285.7466,113.2534,175,75
2026-05-09 15:09:44.243,4,0.13,-2.34,1.5,214.7516,-281.4166,36.2434,175,75
2026-05-09 15:09:44.255,4,0.36,-2.14,1.45,205.48160000000001,-269.5866,18.9234,175,75
2026-05-09 15:09:44.269,4,0.78,-1.87,1.44,211.9416,-282.39660000000003,18.683400000000002,175,75
2026-05-09 15:09:44.284,4,0.95,-1.35,1.48,228.35160000000002,-350.6266,97.27340000000001,175,75
2026-05-09 15:09:44.295,4,0.24,-1.29,1.08,250.91160000000002,-325.2566,126.66340000000001,175,75
2026-05-09 15:09:44.307,4,0.16,-1.45,0.96,243.77159999999998,-289.0966,75.63340000000001,175,75
2026-05-09 15:09:44.317,4,0.18,-1.38,0.9,233.59160000000003,-285.1966,35.083400000000005,175,75
2026-05-09 15:09:44.340,4,0.22,-0.71,0.77,233.04160000000002,-337.27660000000003,-14.366599999999995,175,75
2026-05-09 15:09:44.378,4,0.0,0.19,0.35,211.64159999999998,-343.3666,-33.336600000000004,175,75
2026-05-09 15:09:44.378,4,-0.11,0.37,0.21,202.1916,-315.9266,-43.8866,175,75
2026-05-09 15:09:44.390,4,-0.2,0.51,0.07,198.47160000000002,-268.9766,-43.69659999999999,175,75
2026-05-09 15:09:44.403,4,-0.28,0.63,-0.06,201.52159999999998,-212.57659999999998,-28.0866,175,75
2026-05-09 15:09:44.414,4,-0.38,0.74,-0.13,208.04160000000002,-147.7566,-5.096599999999999,175,75
2026-05-09 15:09:44.422,4,-0.41,0.8,-0.16,200.66160000000002,-85.0166,13.863400000000002,175,75
2026-05-09 15:09:44.434,4,-0.32,0.82,-0.12,180.54160000000002,-50.9266,23.003400000000003,175,75
2026-05-09 15:09:44.446,4,-0.24,0.83,-0.05,152.0716,-35.0766,30.0834,175,75
2026-05-09 15:09:44.457,4,-0.14,0.84,-0.01,121.0316,-46.726600000000005,28.803400000000003,175,75
2026-05-09 15:09:44.457,4,-0.03,0.88,0.12,87.86160000000001,-85.92660000000001,23.7434,175,75
2026-05-09 15:09:44.475,4,0.02,0.93,0.17,53.8316,-140.9266,11.973400000000002,175,75
2026-05-09 15:09:44.487,4,0.03,1.0,0.2,11.331600000000002,-207.9466,-10.5866,175,75
2026-05-09 15:09:44.499,4,-0.12,1.16,0.08,-31.098399999999998,-240.5666,-28.756599999999995,175,75
2026-05-09 15:09:44.509,4,-0.27,1.25,-0.1,-53.2384,-260.8666,-27.116599999999995,175,75
2026-05-09 15:09:44.519,4,-0.21,1.18,-0.51,-62.56840000000001,-209.83659999999998,-47.3566,175,75
2026-05-09 15:09:44.551,4,-0.39,0.95,-0.41,-100.7384,52.60339999999999,7.273400000000002,175,75
2026-05-09 15:09:44.569,4,-0.22,0.71,-0.05,-97.8684,206.4434,43.4934,175,75
2026-05-09 15:09:44.594,4,0.54,-0.54,0.65,-144.8884,138.21339999999998,36.6634,175,75
2026-05-09 15:09:44.599,4,0.48,-0.73,0.72,-166.22840000000002,57.7234,15.503400000000003,175,75
2026-05-09 15:09:44.622,4,0.43,-0.74,0.7,-197.8684,-7.3366000000000025,-19.676599999999997,175,75
2026-05-09 15:09:44.633,4,0.62,-0.62,0.65,-224.39839999999998,-25.3866,-29.676599999999997,175,75
2026-05-09 15:09:44.645,4,0.74,-0.59,0.58,-236.16839999999996,-21.416600000000003,-17.786599999999996,175,75
2026-05-09 15:09:44.656,4,0.74,-0.79,0.47,-238.78839999999997,9.743399999999998,1.6634000000000029,175,75
2026-05-09 15:09:44.675,4,0.75,-1.42,0.44,-254.14839999999998,104.68339999999999,6.423400000000001,175,75
2026-05-09 15:09:44.689,4,0.82,-1.6,0.47,-269.4584,137.97339999999997,1.4234000000000009,175,75
2026-05-09 15:09:44.700,4,0.9,-1.94,0.63,-296.8384,215.29340000000002,-1.8665999999999983,175,75
2026-05-09 15:09:44.713,4,0.9,-2.16,0.78,-308.9684,262.79339999999996,-0.03659999999999641,175,75
2026-05-09 15:09:44.727,4,0.96,-2.37,1.06,-326.6484,312.2434,-18.5166,175,75
2026-05-09 15:09:44.744,4,1.14,-2.46,1.42,-338.0584,307.60339999999997,-57.66659999999999,175,75
2026-05-09 15:09:44.755,4,1.01,-2.49,1.71,-322.5684,209.1934,-131.6866,175,75
2026-05-09 15:09:44.765,4,0.81,-2.41,1.63,-320.0084,228.7034,-146.31660000000002,175,75
2026-05-09 15:09:44.777,4,0.94,-2.16,1.65,-326.7784,259.86339999999996,-171.0166,175,75
2026-05-09 15:09:44.789,4,0.87,-2.03,1.71,-326.9584,251.02339999999998,-194.91660000000002,175,75
2026-05-09 15:09:44.838,4,0.54,-2.12,2.09,-302.8084,228.27339999999998,-296.3166,175,75
2026-05-09 15:09:44.848,4,0.39,-2.06,1.99,-308.1184,214.8034,-310.7066,175,75
2026-05-09 15:09:44.864,4,0.22,-1.95,1.97,-310.1284,209.7434,-327.96659999999997,175,75
2026-05-09 15:09:44.904,4,0.04,-1.66,2.14,-274.4584,209.5534,-368.5166,175,75
2026-05-09 15:09:44.924,4,-0.13,-1.37,2.02,-254.08839999999998,209.1334,-385.16659999999996,175,75
2026-05-09 15:09:44.930,4,-0.1,-1.21,2.01,-238.35839999999996,210.77339999999998,-394.6766,175,75
2026-05-09 15:09:44.965,4,-0.14,-0.6,2.11,-205.6184,193.64339999999999,-365.8366,175,75
2026-05-09 15:09:44.992,4,-0.65,-0.15,2.32,-169.20839999999998,172.72339999999997,-341.0766,175,75
2026-05-09 15:09:44.993,4,-0.82,0.16,2.48,-136.28840000000002,143.58339999999998,-345.09659999999997,175,75
2026-05-09 15:09:45.009,4,-0.81,0.5,2.53,-135.6784,101.4434,-325.9566,175,75
2026-05-09 15:09:45.020,4,-0.73,0.65,2.48,-151.40839999999997,77.6034,-309.2466,175,75
2026-05-09 15:09:45.020,4,-0.64,0.75,2.33,-166.22840000000002,52.54339999999999,-291.9266,175,75
2026-05-09 15:09:45.038,4,-0.66,0.78,2.14,-161.77839999999998,19.0034,-264.3066,175,75
2026-05-09 15:09:45.050,4,-0.78,0.76,2.02,-139.51839999999999,3.763399999999997,-242.3566,175,75
2026-05-09 15:09:45.050,4,-0.99,0.75,1.98,-113.1184,5.8333999999999975,-219.6166,175,75
2026-05-09 15:09:45.065,4,-1.17,0.77,2.04,-94.81840000000001,21.9334,-198.5166,175,75
2026-05-09 15:09:45.075,4,-1.22,0.81,2.1,-86.5884,33.4034,-181.44660000000002,175,75
2026-05-09 15:09:45.087,4,-1.19,0.85,2.12,-79.0884,8.823399999999996,-165.8366,175,75
2026-05-09 15:09:45.111,4,-1.21,0.85,1.85,-63.848399999999984,-127.0266,-123.14659999999999,175,75
2026-05-09 15:09:45.122,4,-1.32,0.84,1.67,-59.27839999999999,-153.6166,-108.33659999999999,175,75
2026-05-09 15:09:45.130,4,-1.44,0.82,1.45,-48.8484,-149.34660000000002,-90.28659999999999,175,75
2026-05-09 15:09:45.144,4,-1.47,0.81,1.31,-35.7984,-128.6766,-74.7966,175,75
2026-05-09 15:09:45.155,4,-1.46,0.81,1.2,-10.918399999999991,-99.95660000000001,-51.1366,175,75
2026-05-09 15:09:45.164,4,-1.42,0.82,1.15,18.7716,-83.3066,-25.706599999999998,175,75
2026-05-09 15:09:45.190,4,-1.3,0.75,1.12,64.9316,-104.70660000000001,20.933400000000002,175,75
2026-05-09 15:09:45.197,4,-1.22,0.65,1.08,80.6016,-133.0666,46.183400000000006,175,75
2026-05-09 15:09:45.212,4,-1.17,0.59,1.02,92.4316,-149.52660000000003,70.6934,175,75
2026-05-09 15:09:45.222,4,-1.14,0.5,0.94,111.4016,-150.8666,103.13340000000001,175,75
2026-05-09 15:09:45.274,4,-1.21,0.09,0.99,179.3216,-93.3666,272.6434,175,75
2026-05-09 15:09:45.286,4,-1.17,-0.07,1.07,207.0016,-89.95660000000001,335.9334,175,75
2026-05-09 15:09:45.298,4,-1.06,-0.32,1.13,240.1116,-104.5866,397.21340000000004,175,75
2026-05-09 15:09:45.310,4,-0.89,-0.56,1.16,264.9916,-118.3066,437.8834,175,75
2026-05-09 15:09:45.336,4,-0.71,-1.3,1.3,310.1816,-150.8066,560.8734000000001,175,75
2026-05-09 15:09:45.347,4,-0.83,-1.57,1.38,322.4916,-129.6466,637.5234,175,75
2026-05-09 15:09:45.373,4,-1.15,-3.29,2.25,349.08160000000004,-267.5166,858.9834000000001,175,75
2026-05-09 15:09:45.390,4,-1.73,-4.26,2.37,348.5316,-220.2566,914.0434,175,75
2026-05-09 15:09:45.403,4,-1.85,-5.24,2.49,342.0016,-224.83659999999998,906.5434,175,75
2026-05-09 15:09:45.416,4,-2.33,-6.2,2.18,341.52160000000003,-194.16660000000002,848.8634000000001,175,75
2026-05-09 15:09:45.427,4,-2.15,-6.71,1.95,345.6016,-126.4166,810.3834,175,75
2026-05-09 15:09:45.427,4,-1.9,-7.09,1.96,381.52160000000003,-138.0666,780.1434,175,75
2026-05-09 15:09:45.443,4,-1.72,-7.35,2.03,422.0716,-170.1966,778.0734,175,75
2026-05-09 15:09:45.467,4,-2.37,-6.64,2.31,388.96160000000003,-296.2966,648.6834,175,75
2026-05-09 15:09:45.478,4,-2.58,-5.86,2.12,317.4916,-330.13660000000004,508.8634,175,75
2026-05-09 15:09:45.494,4,-1.47,-5.12,1.45,183.41160000000002,-324.58660000000003,329.65340000000003,175,75
2026-05-09 15:09:45.524,4,-0.93,-4.01,0.75,161.0316,-353.4266,264.8334,175,75
2026-05-09 15:09:45.546,4,-0.86,-3.53,0.76,213.59160000000003,-314.89660000000003,170.99339999999998,175,75
2026-05-09 15:09:45.556,4,-0.76,-3.27,0.82,223.22160000000002,-301.8466,110.8134,175,75
2026-05-09 15:09:45.567,4,-0.52,-2.7,0.61,233.29160000000002,-305.6266,5.513400000000001,175,75
2026-05-09 15:09:45.577,4,-0.49,-2.44,0.4,241.21159999999998,-310.5066,-31.1966,175,75
2026-05-09 15:09:45.593,4,-0.56,-1.96,0.07,269.7516,-288.9166,-91.0166,175,75
2026-05-09 15:09:45.628,4,-0.22,-0.98,-0.3,397.6816,-229.58659999999998,-220.7766,175,75
2026-05-09 15:09:45.638,4,1.74,0.03,0.73,356.76160000000004,-309.64660000000003,-78.39659999999999,175,75
2026-05-09 15:09:45.676,4,-0.49,0.98,-0.59,238.59160000000003,-281.5366,-47.9666,175,75
2026-05-09 15:09:45.687,4,-0.21,0.79,-0.92,260.1116,-199.89659999999998,11.793400000000002,175,75
2026-05-09 15:09:45.709,4,-0.4,0.75,-1.16,138.47160000000002,-110.9966,-1.6865999999999985,175,75
2026-05-09 15:09:45.728,4,-0.44,1.24,-1.03,-9.698399999999992,56.57339999999999,13.803400000000002,175,75
2026-05-09 15:09:45.740,4,-0.43,1.39,-0.85,-14.758399999999995,108.2734,25.753400000000003,175,75
2026-05-09 15:09:45.751,4,-0.39,1.37,-0.45,-11.648399999999995,165.96339999999998,54.5334,175,75
2026-05-09 15:09:45.763,4,-0.31,1.22,-0.17,-22.998400000000004,190.22339999999997,63.2534,175,75
2026-05-09 15:09:45.785,4,0.16,0.94,0.35,-69.81840000000001,124.6134,38.9234,175,75
2026-05-09 15:09:45.796,4,0.31,0.84,0.46,-77.62839999999998,23.883399999999995,15.753400000000003,175,75
2026-05-09 15:09:45.809,4,0.28,0.76,0.48,-79.5784,-54.0366,-0.4665999999999997,175,75
2026-05-09 15:09:45.826,4,0.11,0.67,0.36,-93.78840000000001,-114.09660000000001,-16.746599999999997,175,75
2026-05-09 15:09:45.838,4,0.04,0.64,0.27,-107.25840000000001,-107.5166,-15.286599999999996,175,75
2026-05-09 15:09:45.848,4,-0.07,0.58,0.2,-124.0884,-99.2866,-15.466599999999996,175,75
2026-05-09 15:09:45.861,4,0.27,0.41,0.07,-130.0084,-54.0366,-25.8366,175,75
2026-05-09 15:09:45.872,4,0.35,0.3,0.12,-149.6384,-77.0866,-8.576599999999996,175,75
2026-05-09 15:09:45.886,4,-0.42,0.38,0.28,-162.9284,-79.1666,11.113400000000002,175,75
2026-05-09 15:09:45.897,4,0.08,0.14,0.15,-161.09839999999997,24.0034,-5.526599999999998,175,75
2026-05-09 15:09:45.909,4,1.89,-0.32,0.05,-168.66840000000002,69.3134,-14.4866,175,75
2026-05-09 15:09:45.920,4,0.83,-0.45,0.35,-196.95839999999998,-59.6466,16.663400000000003,175,75
2026-05-09 15:09:45.936,4,0.52,-0.79,0.27,-177.6284,2.723399999999998,-6.256599999999995,175,75
2026-05-09 15:09:45.936,4,0.86,-1.0,0.43,-207.8084,94.6134,23.9234,175,75
2026-05-09 15:09:45.961,4,1.24,-1.54,0.68,-286.5884,126.93339999999999,-9.366599999999995,175,75
2026-05-09 15:09:45.982,4,1.57,-2.28,0.82,-297.1984,161.2034,-71.5666,175,75
2026-05-09 15:09:45.994,4,1.7,-2.48,0.97,-309.0284,184.0134,-92.66659999999999,175,75
2026-05-09 15:09:46.005,4,1.69,-2.65,1.1,-327.3884,225.59339999999997,-132.9666,175,75
2026-05-09 15:09:46.026,4,1.57,-2.78,1.23,-333.47839999999997,279.92339999999996,-163.0866,175,75
2026-05-09 15:09:46.043,4,1.56,-3.29,1.78,-311.09839999999997,311.9334,-172.2966,175,75
2026-05-09 15:09:46.059,4,1.49,-3.74,2.47,-247.2584,108.9434,-251.56660000000002,175,75
2026-05-09 15:09:46.070,4,0.9,-3.95,2.51,-255.6184,135.16340000000002,-284.5566,175,75
2026-05-09 15:09:46.081,4,1.05,-3.43,2.52,-338.23839999999996,144.4934,-361.8066,175,75
2026-05-09 15:09:46.088,4,1.25,-3.03,2.35,-355.4284,173.21339999999998,-375.5866,175,75
2026-05-09 15:09:46.130,4,0.62,-3.14,2.22,-249.5784,269.2534,-404.4266,175,75
2026-05-09 15:09:46.173,4,0.19,-2.58,2.39,-203.72839999999997,241.5034,-422.53659999999996,175,75
2026-05-09 15:09:46.184,4,-0.01,-2.46,2.25,-194.6984,218.46339999999998,-429.1266,175,75
2026-05-09 15:09:46.200,4,-0.19,-2.22,2.11,-190.6784,207.3634,-435.8366,175,75
2026-05-09 15:09:46.200,4,-0.3,-1.97,2.0,-190.85839999999996,208.52339999999998,-438.6366,175,75
2026-05-09 15:09:46.222,4,-0.29,-1.43,1.88,-184.5784,207.79340000000002,-421.9966,175,75
2026-05-09 15:09:46.252,4,-0.41,-1.05,1.79,-164.20839999999998,213.40339999999998,-384.79659999999996,175,75
2026-05-09 15:09:46.289,4,-0.8,-0.44,1.82,-142.1384,116.93339999999999,-343.5766,175,75
2026-05-09 15:09:46.318,4,-0.59,-0.05,1.52,-160.4284,69.3734,-320.7766,175,75
2026-05-09 15:09:46.330,4,-0.56,0.01,1.43,-161.52839999999998,64.0034,-309.3666,175,75
2026-05-09 15:09:46.353,4,-0.63,0.13,1.33,-153.41840000000002,66.93339999999999,-279.0666,175,75
2026-05-09 15:09:46.365,4,-0.74,0.15,1.32,-144.8184,78.3334,-261.0766,175,75
2026-05-09 15:09:46.376,4,-0.83,0.17,1.35,-134.8884,91.0234,-246.80660000000003,175,75
2026-05-09 15:09:46.386,4,-0.86,0.17,1.39,-128.72840000000002,92.8534,-241.56660000000002,175,75
2026-05-09 15:09:46.397,4,-0.86,0.18,1.41,-123.59839999999998,76.3834,-239.9166,175,75
2026-05-09 15:09:46.409,4,-0.89,0.22,1.41,-120.24839999999999,49.3134,-238.63660000000002,175,75
2026-05-09 15:09:46.421,4,-0.92,0.31,1.42,-117.0184,22.243399999999994,-235.0366,175,75
2026-05-09 15:09:46.430,4,-0.93,0.38,1.43,-114.5184,8.093399999999999,-227.1166,175,75
2026-05-09 15:09:46.453,4,-1.16,0.57,1.43,-101.7084,-4.096600000000002,-190.4066,175,75
2026-05-09 15:09:46.460,4,-1.25,0.65,1.46,-91.7084,5.353399999999997,-175.28660000000002,175,75
2026-05-09 15:09:46.474,4,-1.3,0.75,1.52,-78.2984,18.8234,-156.0166,175,75
2026-05-09 15:09:46.482,4,-1.26,0.85,1.57,-65.4284,22.303399999999996,-135.16660000000002,175,75
2026-05-09 15:09:46.493,4,-1.24,0.99,1.65,-50.618399999999994,3.5233999999999988,-109.9166,175,75
2026-05-09 15:09:46.503,4,-1.23,1.07,1.69,-38.2984,-14.706600000000002,-93.5766,175,75
2026-05-09 15:09:46.515,4,-1.23,1.16,1.72,-22.868399999999994,-33.616600000000005,-72.2366,175,75
2026-05-09 15:09:46.530,4,-1.23,1.22,1.73,-6.168399999999991,-50.1366,-45.096599999999995,175,75
2026-05-09 15:09:46.544,4,-1.2,1.21,1.7,9.0216,-59.9566,-20.7766,175,75
2026-05-09 15:09:46.568,4,-1.17,1.15,1.68,40.30160000000001,-91.3566,49.1634,175,75
2026-05-09 15:09:46.580,4,-1.19,1.19,1.69,58.4116,-113.1866,90.2634,175,75
2026-05-09 15:09:46.598,4,-1.12,1.17,1.69,105.11160000000001,-156.90660000000003,171.4234,175,75
2026-05-09 15:09:46.610,4,-0.99,1.07,1.68,133.35160000000002,-188.5566,214.5334,175,75
2026-05-09 15:09:46.643,4,-0.67,0.2,1.39,242.0016,-289.0966,363.3734,175,75
2026-05-09 15:09:46.669,4,-0.79,-0.31,1.24,315.7916,-294.52660000000003,457.46340000000004,175,75
2026-05-09 15:09:46.675,4,-0.9,-0.47,1.21,340.9716,-297.02660000000003,492.9434,175,75
2026-05-09 15:09:46.691,4,-1.01,-0.66,1.18,369.9316,-289.2266,534.2234,175,75
2026-05-09 15:09:46.702,4,-1.11,-0.93,1.12,404.4416,-265.3166,587.0334,175,75
2026-05-09 15:09:46.702,4,-1.13,-1.25,1.09,440.5416,-232.8866,650.5734,175,75
2026-05-09 15:09:46.723,4,-0.61,-2.31,1.27,474.6916,-198.85660000000001,775.0234,175,75
2026-05-09 15:09:46.744,4,-1.22,-4.11,2.15,494.26160000000004,-434.83660000000003,856.7234,175,75
2026-05-09 15:09:46.744,4,-1.85,-4.26,2.1,462.9816,-327.8166,878.9234,175,75
2026-05-09 15:09:46.783,4,-2.58,-5.32,2.13,370.1116,-310.4466,840.5734,175,75
2026-05-09 15:09:46.804,4,-2.8,-7.41,1.15,359.3216,-274.77660000000003,794.9634,175,75
2026-05-09 15:09:46.804,4,-2.42,-7.34,0.51,319.8716,-117.8866,715.8134,175,75
2026-05-09 15:09:46.824,4,-1.52,-6.72,0.35,314.9316,13.333399999999997,571.2434000000001,175,75
2026-05-09 15:09:46.832,4,-0.8,-5.2,0.74,344.9316,1.323399999999996,432.9434,175,75
2026-05-09 15:09:46.842,4,-0.91,-4.11,1.11,352.2516,-45.256600000000006,364.4734,175,75
2026-05-09 15:09:46.855,4,-1.07,-3.36,1.48,351.8816,-82.2766,302.58340000000004,175,75
2026-05-09 15:09:46.859,4,-0.93,-2.81,1.85,355.4216,-155.9266,207.21339999999998,175,75
2026-05-09 15:09:46.881,4,-0.82,-2.7,2.01,321.2116,-207.08659999999998,135.4434,175,75
2026-05-09 15:09:46.892,4,-0.49,-2.62,1.99,244.3216,-216.35660000000001,90.63340000000001,175,75
2026-05-09 15:09:46.903,4,-0.09,-2.46,1.75,144.14159999999998,-222.14659999999998,63.1934,175,75
2026-05-09 15:09:46.903,4,0.19,-2.28,1.47,89.5116,-222.45659999999998,60.513400000000004,175,75
2026-05-09 15:09:46.914,4,0.44,-2.04,1.19,78.83160000000001,-240.07659999999998,67.9434,175,75
2026-05-09 15:09:46.926,4,0.6,-1.77,0.98,119.3816,-289.70660000000004,76.3034,175,75
2026-05-09 15:09:46.937,4,0.54,-1.54,0.88,215.54160000000002,-372.57660000000004,81.1834,175,75
2026-05-09 15:09:46.956,4,0.19,-1.45,0.96,315.9116,-461.2966,65.5134,175,75
2026-05-09 15:09:46.962,4,0.01,-1.28,0.91,299.0816,-496.9066,42.0934,175,75
2026-05-09 15:09:46.979,4,-0.11,-1.1,0.75,268.8316,-529.0366,10.143400000000003,175,75
2026-05-09 15:09:46.979,4,-0.2,-0.88,0.56,247.0016,-551.4166,-20.466599999999996,175,75
2026-05-09 15:09:47.000,4,-0.21,-0.14,0.15,238.41160000000002,-586.4766,-54.4966,175,75
2026-05-09 15:09:47.015,4,-0.34,0.36,-0.08,242.1316,-588.5566,-56.566599999999994,175,75
2026-05-09 15:09:47.049,4,-0.59,0.87,-0.75,266.7016,-261.5366,-25.0966,175,75
2026-05-09 15:09:47.058,4,-0.6,0.76,-0.68,248.04160000000002,-168.4866,2.9434000000000005,175,75
2026-05-09 15:09:47.105,4,-0.48,1.12,-0.52,-13.118399999999994,-318.6766,-28.9466,175,75
2026-05-09 15:09:47.115,4,-0.75,1.35,-0.47,-36.77839999999999,-289.95660000000004,-12.666599999999999,175,75
2026-05-09 15:09:47.127,4,-0.72,1.33,-0.47,-25.248400000000004,-227.51659999999998,-11.746599999999997,175,75
2026-05-09 15:09:47.137,4,-0.26,1.08,-0.47,-30.368399999999994,-183.2466,3.073400000000003,175,75
2026-05-09 15:09:47.148,4,-0.19,0.92,-0.33,-73.2984,-199.58659999999998,17.4634,175,75
2026-05-09 15:09:47.159,4,-0.67,1.12,-0.13,-107.80839999999999,-194.95659999999998,20.933400000000002,175,75
2026-05-09 15:09:47.167,4,-0.69,1.11,-0.11,-121.28840000000001,-162.57659999999998,15.323400000000001,175,75
2026-05-09 15:09:47.193,4,-0.78,0.4,-0.33,-122.80839999999999,43.3334,93.2534,175,75
2026-05-09 15:09:47.204,4,-0.67,0.05,-0.26,-132.9984,124.8634,109.41340000000001,175,75
2026-05-09 15:09:47.212,4,-0.47,-0.33,-0.14,-143.1184,170.47339999999997,122.7034,175,75
2026-05-09 15:09:47.237,4,-0.25,-0.61,0.01,-156.52839999999998,169.98340000000002,116.72340000000001,175,75
2026-05-09 15:09:47.238,4,0.0,-0.66,0.24,-174.7584,142.66340000000002,106.91340000000001,175,75
2026-05-09 15:09:47.248,4,0.22,-0.62,0.4,-195.91839999999996,112.72339999999998,107.88340000000001,175,75
2026-05-09 15:09:47.290,4,0.55,-1.12,0.16,-242.5084,-35.9966,123.49340000000001,175,75
2026-05-09 15:09:47.290,4,0.53,-1.32,0.02,-251.77839999999998,-29.896600000000003,129.2234,175,75
2026-05-09 15:09:47.335,4,0.84,-2.17,-0.17,-333.84839999999997,189.3734,135.7534,175,75
2026-05-09 15:09:47.374,4,1.31,-2.64,0.3,-384.0884,342.48339999999996,96.24340000000001,175,75
2026-05-09 15:09:47.399,4,1.23,-2.63,0.57,-403.29839999999996,381.1434,73.6834,175,75
2026-05-09 15:09:47.411,4,1.21,-2.65,0.83,-419.5184,424.8034,41.4834,175,75
2026-05-09 15:09:47.411,4,1.22,-2.69,1.11,-429.6984,442.54339999999996,8.133400000000002,175,75
2026-05-09 15:09:47.424,4,1.23,-2.69,1.3,-430.3684,427.36339999999996,-22.2366,175,75
2026-05-09 15:09:47.440,4,0.73,-2.66,1.39,-425.6784,386.3834,-102.7866,175,75
2026-05-09 15:09:47.473,4,0.46,-2.76,1.54,-429.8884,350.47339999999997,-155.5266,175,75
2026-05-09 15:09:47.484,4,0.29,-2.8,1.65,-414.3384,326.0834,-176.44660000000002,175,75
2026-05-09 15:09:47.495,4,-0.03,-2.81,1.75,-382.9284,294.3734,-232.9066,175,75
2026-05-09 15:09:47.508,4,-0.18,-2.67,1.83,-368.47839999999997,293.4034,-297.41659999999996,175,75
2026-05-09 15:09:47.509,4,-0.24,-2.39,1.94,-360.5584,332.60339999999997,-358.3366,175,75
2026-05-09 15:09:47.541,4,0.03,-1.64,2.04,-331.7084,328.9434,-440.5266,175,75
2026-05-09 15:09:47.563,4,0.27,-0.76,2.25,-285.4284,265.29339999999996,-404.1866,175,75
2026-05-09 15:09:47.573,4,-0.29,-0.34,2.25,-292.3884,247.42339999999996,-313.5766,175,75
2026-05-09 15:09:47.591,4,-0.61,-0.16,2.35,-254.14839999999998,255.16339999999997,-287.78659999999996,175,75
2026-05-09 15:09:47.603,4,-0.79,0.01,2.45,-196.34839999999997,212.0534,-327.78659999999996,175,75
2026-05-09 15:09:47.615,4,-0.88,0.22,2.56,-168.0584,145.41340000000002,-346.3866,175,75
2026-05-09 15:09:47.626,4,-0.9,0.46,2.63,-176.77839999999998,112.97339999999998,-313.7566,175,75
2026-05-09 15:09:47.638,4,-0.92,0.67,2.54,-186.16840000000002,72.18339999999999,-283.2766,175,75
2026-05-09 15:09:47.650,4,-0.92,0.78,2.37,-177.3184,5.773399999999999,-266.1366,175,75
2026-05-09 15:09:47.677,4,-1.38,0.7,1.99,-134.8184,-69.6466,-192.9666,175,75
2026-05-09 15:09:47.693,4,-1.57,0.68,1.91,-121.1684,-53.0666,-167.66660000000002,175,75
2026-05-09 15:09:47.706,4,-1.52,0.68,1.85,-108.53840000000001,-36.9666,-149.7366,175,75
2026-05-09 15:09:47.718,4,-1.36,0.71,1.77,-93.4184,-50.6866,-125.46659999999999,175,75
2026-05-09 15:09:47.727,4,-1.36,0.75,1.7,-74.8884,-82.51660000000001,-97.72659999999999,175,75
2026-05-09 15:09:47.749,4,-1.46,0.85,1.56,-22.748400000000004,-92.0866,-53.27659999999999,175,75
2026-05-09 15:09:47.760,4,-1.4,0.87,1.5,6.331600000000002,-85.92660000000001,-30.8366,175,75
2026-05-09 15:09:47.773,4,-1.33,0.85,1.46,36.7016,-93.2466,-1.5065999999999988,175,75
2026-05-09 15:09:47.783,4,-1.33,0.81,1.43,67.6116,-110.5066,33.4934,175,75
2026-05-09 15:09:47.795,4,-1.33,0.68,1.34,91.4616,-137.4566,64.7734,175,75
2026-05-09 15:09:47.816,4,-1.31,0.53,1.25,109.4416,-161.1766,87.7034,175,75
2026-05-09 15:09:47.827,4,-1.37,0.22,0.95,155.97160000000002,-181.78660000000002,144.7734,175,75
2026-05-09 15:09:47.844,4,-1.42,0.06,0.85,184.20159999999998,-147.6966,184.9034,175,75
2026-05-09 15:09:47.844,4,-1.39,-0.09,0.82,205.54160000000002,-102.1466,227.33339999999998,175,75
2026-05-09 15:09:47.857,4,-1.32,-0.2,0.87,218.22160000000002,-72.3366,270.1434,175,75
2026-05-09 15:09:47.874,4,-1.23,-0.3,0.96,228.47160000000002,-60.9266,315.6934,175,75
2026-05-09 15:09:47.890,4,-1.08,-0.53,1.18,268.90160000000003,-107.45660000000001,410.5034,175,75
2026-05-09 15:09:47.901,4,-0.96,-0.75,1.18,301.0316,-136.41660000000002,456.8534,175,75
2026-05-09 15:09:47.929,4,-0.66,-1.37,1.01,334.3816,-148.3666,548.1334,175,75
2026-05-09 15:09:47.941,4,-0.57,-1.79,0.94,340.9116,-139.4066,629.3534,175,75
2026-05-09 15:09:47.954,4,-0.55,-2.25,0.96,341.9416,-122.6366,750.5734,175,75
2026-05-09 15:09:47.984,4,-2.03,-4.21,2.16,420.4816,-363.9166,893.3734000000001,175,75
2026-05-09 15:09:47.987,4,-2.61,-5.01,2.15,405.6616,-282.14660000000003,885.5734,175,75
2026-05-09 15:09:48.000,4,-2.65,-6.13,2.07,347.2516,-219.95659999999998,835.6934,175,75
2026-05-09 15:09:48.013,4,-2.57,-6.84,1.67,290.1816,-199.52660000000003,782.4034,175,75
2026-05-09 15:09:48.040,4,-2.1,-6.4,0.97,329.9316,-193.6166,708.0134,175,75
2026-05-09 15:09:48.051,4,-2.32,-5.95,1.14,371.8216,-203.6166,633.0134,175,75
2026-05-09 15:09:48.061,4,-2.56,-5.6,1.46,361.0916,-240.6866,531.1134,175,75
2026-05-09 15:09:48.084,4,-2.0,-4.95,1.34,214.6316,-252.7566,350.8134,175,75
2026-05-09 15:09:48.096,4,-1.58,-4.18,1.01,134.6316,-230.07659999999998,258.4334,175,75
2026-05-09 15:09:48.109,4,-0.88,-3.21,0.82,122.3116,-144.09660000000002,196.6034,175,75
2026-05-09 15:09:48.128,4,-0.68,-3.08,0.98,167.8016,-157.08659999999998,203.1334,175,75
2026-05-09 15:09:48.143,4,-0.63,-2.97,1.19,218.22160000000002,-209.77660000000003,206.4234,175,75
2026-05-09 15:09:48.145,4,-0.58,-2.89,1.27,225.48160000000001,-268.1866,189.96339999999998,175,75
2026-05-09 15:09:48.171,4,-0.54,-2.52,0.76,174.5716,-345.9266,107.0934,175,75
2026-05-09 15:09:48.183,4,-0.51,-2.17,0.28,169.6916,-352.39660000000003,51.8534,175,75
2026-05-09 15:09:48.200,4,-0.59,-1.7,-0.23,203.83159999999998,-327.08660000000003,-34.1866,175,75
2026-05-09 15:09:48.200,4,-0.6,-1.29,-0.57,272.8616,-275.6866,-121.74659999999999,175,75
2026-05-09 15:09:48.237,4,1.65,-0.1,0.14,430.3016,-307.9466,-218.88660000000002,175,75
2026-05-09 15:09:48.237,4,1.17,1.29,0.42,270.3616,-397.88660000000004,137.7034,175,75
2026-05-09 15:09:48.304,4,-0.26,0.72,-0.72,114.2016,-124.6466,5.6934000000000005,175,75
2026-05-09 15:09:48.315,4,-0.18,0.95,-0.67,54.571600000000004,-59.8966,9.653400000000001,175,75
2026-05-09 15:09:48.325,4,0.0,1.16,-0.62,38.0416,-17.576600000000003,23.073400000000003,175,75
2026-05-09 15:09:48.339,4,0.19,1.32,-0.47,38.5316,-2.816600000000001,42.8834,175,75
2026-05-09 15:09:48.339,4,0.45,1.14,-0.35,32.921600000000005,0.04339999999999833,36.183400000000006,175,75
2026-05-09 15:09:48.366,4,0.39,0.88,-0.15,-15.858400000000003,-98.7966,8.613400000000002,175,75
2026-05-09 15:09:48.379,4,0.58,0.67,-0.35,-42.748400000000004,-174.03660000000002,-45.346599999999995,175,75
2026-05-09 15:09:48.385,4,0.24,0.78,-0.57,-91.03840000000001,-260.6866,-58.8866,175,75
2026-05-09 15:09:48.404,4,-0.96,1.08,-0.62,-101.03840000000001,-205.5066,-29.3066,175,75
2026-05-09 15:09:48.421,4,1.73,0.49,-1.01,-133.1184,71.3834,3.1934000000000005,175,75
2026-05-09 15:09:48.431,4,0.47,0.34,-0.24,-148.53840000000002,75.29339999999999,-12.176599999999997,175,75
2026-05-09 15:09:48.453,4,0.73,0.02,0.14,-161.58839999999998,149.98340000000002,19.773400000000002,175,75
2026-05-09 15:09:48.463,4,0.85,-0.2,0.32,-195.1284,136.6334,11.363400000000002,175,75
2026-05-09 15:09:48.475,4,1.1,-0.6,0.48,-218.23839999999996,76.2034,-14.796600000000002,175,75
2026-05-09 15:09:48.486,4,0.97,-1.03,0.69,-254.8184,-17.396600000000003,-28.396599999999996,175,75
2026-05-09 15:09:48.497,4,0.85,-1.3,0.62,-269.3984,-40.5666,-52.9666,175,75
2026-05-09 15:09:48.502,4,1.1,-1.71,0.5,-291.09839999999997,-25.626600000000003,-90.4066,175,75
2026-05-09 15:09:48.523,4,1.45,-2.1,0.36,-338.41839999999996,36.7534,-107.7866,175,75
2026-05-09 15:09:48.533,4,1.48,-2.32,0.38,-343.84839999999997,125.65339999999999,-111.9266,175,75
2026-05-09 15:09:48.558,4,1.53,-2.62,0.49,-346.5884,238.46339999999998,-118.02659999999999,175,75
2026-05-09 15:09:48.567,4,1.53,-3.01,0.76,-351.8384,345.9634,-134.6766,175,75
2026-05-09 15:09:48.567,4,1.48,-3.27,1.0,-350.73839999999996,377.85339999999997,-138.81660000000002,175,75
2026-05-09 15:09:48.579,4,1.47,-3.7,1.35,-329.2784,387.54339999999996,-118.9466,175,75
2026-05-09 15:09:48.596,4,1.86,-4.31,2.34,-247.8084,123.7634,-186.38660000000002,175,75
2026-05-09 15:09:48.610,4,0.36,-4.55,2.09,-223.1784,152.3034,-211.9266,175,75
2026-05-09 15:09:48.649,4,0.74,-3.59,2.39,-247.8684,248.8234,-434.85659999999996,175,75
2026-05-09 15:09:48.665,4,0.72,-3.44,2.58,-220.6784,232.97339999999997,-416.3166,175,75
2026-05-09 15:09:48.678,4,0.54,-3.35,2.64,-230.6184,227.91340000000002,-407.59659999999997,175,75
2026-05-09 15:09:48.678,4,0.4,-3.3,2.53,-238.35839999999996,221.08339999999998,-411.6266,175,75
2026-05-09 15:09:48.715,4,-0.09,-3.03,2.24,-201.03839999999997,227.42340000000002,-436.1366,175,75
2026-05-09 15:09:48.727,4,-0.29,-2.79,2.22,-185.79840000000002,225.35340000000002,-458.9466,175,75
2026-05-09 15:09:48.737,4,-0.41,-2.49,2.2,-174.27839999999998,209.98340000000002,-471.4466,175,75
2026-05-09 15:09:48.753,4,-0.51,-1.96,2.09,-176.34839999999997,188.40339999999998,-468.1466,175,75
2026-05-09 15:09:48.766,4,-0.47,-1.74,2.03,-176.89839999999998,186.8734,-463.1466,175,75
2026-05-09 15:09:48.782,4,-0.43,-1.53,2.02,-172.6284,180.77339999999998,-450.34659999999997,175,75
2026-05-09 15:09:48.793,4,-0.44,-1.3,2.0,-161.09839999999997,166.9934,-426.1966,175,75
2026-05-09 15:09:48.793,4,-0.51,-1.12,1.94,-152.9284,151.6934,-409.97659999999996,175,75
2026-05-09 15:09:48.805,4,-0.6,-0.94,1.85,-146.28840000000002,133.64339999999999,-401.8666,175,75
2026-05-09 15:09:48.819,4,-0.7,-0.71,1.84,-146.52839999999998,88.6434,-393.0266,175,75
2026-05-09 15:09:48.829,4,-0.82,-0.53,1.81,-150.1284,64.9234,-384.4266,175,75
2026-05-09 15:09:48.890,4,-1.02,0.16,1.68,-135.4984,9.683399999999999,-290.28659999999996,175,75
2026-05-09 15:09:48.891,4,-1.05,0.2,1.7,-123.84839999999998,19.9234,-279.79659999999996,175,75
2026-05-09 15:09:48.913,4,-1.02,0.28,1.73,-115.7984,13.8234,-271.9966,175,75
2026-05-09 15:09:48.924,4,-1.0,0.39,1.72,-110.12839999999998,-4.286600000000002,-255.5866,175,75
2026-05-09 15:09:48.935,4,-1.0,0.44,1.67,-105.49839999999999,-20.9266,-237.4166,175,75
2026-05-09 15:09:48.947,4,-1.01,0.48,1.59,-97.74839999999999,-32.086600000000004,-221.0766,175,75
2026-05-09 15:09:48.975,4,-0.99,0.54,1.49,-75.30839999999999,-21.236600000000003,-187.41660000000002,175,75
2026-05-09 15:09:48.975,4,-1.01,0.61,1.5,-66.46839999999999,-2.946600000000002,-169.2466,175,75
2026-05-09 15:09:48.990,4,-1.04,0.69,1.54,-59.888400000000004,13.153399999999998,-150.5266,175,75
2026-05-09 15:09:48.994,4,-1.07,0.77,1.58,-52.6284,29.0034,-133.2766,175,75
2026-05-09 15:09:49.013,4,-1.07,0.85,1.62,-41.038399999999996,33.4634,-114.49659999999999,175,75
2026-05-09 15:09:49.013,4,-1.04,0.93,1.65,-26.708399999999997,18.943399999999997,-94.91659999999999,175,75
2026-05-09 15:09:49.031,4,-1.01,0.98,1.65,-12.568399999999997,0.41339999999999577,-76.7466,175,75
2026-05-09 15:09:49.031,4,-0.99,1.01,1.64,2.0015999999999963,-14.406600000000003,-56.316599999999994,175,75
2026-05-09 15:09:49.046,4,-1.02,1.03,1.63,19.4416,-25.686600000000002,-25.036599999999996,175,75
2026-05-09 15:09:49.069,4,-1.0,0.97,1.62,38.77160000000001,-40.0766,21.363400000000002,175,75
2026-05-09 15:09:49.098,4,-0.96,1.08,1.6,59.4416,-81.29660000000001,89.5334,175,75
2026-05-09 15:09:49.117,4,-0.91,1.11,1.58,86.64160000000001,-97.0266,158.9834,175,75
2026-05-09 15:09:49.129,4,-0.9,1.06,1.58,92.9216,-107.20660000000001,189.3534,175,75
2026-05-09 15:09:49.144,4,-0.89,0.97,1.57,99.3816,-120.1366,223.1934,175,75
2026-05-09 15:09:49.162,4,-0.78,0.69,1.56,133.5916,-155.3166,300.14340000000004,175,75
2026-05-09 15:09:49.185,4,-0.7,0.41,1.5,181.5816,-201.90660000000003,379.53340000000003,175,75
2026-05-09 15:09:49.200,4,-0.68,0.22,1.44,205.2416,-214.03660000000002,420.3234,175,75
2026-05-09 15:09:49.213,4,-0.68,-0.01,1.38,229.8116,-215.8066,465.5734,175,75
2026-05-09 15:09:49.213,4,-0.69,-0.22,1.34,250.66160000000002,-210.3166,507.15340000000003,175,75
2026-05-09 15:09:49.235,4,-0.71,-0.57,1.26,281.2716,-191.59660000000002,563.2534,175,75
2026-05-09 15:09:49.244,4,-0.71,-0.97,1.25,311.2116,-147.33659999999998,622.4034,175,75
2026-05-09 15:09:49.261,4,-0.69,-1.28,1.32,327.2516,-108.1866,673.1334,175,75
2026-05-09 15:09:49.272,4,-0.6,-1.66,1.48,333.77160000000003,-92.3966,743.8634000000001,175,75
2026-05-09 15:09:49.283,4,-0.77,-2.66,2.26,361.70160000000004,-300.13660000000004,911.5434,175,75
2026-05-09 15:09:49.298,4,-2.33,-3.46,2.49,384.9316,-339.89660000000003,967.5234,175,75
2026-05-09 15:09:49.309,4,-2.61,-4.42,2.64,363.96160000000003,-295.7466,911.5434,175,75
2026-05-09 15:09:49.330,4,-2.75,-5.83,2.5,335.1816,-279.89660000000003,803.5534,175,75
2026-05-09 15:09:49.355,4,-2.18,-6.28,1.35,271.0316,-278.2466,660.8734000000001,175,75
2026-05-09 15:09:49.384,4,-1.85,-4.71,0.85,317.1916,-181.96660000000003,376.1134,175,75
2026-05-09 15:09:49.397,4,-0.75,-3.51,1.21,298.2916,-133.4966,187.4034,175,75
2026-05-09 15:09:49.413,4,-0.55,-3.14,1.46,307.1916,-151.1166,130.3834,175,75
2026-05-09 15:09:49.436,4,-0.24,-2.74,1.79,298.7116,-180.8666,63.3134,175,75
2026-05-09 15:09:49.447,4,0.27,-2.45,1.75,214.9916,-231.2366,55.263400000000004,175,75
2026-05-09 15:09:49.475,4,0.62,-2.22,1.4,179.14159999999998,-314.2866,106.72340000000001,175,75
2026-05-09 15:09:49.487,4,0.54,-2.13,1.14,209.8116,-373.7366,159.83339999999998,175,75
2026-05-09 15:09:49.487,4,0.32,-2.15,0.95,239.7516,-410.13660000000004,169.83339999999998,175,75
2026-05-09 15:09:49.497,4,0.01,-2.02,0.73,248.41160000000002,-425.6266,125.08340000000001,175,75
2026-05-09 15:09:49.518,4,-0.24,-1.75,0.48,246.52159999999998,-426.5366,40.7534,175,75
2026-05-09 15:09:49.518,4,-0.31,-1.44,0.24,247.9216,-420.5666,-59.736599999999996,175,75
2026-05-09 15:09:49.528,4,-0.13,-1.03,0.01,264.5016,-433.1866,-184.4266,175,75
2026-05-09 15:09:49.554,4,0.64,1.0,-0.04,222.1916,-520.5065999999999,-12.356599999999997,175,75
2026-05-09 15:09:49.565,4,-0.15,1.15,-0.73,258.4716,-430.8066,-52.17659999999999,175,75
2026-05-09 15:09:49.597,4,-0.12,0.37,-1.09,183.5916,-163.97660000000002,-7.356599999999997,175,75
2026-05-09 15:09:49.619,4,-0.2,0.58,-0.88,74.5716,-196.1166,-26.866599999999995,175,75
2026-05-09 15:09:49.634,4,-0.29,0.91,-0.67,4.991600000000005,-157.8866,-31.136599999999998,175,75
2026-05-09 15:09:49.634,4,-0.05,1.0,-0.69,-22.388400000000004,-141.66660000000002,-22.356599999999997,175,75
2026-05-09 15:09:49.658,4,0.45,0.97,-0.62,-42.6884,-178.0666,-18.146599999999996,175,75
2026-05-09 15:09:49.669,4,0.44,0.99,-0.47,-73.2384,-187.20659999999998,-20.286599999999996,175,75
2026-05-09 15:09:49.694,4,0.27,0.89,-0.31,-102.25840000000001,-88.4966,-26.6266,175,75
2026-05-09 15:09:49.707,4,0.02,0.68,-0.28,-109.81840000000001,-57.8866,-8.276599999999998,175,75
2026-05-09 15:09:49.718,4,-0.15,0.42,-0.16,-114.8884,-17.2066,-10.406600000000001,175,75
2026-05-09 15:09:49.729,4,-0.04,0.2,-0.05,-125.12839999999998,17.8534,-7.666599999999999,175,75
2026-05-09 15:09:49.744,4,0.17,-0.02,-0.01,-145.3084,25.3534,0.9334000000000024,175,75
2026-05-09 15:09:49.755,4,0.39,-0.32,0.02,-173.2384,-5.196600000000002,6.113400000000002,175,75
2026-05-09 15:09:49.769,4,0.54,-0.76,0.3,-212.2584,-34.64660000000001,20.873400000000004,175,75
2026-05-09 15:09:49.818,4,0.88,-1.09,0.24,-274.0884,-67.6966,21.913400000000003,175,75
2026-05-09 15:09:49.838,4,0.69,-1.54,0.07,-284.8184,-33.366600000000005,28.9234,175,75
2026-05-09 15:09:49.854,4,0.58,-2.09,-0.06,-341.5284,93.0934,31.663400000000003,175,75
2026-05-09 15:09:49.877,4,0.91,-2.08,0.32,-356.5284,212.79340000000002,42.3334,175,75
2026-05-09 15:09:49.898,4,1.22,-2.1,0.88,-368.78839999999997,246.8734,40.0234,175,75
2026-05-09 15:09:49.910,4,1.29,-2.15,1.09,-379.1484,224.8634,19.3534,175,75
2026-05-09 15:09:49.921,4,1.28,-2.23,1.23,-385.1284,190.59339999999997,-8.886599999999998,175,75
2026-05-09 15:09:49.922,4,1.14,-2.29,1.26,-385.4284,173.09339999999997,-39.30659999999999,175,75
2026-05-09 15:09:49.933,4,1.05,-2.3,1.23,-388.47839999999997,199.5534,-58.816599999999994,175,75
2026-05-09 15:09:49.943,4,1.09,-2.31,1.26,-395.4984,237.85339999999997,-81.19659999999999,175,75
2026-05-09 15:09:49.957,4,1.17,-2.32,1.36,-410.91839999999996,270.29339999999996,-118.6966,175,75
2026-05-09 15:09:49.962,4,1.18,-2.34,1.38,-423.72839999999997,283.0334,-146.38660000000002,175,75
2026-05-09 15:09:50.010,4,0.61,-2.85,1.62,-439.3984,308.6434,-132.53660000000002,175,75
2026-05-09 15:09:50.026,4,-0.33,-3.16,1.59,-408.59839999999997,259.3734,-208.63660000000002,175,75
2026-05-09 15:09:50.040,4,-0.76,-3.08,1.56,-394.5184,304.86339999999996,-265.8966,175,75
2026-05-09 15:09:50.063,4,-0.57,-2.35,1.84,-323.84839999999997,407.2434,-430.6466,175,75
2026-05-09 15:09:50.076,4,-0.3,-1.99,2.11,-293.41839999999996,394.1934,-456.8066,175,75
2026-05-09 15:09:50.097,4,-0.3,-1.66,2.26,-278.84839999999997,361.2634,-456.1366,175,75
2026-05-09 15:09:50.110,4,-0.43,-1.39,2.35,-270.2484,334.7434,-446.5666,175,75
2026-05-09 15:09:50.120,4,-0.72,-1.02,2.49,-248.59839999999997,308.2134,-426.5666,175,75
2026-05-09 15:09:50.120,4,-0.85,-0.66,2.58,-221.16839999999996,283.4034,-415.9566,175,75
2026-05-09 15:09:50.133,4,-0.92,-0.19,2.66,-206.16839999999996,221.02339999999998,-392.96659999999997,175,75
2026-05-09 15:09:50.146,4,-0.86,0.08,2.68,-207.5684,188.52339999999998,-369.6166,175,75
2026-05-09 15:09:50.161,4,-0.72,0.28,2.62,-212.01839999999999,150.47339999999997,-338.3366,175,75
2026-05-09 15:09:50.172,4,-0.78,0.36,2.48,-203.90839999999997,114.0734,-314.0666,175,75
2026-05-09 15:09:50.173,4,-0.9,0.38,2.41,-185.7384,92.6034,-294.3666,175,75
2026-05-09 15:09:50.193,4,-1.2,0.46,2.44,-154.7584,77.9134,-267.23659999999995,175,75
2026-05-09 15:09:50.216,4,-1.67,0.81,2.67,-111.8384,45.10339999999999,-221.9266,175,75
2026-05-09 15:09:50.216,4,-1.64,0.97,2.7,-100.24839999999999,17.6034,-202.35660000000001,175,75
2026-05-09 15:09:50.228,4,-1.46,1.1,2.64,-86.46839999999999,-46.53660000000001,-172.9066,175,75
2026-05-09 15:09:50.239,4,-1.38,1.11,2.49,-77.0784,-111.17660000000001,-143.1466,175,75
2026-05-09 15:09:50.250,4,-1.45,1.06,2.26,-65.24839999999999,-157.45659999999998,-111.3866,175,75
2026-05-09 15:09:50.281,4,-1.68,0.9,1.77,-7.138400000000004,-124.6466,-53.27659999999999,175,75
2026-05-09 15:09:50.324,4,-1.65,0.66,1.66,134.2616,-205.8666,49.96340000000001,175,75
2026-05-09 15:09:50.335,4,-1.69,0.6,1.57,152.1316,-261.7866,59.1634,175,75
2026-05-09 15:09:50.336,4,-1.69,0.57,1.41,168.29160000000002,-306.2966,70.8734,175,75
2026-05-09 15:09:50.351,4,-1.68,0.56,1.19,188.29160000000002,-334.89660000000003,92.33340000000001,175,75
2026-05-09 15:09:50.362,4,-1.67,0.51,0.93,216.9416,-328.2466,124.41340000000001,175,75
2026-05-09 15:09:50.377,4,-1.68,0.42,0.78,248.04160000000002,-294.95660000000004,163.0034,175,75
2026-05-09 15:09:50.403,4,-1.71,0.2,0.73,316.6416,-158.5566,261.6034,175,75
2026-05-09 15:09:50.427,4,-1.4,-0.17,0.94,337.0016,-68.73660000000001,378.3734,175,75
2026-05-09 15:09:50.438,4,-1.31,-0.36,1.09,346.40160000000003,-78.5566,435.3834,175,75
2026-05-09 15:09:50.453,4,-1.3,-0.97,1.29,412.3116,-93.9166,584.3534,175,75
2026-05-09 15:09:50.479,4,-0.72,-2.73,1.8,450.3016,-226.66660000000002,813.9834000000001,175,75
2026-05-09 15:09:50.490,4,-1.5,-3.83,2.15,478.1616,-405.13660000000004,833.3134,175,75
2026-05-09 15:09:50.503,4,-2.53,-4.5,2.22,481.0916,-387.7566,851.6634,175,75
2026-05-09 15:09:50.515,4,-3.11,-5.16,2.22,434.20160000000004,-262.3366,842.4634,175,75
2026-05-09 15:09:50.528,4,-3.34,-6.11,2.12,371.76160000000004,-155.1966,780.9334,175,75
2026-05-09 15:09:50.551,4,-2.2,-7.88,1.51,342.8616,-86.6666,773.2534,175,75
2026-05-09 15:09:50.566,4,-2.02,-7.4,1.28,337.1916,-74.5866,755.5134,175,75
2026-05-09 15:09:50.577,4,-2.12,-6.58,1.33,347.4916,-106.1166,653.7434000000001,175,75
2026-05-09 15:09:50.585,4,-2.42,-5.81,1.54,359.7516,-115.5066,559.8334,175,75
2026-05-09 15:09:50.592,4,-2.51,-5.16,1.83,353.1016,-135.8066,475.7534,175,75
2026-05-09 15:09:50.604,4,-2.41,-4.72,2.02,326.9416,-155.7466,388.0034,175,75
2026-05-09 15:09:50.608,4,-2.02,-4.49,2.07,279.1416,-159.52660000000003,325.5734,175,75
2026-05-09 15:09:50.642,4,-1.08,-3.59,1.48,117.0716,-235.5066,254.77339999999998,175,75
2026-05-09 15:09:50.663,4,-0.65,-3.15,1.01,195.4216,-276.2966,173.3734,175,75
2026-05-09 15:09:50.676,4,-0.54,-2.98,0.99,237.2516,-294.58660000000003,128.86339999999998,175,75
2026-05-09 15:09:50.686,4,-0.45,-2.67,1.0,270.9116,-335.4466,59.903400000000005,175,75
2026-05-09 15:09:50.699,4,-0.42,-2.32,0.94,278.2216,-374.89660000000003,-1.8065999999999995,175,75
2026-05-09 15:09:50.706,4,-0.35,-1.84,0.69,274.8116,-429.0966,-83.5166,175,75
2026-05-09 15:09:50.723,4,-0.34,-1.48,0.45,280.5416,-467.27660000000003,-139.85660000000001,175,75
2026-05-09 15:09:50.734,4,-0.32,-1.08,0.16,301.15160000000003,-493.7366,-194.6166,175,75
2026-05-09 15:09:50.747,4,0.06,-0.68,0.05,325.1816,-522.6966,-219.1266,175,75
2026-05-09 15:09:50.747,4,0.83,0.24,0.28,297.0016,-576.4766,-61.3866,175,75
2026-05-09 15:09:50.759,4,-0.29,0.81,-0.19,261.7016,-545.9966000000001,25.4434,175,75
2026-05-09 15:09:50.776,4,-1.03,0.83,-0.79,249.9916,-420.01660000000004,-57.17659999999999,175,75
2026-05-09 15:09:50.787,4,-0.96,0.66,-0.99,232.4916,-322.33660000000003,-66.9266,175,75
2026-05-09 15:09:50.787,4,-0.93,0.62,-1.15,205.48160000000001,-185.01659999999998,-39.36659999999999,175,75
2026-05-09 15:09:50.798,4,-0.98,0.72,-1.13,172.4316,-65.8666,-7.666599999999999,175,75
2026-05-09 15:09:50.811,4,-0.91,0.81,-1.03,136.2116,48.15339999999999,10.993400000000001,175,75
2026-05-09 15:09:50.844,4,-0.39,0.85,-0.39,81.8816,203.8234,73.6134,175,75
2026-05-09 15:09:50.856,4,-0.16,0.82,-0.16,66.1516,149.2534,72.5834,175,75
2026-05-09 15:09:50.866,4,-0.03,0.83,-0.05,49.0816,79.4934,60.8134,175,75
2026-05-09 15:09:50.876,4,0.03,0.87,0.02,26.401600000000002,-12.946600000000004,44.653400000000005,175,75
2026-05-09 15:09:50.887,4,-0.01,0.94,-0.05,1.0315999999999974,-96.4166,32.2134,175,75
2026-05-09 15:09:50.898,4,-0.07,0.95,-0.23,-22.568399999999997,-142.8166,18.003400000000003,175,75
2026-05-09 15:09:50.910,4,0.16,0.88,-0.39,-41.16839999999999,-156.0566,12.883400000000002,175,75
2026-05-09 15:09:50.921,4,-0.01,0.93,-0.43,-68.1784,-156.96660000000003,28.1334,175,75
2026-05-09 15:09:50.933,4,-0.23,0.92,-0.52,-87.50840000000001,-96.2966,34.903400000000005,175,75
2026-05-09 15:09:50.944,4,-0.33,0.84,-0.41,-98.59839999999998,-29.096600000000002,38.0734,175,75
2026-05-09 15:09:50.944,4,-0.07,0.83,-0.38,-124.02839999999999,34.8634,43.7434,175,75
2026-05-09 15:09:50.983,4,0.82,0.32,0.23,-138.1184,151.5734,5.383400000000002,175,75
2026-05-09 15:09:50.994,4,0.93,0.29,0.48,-153.53840000000002,181.02339999999998,33.9234,175,75
2026-05-09 15:09:51.006,4,1.11,-0.13,0.57,-161.95839999999998,203.09339999999997,16.4234,175,75
2026-05-09 15:09:51.027,4,1.28,-1.05,0.8,-178.66840000000002,149.98340000000002,7.523400000000002,175,75
2026-05-09 15:09:51.027,4,1.36,-1.68,0.92,-188.72839999999997,89.1934,-24.856599999999997,175,75
2026-05-09 15:09:51.060,4,1.76,-2.09,1.27,-274.3984,9.2534,-135.16660000000002,175,75
2026-05-09 15:09:51.085,4,1.68,-1.94,1.04,-318.59839999999997,77.9734,-186.9966,175,75
2026-05-09 15:09:51.097,4,1.52,-2.31,0.84,-307.5084,171.2034,-191.50660000000002,175,75
2026-05-09 15:09:51.107,4,1.32,-2.7,0.93,-307.3184,277.2434,-191.44660000000002,175,75
2026-05-09 15:09:51.118,4,1.22,-3.01,1.15,-309.3384,377.97339999999997,-195.0966,175,75
2026-05-09 15:09:51.127,4,1.12,-3.22,1.47,-301.03839999999997,420.5934,-193.63660000000002,175,75
2026-05-09 15:09:51.138,4,1.65,-3.61,2.35,-236.09839999999997,248.64339999999999,-254.73659999999998,175,75
2026-05-09 15:09:51.163,4,0.51,-3.99,2.68,-215.1884,186.9934,-342.23659999999995,175,75
2026-05-09 15:09:51.170,4,0.48,-3.68,2.77,-277.4484,194.92340000000002,-406.1966,175,75
2026-05-09 15:09:51.182,4,0.78,-3.14,2.62,-296.5884,187.1134,-418.0266,175,75
2026-05-09 15:09:51.203,4,0.73,-3.2,2.1,-253.84839999999997,201.3234,-400.16659999999996,175,75
2026-05-09 15:09:51.245,4,0.02,-3.18,2.23,-193.41839999999996,219.6834,-444.4966,175,75
2026-05-09 15:09:51.263,4,-0.4,-2.77,2.36,-183.0584,186.6934,-494.1866,175,75
2026-05-09 15:09:51.275,4,-0.35,-2.46,2.38,-198.41839999999996,163.46339999999998,-507.47659999999996,175,75
2026-05-09 15:09:51.285,4,-0.25,-2.19,2.3,-210.5584,141.08339999999998,-499.61659999999995,175,75
2026-05-09 15:09:51.298,4,-0.18,-1.92,2.14,-219.6384,122.2434,-473.0866,175,75
2026-05-09 15:09:51.309,4,-0.22,-1.76,1.94,-218.84839999999997,118.5834,-442.35659999999996,175,75
2026-05-09 15:09:51.320,4,-0.33,-1.66,1.77,-215.5584,134.0734,-425.5266,175,75
2026-05-09 15:09:51.349,4,-0.56,-1.03,1.7,-192.0784,183.40339999999998,-402.1166,175,75
2026-05-09 15:09:51.363,4,-0.72,-0.75,1.81,-179.8884,159.0734,-382.41659999999996,175,75
2026-05-09 15:09:51.379,4,-0.76,-0.56,1.82,-179.39839999999998,144.98340000000002,-374.85659999999996,175,75
2026-05-09 15:09:51.379,4,-0.73,-0.44,1.83,-184.02839999999998,120.8334,-372.41659999999996,175,75
2026-05-09 15:09:51.400,4,-0.71,-0.22,1.72,-188.35839999999996,74.68339999999999,-344.73659999999995,175,75
2026-05-09 15:09:51.427,4,-0.8,-0.08,1.62,-181.95839999999998,54.493399999999994,-323.9466,175,75
2026-05-09 15:09:51.439,4,-0.88,0.04,1.6,-171.28840000000002,56.873400000000004,-307.96659999999997,175,75
2026-05-09 15:09:51.453,4,-0.95,0.18,1.61,-153.47840000000002,58.0934,-288.1466,175,75
2026-05-09 15:09:51.486,4,-1.17,0.4,1.78,-108.78840000000001,34.553399999999996,-231.50660000000002,175,75
2026-05-09 15:09:51.499,4,-1.14,0.44,1.78,-101.34839999999998,11.873399999999997,-219.3666,175,75
2026-05-09 15:09:51.531,4,-1.24,0.66,1.71,-86.6484,-37.086600000000004,-174.7966,175,75
2026-05-09 15:09:51.543,4,-1.26,0.77,1.71,-71.8384,-22.396600000000003,-152.2966,175,75
2026-05-09 15:09:51.553,4,-1.2,0.85,1.72,-57.998400000000004,-8.796600000000003,-134.91660000000002,175,75
2026-05-09 15:09:51.575,4,-1.03,0.98,1.74,-32.508399999999995,-4.896600000000003,-99.8566,175,75
2026-05-09 15:09:51.586,4,-0.99,1.02,1.73,-20.498400000000004,-10.926600000000002,-84.00659999999999,175,75
2026-05-09 15:09:51.596,4,-0.97,1.05,1.71,-2.628399999999999,-19.286600000000004,-62.47659999999999,175,75
2026-05-09 15:09:51.608,4,-0.97,1.07,1.71,11.821600000000004,-23.006600000000002,-45.83659999999999,175,75
2026-05-09 15:09:51.608,4,-1.02,1.12,1.75,30.181600000000003,-23.186600000000002,-19.676599999999997,175,75
2026-05-09 15:09:51.623,4,-1.07,1.18,1.8,45.66160000000001,-12.816600000000003,7.823400000000003,175,75
2026-05-09 15:09:51.634,4,-1.08,1.22,1.85,57.0016,-4.706600000000002,32.0934,175,75
2026-05-09 15:09:51.658,4,-0.99,1.25,1.94,79.7516,-36.5966,77.7034,175,75
2026-05-09 15:09:51.676,4,-0.92,1.24,1.92,89.5116,-93.67660000000001,100.02340000000001,175,75
2026-05-09 15:09:51.687,4,-0.9,1.21,1.85,97.4316,-155.6866,123.8634,175,75
2026-05-09 15:09:51.687,4,-0.91,1.18,1.81,113.0416,-171.1766,151.36339999999998,175,75
2026-05-09 15:09:51.710,4,-0.75,0.95,1.61,142.1916,-209.34660000000002,213.3734,175,75
2026-05-09 15:09:51.720,4,-0.68,0.85,1.51,153.22160000000002,-247.7566,228.74339999999998,175,75
2026-05-09 15:09:51.736,4,-0.67,0.8,1.41,178.5316,-288.7366,262.5234,175,75
2026-05-09 15:09:51.749,4,-0.7,0.71,1.32,208.65160000000003,-309.77660000000003,306.9734,175,75
2026-05-09 15:09:51.760,4,-0.66,0.49,1.22,239.6916,-312.20660000000004,358.1934,175,75
2026-05-09 15:09:51.760,4,-0.6,0.27,1.15,257.1316,-307.51660000000004,393.2534,175,75
2026-05-09 15:09:51.771,4,-0.54,-0.04,1.12,279.2616,-289.77660000000003,434.2234,175,75
2026-05-09 15:09:51.780,4,-0.51,-0.28,1.12,302.5516,-268.0666,466.9134,175,75
2026-05-09 15:09:51.793,4,-0.5,-0.6,1.14,333.83160000000004,-223.97660000000002,506.4834,175,75
2026-05-09 15:09:51.812,4,-0.48,-0.99,1.19,360.5416,-168.4866,552.7034,175,75
2026-05-09 15:09:51.832,4,-0.57,-1.49,1.37,366.0916,-122.3966,648.6134000000001,175,75
2026-05-09 15:09:51.856,4,-0.8,-2.06,1.77,351.46160000000003,-176.41660000000002,801.9734,175,75
2026-05-09 15:09:51.856,4,-1.16,-2.52,2.23,357.1316,-276.4166,843.4934000000001,175,75
2026-05-09 15:09:51.867,4,-1.78,-3.06,2.51,377.8616,-353.1266,850.5734,175,75
2026-05-09 15:09:51.897,4,-2.83,-5.04,2.65,343.3516,-414.89660000000003,816.2434000000001,175,75
2026-05-09 15:09:51.910,4,-3.35,-5.63,2.25,297.5516,-459.52660000000003,734.7734,175,75
2026-05-09 15:09:51.976,4,-0.8,-3.27,0.85,348.71160000000003,-232.8166,281.9734,175,75
2026-05-09 15:09:51.976,4,-0.8,-3.14,1.23,362.8616,-213.91660000000002,243.9834,175,75
2026-05-09 15:09:51.993,4,-0.7,-3.02,1.51,324.8716,-219.16660000000002,174.71339999999998,175,75
2026-05-09 15:09:52.005,4,-0.62,-2.85,1.55,256.6416,-231.66660000000002,108.0034,175,75
2026-05-09 15:09:52.015,4,-0.5,-2.63,1.45,190.0516,-230.8666,57.153400000000005,175,75
2026-05-09 15:09:52.026,4,-0.38,-2.42,1.3,146.70159999999998,-234.64659999999998,22.703400000000002,175,75
2026-05-09 15:09:52.038,4,-0.18,-2.14,1.07,131.0316,-255.07659999999998,-8.456599999999998,175,75
2026-05-09 15:09:52.048,4,-0.05,-1.88,0.9,155.1116,-286.2366,-31.4466,175,75
2026-05-09 15:09:52.058,4,0.04,-1.72,0.78,194.8116,-311.4166,-48.456599999999995,175,75
2026-05-09 15:09:52.069,4,0.12,-1.56,0.69,253.16160000000002,-343.4266,-75.9566,175,75
2026-05-09 15:09:52.069,4,0.13,-1.44,0.68,290.3016,-362.9466,-102.2966,175,75
2026-05-09 15:09:52.093,4,0.29,-1.22,0.71,315.9716,-389.0366,-132.2966,175,75
2026-05-09 15:09:52.097,4,0.64,-0.87,0.86,295.9116,-428.4966,-92.1766,175,75
2026-05-09 15:09:52.111,4,0.13,-0.29,0.66,244.6916,-494.2866,-5.406600000000001,175,75
2026-05-09 15:09:52.124,4,-0.33,-0.07,0.35,234.4416,-514.7066,-18.146599999999996,175,75
2026-05-09 15:09:52.129,4,-0.61,0.17,0.08,232.2516,-500.6266,-76.44659999999999,175,75
2026-05-09 15:09:52.142,4,-0.54,0.48,-0.16,226.15160000000003,-467.7566,-118.6966,175,75
2026-05-09 15:09:52.215,4,-0.79,0.68,-0.1,63.5916,-52.3966,34.043400000000005,175,75
2026-05-09 15:09:52.228,4,0.47,0.71,0.13,-66.8984,-316.9666,-32.4166,175,75
2026-05-09 15:09:52.238,4,-0.02,1.08,-0.09,-78.78840000000001,-385.4466,-69.36659999999999,175,75
2026-05-09 15:09:52.250,4,-0.2,1.31,-0.24,-49.8184,-344.77660000000003,-36.44659999999999,175,75
2026-05-09 15:09:52.268,4,-0.85,1.28,-0.41,-45.30839999999999,-206.2966,10.083400000000001,175,75
2026-05-09 15:09:52.278,4,-1.09,1.02,-0.53,-61.7084,-51.9666,21.053400000000003,175,75
2026-05-09 15:09:52.290,4,-0.89,0.83,-0.45,-80.8584,83.15339999999999,38.5534,175,75
2026-05-09 15:09:52.315,4,-0.46,0.39,0.03,-91.8984,179.1334,72.46340000000001,175,75
2026-05-09 15:09:52.326,4,-0.33,0.03,0.17,-102.68839999999999,149.92340000000002,65.3234,175,75
2026-05-09 15:09:52.336,4,-0.33,-0.28,0.29,-127.80839999999999,111.69340000000001,66.0534,175,75
2026-05-09 15:09:52.349,4,-0.35,-0.64,0.4,-168.66840000000002,96.5034,80.1434,175,75
2026-05-09 15:09:52.374,4,-0.06,-0.85,0.55,-207.0784,65.3534,96.24340000000001,175,75
2026-05-09 15:09:52.407,4,0.23,-1.44,0.39,-255.79839999999996,85.65339999999999,104.5334,175,75
2026-05-09 15:09:52.418,4,0.25,-1.65,0.3,-272.9984,106.2034,107.1534,175,75
2026-05-09 15:09:52.433,4,0.19,-1.8,0.24,-292.0184,127.5434,111.30340000000001,175,75
2026-05-09 15:09:52.445,4,0.13,-1.97,0.2,-317.3184,188.8834,117.4034,175,75
2026-05-09 15:09:52.464,4,0.36,-2.33,0.29,-355.6184,337.79339999999996,120.8734,175,75
2026-05-09 15:09:52.474,4,0.45,-2.44,0.44,-361.5284,379.3734,120.8734,175,75
2026-05-09 15:09:52.514,4,0.17,-2.54,1.2,-284.2084,280.6534,-8.0866,175,75
2026-05-09 15:09:52.525,4,0.15,-2.57,1.18,-294.7584,336.9334,-36.1366,175,75
2026-05-09 15:09:52.547,4,0.7,-2.45,1.15,-383.9084,392.2434,-118.5166,175,75
2026-05-09 15:09:52.556,4,0.65,-2.54,1.06,-394.2084,418.4034,-94.1866,175,75
2026-05-09 15:09:52.568,4,0.56,-2.78,1.08,-408.41839999999996,483.4034,-56.9966,175,75
2026-05-09 15:09:52.583,4,0.6,-3.06,1.27,-419.5184,498.3334,-41.50659999999999,175,75
2026-05-09 15:09:52.594,4,0.3,-3.38,1.48,-402.3184,398.2134,-74.8566,175,75
2026-05-09 15:09:52.605,4,-0.77,-3.65,1.43,-370.3084,329.4334,-125.77659999999999,175,75
2026-05-09 15:09:52.617,4,-1.42,-3.77,1.56,-359.0284,323.2734,-213.94660000000002,175,75
2026-05-09 15:09:52.617,4,-1.63,-3.68,1.68,-355.73839999999996,356.0234,-311.5666,175,75
2026-05-09 15:09:52.630,4,-1.42,-3.3,1.82,-356.34839999999997,420.47339999999997,-414.2466,175,75
2026-05-09 15:09:52.672,4,-0.25,-1.31,1.93,-321.28839999999997,258.4034,-396.6266,175,75
2026-05-09 15:09:52.695,4,-0.41,-0.92,1.69,-285.4284,210.77339999999998,-328.2066,175,75
2026-05-09 15:09:52.711,4,-0.56,-0.8,1.59,-266.8384,195.71339999999998,-311.1966,175,75
2026-05-09 15:09:52.721,4,-0.74,-0.68,1.58,-247.2584,194.6134,-304.73659999999995,175,75
2026-05-09 15:09:52.733,4,-0.96,-0.44,1.64,-217.3884,204.8034,-304.1266,175,75
2026-05-09 15:09:52.746,4,-1.04,-0.2,1.77,-192.1384,208.40339999999998,-306.0166,175,75
2026-05-09 15:09:52.772,4,-1.02,0.76,2.11,-161.52839999999998,142.1134,-196.6866,175,75
2026-05-09 15:09:52.800,4,-1.26,0.86,2.14,-98.1184,61.993399999999994,-158.3366,175,75
2026-05-09 15:09:52.800,4,-1.37,0.85,2.16,-75.8584,29.133399999999995,-134.7366,175,75
2026-05-09 15:09:52.830,4,-1.44,0.86,2.1,-42.6284,-45.016600000000004,-85.03659999999999,175,75
2026-05-09 15:09:52.859,4,-1.41,0.87,2.0,-27.0184,-96.84660000000001,-55.64659999999999,175,75
2026-05-09 15:09:52.859,4,-1.4,0.86,1.88,-5.678399999999996,-132.8166,-28.5166,175,75
2026-05-09 15:09:52.878,4,-1.41,0.83,1.75,25.971600000000002,-158.91660000000002,-0.8365999999999971,175,75
2026-05-09 15:09:52.878,4,-1.37,0.81,1.61,65.6616,-170.9866,24.1034,175,75
2026-05-09 15:09:52.899,4,-1.28,0.78,1.52,98.4116,-170.8666,48.1334,175,75
2026-05-09 15:09:52.899,4,-1.13,0.77,1.48,123.4716,-168.4266,71.3034,175,75
2026-05-09 15:09:52.912,4,-1.02,0.76,1.44,140.97160000000002,-171.59660000000002,87.0934,175,75
2026-05-09 15:09:52.937,4,-0.81,0.73,1.36,178.16160000000002,-190.01659999999998,109.83340000000001,175,75
2026-05-09 15:09:52.950,4,-0.65,0.72,1.25,223.35160000000002,-185.9266,139.8334,175,75
2026-05-09 15:09:52.967,4,-0.6,0.7,1.28,255.4216,-134.03660000000002,178.61339999999998,175,75
2026-05-09 15:09:52.979,4,-0.55,0.65,1.35,267.7416,-108.9166,192.0334,175,75
2026-05-09 15:09:52.991,4,-0.46,0.67,1.46,277.4916,-100.2566,209.2234,175,75
2026-05-09 15:09:53.009,4,-0.29,0.76,1.56,278.3516,-136.72660000000002,221.7234,175,75
2026-05-09 15:09:53.023,4,0.34,0.68,1.55,277.6116,-237.27660000000003,193.3734,175,75
2026-05-09 15:09:53.031,4,0.91,0.59,1.32,292.7416,-392.14660000000003,150.5034,175,75
2026-05-09 15:09:53.048,4,1.3,0.5,0.54,326.64160000000004,-569.7766,93.49340000000001,175,75
2026-05-09 15:09:53.052,4,1.42,0.39,0.03,344.02160000000003,-664.7066,59.903400000000005,175,75
2026-05-09 15:09:53.069,4,1.18,0.26,-0.86,335.6616,-774.7066,-9.4866,175,75
2026-05-09 15:09:53.082,4,1.29,0.2,-1.54,279.8116,-821.1766,-44.1866,175,75
2026-05-09 15:09:53.093,4,1.19,0.04,-2.15,195.85160000000002,-864.7066,-63.94659999999999,175,75
2026-05-09 15:09:53.104,4,0.49,-0.06,-2.78,81.0916,-954.3466,-106.56660000000001,175,75
2026-05-09 15:09:53.116,4,-1.05,0.1,-3.38,-71.40839999999999,-948.8566000000001,-133.81660000000002,175,75
2026-05-09 15:09:53.116,4,-2.43,0.66,-4.46,-283.29839999999996,-649.4666,-154.4266,175,75
2026-05-09 15:09:53.143,4,-1.0,3.72,-5.28,-452.86839999999995,-146.84660000000002,-69.97659999999999,175,75
2026-05-09 15:09:53.154,4,-1.2,4.36,-4.59,-298.59839999999997,122.1134,113.13340000000001,175,75
2026-05-09 15:09:53.164,4,-1.46,3.37,-3.48,-219.45839999999998,462.72339999999997,250.2634,175,75
2026-05-09 15:09:53.175,4,-0.75,2.3,-2.81,-258.78839999999997,563.8833999999999,254.5934,175,75
2026-05-09 15:09:53.203,4,-0.04,1.25,-1.68,-383.9684,412.36339999999996,141.36339999999998,175,75
2026-05-09 15:09:53.203,4,-0.09,1.15,-1.36,-425.73839999999996,343.1534,100.7534,175,75
2026-05-09 15:09:53.226,4,-0.27,1.17,-1.16,-450.36839999999995,256.8134,59.2234,175,75
2026-05-09 15:09:53.254,4,-0.56,0.98,-1.11,-409.8184,314.5534,79.1634,175,75
2026-05-09 15:09:53.264,4,-0.53,0.89,-0.99,-393.72839999999997,370.04339999999996,91.6634,175,75
2026-05-09 15:09:53.277,4,-0.43,0.77,-0.73,-373.29839999999996,440.5934,98.49340000000001,175,75
2026-05-09 15:09:53.288,4,-0.35,0.72,-0.51,-358.78839999999997,478.8834,98.9234,175,75
2026-05-09 15:09:53.288,4,-0.26,0.68,-0.3,-341.7084,507.11339999999996,95.7534,175,75
2026-05-09 15:09:53.302,4,-0.15,0.65,-0.02,-309.0284,523.3334,88.1934,175,75
2026-05-09 15:09:53.315,4,-0.14,0.64,0.2,-276.4684,517.6034,82.0934,175,75
2026-05-09 15:09:53.325,4,-0.18,0.65,0.37,-249.6384,510.65340000000003,78.9234,175,75
2026-05-09 15:09:53.368,4,-0.24,0.72,1.2,-162.8084,546.7533999999999,114.9034,175,75
2026-05-09 15:09:53.379,4,-0.24,0.73,1.42,-127.99839999999999,547.9134,127.52340000000001,175,75
2026-05-09 15:09:53.390,4,-0.24,0.69,1.67,-86.40839999999999,541.0234,135.8134,175,75
2026-05-09 15:09:53.400,4,-0.07,0.6,2.0,-32.0784,484.98339999999996,123.3134,175,75
2026-05-09 15:09:53.413,4,-0.01,0.43,2.22,14.991600000000005,344.8034,73.9834,175,75
2026-05-09 15:09:53.427,4,-0.27,0.26,2.2,36.0916,256.8734,37.763400000000004,175,75
2026-05-09 15:09:53.427,4,-0.3,0.27,2.06,31.821600000000004,248.40339999999998,26.913400000000003,175,75
2026-05-09 15:09:53.439,4,-0.21,0.38,1.94,30.361600000000003,245.71339999999998,28.1934,175,75
2026-05-09 15:09:53.458,4,-0.17,0.5,1.86,45.91160000000001,235.04340000000002,35.6334,175,75
2026-05-09 15:09:53.474,4,-0.24,0.52,1.78,85.8516,211.9334,54.96340000000001,175,75
2026-05-09 15:09:53.485,4,-0.36,0.47,1.72,106.33160000000001,201.3234,64.0434,175,75
2026-05-09 15:09:53.485,4,-0.4,0.44,1.69,117.2516,193.9434,71.5434,175,75
2026-05-09 15:09:53.496,4,-0.45,0.41,1.62,132.8616,179.3734,74.9034,175,75
2026-05-09 15:09:53.507,4,-0.42,0.39,1.57,143.5316,172.1134,78.49340000000001,175,75
2026-05-09 15:09:53.521,4,-0.29,0.37,1.49,151.8216,166.5734,89.4734,175,75
2026-05-09 15:09:53.534,4,-0.24,0.35,1.43,157.9216,156.6334,96.72340000000001,175,75
2026-05-09 15:09:53.545,4,-0.3,0.33,1.31,168.35160000000002,145.71339999999998,104.6534,175,75
2026-05-09 15:09:53.583,4,-0.44,0.45,1.09,183.04160000000002,178.40339999999998,147.3334,175,75
2026-05-09 15:09:53.594,4,-0.48,0.47,1.04,184.0816,199.3134,165.93339999999998,175,75
2026-05-09 15:09:53.635,4,-0.46,0.39,1.3,155.0516,248.40339999999998,201.7234,175,75
2026-05-09 15:09:53.645,4,-0.44,0.41,1.35,143.9016,206.8134,187.8234,175,75
2026-05-09 15:09:53.668,4,-0.6,0.63,1.25,120.4816,121.63340000000001,156.7934,175,75
2026-05-09 15:09:53.679,4,-0.55,0.81,1.16,111.9416,104.1334,156.18339999999998,175,75
2026-05-09 15:09:53.691,4,-0.47,0.94,1.06,113.5316,95.5934,158.80339999999998,175,75
2026-05-09 15:09:53.691,4,-0.34,0.99,0.97,121.64160000000001,92.18339999999999,162.1534,175,75
2026-05-09 15:09:53.701,4,-0.25,0.99,0.92,132.2516,88.4634,164.83339999999998,175,75
2026-05-09 15:09:53.713,4,-0.19,0.93,0.94,135.3016,79.43339999999999,159.1634,175,75
2026-05-09 15:09:53.726,4,-0.06,0.91,0.99,125.9716,45.413399999999996,140.14339999999999,175,75
2026-05-09 15:09:53.741,4,0.07,1.02,1.05,108.0416,-36.116600000000005,108.74340000000001,175,75
2026-05-09 15:09:53.751,4,0.14,1.2,1.01,98.9616,-108.5566,78.3734,175,75
2026-05-09 15:09:53.782,4,0.16,1.41,0.22,104.4416,-308.6166,-14.066599999999998,175,75
2026-05-09 15:09:53.811,4,-0.03,2.23,0.12,69.5716,-225.6266,-2.4765999999999977,175,75
2026-05-09 15:09:53.834,4,0.17,2.61,0.09,59.141600000000004,-219.46660000000003,3.5534000000000034,175,75
2026-05-09 15:09:53.844,4,0.16,2.42,-0.01,61.7016,-256.7866,-0.6465999999999994,175,75
2026-05-09 15:09:53.854,4,-0.01,2.28,-0.04,59.5016,-277.63660000000004,-0.4665999999999997,175,75
2026-05-09 15:09:53.873,4,-0.14,2.58,0.06,26.5816,-271.2366,9.713400000000004,175,75
2026-05-09 15:09:53.885,4,0.02,2.84,0.07,2.3115999999999985,-281.1766,20.573400000000003,175,75
2026-05-09 15:09:53.896,4,0.12,2.83,-0.0,-7.448399999999992,-306.7866,24.773400000000002,175,75
2026-05-09 15:09:53.906,4,0.15,2.69,-0.08,-14.818399999999997,-320.6266,30.3834,175,75
2026-05-09 15:09:53.906,4,0.16,2.6,-0.14,-23.358400000000003,-316.1166,37.6434,175,75
2026-05-09 15:09:53.930,4,0.36,2.62,-0.04,-48.47839999999999,-260.1966,68.9234,175,75
2026-05-09 15:09:53.975,4,0.61,2.29,0.19,-74.5184,-274.8966,94.77340000000001,175,75
2026-05-09 15:09:53.993,4,0.96,2.1,0.17,-80.9184,-281.1766,105.38340000000001,175,75
2026-05-09 15:09:54.005,4,1.06,2.02,0.13,-76.5884,-257.7566,117.6434,175,75
2026-05-09 15:09:54.019,4,1.04,1.86,0.22,-71.9584,-245.9866,140.14339999999999,175,75
2026-05-09 15:09:54.036,4,0.92,1.74,0.29,-70.12839999999998,-233.6166,156.9734,175,75
2026-05-09 15:09:54.045,4,1.18,1.53,0.41,-73.90839999999999,-141.84660000000002,194.77339999999998,175,75
2026-05-09 15:09:54.057,4,1.38,1.22,0.47,-67.62839999999998,-53.7366,217.27339999999998,175,75
2026-05-09 15:09:54.086,4,0.95,0.87,0.78,-61.168400000000005,-7.146600000000003,257.15340000000003,175,75
2026-05-09 15:09:54.090,4,0.63,0.82,0.92,-57.5684,-14.526600000000002,278.7434,175,75
2026-05-09 15:09:54.113,4,0.71,0.33,1.14,-48.66839999999999,83.7634,323.6834,175,75
2026-05-09 15:09:54.117,4,0.91,-0.09,1.15,-33.8484,171.7534,341.6634,175,75
2026-05-09 15:09:54.134,4,1.33,-0.58,1.54,-13.058399999999992,224.7434,329.71340000000004,175,75
2026-05-09 15:09:54.142,4,1.63,-0.74,2.06,-0.9183999999999912,168.46339999999998,277.8234,175,75
2026-05-09 15:09:54.157,4,10.48,-3.32,4.58,115.2416,361.3834,-74.61659999999999,175,75
2026-05-09 15:09:54.189,4,1.82,0.22,2.19,302.9216,-10.806600000000003,-44.2466,175,75
2026-05-09 15:09:54.223,4,1.22,0.82,0.76,87.4316,-83.1866,-35.586600000000004,175,75
2026-05-09 15:09:54.239,4,0.74,0.81,0.58,165.97160000000002,-130.9966,-39.67659999999999,175,75
2026-05-09 15:09:54.241,4,0.4,1.09,0.59,127.0716,-124.5266,-33.6366,175,75
2026-05-09 15:09:54.256,4,0.24,1.4,0.32,53.961600000000004,-130.1966,-52.236599999999996,175,75
2026-05-09 15:09:54.268,4,0.13,1.73,0.16,10.971600000000002,-128.1266,-57.66659999999999,175,75
2026-05-09 15:09:54.284,4,-0.15,2.29,0.08,6.701599999999999,-94.5866,-36.44659999999999,175,75
2026-05-09 15:09:54.296,4,-0.38,2.72,0.18,44.2016,-19.646600000000003,3.613400000000002,175,75
2026-05-09 15:09:54.300,4,-0.35,2.74,0.33,54.381600000000006,35.0434,27.8834,175,75
2026-05-09 15:09:54.314,4,-0.31,2.63,0.43,28.291600000000003,54.1934,35.693400000000004,175,75
2026-05-09 15:09:54.325,4,-0.22,2.46,0.56,-9.758399999999995,83.7634,45.6934,175,75
2026-05-09 15:09:54.337,4,-0.07,2.41,0.65,-21.4084,111.87339999999999,61.913399999999996,175,75
2026-05-09 15:09:54.350,4,0.22,2.36,0.85,-32.44839999999999,116.93339999999999,75.1434,175,75
2026-05-09 15:09:54.364,4,0.97,2.02,1.0,-67.50840000000001,129.98340000000002,84.2934,175,75
2026-05-09 15:09:54.395,4,1.12,1.79,0.74,-106.40839999999999,68.5234,78.6134,175,75
2026-05-09 15:09:54.414,4,4.25,1.26,0.78,-145.3084,334.0734,70.2034,175,75
2026-05-09 15:09:54.425,4,6.92,0.43,1.08,-118.2984,461.9934,-7.906600000000001,175,75
2026-05-09 15:09:54.445,4,2.84,0.64,1.67,2.6115999999999957,295.9034,-120.7066,175,75
2026-05-09 15:09:54.459,4,2.52,1.19,1.46,-76.9584,282.48339999999996,-175.4066,175,75
2026-05-09 15:09:54.472,4,2.22,1.52,1.08,-108.1184,248.27339999999998,-182.9066,175,75
2026-05-09 15:09:54.484,4,1.79,1.75,0.68,-86.22840000000001,240.90339999999998,-152.1166,175,75
2026-05-09 15:09:54.504,4,1.3,1.52,0.2,-69.0884,384.3734,-51.44659999999999,175,75
2026-05-09 15:09:54.518,4,1.22,1.32,0.33,-51.038399999999996,477.54339999999996,-0.16659999999999897,175,75
2026-05-09 15:09:54.530,4,1.09,1.11,0.76,-15.1284,529.8034,43.5534,175,75
2026-05-09 15:09:54.544,4,0.99,0.95,1.08,11.881600000000006,519.4334,58.4934,175,75
2026-05-09 15:09:54.563,4,0.88,0.74,1.35,41.5816,454.4934,51.1134,175,75
2026-05-09 15:09:54.563,4,0.64,0.58,1.52,60.1116,337.85339999999997,34.043400000000005,175,75
2026-05-09 15:09:54.574,4,0.23,0.58,1.54,67.7416,239.4934,17.093400000000003,175,75
2026-05-09 15:09:54.588,4,0.08,0.57,1.48,71.2716,195.65339999999998,8.073400000000003,175,75
2026-05-09 15:09:54.598,4,0.08,0.52,1.34,71.94160000000001,169.8634,3.073400000000003,175,75
2026-05-09 15:09:54.624,4,-0.07,0.57,1.12,86.33160000000001,174.0734,18.193400000000004,175,75
2026-05-09 15:09:54.634,4,-0.18,0.57,1.15,103.16159999999999,216.3834,40.0834,175,75
2026-05-09 15:09:54.644,4,-0.25,0.55,1.22,112.80160000000001,219.4934,51.543400000000005,175,75
2026-05-09 15:09:54.657,4,-0.32,0.53,1.29,116.64160000000001,203.7634,54.043400000000005,175,75
2026-05-09 15:09:54.669,4,-0.34,0.52,1.28,117.55160000000001,193.8234,57.7034,175,75
2026-05-09 15:09:54.679,4,-0.31,0.49,1.19,124.0216,198.40339999999998,64.4134,175,75
2026-05-09 15:09:54.691,4,-0.27,0.49,1.11,133.7116,213.03339999999997,76.4834,175,75
2026-05-09 15:09:54.718,4,-0.18,0.51,1.03,146.64159999999998,263.0334,102.4034,175,75
2026-05-09 15:09:54.718,4,-0.17,0.52,1.03,153.9016,277.48339999999996,116.05340000000001,175,75
2026-05-09 15:09:54.730,4,-0.22,0.51,1.06,163.7116,284.8034,134.0434,175,75
2026-05-09 15:09:54.740,4,-0.3,0.44,1.09,170.2416,286.3834,148.3134,175,75
2026-05-09 15:09:54.749,4,-0.27,0.36,1.12,170.4216,282.60339999999997,156.6634,175,75
2026-05-09 15:09:54.781,4,-0.22,0.31,1.14,168.35160000000002,269.2534,167.64339999999999,175,75
2026-05-09 15:09:54.781,4,-0.26,0.33,1.12,168.9616,261.1434,171.4834,175,75
2026-05-09 15:09:54.797,4,-0.28,0.38,1.15,168.10160000000002,253.46339999999998,177.64339999999999,175,75
2026-05-09 15:09:54.839,4,-0.29,0.58,1.28,146.8816,201.02339999999998,203.1334,175,75
2026-05-09 15:09:54.851,4,-0.2,0.62,1.23,143.10160000000002,170.65339999999998,205.8734,175,75
2026-05-09 15:09:54.872,4,-0.11,0.78,1.18,143.29160000000002,131.2634,215.5734,175,75
2026-05-09 15:09:54.882,4,-0.1,0.85,1.18,144.14159999999998,107.6634,219.6534,175,75
2026-05-09 15:09:54.883,4,-0.12,0.89,1.17,147.0716,80.5934,222.8234,175,75
2026-05-09 15:09:54.900,4,-0.06,0.9,1.13,145.66160000000002,51.993399999999994,228.68339999999998,175,75
2026-05-09 15:09:54.911,4,0.1,0.93,1.06,139.8116,27.303399999999996,228.2534,175,75
2026-05-09 15:09:54.923,4,0.25,0.95,0.99,138.10160000000002,1.6333999999999982,220.93339999999998,175,75
2026-05-09 15:09:54.953,4,0.33,0.99,0.66,144.3216,-82.3966,192.27339999999998,175,75
2026-05-09 15:09:54.967,4,0.44,1.14,0.55,136.3316,-83.1266,186.24339999999998,175,75
2026-05-09 15:09:54.977,4,0.57,1.22,0.45,129.7516,-84.5266,178.1334,175,75
2026-05-09 15:09:54.988,4,0.66,1.32,0.36,124.0216,-96.0566,164.9034,175,75
2026-05-09 15:09:55.000,4,0.66,1.37,0.29,120.66159999999999,-109.4666,152.4034,175,75
2026-05-09 15:09:55.014,4,0.63,1.33,0.17,116.8216,-122.8866,137.0934,175,75
2026-05-09 15:09:55.026,4,0.66,1.28,0.06,112.4316,-134.4666,124.6534,175,75
2026-05-09 15:09:55.038,4,0.76,1.61,0.07,82.61160000000001,-163.3666,108.0034,175,75
2026-05-09 15:09:55.047,4,0.86,1.78,0.03,65.1116,-171.47660000000002,94.83340000000001,175,75
2026-05-09 15:09:55.074,4,0.82,1.61,-0.13,38.5916,-177.57659999999998,60.263400000000004,175,75
2026-05-09 15:09:55.085,4,0.71,1.66,-0.11,23.7716,-156.84660000000002,51.3634,175,75
2026-05-09 15:09:55.100,4,0.68,1.83,-0.03,6.821600000000004,-140.1366,49.903400000000005,175,75
2026-05-09 15:09:55.114,4,0.77,1.99,0.06,-7.998400000000004,-140.3866,50.9934,175,75
2026-05-09 15:09:55.125,4,0.87,1.98,0.09,-16.52839999999999,-167.45659999999998,46.2434,175,75
2026-05-09 15:09:55.145,4,0.78,1.81,0.11,-43.2384,-206.1166,32.2734,175,75
2026-05-09 15:09:55.155,4,0.76,1.81,0.1,-56.7084,-212.6366,23.003400000000003,175,75
2026-05-09 15:09:55.168,4,0.76,1.97,0.14,-67.74839999999999,-219.09660000000002,17.273400000000002,175,75
2026-05-09 15:09:55.192,4,0.84,1.95,0.08,-78.4184,-239.09660000000002,20.3834,175,75
2026-05-09 15:09:55.211,4,0.84,2.0,0.06,-92.25840000000001,-262.8866,28.253400000000003,175,75
2026-05-09 15:09:55.228,4,0.86,1.89,-0.09,-104.6984,-276.1766,52.2734,175,75
2026-05-09 15:09:55.250,4,1.14,1.67,-0.11,-116.9584,-168.5566,84.0434,175,75
2026-05-09 15:09:55.269,4,1.26,1.6,-0.04,-123.78840000000001,-135.3866,87.1534,175,75
2026-05-09 15:09:55.280,4,1.22,1.55,0.02,-130.2484,-131.72660000000002,85.99340000000001,175,75
2026-05-09 15:09:55.291,4,1.21,1.51,0.09,-137.9284,-138.7966,86.0534,175,75
2026-05-09 15:09:55.299,4,1.3,1.45,0.13,-144.8184,-107.0266,92.1534,175,75
2026-05-09 15:09:55.318,4,1.49,1.35,0.14,-145.5584,-69.3466,93.55340000000001,175,75
2026-05-09 15:09:55.330,4,1.66,1.25,0.23,-146.64839999999998,-36.5966,88.2534,175,75
2026-05-09 15:09:55.341,4,1.63,1.18,0.45,-150.79840000000002,-27.2066,69.35340000000001,175,75
2026-05-09 15:09:55.354,4,1.53,1.19,0.55,-153.96839999999997,-27.8866,64.1634,175,75
2026-05-09 15:09:55.390,4,1.83,0.94,0.73,-156.58839999999998,62.9734,29.5334,175,75
2026-05-09 15:09:55.452,4,0.67,0.88,1.35,-115.06840000000001,35.0434,-15.346599999999999,175,75
2026-05-09 15:09:55.484,4,-0.15,1.0,1.52,-73.4184,10.963399999999996,18.3134,175,75
2026-05-09 15:09:55.496,4,-0.44,0.97,1.52,-56.7084,14.683399999999999,44.5334,175,75
2026-05-09 15:09:55.496,4,-0.6,0.89,1.55,-41.83839999999999,33.4034,73.9234,175,75
2026-05-09 15:09:55.509,4,-0.65,0.75,1.59,-23.598399999999998,61.633399999999995,108.3134,175,75
2026-05-09 15:09:55.520,4,-0.65,0.54,1.67,6.461600000000004,65.29339999999999,141.11339999999998,175,75
2026-05-09 15:09:55.545,4,-0.97,0.29,1.74,59.8716,6.633399999999998,177.8234,175,75
2026-05-09 15:09:55.561,4,-1.01,-0.04,1.58,123.9016,127.18339999999999,172.64339999999999,175,75
2026-05-09 15:09:55.572,4,4.33,-2.79,2.44,138.9616,178.09339999999997,22.4634,175,75
2026-05-09 15:09:55.572,4,1.58,-1.88,2.12,159.4416,-250.3166,38.4934,175,75
2026-05-09 15:09:55.592,4,-0.94,-0.22,1.29,263.8316,-161.35660000000001,81.1134,175,75
2026-05-09 15:09:55.615,4,-0.48,-0.1,1.65,318.7716,69.3734,141.0534,175,75
2026-05-09 15:09:55.643,4,-1.55,-0.54,1.08,451.9416,-38.006600000000006,267.3334,175,75
2026-05-09 15:09:55.654,4,-1.28,-0.75,1.16,473.83160000000004,-72.8166,312.09340000000003,175,75
2026-05-09 15:09:55.667,4,-1.2,-0.86,1.07,539.4416,-181.59660000000002,351.2434,175,75
2026-05-09 15:09:55.686,4,-1.56,-1.34,1.39,663.3516,-214.09660000000002,416.6034,175,75
2026-05-09 15:09:55.686,4,-1.63,-1.88,1.84,729.7516,-215.4466,476.9734,175,75
2026-05-09 15:09:55.707,4,-1.57,-3.05,2.73,793.7716,-378.9766,523.1934,175,75
2026-05-09 15:09:55.707,4,-2.16,-3.99,3.42,811.5816,-618.4266,534.2234,175,75
2026-05-09 15:09:55.719,4,-3.3,-4.9,3.7,787.1916,-753.2466000000001,550.1434,175,75
2026-05-09 15:09:55.730,4,-3.8,-6.35,3.47,702.3716000000001,-789.1666,501.9134,175,75
2026-05-09 15:09:55.760,4,-5.3,-7.9,0.95,293.3516,-716.7866,191.11339999999998,175,75
2026-05-09 15:09:55.760,4,-4.95,-6.88,-0.78,195.85160000000002,-525.0766,15.443400000000002,175,75
2026-05-09 15:09:55.774,4,-3.91,-5.68,-2.51,207.0716,-311.7866,-160.5266,175,75
2026-05-09 15:09:55.787,4,-2.79,-4.78,-3.16,322.9816,-142.6366,-173.0866,175,75
2026-05-09 15:09:55.799,4,-1.41,-3.62,-2.96,536.5816,53.46339999999999,40.0834,175,75
2026-05-09 15:09:55.806,4,-1.92,-3.32,-1.81,746.9416,52.9734,215.99339999999998,175,75
2026-05-09 15:09:55.818,4,-2.45,-3.89,-0.82,847.0116,-1.9666000000000032,190.8734,175,75
2026-05-09 15:09:55.832,4,-2.58,-4.65,0.25,814.1416,26.5734,143.4934,175,75
2026-05-09 15:09:55.845,4,-1.76,-4.98,0.87,590.0516,52.9734,97.52340000000001,175,75
2026-05-09 15:09:55.857,4,-1.1,-4.59,0.9,443.3516,-26.966600000000003,72.7034,175,75
2026-05-09 15:09:55.864,4,-0.28,-3.78,0.41,318.7116,-220.9866,111.05340000000001,175,75
2026-05-09 15:09:55.875,4,-0.41,-3.19,-0.08,300.0516,-410.6266,165.5734,175,75
2026-05-09 15:09:55.887,4,-1.3,-2.71,-0.53,334.5016,-516.0566,185.6334,175,75
2026-05-09 15:09:55.898,4,-2.22,-2.49,-0.91,379.6316,-490.5066,140.3834,175,75
2026-05-09 15:09:55.902,4,-2.57,-2.43,-1.22,397.3116,-365.5066,40.8134,175,75
2026-05-09 15:09:55.914,4,-2.13,-2.22,-1.3,370.4216,-237.14659999999998,-39.1866,175,75
2026-05-09 15:09:55.921,4,-1.43,-1.77,-1.23,339.3816,-191.1766,-96.80659999999999,175,75
2026-05-09 15:09:55.934,4,-1.11,-1.28,-1.17,367.2516,-254.34660000000002,-174.2466,175,75
2026-05-09 15:09:55.964,4,-1.41,-0.68,-1.12,426.58160000000004,-416.6666,-362.96659999999997,175,75
2026-05-09 15:09:55.976,4,-0.08,-0.12,-0.63,377.9216,-427.7566,-303.9466,175,75
2026-05-09 15:09:55.982,4,-0.95,1.63,-0.79,172.98160000000001,-374.58660000000003,113.13340000000001,175,75
2026-05-09 15:09:55.990,4,-1.95,1.91,-1.31,163.9016,-176.90660000000003,61.913399999999996,175,75
2026-05-09 15:09:56.010,4,-0.96,1.35,-0.93,245.2416,-5.566600000000003,30.143400000000003,175,75
2026-05-09 15:09:56.025,4,-0.73,1.03,-0.48,225.1116,50.773399999999995,129.5334,175,75
2026-05-09 15:09:56.048,4,-0.39,0.63,-0.14,100.11160000000001,-28.736600000000003,69.5334,175,75
2026-05-09 15:09:56.064,4,-0.27,1.07,-0.04,48.351600000000005,-164.77660000000003,48.4934,175,75
2026-05-09 15:09:56.090,4,-0.36,1.26,-0.08,46.881600000000006,-233.6166,41.6634,175,75
2026-05-09 15:09:56.090,4,-0.44,1.28,-0.21,42.9816,-265.5666,45.2034,175,75
2026-05-09 15:09:56.101,4,-0.48,1.16,-0.38,31.7616,-247.6366,42.153400000000005,175,75
2026-05-09 15:09:56.115,4,-0.5,1.04,-0.38,-6.468400000000003,-265.5066,62.21340000000001,175,75
2026-05-09 15:09:56.126,4,-0.83,0.99,-0.51,-20.7984,-200.6266,57.6434,175,75
2026-05-09 15:09:56.140,4,-0.49,0.86,-0.66,-33.47839999999999,-141.1766,41.1134,175,75
2026-05-09 15:09:56.150,4,-0.2,0.95,-0.49,-63.2984,-145.01659999999998,70.4434,175,75
2026-05-09 15:09:56.161,4,-0.2,0.98,-0.26,-55.8584,-53.7366,76.6634,175,75
2026-05-09 15:09:56.171,4,-0.24,0.8,0.05,-64.6984,-62.946600000000004,133.5534,175,75
2026-05-09 15:09:56.183,4,-1.03,0.54,0.2,-66.09839999999998,-114.5866,139.0434,175,75
2026-05-09 15:09:56.195,4,1.36,-0.66,-0.01,-104.27839999999999,-217.33659999999998,114.6534,175,75
2026-05-09 15:09:56.208,4,0.55,-0.39,0.09,-122.1984,-240.3166,110.2634,175,75
2026-05-09 15:09:56.219,4,0.59,-0.07,0.07,-157.01839999999999,-224.16660000000002,95.2634,175,75
2026-05-09 15:09:56.230,4,1.22,-0.0,-0.25,-175.79840000000002,-250.8066,91.5434,175,75
2026-05-09 15:09:56.244,4,1.03,-0.29,-0.49,-168.47840000000002,-278.4266,117.7034,175,75
2026-05-09 15:09:56.255,4,0.75,-0.7,-0.76,-146.46839999999997,-216.41660000000002,141.9134,175,75
2026-05-09 15:09:56.270,4,1.1,-1.26,-1.0,-167.1384,-90.1966,156.7234,175,75
2026-05-09 15:09:56.282,4,1.54,-1.52,-1.07,-223.23839999999996,-40.016600000000004,150.5734,175,75
2026-05-09 15:09:56.282,4,1.72,-1.55,-1.08,-267.1984,-11.476600000000001,136.6034,175,75
2026-05-09 15:09:56.304,4,2.03,-1.56,-1.03,-293.1784,133.27339999999998,132.7034,175,75
2026-05-09 15:09:56.316,4,2.1,-1.95,-0.86,-312.1984,217.1134,113.2534,175,75
2026-05-09 15:09:56.326,4,2.19,-2.21,-0.7,-336.9584,271.6334,93.0734,175,75
2026-05-09 15:09:56.339,4,2.25,-2.38,-0.49,-364.5184,318.6434,67.21340000000001,175,75
2026-05-09 15:09:56.351,4,2.3,-2.43,-0.25,-393.29839999999996,376.9934,31.303400000000003,175,75
2026-05-09 15:09:56.371,4,2.08,-2.57,0.32,-434.0284,499.13339999999994,-42.41659999999999,175,75
2026-05-09 15:09:56.382,4,1.76,-2.72,0.63,-456.77840000000003,556.7533999999999,-82.53659999999999,175,75
2026-05-09 15:09:56.424,4,1.95,-4.4,2.34,-349.0884,217.60340000000002,-259.73659999999995,175,75
2026-05-09 15:09:56.424,4,0.2,-4.42,1.77,-356.4684,272.97339999999997,-233.81660000000002,175,75
2026-05-09 15:09:56.445,4,-0.78,-3.26,1.79,-442.0184,373.8834,-419.1266,175,75
2026-05-09 15:09:56.466,4,-0.55,-2.73,1.82,-366.5284,410.9034,-493.5165999999999,175,75
2026-05-09 15:09:56.473,4,-0.17,-2.4,1.97,-314.3384,395.7734,-516.7466,175,75
2026-05-09 15:09:56.476,4,0.5,-1.97,2.48,-312.5084,329.5534,-462.90659999999997,175,75
2026-05-09 15:09:56.489,4,0.36,-1.59,2.6,-337.6884,225.96339999999998,-387.23659999999995,175,75
2026-05-09 15:09:56.499,4,-0.44,-1.31,2.22,-331.09839999999997,153.40339999999998,-363.1466,175,75
2026-05-09 15:09:56.512,4,-0.78,-1.17,1.92,-302.3884,177.97339999999997,-379.5566,175,75
2026-05-09 15:09:56.537,4,-0.67,-0.73,1.92,-262.1984,201.14339999999999,-396.0766,175,75
2026-05-09 15:09:56.551,4,-0.62,-0.46,1.97,-248.35839999999996,180.71339999999998,-368.8866,175,75
2026-05-09 15:09:56.577,4,-0.91,-0.12,1.93,-229.8884,176.9334,-339.85659999999996,175,75
2026-05-09 15:09:56.593,4,-0.89,0.01,1.92,-185.4284,161.08339999999998,-329.1866,175,75
2026-05-09 15:09:56.593,4,-0.95,0.06,1.94,-155.7384,131.08339999999998,-311.3166,175,75
2026-05-09 15:09:56.604,4,-1.08,0.11,1.94,-144.6984,113.2134,-291.6266,175,75
2026-05-09 15:09:56.615,4,-1.22,0.19,1.93,-137.01839999999999,106.2634,-275.34659999999997,175,75
2026-05-09 15:09:56.627,4,-1.27,0.3,1.93,-125.18839999999999,102.3634,-260.8966,175,75
2026-05-09 15:09:56.631,4,-1.23,0.41,1.95,-112.50840000000001,92.1134,-246.68660000000003,175,75
2026-05-09 15:09:56.654,4,-1.17,0.56,1.97,-95.8584,72.1134,-221.6266,175,75
2026-05-09 15:09:56.665,4,-1.13,0.68,1.98,-82.3884,54.553399999999996,-195.4066,175,75
2026-05-09 15:09:56.677,4,-1.16,0.8,1.96,-66.6484,42.663399999999996,-164.7366,175,75
2026-05-09 15:09:56.690,4,-1.17,0.89,1.91,-53.9684,41.203399999999995,-141.8666,175,75
2026-05-09 15:09:56.702,4,-1.14,0.96,1.86,-38.72839999999999,40.2234,-115.58659999999999,175,75
2026-05-09 15:09:56.739,4,-1.04,1.08,1.66,17.9816,28.703399999999995,-38.456599999999995,175,75
2026-05-09 15:09:56.739,4,-1.02,1.06,1.62,35.601600000000005,32.9734,-16.386599999999998,175,75
2026-05-09 15:09:56.750,4,-0.99,1.02,1.58,54.381600000000006,34.3734,8.863400000000002,175,75
2026-05-09 15:09:56.766,4,-0.97,1.0,1.56,66.8216,28.273399999999995,27.5834,175,75
2026-05-09 15:09:56.777,4,-0.97,0.99,1.56,74.5716,22.243399999999994,40.0234,175,75
2026-05-09 15:09:56.789,4,-1.0,1.01,1.57,86.5216,15.653399999999998,59.71340000000001,175,75
2026-05-09 15:09:56.800,4,-1.04,1.03,1.63,100.91159999999999,12.663399999999996,83.0134,175,75
2026-05-09 15:09:56.812,4,-1.08,1.07,1.72,123.4716,-13.976600000000001,118.80340000000001,175,75
2026-05-09 15:09:56.834,4,-1.04,1.08,1.75,133.5916,-57.086600000000004,138.8034,175,75
2026-05-09 15:09:56.846,4,-0.99,1.1,1.74,143.16160000000002,-104.2266,158.74339999999998,175,75
2026-05-09 15:09:56.858,4,-0.92,1.09,1.68,156.8816,-150.07659999999998,184.4134,175,75
2026-05-09 15:09:56.860,4,-0.88,1.06,1.63,169.0816,-174.95659999999998,203.61339999999998,175,75
2026-05-09 15:09:56.873,4,-0.83,1.01,1.59,188.8316,-200.2566,229.2934,175,75
2026-05-09 15:09:56.897,4,-0.77,0.87,1.5,235.3616,-242.20659999999998,285.14340000000004,175,75
2026-05-09 15:09:56.935,4,-0.79,0.28,1.24,311.5816,-280.9266,408.6834,175,75
2026-05-09 15:09:56.949,4,-0.74,-0.11,1.14,340.3616,-254.09660000000002,461.6634,175,75
2026-05-09 15:09:56.959,4,-0.7,-0.45,1.11,363.5316,-217.7566,507.27340000000004,175,75
2026-05-09 15:09:56.969,4,-0.67,-1.26,1.27,401.64160000000004,-112.1466,622.4034,175,75
2026-05-09 15:09:56.981,4,-0.62,-1.62,1.45,401.58160000000004,-104.2266,664.0434,175,75
2026-05-09 15:09:56.997,4,-0.57,-2.2,1.71,418.2916,-153.0666,696.1134000000001,175,75
2026-05-09 15:09:57.003,4,-0.76,-2.64,1.85,441.15160000000003,-207.39659999999998,728.8034,175,75
2026-05-09 15:09:57.012,4,-1.16,-3.12,1.9,426.70160000000004,-205.8666,812.8234,175,75
2026-05-09 15:09:57.022,4,-1.4,-3.45,1.96,383.90160000000003,-176.35660000000001,865.0834,175,75
2026-05-09 15:09:57.042,4,-1.81,-3.8,2.1,345.9116,-181.2966,881.3034,175,75
2026-05-09 15:09:57.046,4,-2.06,-4.71,2.2,355.4216,-205.1966,845.0834,175,75
2026-05-09 15:09:57.059,4,-2.25,-5.98,2.06,377.1916,-202.20659999999998,805.9334,175,75
2026-05-09 15:09:57.071,4,-1.98,-6.9,1.75,355.6016,-148.7966,774.1034,175,75
2026-05-09 15:09:57.085,4,-1.71,-6.83,1.43,317.0716,-68.6166,707.5834,175,75
2026-05-09 15:09:57.110,4,-1.02,-5.1,1.5,313.4716,-11.176600000000002,503.4334,175,75
2026-05-09 15:09:57.124,4,-0.96,-3.62,1.91,340.1116,-140.5666,352.46340000000004,175,75
2026-05-09 15:09:57.145,4,-0.81,-3.07,2.02,275.7916,-263.8566,210.8134,175,75
2026-05-09 15:09:57.157,4,-0.5,-3.02,1.91,187.1916,-261.0566,134.1034,175,75
2026-05-09 15:09:57.187,4,0.4,-2.69,1.58,95.11160000000001,-302.8166,43.4934,175,75
2026-05-09 15:09:57.187,4,0.57,-2.28,1.38,126.0316,-360.7466,5.4434000000000005,175,75
2026-05-09 15:09:57.198,4,0.55,-1.94,1.24,179.6916,-410.01660000000004,-28.576599999999996,175,75
2026-05-09 15:09:57.209,4,0.44,-1.59,1.11,251.03160000000003,-476.8466,-66.25659999999999,175,75
2026-05-09 15:09:57.220,4,0.49,-1.35,1.09,291.3316,-528.9166,-78.5766,175,75
2026-05-09 15:09:57.235,4,0.5,-1.13,1.04,287.7416,-561.9666,-45.4666,175,75
2026-05-09 15:09:57.245,4,0.14,-0.92,0.7,258.1016,-565.8666000000001,-5.226600000000001,175,75
2026-05-09 15:09:57.256,4,-0.17,-0.82,0.3,242.8016,-543.0066,-28.0266,175,75
2026-05-09 15:09:57.256,4,-0.23,-0.66,0.08,236.09160000000003,-522.9466,-68.02659999999999,175,75
2026-05-09 15:09:57.272,4,-0.16,-0.25,-0.08,228.83159999999998,-510.9966,-94.00659999999999,175,75
2026-05-09 15:09:57.290,4,-0.32,0.64,-0.44,235.85160000000002,-444.3466,-108.27659999999999,175,75
2026-05-09 15:09:57.307,4,-0.27,0.9,-0.69,255.4216,-396.7866,-104.7366,175,75
2026-05-09 15:09:57.319,4,-0.4,0.97,-0.88,260.7216,-371.1766,-75.77659999999999,175,75
2026-05-09 15:09:57.344,4,-0.88,0.72,-1.29,143.04160000000002,-266.9666,-67.5966,175,75
2026-05-09 15:09:57.354,4,-0.87,0.76,-1.28,68.0416,-230.01659999999998,-65.0966,175,75
2026-05-09 15:09:57.359,4,-0.64,0.92,-1.13,-19.338399999999993,-189.03660000000002,-43.456599999999995,175,75
2026-05-09 15:09:57.374,4,-0.63,1.28,-0.78,-91.8384,-130.6266,-8.756599999999995,175,75
2026-05-09 15:09:57.384,4,0.05,1.23,-0.61,-92.4484,-111.0566,-8.5166,175,75
2026-05-09 15:09:57.404,4,0.07,1.15,-0.35,-89.6984,-183.1266,4.413400000000003,175,75
2026-05-09 15:09:57.404,4,-0.05,0.81,-0.52,-105.6784,-258.7966,-4.0665999999999976,175,75
2026-05-09 15:09:57.420,4,-0.34,0.45,-0.74,-140.97840000000002,-240.3166,-21.866599999999995,175,75
2026-05-09 15:09:57.442,4,-0.72,0.58,-0.82,-165.1284,-101.4166,1.3034000000000034,175,75
2026-05-09 15:09:57.455,4,-0.57,0.62,-0.81,-167.0784,49.373400000000004,19.3534,175,75
2026-05-09 15:09:57.455,4,-0.3,0.49,-0.59,-163.84839999999997,145.16340000000002,43.5534,175,75
2026-05-09 15:09:57.465,4,0.01,0.1,-0.23,-165.6784,186.4434,67.88340000000001,175,75
2026-05-09 15:09:57.487,4,0.38,-0.48,0.21,-183.1184,154.4934,68.13340000000001,175,75
2026-05-09 15:09:57.487,4,0.78,-0.82,0.41,-208.1784,84.2534,54.5934,175,75
2026-05-09 15:09:57.507,4,0.92,-0.84,0.49,-233.78839999999997,4.983399999999996,33.373400000000004,175,75
2026-05-09 15:09:57.529,4,0.87,-1.02,0.24,-254.8184,-12.886600000000001,33.0734,175,75
2026-05-09 15:09:57.548,4,0.87,-1.18,0.14,-261.16839999999996,9.923399999999997,31.4234,175,75
2026-05-09 15:09:57.560,4,1.02,-1.38,0.1,-277.6284,58.0334,30.6934,175,75
2026-05-09 15:09:57.560,4,1.1,-1.58,0.19,-287.8084,116.0834,34.5334,175,75
2026-05-09 15:09:57.572,4,1.08,-1.74,0.25,-292.6284,157.1134,39.5334,175,75
2026-05-09 15:09:57.583,4,1.01,-1.88,0.39,-303.9084,191.6334,38.9834,175,75
2026-05-09 15:09:57.595,4,1.05,-2.02,0.65,-321.34839999999997,231.6334,28.683400000000002,175,75
2026-05-09 15:09:57.605,4,1.23,-2.11,0.9,-342.3884,250.96339999999998,6.543400000000002,175,75
2026-05-09 15:09:57.615,4,1.37,-2.18,1.12,-367.5084,233.9434,-21.386599999999998,175,75
2026-05-09 15:09:57.630,4,1.34,-2.27,1.23,-381.34839999999997,219.6134,-46.19659999999999,175,75
2026-05-09 15:09:57.657,4,1.24,-2.39,1.39,-389.2084,269.92339999999996,-91.6866,175,75
2026-05-09 15:09:57.670,4,1.06,-2.32,1.52,-399.2784,296.1434,-120.46659999999999,175,75
2026-05-09 15:09:57.670,4,0.9,-2.31,1.62,-410.1884,325.10339999999997,-156.56660000000002,175,75
2026-05-09 15:09:57.686,4,0.85,-2.43,1.62,-415.6184,336.5734,-192.5966,175,75
2026-05-09 15:09:57.712,4,0.82,-2.68,1.67,-415.6184,332.3034,-211.6866,175,75
2026-05-09 15:09:57.712,4,0.72,-2.92,1.87,-412.7484,331.5034,-217.35660000000001,175,75
2026-05-09 15:09:57.742,4,0.05,-3.14,2.16,-377.2584,259.3734,-270.34659999999997,175,75
2026-05-09 15:09:57.767,4,-0.54,-2.75,2.23,-351.09839999999997,288.7634,-397.23659999999995,175,75
2026-05-09 15:09:57.767,4,-0.41,-2.42,2.32,-341.34839999999997,282.36339999999996,-450.7066,175,75
2026-05-09 15:09:57.781,4,-0.3,-2.1,2.33,-333.9684,284.98339999999996,-463.2066,175,75
2026-05-09 15:09:57.792,4,-0.19,-1.72,2.37,-320.4984,259.61339999999996,-472.41659999999996,175,75
2026-05-09 15:09:57.804,4,-0.27,-1.37,2.37,-306.6484,231.7534,-466.9966,175,75
2026-05-09 15:09:57.814,4,-0.37,-1.1,2.38,-293.78839999999997,218.52339999999998,-449.0066,175,75
2026-05-09 15:09:57.836,4,-0.51,-0.73,2.4,-274.1484,198.58339999999998,-410.6466,175,75
2026-05-09 15:09:57.840,4,-0.67,-0.48,2.36,-262.4484,178.58339999999998,-388.5166,175,75
2026-05-09 15:09:57.851,4,-0.83,-0.32,2.31,-254.20839999999998,162.1134,-375.8966,175,75
2026-05-09 15:09:57.861,4,-0.97,-0.16,2.27,-242.1984,153.9434,-366.9966,175,75
2026-05-09 15:09:57.869,4,-1.02,0.01,2.28,-220.5584,156.5134,-354.4966,175,75
2026-05-09 15:09:57.881,4,-0.96,0.21,2.41,-194.6984,159.92340000000002,-323.6366,175,75
2026-05-09 15:09:57.900,4,-0.97,0.34,2.5,-181.03840000000002,148.21339999999998,-294.0066,175,75
2026-05-09 15:09:57.900,4,-1.09,0.45,2.57,-166.77839999999998,123.5834,-269.73659999999995,175,75
2026-05-09 15:09:57.911,4,-1.3,0.52,2.63,-154.27839999999998,93.4634,-250.8966,175,75
2026-05-09 15:09:57.924,4,-1.55,0.6,2.65,-134.6984,55.65339999999999,-226.8066,175,75
2026-05-09 15:09:57.935,4,-1.75,0.69,2.64,-113.96839999999999,18.153399999999998,-200.7766,175,75
2026-05-09 15:09:57.945,4,-1.77,0.79,2.57,-98.47840000000001,-22.696600000000004,-179.1266,175,75
2026-05-09 15:09:57.961,4,-1.72,0.91,2.44,-82.62839999999998,-87.2766,-149.1866,175,75
2026-05-09 15:09:57.971,4,-1.74,1.0,2.26,-60.06840000000001,-140.2566,-104.36659999999999,175,75
2026-05-09 15:09:57.985,4,-1.8,1.0,2.06,-29.638400000000004,-159.03660000000002,-56.86659999999999,175,75
2026-05-09 15:09:57.995,4,-1.81,0.98,1.92,1.7616000000000014,-155.07659999999998,-22.4166,175,75
2026-05-09 15:09:58.003,4,-1.84,0.94,1.82,44.381600000000006,-140.7466,19.773400000000002,175,75
2026-05-09 15:09:58.019,4,-1.85,0.89,1.77,77.6816,-134.7766,56.9734,175,75
2026-05-09 15:09:58.030,4,-1.85,0.82,1.71,109.7516,-146.78660000000002,94.22340000000001,175,75
2026-05-09 15:09:58.045,4,-1.78,0.71,1.6,143.7716,-176.96660000000003,124.96340000000001,175,75
2026-05-09 15:09:58.045,4,-1.72,0.56,1.47,175.97160000000002,-212.27660000000003,146.2434,175,75
2026-05-09 15:09:58.068,4,-1.65,0.26,1.18,249.6316,-242.33659999999998,190.3234,175,75
2026-05-09 15:09:58.081,4,-1.59,0.18,1.07,276.2116,-212.57659999999998,213.49339999999998,175,75
2026-05-09 15:09:58.095,4,-1.51,0.16,1.08,299.3816,-173.7366,245.6934,175,75
2026-05-09 15:09:58.106,4,-1.45,0.18,1.16,320.7916,-126.7866,295.02340000000004,175,75
2026-05-09 15:09:58.116,4,-1.37,0.13,1.23,333.4116,-86.7266,343.3134,175,75
2026-05-09 15:09:58.128,4,-1.36,-0.05,1.34,348.5916,-36.6666,404.1034,175,75
2026-05-09 15:09:58.149,4,-1.3,-0.27,1.45,364.6916,26.443399999999997,459.83340000000004,175,75
2026-05-09 15:09:58.159,4,-1.13,-0.71,1.59,386.33160000000004,131.9934,543.7434000000001,175,75
2026-05-09 15:09:58.172,4,-0.84,-1.17,1.75,394.3816,186.02339999999998,617.0934,175,75
2026-05-09 15:09:58.183,4,-0.35,-1.98,2.11,396.8816,133.15339999999998,723.3134,175,75
2026-05-09 15:09:58.195,4,-0.35,-3.11,2.77,429.9916,-137.3966,809.2934,175,75
2026-05-09 15:09:58.195,4,-1.36,-4.0,3.01,437.6116,-268.9766,921.5434,175,75
2026-05-09 15:09:58.204,4,-2.22,-4.43,3.06,366.70160000000004,-233.85660000000001,933.0134,175,75
2026-05-09 15:09:58.227,4,-2.7,-5.68,2.56,186.5816,-65.01660000000001,742.2734,175,75
2026-05-09 15:09:58.243,4,-2.11,-6.27,2.16,169.0816,-11.726600000000001,688.8034,175,75
2026-05-09 15:09:58.254,4,-1.34,-6.53,1.67,170.97160000000002,18.333399999999997,684.4134,175,75
2026-05-09 15:09:58.265,4,-0.64,-6.31,1.21,187.8016,11.383399999999998,710.0234,175,75
2026-05-09 15:09:58.265,4,-0.68,-5.88,1.14,228.53160000000003,-0.016600000000003945,701.1834,175,75
2026-05-09 15:09:58.274,4,-1.16,-5.43,1.42,291.7016,31.023399999999995,638.4334,175,75
2026-05-09 15:09:58.304,4,-1.24,-4.55,2.58,338.65160000000003,5.103399999999997,406.1834,175,75
2026-05-09 15:09:58.310,4,-1.16,-3.84,2.79,281.15160000000003,-117.3366,323.4334,175,75
2026-05-09 15:09:58.335,4,-0.54,-3.27,2.2,92.3716,-181.2366,219.77339999999998,175,75
2026-05-09 15:09:58.394,4,0.21,-2.0,0.92,215.97160000000002,-255.6866,94.41340000000001,175,75
2026-05-09 15:09:58.395,4,0.25,-1.79,1.0,264.7516,-274.52660000000003,45.3834,175,75
2026-05-09 15:09:58.403,4,0.54,-1.51,1.21,282.3116,-295.4466,19.413400000000003,175,75
2026-05-09 15:09:58.413,4,1.1,-0.97,1.53,246.64159999999998,-336.7866,82.5834,175,75
2026-05-09 15:09:58.435,4,0.15,-0.14,0.87,182.1316,-393.7366,170.93339999999998,175,75
2026-05-09 15:09:58.439,4,-0.03,0.01,0.61,197.0016,-385.5666,104.2934,175,75
2026-05-09 15:09:58.453,4,0.22,0.2,0.46,211.03160000000003,-344.89660000000003,49.1634,175,75
2026-05-09 15:09:58.465,4,0.33,0.4,0.34,212.0716,-296.9666,70.0234,175,75
2026-05-09 15:09:58.487,4,0.28,0.57,0.13,237.2516,-207.39659999999998,66.4234,175,75
2026-05-09 15:09:58.496,4,0.27,0.58,0.11,236.8216,-199.70659999999998,62.9434,175,75
2026-05-09 15:09:58.518,4,0.27,0.63,-0.14,222.0716,-217.39659999999998,34.4134,175,75
2026-05-09 15:09:58.536,4,0.38,0.63,-0.36,205.48160000000001,-235.5066,12.273400000000002,175,75
2026-05-09 15:09:58.540,4,0.38,0.67,-0.59,171.0916,-256.4166,-5.166599999999999,175,75
2026-05-09 15:09:58.553,4,0.1,0.74,-0.73,118.0416,-238.4866,-19.616599999999995,175,75
2026-05-09 15:09:58.576,4,-0.2,1.1,-0.68,-8.788399999999996,-24.836600000000004,4.353400000000001,175,75
2026-05-09 15:09:58.587,4,-0.04,1.15,-0.56,-18.848399999999998,37.303399999999996,25.2634,175,75
2026-05-09 15:09:58.599,4,0.2,1.05,-0.3,-20.618399999999994,49.2534,48.373400000000004,175,75
2026-05-09 15:09:58.609,4,0.65,0.8,-0.13,-29.208399999999997,24.0734,34.4134,175,75
2026-05-09 15:09:58.634,4,0.67,0.57,0.07,-68.1184,-64.5866,2.583400000000001,175,75
2026-05-09 15:09:58.634,4,0.65,0.4,-0.09,-83.72840000000001,-111.17660000000001,-52.9666,175,75
2026-05-09 15:09:58.641,4,0.43,0.54,-0.17,-106.77839999999999,-172.57659999999998,-56.80659999999999,175,75
2026-05-09 15:09:58.660,4,0.16,0.76,-0.41,-112.25840000000001,-91.2366,-55.706599999999995,175,75
2026-05-09 15:09:58.672,4,0.19,0.7,-0.45,-111.8384,-2.5766000000000027,-20.8366,175,75
2026-05-09 15:09:58.672,4,-0.45,0.58,-0.35,-120.49839999999999,23.273399999999995,21.4234,175,75
2026-05-09 15:09:58.686,4,-0.26,0.11,-0.45,-110.3684,180.04340000000002,-7.596599999999999,175,75
2026-05-09 15:09:58.693,4,1.72,-0.53,-0.32,-134.6384,258.7034,22.4634,175,75
2026-05-09 15:09:58.705,4,0.58,-0.64,0.16,-171.77839999999998,170.35340000000002,32.403400000000005,175,75
2026-05-09 15:09:58.715,4,0.14,-0.8,0.49,-173.2384,222.0534,-15.956599999999998,175,75
2026-05-09 15:09:58.733,4,1.33,-0.97,0.76,-221.40839999999997,253.33339999999998,-13.146599999999996,175,75
2026-05-09 15:09:58.745,4,1.3,-1.26,0.83,-265.2484,137.3034,-33.206599999999995,175,75
2026-05-09 15:09:58.749,4,0.97,-1.71,0.83,-253.47839999999997,109.5534,-67.9066,175,75
2026-05-09 15:09:58.765,4,1.18,-2.12,0.9,-249.8184,138.8234,-89.4966,175,75
2026-05-09 15:09:58.781,4,1.69,-2.52,1.04,-278.23839999999996,178.8234,-119.9166,175,75
2026-05-09 15:09:58.792,4,1.75,-2.68,1.31,-308.84839999999997,216.6334,-156.0166,175,75
2026-05-09 15:09:58.800,4,1.71,-2.67,1.6,-314.2784,268.8834,-179.97660000000002,175,75
2026-05-09 15:09:58.813,4,1.67,-2.73,1.96,-296.5884,294.4334,-199.85660000000001,175,75
2026-05-09 15:09:58.827,4,1.58,-3.12,2.54,-251.58839999999998,274.8034,-253.63660000000002,175,75
2026-05-09 15:09:58.835,4,1.48,-3.35,2.86,-232.3184,222.97339999999997,-293.2066,175,75
2026-05-09 15:09:58.860,4,1.22,-3.41,3.05,-222.9284,170.71339999999998,-340.40659999999997,175,75
2026-05-09 15:09:58.860,4,1.07,-3.21,3.1,-222.3184,177.60340000000002,-380.40659999999997,175,75
2026-05-09 15:09:58.884,4,1.07,-2.76,3.03,-206.40839999999997,174.92340000000002,-423.0266,175,75
2026-05-09 15:09:58.895,4,0.81,-2.72,2.81,-188.41839999999996,179.4934,-425.9566,175,75
2026-05-09 15:09:58.906,4,0.54,-2.8,2.66,-178.90839999999997,174.3134,-441.2566,175,75
2026-05-09 15:09:58.914,4,0.31,-2.75,2.51,-172.8084,160.71339999999998,-458.3966,175,75
2026-05-09 15:09:58.930,4,-0.0,-2.56,2.34,-170.97840000000002,151.3234,-467.72659999999996,175,75
2026-05-09 15:09:58.946,4,-0.2,-2.37,2.24,-174.39839999999998,150.16340000000002,-476.8066,175,75
2026-05-09 15:09:58.958,4,-0.29,-2.21,2.16,-178.53840000000002,160.65339999999998,-484.97659999999996,175,75
2026-05-09 15:09:58.961,4,-0.32,-2.02,2.02,-183.90839999999997,161.08339999999998,-481.6266,175,75
2026-05-09 15:09:58.992,4,-0.4,-1.56,1.78,-186.16840000000002,168.21339999999998,-450.9566,175,75
2026-05-09 15:09:59.010,4,-0.49,-1.35,1.72,-177.8084,174.7434,-430.7766,175,75
2026-05-09 15:09:59.010,4,-0.53,-1.16,1.72,-163.90839999999997,172.3034,-415.7066,175,75
2026-05-09 15:09:59.037,4,-0.85,-0.78,1.79,-161.64839999999998,61.873400000000004,-391.1366,175,75
2026-05-09 15:09:59.056,4,-0.89,-0.6,1.69,-177.1384,43.523399999999995,-388.2066,175,75
2026-05-09 15:09:59.072,4,-0.81,-0.42,1.6,-189.14839999999998,19.313399999999994,-383.6366,175,75
2026-05-09 15:09:59.085,4,-0.76,-0.29,1.56,-193.0584,5.533399999999997,-369.73659999999995,175,75
2026-05-09 15:09:59.109,4,-0.69,-0.16,1.51,-190.79839999999996,-0.5666000000000011,-344.91659999999996,175,75
2026-05-09 15:09:59.109,4,-0.7,-0.11,1.49,-189.5784,-3.6766000000000023,-326.5066,175,75
2026-05-09 15:09:59.119,4,-0.75,-0.07,1.49,-190.3084,-2.0866000000000042,-310.8966,175,75
2026-05-09 15:09:59.119,4,-0.84,-0.04,1.48,-191.03839999999997,13.093399999999995,-294.3066,175,75
2026-05-09 15:09:59.129,4,-0.91,-0.0,1.45,-187.4484,46.6934,-282.59659999999997,175,75
2026-05-09 15:09:59.139,4,-0.95,0.05,1.49,-178.47840000000002,69.1934,-259.97659999999996,175,75
2026-05-09 15:09:59.158,4,-0.99,0.09,1.57,-166.83839999999998,81.6934,-240.5866,175,75
2026-05-09 15:09:59.158,4,-0.99,0.11,1.68,-152.3884,80.7734,-226.50660000000002,175,75
2026-05-09 15:09:59.184,4,-0.96,0.13,1.76,-144.27839999999998,61.93339999999999,-223.5766,175,75
2026-05-09 15:09:59.197,4,-0.93,0.18,1.81,-138.2384,34.4334,-219.7966,175,75
2026-05-09 15:09:59.198,4,-0.95,0.35,1.83,-124.9484,-11.906600000000003,-200.28660000000002,175,75
2026-05-09 15:09:59.209,4,-1.03,0.48,1.81,-114.75840000000001,-26.906600000000005,-180.6466,175,75
2026-05-09 15:09:59.225,4,-1.1,0.62,1.8,-103.78840000000001,-22.756600000000002,-160.5866,175,75
2026-05-09 15:09:59.237,4,-1.11,0.74,1.8,-92.31840000000001,-10.926600000000002,-140.0966,175,75
2026-05-09 15:09:59.248,4,-1.09,0.84,1.83,-80.7984,0.5333999999999968,-118.7566,175,75
2026-05-09 15:09:59.260,4,-1.11,0.94,1.86,-68.90839999999999,4.373399999999997,-95.16659999999999,175,75
2026-05-09 15:09:59.264,4,-1.18,1.02,1.92,-56.52839999999999,6.873399999999997,-73.8866,175,75
2026-05-09 15:09:59.276,4,-1.33,1.13,2.03,-36.288399999999996,10.043399999999998,-44.2466,175,75
2026-05-09 15:09:59.301,4,-1.58,1.38,2.29,11.461600000000004,14.373399999999997,13.613400000000002,175,75
2026-05-09 15:09:59.304,4,-1.49,1.44,2.32,25.9116,-3.366600000000002,34.653400000000005,175,75
2026-05-09 15:09:59.315,4,-1.33,1.45,2.3,33.531600000000005,-42.8866,55.1434,175,75
2026-05-09 15:09:59.329,4,-1.23,1.44,2.24,41.5816,-83.8566,77.8234,175,75
2026-05-09 15:09:59.340,4,-1.19,1.41,2.15,61.52160000000001,-111.2966,106.60340000000001,175,75
2026-05-09 15:09:59.340,4,-1.18,1.35,2.08,88.6516,-115.4466,138.0034,175,75
2026-05-09 15:09:59.388,4,-1.02,1.04,2.01,138.7116,-171.41660000000002,241.7934,175,75
2026-05-09 15:09:59.412,4,-1.03,0.71,1.81,173.41160000000002,-261.4766,304.4734,175,75
2026-05-09 15:09:59.422,4,-1.01,0.5,1.68,194.0816,-278.3666,339.96340000000004,175,75
2026-05-09 15:09:59.439,4,-0.88,-0.03,1.4,240.3616,-278.7366,411.7234,175,75
2026-05-09 15:09:59.450,4,-0.88,-0.43,1.29,273.2216,-276.9666,466.2434,175,75
2026-05-09 15:09:59.461,4,-0.89,-1.07,1.17,314.0816,-205.1966,534.4734,175,75
2026-05-09 15:09:59.488,4,-0.8,-1.59,1.28,312.1916,-147.8866,607.2134,175,75
2026-05-09 15:09:59.488,4,-0.87,-1.79,1.44,294.3216,-131.84660000000002,665.9334,175,75
2026-05-09 15:09:59.510,4,-0.99,-2.07,1.76,265.9716,-142.0866,751.4234,175,75
2026-05-09 15:09:59.518,4,-1.22,-2.54,2.17,268.2216,-217.02660000000003,777.9434,175,75
2026-05-09 15:09:59.533,4,-1.81,-4.23,2.08,259.8116,-267.9466,799.2234,175,75
2026-05-09 15:09:59.545,4,-1.85,-4.95,1.78,220.0516,-264.5866,760.2634,175,75
2026-05-09 15:09:59.553,4,-1.97,-5.12,1.34,195.72160000000002,-167.7566,700.5734,175,75
2026-05-09 15:09:59.570,4,-1.44,-5.04,1.07,220.97160000000002,-48.1266,613.9834000000001,175,75
2026-05-09 15:09:59.585,4,-1.05,-4.77,1.28,285.0516,-38.5566,570.3234,175,75
2026-05-09 15:09:59.616,4,-1.46,-4.13,2.07,308.3516,-113.1266,524.7134,175,75
2026-05-09 15:09:59.616,4,-1.53,-4.07,2.37,275.9716,-153.7366,453.3134,175,75
2026-05-09 15:09:59.645,4,-0.97,-3.7,2.23,138.8316,-262.5766,295.8734,175,75
2026-05-09 15:09:59.656,4,-0.6,-3.44,1.97,98.4116,-332.14660000000003,242.9434,175,75
2026-05-09 15:09:59.663,4,-0.33,-3.26,1.74,98.9016,-391.8466,210.8134,175,75
2026-05-09 15:09:59.668,4,-0.13,-3.09,1.49,118.41159999999999,-438.7966,181.6634,175,75
2026-05-09 15:09:59.682,4,-0.01,-2.93,1.31,142.4316,-463.3066,152.5234,175,75
2026-05-09 15:09:59.694,4,0.06,-2.71,1.08,180.3016,-477.08660000000003,97.58340000000001,175,75
2026-05-09 15:09:59.705,4,0.06,-2.43,0.9,211.9416,-471.7266,35.693400000000004,175,75
2026-05-09 15:09:59.715,4,0.11,-2.23,0.75,232.1916,-467.63660000000004,-16.9866,175,75
2026-05-09 15:09:59.737,4,0.17,-1.55,0.26,303.7716,-494.83660000000003,-149.3666,175,75
2026-05-09 15:09:59.749,4,0.13,-1.18,0.01,358.90160000000003,-523.0065999999999,-204.7366,175,75
2026-05-09 15:09:59.761,4,0.93,-0.62,0.14,378.77160000000003,-574.4666,-176.9966,175,75
2026-05-09 15:09:59.773,4,0.21,0.03,-0.03,324.1416,-609.5866,-39.2466,175,75
2026-05-09 15:09:59.787,4,-0.41,0.27,-0.35,298.8316,-547.1466,-46.626599999999996,175,75
2026-05-09 15:09:59.797,4,-0.54,0.42,-0.65,273.1616,-400.9266,-114.12659999999998,175,75
2026-05-09 15:09:59.808,4,-0.26,0.4,-0.69,256.2716,-316.1166,-107.90659999999998,175,75
2026-05-09 15:09:59.824,4,-0.19,0.42,-0.65,239.20159999999998,-278.7366,-86.3166,175,75
2026-05-09 15:09:59.836,4,-0.32,0.45,-0.54,221.9416,-282.6966,-85.89659999999999,175,75
2026-05-09 15:09:59.865,4,-0.73,0.97,-0.39,91.64160000000001,-341.2966,-81.25659999999999,175,75
2026-05-09 15:09:59.876,4,-0.83,1.06,-0.43,45.05160000000001,-342.88660000000004,-81.1366,175,75
2026-05-09 15:09:59.895,4,-1.65,1.31,-0.23,11.331600000000002,-157.57659999999998,-43.456599999999995,175,75
2026-05-09 15:09:59.905,4,-0.21,0.96,-0.86,-1.098399999999998,-76.3566,-40.03659999999999,175,75
2026-05-09 15:09:59.916,4,0.07,1.18,-0.38,-50.678399999999996,-183.3666,-6.136599999999998,175,75
2026-05-09 15:09:59.927,4,-0.48,1.12,-0.23,-75.24839999999999,-272.8866,-22.0566,175,75
2026-05-09 15:09:59.938,4,-1.13,1.08,-0.28,-70.3684,-177.39659999999998,26.9734,175,75
2026-05-09 15:09:59.962,4,-1.13,0.8,-0.3,-78.2984,-99.6466,35.083400000000005,175,75
2026-05-09 15:09:59.974,4,-0.88,0.58,-0.25,-109.2084,-37.39660000000001,33.5534,175,75
2026-05-09 15:09:59.974,4,-0.65,0.5,-0.24,-137.0784,-21.416600000000003,38.7434,175,75
2026-05-09 15:09:59.986,4,-0.58,0.44,-0.27,-140.1284,-24.036600000000004,46.4834,175,75
2026-05-09 15:09:59.997,4,-0.56,0.29,-0.24,-137.1384,-13.916600000000003,64.9034,175,75
2026-05-09 15:10:00.006,4,-0.46,0.07,-0.23,-141.70839999999998,4.983399999999996,88.13340000000001,175,75
2026-05-09 15:10:00.016,4,-0.36,-0.14,-0.22,-144.8184,25.9634,109.5934,175,75
2026-05-09 15:10:00.039,4,-0.18,-0.42,-0.17,-144.39839999999998,47.4834,136.36339999999998,175,75
2026-05-09 15:10:00.053,4,0.02,-0.58,-0.0,-150.3684,47.79339999999999,152.3334,175,75
2026-05-09 15:10:00.053,4,0.21,-0.58,0.07,-165.79840000000002,35.0434,150.0834,175,75
2026-05-09 15:10:00.073,4,0.72,-0.69,-0.24,-199.7584,-23.736600000000003,150.14339999999999,175,75
2026-05-09 15:10:00.085,4,0.64,-0.96,-0.55,-206.58839999999998,-38.7966,159.3534,175,75
2026-05-09 15:10:00.107,4,0.36,-1.37,-0.78,-216.34839999999997,29.4334,177.33339999999998,175,75
2026-05-09 15:10:00.118,4,0.28,-1.72,-0.82,-240.3684,165.04340000000002,188.43339999999998,175,75
2026-05-09 15:10:00.140,4,0.87,-1.88,-0.27,-315.6784,391.6934,168.9234,175,75
2026-05-09 15:10:00.140,4,1.06,-1.88,0.07,-340.6784,450.29339999999996,164.3534,175,75
2026-05-09 15:10:00.153,4,1.4,-2.05,0.42,-355.85839999999996,495.7134,149.4134,175,75
2026-05-09 15:10:00.158,4,1.58,-2.23,0.69,-365.5584,488.9434,121.72340000000001,175,75
2026-05-09 15:10:00.172,4,1.63,-2.36,0.99,-382.0784,440.7134,59.7734,175,75
2026-05-09 15:10:00.182,4,1.53,-2.35,1.19,-399.5184,398.3334,-2.1165999999999983,175,75
2026-05-09 15:10:00.195,4,1.44,-2.31,1.24,-415.73839999999996,397.79339999999996,-68.75659999999999,175,75
2026-05-09 15:10:00.218,4,1.41,-2.41,1.24,-430.3684,423.1534,-118.02659999999999,175,75
2026-05-09 15:10:00.218,4,1.33,-2.56,1.22,-441.4084,449.3134,-143.5766,175,75
2026-05-09 15:10:00.243,4,1.2,-2.75,1.25,-446.1684,472.60339999999997,-149.6166,175,75
2026-05-09 15:10:00.243,4,0.98,-3.06,1.46,-446.64840000000004,498.64339999999993,-128.63660000000002,175,75
2026-05-09 15:10:00.256,4,0.84,-3.33,1.92,-451.2884,514.7434,-92.8466,175,75
2026-05-09 15:10:00.266,4,0.7,-3.56,2.4,-434.1484,420.10339999999997,-106.0766,175,75
2026-05-09 15:10:00.277,4,-0.49,-3.77,2.41,-373.1184,247.60339999999997,-201.56660000000002,175,75
2026-05-09 15:10:00.282,4,-1.27,-3.85,2.28,-340.4284,262.72339999999997,-279.85659999999996,175,75
2026-05-09 15:10:00.321,4,-0.95,-2.54,2.35,-376.09839999999997,415.5334,-557.7866,175,75
2026-05-09 15:10:00.372,4,-0.81,-0.72,2.54,-254.08839999999998,275.29339999999996,-444.6166,175,75
2026-05-09 15:10:00.383,4,-0.54,-0.43,2.37,-269.9484,183.8234,-364.97659999999996,175,75
2026-05-09 15:10:00.395,4,-0.79,-0.35,2.11,-270.6784,187.72339999999997,-320.5866,175,75
2026-05-09 15:10:00.404,4,-1.07,-0.33,1.99,-244.5784,221.02339999999998,-301.8066,175,75
2026-05-09 15:10:00.435,4,-1.42,-0.18,2.26,-164.33839999999998,273.7634,-288.8866,175,75
2026-05-09 15:10:00.448,4,-1.61,0.01,2.61,-133.1184,257.60339999999997,-277.66659999999996,175,75
2026-05-09 15:10:00.448,4,-1.74,0.27,2.83,-119.4584,237.60339999999997,-256.9966,175,75
2026-05-09 15:10:00.462,4,-1.73,0.55,2.99,-104.2084,199.6134,-226.56660000000002,175,75
2026-05-09 15:10:00.482,4,-1.59,0.77,2.97,-84.2084,135.65339999999998,-191.38660000000002,175,75
2026-05-09 15:10:00.482,4,-1.58,0.88,2.88,-71.6484,84.6134,-163.69660000000002,175,75
2026-05-09 15:10:00.503,4,-1.68,0.99,2.65,-48.05839999999999,40.1034,-121.80659999999999,175,75
2026-05-09 15:10:00.515,4,-1.8,1.04,2.44,-18.538399999999996,26.873399999999997,-89.00659999999999,175,75
2026-05-09 15:10:00.526,4,-1.87,1.07,2.31,8.1616,16.7534,-63.8866,175,75
2026-05-09 15:10:00.538,4,-1.98,1.08,2.15,43.711600000000004,-15.016600000000002,-27.116599999999995,175,75
2026-05-09 15:10:00.548,4,-2.1,1.03,2.04,77.80160000000001,-60.5666,7.093400000000003,175,75
2026-05-09 15:10:00.560,4,-2.09,0.88,1.89,107.4916,-130.5066,30.9934,175,75
2026-05-09 15:10:00.565,4,-2.02,0.74,1.7,126.7016,-211.66660000000002,35.443400000000004,175,75
2026-05-09 15:10:00.573,4,-1.97,0.61,1.45,142.98160000000001,-291.8466,31.7234,175,75
2026-05-09 15:10:00.592,4,-1.97,0.56,1.16,160.97160000000002,-349.0366,30.2634,175,75
2026-05-09 15:10:00.605,4,-1.97,0.49,0.85,181.4616,-365.5666,34.7134,175,75
2026-05-09 15:10:00.617,4,-2.02,0.47,0.65,203.96159999999998,-345.1966,41.3034,175,75
2026-05-09 15:10:00.628,4,-2.01,0.43,0.46,239.8716,-289.83660000000003,58.3134,175,75
2026-05-09 15:10:00.628,4,-1.89,0.39,0.36,279.6916,-227.8166,83.74340000000001,175,75
2026-05-09 15:10:00.639,4,-1.69,0.29,0.39,324.7516,-165.7466,123.9834,175,75
2026-05-09 15:10:00.650,4,-1.49,0.15,0.47,352.5516,-135.8066,165.8734,175,75
2026-05-09 15:10:00.659,4,-1.35,-0.03,0.54,362.3716,-144.28660000000002,198.2534,175,75
2026-05-09 15:10:00.668,4,-1.28,-0.19,0.57,362.2516,-178.7366,221.7234,175,75
2026-05-09 15:10:00.699,4,-1.38,-0.33,0.57,374.6916,-210.2566,260.6334,175,75
2026-05-09 15:10:00.710,4,-1.33,-0.45,0.51,397.6116,-182.08659999999998,298.2534,175,75
2026-05-09 15:10:00.720,4,-1.09,-0.64,0.53,423.2216,-145.07659999999998,360.7534,175,75
2026-05-09 15:10:00.720,4,-0.9,-0.81,0.62,439.3816,-124.8366,425.9334,175,75
2026-05-09 15:10:00.737,4,-0.75,-1.01,0.77,448.83160000000004,-118.1866,510.8134,175,75
2026-05-09 15:10:00.766,4,-0.77,-1.76,1.09,443.96160000000003,-108.06660000000001,709.5934,175,75
2026-05-09 15:10:00.777,4,-0.96,-2.46,1.36,408.5916,-126.6666,925.9334,175,75
2026-05-09 15:10:00.802,4,-3.48,-5.84,1.88,384.3816,-26.846600000000002,918.8634000000001,175,75
2026-05-09 15:10:00.815,4,-2.71,-6.72,1.64,257.0016,154.0734,848.6834,175,75
2026-05-09 15:10:00.823,4,-1.7,-7.35,1.15,169.5016,196.8134,829.4734,175,75
2026-05-09 15:10:00.842,4,-1.14,-7.39,0.69,201.46159999999998,137.2434,852.7634,175,75
2026-05-09 15:10:00.852,4,-2.2,-6.22,1.05,375.6616,120.2934,688.1934,175,75
2026-05-09 15:10:00.868,4,-2.53,-5.63,2.35,453.0416,105.4734,491.4234,175,75
2026-05-09 15:10:00.879,4,-2.12,-4.94,3.44,431.9416,-55.0766,338.3134,175,75
2026-05-09 15:10:00.890,4,-1.57,-4.34,4.06,313.7116,-204.58659999999998,254.1034,175,75
2026-05-09 15:10:00.905,4,-0.54,-3.98,3.89,97.3116,-370.5066,220.08339999999998,175,75
2026-05-09 15:10:00.916,4,-0.2,-3.55,3.24,-105.9184,-476.9066,220.8134,175,75
2026-05-09 15:10:00.928,4,-0.15,-2.95,2.2,-219.27839999999998,-520.0166,236.9134,175,75
2026-05-09 15:10:00.939,4,-0.1,-2.52,1.35,-208.23839999999996,-563.0666,241.8534,175,75
2026-05-09 15:10:00.950,4,-0.19,-2.3,0.55,-88.72840000000001,-613.0066,226.24339999999998,175,75
2026-05-09 15:10:00.971,4,-0.38,-2.36,-0.01,88.1616,-597.0266,175.5734,175,75
2026-05-09 15:10:00.971,4,-0.51,-2.41,-0.2,208.96159999999998,-533.9166,91.3634,175,75
2026-05-09 15:10:00.985,4,-0.58,-2.25,-0.21,288.7116,-447.33660000000003,-33.456599999999995,175,75
2026-05-09 15:10:00.997,4,-0.75,-1.72,-0.2,330.4816,-395.6866,-170.4666,175,75
2026-05-09 15:10:01.006,4,-0.68,-1.36,-0.29,345.1116,-369.2266,-253.94660000000002,175,75
2026-05-09 15:10:01.020,4,-0.41,-0.88,-0.47,355.3616,-394.58660000000003,-348.5766,175,75
2026-05-09 15:10:01.030,4,1.68,0.28,0.01,320.4216,-475.8066,-266.3866,175,75
2026-05-09 15:10:01.041,4,0.37,1.67,-0.36,214.20159999999998,-470.8066,28.253400000000003,175,75
2026-05-09 15:10:01.068,4,-0.5,1.09,-1.58,292.4916,-145.1966,-32.9666,175,75
2026-05-09 15:10:01.078,4,-0.09,0.63,-1.49,294.1416,-16.056600000000003,25.143400000000003,175,75
2026-05-09 15:10:01.088,4,-0.05,0.38,-1.28,226.9416,31.633399999999995,55.0834,175,75
2026-05-09 15:10:01.106,4,-0.46,0.69,-0.64,65.6616,44.3734,21.663400000000003,175,75
2026-05-09 15:10:01.117,4,-0.43,0.93,-0.38,22.3716,96.93339999999999,22.823400000000003,175,75
2026-05-09 15:10:01.130,4,-0.24,1.13,-0.13,4.201599999999999,122.1134,46.3034,175,75
2026-05-09 15:10:01.140,4,0.15,1.2,0.14,-1.2283999999999935,70.90339999999999,60.32340000000001,175,75
2026-05-09 15:10:01.140,4,0.33,1.11,0.42,-13.9084,-61.116600000000005,48.9234,175,75
2026-05-09 15:10:01.154,4,0.42,1.02,0.52,-28.178399999999996,-171.47660000000002,21.793400000000002,175,75
2026-05-09 15:10:01.176,4,0.45,0.92,0.51,-57.3184,-346.7866,-2.3565999999999967,175,75
2026-05-09 15:10:01.189,4,0.45,0.53,-0.34,-108.1184,-527.5766,-115.2866,175,75
2026-05-09 15:10:01.201,4,-0.33,0.86,-0.92,-145.3684,-442.20660000000004,-89.8566,175,75
2026-05-09 15:10:01.222,4,-0.54,1.21,-1.3,-144.08839999999998,-122.0866,-30.896599999999996,175,75
2026-05-09 15:10:01.227,4,-0.46,1.22,-1.07,-139.5784,188.03339999999997,61.793400000000005,175,75
2026-05-09 15:10:01.244,4,-0.94,0.83,-0.28,-133.35840000000002,345.41339999999997,132.9434,175,75
2026-05-09 15:10:01.258,4,0.99,-0.14,-0.13,-104.81840000000001,609.6134,67.0934,175,75
2026-05-09 15:10:01.270,4,1.85,-0.9,1.05,-171.89839999999998,408.4634,96.05340000000001,175,75
2026-05-09 15:10:01.285,4,1.16,-0.89,1.52,-174.9484,248.7634,13.193400000000002,175,75
2026-05-09 15:10:01.296,4,1.41,-1.07,1.72,-160.3684,147.1834,-37.596599999999995,175,75
2026-05-09 15:10:01.307,4,1.61,-1.6,1.5,-159.6984,45.35339999999999,-62.9066,175,75
2026-05-09 15:10:01.318,4,1.22,-1.99,1.18,-167.3884,2.483399999999996,-69.0666,175,75
2026-05-09 15:10:01.328,4,0.86,-2.25,1.05,-188.90839999999997,21.5734,-95.64659999999999,175,75
2026-05-09 15:10:01.339,4,1.01,-1.94,1.34,-257.3884,82.3034,-156.8666,175,75
2026-05-09 15:10:01.339,4,1.33,-1.5,1.59,-299.2784,119.13340000000001,-177.0566,175,75
2026-05-09 15:10:01.356,4,1.51,-1.3,1.69,-307.2584,162.42340000000002,-171.56660000000002,175,75
2026-05-09 15:10:01.373,4,1.53,-1.52,1.64,-280.6784,210.90339999999998,-172.2966,175,75
2026-05-09 15:10:01.373,4,1.34,-2.04,1.63,-257.6284,272.11339999999996,-192.78660000000002,175,75
2026-05-09 15:10:01.384,4,1.18,-2.28,1.69,-264.8884,329.3734,-214.97660000000002,175,75
2026-05-09 15:10:01.395,4,0.97,-2.33,1.78,-269.6984,387.54339999999996,-240.0366,175,75
2026-05-09 15:10:01.403,4,0.85,-2.37,1.99,-255.6784,414.4934,-258.8166,175,75
2026-05-09 15:10:01.422,4,0.8,-2.48,2.33,-220.85839999999996,351.7534,-282.59659999999997,175,75
2026-05-09 15:10:01.422,4,0.54,-2.57,2.46,-185.91840000000002,269.5534,-297.41659999999996,175,75
2026-05-09 15:10:01.463,4,-0.51,-2.17,2.53,-241.46839999999997,116.9934,-411.9966,175,75
2026-05-09 15:10:01.475,4,-0.41,-1.87,2.39,-276.4684,103.0334,-447.53659999999996,175,75
2026-05-09 15:10:01.482,4,-0.02,-1.43,2.22,-282.5684,86.9934,-444.1266,175,75
2026-05-09 15:10:01.495,4,0.13,-1.15,2.09,-260.4984,79.68339999999999,-393.8866,175,75
2026-05-09 15:10:01.535,4,-0.2,-0.95,1.99,-244.02839999999998,126.63340000000001,-349.4266,175,75
2026-05-09 15:10:01.546,4,-0.3,-0.8,1.99,-240.0684,137.66340000000002,-347.66659999999996,175,75
2026-05-09 15:10:01.551,4,-0.34,-0.56,1.98,-229.39839999999998,145.29340000000002,-344.0066,175,75
2026-05-09 15:10:01.560,4,-0.38,-0.33,1.96,-217.5084,139.6834,-332.47659999999996,175,75
2026-05-09 15:10:01.575,4,-0.48,-0.12,1.98,-203.72839999999997,136.5734,-312.53659999999996,175,75
2026-05-09 15:10:01.585,4,-0.5,0.04,2.0,-188.41839999999996,139.7434,-297.90659999999997,175,75
2026-05-09 15:10:01.598,4,-0.46,0.14,2.04,-171.52839999999998,129.8034,-282.90659999999997,175,75
2026-05-09 15:10:01.609,4,-0.46,0.16,2.03,-158.90839999999997,112.7934,-268.0866,175,75
2026-05-09 15:10:01.621,4,-0.5,0.15,1.98,-144.8184,93.6434,-251.74660000000003,175,75
2026-05-09 15:10:01.632,4,-0.54,0.17,1.95,-133.78840000000002,81.57339999999999,-240.4066,175,75
2026-05-09 15:10:01.644,4,-0.64,0.32,1.95,-115.6784,60.5334,-216.7466,175,75
2026-05-09 15:10:01.667,4,-0.64,0.43,1.94,-105.6184,53.5834,-202.47660000000002,175,75
2026-05-09 15:10:01.679,4,-0.62,0.51,1.93,-96.03840000000001,43.4634,-186.9266,175,75
2026-05-09 15:10:01.679,4,-0.6,0.58,1.9,-86.8984,33.7634,-173.94660000000002,175,75
2026-05-09 15:10:01.689,4,-0.61,0.67,1.84,-72.68839999999999,18.333399999999997,-154.4966,175,75
2026-05-09 15:10:01.700,4,-0.63,0.73,1.8,-59.5784,10.833399999999997,-139.91660000000002,175,75
2026-05-09 15:10:01.711,4,-0.66,0.79,1.74,-41.4684,6.503399999999999,-120.1666,175,75
2026-05-09 15:10:01.721,4,-0.7,0.86,1.73,-23.598399999999998,6.143399999999996,-100.83659999999999,175,75
2026-05-09 15:10:01.753,4,-0.72,0.93,1.73,-2.4483999999999924,10.963399999999996,-76.3866,175,75
2026-05-09 15:10:01.753,4,-0.73,0.98,1.74,14.0216,12.483399999999996,-58.69659999999999,175,75
2026-05-09 15:10:01.765,4,-0.69,1.02,1.74,56.031600000000005,-5.926600000000002,-21.316599999999998,175,75
2026-05-09 15:10:01.776,4,-0.66,1.05,1.73,78.0416,-27.086600000000004,-4.1865999999999985,175,75
2026-05-09 15:10:01.809,4,-0.64,1.09,1.72,101.64160000000001,-51.6666,12.583400000000001,175,75
2026-05-09 15:10:01.810,4,-0.61,1.13,1.7,126.4016,-76.9666,28.803400000000003,175,75
2026-05-09 15:10:01.820,4,-0.59,1.14,1.66,147.9216,-96.2366,43.2534,175,75
2026-05-09 15:10:01.831,4,-0.55,1.14,1.62,174.4416,-115.2566,59.4734,175,75
2026-05-09 15:10:01.842,4,-0.52,1.13,1.56,204.3216,-130.6866,77.2734,175,75
2026-05-09 15:10:01.855,4,-0.47,1.13,1.52,233.71159999999998,-139.8366,93.2534,175,75
2026-05-09 15:10:01.860,4,-0.44,1.12,1.5,256.40160000000003,-147.02660000000003,106.4234,175,75
2026-05-09 15:10:01.877,4,-0.41,1.08,1.49,290.7216,-151.41660000000002,124.6534,175,75
2026-05-09 15:10:01.886,4,-0.35,1.04,1.45,318.1616,-155.3866,141.11339999999998,175,75
2026-05-09 15:10:01.898,4,-0.29,0.94,1.4,348.3516,-167.39659999999998,156.8534,175,75
2026-05-09 15:10:01.910,4,-0.26,0.85,1.32,378.83160000000004,-183.7366,171.4234,175,75
2026-05-09 15:10:01.920,4,-0.24,0.76,1.25,410.9116,-191.2366,188.43339999999998,175,75
2026-05-09 15:10:01.935,4,-0.28,0.55,1.22,479.5016,-172.8166,238.3134,175,75
2026-05-09 15:10:01.967,4,-0.22,0.07,1.38,556.5816,-190.7466,304.1034,175,75
2026-05-09 15:10:01.973,4,-0.22,-0.17,1.46,583.7116,-236.1166,320.3834,175,75
2026-05-09 15:10:01.995,4,-0.3,-0.45,1.5,612.0716,-285.8066,332.58340000000004,175,75
2026-05-09 15:10:02.006,4,-0.42,-0.71,1.54,638.4116,-332.08660000000003,343.1934,175,75
2026-05-09 15:10:02.016,4,-0.54,-0.99,1.6,663.4116,-377.63660000000004,351.4834,175,75
2026-05-09 15:10:02.028,4,-0.68,-1.4,1.69,689.0216,-441.7266,356.4234,175,75
2026-05-09 15:10:02.039,4,-0.8,-1.82,1.87,703.4116,-515.1366,359.65340000000003,175,75
2026-05-09 15:10:02.049,4,-0.86,-2.46,2.12,715.7216,-618.4266,375.3834,175,75
2026-05-09 15:10:02.062,4,-1.31,-3.82,2.45,737.8616000000001,-850.1366,380.6934,175,75
2026-05-09 15:10:02.074,4,-2.05,-5.3,2.45,743.5916,-974.8966,326.7934,175,75
2026-05-09 15:10:02.095,4,-3.1,-6.81,1.87,686.5216,-979.0366,212.1534,175,75
2026-05-09 15:10:02.107,4,-3.68,-7.34,0.95,557.0716,-877.6366,80.2634,175,75
2026-05-09 15:10:02.122,4,-3.21,-6.72,-0.35,401.33160000000004,-637.2066,-39.42659999999999,175,75
2026-05-09 15:10:02.122,4,-1.86,-5.33,-1.6,275.7216,-414.3466,-121.9266,175,75
2026-05-09 15:10:02.146,4,-1.0,-3.14,-1.87,218.59160000000003,-508.4266,-223.0866,175,75
2026-05-09 15:10:02.146,4,-2.12,-1.82,-1.47,278.7716,-605.3166,-350.40659999999997,175,75
2026-05-09 15:10:02.157,4,-2.46,-1.17,-0.65,416.70160000000004,-360.2566,-541.6866,175,75
2026-05-09 15:10:02.170,4,-0.58,-0.76,0.1,480.3616,-34.0966,-637.4166,175,75
2026-05-09 15:10:02.176,4,3.11,0.02,1.85,150.97160000000002,6.263399999999997,-28.146599999999996,175,75
2026-05-09 15:10:02.207,4,-0.03,-1.01,0.39,204.9316,-7.3366000000000025,-104.7366,175,75
2026-05-09 15:10:02.218,4,-0.42,-1.34,0.34,271.15160000000003,97.3634,-98.14659999999999,175,75
2026-05-09 15:10:02.228,4,-0.71,-1.3,0.46,248.90160000000003,229.8634,-80.58659999999999,175,75
2026-05-09 15:10:02.241,4,-0.85,-0.93,0.67,164.8716,314.0034,-109.06660000000001,175,75
2026-05-09 15:10:02.250,4,-0.76,-0.61,0.89,95.05160000000001,304.61339999999996,-127.4166,175,75
2026-05-09 15:10:02.263,4,-0.26,-0.46,1.01,42.0116,209.92340000000002,-124.36659999999999,175,75
2026-05-09 15:10:02.278,4,0.07,-0.45,1.13,35.3016,-1.7266000000000012,-110.7066,175,75
2026-05-09 15:10:02.289,4,-0.64,-0.6,1.05,72.2516,-311.7266,-140.5866,175,75
2026-05-09 15:10:02.309,4,-0.97,-0.52,0.9,51.881600000000006,-372.14660000000003,-175.7766,175,75
2026-05-09 15:10:02.319,4,-1.15,-0.34,0.74,16.031600000000005,-377.45660000000004,-209.3066,175,75
2026-05-09 15:10:02.331,4,-1.19,-0.1,0.62,-15.618399999999994,-360.07660000000004,-237.7266,175,75
2026-05-09 15:10:02.344,4,-0.92,0.23,0.59,-36.83839999999999,-332.6966,-228.88660000000002,175,75
2026-05-09 15:10:02.357,4,-0.9,0.59,0.57,-54.69839999999999,-280.8066,-177.66660000000002,175,75
2026-05-09 15:10:02.372,4,-0.93,0.81,0.66,-56.4684,-105.0166,-105.83659999999999,175,75
2026-05-09 15:10:02.382,4,-0.8,0.68,0.9,-57.998400000000004,-68.0666,-82.2366,175,75
2026-05-09 15:10:02.393,4,-0.77,0.56,1.08,-66.5884,-66.78659999999999,-68.33659999999999,175,75
2026-05-09 15:10:02.405,4,-0.72,0.39,1.22,-83.2984,-81.4166,-63.14659999999999,175,75
2026-05-09 15:10:02.415,4,-0.59,0.25,1.26,-99.5184,-112.2766,-64.1266,175,75
2026-05-09 15:10:02.426,4,-0.45,0.16,1.21,-113.96839999999999,-152.7566,-61.44659999999999,175,75
2026-05-09 15:10:02.437,4,-0.41,0.12,1.09,-128.72840000000002,-195.07659999999998,-50.64659999999999,175,75
2026-05-09 15:10:02.459,4,-0.44,0.11,0.93,-137.1984,-203.4266,-36.0166,175,75
2026-05-09 15:10:02.460,4,-0.47,0.12,0.83,-138.35840000000002,-189.09660000000002,-22.5966,175,75
2026-05-09 15:10:02.471,4,-0.46,0.16,0.79,-135.97840000000002,-163.91660000000002,-7.2966000000000015,175,75
2026-05-09 15:10:02.479,4,-0.43,0.24,0.83,-126.46839999999999,-119.7766,16.7234,175,75
2026-05-09 15:10:02.492,4,-0.39,0.32,0.94,-111.1684,-75.3166,40.5034,175,75
2026-05-09 15:10:02.511,4,-0.34,0.36,1.06,-93.1184,-41.726600000000005,64.8334,175,75
2026-05-09 15:10:02.511,4,-0.31,0.4,1.12,-79.0884,-21.786600000000004,80.8134,175,75
2026-05-09 15:10:02.522,4,-0.28,0.44,1.13,-63.2984,-1.2966000000000015,93.9834,175,75
2026-05-09 15:10:02.548,4,-0.23,0.47,1.09,-43.5984,24.0734,101.60340000000001,175,75
2026-05-09 15:10:02.548,4,-0.14,0.51,1.03,-24.888400000000004,46.4434,102.7034,175,75
