Time,ID,Ax,Ay,Az,Gx,Gy,Gz,Height,Weight
2026-05-11 17:56:47.918,4,0.14,-0.21,1.18,0.6595999999999975,-281.0708,-2.8924000000000003,175,75
2026-05-11 17:56:47.918,4,0.25,-0.48,2.71,36.879599999999996,264.5392,54.367599999999996,175,75
2026-05-11 17:56:47.918,4,-0.98,-2.3,-0.07,-73.4204,-7.7708,-19.6524,175,75
2026-05-11 17:56:47.918,4,-0.78,-2.23,0.1,-68.91040000000001,95.14920000000001,12.597599999999998,175,75
2026-05-11 17:56:47.918,4,-0.49,-1.97,0.35,-70.9204,148.6892,21.257599999999996,175,75
2026-05-11 17:56:47.918,4,-0.33,-1.81,0.64,-73.2404,189.5392,19.9176,175,75
2026-05-11 17:56:47.918,4,-0.29,-1.45,2.86,31.6396,-213.1408,46.3776,175,75
2026-05-11 17:56:47.918,4,-0.28,-1.09,2.56,52.6696,-402.7708,51.5676,175,75
2026-05-11 17:56:47.918,4,-0.42,-0.96,1.95,62.3096,-509.05080000000004,53.02759999999999,175,75
2026-05-11 17:56:47.918,4,-0.44,-0.05,0.33,28.949599999999997,-340.4008,24.3076,175,75
2026-05-11 17:56:47.918,4,-0.35,0.38,0.05,47.1896,-125.0908,31.8076,175,75
2026-05-11 17:56:47.919,4,-0.33,0.42,0.07,64.1396,0.27919999999999967,36.4976,175,75
2026-05-11 17:56:47.919,4,-0.44,-0.05,0.56,-17.9404,32.709199999999996,-24.2924,175,75
2026-05-11 17:56:47.919,4,-0.61,-0.27,0.54,-42.57040000000001,35.3392,-28.922400000000003,175,75
2026-05-11 17:56:47.919,4,-0.81,-1.63,0.69,-110.5004,42.779199999999996,83.02759999999999,175,75
2026-05-11 17:56:47.919,4,-0.66,-1.82,0.79,-101.6604,83.1392,94.7376,175,75
2026-05-11 17:56:47.920,4,-0.78,-2.41,1.09,-75.6204,178.4492,84.1876,175,75
2026-05-11 17:56:47.920,4,-0.91,-3.0,1.22,-52.2004,228.5092,86.9276,175,75
2026-05-11 17:56:47.920,4,-0.9,-3.25,1.39,-30.2504,253.86919999999998,81.5676,175,75
2026-05-11 17:56:47.920,4,-0.58,-2.85,1.72,-10.740400000000001,242.95919999999998,52.8476,175,75
2026-05-11 17:56:47.920,4,0.07,-1.49,1.86,32.7996,-50.640800000000006,-3.3724000000000007,175,75
2026-05-11 17:56:47.928,4,0.01,-1.38,1.7,32.1196,-92.4708,-18.9224,175,75
2026-05-11 17:56:47.978,4,-0.09,-1.22,1.48,30.479599999999998,-88.2008,-33.4424,175,75
2026-05-11 17:56:47.978,4,-0.07,-0.93,1.29,41.1496,-31.4308,-42.8924,175,75
2026-05-11 17:56:47.981,4,-0.03,-0.21,1.17,63.709599999999995,108.0792,-39.1724,175,75
2026-05-11 17:56:48.056,4,-0.03,0.03,1.19,62.6096,161.8592,-34.5324,175,75
2026-05-11 17:56:48.056,4,0.47,0.02,1.94,11.699599999999997,-0.7008000000000003,-19.2924,175,75
2026-05-11 17:56:48.085,4,0.48,0.07,1.61,-5.860400000000002,-115.5808,-23.6224,175,75
2026-05-11 17:56:48.085,4,-0.09,0.21,1.41,-59.580400000000004,-214.1808,44.187599999999996,175,75
2026-05-11 17:56:48.085,4,0.57,-0.06,0.87,-15.0104,-170.88080000000002,-23.6824,175,75
2026-05-11 17:56:48.141,4,-0.2,-0.38,0.38,-90.8604,-13.4408,-33.5024,175,75
2026-05-11 17:56:48.141,4,-0.3,-0.4,0.53,-121.7804,26.1292,-19.2924,175,75
2026-05-11 17:56:48.141,4,-0.34,-0.43,0.68,-146.9604,21.9192,-3.7424,175,75
2026-05-11 17:56:48.424,4,-0.73,-1.37,0.68,-111.2904,-72.1608,6.9276,175,75
2026-05-11 17:56:48.424,4,-0.83,-1.46,0.56,-77.63040000000001,1.2491999999999999,16.7476,175,75
2026-05-11 17:56:48.424,4,-0.7,-1.85,1.16,7.489599999999999,250.6992,39.4276,175,75
2026-05-11 17:56:48.424,4,-0.43,-1.81,1.37,22.8596,197.2292,39.9176,175,75
2026-05-11 17:56:48.424,4,-0.15,-1.82,1.41,39.6896,76.3692,36.7476,175,75
2026-05-11 17:56:48.425,4,-0.16,-1.64,0.93,47.0596,-70.7608,29.3076,175,75
2026-05-11 17:56:48.426,4,-0.32,-1.44,0.87,49.5596,-58.320800000000006,33.4576,175,75
2026-05-11 17:56:48.426,4,-0.37,-1.25,1.08,53.589600000000004,-35.9408,42.2376,175,75
2026-05-11 17:56:48.426,4,-0.2,-1.08,1.43,54.5596,-67.96079999999999,46.3176,175,75
2026-05-11 17:56:48.426,4,0.14,-0.87,1.8,54.25959999999999,-182.41080000000002,39.977599999999995,175,75
2026-05-11 17:56:48.426,4,0.38,-0.65,2.08,56.209599999999995,-362.6508,20.5276,175,75
2026-05-11 17:56:48.426,4,-0.7,-0.53,1.21,23.709600000000002,-707.3507999999999,-48.5024,175,75
2026-05-11 17:56:48.426,4,-0.92,-0.33,0.59,16.9996,-597.3507999999999,-49.5324,175,75
2026-05-11 17:56:48.427,4,-0.83,-0.11,0.2,17.8596,-436.8608,-42.6424,175,75
2026-05-11 17:56:48.427,4,-0.44,0.02,0.06,30.659599999999998,-60.5808,-16.482400000000002,175,75
2026-05-11 17:56:48.427,4,-0.28,-0.21,0.44,38.7096,141.4992,-6.792400000000001,175,75
2026-05-11 17:56:48.822,4,-0.11,-0.44,1.34,45.3596,323.0192,1.437599999999998,175,75
2026-05-11 17:56:48.822,4,-0.07,-0.45,1.58,44.6896,328.19919999999996,3.5176,175,75
2026-05-11 17:56:48.822,4,0.02,-0.47,1.73,43.2796,303.3892,4.4276,175,75
2026-05-11 17:56:48.822,4,0.05,-0.45,1.62,41.0896,116.3092,-8.862400000000001,175,75
2026-05-11 17:56:48.822,4,-0.01,-0.46,1.46,40.6596,71.8592,-15.2024,175,75
2026-05-11 17:56:48.822,4,-0.2,-0.62,1.14,31.5796,-7.8308,-27.8324,175,75
2026-05-11 17:56:48.823,4,-0.93,-0.66,0.69,-10.800400000000002,-148.69080000000002,-29.2924,175,75
2026-05-11 17:56:48.823,4,-1.55,-0.62,0.53,-82.5104,-320.5808,36.687599999999996,175,75
2026-05-11 17:56:48.823,4,-1.18,-1.02,0.69,-91.0504,-407.5308,49.60759999999999,175,75
2026-05-11 17:56:48.823,4,-1.31,-1.7,0.57,-98.3604,-460.3308,57.35759999999999,175,75
2026-05-11 17:56:48.823,4,-1.52,-1.77,0.22,-94.5204,-416.1308,70.0376,175,75
2026-05-11 17:56:48.823,4,-1.68,-1.61,-0.09,-90.6204,-329.8508,80.6476,175,75
2026-05-11 17:56:48.823,4,-1.9,-1.31,-0.25,-86.6604,-117.7708,90.3476,175,75
2026-05-11 17:56:48.823,4,-1.32,-1.55,0.56,-47.2004,279.3592,131.6276,175,75
2026-05-11 17:56:48.823,4,0.1,-1.24,1.72,1.8195999999999977,238.9992,12.9076,175,75
2026-05-11 17:56:48.823,4,-0.08,-0.8,1.77,16.3296,197.64919999999998,-12.7624,175,75
2026-05-11 17:56:48.823,4,0.19,-0.12,2.12,7.0596,136.0092,5.527599999999998,175,75
2026-05-11 17:56:48.908,4,-0.22,-0.33,1.71,-31.2904,119.78920000000001,35.4676,175,75
2026-05-11 17:56:48.908,4,-0.29,-0.41,1.72,-23.730400000000003,134.23919999999998,45.0976,175,75
2026-05-11 17:56:48.908,4,-0.3,-0.63,1.79,-9.460400000000002,119.78920000000001,55.587599999999995,175,75
2026-05-11 17:56:48.909,4,-0.26,-0.78,1.85,-3.1804000000000023,69.0592,57.6576,175,75
2026-05-11 17:56:48.909,4,-0.19,-0.8,1.86,-5.560400000000001,-15.8808,55.3476,175,75
2026-05-11 17:56:48.909,4,-0.12,-0.73,1.74,-12.390400000000001,-159.3008,45.6476,175,75
2026-05-11 17:56:48.929,4,-1.06,-1.41,0.1,6.8796,-236.3708,8.8776,175,75
2026-05-11 17:56:49.013,4,-0.5,-1.38,0.69,32.059599999999996,-132.7708,-63.4324,175,75
2026-05-11 17:56:49.032,4,-0.5,-1.25,0.71,26.3896,-100.0908,-70.5724,175,75
2026-05-11 17:56:49.041,4,-0.46,-1.12,0.73,24.8696,-52.8308,-76.3624,175,75
2026-05-11 17:56:49.052,4,-0.44,-0.57,0.9,40.1096,96.67920000000001,-86.2424,175,75
2026-05-11 17:56:49.064,4,-0.37,-0.28,1.07,56.50959999999999,166.9192,-83.7424,175,75
2026-05-11 17:56:49.074,4,-0.26,-0.05,1.31,71.4496,190.0292,-80.39240000000001,175,75
2026-05-11 17:56:49.102,4,-0.08,0.12,1.5,73.7096,170.39919999999998,-82.1524,175,75
2026-05-11 17:56:49.109,4,-0.09,0.33,1.67,66.4496,100.5192,-84.9024,175,75
2026-05-11 17:56:49.120,4,-0.2,0.32,1.68,54.6896,-9.9708,-63.4324,175,75
2026-05-11 17:56:49.131,4,-0.21,0.14,1.6,41.8196,-59.970800000000004,-47.5224,175,75
2026-05-11 17:56:49.142,4,-0.2,0.02,1.48,22.4296,-83.8708,-32.7024,175,75
2026-05-11 17:56:49.152,4,-0.2,-0.01,1.37,6.639599999999998,-79.79079999999999,-20.6924,175,75
2026-05-11 17:56:49.164,4,-0.18,-0.0,1.3,-2.270400000000002,-53.6908,-10.942400000000001,175,75
2026-05-11 17:56:49.191,4,-0.25,-0.02,1.26,-8.610400000000002,-6.4308,-4.532400000000001,175,75
2026-05-11 17:56:49.208,4,-0.5,0.09,1.01,-17.450400000000002,14.5992,-4.172400000000001,175,75
2026-05-11 17:56:49.219,4,-0.66,0.05,0.92,-25.9204,40.639199999999995,5.887600000000001,175,75
2026-05-11 17:56:49.242,4,-0.65,-0.45,1.07,-43.180400000000006,16.4292,38.2076,175,75
2026-05-11 17:56:49.303,4,-1.52,-2.09,0.23,-61.900400000000005,-277.0408,33.5776,175,75
2026-05-11 17:56:49.314,4,-1.52,-2.06,-0.02,-52.6304,-61.3108,45.3476,175,75
2026-05-11 17:56:49.340,4,-0.9,-2.17,0.68,-8.6704,240.0292,68.63759999999999,175,75
2026-05-11 17:56:49.355,4,-0.49,-2.09,1.04,4.1996,213.92919999999998,51.4376,175,75
2026-05-11 17:56:49.367,4,-0.3,-1.87,1.17,15.599599999999995,140.51919999999998,26.3176,175,75
2026-05-11 17:56:49.380,4,-0.28,-1.68,1.2,19.2596,77.09920000000001,4.187599999999998,175,75
2026-05-11 17:56:49.390,4,-0.33,-1.44,1.22,15.1096,24.9692,-14.1724,175,75
2026-05-11 17:56:49.401,4,-0.34,-1.24,1.24,15.299599999999998,-3.6308000000000002,-23.8624,175,75
2026-05-11 17:56:49.414,4,-0.2,-1.06,1.29,26.9996,-59.180800000000005,-34.8424,175,75
2026-05-11 17:56:49.426,4,-0.18,-1.06,1.27,29.8696,-79.3608,-43.562400000000004,175,75
2026-05-11 17:56:49.439,4,-0.25,-1.05,1.19,31.879599999999996,-76.1908,-50.452400000000004,175,75
2026-05-11 17:56:49.462,4,-0.33,-0.88,0.94,58.03959999999999,60.209199999999996,-47.5824,175,75
2026-05-11 17:56:49.472,4,-0.27,-0.62,0.94,72.3696,166.73919999999998,-40.3924,175,75
2026-05-11 17:56:49.484,4,-0.14,-0.43,1.02,80.7796,231.1292,-36.3024,175,75
2026-05-11 17:56:49.499,4,-0.1,-0.2,1.41,87.0596,322.5892,-29.1124,175,75
2026-05-11 17:56:49.510,4,-0.1,-0.18,1.55,86.3296,324.3592,-24.172400000000003,175,75
2026-05-11 17:56:49.562,4,-0.07,-0.14,1.67,74.8096,273.8692,-8.502400000000002,175,75
2026-05-11 17:56:49.574,4,-0.01,-0.2,1.69,64.3196,240.20919999999998,-1.1824000000000012,175,75
2026-05-11 17:56:49.574,4,0.06,-0.3,1.75,50.9096,204.3592,0.8275999999999986,175,75
2026-05-11 17:56:49.609,4,0.2,-0.39,1.8,29.0096,108.8692,-6.852400000000001,175,75
2026-05-11 17:56:49.616,4,0.19,-0.42,1.78,19.559599999999996,56.9192,-13.192400000000001,175,75
2026-05-11 17:56:49.633,4,0.09,-0.35,1.57,6.209599999999998,-75.15079999999999,-25.8124,175,75
2026-05-11 17:56:49.684,4,-0.0,-0.48,0.64,-17.1404,-245.70080000000002,-34.9624,175,75
2026-05-11 17:56:49.694,4,-0.17,-0.61,0.35,-32.3904,-238.26080000000002,-33.2524,175,75
2026-05-11 17:56:49.705,4,-0.25,-0.69,0.24,-49.400400000000005,-209.1808,-27.8324,175,75
2026-05-11 17:56:49.705,4,-0.32,-0.86,0.25,-71.2304,-172.9608,-19.5324,175,75
2026-05-11 17:56:49.715,4,-0.41,-1.15,0.3,-94.2204,-120.15079999999999,-6.9724,175,75
2026-05-11 17:56:49.725,4,-0.42,-1.46,0.27,-96.1104,-61.8008,4.977600000000001,175,75
2026-05-11 17:56:49.738,4,-0.42,-1.73,0.19,-80.68039999999999,11.3092,11.3176,175,75
2026-05-11 17:56:49.749,4,-0.51,-1.67,0.09,-48.6104,228.86919999999998,19.9176,175,75
2026-05-11 17:56:49.763,4,-0.59,-1.67,0.28,-32.8804,326.3692,28.577599999999997,175,75
2026-05-11 17:56:49.812,4,-0.6,-1.9,0.78,0.04959999999999809,443.25919999999996,41.437599999999996,175,75
2026-05-11 17:56:49.826,4,0.12,-2.07,2.16,77.6096,354.9692,73.7576,175,75
2026-05-11 17:56:49.835,4,0.49,-1.99,2.34,87.5496,189.7892,61.0176,175,75
2026-05-11 17:56:49.876,4,-0.13,-1.31,1.24,82.0596,-295.8808,-46.7324,175,75
2026-05-11 17:56:49.876,4,-0.29,-0.85,0.94,68.2196,-245.82080000000002,-58.0124,175,75
2026-05-11 17:56:49.893,4,-0.37,-0.21,0.79,58.099599999999995,-153.44080000000002,-56.7924,175,75
2026-05-11 17:56:49.904,4,-0.06,0.23,0.77,54.1396,-92.5908,-50.452400000000004,175,75
2026-05-11 17:56:49.930,4,0.01,0.23,0.91,60.6596,-46.610800000000005,-30.5124,175,75
2026-05-11 17:56:49.942,4,0.13,-0.2,1.08,34.4396,-121.5508,-27.9524,175,75
2026-05-11 17:56:49.953,4,-0.24,-0.13,0.85,-56.8404,-311.1308,-30.142400000000002,175,75
2026-05-11 17:56:49.964,4,-0.53,-0.01,0.46,-86.5304,-345.0308,-10.942400000000001,175,75
2026-05-11 17:56:49.964,4,-0.73,-0.04,0.03,-99.4604,-273.2608,19.1276,175,75
2026-05-11 17:56:49.989,4,-0.75,-0.51,-0.05,-105.5604,-15.0308,70.9576,175,75
2026-05-11 17:56:49.999,4,-0.49,-1.08,0.6,-132.2004,111.06920000000001,92.10759999999999,175,75
2026-05-11 17:56:50.036,4,-0.39,-1.55,0.98,-134.16039999999998,129.05919999999998,100.4076,175,75
2026-05-11 17:56:50.047,4,-0.28,-1.66,1.04,-123.5504,125.45920000000001,97.5376,175,75
2026-05-11 17:56:50.058,4,-0.22,-1.58,1.07,-110.99040000000001,118.4492,91.3776,175,75
2026-05-11 17:56:50.062,4,-0.14,-1.37,1.08,-93.3004,99.4192,82.0476,175,75
2026-05-11 17:56:50.079,4,-0.19,-1.57,1.12,-70.6204,93.2592,66.6876,175,75
2026-05-11 17:56:50.090,4,-0.34,-2.07,1.26,-50.8604,114.0592,53.2676,175,75
2026-05-11 17:56:50.101,4,-0.23,-2.41,1.5,-17.5104,101.42920000000001,35.8876,175,75
2026-05-11 17:56:50.113,4,-0.17,-2.18,1.54,3.4095999999999975,56.1892,23.517599999999995,175,75
2026-05-11 17:56:50.126,4,-0.12,-1.7,1.52,30.7196,23.3892,17.2376,175,75
2026-05-11 17:56:50.136,4,-0.08,-1.32,1.43,52.42959999999999,-3.8708,11.3776,175,75
2026-05-11 17:56:50.147,4,-0.11,-1.21,1.37,63.4096,-2.5908,6.4976,175,75
2026-05-11 17:56:50.147,4,-0.11,-1.08,1.33,72.1896,18.2592,3.457600000000001,175,75
2026-05-11 17:56:50.158,4,0.04,-0.86,1.32,80.2996,29.7292,-0.0823999999999998,175,75
2026-05-11 17:56:50.196,4,0.11,-0.72,1.38,83.5896,29.5392,-7.702400000000001,175,75
2026-05-11 17:56:50.207,4,0.16,-0.57,1.47,81.9396,18.9292,-16.7924,175,75
2026-05-11 17:56:50.219,4,0.25,-0.25,1.65,69.1996,-40.9408,-40.4524,175,75
2026-05-11 17:56:50.230,4,0.27,-0.09,1.7,61.9996,-94.1108,-53.6224,175,75
2026-05-11 17:56:50.257,4,-0.01,-0.09,1.26,64.7496,-179.3608,-67.0924,175,75
2026-05-11 17:56:50.258,4,-0.1,-0.1,1.12,60.7196,-145.5808,-61.4224,175,75
2026-05-11 17:56:50.266,4,-0.11,-0.08,1.05,50.7196,-92.8308,-52.4624,175,75
2026-05-11 17:56:50.281,4,-0.11,-0.09,1.07,44.379599999999996,-56.430800000000005,-44.1724,175,75
2026-05-11 17:56:50.303,4,-0.14,-0.17,1.21,23.8296,-2.6508000000000003,-28.8624,175,75
2026-05-11 17:56:50.315,4,-0.12,-0.16,1.28,13.0396,7.5291999999999994,-19.2924,175,75
2026-05-11 17:56:50.315,4,-0.09,-0.15,1.31,3.0396,-3.9908,-10.692400000000001,175,75
2026-05-11 17:56:50.326,4,-0.05,-0.15,1.28,-6.4704000000000015,-24.0508,-4.9024,175,75
2026-05-11 17:56:50.375,4,0.02,-0.21,1.14,-18.7904,-57.5908,1.0775999999999986,175,75
2026-05-11 17:56:50.376,4,-0.01,-0.34,1.0,-27.450400000000002,-80.5808,2.967599999999999,175,75
2026-05-11 17:56:50.409,4,-0.04,-0.43,0.85,-42.3904,-85.5808,2.4776000000000007,175,75
2026-05-11 17:56:50.410,4,-0.11,-0.51,0.69,-60.3804,-77.90079999999999,1.0775999999999986,175,75
2026-05-11 17:56:50.420,4,-0.31,-0.75,0.6,-72.4504,-37.8308,0.34759999999999813,175,75
2026-05-11 17:56:50.420,4,-0.5,-1.17,0.63,-72.88040000000001,31.4992,6.437599999999998,175,75
2026-05-11 17:56:50.433,4,-0.49,-1.56,0.68,-65.0704,77.4692,13.6376,175,75
2026-05-11 17:56:50.448,4,-0.45,-2.03,0.73,-48.4204,92.5292,22.297599999999996,175,75
2026-05-11 17:56:50.448,4,-0.44,-2.25,0.74,-34.3404,92.4092,25.2776,175,75
2026-05-11 17:56:50.473,4,-0.21,-1.22,0.64,-9.030400000000002,30.2792,9.8576,175,75
2026-05-11 17:56:50.473,4,-0.41,-1.5,0.69,1.0295999999999985,36.069199999999995,8.6376,175,75
2026-05-11 17:56:50.517,4,-0.32,-1.82,0.76,10.659599999999998,21.6792,11.0176,175,75
2026-05-11 17:56:50.517,4,-0.22,-1.91,0.78,11.449599999999997,-29.6608,2.047600000000001,175,75
2026-05-11 17:56:50.517,4,-0.33,-1.7,0.54,44.5596,-128.9308,-27.4024,175,75
2026-05-11 17:56:50.528,4,-0.4,-1.57,0.57,54.1396,-145.88080000000002,-34.8424,175,75
2026-05-11 17:56:50.543,4,-0.49,-1.37,0.99,28.0396,-222.7708,-45.4524,175,75
2026-05-11 17:56:50.562,4,-0.5,-1.22,1.24,8.2196,-303.2008,-48.4324,175,75
2026-05-11 17:56:50.575,4,-0.57,-1.08,1.33,-3.0604000000000013,-381.0008,-47.1524,175,75
2026-05-11 17:56:50.590,4,-0.6,-0.97,1.21,0.5396000000000001,-452.5908,-38.0124,175,75
2026-05-11 17:56:50.601,4,-0.6,-0.85,1.12,0.35960000000000036,-425.5808,-41.3624,175,75
2026-05-11 17:56:50.623,4,-0.48,-0.63,1.1,-2.9404000000000003,-384.7908,-48.8624,175,75
2026-05-11 17:56:50.628,4,-0.5,-0.4,1.09,-9.3404,-347.2208,-54.3524,175,75
2026-05-11 17:56:50.656,4,-0.46,0.19,0.69,-24.340400000000002,-81.8008,-33.1924,175,75
2026-05-11 17:56:50.687,4,-0.44,0.17,0.7,-2.080400000000001,213.1392,21.3776,175,75
2026-05-11 17:56:50.698,4,-0.41,-0.17,1.15,-7.630400000000002,382.7092,52.16759999999999,175,75
2026-05-11 17:56:50.721,4,-0.27,-0.27,1.48,-19.8304,421.3692,60.88759999999999,175,75
2026-05-11 17:56:50.721,4,-0.15,-0.31,1.64,-27.8804,402.2892,61.9276,175,75
2026-05-11 17:56:50.735,4,-0.04,-0.47,1.68,-35.1304,326.00919999999996,54.66759999999999,175,75
2026-05-11 17:56:50.770,4,-0.13,-0.7,1.07,-60.2504,157.89919999999998,26.257599999999996,175,75
2026-05-11 17:56:50.781,4,-0.35,-0.75,0.79,-65.6204,137.5292,18.327599999999997,175,75
2026-05-11 17:56:50.782,4,-0.56,-0.85,0.53,-68.0004,129.3592,18.517599999999995,175,75
2026-05-11 17:56:50.803,4,-0.94,-1.07,0.27,-96.4704,154.8492,38.8176,175,75
2026-05-11 17:56:50.816,4,-0.75,-1.34,0.23,-81.2904,179.4792,38.087599999999995,175,75
2026-05-11 17:56:50.838,4,-0.26,-1.41,1.05,-86.5904,80.39920000000001,5.217599999999999,175,75
2026-05-11 17:56:50.857,4,-0.28,-1.31,1.09,-92.3904,-55.5808,-7.8924,175,75
2026-05-11 17:56:50.872,4,-0.49,-1.36,1.01,-83.0004,-123.6908,-2.3424000000000014,175,75
2026-05-11 17:56:50.885,4,-0.48,-1.46,0.95,-57.2004,-102.5308,2.4776000000000007,175,75
2026-05-11 17:56:50.895,4,-0.36,-1.51,0.93,-18.2404,-51.4908,18.0276,175,75
2026-05-11 17:56:50.906,4,-0.2,-1.41,1.06,0.5995999999999988,-11.2508,7.967599999999999,175,75
2026-05-11 17:56:50.929,4,0.06,-1.03,1.04,44.869600000000005,5.9492,-25.4524,175,75
2026-05-11 17:56:50.937,4,-0.03,-0.89,0.92,58.7696,44.2992,-42.2824,175,75
2026-05-11 17:56:50.958,4,-0.51,-0.2,0.69,47.7996,206.0692,-32.4624,175,75
2026-05-11 17:56:50.969,4,-0.56,0.17,0.7,44.319599999999994,338.56919999999997,-10.572400000000002,175,75
2026-05-11 17:56:50.991,4,-0.26,0.05,1.42,47.1896,435.3992,35.587599999999995,175,75
2026-05-11 17:56:50.995,4,0.05,-0.32,1.78,25.839599999999997,331.3092,42.5376,175,75
2026-05-11 17:56:51.008,4,0.34,-0.69,2.07,-20.0104,128.5092,29.9176,175,75
2026-05-11 17:56:51.022,4,0.33,-0.84,2.09,-59.0904,-30.2708,11.077599999999999,175,75
2026-05-11 17:56:51.032,4,0.12,-0.83,1.87,-98.0004,-191.3108,-6.362400000000001,175,75
2026-05-11 17:56:51.045,4,-0.13,-0.72,1.55,-116.1104,-278.93080000000003,-7.342400000000001,175,75
2026-05-11 17:56:51.096,4,-0.37,-0.6,0.88,-103.6104,-281.8608,14.917599999999998,175,75
2026-05-11 17:56:51.096,4,-0.33,-0.66,0.54,-80.19040000000001,-215.5208,23.0276,175,75
2026-05-11 17:56:51.161,4,-0.21,-0.92,0.7,-81.8404,53.1992,51.3176,175,75
2026-05-11 17:56:51.174,4,0.1,-1.06,1.0,-81.96039999999999,1.9791999999999998,40.6476,175,75
2026-05-11 17:56:51.227,4,-0.06,-0.82,0.97,-94.1604,-99.0508,58.63759999999999,175,75
2026-05-11 17:56:51.260,4,-0.38,-1.61,0.85,-23.0604,112.09920000000001,31.7476,175,75
2026-05-11 17:56:51.271,4,-0.25,-1.6,1.13,-0.9904000000000011,140.51919999999998,29.7376,175,75
2026-05-11 17:56:51.282,4,0.17,-1.1,1.43,50.599599999999995,38.319199999999995,16.6276,175,75
2026-05-11 17:56:51.282,4,0.12,-1.05,1.39,58.7696,-36.430800000000005,-1.0023999999999997,175,75
2026-05-11 17:56:51.292,4,-0.14,-1.14,1.36,65.8396,-51.1908,-38.0724,175,75
2026-05-11 17:56:51.325,4,-0.14,-0.16,1.44,62.1896,-37.290800000000004,-58.6224,175,75
2026-05-11 17:56:51.336,4,-0.17,0.02,1.42,66.6396,-24.6008,-57.342400000000005,175,75
2026-05-11 17:56:51.363,4,-0.25,0.07,1.43,77.0596,7.7791999999999994,-49.9624,175,75
2026-05-11 17:56:51.380,4,-0.22,-0.06,1.53,82.7296,29.5992,-43.0724,175,75
2026-05-11 17:56:51.393,4,-0.13,-0.19,1.75,81.8796,18.5092,-36.1224,175,75
2026-05-11 17:56:51.408,4,-0.05,-0.25,1.94,75.2996,-41.5508,-30.7524,175,75
2026-05-11 17:56:51.419,4,-0.03,-0.29,2.02,66.5796,-101.8008,-29.412399999999998,175,75
2026-05-11 17:56:51.419,4,-0.06,-0.31,2.05,51.089600000000004,-180.70080000000002,-30.5124,175,75
2026-05-11 17:56:51.429,4,-0.12,-0.24,1.9,37.1896,-264.5408,-32.0324,175,75
2026-05-11 17:56:51.429,4,-0.15,-0.04,1.62,34.989599999999996,-309.4208,-29.352400000000003,175,75
2026-05-11 17:56:51.476,4,-0.22,0.15,0.87,42.9196,-291.8608,-22.642400000000002,175,75
2026-05-11 17:56:51.485,4,-0.32,0.11,0.52,30.1096,-209.3608,-18.0124,175,75
2026-05-11 17:56:51.515,4,-0.54,-0.16,0.14,-14.950400000000002,13.3892,-15.692400000000001,175,75
2026-05-11 17:56:51.539,4,-0.85,-0.52,0.04,-33.1804,196.8592,-7.6424,175,75
2026-05-11 17:56:51.555,4,-0.9,-1.51,0.05,-6.840400000000001,351.9792,11.3176,175,75
2026-05-11 17:56:51.578,4,-0.71,-2.01,0.65,-55.1304,257.4092,18.8176,175,75
2026-05-11 17:56:51.578,4,-0.63,-2.0,0.86,-65.3104,203.4492,37.5976,175,75
2026-05-11 17:56:51.589,4,-0.37,-1.99,0.98,-58.7304,89.17920000000001,62.2376,175,75
2026-05-11 17:56:51.592,4,-0.08,-2.05,0.92,-33.2404,-3.3808000000000002,58.697599999999994,175,75
2026-05-11 17:56:51.629,4,-0.09,-1.61,0.52,-0.13040000000000163,-75.40079999999999,29.427599999999998,175,75
2026-05-11 17:56:51.671,4,-0.05,-0.93,0.91,42.6696,108.7492,-3.0724,175,75
2026-05-11 17:56:51.682,4,-0.01,-0.77,1.04,58.709599999999995,140.8192,-5.262400000000001,175,75
2026-05-11 17:56:51.682,4,-0.01,-0.7,1.1,67.7996,155.5792,-5.942400000000001,175,75
2026-05-11 17:56:51.704,4,0.07,-0.63,1.16,80.9096,183.86919999999998,-0.5724,175,75
2026-05-11 17:56:51.704,4,0.14,-0.59,1.23,89.9296,192.95919999999998,-0.8124000000000002,175,75
2026-05-11 17:56:51.718,4,0.2,-0.61,1.34,93.8296,191.67919999999998,-6.122400000000001,175,75
2026-05-11 17:56:51.730,4,0.36,-0.53,1.48,89.4996,149.9092,-16.1224,175,75
2026-05-11 17:56:51.740,4,0.42,-0.42,1.54,82.0596,71.5592,-25.9424,175,75
2026-05-11 17:56:51.751,4,0.4,-0.38,1.47,75.7196,15.0292,-32.7024,175,75
2026-05-11 17:56:51.765,4,0.33,-0.36,1.35,67.5496,-23.2608,-38.5024,175,75
2026-05-11 17:56:51.775,4,0.24,-0.3,1.17,56.6396,-37.960800000000006,-43.6224,175,75
2026-05-11 17:56:51.790,4,0.15,-0.23,1.02,43.03959999999999,-11.3108,-46.4224,175,75
2026-05-11 17:56:51.801,4,0.09,-0.26,0.98,34.559599999999996,23.6892,-46.3024,175,75
2026-05-11 17:56:51.811,4,0.09,-0.32,1.0,29.6896,56.9792,-44.2924,175,75
2026-05-11 17:56:51.824,4,0.17,-0.43,1.18,4.079599999999999,71.0092,-46.7924,175,75
2026-05-11 17:56:51.835,4,0.22,-0.4,1.24,-11.3504,40.029199999999996,-49.9624,175,75
2026-05-11 17:56:51.845,4,0.29,-0.38,1.24,-22.270400000000002,-12.1608,-51.732400000000005,175,75
2026-05-11 17:56:51.855,4,0.37,-0.5,1.13,-35.9204,-93.6908,-53.562400000000004,175,75
2026-05-11 17:56:51.876,4,0.39,-0.6,0.75,-61.6604,-191.4908,-56.062400000000004,175,75
2026-05-11 17:56:51.887,4,0.36,-0.62,0.51,-75.5004,-222.10080000000002,-54.2924,175,75
2026-05-11 17:56:51.898,4,0.09,-0.81,0.26,-101.2304,-227.5308,-50.632400000000004,175,75
2026-05-11 17:56:51.921,4,-0.14,-1.17,0.24,-127.3304,-184.1808,-27.5824,175,75
2026-05-11 17:56:51.967,4,-0.18,-1.36,0.33,-125.8604,-182.8308,-18.5024,175,75
2026-05-11 17:56:51.992,4,-0.18,-1.59,0.42,-125.2504,-214.3608,-20.0824,175,75
2026-05-11 17:56:52.004,4,-0.27,-1.66,0.42,-125.9204,-232.16080000000002,-28.0124,175,75
2026-05-11 17:56:52.004,4,-0.51,-1.63,0.43,-123.3604,-205.2108,-31.1824,175,75
2026-05-11 17:56:52.051,4,-0.68,-1.41,0.99,-60.6804,-8.6308,-16.1824,175,75
2026-05-11 17:56:52.051,4,-0.48,-1.35,1.38,-28.6704,1.0691999999999997,-20.0824,175,75
2026-05-11 17:56:52.064,4,-0.15,-1.26,1.73,-0.6204000000000001,-62.530800000000006,-32.8324,175,75
2026-05-11 17:56:52.076,4,0.06,-1.14,1.85,13.0396,-131.6808,-42.8324,175,75
2026-05-11 17:56:52.088,4,0.14,-1.0,1.84,25.839599999999997,-185.0308,-65.4524,175,75
2026-05-11 17:56:52.098,4,0.15,-0.93,1.73,54.379599999999996,-156.0008,-108.25240000000001,175,75
2026-05-11 17:56:52.098,4,-0.74,-0.27,1.63,63.099599999999995,-114.79079999999999,-52.2824,175,75
2026-05-11 17:56:52.111,4,-0.58,0.38,1.55,64.00959999999999,6.9192,-30.142400000000002,175,75
2026-05-11 17:56:52.121,4,-0.34,0.08,1.69,88.0996,162.0392,13.3876,175,75
2026-05-11 17:56:52.132,4,-0.24,-0.39,1.88,92.8596,188.3192,26.7476,175,75
2026-05-11 17:56:52.155,4,-0.19,-0.57,2.03,67.6696,159.23919999999998,25.767599999999995,175,75
2026-05-11 17:56:52.166,4,-0.21,-0.35,2.15,20.229599999999998,14.9692,33.9976,175,75
2026-05-11 17:56:52.176,4,-0.09,-0.16,1.91,9.5596,-142.5908,42.4176,175,75
2026-05-11 17:56:52.176,4,-0.22,-0.37,1.34,12.189599999999999,-260.8808,44.547599999999996,175,75
2026-05-11 17:56:52.204,4,-0.42,-0.65,0.84,17.2496,-288.6308,45.9576,175,75
2026-05-11 17:56:52.204,4,-0.63,-0.87,0.37,9.8096,-253.7508,54.5476,175,75
2026-05-11 17:56:52.215,4,-0.69,-0.98,0.08,-1.7204000000000015,-200.88080000000002,64.85759999999999,175,75
2026-05-11 17:56:52.215,4,-0.65,-1.06,-0.2,-21.660400000000003,-116.2508,77.10759999999999,175,75
2026-05-11 17:56:52.226,4,-0.66,-1.17,-0.27,-34.3404,-34.540800000000004,84.4276,175,75
2026-05-11 17:56:52.236,4,-0.63,-1.34,-0.21,-39.2204,51.679199999999994,89.24759999999999,175,75
2026-05-11 17:56:52.248,4,-0.63,-1.43,-0.09,-40.5004,108.31920000000001,89.4276,175,75
2026-05-11 17:56:52.259,4,-0.45,-1.49,0.24,-34.2804,168.86919999999998,78.99759999999999,175,75
2026-05-11 17:56:52.272,4,-0.45,-1.82,0.41,-32.0204,193.80919999999998,72.2376,175,75
2026-05-11 17:56:52.284,4,-0.45,-2.08,0.57,-24.2204,222.70919999999998,71.74759999999999,175,75
2026-05-11 17:56:52.284,4,-0.43,-2.2,0.75,-8.1804,245.2792,72.1676,175,75
2026-05-11 17:56:52.294,4,-0.22,-2.01,1.05,16.449599999999997,234.05919999999998,63.577600000000004,175,75
2026-05-11 17:56:52.305,4,0.17,-1.6,1.2,33.099599999999995,152.58919999999998,46.3176,175,75
2026-05-11 17:56:52.305,4,0.46,-1.28,1.2,45.229600000000005,31.799200000000003,21.867599999999996,175,75
2026-05-11 17:56:52.324,4,0.6,-1.15,1.06,44.92959999999999,-96.0008,-17.1524,175,75
2026-05-11 17:56:52.335,4,0.37,-1.1,0.94,25.049599999999998,-149.85080000000002,-55.202400000000004,175,75
2026-05-11 17:56:52.338,4,0.05,-1.01,0.89,6.0295999999999985,-140.4008,-80.9324,175,75
2026-05-11 17:56:52.353,4,-0.14,-0.76,0.92,-5.990400000000001,-102.8308,-99.47240000000001,175,75
2026-05-11 17:56:52.364,4,-0.18,-0.59,0.98,-9.220400000000001,-77.10079999999999,-104.47240000000001,175,75
2026-05-11 17:56:52.374,4,-0.13,-0.39,1.09,-8.6704,-53.2008,-105.0224,175,75
2026-05-11 17:56:52.390,4,-0.05,-0.21,1.23,0.5396000000000001,-33.3208,-101.4224,175,75
2026-05-11 17:56:52.390,4,0.02,-0.1,1.37,13.339599999999997,-18.9908,-95.39240000000001,175,75
2026-05-11 17:56:52.465,4,0.04,-0.14,1.53,18.8296,-14.6008,-91.61240000000001,175,75
2026-05-11 17:56:52.465,4,-0.04,-0.15,1.57,16.449599999999997,-14.1108,-88.1324,175,75
2026-05-11 17:56:52.480,4,-0.13,-0.13,1.58,14.689599999999999,-6.3708,-79.9024,175,75
2026-05-11 17:56:52.506,4,-0.36,-0.17,1.59,6.759599999999999,42.89919999999999,-50.8724,175,75
2026-05-11 17:56:52.539,4,-0.4,-0.16,1.64,1.3295999999999992,78.1392,-31.852400000000003,175,75
2026-05-11 17:56:52.539,4,-0.37,-0.14,1.73,-3.360400000000002,102.09920000000001,-13.3724,175,75
2026-05-11 17:56:52.551,4,-0.29,-0.19,1.83,-8.490400000000001,97.95920000000001,-0.942400000000001,175,75
2026-05-11 17:56:52.562,4,-0.22,-0.23,1.88,-12.330400000000001,74.84920000000001,6.7476,175,75
2026-05-11 17:56:52.562,4,-0.17,-0.25,1.91,-15.9204,24.4792,10.827599999999999,175,75
2026-05-11 17:56:52.585,4,-0.19,-0.06,1.7,-13.970400000000001,-108.8108,21.8076,175,75
2026-05-11 17:56:52.599,4,-0.18,-0.03,1.5,-7.690400000000002,-166.5508,27.7776,175,75
2026-05-11 17:56:52.612,4,0.02,-0.25,1.05,-4.0904000000000025,-247.35080000000002,23.2076,175,75
2026-05-11 17:56:52.623,4,-0.58,-0.58,0.51,-51.3504,-213.44080000000002,16.077599999999997,175,75
2026-05-11 17:56:52.634,4,-0.65,-0.6,0.33,-65.8604,-115.9408,33.087599999999995,175,75
2026-05-11 17:56:52.634,4,-0.69,-0.64,0.33,-68.18039999999999,-31.6808,48.2676,175,75
2026-05-11 17:56:52.645,4,-0.48,-0.7,0.4,-59.0304,2.5892,56.6876,175,75
2026-05-11 17:56:52.657,4,-0.28,-0.94,0.55,-35.0704,-13.0808,59.7376,175,75
2026-05-11 17:56:52.670,4,-0.22,-1.26,0.6,-21.590400000000002,-52.35080000000001,54.7976,175,75
2026-05-11 17:56:52.680,4,-0.5,-1.71,0.64,-24.2204,-83.8108,40.4676,175,75
2026-05-11 17:56:52.693,4,-0.77,-2.03,0.65,-25.9204,-47.530800000000006,33.4576,175,75
2026-05-11 17:56:52.693,4,-0.76,-2.21,0.6,-15.800400000000002,-16.4908,33.2076,175,75
2026-05-11 17:56:52.706,4,-0.62,-2.35,0.52,12.249600000000001,2.7092,28.087599999999995,175,75
2026-05-11 17:56:52.706,4,-0.42,-2.19,0.48,28.8296,-2.2208,17.717599999999997,175,75
2026-05-11 17:56:52.718,4,-0.36,-1.89,0.48,38.4696,-6.5508,1.3775999999999993,175,75
2026-05-11 17:56:52.734,4,-0.45,-1.73,0.61,50.599599999999995,-5.2708,-49.232400000000005,175,75
2026-05-11 17:56:52.745,4,-0.53,-1.62,0.68,45.599599999999995,-2.2208,-69.4124,175,75
2026-05-11 17:56:52.749,4,-0.54,-1.4,0.78,44.4996,22.3492,-79.6524,175,75
2026-05-11 17:56:52.761,4,-0.45,-1.23,0.91,44.379599999999996,37.959199999999996,-83.1324,175,75
2026-05-11 17:56:52.772,4,-0.4,-1.03,1.0,45.4196,56.069199999999995,-84.7824,175,75
2026-05-11 17:56:52.803,4,-0.44,-0.62,1.24,76.3896,133.7492,-59.5324,175,75
2026-05-11 17:56:52.817,4,-0.03,-0.31,1.57,92.7996,81.3692,-35.5724,175,75
2026-05-11 17:56:52.846,4,0.07,-0.24,1.56,60.599599999999995,-184.1108,-50.3924,175,75
2026-05-11 17:56:52.870,4,-0.48,-0.06,1.04,15.839599999999997,-225.70080000000002,-44.9624,175,75
2026-05-11 17:56:52.885,4,-0.54,-0.02,0.86,5.9696,-157.41080000000002,-25.4524,175,75
2026-05-11 17:56:52.899,4,-0.45,-0.13,0.8,2.0595999999999997,-62.470800000000004,-3.2523999999999997,175,75
2026-05-11 17:56:52.904,4,-0.36,-0.21,0.87,-0.9904000000000011,-1.5508000000000002,6.437599999999998,175,75
2026-05-11 17:56:52.915,4,-0.25,-0.25,1.03,-4.4604,51.429199999999994,13.027599999999998,175,75
2026-05-11 17:56:52.925,4,-0.23,-0.27,1.23,-9.030400000000002,77.95920000000001,17.1676,175,75
2026-05-11 17:56:52.962,4,-0.33,-0.31,1.31,-24.5804,27.5292,26.257599999999996,175,75
2026-05-11 17:56:52.997,4,-0.45,-0.84,0.85,-48.0604,-52.1608,32.5976,175,75
2026-05-11 17:56:53.005,4,-0.51,-1.02,0.67,-57.2004,-39.110800000000005,35.587599999999995,175,75
2026-05-11 17:56:53.021,4,-0.56,-1.29,0.6,-55.620400000000004,2.7792000000000003,41.437599999999996,175,75
2026-05-11 17:56:53.032,4,-0.53,-1.5,0.64,-46.290400000000005,40.57919999999999,41.867599999999996,175,75
2026-05-11 17:56:53.054,4,-0.52,-1.32,0.82,-30.860400000000002,51.9192,22.357599999999998,175,75
2026-05-11 17:56:53.080,4,-0.69,-1.4,1.01,-23.180400000000002,74.4792,25.2776,175,75
2026-05-11 17:56:53.090,4,-0.63,-1.48,1.16,-12.080400000000001,82.03920000000001,30.587599999999995,175,75
2026-05-11 17:56:53.114,4,-0.24,-1.37,1.43,23.769599999999997,13.0792,25.8876,175,75
2026-05-11 17:56:53.125,4,-0.24,-1.22,1.43,36.6996,-26.0708,13.6376,175,75
2026-05-11 17:56:53.137,4,-0.45,-0.65,1.32,48.8296,4.8492,-0.2024000000000008,175,75
2026-05-11 17:56:53.162,4,-0.4,0.05,1.37,52.979600000000005,65.5792,4.8576,175,75
2026-05-11 17:56:53.174,4,-0.27,0.47,1.55,54.4396,68.92920000000001,26.867599999999996,175,75
2026-05-11 17:56:53.186,4,-0.33,-0.07,1.6,48.1596,36.7992,40.5276,175,75
2026-05-11 17:56:53.205,4,-0.24,-0.42,1.68,31.3896,-23.6308,52.77759999999999,175,75
2026-05-11 17:56:53.216,4,-0.16,-0.36,1.72,14.499600000000001,-123.0208,58.9376,175,75
2026-05-11 17:56:53.226,4,-0.21,-0.28,1.62,2.1895999999999987,-221.2508,64.24759999999999,175,75
2026-05-11 17:56:53.240,4,-0.33,-0.31,1.36,-8.790400000000002,-301.0008,67.4776,175,75
2026-05-11 17:56:53.251,4,-0.53,-0.41,0.95,-16.590400000000002,-340.4008,70.7076,175,75
2026-05-11 17:56:53.262,4,-0.69,-0.54,0.55,-20.3804,-323.0208,75.1576,175,75
2026-05-11 17:56:53.272,4,-0.85,-0.74,0.13,-21.5304,-235.2108,84.0676,175,75
2026-05-11 17:56:53.284,4,-0.89,-0.96,-0.07,-22.8104,-108.1408,92.77759999999999,175,75
2026-05-11 17:56:53.296,4,-0.91,-1.19,-0.04,-25.3804,66.06920000000001,101.74759999999999,175,75
2026-05-11 17:56:53.307,4,-0.78,-1.4,0.24,-23.6704,183.3892,106.3176,175,75
2026-05-11 17:56:53.320,4,-0.76,-1.54,0.5,-26.1704,221.0692,103.2676,175,75
2026-05-11 17:56:53.331,4,-0.66,-1.63,0.75,-26.9604,227.3492,93.4576,175,75
2026-05-11 17:56:53.353,4,-0.68,-2.0,0.91,-18.730400000000003,143.86919999999998,51.6876,175,75
2026-05-11 17:56:53.374,4,-0.52,-2.14,1.08,21.9396,158.3892,30.037599999999998,175,75
2026-05-11 17:56:53.427,4,-0.15,-1.71,1.15,59.7496,-2.9008000000000003,-41.1224,175,75
2026-05-11 17:56:53.439,4,-0.38,-1.49,1.09,61.089600000000004,-16.3108,-77.58239999999999,175,75
2026-05-11 17:56:53.449,4,-0.38,-1.26,1.15,56.209599999999995,14.909199999999998,-91.1824,175,75
2026-05-11 17:56:53.449,4,-0.3,-0.94,1.27,49.619600000000005,37.289199999999994,-99.9624,175,75
2026-05-11 17:56:53.481,4,0.05,-0.21,1.42,46.879599999999996,48.389199999999995,-112.7024,175,75
2026-05-11 17:56:53.495,4,-0.01,-0.05,1.49,56.75959999999999,54.2992,-120.0824,175,75
2026-05-11 17:56:53.508,4,0.0,0.13,1.57,64.9296,49.1192,-116.5424,175,75
2026-05-11 17:56:53.520,4,-0.08,0.27,1.64,63.709599999999995,6.619199999999999,-107.4624,175,75
2026-05-11 17:56:53.530,4,-0.2,0.22,1.65,56.9396,-26.4908,-97.4024,175,75
2026-05-11 17:56:53.541,4,-0.36,0.18,1.66,41.9396,-55.7608,-77.83239999999999,175,75
2026-05-11 17:56:53.564,4,-0.26,0.22,1.65,11.939599999999999,-100.5208,-22.3424,175,75
2026-05-11 17:56:53.579,4,-0.14,0.06,1.61,0.35960000000000036,-121.8608,-7.2224,175,75
2026-05-11 17:56:53.590,4,-0.12,0.05,1.56,-8.610400000000002,-132.04080000000002,0.5876000000000001,175,75
2026-05-11 17:56:53.601,4,-0.17,-0.15,1.4,-19.160400000000003,-124.60079999999999,8.327599999999999,175,75
2026-05-11 17:56:53.612,4,-0.26,-0.11,1.29,-21.0504,-106.3708,12.417599999999998,175,75
2026-05-11 17:56:53.624,4,-0.34,0.03,1.17,-21.110400000000002,-82.7708,17.477599999999995,175,75
2026-05-11 17:56:53.639,4,-0.42,0.07,1.05,-19.090400000000002,-63.3808,22.357599999999998,175,75
2026-05-11 17:56:53.646,4,-0.5,-0.04,0.93,-18.9704,-38.140800000000006,29.0676,175,75
2026-05-11 17:56:53.663,4,-0.59,-0.25,0.84,-27.8104,-4.300800000000001,33.9976,175,75
2026-05-11 17:56:53.677,4,-0.67,-0.44,0.81,-37.3904,39.969199999999994,37.7176,175,75
2026-05-11 17:56:53.677,4,-0.7,-0.63,0.9,-37.7504,84.4192,41.3176,175,75
2026-05-11 17:56:53.698,4,-0.7,-1.14,1.11,-14.770400000000002,104.4792,49.60759999999999,175,75
2026-05-11 17:56:53.732,4,-0.93,-1.92,0.92,13.769599999999997,-55.0908,41.3776,175,75
2026-05-11 17:56:53.753,4,-1.19,-1.93,0.74,3.8295999999999992,-49.6608,41.3776,175,75
2026-05-11 17:56:53.753,4,-1.29,-2.02,0.71,3.9496,7.7791999999999994,44.187599999999996,175,75
2026-05-11 17:56:53.796,4,-0.82,-1.97,0.69,41.3296,-4.7208000000000006,56.077600000000004,175,75
2026-05-11 17:56:53.796,4,-0.82,-1.82,0.67,45.4196,-11.1308,47.7776,175,75
2026-05-11 17:56:53.812,4,-0.71,-1.63,0.68,42.42959999999999,-21.8008,35.767599999999995,175,75
2026-05-11 17:56:53.817,4,-0.56,-1.49,0.69,36.3896,-46.9808,23.757599999999996,175,75
2026-05-11 17:56:53.836,4,-0.46,-1.42,0.69,29.199599999999997,-72.5308,9.1276,175,75
2026-05-11 17:56:53.871,4,-0.35,-1.13,0.73,8.099599999999999,-38.2008,-29.8424,175,75
2026-05-11 17:56:53.875,4,-0.36,-1.14,0.81,18.589599999999997,16.0692,-28.4424,175,75
2026-05-11 17:56:53.886,4,-0.24,-1.17,0.96,35.2296,68.3892,-22.3424,175,75
2026-05-11 17:56:53.893,4,-0.15,-1.1,1.13,41.3296,94.4192,-20.8724,175,75
2026-05-11 17:56:53.902,4,0.01,-0.89,1.28,42.979600000000005,101.6192,-23.1924,175,75
2026-05-11 17:56:53.939,4,0.14,-0.18,1.38,26.089599999999997,61.429199999999994,-41.4224,175,75
2026-05-11 17:56:54.017,4,0.08,0.0,1.33,20.1096,72.5292,-42.2224,175,75
2026-05-11 17:56:54.038,4,0.07,0.1,1.32,16.5796,81.5592,-37.7024,175,75
2026-05-11 17:56:54.049,4,0.05,0.13,1.31,9.139599999999998,85.14920000000001,-28.5024,175,75
2026-05-11 17:56:54.070,4,0.02,-0.13,1.3,-12.630400000000002,91.9192,-1.4824000000000002,175,75
2026-05-11 17:56:54.093,4,0.0,-0.33,1.57,-32.510400000000004,71.2492,29.857599999999998,175,75
2026-05-11 17:56:54.124,4,0.09,-0.38,1.72,-39.7704,11.1292,37.8476,175,75
2026-05-11 17:56:54.136,4,-0.23,-0.63,1.05,-46.7204,-156.98080000000002,15.4076,175,75
2026-05-11 17:56:54.157,4,-0.48,-0.45,0.4,-53.8504,-154.2408,4.2476,175,75
2026-05-11 17:56:54.168,4,-0.59,-0.57,0.29,-62.690400000000004,-141.0008,5.097599999999998,175,75
2026-05-11 17:56:54.197,4,-0.75,-1.6,0.55,-85.38040000000001,-7.9008,16.3176,175,75
2026-05-11 17:56:54.208,4,-1.02,-1.32,0.25,-78.9704,90.14920000000001,22.047599999999996,175,75
2026-05-11 17:56:54.214,4,-1.11,-1.36,0.33,-65.3104,174.6692,30.217599999999997,175,75
2026-05-11 17:56:54.218,4,-0.96,-1.47,0.64,-54.7004,250.7592,34.977599999999995,175,75
2026-05-11 17:56:54.234,4,-0.73,-1.58,0.97,-46.4704,278.50919999999996,34.547599999999996,175,75
2026-05-11 17:56:54.234,4,-0.54,-1.65,1.27,-28.360400000000002,264.5392,32.3576,175,75
2026-05-11 17:56:54.250,4,-0.54,-1.67,1.36,-12.630400000000002,228.9992,31.927599999999998,175,75
2026-05-11 17:56:54.261,4,-0.62,-1.62,1.39,2.729599999999998,192.2292,34.1276,175,75
2026-05-11 17:56:54.261,4,-0.66,-1.42,1.48,21.3296,143.0792,38.0276,175,75
2026-05-11 17:56:54.274,4,-0.36,-1.03,1.7,22.309599999999996,52.469199999999994,25.9576,175,75
2026-05-11 17:56:54.274,4,0.2,-0.6,1.92,15.3596,-88.1408,-5.8124,175,75
2026-05-11 17:56:54.287,4,0.27,-0.49,1.82,5.229599999999998,-225.76080000000002,-47.2824,175,75
2026-05-11 17:56:54.314,4,-0.45,0.15,1.03,74.1396,-12.8908,-30.2624,175,75
2026-05-11 17:56:54.324,4,-0.32,0.1,1.27,91.5796,74.1192,-12.6424,175,75
2026-05-11 17:56:54.324,4,-0.21,-0.15,1.51,76.6396,94.3592,-12.8324,175,75
2026-05-11 17:56:54.335,4,-0.18,-0.27,1.7,38.2196,64.4192,-19.2924,175,75
2026-05-11 17:56:54.353,4,-0.32,-0.27,1.69,-3.0004000000000026,-52.7708,-8.9824,175,75
2026-05-11 17:56:54.364,4,-0.38,-0.25,1.6,-16.840400000000002,-98.3808,3.027599999999998,175,75
2026-05-11 17:56:54.376,4,-0.36,-0.22,1.41,-24.6404,-139.3008,17.477599999999995,175,75
2026-05-11 17:56:54.376,4,-0.38,-0.31,1.24,-27.750400000000003,-155.6408,24.427599999999998,175,75
2026-05-11 17:56:54.386,4,-0.45,-0.45,1.03,-32.8804,-150.88080000000002,29.427599999999998,175,75
2026-05-11 17:56:54.432,4,-0.54,-0.75,0.69,-41.900400000000005,-109.3608,38.517599999999995,175,75
2026-05-11 17:56:54.443,4,-0.49,-0.84,0.59,-39.8904,-93.2008,43.8176,175,75
2026-05-11 17:56:54.443,4,-0.47,-1.03,0.53,-35.8004,-80.8808,48.327600000000004,175,75
2026-05-11 17:56:54.467,4,-0.57,-1.22,0.46,-38.550399999999996,-58.4408,51.867599999999996,175,75
2026-05-11 17:56:54.477,4,-0.64,-1.22,0.38,-41.4104,-24.1808,55.9576,175,75
2026-05-11 17:56:54.490,4,-0.66,-1.03,0.38,-36.8404,9.7892,61.13759999999999,175,75
2026-05-11 17:56:54.501,4,-0.59,-0.99,0.43,-39.5804,20.5792,57.5376,175,75
2026-05-11 17:56:54.613,4,-0.26,-1.46,1.31,35.1096,103.31920000000001,5.217599999999999,175,75
2026-05-11 17:56:54.624,4,-0.12,-1.16,1.43,57.0596,2.1692,-45.0824,175,75
2026-05-11 17:56:54.635,4,-0.22,-1.0,1.31,43.03959999999999,-86.3708,-90.8724,175,75
2026-05-11 17:56:54.645,4,-0.27,-0.8,1.22,40.4796,-73.8108,-96.5424,175,75
2026-05-11 17:56:54.645,4,-0.31,-0.61,1.23,47.7996,-32.470800000000004,-92.7624,175,75
2026-05-11 17:56:54.681,4,-0.3,-0.21,1.63,68.5296,58.8692,-64.9024,175,75
2026-05-11 17:56:54.681,4,-0.25,-0.2,1.76,64.1396,26.6792,-55.9324,175,75
2026-05-11 17:56:54.692,4,-0.21,-0.23,1.82,49.7496,-25.9408,-49.9624,175,75
2026-05-11 17:56:54.704,4,-0.2,-0.21,1.79,34.559599999999996,-77.29079999999999,-43.8024,175,75
2026-05-11 17:56:54.715,4,-0.26,-0.18,1.66,20.599599999999995,-108.2008,-35.0824,175,75
2026-05-11 17:56:54.727,4,-0.26,-0.13,1.51,13.4696,-114.7208,-25.572400000000002,175,75
2026-05-11 17:56:54.727,4,-0.32,-0.05,1.38,10.299599999999998,-100.2708,-11.3024,175,75
2026-05-11 17:56:54.736,4,-0.33,0.1,1.33,7.0596,-69.60079999999999,4.367599999999998,175,75
2026-05-11 17:56:54.751,4,-0.22,0.03,1.27,-4.580400000000001,-71.43079999999999,23.147599999999997,175,75
2026-05-11 17:56:54.769,4,-0.21,0.01,1.2,-14.090400000000002,-78.2008,21.927599999999998,175,75
2026-05-11 17:56:54.769,4,-0.25,-0.03,1.12,-23.3004,-93.9908,20.9576,175,75
2026-05-11 17:56:54.802,4,-0.7,-0.79,0.74,-62.940400000000004,-53.3808,23.937599999999996,175,75
2026-05-11 17:56:54.820,4,-0.76,-0.92,0.76,-66.9004,-19.6008,30.3476,175,75
2026-05-11 17:56:54.820,4,-0.75,-1.06,0.84,-62.7504,14.179200000000002,39.367599999999996,175,75
2026-05-11 17:56:54.831,4,-0.74,-1.2,0.95,-49.0304,30.399199999999997,46.437599999999996,175,75
2026-05-11 17:56:54.839,4,-0.73,-1.27,1.02,-33.6104,33.8092,46.5676,175,75
2026-05-11 17:56:54.855,4,-0.83,-1.36,0.97,-19.0304,40.7592,34.0676,175,75
2026-05-11 17:56:54.951,4,-0.84,-1.52,0.91,-8.550400000000002,48.749199999999995,24.9176,175,75
2026-05-11 17:56:54.961,4,-0.92,-1.87,0.94,4.929599999999997,56.3692,16.867599999999996,175,75
2026-05-11 17:56:54.961,4,-0.86,-2.13,1.07,10.839599999999997,61.3092,13.2676,175,75
2026-05-11 17:56:54.968,4,-0.75,-2.26,1.17,18.279600000000002,34.1192,9.8576,175,75
2026-05-11 17:56:54.992,4,-0.77,-2.2,1.07,45.1096,-10.1508,2.777599999999998,175,75
2026-05-11 17:56:55.003,4,-0.57,-1.72,0.88,82.6096,-26.4308,-39.0424,175,75
2026-05-11 17:56:55.015,4,-0.46,-1.58,0.89,78.5296,-38.6908,-54.1724,175,75
2026-05-11 17:56:55.026,4,-0.33,-1.15,0.85,65.9096,-85.5208,-85.4524,175,75
2026-05-11 17:56:55.046,4,-0.51,-0.8,0.6,55.7196,-1.1908000000000003,-84.8424,175,75
2026-05-11 17:56:55.059,4,-0.51,-0.7,0.68,57.119600000000005,68.9992,-68.7424,175,75
2026-05-11 17:56:55.059,4,-0.3,-0.57,0.92,56.3896,125.45920000000001,-47.7024,175,75
2026-05-11 17:56:55.068,4,-0.06,-0.4,1.14,52.369600000000005,119.3592,-36.3624,175,75
2026-05-11 17:56:55.086,4,0.0,-0.36,1.19,41.9996,78.1992,-36.0024,175,75
2026-05-11 17:56:55.104,4,-0.15,-0.1,0.92,5.7795999999999985,123.92920000000001,-38.0724,175,75
2026-05-11 17:56:55.120,4,-0.03,0.19,1.19,18.8896,258.9992,-12.522400000000001,175,75
2026-05-11 17:56:55.131,4,0.05,0.12,1.46,28.159599999999998,287.8392,-6.0624,175,75
2026-05-11 17:56:55.143,4,0.27,-0.11,1.76,24.2596,279.5392,-9.7224,175,75
2026-05-11 17:56:55.143,4,0.37,-0.27,1.92,9.5596,226.67919999999998,-20.7524,175,75
2026-05-11 17:56:55.153,4,0.39,-0.33,1.97,-2.8804000000000016,164.5392,-30.2624,175,75
2026-05-11 17:56:55.163,4,0.26,-0.35,1.89,-17.1404,81.3092,-38.312400000000004,175,75
2026-05-11 17:56:55.174,4,0.02,-0.42,1.69,-31.110400000000002,19.2392,-38.8024,175,75
2026-05-11 17:56:55.185,4,-0.1,-0.47,1.51,-35.440400000000004,-5.5808,-34.6524,175,75
2026-05-11 17:56:55.237,4,-0.23,-0.5,1.34,-36.4704,-23.4408,-28.6824,175,75
2026-05-11 17:56:55.237,4,-0.32,-0.67,1.15,-34.9504,-23.8108,-23.7424,175,75
2026-05-11 17:56:55.248,4,-0.39,-0.81,1.04,-35.9204,-22.2908,-17.1524,175,75
2026-05-11 17:56:55.272,4,-0.42,-1.31,0.89,-46.5304,-63.320800000000006,-4.112400000000001,175,75
2026-05-11 17:56:55.283,4,-0.41,-1.65,0.73,-40.620400000000004,-121.7408,-8.6224,175,75
2026-05-11 17:56:55.384,4,-1.04,-1.32,0.2,-9.3404,11.7392,-6.612400000000001,175,75
2026-05-11 17:56:55.388,4,-0.74,-1.35,0.57,3.4696,83.31920000000001,23.327599999999997,175,75
2026-05-11 17:56:55.411,4,-0.48,-1.52,0.98,2.429599999999997,55.9492,35.587599999999995,175,75
2026-05-11 17:56:55.411,4,-0.32,-1.49,1.24,11.819600000000001,-13.9308,41.1376,175,75
2026-05-11 17:56:55.411,4,-0.31,-1.29,1.29,21.449599999999997,-66.9808,38.1476,175,75
2026-05-11 17:56:55.438,4,-0.0,-0.7,1.4,40.2296,-115.8808,-3.7424,175,75
2026-05-11 17:56:55.461,4,0.05,-0.44,1.4,41.6396,-124.9708,-24.5924,175,75
2026-05-11 17:56:55.461,4,-0.2,-0.02,1.13,30.479599999999998,-115.2708,-44.5924,175,75
2026-05-11 17:56:55.472,4,-0.52,-0.09,0.91,18.339599999999997,-45.0908,-34.1124,175,75
2026-05-11 17:56:55.503,4,-0.93,-0.34,1.19,2.3695999999999984,359.5992,44.6076,175,75
2026-05-11 17:56:55.514,4,-0.94,-0.24,1.56,-6.900400000000001,407.4692,72.4176,175,75
2026-05-11 17:56:55.514,4,-0.8,-0.3,1.74,-7.330400000000001,354.4792,91.0776,175,75
2026-05-11 17:56:55.521,4,-0.72,-0.6,1.78,-10.380400000000002,250.33919999999998,104.1276,175,75
2026-05-11 17:56:55.528,4,-0.69,-1.0,1.52,-28.6704,115.7592,111.3776,175,75
2026-05-11 17:56:55.558,4,-0.48,-1.1,0.61,-64.6404,23.8692,117.8476,175,75
2026-05-11 17:56:55.571,4,-0.41,-1.0,0.23,-68.85040000000001,66.06920000000001,123.38759999999999,175,75
2026-05-11 17:56:55.582,4,-0.46,-1.21,0.07,-66.7804,155.0292,124.36760000000001,175,75
2026-05-11 17:56:55.582,4,-0.45,-1.42,0.07,-65.38040000000001,235.2792,121.6876,175,75
2026-05-11 17:56:55.604,4,-0.2,-1.81,0.47,-52.7504,372.2892,91.9876,175,75
2026-05-11 17:56:55.615,4,-0.14,-1.97,0.8,-40.2504,394.7892,86.5676,175,75
2026-05-11 17:56:55.627,4,0.13,-1.87,1.07,-19.4004,365.5792,80.88759999999999,175,75
2026-05-11 17:56:55.651,4,0.39,-1.66,1.33,44.00959999999999,290.69919999999996,75.3476,175,75
2026-05-11 17:56:55.658,4,0.5,-1.53,1.25,64.4996,234.4792,59.977599999999995,175,75
2026-05-11 17:56:55.705,4,0.25,-1.39,1.17,90.3596,183.1392,43.2076,175,75
2026-05-11 17:56:55.727,4,0.15,-1.07,1.67,81.9396,73.4492,35.7076,175,75
2026-05-11 17:56:55.739,4,0.29,-0.84,1.82,77.4896,-25.9408,29.6676,175,75
2026-05-11 17:56:55.739,4,0.29,-0.56,1.8,76.9996,-147.35080000000002,21.8076,175,75
2026-05-11 17:56:55.761,4,0.25,-0.41,1.63,80.1096,-208.9308,17.477599999999995,175,75
2026-05-11 17:56:55.778,4,0.01,-0.28,1.22,85.6596,-243.1408,14.307599999999999,175,75
2026-05-11 17:56:55.778,4,-0.31,-0.26,0.86,79.8096,-203.8108,19.367599999999996,175,75
2026-05-11 17:56:55.802,4,-0.55,-0.07,0.68,44.5596,31.859199999999998,48.4576,175,75
2026-05-11 17:56:55.812,4,-0.22,-0.1,1.24,27.1196,118.1992,66.9276,175,75
2026-05-11 17:56:55.824,4,-0.18,-0.15,1.46,18.099599999999995,101.9792,68.38759999999999,175,75
2026-05-11 17:56:55.834,4,-0.18,-0.19,1.64,4.689599999999999,37.2292,65.88759999999999,175,75
2026-05-11 17:56:55.834,4,-0.27,-0.19,1.62,-10.2504,-22.1608,66.6876,175,75
2026-05-11 17:56:55.854,4,-0.38,-0.16,1.53,-24.160400000000003,-55.7608,71.5676,175,75
2026-05-11 17:56:55.871,4,-0.41,-0.14,1.49,-34.6404,-61.1308,80.52759999999999,175,75
2026-05-11 17:56:55.881,4,-0.31,-0.15,1.56,-41.5304,-70.6408,89.0676,175,75
2026-05-11 17:56:55.892,4,-0.17,-0.18,1.63,-50.3804,-109.9708,93.02759999999999,175,75
2026-05-11 17:56:55.892,4,-0.09,-0.26,1.64,-55.010400000000004,-155.4608,92.5976,175,75
2026-05-11 17:56:55.902,4,-0.06,-0.48,1.51,-58.3004,-214.1108,88.2676,175,75
2026-05-11 17:56:55.920,4,-0.18,-0.65,1.36,-59.2204,-233.63080000000002,86.5676,175,75
2026-05-11 17:56:55.930,4,-0.21,-0.88,1.12,-55.8604,-226.6808,90.4076,175,75
2026-05-11 17:56:55.955,4,-0.19,-1.14,0.95,-51.900400000000005,-219.1808,92.5976,175,75
2026-05-11 17:56:55.955,4,-0.18,-1.44,0.81,-42.510400000000004,-206.07080000000002,94.3676,175,75
2026-05-11 17:56:55.965,4,-0.11,-1.81,0.65,-29.770400000000002,-194.60080000000002,97.2976,175,75
2026-05-11 17:56:56.045,4,-0.19,-2.38,0.26,-8.120400000000002,-45.820800000000006,102.1676,175,75
2026-05-11 17:56:56.045,4,-0.07,-2.17,0.3,3.2795999999999985,13.8092,91.1976,175,75
2026-05-11 17:56:56.071,4,-0.04,-2.13,0.57,32.059599999999996,72.5292,76.74759999999999,175,75
2026-05-11 17:56:56.085,4,0.26,-2.43,0.87,55.2996,42.469199999999994,52.2976,175,75
2026-05-11 17:56:56.107,4,0.13,-2.08,0.89,45.839600000000004,-157.41080000000002,-35.7524,175,75
2026-05-11 17:56:56.117,4,-0.11,-1.9,0.65,44.4996,-201.6108,-65.1424,175,75
2026-05-11 17:56:56.151,4,-0.54,-1.85,0.37,37.669599999999996,-212.10080000000002,-94.2924,175,75
2026-05-11 17:56:56.178,4,-0.82,-1.4,0.54,29.379599999999996,-138.38080000000002,-74.2924,175,75
2026-05-11 17:56:56.178,4,-0.88,-1.15,0.63,26.269599999999997,-89.7208,-53.7424,175,75
2026-05-11 17:56:56.203,4,-0.89,-0.72,0.66,23.279600000000002,-7.1008,-18.9224,175,75
2026-05-11 17:56:56.216,4,-0.83,-0.45,0.76,30.839599999999997,65.3392,8.207600000000001,175,75
2026-05-11 17:56:56.229,4,-0.44,-0.1,1.57,31.209600000000002,85.45920000000001,36.9276,175,75
2026-05-11 17:56:56.241,4,-0.32,-0.09,1.69,26.5096,30.2792,36.3776,175,75
2026-05-11 17:56:56.241,4,-0.27,-0.14,1.6,24.1396,-8.3208,37.7776,175,75
2026-05-11 17:56:56.252,4,-0.24,-0.27,1.48,27.2496,-14.1108,40.8276,175,75
2026-05-11 17:56:56.252,4,-0.22,-0.46,1.42,32.669599999999996,-2.0408000000000004,44.6676,175,75
2026-05-11 17:56:56.262,4,-0.19,-0.74,1.43,37.3696,26.8592,51.2576,175,75
2026-05-11 17:56:56.275,4,-0.09,-0.8,1.62,29.0796,54.789199999999994,59.24759999999999,175,75
2026-05-11 17:56:56.294,4,0.05,-0.57,1.73,13.0396,27.7092,47.7176,175,75
2026-05-11 17:56:56.305,4,0.05,-0.55,1.65,7.549599999999998,9.4192,44.187599999999996,175,75
2026-05-11 17:56:56.316,4,-0.03,-0.26,1.43,2.799599999999998,59.2392,39.8576,175,75
2026-05-11 17:56:56.324,4,0.01,-0.02,1.45,12.369599999999998,103.6292,34.2476,175,75
2026-05-11 17:56:56.336,4,-0.05,-0.14,1.43,11.509599999999999,75.5792,27.537599999999998,175,75
2026-05-11 17:56:56.336,4,-0.22,-0.53,1.25,-2.080400000000001,17.8992,23.697599999999994,175,75
2026-05-11 17:56:56.347,4,-0.47,-0.92,1.13,-22.6904,-18.2608,28.087599999999995,175,75
2026-05-11 17:56:56.358,4,-0.61,-1.39,1.17,-39.3404,-23.8108,40.0976,175,75
2026-05-11 17:56:56.369,4,-0.73,-1.78,1.09,-45.2504,-15.8808,44.0676,175,75
2026-05-11 17:56:56.369,4,-0.94,-1.81,0.8,-42.3904,36.1892,53.2676,175,75
2026-05-11 17:56:56.387,4,-1.0,-1.69,0.41,-19.6404,142.83919999999998,68.7576,175,75
2026-05-11 17:56:56.400,4,-1.1,-1.78,0.42,17.2496,271.3692,81.3776,175,75
2026-05-11 17:56:56.411,4,-0.93,-1.8,0.79,30.779600000000002,311.06919999999997,80.9576,175,75
2026-05-11 17:56:56.442,4,-0.47,-1.76,1.67,25.229599999999998,102.4692,52.10759999999999,175,75
2026-05-11 17:56:56.472,4,-0.71,-1.96,1.88,36.3896,-349.7208,4.057599999999999,175,75
2026-05-11 17:56:56.472,4,-0.93,-1.66,1.7,19.989599999999996,-413.3208,-19.4724,175,75
2026-05-11 17:56:56.489,4,-1.04,-1.2,1.53,19.379599999999996,-417.2208,-25.9424,175,75
2026-05-11 17:56:56.524,4,-0.96,-0.74,1.35,24.8696,-366.74080000000004,-20.0224,175,75
2026-05-11 17:56:56.533,4,-0.72,-0.43,1.2,31.1496,-294.4208,-13.3124,175,75
2026-05-11 17:56:56.551,4,-0.53,-0.12,0.96,40.7796,-203.38080000000002,-5.3324,175,75
2026-05-11 17:56:56.551,4,-0.57,0.12,0.78,47.5496,-90.15079999999999,5.467599999999999,175,75
2026-05-11 17:56:56.563,4,-0.59,0.31,0.67,56.3296,58.4492,16.867599999999996,175,75
2026-05-11 17:56:56.591,4,-1.04,0.02,1.75,65.2296,446.5592,63.327600000000004,175,75
2026-05-11 17:56:56.623,4,-1.34,-0.09,1.89,49.1396,386.6192,92.10759999999999,175,75
2026-05-11 17:56:56.623,4,-1.21,-0.11,1.97,30.229599999999998,305.69919999999996,119.9176,175,75
2026-05-11 17:56:56.667,4,-1.02,-0.82,1.44,6.6996,-8.870800000000001,140.0376,175,75
2026-05-11 17:56:56.667,4,-1.32,-1.02,1.01,3.5295999999999985,-11.7408,150.3476,175,75
2026-05-11 17:56:56.672,4,-1.5,-1.18,0.75,10.659599999999998,50.7592,166.1976,175,75
2026-05-11 17:56:56.686,4,-1.54,-1.4,0.61,12.119599999999998,161.67919999999998,175.70759999999999,175,75
2026-05-11 17:56:56.686,4,-1.49,-1.52,0.64,4.619599999999998,274.3592,181.6876,175,75
2026-05-11 17:56:56.700,4,-1.23,-1.77,0.81,-3.7904000000000018,357.7092,185.4076,175,75
2026-05-11 17:56:56.720,4,-0.94,-1.9,1.06,-16.110400000000002,375.1492,180.95759999999999,175,75
2026-05-11 17:56:56.724,4,-0.63,-1.85,1.32,-37.940400000000004,337.2292,159.3076,175,75
2026-05-11 17:56:56.736,4,-0.54,-1.98,1.52,-52.57040000000001,292.0392,142.5976,175,75
2026-05-11 17:56:56.758,4,-0.45,-2.27,1.67,-50.1904,221.9192,134.3076,175,75
2026-05-11 17:56:56.758,4,-0.33,-2.28,1.74,-45.9904,158.3892,124.9176,175,75
2026-05-11 17:56:56.780,4,-0.16,-2.1,1.71,-34.3404,98.56920000000001,110.8276,175,75
2026-05-11 17:56:56.780,4,-0.04,-1.89,1.63,-7.330400000000001,49.359199999999994,94.7376,175,75
2026-05-11 17:56:56.800,4,0.06,-1.68,1.54,25.909599999999998,12.8392,73.99759999999999,175,75
2026-05-11 17:56:56.811,4,0.14,-1.48,1.39,48.7696,-12.1008,40.8276,175,75
2026-05-11 17:56:56.823,4,0.14,-1.34,1.22,59.5596,-4.9108,14.6076,175,75
2026-05-11 17:56:56.827,4,0.07,-1.19,1.09,70.6596,42.529199999999996,-2.282400000000001,175,75
2026-05-11 17:56:56.850,4,0.05,-1.03,1.02,77.9196,101.9792,-11.182400000000001,175,75
2026-05-11 17:56:56.867,4,0.28,-0.14,1.0,84.0796,210.33919999999998,-10.8724,175,75
2026-05-11 17:56:56.876,4,0.32,0.14,0.96,86.2096,215.8192,-8.9224,175,75
2026-05-11 17:56:56.891,4,0.26,0.24,0.91,87.7296,225.14919999999998,-5.452400000000001,175,75
2026-05-11 17:56:56.901,4,0.17,0.07,0.85,78.5896,252.1692,-0.4524000000000008,175,75
2026-05-11 17:56:56.927,4,0.05,-0.27,1.1,25.299599999999998,338.62919999999997,16.6276,175,75
2026-05-11 17:56:56.940,4,0.17,-0.23,1.37,-3.490400000000001,327.8992,22.907599999999995,175,75
2026-05-11 17:56:56.949,4,0.25,-0.28,1.65,-39.3404,269.5392,32.907599999999995,175,75
2026-05-11 17:56:56.975,4,0.46,-0.38,1.98,-67.2004,30.3392,14.9776,175,75
2026-05-11 17:56:56.997,4,0.17,-0.22,1.93,-106.7804,-59.180800000000005,40.157599999999995,175,75
2026-05-11 17:56:57.007,4,0.59,-0.36,1.67,-75.2504,-66.5508,3.8176000000000005,175,75
2026-05-11 17:56:57.019,4,0.04,-0.44,1.61,-79.2804,-71.8608,1.687599999999998,175,75
2026-05-11 17:56:57.019,4,-0.02,-0.44,1.48,-89.2204,-27.2208,3.8775999999999993,175,75
2026-05-11 17:56:57.027,4,-0.01,-0.55,1.5,-89.7004,4.0592,10.4676,175,75
2026-05-11 17:56:57.037,4,-0.07,-0.7,1.54,-87.2704,16.6192,18.2076,175,75
2026-05-11 17:56:57.047,4,-0.13,-0.87,1.56,-81.4704,27.1692,29.1276,175,75
2026-05-11 17:56:57.060,4,-0.14,-1.08,1.55,-63.5504,24.5392,41.7476,175,75
2026-05-11 17:56:57.099,4,-0.19,-1.29,1.51,-40.7404,14.6692,51.0176,175,75
2026-05-11 17:56:57.123,4,-0.98,-1.53,1.13,86.3296,-566.0007999999999,24.857599999999998,175,75
2026-05-11 17:56:57.156,4,-1.59,-1.96,0.62,60.1696,-597.0408,0.8876000000000008,175,75
2026-05-11 17:56:57.170,4,-2.11,-2.22,0.09,43.589600000000004,-522.4108,-21.3024,175,75
2026-05-11 17:56:57.180,4,-2.1,-2.08,-0.43,48.1596,-359.7208,-37.9524,175,75
2026-05-11 17:56:57.240,4,-1.71,-1.22,-0.62,67.5496,-240.70080000000002,-36.9724,175,75
2026-05-11 17:56:57.250,4,-1.64,-0.75,-0.27,46.449600000000004,56.3692,-19.5924,175,75
2026-05-11 17:56:57.261,4,-1.13,-0.62,0.39,15.5396,238.2592,-8.1324,175,75
2026-05-11 17:56:57.287,4,-0.9,-0.47,0.83,11.879599999999996,264.3592,-4.042400000000001,175,75
2026-05-11 17:56:57.298,4,-0.69,-0.31,1.25,14.559599999999996,247.70919999999998,-2.4624000000000006,175,75
2026-05-11 17:56:57.309,4,-0.55,-0.07,1.53,31.269599999999997,194.4192,3.147599999999999,175,75
2026-05-11 17:56:57.309,4,-0.57,0.2,1.64,46.699600000000004,141.36919999999998,29.3076,175,75
2026-05-11 17:56:57.319,4,-0.34,0.33,1.66,56.3896,56.9792,38.0276,175,75
2026-05-11 17:56:57.319,4,-0.42,-0.24,1.36,64.7496,17.8392,48.5176,175,75
2026-05-11 17:56:57.349,4,-0.08,-0.69,1.64,40.7196,198.0792,85.5876,175,75
2026-05-11 17:56:57.361,4,0.11,-0.65,1.87,32.8596,160.8192,87.1676,175,75
2026-05-11 17:56:57.392,4,0.2,-0.66,1.86,15.9696,-12.1008,71.0776,175,75
2026-05-11 17:56:57.392,4,0.12,-0.63,1.7,10.599599999999995,-33.1408,66.4376,175,75
2026-05-11 17:56:57.406,4,0.06,-0.57,1.55,5.419599999999999,-31.0708,65.0376,175,75
2026-05-11 17:56:57.415,4,0.04,-0.52,1.39,1.269599999999997,-15.8208,66.3776,175,75
2026-05-11 17:56:57.429,4,0.03,-0.52,1.22,-3.1804000000000023,10.4592,70.1576,175,75
2026-05-11 17:56:57.436,4,-0.02,-0.7,1.1,-5.4404,38.389199999999995,73.02759999999999,175,75
2026-05-11 17:56:57.447,4,-0.02,-0.92,1.03,-10.6804,43.749199999999995,71.1976,175,75
2026-05-11 17:56:57.459,4,-0.11,-1.18,0.97,-18.550400000000003,30.4592,64.60759999999999,175,75
2026-05-11 17:56:57.473,4,-0.35,-1.58,0.93,-17.020400000000002,31.429199999999998,62.0476,175,75
2026-05-11 17:56:57.499,4,-0.47,-2.05,0.91,-6.290400000000002,28.5092,68.2076,175,75
2026-05-11 17:56:57.499,4,-0.6,-2.42,0.9,-4.8904,14.729199999999999,76.0776,175,75
2026-05-11 17:56:57.508,4,-0.59,-2.55,0.84,-8.790400000000002,-5.0908,77.4176,175,75
2026-05-11 17:56:57.521,4,-0.47,-2.1,0.8,-16.9604,-32.5308,66.8676,175,75
2026-05-11 17:56:57.532,4,-0.38,-1.54,0.76,-19.770400000000002,-47.10080000000001,55.7076,175,75
2026-05-11 17:56:57.559,4,-0.57,-1.73,0.7,2.6096000000000004,-37.530800000000006,58.38759999999999,175,75
2026-05-11 17:56:57.559,4,-0.45,-1.89,0.83,5.6595999999999975,-38.6908,59.1876,175,75
2026-05-11 17:56:57.572,4,-0.25,-1.53,0.98,-11.290400000000002,-77.29079999999999,43.5776,175,75
2026-05-11 17:56:57.582,4,-0.16,-1.17,1.04,-23.610400000000002,-118.0808,18.6376,175,75
2026-05-11 17:56:57.599,4,-0.18,-0.95,1.04,-28.000400000000003,-140.2708,0.8275999999999986,175,75
2026-05-11 17:56:57.621,4,-0.31,-0.73,1.04,-28.910400000000003,-138.9908,-9.592400000000001,175,75
2026-05-11 17:56:57.632,4,-0.44,-0.5,1.05,-10.380400000000002,-91.7408,-6.362400000000001,175,75
2026-05-11 17:56:57.632,4,-0.27,-0.34,1.09,18.8896,-19.5408,3.457600000000001,175,75
2026-05-11 17:56:57.676,4,0.09,-0.05,1.26,27.669599999999996,43.8692,-5.6324000000000005,175,75
2026-05-11 17:56:57.686,4,-0.1,0.25,1.31,20.779600000000002,73.4492,-7.5824,175,75
2026-05-11 17:56:57.686,4,-0.22,0.49,1.38,19.559599999999996,95.3392,-0.0823999999999998,175,75
2026-05-11 17:56:57.698,4,-0.23,0.58,1.43,22.1196,100.7592,9.307599999999999,175,75
2026-05-11 17:56:57.708,4,-0.33,0.38,1.48,22.3696,87.5892,16.4976,175,75
2026-05-11 17:56:57.719,4,-0.56,-0.18,1.52,14.0796,30.2792,10.827599999999999,175,75
2026-05-11 17:56:57.743,4,-0.99,-0.16,1.32,9.1996,-20.2108,5.347599999999998,175,75
2026-05-11 17:56:57.754,4,-1.21,0.0,1.1,12.369599999999998,-17.410800000000002,13.6376,175,75
2026-05-11 17:56:57.770,4,-1.44,-0.19,0.97,11.639600000000002,15.4592,28.8176,175,75
2026-05-11 17:56:57.782,4,-1.51,-0.7,0.99,6.639599999999998,65.5192,57.16759999999999,175,75
2026-05-11 17:56:57.793,4,-1.45,-1.17,1.06,1.5795999999999992,84.17920000000001,74.7376,175,75
2026-05-11 17:56:57.793,4,-1.43,-1.61,1.15,-6.4704000000000015,94.59920000000001,93.3276,175,75
2026-05-11 17:56:57.808,4,-1.42,-1.75,1.2,-16.9004,110.9492,116.3176,175,75
2026-05-11 17:56:57.847,4,-1.29,-1.61,1.19,13.099599999999995,168.92919999999998,154.9176,175,75
2026-05-11 17:56:57.857,4,-1.08,-1.97,1.34,18.0396,155.51919999999998,152.0476,175,75
2026-05-11 17:56:57.870,4,-0.8,-2.36,1.44,19.3196,84.84920000000001,138.3276,175,75
2026-05-11 17:56:57.882,4,-0.67,-2.31,1.42,18.099599999999995,13.6292,121.4976,175,75
2026-05-11 17:56:57.892,4,-0.57,-1.99,1.32,23.8896,-32.5308,105.0976,175,75
2026-05-11 17:56:57.903,4,-0.47,-1.72,1.2,38.2196,-62.710800000000006,88.8776,175,75
2026-05-11 17:56:57.905,4,-0.35,-1.51,1.05,57.489599999999996,-86.8608,67.4776,175,75
2026-05-11 17:56:57.916,4,-0.27,-1.34,0.91,69.8096,-94.54079999999999,44.9176,175,75
2026-05-11 17:56:57.937,4,-0.22,-1.24,0.8,74.6896,-87.7708,27.4176,175,75
2026-05-11 17:56:57.937,4,-0.22,-1.13,0.72,75.2296,-61.4908,14.8576,175,75
2026-05-11 17:56:57.952,4,-0.22,-1.02,0.65,74.8696,-12.3508,8.8776,175,75
2026-05-11 17:56:57.957,4,-0.22,-0.88,0.62,74.8696,39.9092,10.957600000000001,175,75
2026-05-11 17:56:57.975,4,-0.14,-0.66,0.72,74.8696,117.2292,24.427599999999998,175,75
2026-05-11 17:56:57.992,4,0.04,-0.44,1.02,66.6996,167.2892,33.3276,175,75
2026-05-11 17:56:58.003,4,0.07,-0.37,1.12,57.369600000000005,178.2592,36.437599999999996,175,75
2026-05-11 17:56:58.013,4,0.17,-0.31,1.23,51.209599999999995,182.2892,38.8776,175,75
2026-05-11 17:56:58.023,4,0.19,-0.28,1.31,45.53959999999999,181.42919999999998,39.4876,175,75
2026-05-11 17:56:58.040,4,0.22,-0.29,1.38,40.599599999999995,178.80919999999998,41.197599999999994,175,75
2026-05-11 17:56:58.050,4,0.25,-0.37,1.56,25.479599999999998,159.7892,37.2376,175,75
2026-05-11 17:56:58.065,4,0.24,-0.36,1.63,17.919599999999996,148.2592,34.3076,175,75
2026-05-11 17:56:58.085,4,0.25,-0.33,1.71,9.139599999999998,129.4792,30.0976,175,75
2026-05-11 17:56:58.085,4,0.23,-0.28,1.78,-0.5604000000000013,97.64920000000001,25.827599999999997,175,75
2026-05-11 17:56:58.101,4,0.24,-0.25,1.83,-8.910400000000001,66.0092,19.9176,175,75
2026-05-11 17:56:58.111,4,0.24,-0.2,1.87,-17.6904,21.0692,12.9676,175,75
2026-05-11 17:56:58.125,4,0.21,-0.18,1.85,-23.6704,-14.6608,6.687599999999998,175,75
2026-05-11 17:56:58.125,4,0.14,-0.2,1.75,-26.1704,-36.610800000000005,1.687599999999998,175,75
2026-05-11 17:56:58.139,4,0.03,-0.24,1.59,-28.000400000000003,-47.710800000000006,-2.702400000000001,175,75
2026-05-11 17:56:58.150,4,-0.1,-0.32,1.37,-23.180400000000002,-30.6408,-0.7523999999999997,175,75
2026-05-11 17:56:58.163,4,-0.26,-0.43,1.23,-16.230400000000003,-1.6108000000000002,6.627599999999999,175,75
2026-05-11 17:56:58.176,4,-0.33,-0.65,1.09,-10.0104,42.959199999999996,15.277599999999998,175,75
2026-05-11 17:56:58.187,4,-0.38,-0.96,0.98,-8.970400000000001,57.959199999999996,18.4576,175,75
2026-05-11 17:56:58.196,4,-0.5,-1.22,0.86,-2.450400000000002,77.89920000000001,21.3776,175,75
2026-05-11 17:56:58.210,4,-0.59,-1.68,0.7,8.339599999999997,130.5792,26.687599999999996,175,75
2026-05-11 17:56:58.221,4,-0.66,-1.68,0.56,17.1896,220.0292,33.6376,175,75
2026-05-11 17:56:58.231,4,-0.79,-1.18,0.51,24.809599999999996,280.6392,35.7076,175,75
2026-05-11 17:56:58.263,4,-0.5,-1.96,0.8,60.7796,304.7892,52.2976,175,75
2026-05-11 17:56:58.274,4,-0.16,-2.32,1.08,32.489599999999996,232.2892,27.717599999999997,175,75
2026-05-11 17:56:58.274,4,-0.18,-2.29,1.14,-5.010400000000001,92.28920000000001,3.027599999999998,175,75
2026-05-11 17:56:58.306,4,-0.52,-1.73,0.23,24.4996,18.4492,38.2076,175,75
2026-05-11 17:56:58.320,4,-0.36,-1.54,0.34,36.1496,47.89919999999999,54.5476,175,75
2026-05-11 17:56:58.356,4,-0.18,-1.42,0.61,27.8596,28.4492,57.2376,175,75
2026-05-11 17:56:58.368,4,-0.06,-1.35,0.85,5.9095999999999975,-51.8008,48.9376,175,75
2026-05-11 17:56:58.368,4,-0.02,-1.16,0.91,-12.940400000000002,-131.3108,36.7476,175,75
2026-05-11 17:56:58.379,4,-0.1,-0.95,0.83,-17.9404,-170.76080000000002,25.8876,175,75
2026-05-11 17:56:58.425,4,-0.28,-0.36,0.55,21.5796,36.5592,23.697599999999994,175,75
2026-05-11 17:56:58.439,4,-0.26,-0.24,0.73,41.9396,128.7492,33.697599999999994,175,75
2026-05-11 17:56:58.439,4,-0.16,-0.22,1.02,54.619600000000005,191.9792,43.9976,175,75
2026-05-11 17:56:58.449,4,0.09,-0.11,1.58,45.3596,176.0092,49.0676,175,75
2026-05-11 17:56:58.487,4,0.18,-0.29,1.79,32.059599999999996,81.0092,43.1476,175,75
2026-05-11 17:56:58.488,4,0.16,-0.53,1.82,15.779600000000002,-9.110800000000001,36.5676,175,75
2026-05-11 17:56:58.499,4,0.06,-0.62,1.7,0.04959999999999809,-67.2208,33.3876,175,75
2026-05-11 17:56:58.540,4,-0.02,-0.57,1.52,-6.290400000000002,-81.07079999999999,37.047599999999996,175,75
2026-05-11 17:56:58.540,4,-0.05,-0.55,1.41,8.2196,-24.5408,54.1876,175,75
2026-05-11 17:56:58.552,4,0.03,-0.54,1.54,13.6496,2.3491999999999997,58.327600000000004,175,75
2026-05-11 17:56:58.552,4,0.09,-0.57,1.67,10.5396,5.9492,53.5176,175,75
2026-05-11 17:56:58.563,4,0.12,-0.63,1.72,6.579599999999999,-10.2108,45.407599999999995,175,75
2026-05-11 17:56:58.563,4,0.1,-0.61,1.71,0.4195999999999991,-27.8308,38.8776,175,75
2026-05-11 17:56:58.608,4,0.07,-0.54,1.6,-2.020400000000002,-35.460800000000006,34.6076,175,75
2026-05-11 17:56:58.621,4,0.01,-0.47,1.46,0.2295999999999978,-31.0008,32.7776,175,75
2026-05-11 17:56:58.632,4,0.04,-0.64,1.18,4.689599999999999,-46.92080000000001,24.547599999999996,175,75
2026-05-11 17:56:58.645,4,-0.4,-1.13,0.96,-7.270400000000002,-102.5908,5.1576,175,75
2026-05-11 17:56:58.674,4,-0.8,-1.6,0.3,-54.8904,-82.4708,18.937599999999996,175,75
2026-05-11 17:56:58.689,4,-0.96,-1.44,0.15,-56.9604,-15.7008,48.8776,175,75
2026-05-11 17:56:58.699,4,-1.09,-1.26,0.13,-54.400400000000005,89.84920000000001,88.99759999999999,175,75
2026-05-11 17:56:58.700,4,-0.92,-1.17,0.32,-47.9404,176.61919999999998,115.1576,175,75
2026-05-11 17:56:58.710,4,-0.77,-1.26,0.69,-43.4904,197.70919999999998,128.9376,175,75
2026-05-11 17:56:58.724,4,-0.52,-1.49,0.96,-42.6904,167.0992,122.8476,175,75
2026-05-11 17:56:58.724,4,-0.51,-1.6,1.08,-40.7404,135.0292,114.85759999999999,175,75
2026-05-11 17:56:58.735,4,-0.43,-1.57,1.12,-33.4204,95.6392,104.3076,175,75
2026-05-11 17:56:58.735,4,-0.31,-1.4,1.16,-19.4004,58.319199999999995,93.2676,175,75
2026-05-11 17:56:58.750,4,-0.23,-1.17,1.25,-7.450400000000002,16.0692,77.35759999999999,175,75
2026-05-11 17:56:58.762,4,-0.13,-0.92,1.36,-3.3004,-28.9908,59.60759999999999,175,75
2026-05-11 17:56:58.767,4,-0.06,-0.69,1.42,-3.3004,-78.57079999999999,42.1076,175,75
2026-05-11 17:56:58.780,4,-0.09,-0.32,1.41,-9.160400000000001,-132.29080000000002,20.037599999999998,175,75
2026-05-11 17:56:58.793,4,-0.18,0.07,1.31,-9.830400000000001,-132.10080000000002,10.4076,175,75
2026-05-11 17:56:58.820,4,-0.42,0.49,1.07,22.979599999999998,28.4492,27.657599999999995,175,75
2026-05-11 17:56:58.827,4,-0.56,0.14,1.07,42.6096,126.7992,43.0276,175,75
2026-05-11 17:56:58.839,4,-0.59,-0.22,1.24,49.92959999999999,217.1692,60.88759999999999,175,75
2026-05-11 17:56:58.857,4,-0.44,-0.34,1.44,49.25959999999999,236.67919999999998,64.4876,175,75
2026-05-11 17:56:58.870,4,-0.41,-0.43,1.57,47.2496,198.9992,63.5176,175,75
2026-05-11 17:56:58.880,4,-0.43,-0.58,1.52,35.5396,136.36919999999998,52.8476,175,75
2026-05-11 17:56:58.884,4,-0.39,-0.8,1.34,21.879599999999996,76.5592,44.7376,175,75
2026-05-11 17:56:58.899,4,-0.51,-1.14,1.17,9.689599999999999,16.7392,45.587599999999995,175,75
2026-05-11 17:56:58.915,4,-0.55,-1.53,1.04,-11.290400000000002,-18.9308,53.2076,175,75
2026-05-11 17:56:58.915,4,-0.55,-1.59,0.88,-26.050400000000003,-29.2408,61.13759999999999,175,75
2026-05-11 17:56:58.928,4,-0.61,-1.33,0.59,-21.590400000000002,2.5292000000000003,78.8176,175,75
2026-05-11 17:56:58.941,4,-0.69,-1.22,0.44,-1.2904000000000018,63.749199999999995,99.6676,175,75
2026-05-11 17:56:58.960,4,-0.4,-1.29,0.55,12.249600000000001,152.4092,114.48759999999999,175,75
2026-05-11 17:56:58.973,4,-0.39,-1.73,0.74,11.269599999999997,152.5292,109.7976,175,75
2026-05-11 17:56:58.988,4,-0.46,-2.15,0.97,-0.8003999999999998,120.5192,111.49759999999999,175,75
2026-05-11 17:56:59.008,4,-0.31,-2.01,1.02,-14.220400000000001,65.39920000000001,107.8476,175,75
2026-05-11 17:56:59.008,4,-0.31,-1.77,0.86,-2.8804000000000016,13.8092,106.49759999999999,175,75
2026-05-11 17:56:59.042,4,-0.05,-1.35,0.99,20.5396,-62.10080000000001,98.8176,175,75
2026-05-11 17:56:59.054,4,0.09,-1.33,1.07,3.9496,-137.2208,70.88759999999999,175,75
2026-05-11 17:56:59.078,4,-0.12,-1.1,0.6,-8.610400000000002,-91.68079999999999,20.587599999999995,175,75
2026-05-11 17:56:59.096,4,-0.12,-0.88,0.62,8.099599999999999,48.929199999999994,18.517599999999995,175,75
2026-05-11 17:56:59.129,4,-0.0,-0.68,0.93,23.949599999999997,152.4092,17.7776,175,75
2026-05-11 17:56:59.139,4,0.05,-0.52,1.22,29.989599999999996,202.4692,14.547600000000001,175,75
2026-05-11 17:56:59.151,4,0.21,-0.15,1.78,37.8596,209.29919999999998,4.8576,175,75
2026-05-11 17:56:59.162,4,0.21,-0.16,1.92,41.6996,105.3392,-3.1324000000000005,175,75
2026-05-11 17:56:59.173,4,0.15,-0.18,1.83,36.6996,77.5292,-3.192400000000001,175,75
2026-05-11 17:56:59.183,4,0.14,-0.18,1.74,32.489599999999996,72.03920000000001,-0.4524000000000008,175,75
2026-05-11 17:56:59.183,4,0.12,-0.18,1.67,26.699599999999997,70.6392,1.687599999999998,175,75
2026-05-11 17:56:59.197,4,0.11,-0.16,1.64,21.029600000000002,75.6392,5.5876,175,75
2026-05-11 17:56:59.242,4,0.18,-0.09,1.56,16.449599999999997,82.95920000000001,11.1976,175,75
2026-05-11 17:56:59.253,4,0.0,-0.39,1.28,16.9396,73.56920000000001,3.147599999999999,175,75
2026-05-11 17:56:59.275,4,-0.25,-1.13,0.53,8.279599999999999,35.0892,-7.6424,175,75
2026-05-11 17:56:59.330,4,-0.82,-1.66,0.27,-53.180400000000006,-36.3108,13.5176,175,75
2026-05-11 17:56:59.343,4,-0.73,-1.08,0.16,-56.7804,-39.2408,25.767599999999995,175,75
2026-05-11 17:56:59.354,4,-0.95,-1.5,-0.12,-47.3304,-7.9608,50.1576,175,75
2026-05-11 17:56:59.354,4,-1.02,-1.79,-0.21,-72.0204,96.06920000000001,77.35759999999999,175,75
2026-05-11 17:56:59.367,4,-1.1,-1.94,0.05,-81.7204,239.9692,108.5176,175,75
2026-05-11 17:56:59.384,4,-1.02,-2.05,0.29,-78.3004,320.75919999999996,133.5176,175,75
2026-05-11 17:56:59.396,4,-0.46,-1.88,0.75,-59.7704,369.1192,149.9776,175,75
2026-05-11 17:56:59.407,4,-0.32,-1.71,0.97,-47.9404,352.5892,150.70759999999999,175,75
2026-05-11 17:56:59.426,4,0.32,-1.37,1.46,-45.5604,193.3892,123.38759999999999,175,75
2026-05-11 17:56:59.435,4,0.56,-1.13,1.54,-56.3504,73.0792,95.52759999999999,175,75
2026-05-11 17:56:59.445,4,0.56,-0.93,1.43,-60.8004,-20.8208,69.0676,175,75
2026-05-11 17:56:59.458,4,0.4,-0.75,1.15,-59.7704,-50.2708,53.577600000000004,175,75
2026-05-11 17:56:59.468,4,0.27,-0.59,0.89,-50.5604,-9.7208,51.4376,175,75
2026-05-11 17:56:59.483,4,0.19,-0.42,0.74,-40.9904,67.70920000000001,55.0376,175,75
2026-05-11 17:56:59.483,4,0.14,-0.27,0.7,-30.9904,165.08919999999998,61.13759999999999,175,75
2026-05-11 17:56:59.511,4,0.06,-0.36,1.19,-1.6604000000000028,409.4192,82.6576,175,75
2026-05-11 17:56:59.536,4,0.07,-0.53,1.5,-5.070400000000003,441.00919999999996,81.4376,175,75
2026-05-11 17:56:59.536,4,0.13,-0.65,1.86,-16.4704,422.1692,74.9176,175,75
2026-05-11 17:56:59.560,4,0.22,-0.65,2.08,-25.3804,359.6692,65.2176,175,75
2026-05-11 17:56:59.560,4,0.29,-0.65,2.21,-30.620400000000004,274.2392,55.1576,175,75
2026-05-11 17:56:59.573,4,0.33,-0.69,2.2,-29.520400000000002,163.9992,42.657599999999995,175,75
2026-05-11 17:56:59.583,4,0.27,-0.8,2.07,-27.8804,94.84920000000001,35.2776,175,75
2026-05-11 17:56:59.593,4,0.17,-0.9,1.88,-26.230400000000003,60.7592,33.3276,175,75
2026-05-11 17:56:59.604,4,0.14,-0.92,1.75,-22.570400000000003,65.5192,38.087599999999995,175,75
2026-05-11 17:56:59.640,4,0.18,-0.89,1.67,-14.400400000000001,87.28920000000001,45.0976,175,75
2026-05-11 17:56:59.650,4,0.3,-0.86,1.64,-5.130400000000002,109.1192,50.827600000000004,175,75
2026-05-11 17:56:59.662,4,0.7,-0.84,1.49,2.429599999999997,119.9092,32.657599999999995,175,75
2026-05-11 17:56:59.672,4,0.84,-0.84,1.35,-3.9704000000000015,110.0892,13.8176,175,75
2026-05-11 17:56:59.674,4,0.94,-0.93,1.2,-17.3904,103.4492,-3.442400000000001,175,75
2026-05-11 17:56:59.689,4,0.99,-1.07,1.06,-34.5204,105.7592,-16.7924,175,75
2026-05-11 17:56:59.710,4,0.94,-1.19,1.05,-50.5604,110.2792,-21.0024,175,75
2026-05-11 17:56:59.724,4,1.02,-1.31,1.07,-57.8804,107.1692,-17.2224,175,75
2026-05-11 17:56:59.724,4,1.07,-1.47,1.11,-63.8504,87.5292,-14.9024,175,75
2026-05-11 17:56:59.736,4,1.08,-1.49,1.16,-66.5904,78.0192,-11.4824,175,75
2026-05-11 17:56:59.752,4,1.11,-1.35,1.22,-65.9204,73.6892,-7.4024,175,75
2026-05-11 17:56:59.763,4,1.18,-1.26,1.25,-58.1804,72.34920000000001,-7.8324,175,75
2026-05-11 17:56:59.776,4,1.1,-1.3,1.24,-48.3604,68.0192,-14.9024,175,75
2026-05-11 17:56:59.782,4,0.98,-1.28,1.24,-39.8904,66.9192,-17.8324,175,75
2026-05-11 17:56:59.794,4,0.79,-1.25,1.29,-27.9404,81.9192,-12.7624,175,75
2026-05-11 17:56:59.827,4,0.65,-1.23,1.8,15.169599999999996,98.1992,36.9276,175,75
2026-05-11 17:56:59.843,4,0.65,-0.97,1.89,29.3196,-11.4308,36.4976,175,75
2026-05-11 17:56:59.853,4,0.5,-0.81,1.84,29.9296,-50.460800000000006,31.4976,175,75
2026-05-11 17:56:59.864,4,0.44,-0.54,1.81,26.209600000000002,-69.85079999999999,31.9876,175,75
2026-05-11 17:56:59.879,4,0.57,-0.04,1.6,21.3296,-95.40079999999999,24.3076,175,75
2026-05-11 17:56:59.895,4,0.51,0.15,1.36,29.0796,-76.1308,14.4276,175,75
2026-05-11 17:56:59.904,4,0.46,0.13,1.13,43.709599999999995,-23.0208,7.417599999999998,175,75
2026-05-11 17:56:59.927,4,0.39,-0.4,1.11,40.8396,98.0792,1.6275999999999993,175,75
2026-05-11 17:56:59.947,4,0.27,-0.59,1.26,-3.240400000000001,48.07919999999999,-16.0624,175,75
2026-05-11 17:56:59.961,4,0.47,-0.52,1.13,-32.8804,11.6792,-8.3124,175,75
2026-05-11 17:56:59.978,4,0.84,-0.4,0.92,-54.400400000000005,1.4291999999999996,1.3176000000000005,175,75
2026-05-11 17:56:59.987,4,1.13,-0.52,0.79,-62.1404,0.6392,-3.0124000000000013,175,75
2026-05-11 17:56:59.997,4,1.18,-0.76,0.79,-77.0804,-3.9308000000000005,-18.3724,175,75
2026-05-11 17:57:00.010,4,1.11,-0.93,0.85,-95.74040000000001,2.8392,-29.9024,175,75
2026-05-11 17:57:00.010,4,1.11,-1.06,0.95,-107.9404,13.1392,-34.5924,175,75
2026-05-11 17:57:00.024,4,1.11,-1.29,1.07,-114.7004,16.5592,-40.1424,175,75
2026-05-11 17:57:00.039,4,1.17,-1.38,1.13,-106.9604,20.3392,-41.9724,175,75
2026-05-11 17:57:00.050,4,1.16,-1.38,1.17,-95.74040000000001,19.2392,-42.6424,175,75
2026-05-11 17:57:00.054,4,1.14,-1.33,1.19,-80.5004,28.0192,-36.4224,175,75
2026-05-11 17:57:00.070,4,1.09,-1.33,1.19,-57.330400000000004,38.999199999999995,-28.5024,175,75
2026-05-11 17:57:00.076,4,0.93,-1.5,1.18,-35.6804,63.3192,-16.9124,175,75
2026-05-11 17:57:00.100,4,0.55,-1.89,1.43,-13.4204,117.4092,38.1476,175,75
2026-05-11 17:57:00.142,4,0.94,-1.58,1.74,-22.3304,9.4792,76.13759999999999,175,75
2026-05-11 17:57:00.152,4,0.8,-1.46,1.49,-13.120400000000002,16.8592,80.3476,175,75
2026-05-11 17:57:00.153,4,0.65,-1.39,1.33,-5.130400000000002,50.5192,86.49759999999999,175,75
2026-05-11 17:57:00.163,4,0.45,-1.27,1.23,3.9496,113.2592,101.2576,175,75
2026-05-11 17:57:00.172,4,0.17,-1.1,1.24,14.749600000000001,203.5692,128.5176,175,75
2026-05-11 17:57:00.183,4,0.23,-0.96,1.38,22.059599999999996,286.2492,156.2576,175,75
2026-05-11 17:57:00.199,4,0.26,-0.86,1.67,18.159599999999998,307.5892,171.3176,175,75
2026-05-11 17:57:00.219,4,0.62,-0.69,2.03,8.0396,279.7892,170.0376,175,75
2026-05-11 17:57:00.219,4,0.79,-0.54,2.25,-7.080400000000001,185.08919999999998,143.8776,175,75
2026-05-11 17:57:00.234,4,0.71,-0.42,2.28,-15.6204,87.03920000000001,114.9176,175,75
2026-05-11 17:57:00.266,4,0.72,-0.33,2.19,-18.910400000000003,21.4992,94.7976,175,75
2026-05-11 17:57:00.330,4,0.69,-0.26,2.06,-18.9704,-34.9108,71.4376,175,75
2026-05-11 17:57:00.349,4,0.56,-0.23,1.7,8.769599999999997,-18.8708,32.297599999999996,175,75
2026-05-11 17:57:00.359,4,0.64,-0.19,1.75,17.1196,17.2292,9.667599999999998,175,75
2026-05-11 17:57:00.371,4,0.62,-0.09,1.76,14.689599999999999,27.4692,2.297600000000001,175,75
2026-05-11 17:57:00.378,4,0.72,-0.04,1.74,3.4095999999999975,42.289199999999994,-5.3924,175,75
2026-05-11 17:57:00.390,4,0.74,-0.2,1.74,-1.5904000000000025,47.4092,-12.092400000000001,175,75
2026-05-11 17:57:00.390,4,0.75,-0.39,1.73,-8.0004,50.6992,-20.0224,175,75
2026-05-11 17:57:00.403,4,0.73,-0.63,1.77,-18.2404,51.7992,-33.8624,175,75
2026-05-11 17:57:00.403,4,0.66,-0.85,1.82,-23.610400000000002,44.7292,-41.2424,175,75
2026-05-11 17:57:00.414,4,0.78,-1.03,1.81,-24.2804,34.4792,-38.132400000000004,175,75
2026-05-11 17:57:00.414,4,0.74,-1.31,1.73,-19.520400000000002,11.1892,-39.0424,175,75
2026-05-11 17:57:00.425,4,0.64,-1.71,1.59,-14.2804,-14.8508,-35.2024,175,75
2026-05-11 17:57:00.442,4,0.63,-1.93,1.51,-36.7804,-54.3008,-13.682400000000001,175,75
2026-05-11 17:57:00.455,4,0.65,-1.71,1.52,-53.6704,-67.1608,0.1576000000000004,175,75
2026-05-11 17:57:00.484,4,0.87,-1.17,1.36,-56.7804,-106.0008,51.0176,175,75
2026-05-11 17:57:00.497,4,0.84,-1.72,1.14,-46.2304,-93.1408,72.9076,175,75
2026-05-11 17:57:00.503,4,0.91,-2.0,1.09,-45.3804,-68.4408,85.9576,175,75
2026-05-11 17:57:00.569,4,1.27,-2.22,1.2,-43.7304,-19.1808,98.8776,175,75
2026-05-11 17:57:00.569,4,1.4,-1.94,1.23,-31.230400000000003,-17.5308,93.5176,175,75
2026-05-11 17:57:00.580,4,1.46,-1.69,1.23,-15.6204,-8.5008,92.4776,175,75
2026-05-11 17:57:00.591,4,1.42,-1.57,1.26,0.9095999999999975,25.8192,92.77759999999999,175,75
2026-05-11 17:57:00.592,4,1.36,-1.54,1.62,1.2095999999999982,96.06920000000001,89.4276,175,75
2026-05-11 17:57:00.605,4,1.37,-1.38,1.96,-6.290400000000002,82.28920000000001,74.60759999999999,175,75
2026-05-11 17:57:00.616,4,1.32,-0.97,2.34,-8.550400000000002,-13.8108,42.297599999999996,175,75
2026-05-11 17:57:00.631,4,1.22,-0.77,2.38,-2.7504000000000026,-89.7208,19.2476,175,75
2026-05-11 17:57:00.640,4,1.05,-0.7,2.28,5.9696,-132.9008,6.867599999999998,175,75
2026-05-11 17:57:00.644,4,0.93,-0.85,2.07,18.0396,-166.4308,-5.1424,175,75
2026-05-11 17:57:00.653,4,0.83,-0.99,1.89,20.299599999999998,-178.38080000000002,-13.192400000000001,175,75
2026-05-11 17:57:00.680,4,0.71,-0.73,1.71,14.319600000000001,-165.76080000000002,-23.0124,175,75
2026-05-11 17:57:00.695,4,0.69,-0.52,1.64,13.279600000000002,-143.8108,-23.1924,175,75
2026-05-11 17:57:00.695,4,0.68,-0.37,1.54,13.6496,-108.32079999999999,-19.9024,175,75
2026-05-11 17:57:00.707,4,0.67,-0.31,1.46,15.599599999999995,-75.5208,-18.1924,175,75
2026-05-11 17:57:00.731,4,0.6,-0.38,1.35,20.9696,47.5892,-17.0324,175,75
2026-05-11 17:57:00.742,4,0.61,-0.4,1.4,18.099599999999995,88.8092,-18.8624,175,75
2026-05-11 17:57:00.754,4,0.72,-0.36,1.51,12.249600000000001,120.2792,-21.7324,175,75
2026-05-11 17:57:00.758,4,0.82,-0.31,1.58,11.509599999999999,126.9192,-30.142400000000002,175,75
2026-05-11 17:57:00.774,4,0.91,-0.39,1.59,11.699599999999997,120.7592,-40.812400000000004,175,75
2026-05-11 17:57:00.786,4,0.9,-0.72,1.49,13.949599999999997,114.53920000000001,-55.0824,175,75
2026-05-11 17:57:00.797,4,0.82,-1.13,1.41,16.029600000000002,122.4692,-62.6424,175,75
2026-05-11 17:57:00.809,4,0.79,-1.56,1.41,12.919599999999996,133.92919999999998,-62.0324,175,75
2026-05-11 17:57:00.840,4,0.96,-1.91,1.79,-22.0804,58.139199999999995,-62.0324,175,75
2026-05-11 17:57:00.854,4,1.14,-1.36,1.69,-34.9504,-62.8308,-68.9824,175,75
2026-05-11 17:57:00.870,4,1.1,-1.31,1.43,-33.4204,-82.04079999999999,-67.9524,175,75
2026-05-11 17:57:00.899,4,0.62,-1.61,1.41,-38.9704,17.7792,-40.6924,175,75
2026-05-11 17:57:00.942,4,0.67,-1.46,1.86,-28.4204,-45.2708,-0.5124000000000013,175,75
2026-05-11 17:57:00.949,4,0.71,-1.21,1.89,-10.070400000000001,-121.0008,12.417599999999998,175,75
2026-05-11 17:57:00.972,4,0.63,-0.9,1.55,17.2496,-201.7408,8.027599999999998,175,75
2026-05-11 17:57:00.984,4,0.57,-0.82,1.46,23.279600000000002,-193.8708,3.207600000000001,175,75
2026-05-11 17:57:00.984,4,0.49,-0.69,1.47,26.3896,-168.26080000000002,0.5876000000000001,175,75
2026-05-11 17:57:00.997,4,0.41,-0.47,1.57,27.549599999999998,-135.2108,0.7076000000000011,175,75
2026-05-11 17:57:01.037,4,0.19,-0.05,1.28,43.099599999999995,-68.6908,-23.3724,175,75
2026-05-11 17:57:01.078,4,0.41,-0.22,2.1,-11.900400000000001,-140.4008,-37.0924,175,75
2026-05-11 17:57:01.094,4,0.58,-0.39,2.02,-34.400400000000005,-297.5908,-49.1724,175,75
2026-05-11 17:57:01.116,4,0.64,-0.78,1.09,-58.1804,-521.1908,-65.5124,175,75
2026-05-11 17:57:01.140,4,0.33,-1.07,-0.01,-83.3604,-394.6008,-29.412399999999998,175,75
2026-05-11 17:57:01.153,4,0.3,-1.35,-0.29,-90.1904,-235.2108,-2.032400000000001,175,75
2026-05-11 17:57:01.184,4,0.82,-1.72,0.53,-72.1404,305.1492,33.697599999999994,175,75
2026-05-11 17:57:01.199,4,0.72,-1.93,0.9,-72.4504,341.00919999999996,29.6676,175,75
2026-05-11 17:57:01.210,4,0.63,-2.22,1.16,-67.2004,349.4792,37.657599999999995,175,75
2026-05-11 17:57:01.221,4,0.74,-2.48,1.45,-52.8104,319.5992,48.8776,175,75
2026-05-11 17:57:01.239,4,0.94,-2.47,1.75,-45.1304,211.8592,48.2076,175,75
2026-05-11 17:57:01.247,4,1.06,-2.19,1.85,-51.9604,106.4992,39.977599999999995,175,75
2026-05-11 17:57:01.279,4,0.75,-1.28,1.29,-34.8304,-80.46079999999999,31.197599999999994,175,75
2026-05-11 17:57:01.299,4,0.43,-1.11,1.07,-8.0004,8.1392,40.2776,175,75
2026-05-11 17:57:01.308,4,0.43,-0.96,1.21,3.7095999999999982,60.639199999999995,46.017599999999995,175,75
2026-05-11 17:57:01.330,4,0.52,-0.51,1.62,17.489599999999996,58.6892,40.8876,175,75
2026-05-11 17:57:01.371,4,0.49,0.14,1.69,37.669599999999996,-90.5808,5.037599999999999,175,75
2026-05-11 17:57:01.390,4,0.29,0.09,1.32,45.3596,-67.90079999999999,-5.5724,175,75
2026-05-11 17:57:01.401,4,0.21,-0.08,1.22,41.9396,-15.2708,-3.192400000000001,175,75
2026-05-11 17:57:01.413,4,0.2,-0.2,1.22,31.5796,43.139199999999995,-1.0624000000000002,175,75
2026-05-11 17:57:01.418,4,0.21,-0.2,1.31,18.409599999999998,88.31920000000001,-0.022400000000001086,175,75
2026-05-11 17:57:01.457,4,0.23,-0.12,1.46,-17.3904,123.31920000000001,3.937599999999998,175,75
2026-05-11 17:57:01.457,4,0.26,-0.12,1.45,-32.4504,138.80919999999998,8.577599999999999,175,75
2026-05-11 17:57:01.480,4,0.29,-0.23,1.43,-45.010400000000004,164.23919999999998,13.457600000000001,175,75
2026-05-11 17:57:01.491,4,0.38,-0.39,1.45,-49.0304,190.0292,18.4576,175,75
2026-05-11 17:57:01.509,4,0.71,-0.79,1.53,-61.0504,173.1992,-4.352400000000001,175,75
2026-05-11 17:57:01.521,4,0.73,-1.08,1.54,-67.88040000000001,153.5092,-16.7924,175,75
2026-05-11 17:57:01.537,4,0.7,-1.51,1.62,-70.9904,106.9192,-23.5024,175,75
2026-05-11 17:57:01.549,4,0.68,-1.5,1.76,-66.9004,63.2592,-18.9224,175,75
2026-05-11 17:57:01.572,4,0.9,-0.95,1.79,-49.4604,-102.4708,-6.182400000000001,175,75
2026-05-11 17:57:01.588,4,0.86,-1.09,1.49,-24.340400000000002,-169.0508,3.5775999999999986,175,75
2026-05-11 17:57:01.599,4,0.74,-1.47,1.22,-6.840400000000001,-194.85080000000002,13.147599999999999,175,75
2026-05-11 17:57:01.610,4,0.64,-1.77,1.09,-1.4704000000000015,-187.29080000000002,29.797599999999996,175,75
2026-05-11 17:57:01.645,4,1.12,-1.65,1.1,53.589600000000004,-204.4208,53.1476,175,75
2026-05-11 17:57:01.659,4,1.19,-1.43,0.88,84.9296,-227.2208,39.547599999999996,175,75
2026-05-11 17:57:01.665,4,1.13,-1.23,0.55,111.0896,-186.6108,29.6676,175,75
2026-05-11 17:57:01.679,4,0.97,-1.13,0.38,124.3196,-105.6408,27.107599999999998,175,75
2026-05-11 17:57:01.687,4,0.8,-0.99,0.41,128.88959999999997,43.2592,34.4276,175,75
2026-05-11 17:57:01.702,4,0.76,-0.85,0.62,124.3796,149.5992,46.017599999999995,175,75
2026-05-11 17:57:01.733,4,0.73,-1.07,1.22,103.64959999999999,227.64919999999998,63.1476,175,75
2026-05-11 17:57:01.733,4,0.85,-1.17,1.43,86.2696,206.2492,66.6276,175,75
2026-05-11 17:57:01.803,4,0.79,-0.63,1.57,36.3896,26.9192,36.4976,175,75
2026-05-11 17:57:01.814,4,0.69,-0.69,1.54,32.919599999999996,15.699200000000001,27.107599999999998,175,75
2026-05-11 17:57:01.814,4,0.64,-0.75,1.6,26.449599999999997,13.4492,15.0376,175,75
2026-05-11 17:57:01.824,4,0.64,-0.73,1.69,22.2496,-11.5508,-1.0023999999999997,175,75
2026-05-11 17:57:01.834,4,0.66,-0.69,1.74,17.6096,-44.4808,-15.8724,175,75
2026-05-11 17:57:01.845,4,0.57,-0.55,1.51,1.0895999999999972,-100.0308,-42.8324,175,75
2026-05-11 17:57:01.863,4,0.49,-0.35,1.21,-17.5704,-52.8308,-43.3724,175,75
2026-05-11 17:57:01.873,4,0.46,-0.28,1.14,-24.8904,2.4692,-36.3624,175,75
2026-05-11 17:57:01.885,4,0.49,-0.3,1.14,-31.4704,76.6192,-26.0624,175,75
2026-05-11 17:57:01.885,4,0.6,-0.47,1.24,-35.6804,140.8892,-17.9524,175,75
2026-05-11 17:57:01.898,4,0.75,-0.66,1.29,-36.1104,165.45919999999998,-15.7524,175,75
2026-05-11 17:57:01.909,4,0.87,-0.97,1.28,-35.0704,174.7892,-20.142400000000002,175,75
2026-05-11 17:57:01.922,4,0.87,-1.29,1.23,-31.5304,185.0292,-22.462400000000002,175,75
2026-05-11 17:57:01.936,4,0.81,-1.5,1.3,-26.5304,215.20919999999998,-14.5324,175,75
2026-05-11 17:57:01.936,4,0.91,-1.55,1.48,-22.1404,228.6892,-7.1524,175,75
2026-05-11 17:57:01.956,4,1.14,-1.44,1.84,-17.3904,190.5792,-8.252400000000002,175,75
2026-05-11 17:57:01.979,4,1.19,-1.51,1.84,3.5895999999999972,-19.4808,-48.2524,175,75
2026-05-11 17:57:01.989,4,0.89,-1.61,1.63,3.6495999999999995,-58.2608,-51.302400000000006,175,75
2026-05-11 17:57:02.003,4,0.76,-1.61,1.54,-1.7204000000000015,-60.390800000000006,-40.2624,175,75
2026-05-11 17:57:02.014,4,0.7,-1.65,1.56,0.04959999999999809,-66.8608,-19.962400000000002,175,75
2026-05-11 17:57:02.026,4,0.77,-1.68,1.57,3.769599999999997,-101.9808,-0.7523999999999997,175,75
2026-05-11 17:57:02.048,4,0.82,-1.51,1.33,15.3596,-160.4008,19.6676,175,75
2026-05-11 17:57:02.057,4,0.77,-1.35,1.22,20.5396,-156.7408,18.937599999999996,175,75
2026-05-11 17:57:02.079,4,0.57,-1.03,1.27,26.3896,-95.0308,15.2176,175,75
2026-05-11 17:57:02.116,4,0.59,-0.27,1.65,20.049599999999998,-86.9208,0.8876000000000008,175,75
2026-05-11 17:57:02.123,4,0.61,-0.04,1.53,20.299599999999998,-119.6608,-8.0124,175,75
2026-05-11 17:57:02.140,4,0.47,0.11,1.34,21.3896,-129.6008,-15.4524,175,75
2026-05-11 17:57:02.150,4,0.16,0.2,1.2,18.949599999999997,-84.79079999999999,-17.462400000000002,175,75
2026-05-11 17:57:02.154,4,-0.05,0.21,1.1,21.3896,49.609199999999994,-4.292400000000001,175,75
2026-05-11 17:57:02.167,4,-0.15,0.07,1.19,16.3296,162.3492,5.467599999999999,175,75
2026-05-11 17:57:02.196,4,-0.1,-0.2,1.64,-6.0504,251.67919999999998,17.907599999999995,175,75
2026-05-11 17:57:02.196,4,0.1,-0.12,2.0,-21.4704,200.20919999999998,18.267599999999995,175,75
2026-05-11 17:57:02.207,4,0.3,-0.07,2.13,-26.5304,122.28920000000001,18.0276,175,75
2026-05-11 17:57:02.234,4,0.55,-0.26,2.09,-21.590400000000002,10.2092,18.147599999999997,175,75
2026-05-11 17:57:02.234,4,0.79,-0.66,1.8,-17.8104,-95.15079999999999,20.7076,175,75
2026-05-11 17:57:02.243,4,1.02,-1.07,1.44,-25.6204,-152.8308,7.777599999999998,175,75
2026-05-11 17:57:02.271,4,1.2,-1.37,1.05,-40.9204,-166.6808,-17.3424,175,75
2026-05-11 17:57:02.271,4,1.08,-1.43,0.82,-58.6104,-132.7708,-31.0624,175,75
2026-05-11 17:57:02.283,4,0.88,-1.43,0.68,-64.3404,-30.5208,-24.412399999999998,175,75
2026-05-11 17:57:02.296,4,0.94,-1.61,0.8,-56.1104,111.4992,3.387600000000001,175,75
2026-05-11 17:57:02.296,4,1.19,-1.83,1.05,-56.1104,154.5992,7.1076,175,75
2026-05-11 17:57:02.322,4,1.45,-1.99,1.31,-56.6604,133.6292,-11.182400000000001,175,75
2026-05-11 17:57:02.352,4,1.38,-2.21,1.49,-48.300399999999996,58.8692,-33.6224,175,75
2026-05-11 17:57:02.373,4,0.97,-2.5,1.56,-48.300399999999996,-75.0308,-31.9724,175,75
2026-05-11 17:57:02.373,4,0.92,-2.53,1.53,-49.4604,-117.7708,-26.0024,175,75
2026-05-11 17:57:02.388,4,0.88,-2.13,1.21,-39.0904,-202.8308,-4.172400000000001,175,75
2026-05-11 17:57:02.413,4,0.8,-1.59,0.98,-23.000400000000003,-103.9908,20.157599999999995,175,75
2026-05-11 17:57:02.413,4,0.58,-1.41,0.98,-8.550400000000002,-8.3808,36.017599999999995,175,75
2026-05-11 17:57:02.423,4,0.48,-1.17,1.08,8.279599999999999,75.7592,56.807599999999994,175,75
2026-05-11 17:57:02.459,4,0.49,-0.93,1.23,25.1096,138.6292,71.3776,175,75
2026-05-11 17:57:02.467,4,0.73,-0.53,1.6,49.4396,164.7892,55.217600000000004,175,75
2026-05-11 17:57:02.475,4,0.7,-0.32,1.66,55.9696,148.1992,43.8776,175,75
2026-05-11 17:57:02.511,4,0.4,-0.16,1.66,73.4696,133.5692,19.9176,175,75
2026-05-11 17:57:02.511,4,0.32,-0.18,1.73,78.4696,133.0792,18.327599999999997,175,75
2026-05-11 17:57:02.527,4,0.32,-0.21,1.84,86.5796,111.0092,13.457600000000001,175,75
2026-05-11 17:57:02.541,4,0.33,-0.25,1.91,90.7796,73.8692,4.797600000000001,175,75
2026-05-11 17:57:02.541,4,0.26,-0.27,1.99,90.7196,23.4492,-9.3524,175,75
2026-05-11 17:57:02.552,4,0.19,-0.26,2.03,86.2096,-28.2008,-22.642400000000002,175,75
2026-05-11 17:57:02.570,4,0.2,-0.23,2.01,77.2496,-85.0908,-33.4424,175,75
2026-05-11 17:57:02.580,4,0.22,-0.21,1.83,61.9996,-145.76080000000002,-44.0424,175,75
2026-05-11 17:57:02.591,4,0.22,-0.17,1.61,37.1896,-193.8708,-48.0124,175,75
2026-05-11 17:57:02.601,4,0.1,-0.08,1.37,6.1495999999999995,-206.8608,-45.5724,175,75
2026-05-11 17:57:02.613,4,0.09,0.06,1.1,-33.9104,-145.76080000000002,-25.8724,175,75
2026-05-11 17:57:02.617,4,0.17,0.07,0.93,-57.330400000000004,-48.2008,-3.3124000000000002,175,75
2026-05-11 17:57:02.627,4,0.37,-0.18,0.87,-59.7704,97.70920000000001,26.437599999999996,175,75
2026-05-11 17:57:02.646,4,0.76,-0.46,0.95,-59.7704,190.6992,36.8076,175,75
2026-05-11 17:57:02.646,4,0.92,-0.9,1.18,-65.68039999999999,239.7292,12.237599999999999,175,75
2026-05-11 17:57:02.662,4,1.01,-1.19,1.49,-64.5804,270.6392,-3.7424,175,75
2026-05-11 17:57:02.673,4,1.06,-1.39,1.91,-42.9404,254.4192,-15.3324,175,75
2026-05-11 17:57:02.684,4,1.24,-1.47,2.18,-22.6304,200.45919999999998,-19.9024,175,75
2026-05-11 17:57:02.712,4,1.35,-1.62,1.78,21.5096,-113.7508,-53.4324,175,75
2026-05-11 17:57:02.738,4,0.9,-1.75,1.1,22.979599999999998,-109.79079999999999,-39.5324,175,75
2026-05-11 17:57:02.800,4,0.82,-1.91,1.13,17.729599999999998,-56.860800000000005,-6.4824,175,75
2026-05-11 17:57:02.813,4,0.9,-2.07,1.36,12.919599999999996,-47.4108,13.027599999999998,175,75
2026-05-11 17:57:02.813,4,0.99,-2.24,1.62,3.5295999999999985,-103.93079999999999,22.047599999999996,175,75
2026-05-11 17:57:02.823,4,1.13,-2.21,1.68,-7.450400000000002,-183.8108,17.907599999999995,175,75
2026-05-11 17:57:02.824,4,1.35,-1.95,1.51,-13.610400000000002,-276.68080000000003,-2.0924000000000014,175,75
2026-05-11 17:57:02.839,4,1.26,-1.66,1.14,-6.900400000000001,-315.7608,-17.0324,175,75
2026-05-11 17:57:02.850,4,0.99,-1.45,0.76,12.489599999999996,-254.0508,-8.682400000000001,175,75
2026-05-11 17:57:02.855,4,0.68,-1.24,0.74,31.209600000000002,60.9492,41.867599999999996,175,75
2026-05-11 17:57:02.872,4,0.83,-1.01,1.39,17.3696,150.2792,51.6276,175,75
2026-05-11 17:57:02.882,4,0.89,-0.87,1.66,11.999600000000001,124.53920000000001,44.547599999999996,175,75
2026-05-11 17:57:02.906,4,0.75,-0.77,1.8,10.169599999999996,66.5592,32.5976,175,75
2026-05-11 17:57:02.906,4,0.53,-0.79,1.82,11.999600000000001,33.929199999999994,31.077599999999997,175,75
2026-05-11 17:57:02.918,4,0.3,-0.82,1.86,13.889600000000002,10.6992,33.697599999999994,175,75
2026-05-11 17:57:02.929,4,0.22,-0.78,2.06,12.189599999999999,-3.0208000000000004,36.5676,175,75
2026-05-11 17:57:02.973,4,0.34,-0.37,2.27,5.9696,-199.2408,4.4276,175,75
2026-05-11 17:57:03.015,4,0.37,-0.04,1.8,12.729599999999998,-320.5808,-31.7924,175,75
2026-05-11 17:57:03.015,4,0.28,0.06,1.59,15.299599999999998,-311.80080000000004,-33.7424,175,75
2026-05-11 17:57:03.015,4,0.22,0.05,1.32,34.989599999999996,-253.1408,-24.412399999999998,175,75
2026-05-11 17:57:03.027,4,0.29,-0.13,1.19,47.489599999999996,-183.0208,-12.0324,175,75
2026-05-11 17:57:03.038,4,0.43,-0.38,1.14,38.0396,-137.5908,-9.2924,175,75
2026-05-11 17:57:03.052,4,0.56,-0.59,1.05,6.209599999999998,-107.8308,-9.842400000000001,175,75
2026-05-11 17:57:03.052,4,0.67,-0.73,0.86,-19.8904,-77.5308,-8.252400000000002,175,75
2026-05-11 17:57:03.052,4,0.82,-0.83,0.66,-32.7504,-48.320800000000006,-7.5824,175,75
2026-05-11 17:57:03.116,4,0.92,-0.89,0.41,-48.790400000000005,-6.4308,-13.502400000000002,175,75
2026-05-11 17:57:03.141,4,0.58,-1.37,0.28,-86.1704,236.9792,-3.6824000000000012,175,75
2026-05-11 17:57:03.156,4,1.04,-1.37,1.56,-53.6104,126.6792,-36.3624,175,75
2026-05-11 17:57:03.162,4,0.69,-1.65,1.51,-42.4504,41.3092,-37.0324,175,75
2026-05-11 17:57:03.188,4,0.46,-1.71,1.52,-39.7704,-7.2208,-28.0124,175,75
2026-05-11 17:57:03.209,4,0.48,-1.45,1.68,-21.410400000000003,-164.1108,-3.442400000000001,175,75
2026-05-11 17:57:03.209,4,0.56,-1.33,1.66,-5.6204,-243.26080000000002,-6.122400000000001,175,75
2026-05-11 17:57:03.221,4,0.52,-1.26,1.56,11.509599999999999,-310.8208,-11.0624,175,75
2026-05-11 17:57:03.221,4,0.39,-1.2,1.42,24.559599999999996,-337.4708,-15.7524,175,75
2026-05-11 17:57:03.245,4,0.15,-0.7,1.1,49.5596,-261.49080000000004,-9.5324,175,75
2026-05-11 17:57:03.256,4,0.18,-0.33,1.0,51.209599999999995,-199.4208,-4.2324,175,75
2026-05-11 17:57:03.302,4,0.24,0.11,0.87,49.0796,-119.2408,-1.1224000000000007,175,75
2026-05-11 17:57:03.302,4,0.28,0.33,0.74,51.209599999999995,-37.7708,-3.2523999999999997,175,75
2026-05-11 17:57:03.323,4,0.15,0.15,0.58,55.1096,90.6992,1.3775999999999993,175,75
2026-05-11 17:57:03.325,4,-0.0,-0.29,0.57,52.7996,237.4092,19.977599999999995,175,75
2026-05-11 17:57:03.338,4,-0.01,-0.45,0.74,36.5096,369.7292,41.9276,175,75
2026-05-11 17:57:03.338,4,0.12,-0.34,0.98,14.139600000000002,442.7792,52.6576,175,75
2026-05-11 17:57:03.359,4,0.63,-0.42,1.51,-57.7504,402.4692,36.5676,175,75
2026-05-11 17:57:03.359,4,0.73,-0.63,1.62,-77.8104,351.3092,29.547599999999996,175,75
2026-05-11 17:57:03.369,4,0.87,-0.89,1.68,-92.4504,279.7292,17.2376,175,75
2026-05-11 17:57:03.375,4,0.99,-1.19,1.77,-110.5604,174.3592,-9.1724,175,75
2026-05-11 17:57:03.390,4,0.94,-1.47,1.83,-128.91039999999998,55.889199999999995,-43.1924,175,75
2026-05-11 17:57:03.425,4,0.82,-1.86,1.81,-146.66039999999998,-137.5308,-78.3124,175,75
2026-05-11 17:57:03.425,4,0.76,-2.04,1.74,-145.62040000000002,-241.4908,-96.4224,175,75
2026-05-11 17:57:03.437,4,0.67,-1.88,1.65,-141.72039999999998,-333.0808,-105.5124,175,75
2026-05-11 17:57:03.449,4,0.63,-1.48,1.41,-130.5004,-398.2608,-111.4824,175,75
2026-05-11 17:57:03.488,4,0.38,-1.8,0.7,-86.1104,-416.68080000000003,-82.0324,175,75
2026-05-11 17:57:03.532,4,0.27,-2.08,0.48,-73.0604,-345.5808,-48.2524,175,75
2026-05-11 17:57:03.532,4,0.26,-2.16,0.34,-62.330400000000004,-207.7108,-1.1224000000000007,175,75
2026-05-11 17:57:03.543,4,0.53,-1.43,0.4,-28.9704,49.179199999999994,73.2676,175,75
2026-05-11 17:57:03.554,4,0.78,-1.17,0.81,27.4296,239.9692,104.3676,175,75
2026-05-11 17:57:03.564,4,0.79,-1.14,1.39,39.1396,295.94919999999996,95.0976,175,75
2026-05-11 17:57:03.575,4,0.75,-1.04,1.66,45.6596,271.06919999999997,85.9576,175,75
2026-05-11 17:57:03.575,4,0.75,-0.85,1.86,55.4196,215.33919999999998,76.13759999999999,175,75
2026-05-11 17:57:03.635,4,0.73,-0.66,1.98,66.9396,143.6892,62.10759999999999,175,75
2026-05-11 17:57:03.635,4,0.68,-0.48,2.07,78.7096,83.6292,49.1276,175,75
2026-05-11 17:57:03.646,4,0.62,-0.32,2.13,89.3196,28.1992,35.5276,175,75
2026-05-11 17:57:03.658,4,0.55,-0.12,2.01,103.4096,-89.4208,2.9076000000000004,175,75
2026-05-11 17:57:03.687,4,0.07,0.02,1.05,56.819599999999994,-24.0508,-22.892400000000002,175,75
2026-05-11 17:57:03.707,4,0.0,0.08,1.04,18.949599999999997,144.7892,6.0176,175,75
2026-05-11 17:57:03.720,4,0.06,0.0,1.17,3.8295999999999992,209.05919999999998,18.937599999999996,175,75
2026-05-11 17:57:03.753,4,0.52,-0.39,1.62,-33.4204,193.1992,26.3176,175,75
2026-05-11 17:57:03.765,4,0.76,-0.68,1.65,-44.5804,121.2492,6.7476,175,75
2026-05-11 17:57:03.776,4,0.84,-0.95,1.54,-56.4104,56.499199999999995,-15.512400000000001,175,75
2026-05-11 17:57:03.786,4,0.86,-1.12,1.43,-63.1804,24.7892,-27.3424,175,75
2026-05-11 17:57:03.797,4,0.88,-1.29,1.35,-68.6104,16.3092,-29.2324,175,75
2026-05-11 17:57:03.820,4,1.08,-1.39,1.36,-65.68039999999999,-13.8108,-26.3024,175,75
2026-05-11 17:57:03.863,4,1.07,-1.56,0.97,-19.700400000000002,-54.360800000000005,-23.2524,175,75
2026-05-11 17:57:03.868,4,0.92,-1.79,0.8,-3.730400000000003,-29.1808,-14.352400000000001,175,75
2026-05-11 17:57:03.880,4,0.8,-1.97,0.72,11.269599999999997,20.1492,2.2375999999999987,175,75
2026-05-11 17:57:03.910,4,0.77,-2.18,0.81,33.0396,85.14920000000001,29.9176,175,75
2026-05-11 17:57:03.939,4,0.87,-2.19,1.06,51.9996,92.4692,49.24759999999999,175,75
2026-05-11 17:57:03.949,4,1.01,-1.95,1.23,59.6896,61.0092,53.8776,175,75
2026-05-11 17:57:03.961,4,1.16,-1.55,1.19,74.4396,-23.2608,40.157599999999995,175,75
2026-05-11 17:57:04.006,4,1.02,-1.51,1.06,74.8696,-16.7408,32.657599999999995,175,75
2026-05-11 17:57:04.019,4,0.9,-1.41,1.05,61.699600000000004,5.9492,27.967599999999997,175,75
2026-05-11 17:57:04.030,4,0.82,-1.18,1.2,41.8196,26.6792,25.217599999999997,175,75
2026-05-11 17:57:04.041,4,0.81,-0.66,1.56,19.379599999999996,-17.3508,17.7776,175,75
2026-05-11 17:57:04.053,4,0.82,-0.49,1.62,14.749600000000001,-47.8308,15.097599999999998,175,75
2026-05-11 17:57:04.070,4,0.75,-0.32,1.41,9.989599999999996,-89.54079999999999,-8.7424,175,75
2026-05-11 17:57:04.091,4,0.36,-0.53,1.25,8.339599999999997,16.9192,-7.342400000000001,175,75
2026-05-11 17:57:04.104,4,0.32,-0.58,1.36,8.589599999999997,63.62919999999999,-1.1824000000000012,175,75
2026-05-11 17:57:04.119,4,0.33,-0.63,1.78,17.979599999999998,91.5592,8.2676,175,75
2026-05-11 17:57:04.139,4,0.38,-0.67,1.87,27.059599999999996,58.749199999999995,3.7575999999999983,175,75
2026-05-11 17:57:04.150,4,0.38,-0.71,1.83,31.3296,23.8692,-5.5724,175,75
2026-05-11 17:57:04.150,4,0.34,-0.75,1.73,30.169599999999996,6.2492,-14.1724,175,75
2026-05-11 17:57:04.159,4,0.3,-0.74,1.56,25.1096,13.3192,-21.2424,175,75
2026-05-11 17:57:04.172,4,0.22,-0.73,1.39,16.3896,38.5092,-22.8324,175,75
2026-05-11 17:57:04.195,4,0.22,-0.62,1.14,-3.730400000000003,239.23919999999998,3.9976000000000003,175,75
2026-05-11 17:57:04.206,4,0.16,-0.61,1.33,-7.330400000000001,444.7892,26.5676,175,75
2026-05-11 17:57:04.213,4,0.26,-0.76,2.09,8.529599999999999,516.6792,52.9076,175,75
2026-05-11 17:57:04.226,4,0.88,-1.12,2.83,12.309599999999996,310.2792,43.8176,175,75
2026-05-11 17:57:04.248,4,1.29,-1.48,2.6,3.889599999999998,-6.3108,6.627599999999999,175,75
2026-05-11 17:57:04.248,4,1.23,-1.44,2.2,-9.280400000000002,-70.3308,-7.8324,175,75
2026-05-11 17:57:04.259,4,1.27,-1.27,1.76,-10.620400000000002,-81.3708,-12.092400000000001,175,75
2026-05-11 17:57:04.269,4,1.2,-1.27,1.55,-6.290400000000002,-50.0908,-8.072400000000002,175,75
2026-05-11 17:57:04.282,4,1.04,-1.4,1.47,0.5396000000000001,8.8692,8.937599999999998,175,75
2026-05-11 17:57:04.300,4,0.97,-1.56,1.59,5.9095999999999975,54.2992,32.657599999999995,175,75
2026-05-11 17:57:04.314,4,0.95,-1.69,1.82,4.989599999999999,71.7992,55.7676,175,75
2026-05-11 17:57:04.337,4,1.34,-1.52,1.99,16.879599999999996,-97.29079999999999,78.38759999999999,175,75
2026-05-11 17:57:04.350,4,1.29,-1.51,1.62,21.269599999999997,-120.6408,66.1976,175,75
2026-05-11 17:57:04.373,4,1.45,-1.26,1.62,14.319600000000001,-97.71079999999999,51.3776,175,75
2026-05-11 17:57:04.412,4,2.13,-0.52,1.66,-10.9204,-171.4908,-42.4624,175,75
2026-05-11 17:57:04.423,4,1.51,-0.21,1.06,-53.4904,-152.4708,-70.08239999999999,175,75
2026-05-11 17:57:04.438,4,0.78,-0.29,0.72,-77.7504,24.6692,-59.2924,175,75
2026-05-11 17:57:04.448,4,1.08,-0.67,0.93,-59.8904,136.9192,-57.6424,175,75
2026-05-11 17:57:04.460,4,1.63,-1.04,1.62,-49.5204,98.4492,-110.5724,175,75
2026-05-11 17:57:04.471,4,2.13,-0.93,1.86,-79.5204,-33.2008,-174.9024,175,75
2026-05-11 17:57:04.483,4,2.09,-0.72,1.61,-102.9404,-152.10080000000002,-216.3024,175,75
2026-05-11 17:57:04.520,4,1.43,-1.22,0.56,-163.91039999999998,-129.1108,-222.2224,175,75
2026-05-11 17:57:04.564,4,1.42,-1.8,0.66,-197.9404,15.639199999999999,-215.1424,175,75
2026-05-11 17:57:04.608,4,1.39,-2.06,0.78,-107.4504,86.6192,-205.5124,175,75
2026-05-11 17:57:04.640,4,1.06,-2.3,0.69,-93.6704,89.7292,-208.4424,175,75
2026-05-11 17:57:04.640,4,0.67,-2.15,0.88,-96.7204,127.2292,-185.6324,175,75
2026-05-11 17:57:04.667,4,0.67,-0.51,2.2,-110.6204,10.7592,-114.0424,175,75
2026-05-11 17:57:04.678,4,0.65,-0.36,2.15,-114.8304,-97.65079999999999,-105.3324,175,75
2026-05-11 17:57:04.678,4,0.61,-0.35,1.96,-115.74040000000001,-146.4308,-101.4224,175,75
2026-05-11 17:57:04.735,4,0.54,-0.28,1.69,-114.2804,-171.3108,-92.9524,175,75
2026-05-11 17:57:04.745,4,0.39,-0.19,1.43,-106.5304,-158.63080000000002,-77.4024,175,75
2026-05-11 17:57:04.750,4,0.28,-0.11,1.3,-95.8004,-105.8808,-59.592400000000005,175,75
2026-05-11 17:57:04.762,4,0.15,-0.02,1.28,-81.5304,-14.9708,-37.8324,175,75
2026-05-11 17:57:04.762,4,0.12,-0.01,1.39,-68.0004,54.7292,-22.642400000000002,175,75
2026-05-11 17:57:04.778,4,0.11,-0.09,1.54,-52.1404,111.3092,-9.412400000000002,175,75
2026-05-11 17:57:04.788,4,0.16,-0.14,1.79,-34.5804,139.29919999999998,-2.4624000000000006,175,75
2026-05-11 17:57:04.819,4,0.35,-0.26,1.81,-37.6304,-51.8008,-30.392400000000002,175,75
2026-05-11 17:57:04.832,4,0.3,-0.26,1.64,-52.8104,-104.7208,-41.7324,175,75
2026-05-11 17:57:04.843,4,0.11,-0.22,1.41,-78.0004,-127.4108,-47.8924,175,75
2026-05-11 17:57:04.853,4,-0.02,-0.23,1.25,-99.5804,-117.7708,-45.1424,175,75
2026-05-11 17:57:04.864,4,-0.08,-0.28,1.1,-127.3304,-71.4908,-34.4724,175,75
2026-05-11 17:57:04.878,4,0.03,-0.33,1.09,-138.97039999999998,-28.5008,-23.1924,175,75
2026-05-11 17:57:04.892,4,0.23,-0.51,1.23,-149.2804,24.1792,-13.502400000000002,175,75
2026-05-11 17:57:04.895,4,0.29,-0.64,1.36,-155.56040000000002,27.3492,-17.892400000000002,175,75
2026-05-11 17:57:04.908,4,0.37,-0.71,1.47,-163.0004,5.1492,-28.2524,175,75
2026-05-11 17:57:04.920,4,0.45,-0.8,1.47,-175.1904,-49.180800000000005,-48.6224,175,75
2026-05-11 17:57:04.937,4,0.47,-0.87,1.31,-180.0704,-82.65079999999999,-63.7424,175,75
2026-05-11 17:57:04.953,4,0.47,-0.98,1.12,-177.81040000000002,-89.7208,-71.9724,175,75
2026-05-11 17:57:04.961,4,0.45,-1.16,1.02,-174.0304,-86.1308,-79.7224,175,75
2026-05-11 17:57:04.976,4,0.5,-1.23,1.07,-179.4004,-98.0208,-91.1824,175,75
2026-05-11 17:57:04.976,4,0.54,-0.85,1.23,-199.6404,-152.04080000000002,-105.6324,175,75
2026-05-11 17:57:04.999,4,0.65,1.05,1.13,-253.73039999999997,-302.7708,-53.6824,175,75
2026-05-11 17:57:05.009,4,0.71,0.72,0.83,-244.4004,-365.4008,-25.6324,175,75
2026-05-11 17:57:05.020,4,0.61,0.43,0.62,-257.1404,-372.7708,-7.4024,175,75
2026-05-11 17:57:05.020,4,0.4,0.72,0.45,-292.7504,-279.7908,13.2676,175,75
2026-05-11 17:57:05.031,4,0.36,1.53,0.52,-297.0804,-158.7508,42.1676,175,75
2026-05-11 17:57:05.045,4,0.65,2.47,0.85,-247.5704,-24.9108,93.38759999999999,175,75
2026-05-11 17:57:05.056,4,1.03,2.26,1.13,-187.1404,1.3092,119.54759999999999,175,75
2026-05-11 17:57:05.068,4,1.25,1.57,1.37,-145.62040000000002,-19.9108,125.5276,175,75
2026-05-11 17:57:05.081,4,1.32,1.16,1.52,-135.8004,-60.0908,120.0976,175,75
2026-05-11 17:57:05.091,4,1.31,1.04,1.49,-130.0104,-89.3608,118.14760000000001,175,75
2026-05-11 17:57:05.099,4,1.24,0.79,1.33,-103.6104,-103.2008,121.86760000000001,175,75
2026-05-11 17:57:05.114,4,1.41,0.09,1.04,-63.9704,-68.93079999999999,118.26759999999999,175,75
2026-05-11 17:57:05.152,4,1.47,-0.07,1.02,-47.8104,-15.0308,95.0976,175,75
2026-05-11 17:57:05.152,4,1.42,0.04,1.12,-49.1604,13.0192,83.7576,175,75
2026-05-11 17:57:05.169,4,1.27,-0.05,1.22,-47.0204,44.179199999999994,70.5876,175,75
2026-05-11 17:57:05.207,4,0.96,-0.5,1.4,-40.620400000000004,72.95920000000001,51.807599999999994,175,75
2026-05-11 17:57:05.217,4,0.73,-0.68,1.49,-46.5304,79.1192,42.2376,175,75
2026-05-11 17:57:05.217,4,0.44,-0.76,1.62,-55.7404,88.7492,41.2576,175,75
2026-05-11 17:57:05.228,4,0.28,-0.63,1.9,-70.0104,83.0192,51.077600000000004,175,75
2026-05-11 17:57:05.240,4,0.35,-0.47,2.12,-82.63040000000001,22.0392,55.4076,175,75
2026-05-11 17:57:05.250,4,0.47,-0.42,2.18,-84.8904,-44.6608,56.2576,175,75
2026-05-11 17:57:05.250,4,0.58,-0.43,2.11,-83.3604,-119.79079999999999,52.477599999999995,175,75
2026-05-11 17:57:05.261,4,0.59,-0.49,1.91,-84.5804,-169.1808,45.407599999999995,175,75
2026-05-11 17:57:05.272,4,0.55,-0.56,1.67,-85.19040000000001,-180.82080000000002,39.9176,175,75
2026-05-11 17:57:05.284,4,0.53,-0.56,1.41,-82.3304,-148.0808,37.2376,175,75
2026-05-11 17:57:05.284,4,0.53,-0.52,1.32,-77.69040000000001,-93.1408,36.9276,175,75
2026-05-11 17:57:05.304,4,0.56,-0.51,1.34,-76.41040000000001,-59.9108,35.587599999999995,175,75
2026-05-11 17:57:05.328,4,0.7,-0.42,1.45,-81.1104,-65.7008,23.087599999999995,175,75
2026-05-11 17:57:05.328,4,0.75,-0.34,1.37,-87.9404,-97.1608,16.5676,175,75
2026-05-11 17:57:05.363,4,0.78,-0.2,1.09,-105.4404,-106.07079999999999,3.387600000000001,175,75
2026-05-11 17:57:05.377,4,0.65,-0.14,0.99,-113.24040000000001,-72.04079999999999,-1.0624000000000002,175,75
2026-05-11 17:57:05.377,4,0.46,0.23,1.09,-119.4604,-15.9408,4.057599999999999,175,75
2026-05-11 17:57:05.388,4,0.53,0.68,1.28,-122.8104,-0.8208000000000002,11.3776,175,75
2026-05-11 17:57:05.400,4,0.67,0.94,1.42,-115.1904,-23.2608,17.537599999999998,175,75
2026-05-11 17:57:05.404,4,0.82,0.88,1.39,-91.7204,-81.8608,24.977599999999995,175,75
2026-05-11 17:57:05.417,4,0.76,0.86,1.21,-77.69040000000001,-137.41080000000002,30.8876,175,75
2026-05-11 17:57:05.439,4,0.48,1.81,0.85,-86.5904,-66.0008,64.1876,175,75
2026-05-11 17:57:05.466,4,0.63,0.93,0.96,-60.8604,26.8592,102.9676,175,75
2026-05-11 17:57:05.482,4,0.79,0.56,1.18,-84.4004,8.6292,89.1876,175,75
2026-05-11 17:57:05.488,4,0.81,0.26,1.23,-96.7804,-41.8008,72.5376,175,75
2026-05-11 17:57:05.495,4,0.78,-0.17,1.15,-107.2004,-109.6608,53.38759999999999,175,75
2026-05-11 17:57:05.517,4,0.67,-0.58,0.98,-121.4704,-149.4208,39.547599999999996,175,75
2026-05-11 17:57:05.529,4,0.48,-0.83,0.84,-144.7004,-149.48080000000002,32.1676,175,75
2026-05-11 17:57:05.530,4,0.37,-0.85,0.81,-165.5004,-126.43079999999999,34.367599999999996,175,75
2026-05-11 17:57:05.551,4,0.37,-0.76,0.82,-185.1304,-95.46079999999999,41.9876,175,75
2026-05-11 17:57:05.573,4,0.4,-0.93,0.77,-189.6404,-88.0208,56.197599999999994,175,75
2026-05-11 17:57:05.599,4,0.6,-0.56,0.81,-220.0104,-112.96079999999999,59.1876,175,75
2026-05-11 17:57:05.631,4,0.72,-0.14,0.8,-226.8404,-153.0808,55.587599999999995,175,75
2026-05-11 17:57:05.688,4,1.09,0.67,0.04,-193.0004,-164.54080000000002,67.5976,175,75
2026-05-11 17:57:05.718,4,1.35,0.4,0.81,-130.0704,63.139199999999995,91.9276,175,75
2026-05-11 17:57:05.718,4,1.4,0.23,1.13,-114.6404,35.459199999999996,73.5776,175,75
2026-05-11 17:57:05.748,4,1.35,0.65,1.5,-108.3004,-6.1308,58.327600000000004,175,75
2026-05-11 17:57:05.771,4,1.51,0.11,1.81,-51.4704,-295.7608,19.4876,175,75
2026-05-11 17:57:05.782,4,1.06,0.14,1.13,-39.7704,-328.7508,4.737599999999999,175,75
2026-05-11 17:57:05.800,4,0.78,0.24,0.9,-33.4904,-246.6108,19.9176,175,75
2026-05-11 17:57:05.823,4,0.45,0.13,1.09,-17.1404,112.64920000000001,89.9176,175,75
2026-05-11 17:57:05.829,4,0.39,-0.02,1.45,-18.730400000000003,198.1992,104.1876,175,75
2026-05-11 17:57:05.852,4,0.34,-0.25,2.1,-40.2504,187.4092,93.4576,175,75
2026-05-11 17:57:05.889,4,0.09,-0.57,2.17,-55.3104,-106.2508,19.427599999999998,175,75
2026-05-11 17:57:05.902,4,-0.03,-0.26,1.92,-78.1204,-216.19080000000002,-3.6224000000000007,175,75
2026-05-11 17:57:05.932,4,-0.29,-0.39,1.45,-86.8404,-179.48080000000002,20.587599999999995,175,75
2026-05-11 17:57:05.947,4,-0.1,-0.45,1.43,-96.7804,-166.6808,24.1276,175,75
2026-05-11 17:57:05.952,4,0.01,-0.42,1.37,-107.9404,-173.26080000000002,21.8076,175,75
2026-05-11 17:57:05.974,4,0.08,-0.36,1.25,-112.6304,-172.10080000000002,22.297599999999996,175,75
2026-05-11 17:57:05.984,4,0.16,-0.3,1.11,-110.8604,-157.2208,28.517599999999995,175,75
2026-05-11 17:57:06.007,4,0.43,-0.12,0.69,-114.5804,-141.5508,28.9976,175,75
2026-05-11 17:57:06.021,4,0.58,0.41,0.69,-134.0304,-130.88080000000002,26.867599999999996,175,75
2026-05-11 17:57:06.032,4,0.67,0.97,0.69,-145.99040000000002,-132.35080000000002,31.3776,175,75
2026-05-11 17:57:06.054,4,0.67,1.59,0.57,-144.2804,-113.1408,53.02759999999999,175,75
2026-05-11 17:57:06.077,4,0.76,1.8,0.74,-128.5504,-4.2408,89.6676,175,75
2026-05-11 17:57:06.100,4,0.96,1.97,1.1,-95.6204,-29.5408,108.6976,175,75
2026-05-11 17:57:06.111,4,1.05,1.79,1.03,-79.2204,-69.4808,112.23759999999999,175,75
2026-05-11 17:57:06.201,4,1.26,1.31,0.72,-60.5604,-111.0008,129.4876,175,75
2026-05-11 17:57:06.212,4,1.38,1.08,0.62,-58.6104,-93.6308,130.5876,175,75
2026-05-11 17:57:06.212,4,1.42,0.92,0.59,-60.7404,-68.6908,126.4976,175,75
2026-05-11 17:57:06.212,4,1.39,0.67,0.65,-61.5304,-29.9108,117.23759999999999,175,75
2026-05-11 17:57:06.235,4,1.37,0.37,0.71,-59.580400000000004,-9.7908,106.49759999999999,175,75
2026-05-11 17:57:06.247,4,1.35,0.02,0.77,-60.0704,2.8992000000000004,86.3776,175,75
2026-05-11 17:57:06.247,4,1.21,-0.04,0.85,-64.5804,15.819199999999999,74.1876,175,75
2026-05-11 17:57:06.261,4,1.19,-0.06,0.98,-70.3104,29.3592,68.5776,175,75
2026-05-11 17:57:06.296,4,1.34,-0.21,1.04,-74.6404,2.2291999999999996,60.52759999999999,175,75
2026-05-11 17:57:06.307,4,1.19,-0.24,0.98,-82.2004,-30.8808,41.9276,175,75
2026-05-11 17:57:06.317,4,0.98,-0.12,0.94,-88.49040000000001,-14.7208,34.4876,175,75
2026-05-11 17:57:06.330,4,0.59,-0.12,1.22,-96.0504,57.779199999999996,38.7576,175,75
2026-05-11 17:57:06.341,4,0.49,-0.25,1.41,-99.7004,63.01919999999999,40.8876,175,75
2026-05-11 17:57:06.351,4,0.45,-0.37,1.67,-116.8404,-81.0008,45.8876,175,75
2026-05-11 17:57:06.366,4,0.47,-0.31,1.53,-117.1404,-134.1108,46.0776,175,75
2026-05-11 17:57:06.379,4,0.39,-0.34,1.32,-108.4204,-144.0508,44.8576,175,75
2026-05-11 17:57:06.390,4,0.35,-0.41,1.31,-103.7904,-128.3808,44.7376,175,75
2026-05-11 17:57:06.390,4,0.34,-0.47,1.39,-98.85040000000001,-114.3608,44.4276,175,75
2026-05-11 17:57:06.407,4,0.32,-0.49,1.45,-95.74040000000001,-114.79079999999999,45.4676,175,75
2026-05-11 17:57:06.407,4,0.31,-0.48,1.49,-94.7704,-122.4108,46.5676,175,75
2026-05-11 17:57:06.419,4,0.33,-0.47,1.49,-97.0804,-134.79080000000002,46.437599999999996,175,75
2026-05-11 17:57:06.431,4,0.35,-0.46,1.42,-104.1604,-156.8608,43.267599999999995,175,75
2026-05-11 17:57:06.442,4,0.29,-0.53,1.28,-117.0204,-171.7408,42.1076,175,75
2026-05-11 17:57:06.453,4,0.39,-0.66,1.3,-123.49040000000001,-183.0208,40.407599999999995,175,75
2026-05-11 17:57:06.453,4,0.47,-0.69,1.35,-130.99040000000002,-207.9008,35.7076,175,75
2026-05-11 17:57:06.463,4,0.65,-0.55,1.32,-139.4004,-256.6808,29.9176,175,75
2026-05-11 17:57:06.475,4,0.75,-0.33,1.17,-146.41039999999998,-309.5408,19.4876,175,75
2026-05-11 17:57:06.488,4,0.69,0.05,0.78,-147.0804,-337.4108,13.5176,175,75
2026-05-11 17:57:06.500,4,0.59,0.69,0.51,-148.6104,-277.2908,24.9176,175,75
2026-05-11 17:57:06.511,4,0.4,1.56,0.42,-157.2004,-166.4308,44.7376,175,75
2026-05-11 17:57:06.524,4,0.45,1.34,0.37,-125.6204,-23.5008,80.88759999999999,175,75
2026-05-11 17:57:06.534,4,0.4,0.96,0.71,-123.0004,76.3092,100.9576,175,75
2026-05-11 17:57:06.546,4,0.35,1.48,1.35,-143.6104,144.7892,114.60759999999999,175,75
2026-05-11 17:57:06.546,4,0.68,1.59,1.81,-145.8604,60.39919999999999,102.77759999999999,175,75
2026-05-11 17:57:06.557,4,0.39,1.49,1.92,-123.0604,-31.5508,104.0676,175,75
2026-05-11 17:57:06.570,4,0.44,1.48,1.88,-113.1804,-97.29079999999999,106.6876,175,75
2026-05-11 17:57:06.581,4,0.57,1.34,1.65,-107.0204,-166.4908,108.8176,175,75
2026-05-11 17:57:06.611,4,0.72,1.09,1.22,-90.5004,-195.3308,114.9776,175,75
2026-05-11 17:57:06.635,4,0.93,0.51,0.9,-68.5504,-161.3108,111.8676,175,75
2026-05-11 17:57:06.646,4,0.71,-0.56,0.88,-61.1704,-173.63080000000002,59.1276,175,75
2026-05-11 17:57:06.665,4,0.4,-1.18,0.51,-88.85040000000001,-162.7108,36.9876,175,75
2026-05-11 17:57:06.682,4,0.31,-0.93,0.41,-150.2504,-62.710800000000006,57.41759999999999,175,75
2026-05-11 17:57:06.692,4,0.23,-0.66,0.51,-171.23039999999997,-13.0208,68.99759999999999,175,75
2026-05-11 17:57:06.704,4,0.21,-0.58,0.82,-178.61040000000003,44.969199999999994,91.6276,175,75
2026-05-11 17:57:06.720,4,0.32,-0.66,1.09,-183.30040000000002,37.709199999999996,96.9276,175,75
2026-05-11 17:57:06.732,4,0.39,-0.27,1.47,-218.61040000000003,-133.38080000000002,70.88759999999999,175,75
2026-05-11 17:57:06.793,4,0.41,0.44,1.18,-210.0104,-272.7708,76.0776,175,75
2026-05-11 17:57:06.793,4,0.68,0.81,0.58,-169.0304,-319.8508,108.4576,175,75
2026-05-11 17:57:06.793,4,0.73,0.78,0.36,-157.9404,-335.9408,108.63759999999999,175,75
2026-05-11 17:57:06.809,4,0.57,0.82,0.2,-149.7704,-295.2108,123.08760000000001,175,75
2026-05-11 17:57:06.809,4,0.66,0.84,0.08,-132.5104,-222.16080000000002,145.2776,175,75
2026-05-11 17:57:06.820,4,1.02,0.69,0.04,-105.74040000000001,-133.38080000000002,159.7376,175,75
2026-05-11 17:57:06.854,4,1.71,0.87,0.39,-57.4504,-3.1408000000000005,130.8276,175,75
2026-05-11 17:57:06.877,4,1.92,0.66,0.81,-28.7904,-25.5808,82.1676,175,75
2026-05-11 17:57:06.887,4,1.9,0.61,0.98,-20.6204,-55.640800000000006,60.7676,175,75
2026-05-11 17:57:06.898,4,1.79,0.54,1.1,-10.860400000000002,-73.2008,42.657599999999995,175,75
2026-05-11 17:57:06.925,4,1.26,0.1,1.19,25.3596,-63.0808,14.667599999999998,175,75
2026-05-11 17:57:06.936,4,0.98,-0.18,1.26,46.0296,-18.0808,23.9976,175,75
2026-05-11 17:57:06.948,4,0.78,-0.32,1.32,45.53959999999999,14.6692,37.5976,175,75
2026-05-11 17:57:06.985,4,0.38,-0.01,1.61,-22.5104,141.79919999999998,65.7076,175,75
2026-05-11 17:57:06.998,4,0.27,-0.21,1.73,-35.7404,190.08919999999998,75.27759999999999,175,75
2026-05-11 17:57:07.010,4,0.2,-0.46,1.94,-55.5604,215.9492,77.77759999999999,175,75
2026-05-11 17:57:07.030,4,0.27,-0.73,2.39,-88.9104,131.1292,53.4576,175,75
2026-05-11 17:57:07.037,4,0.33,-0.68,2.55,-101.2304,24.2392,30.467599999999997,175,75
2026-05-11 17:57:07.063,4,0.32,-0.44,2.31,-110.5604,-160.0908,-6.362400000000001,175,75
2026-05-11 17:57:07.076,4,0.21,-0.3,2.02,-108.0004,-174.54080000000002,-11.9724,175,75
2026-05-11 17:57:07.084,4,0.08,-0.19,1.83,-102.8104,-151.98080000000002,-3.0724,175,75
2026-05-11 17:57:07.096,4,0.09,-0.21,1.71,-107.9404,-139.54080000000002,-3.192400000000001,175,75
2026-05-11 17:57:07.109,4,0.17,-0.21,1.62,-107.1404,-110.8808,0.27759999999999785,175,75
2026-05-11 17:57:07.131,4,-0.15,-0.28,1.91,-84.2804,-24.9708,24.187599999999996,175,75
2026-05-11 17:57:07.142,4,0.14,-0.3,2.04,-87.9404,-70.9408,7.3576,175,75
2026-05-11 17:57:07.152,4,0.24,-0.25,1.88,-80.19040000000001,-175.82080000000002,-15.2024,175,75
2026-05-11 17:57:07.163,4,0.13,-0.18,1.65,-74.7704,-234.2408,-25.2624,175,75
2026-05-11 17:57:07.177,4,0.07,-0.07,1.31,-81.96039999999999,-250.6408,-28.3724,175,75
2026-05-11 17:57:07.177,4,0.11,0.07,0.97,-93.3004,-238.20080000000002,-26.7924,175,75
2026-05-11 17:57:07.190,4,-0.01,0.25,0.78,-94.7704,-181.4908,-13.9824,175,75
2026-05-11 17:57:07.203,4,0.02,0.69,0.98,-94.4004,-85.3308,11.3176,175,75
2026-05-11 17:57:07.215,4,0.21,1.19,1.32,-105.0104,-80.21079999999999,19.427599999999998,175,75
2026-05-11 17:57:07.236,4,0.43,1.91,1.44,-111.2304,-217.35080000000002,14.367599999999998,175,75
2026-05-11 17:57:07.246,4,0.32,1.8,0.99,-106.5904,-279.30080000000004,18.577599999999997,175,75
2026-05-11 17:57:07.257,4,0.13,1.87,0.58,-108.3004,-227.29080000000002,36.5676,175,75
2026-05-11 17:57:07.269,4,0.17,1.96,0.52,-93.6104,-140.3308,65.4676,175,75
2026-05-11 17:57:07.281,4,0.23,1.98,0.74,-77.4504,-100.82079999999999,91.3776,175,75
2026-05-11 17:57:07.291,4,0.48,1.66,0.9,-66.5304,-131.9208,113.9376,175,75
2026-05-11 17:57:07.332,4,1.09,0.72,-0.2,-32.940400000000004,-95.7008,143.3876,175,75
2026-05-11 17:57:07.345,4,1.21,0.44,-0.04,-23.0604,-1.8008000000000002,144.8576,175,75
2026-05-11 17:57:07.359,4,1.44,0.12,0.33,-17.8104,31.679199999999998,132.4776,175,75
2026-05-11 17:57:07.367,4,1.49,-0.0,0.49,-28.6704,-1.4308,112.6576,175,75
2026-05-11 17:57:07.390,4,1.33,-0.22,0.48,-49.0904,-30.4608,92.1676,175,75
2026-05-11 17:57:07.405,4,1.17,-0.26,0.48,-64.16040000000001,2.0392,85.52759999999999,175,75
2026-05-11 17:57:07.429,4,1.04,0.21,0.91,-85.2504,83.7492,74.1276,175,75
2026-05-11 17:57:07.441,4,0.95,0.11,1.21,-83.9704,88.4492,66.9276,175,75
2026-05-11 17:57:07.461,4,0.68,-0.15,1.63,-90.8604,14.4192,46.017599999999995,175,75
2026-05-11 17:57:07.476,4,0.54,-0.35,1.62,-83.5504,-39.110800000000005,42.477599999999995,175,75
2026-05-11 17:57:07.497,4,0.38,-0.32,1.59,-78.0604,-62.960800000000006,47.7776,175,75
2026-05-11 17:57:07.497,4,0.34,-0.2,1.6,-74.8304,-66.0008,52.41759999999999,175,75
2026-05-11 17:57:07.518,4,0.26,-0.16,1.63,-62.0204,-80.7008,60.0976,175,75
2026-05-11 17:57:07.530,4,0.25,-0.33,1.62,-59.3404,-103.93079999999999,60.52759999999999,175,75
2026-05-11 17:57:07.535,4,0.2,-0.46,1.57,-63.0004,-116.2508,59.24759999999999,175,75
2026-05-11 17:57:07.544,4,0.15,-0.54,1.51,-70.0104,-122.5908,57.717600000000004,175,75
2026-05-11 17:57:07.556,4,0.12,-0.6,1.48,-81.8404,-122.1608,58.63759999999999,175,75
2026-05-11 17:57:07.570,4,0.11,-0.58,1.5,-90.99040000000001,-118.2608,60.3476,175,75
2026-05-11 17:57:07.587,4,0.13,-0.5,1.58,-98.5504,-123.1408,60.4076,175,75
2026-05-11 17:57:07.587,4,0.21,-0.36,1.66,-106.6604,-152.16080000000002,59.5476,175,75
2026-05-11 17:57:07.600,4,0.29,-0.32,1.72,-111.9604,-221.4908,53.9376,175,75
2026-05-11 17:57:07.614,4,0.35,-0.37,1.71,-118.1204,-307.8308,45.8876,175,75
2026-05-11 17:57:07.625,4,0.25,-0.37,1.61,-125.1304,-381.31080000000003,41.0776,175,75
2026-05-11 17:57:07.636,4,0.11,-0.19,1.22,-129.3404,-441.74080000000004,43.0276,175,75
2026-05-11 17:57:07.636,4,0.08,0.05,0.85,-127.3904,-452.4108,47.477599999999995,175,75
2026-05-11 17:57:07.679,4,-0.01,0.96,0.1,-98.1804,-161.19080000000002,101.5676,175,75
2026-05-11 17:57:07.691,4,0.13,1.34,0.37,-87.6304,13.5092,131.5576,175,75
2026-05-11 17:57:07.701,4,0.17,1.75,0.72,-91.7204,88.1392,141.2576,175,75
2026-05-11 17:57:07.724,4,0.44,1.2,1.29,-79.4004,51.6192,152.9676,175,75
2026-05-11 17:57:07.734,4,0.5,0.81,1.33,-63.7904,-27.1008,150.1576,175,75
2026-05-11 17:57:07.761,4,0.65,0.19,0.91,-44.4604,-199.91080000000002,126.01759999999999,175,75
2026-05-11 17:57:07.771,4,0.49,0.13,0.69,-50.9904,-206.7408,117.29759999999999,175,75
2026-05-11 17:57:07.783,4,0.45,-0.02,0.6,-53.2404,-180.5808,116.4376,175,75
2026-05-11 17:57:07.795,4,0.45,-0.21,0.59,-57.330400000000004,-143.8108,117.9076,175,75
2026-05-11 17:57:07.795,4,0.5,-0.42,0.62,-60.620400000000004,-110.7008,120.64760000000001,175,75
2026-05-11 17:57:07.806,4,0.52,-0.61,0.66,-72.94040000000001,-100.5208,120.1576,175,75
2026-05-11 17:57:07.831,4,0.36,-0.87,0.65,-103.4204,-85.3308,117.4776,175,75
2026-05-11 17:57:07.852,4,0.32,-0.93,0.74,-123.85040000000001,-36.1908,126.3776,175,75
2026-05-11 17:57:07.868,4,0.35,-0.9,0.82,-122.7504,-27.3508,127.23759999999999,175,75
2026-05-11 17:57:07.868,4,0.4,-0.86,0.86,-120.5004,-32.7708,125.2776,175,75
2026-05-11 17:57:07.878,4,0.45,-0.53,0.89,-127.6904,-51.3108,120.76759999999999,175,75
2026-05-11 17:57:07.890,4,0.53,0.0,0.95,-143.6704,-51.3708,125.4676,175,75
2026-05-11 17:57:07.916,4,0.67,0.77,1.08,-140.8604,-64.4208,130.3476,175,75
2026-05-11 17:57:07.937,4,0.74,0.53,1.1,-107.2704,-64.7908,133.0276,175,75
2026-05-11 17:57:07.945,4,0.85,0.49,1.19,-83.2404,-60.030800000000006,133.0876,175,75
2026-05-11 17:57:07.955,4,1.3,0.84,1.32,-62.0204,-59.360800000000005,134.0576,175,75
2026-05-11 17:57:07.967,4,1.58,0.99,1.31,-32.8104,-96.07079999999999,117.35759999999999,175,75
2026-05-11 17:57:07.980,4,1.2,1.1,0.76,20.659599999999998,-64.7208,78.99759999999999,175,75
2026-05-11 17:57:07.990,4,1.1,1.12,0.68,62.119600000000005,60.209199999999996,91.5676,175,75
2026-05-11 17:57:08.001,4,1.4,0.76,1.0,111.0896,162.0392,109.7976,175,75
2026-05-11 17:57:08.017,4,1.8,0.24,1.26,120.04960000000001,111.1892,89.1876,175,75
2026-05-11 17:57:08.032,4,1.69,-0.1,1.25,94.9296,5.5192,44.6676,175,75
2026-05-11 17:57:08.052,4,1.14,0.0,0.94,57.7996,-74.1108,2.2375999999999987,175,75
2026-05-11 17:57:08.062,4,0.95,0.09,0.8,33.5896,-70.2708,2.1075999999999997,175,75
2026-05-11 17:57:08.073,4,0.62,0.26,0.74,-8.730400000000001,-9.9108,17.717599999999997,175,75
2026-05-11 17:57:08.075,4,0.45,0.38,0.74,-33.4204,86.0092,40.6476,175,75
2026-05-11 17:57:08.091,4,0.29,0.2,0.96,-39.2204,224.6692,69.3676,175,75
2026-05-11 17:57:08.102,4,0.31,-0.08,1.3,-37.690400000000004,303.3892,80.7076,175,75
2026-05-11 17:57:08.106,4,0.37,-0.29,1.72,-40.5004,333.1392,77.8476,175,75
2026-05-11 17:57:08.132,4,0.48,-0.51,2.15,-49.1604,290.4592,56.867599999999996,175,75
2026-05-11 17:57:08.146,4,0.58,-0.66,2.37,-55.190400000000004,163.86919999999998,25.0976,175,75
2026-05-11 17:57:08.153,4,0.49,-0.7,2.36,-56.1104,62.109199999999994,3.3275999999999986,175,75
2026-05-11 17:57:08.175,4,0.07,-0.22,1.94,-73.9704,-129.7908,-29.9024,175,75
2026-05-11 17:57:08.182,4,0.08,-0.12,1.81,-81.0504,-160.0908,-26.912399999999998,175,75
2026-05-11 17:57:08.193,4,0.09,-0.1,1.54,-93.4204,-188.32080000000002,-22.282400000000003,175,75
2026-05-11 17:57:08.207,4,-0.04,-0.14,1.21,-104.4604,-161.13080000000002,-12.2824,175,75
2026-05-11 17:57:08.228,4,-0.12,-0.18,1.02,-115.1304,-72.90079999999999,4.6076,175,75
2026-05-11 17:57:08.241,4,-0.12,-0.23,1.1,-120.6804,10.3992,20.5276,175,75
2026-05-11 17:57:08.252,4,0.04,-0.25,1.34,-128.49040000000002,37.529199999999996,27.967599999999997,175,75
2026-05-11 17:57:08.263,4,0.26,-0.28,1.52,-142.9404,-7.2908,19.0676,175,75
2026-05-11 17:57:08.268,4,0.36,-0.11,1.53,-159.5804,-81.7408,2.597599999999998,175,75
2026-05-11 17:57:08.280,4,0.34,0.24,1.48,-172.1404,-126.5508,-6.792400000000001,175,75
2026-05-11 17:57:08.296,4,0.34,0.77,1.37,-182.81040000000002,-154.1108,-11.7924,175,75
2026-05-11 17:57:08.310,4,0.34,1.11,1.26,-168.61040000000003,-166.8608,-8.682400000000001,175,75
2026-05-11 17:57:08.336,4,-0.09,1.79,1.3,-147.7504,-100.0308,20.9576,175,75
2026-05-11 17:57:08.348,4,-0.32,1.76,1.47,-120.4404,-23.8708,57.0476,175,75
2026-05-11 17:57:08.361,4,-0.03,1.57,1.86,-69.0304,-37.8308,90.7676,175,75
2026-05-11 17:57:08.368,4,0.44,1.35,2.02,-26.2904,-169.3008,99.7376,175,75
2026-05-11 17:57:08.379,4,0.59,1.14,1.84,-0.860400000000002,-344.8508,88.5776,175,75
2026-05-11 17:57:08.392,4,0.66,1.09,1.39,9.989599999999996,-450.4608,83.4576,175,75
2026-05-11 17:57:08.414,4,0.71,1.08,0.08,24.809599999999996,-420.8208,101.3176,175,75
2026-05-11 17:57:08.430,4,0.89,0.83,-0.4,27.1196,-283.5008,121.1976,175,75
2026-05-11 17:57:08.453,4,1.15,0.35,-0.43,-12.200400000000002,-10.7008,144.42759999999998,175,75
2026-05-11 17:57:08.473,4,1.45,0.07,-0.01,-47.510400000000004,109.17920000000001,145.4676,175,75
2026-05-11 17:57:08.485,4,1.49,-0.11,0.15,-56.9604,118.56920000000001,134.0576,175,75
2026-05-11 17:57:08.485,4,1.49,-0.05,0.3,-66.96039999999999,129.4792,119.54759999999999,175,75
2026-05-11 17:57:08.495,4,1.5,0.13,0.44,-73.7904,138.9992,100.0976,175,75
2026-05-11 17:57:08.509,4,1.4,0.15,0.54,-73.2404,146.0692,81.6876,175,75
2026-05-11 17:57:08.524,4,1.15,-0.08,0.81,-67.0804,174.29919999999998,50.9576,175,75
2026-05-11 17:57:08.536,4,0.88,-0.15,1.07,-73.0004,192.5292,33.517599999999995,175,75
2026-05-11 17:57:08.548,4,0.68,-0.17,1.41,-82.7504,190.39919999999998,24.547599999999996,175,75
2026-05-11 17:57:08.558,4,0.59,-0.21,1.63,-88.24040000000001,158.1992,22.047599999999996,175,75
2026-05-11 17:57:08.576,4,0.39,-0.4,1.89,-105.8604,15.2792,17.107599999999998,175,75
2026-05-11 17:57:08.612,4,0.15,-0.09,1.89,-129.0904,-146.8608,30.647599999999997,175,75
2026-05-11 17:57:08.625,4,0.2,-0.15,1.78,-123.3004,-176.5508,37.047599999999996,175,75
2026-05-11 17:57:08.647,4,0.2,-0.3,1.59,-115.2504,-191.8008,42.5376,175,75
2026-05-11 17:57:08.647,4,0.21,-0.34,1.46,-111.35040000000001,-176.0008,47.2376,175,75
2026-05-11 17:57:08.650,4,0.23,-0.38,1.33,-103.6104,-132.5308,55.1576,175,75
2026-05-11 17:57:08.677,4,0.37,-0.49,1.36,-89.5204,-24.0508,62.0476,175,75
2026-05-11 17:57:08.711,4,0.64,-0.21,1.65,-85.44040000000001,-82.1608,38.937599999999996,175,75
2026-05-11 17:57:08.748,4,0.61,0.02,1.27,-85.38040000000001,-145.5208,19.187599999999996,175,75
2026-05-11 17:57:08.762,4,0.74,1.16,1.25,-95.74040000000001,-106.9808,28.6376,175,75
2026-05-11 17:57:08.790,4,0.67,0.97,1.1,-70.68039999999999,-79.0508,36.3776,175,75
2026-05-11 17:57:08.801,4,0.58,1.26,1.21,-88.1804,-15.3908,41.197599999999994,175,75
2026-05-11 17:57:08.813,4,0.59,1.82,1.52,-90.4404,16.8592,48.5176,175,75
2026-05-11 17:57:08.816,4,0.66,1.87,1.71,-73.85040000000001,-20.0308,51.6876,175,75
2026-05-11 17:57:08.837,4,0.66,1.4,1.63,-53.6704,-103.4408,50.52759999999999,175,75
2026-05-11 17:57:08.849,4,0.55,0.97,1.27,-43.3604,-157.7708,52.9076,175,75
2026-05-11 17:57:08.872,4,0.4,0.17,0.86,-33.1804,-130.70080000000002,61.4376,175,75
2026-05-11 17:57:08.920,4,0.35,-0.17,0.84,-35.8004,-94.2408,63.1476,175,75
2026-05-11 17:57:08.948,4,0.39,-0.45,0.88,-38.2404,-66.4908,63.4576,175,75
2026-05-11 17:57:08.963,4,0.45,-0.8,0.88,-48.8504,-81.68079999999999,51.9276,175,75
2026-05-11 17:57:08.974,4,0.42,-1.08,0.84,-68.91040000000001,-113.6908,32.657599999999995,175,75
2026-05-11 17:57:08.983,4,0.22,-1.23,0.78,-92.6304,-138.9308,17.8476,175,75
2026-05-11 17:57:08.999,4,-0.07,-0.99,0.82,-123.1204,-131.19080000000002,20.5276,175,75
2026-05-11 17:57:09.010,4,-0.12,-0.66,0.96,-141.1104,-132.35080000000002,33.0276,175,75
2026-05-11 17:57:09.010,4,-0.18,-0.32,1.13,-152.5704,-158.8108,59.7376,175,75
2026-05-11 17:57:09.022,4,-0.12,-0.15,1.19,-150.56040000000002,-197.29080000000002,96.2576,175,75
2026-05-11 17:57:09.022,4,-0.05,-0.07,1.07,-147.3904,-235.5808,135.95759999999999,175,75
2026-05-11 17:57:09.022,4,0.05,0.02,0.94,-148.5504,-253.9908,157.5976,175,75
2026-05-11 17:57:09.032,4,0.32,0.19,0.79,-161.05040000000002,-274.6608,171.8076,175,75
2026-05-11 17:57:09.052,4,0.88,0.24,0.22,-153.67040000000003,-283.7508,158.20759999999999,175,75
2026-05-11 17:57:09.092,4,1.26,0.51,-0.13,-76.96039999999999,-0.8808000000000002,164.9176,175,75
2026-05-11 17:57:09.092,4,1.46,0.41,0.11,-56.2304,79.9092,149.8576,175,75
2026-05-11 17:57:09.105,4,1.63,0.9,0.34,-59.4604,138.80919999999998,134.6076,175,75
2026-05-11 17:57:09.115,4,1.82,0.78,1.01,-13.550400000000002,194.17919999999998,77.9676,175,75
2026-05-11 17:57:09.126,4,1.92,0.52,1.37,6.0295999999999985,112.34920000000001,47.1076,175,75
2026-05-11 17:57:09.126,4,1.92,0.44,1.61,13.099599999999995,8.5692,22.907599999999995,175,75
2026-05-11 17:57:09.126,4,1.82,0.4,1.68,15.1096,-120.46079999999999,-3.6224000000000007,175,75
2026-05-11 17:57:09.163,4,1.57,0.32,1.47,18.8896,-231.98080000000002,-27.2224,175,75
2026-05-11 17:57:09.163,4,1.09,0.24,1.11,19.4996,-267.2908,-39.1724,175,75
2026-05-11 17:57:09.182,4,0.71,0.19,0.68,23.409599999999998,-195.5208,-27.642400000000002,175,75
2026-05-11 17:57:09.193,4,0.42,0.21,0.45,17.1896,-42.35080000000001,1.1975999999999996,175,75
2026-05-11 17:57:09.193,4,0.26,0.39,0.53,13.529600000000002,132.95919999999998,39.2476,175,75
2026-05-11 17:57:09.200,4,0.16,0.34,0.91,15.7196,289.7292,73.4576,175,75
2026-05-11 17:57:09.209,4,0.23,0.1,1.29,4.689599999999999,361.8592,84.6676,175,75
2026-05-11 17:57:09.231,4,0.32,-0.19,1.66,-25.860400000000002,338.0192,73.1476,175,75
2026-05-11 17:57:09.264,4,0.21,-0.4,2.07,-73.4204,100.0292,25.8876,175,75
2026-05-11 17:57:09.264,4,-0.11,-0.48,1.85,-91.2904,-74.54079999999999,8.027599999999998,175,75
2026-05-11 17:57:09.292,4,-0.08,-0.47,1.74,-113.3004,-148.9308,0.4076000000000004,175,75
2026-05-11 17:57:09.319,4,-0.08,-0.38,1.72,-123.49040000000001,-178.44080000000002,-1.7924000000000007,175,75
2026-05-11 17:57:09.319,4,-0.1,-0.29,1.62,-132.0204,-204.54080000000002,-2.2224000000000004,175,75
2026-05-11 17:57:09.330,4,-0.31,-0.22,1.2,-140.62040000000002,-207.8308,16.8076,175,75
2026-05-11 17:57:09.360,4,-0.39,-0.38,1.05,-146.1104,-80.6408,46.0776,175,75
2026-05-11 17:57:09.360,4,-0.12,-0.5,1.33,-138.91039999999998,-10.5808,61.3776,175,75
2026-05-11 17:57:09.386,4,0.2,-0.47,1.75,-131.2304,-44.85080000000001,61.867599999999996,175,75
2026-05-11 17:57:09.395,4,0.73,-0.37,2.05,-138.24040000000002,-246.5508,26.017599999999995,175,75
2026-05-11 17:57:09.395,4,0.96,-0.21,1.91,-141.3504,-442.4108,-8.252400000000002,175,75
2026-05-11 17:57:09.408,4,0.62,0.31,1.28,-151.9604,-589.7207999999999,-40.3324,175,75
2026-05-11 17:57:09.442,4,-0.1,1.28,0.1,-132.6304,-461.43080000000003,-12.4024,175,75
2026-05-11 17:57:09.453,4,0.19,1.42,0.15,-94.5204,-42.35080000000001,66.49759999999999,175,75
2026-05-11 17:57:09.473,4,0.37,1.5,0.77,-86.0504,32.5892,80.8276,175,75
2026-05-11 17:57:09.482,4,0.3,1.81,1.32,-89.5804,-2.4108,81.49759999999999,175,75
2026-05-11 17:57:09.503,4,0.4,1.61,1.49,-69.2204,-200.70080000000002,96.5676,175,75
2026-05-11 17:57:09.559,4,0.61,1.05,0.62,-58.3004,-283.5008,122.10759999999999,175,75
2026-05-11 17:57:09.559,4,0.8,0.83,0.22,-43.4904,-232.10080000000002,137.5376,175,75
2026-05-11 17:57:09.572,4,0.87,0.57,-0.03,-44.5204,-124.0508,146.1976,175,75
2026-05-11 17:57:09.582,4,1.08,-0.2,0.4,-60.2504,74.2392,143.1476,175,75
2026-05-11 17:57:09.610,4,1.26,-0.28,0.96,-89.5204,76.42920000000001,118.26759999999999,175,75
2026-05-11 17:57:09.656,4,1.28,-0.26,1.04,-103.9704,55.6992,100.0376,175,75
2026-05-11 17:57:09.668,4,0.87,0.47,1.12,-108.9704,90.6392,86.3176,175,75
2026-05-11 17:57:09.679,4,0.69,0.36,1.22,-98.9104,123.1392,87.5976,175,75
2026-05-11 17:57:09.720,4,0.55,0.12,1.3,-95.99040000000001,132.1692,86.3176,175,75
2026-05-11 17:57:09.752,4,0.34,-0.05,1.39,-96.1104,135.08919999999998,91.3776,175,75
2026-05-11 17:57:09.763,4,0.26,-0.13,1.42,-100.1304,135.14919999999998,98.99759999999999,175,75
2026-05-11 17:57:09.787,4,0.24,-0.2,1.45,-99.8304,156.42919999999998,101.49759999999999,175,75
2026-05-11 17:57:09.793,4,0.26,-0.25,1.52,-95.0104,178.7492,100.9576,175,75
2026-05-11 17:57:09.809,4,0.28,-0.39,1.7,-82.69040000000001,192.1692,93.8776,175,75
2026-05-11 17:57:09.835,4,0.52,-0.53,1.95,-64.3404,-9.2408,58.577600000000004,175,75
2026-05-11 17:57:09.835,4,0.54,-0.58,1.92,-64.16040000000001,-78.8708,48.4576,175,75
2026-05-11 17:57:09.855,4,0.73,-0.2,1.64,-107.1404,-244.0508,16.4976,175,75
2026-05-11 17:57:09.889,4,0.79,0.0,1.07,-102.5104,-148.9908,1.8675999999999977,175,75
2026-05-11 17:57:09.889,4,0.8,0.48,1.25,-101.1104,-49.3008,10.527599999999998,175,75
2026-05-11 17:57:09.890,4,0.86,0.69,1.46,-99.7704,-33.6308,11.4976,175,75
2026-05-11 17:57:09.900,4,0.86,1.03,1.66,-101.1704,-36.8008,10.647599999999999,175,75
2026-05-11 17:57:09.911,4,0.81,1.48,1.82,-106.4104,-37.4108,13.6976,175,75
2026-05-11 17:57:09.913,4,0.74,1.82,1.89,-110.8604,-44.85080000000001,17.4176,175,75
2026-05-11 17:57:09.927,4,0.61,1.98,1.9,-114.5804,-50.210800000000006,21.257599999999996,175,75
2026-05-11 17:57:09.933,4,0.5,1.92,1.87,-114.4604,-57.4108,27.477599999999995,175,75
2026-05-11 17:57:09.951,4,0.46,1.67,1.83,-106.2304,-66.07079999999999,35.2776,175,75
2026-05-11 17:57:09.963,4,0.6,1.26,1.93,-73.3004,-120.5808,52.35759999999999,175,75
2026-05-11 17:57:09.975,4,0.6,0.94,1.88,-64.0904,-199.91080000000002,48.2676,175,75
2026-05-11 17:57:09.990,4,0.64,0.64,1.68,-57.8104,-256.1908,47.477599999999995,175,75
2026-05-11 17:57:10.002,4,0.69,0.41,1.48,-49.5804,-284.6608,49.91759999999999,175,75
2026-05-11 17:57:10.002,4,0.75,0.21,1.23,-38.550399999999996,-291.1308,52.477599999999995,175,75
2026-05-11 17:57:10.014,4,0.74,-0.07,0.89,-28.2404,-257.7708,49.367599999999996,175,75
2026-05-11 17:57:10.026,4,0.68,-0.21,0.68,-24.0304,-208.0808,46.9876,175,75
2026-05-11 17:57:10.034,4,0.56,-0.33,0.55,-20.5604,-138.9308,48.2676,175,75
2026-05-11 17:57:10.047,4,0.48,-0.55,0.5,-15.800400000000002,-51.3108,54.1276,175,75
2026-05-11 17:57:10.071,4,0.61,-0.64,0.84,-17.0804,16.9192,62.77759999999999,175,75
2026-05-11 17:57:10.074,4,0.79,-0.55,1.13,-36.3504,-22.3508,51.807599999999994,175,75
2026-05-11 17:57:10.097,4,0.88,-0.42,1.24,-67.8104,-119.18079999999999,32.7176,175,75
2026-05-11 17:57:10.105,4,0.76,-0.28,1.09,-99.4604,-211.6808,20.037599999999998,175,75
2026-05-11 17:57:10.120,4,0.64,-0.12,0.86,-124.5204,-244.66080000000002,20.5276,175,75
2026-05-11 17:57:10.130,4,0.57,0.05,0.65,-141.7804,-239.7208,31.867599999999996,175,75
2026-05-11 17:57:10.140,4,0.5,0.19,0.56,-153.91039999999998,-209.79080000000002,44.2476,175,75
2026-05-11 17:57:10.140,4,0.45,0.23,0.51,-161.47039999999998,-173.44080000000002,59.4276,175,75
2026-05-11 17:57:10.163,4,0.35,0.29,0.59,-164.8304,-114.4808,80.7676,175,75
2026-05-11 17:57:10.163,4,0.69,0.33,0.77,-165.74040000000002,-76.9808,93.8176,175,75
2026-05-11 17:57:10.177,4,0.87,0.46,0.9,-164.16039999999998,-63.8708,112.10759999999999,175,75
2026-05-11 17:57:10.187,4,0.87,0.63,0.77,-155.5004,-34.2408,124.85759999999999,175,75
2026-05-11 17:57:10.198,4,0.72,0.66,0.54,-148.18040000000002,20.3392,133.6376,175,75
2026-05-11 17:57:10.210,4,0.43,0.72,0.35,-129.5804,158.6292,152.9076,175,75
2026-05-11 17:57:10.221,4,0.29,1.25,0.54,-103.0604,400.75919999999996,185.0976,175,75
2026-05-11 17:57:10.254,4,0.74,1.16,1.67,-44.5204,616.3092,208.20759999999999,175,75
2026-05-11 17:57:10.267,4,1.31,0.57,2.46,-14.640400000000001,516.0692,179.2476,175,75
2026-05-11 17:57:10.282,4,1.74,0.1,2.5,-3.9704000000000015,-100.2708,35.0376,175,75
2026-05-11 17:57:10.297,4,1.42,0.16,1.93,8.409599999999998,-168.0808,15.957600000000001,175,75
2026-05-11 17:57:10.305,4,1.16,0.12,1.48,14.619599999999998,-120.2708,16.437599999999996,175,75
2026-05-11 17:57:10.330,4,0.9,0.14,1.47,-1.1704000000000008,4.4192,14.057599999999999,175,75
2026-05-11 17:57:10.341,4,0.77,0.15,1.64,-18.2404,33.569199999999995,9.8576,175,75
2026-05-11 17:57:10.353,4,0.56,0.13,1.84,-34.1604,27.2892,7.597599999999998,175,75
2026-05-11 17:57:10.367,4,0.48,-0.01,1.95,-45.010400000000004,-10.6408,7.297600000000001,175,75
2026-05-11 17:57:10.409,4,0.45,-0.18,1.97,-57.080400000000004,-74.4208,2.2375999999999987,175,75
2026-05-11 17:57:10.423,4,0.4,-0.29,1.83,-68.5504,-133.0808,-4.782400000000001,175,75
2026-05-11 17:57:10.431,4,0.32,-0.39,1.61,-76.1104,-148.0808,-6.9724,175,75
2026-05-11 17:57:10.431,4,0.26,-0.49,1.48,-83.1204,-134.85080000000002,-7.4024,175,75
2026-05-11 17:57:10.446,4,0.19,-0.57,1.44,-97.5104,-88.32079999999999,-6.4824,175,75
2026-05-11 17:57:10.457,4,0.19,-0.54,1.53,-113.7304,-45.5208,-7.762400000000001,175,75
2026-05-11 17:57:10.485,4,0.21,-0.44,1.67,-126.2904,-35.030800000000006,-10.3324,175,75
2026-05-11 17:57:10.495,4,0.22,-0.32,1.82,-140.31040000000002,-53.6308,-13.5624,175,75
2026-05-11 17:57:10.502,4,0.25,-0.28,1.91,-145.56040000000002,-84.4808,-16.0624,175,75
2026-05-11 17:57:10.515,4,0.39,-0.36,1.91,-149.0304,-163.69080000000002,-27.642400000000002,175,75
2026-05-11 17:57:10.515,4,0.51,-0.31,1.86,-143.6704,-208.20080000000002,-35.2624,175,75
2026-05-11 17:57:10.550,4,0.6,-0.06,1.73,-135.8004,-252.41080000000002,-36.5424,175,75
2026-05-11 17:57:10.571,4,0.61,1.09,1.22,-108.6704,-203.32080000000002,-34.7224,175,75
2026-05-11 17:57:10.590,4,0.4,1.46,1.29,-97.0804,-93.57079999999999,-12.8324,175,75
2026-05-11 17:57:10.603,4,0.28,1.8,1.58,-78.6104,4.2992,18.8176,175,75
2026-05-11 17:57:10.603,4,0.19,1.9,1.95,-39.6404,34.179199999999994,54.5476,175,75
2026-05-11 17:57:10.615,4,0.33,1.83,2.32,6.999599999999997,-48.2008,79.7976,175,75
2026-05-11 17:57:10.646,4,0.52,1.55,2.43,34.8696,-187.7108,86.74759999999999,175,75
2026-05-11 17:57:10.646,4,0.74,1.23,2.38,64.6896,-384.6608,80.4676,175,75
2026-05-11 17:57:10.657,4,0.72,0.79,2.01,85.4796,-595.6407999999999,59.60759999999999,175,75
2026-05-11 17:57:10.669,4,0.73,0.32,1.49,98.0396,-752.3507999999999,11.687599999999998,175,75
2026-05-11 17:57:10.669,4,0.41,-0.02,0.96,109.7496,-830.2708,-39.6524,175,75
2026-05-11 17:57:10.676,4,-0.12,-0.13,0.13,124.3196,-742.4707999999999,-54.4724,175,75
2026-05-11 17:57:10.697,4,-0.4,-0.4,-0.91,112.48960000000001,-419.6008,-28.5024,175,75
2026-05-11 17:57:10.714,4,-0.6,-0.43,-1.17,82.9196,-211.6808,-4.962400000000001,175,75
2026-05-11 17:57:10.714,4,-0.45,-0.08,-1.26,59.199600000000004,15.2092,54.66759999999999,175,75
2026-05-11 17:57:10.725,4,-0.22,0.19,-0.98,31.3896,174.9692,105.4676,175,75
2026-05-11 17:57:10.737,4,-0.19,0.2,-0.44,-31.7804,305.1492,153.0276,175,75
2026-05-11 17:57:10.749,4,0.06,0.14,0.04,-72.1404,379.9692,177.2976,175,75
2026-05-11 17:57:10.768,4,0.19,-0.03,0.39,-93.0604,390.8892,183.1476,175,75
2026-05-11 17:57:10.780,4,0.5,-0.16,0.66,-115.6204,350.6392,171.7476,175,75
2026-05-11 17:57:10.822,4,0.77,-0.47,1.18,-134.7004,215.33919999999998,122.35759999999999,175,75
2026-05-11 17:57:10.867,4,0.76,-0.4,1.4,-140.0704,147.64919999999998,105.0376,175,75
2026-05-11 17:57:10.880,4,0.8,-0.34,1.52,-144.9504,51.7992,88.4576,175,75
2026-05-11 17:57:10.892,4,0.76,-0.34,1.48,-138.18040000000002,-23.2608,76.8676,175,75
2026-05-11 17:57:10.903,4,0.54,-0.16,1.28,-117.0204,-84.79079999999999,76.4376,175,75
2026-05-11 17:57:10.903,4,0.4,-0.14,1.17,-112.2004,-63.570800000000006,85.8276,175,75
2026-05-11 17:57:10.913,4,0.32,-0.22,1.13,-109.9504,-26.5508,96.6276,175,75
2026-05-11 17:57:10.914,4,0.32,-0.33,1.18,-110.5004,11.1892,106.6876,175,75
2026-05-11 17:57:10.936,4,0.36,-0.43,1.3,-114.5804,35.819199999999995,110.88759999999999,175,75
2026-05-11 17:57:10.936,4,0.4,-0.52,1.5,-126.4104,29.3592,105.0976,175,75
2026-05-11 17:57:10.951,4,0.51,-0.57,1.67,-139.6404,-11.6108,90.7076,175,75
2026-05-11 17:57:10.951,4,0.52,-0.59,1.81,-149.9504,-72.5308,70.27759999999999,175,75
2026-05-11 17:57:10.963,4,0.51,-0.61,1.95,-158.24040000000002,-163.44080000000002,46.687599999999996,175,75
2026-05-11 17:57:10.964,4,0.62,-0.63,1.94,-157.3304,-255.0908,31.687599999999996,175,75
2026-05-11 17:57:10.974,4,0.59,-0.63,1.81,-155.1304,-352.2908,19.9176,175,75
2026-05-11 17:57:10.994,4,0.52,-0.53,1.55,-156.7804,-409.9108,16.927599999999998,175,75
2026-05-11 17:57:10.994,4,0.48,-0.29,1.22,-161.11040000000003,-425.4008,18.577599999999997,175,75
2026-05-11 17:57:11.005,4,0.44,0.14,0.83,-164.22039999999998,-376.0008,31.5676,175,75
2026-05-11 17:57:11.016,4,0.48,0.6,0.51,-151.47039999999998,-232.9608,59.60759999999999,175,75
2026-05-11 17:57:11.017,4,0.62,0.76,0.42,-125.74040000000001,-72.1608,85.6476,175,75
2026-05-11 17:57:11.028,4,0.75,0.84,0.61,-102.2704,107.1692,103.6976,175,75
2026-05-11 17:57:11.028,4,0.79,1.0,0.89,-104.6404,218.3192,104.7376,175,75
2026-05-11 17:57:11.046,4,0.88,1.16,1.32,-102.3904,306.06919999999997,103.2076,175,75
2026-05-11 17:57:11.054,4,0.83,1.43,1.74,-106.4704,337.7792,96.5676,175,75
2026-05-11 17:57:11.066,4,0.78,1.54,2.17,-108.49040000000001,324.6692,85.6476,175,75
2026-05-11 17:57:11.080,4,0.97,1.07,2.48,-91.8404,204.11919999999998,68.2676,175,75
2026-05-11 17:57:11.085,4,0.99,0.99,2.68,-81.1104,-0.6408000000000003,45.6476,175,75
2026-05-11 17:57:11.096,4,1.06,0.85,2.41,-70.6204,-191.5508,26.197599999999994,175,75
2026-05-11 17:57:11.106,4,0.87,0.7,2.04,-56.3504,-286.49080000000004,19.4876,175,75
2026-05-11 17:57:11.119,4,0.72,0.42,1.52,-37.1404,-332.6508,18.9976,175,75
2026-05-11 17:57:11.129,4,0.62,0.14,1.21,-29.8904,-326.68080000000003,19.427599999999998,175,75
2026-05-11 17:57:11.140,4,0.56,-0.21,0.98,-32.0204,-282.5908,22.7776,175,75
2026-05-11 17:57:11.178,4,0.25,-0.57,0.77,-77.88040000000001,-28.8108,28.937599999999996,175,75
2026-05-11 17:57:11.192,4,0.14,-0.47,0.95,-80.8604,46.3092,42.297599999999996,175,75
2026-05-11 17:57:11.204,4,0.16,-0.42,1.19,-85.44040000000001,83.31920000000001,55.7676,175,75
2026-05-11 17:57:11.206,4,0.3,-0.29,1.48,-97.7504,68.6892,68.9376,175,75
2026-05-11 17:57:11.241,4,0.82,-0.07,1.63,-127.4504,-199.2408,58.697599999999994,175,75
2026-05-11 17:57:11.265,4,0.63,0.64,1.18,-154.2804,-287.7708,49.367599999999996,175,75
2026-05-11 17:57:11.276,4,0.52,0.95,0.96,-154.8304,-278.99080000000004,55.3476,175,75
2026-05-11 17:57:11.315,4,1.2,1.01,0.46,-63.4904,-3.0208000000000004,101.0176,175,75
2026-05-11 17:57:11.337,4,1.06,1.29,0.6,-34.5804,148.01919999999998,79.3076,175,75
2026-05-11 17:57:11.350,4,1.02,1.47,0.93,-14.090400000000002,233.3892,73.5176,175,75
2026-05-11 17:57:11.360,4,1.14,1.23,1.23,6.759599999999999,261.00919999999996,69.6676,175,75
2026-05-11 17:57:11.376,4,1.41,0.89,1.65,26.5096,208.1392,50.217600000000004,175,75
2026-05-11 17:57:11.401,4,1.46,0.5,1.93,31.3296,-56.250800000000005,-9.7824,175,75
2026-05-11 17:57:11.413,4,1.13,0.44,1.64,38.6496,-180.5208,-33.1924,175,75
2026-05-11 17:57:11.424,4,0.84,0.39,1.37,46.449600000000004,-203.0808,-35.4524,175,75
2026-05-11 17:57:11.436,4,0.6,0.32,1.07,50.1696,-175.5208,-27.0924,175,75
2026-05-11 17:57:11.439,4,0.42,0.27,0.86,50.1696,-81.7408,-6.122400000000001,175,75
2026-05-11 17:57:11.451,4,0.35,0.25,0.79,56.14959999999999,24.4192,16.4976,175,75
2026-05-11 17:57:11.463,4,0.3,0.21,0.82,60.53959999999999,127.9592,36.8076,175,75
2026-05-11 17:57:11.496,4,0.26,-0.03,1.39,39.0096,331.18919999999997,68.38759999999999,175,75
2026-05-11 17:57:11.508,4,0.29,-0.06,1.66,15.3596,316.7392,63.38759999999999,175,75
2026-05-11 17:57:11.518,4,0.34,-0.14,1.79,-3.3004,258.0792,54.1876,175,75
2026-05-11 17:57:11.529,4,0.37,-0.27,1.83,-15.800400000000002,200.2792,45.407599999999995,175,75
2026-05-11 17:57:11.543,4,0.34,-0.46,1.84,-36.0504,139.5992,32.5376,175,75
2026-05-11 17:57:11.557,4,0.33,-0.51,1.85,-53.2404,109.0592,22.657599999999995,175,75
2026-05-11 17:57:11.567,4,0.31,-0.44,1.89,-72.63040000000001,79.6692,10.4676,175,75
2026-05-11 17:57:11.581,4,0.35,-0.38,1.95,-88.4204,40.57919999999999,-1.7924000000000007,175,75
2026-05-11 17:57:11.592,4,0.33,-0.38,2.02,-100.9204,-12.7108,-16.482400000000002,175,75
2026-05-11 17:57:11.611,4,0.42,-0.39,2.2,-107.2004,-165.94080000000002,-44.2924,175,75
2026-05-11 17:57:11.631,4,0.63,-0.4,1.96,-100.6204,-330.0308,-70.6324,175,75
2026-05-11 17:57:11.642,4,0.62,-0.34,1.73,-97.8804,-374.1108,-81.4224,175,75
2026-05-11 17:57:11.662,4,0.55,-0.13,1.34,-94.5204,-377.9608,-89.9024,175,75
2026-05-11 17:57:11.663,4,0.48,0.24,1.15,-97.6304,-330.0308,-86.6724,175,75
2026-05-11 17:57:11.673,4,0.46,0.96,1.12,-103.85040000000001,-242.16080000000002,-71.4824,175,75
2026-05-11 17:57:11.685,4,0.57,1.45,1.18,-94.7004,-190.3308,-55.452400000000004,175,75
2026-05-11 17:57:11.759,4,0.41,1.83,1.12,-56.3504,-69.3608,-13.8024,175,75
2026-05-11 17:57:11.770,4,0.42,2.04,1.14,-46.4104,-5.5208,7.297600000000001,175,75
2026-05-11 17:57:11.783,4,0.43,1.86,1.26,-21.1704,34.4792,28.697599999999994,175,75
2026-05-11 17:57:11.795,4,0.5,1.83,1.49,-13.1804,29.5392,41.867599999999996,175,75
2026-05-11 17:57:11.795,4,0.61,1.63,1.6,-12.630400000000002,-24.6008,53.9376,175,75
2026-05-11 17:57:11.806,4,0.78,1.15,1.46,-11.410400000000001,-108.2008,66.2576,175,75
2026-05-11 17:57:11.828,4,0.82,0.6,0.82,-33.4204,-143.9308,69.7376,175,75
2026-05-11 17:57:11.831,4,0.74,0.38,0.61,-48.6704,-89.7208,71.6276,175,75
2026-05-11 17:57:11.844,4,0.81,0.22,0.54,-59.2204,-24.0508,77.10759999999999,175,75
2026-05-11 17:57:11.855,4,0.92,0.14,0.54,-62.0204,17.0392,76.0776,175,75
2026-05-11 17:57:11.855,4,0.98,0.14,0.65,-63.9704,69.53920000000001,68.02759999999999,175,75
2026-05-11 17:57:11.866,4,1.14,0.18,1.01,-71.41040000000001,126.1292,55.52759999999999,175,75
2026-05-11 17:57:11.898,4,0.99,0.2,1.52,-91.8404,64.9692,23.087599999999995,175,75
2026-05-11 17:57:11.903,4,0.92,0.29,1.63,-95.74040000000001,30.759200000000003,18.577599999999997,175,75
2026-05-11 17:57:11.931,4,0.75,0.01,1.66,-87.6304,-26.1908,20.3476,175,75
2026-05-11 17:57:11.943,4,0.67,-0.04,1.66,-90.4404,-34.540800000000004,23.517599999999995,175,75
2026-05-11 17:57:11.954,4,0.64,-0.06,1.65,-91.7204,-35.460800000000006,25.647599999999997,175,75
2026-05-11 17:57:11.982,4,0.52,-0.28,1.69,-85.38040000000001,-28.3208,25.827599999999997,175,75
2026-05-11 17:57:11.996,4,0.48,-0.45,1.71,-79.0304,-18.3208,28.517599999999995,175,75
2026-05-11 17:57:12.010,4,0.53,-0.55,1.72,-74.5804,-15.9408,28.9976,175,75
2026-05-11 17:57:12.022,4,0.56,-0.64,1.73,-72.63040000000001,-25.5808,22.107599999999998,175,75
2026-05-11 17:57:12.052,4,0.47,-0.19,1.87,-97.0204,-32.650800000000004,-0.0823999999999998,175,75
2026-05-11 17:57:12.062,4,0.48,-0.14,1.94,-101.9004,-52.890800000000006,-6.182400000000001,175,75
2026-05-11 17:57:12.083,4,0.59,0.05,1.92,-111.7804,-135.0908,-19.3524,175,75
2026-05-11 17:57:12.093,4,0.58,0.41,1.77,-119.5804,-161.6808,-24.2324,175,75
2026-05-11 17:57:12.116,4,0.53,0.72,1.63,-123.3004,-153.38080000000002,-22.7624,175,75
2026-05-11 17:57:12.116,4,0.48,0.95,1.52,-121.7204,-120.0908,-15.4524,175,75
2026-05-11 17:57:12.127,4,0.46,1.05,1.49,-113.85040000000001,-67.8308,-4.9024,175,75
2026-05-11 17:57:12.173,4,0.53,1.33,1.87,-92.3304,16.5592,8.8776,175,75
2026-05-11 17:57:12.186,4,0.6,1.79,2.08,-84.8904,-17.0408,8.457600000000001,175,75
2026-05-11 17:57:12.187,4,0.58,1.5,1.95,-60.9204,-78.9908,7.477600000000001,175,75
2026-05-11 17:57:12.215,4,0.38,0.81,1.48,-23.000400000000003,-109.4808,14.797600000000001,175,75
2026-05-11 17:57:12.262,4,0.47,0.35,1.51,-16.230400000000003,-97.7708,29.7376,175,75
2026-05-11 17:57:12.296,4,0.55,0.21,1.56,-27.450400000000002,-142.5908,30.8876,175,75
2026-05-11 17:57:12.321,4,0.61,0.02,1.46,-35.5004,-181.6808,30.0976,175,75
2026-05-11 17:57:12.358,4,0.58,-0.3,1.02,-66.35040000000001,-206.0008,19.427599999999998,175,75
2026-05-11 17:57:12.437,4,0.5,-0.58,0.82,-99.1604,-18.4408,32.2376,175,75
2026-05-11 17:57:12.459,4,0.73,0.14,1.34,-137.81040000000002,-5.1508,39.4876,175,75
2026-05-11 17:57:12.474,4,0.88,1.04,1.49,-156.35039999999998,-121.8008,48.1476,175,75
2026-05-11 17:57:12.513,4,1.22,1.54,1.2,-61.4704,106.7992,71.9876,175,75
2026-05-11 17:57:12.513,4,1.49,1.07,1.6,7.3096,94.17920000000001,50.88759999999999,175,75
2026-05-11 17:57:12.524,4,1.59,0.78,1.77,28.949599999999997,11.1892,26.437599999999996,175,75
2026-05-11 17:57:12.539,4,1.55,0.52,1.83,40.8396,-127.71079999999999,-8.3124,175,75
2026-05-11 17:57:12.551,4,1.38,0.33,1.73,47.979600000000005,-226.2508,-30.9424,175,75
2026-05-11 17:57:12.551,4,1.13,0.22,1.55,51.6396,-285.1508,-45.4524,175,75
2026-05-11 17:57:12.562,4,0.89,0.23,1.32,52.489599999999996,-294.5408,-48.562400000000004,175,75
2026-05-11 17:57:12.582,4,0.54,0.2,0.92,51.089600000000004,-169.1108,-23.9824,175,75
2026-05-11 17:57:12.594,4,0.48,0.11,1.04,36.0896,49.359199999999994,20.647599999999997,175,75
2026-05-11 17:57:12.609,4,0.53,-0.04,1.21,29.559599999999996,102.28920000000001,30.2776,175,75
2026-05-11 17:57:12.609,4,0.57,-0.24,1.41,17.669599999999996,127.52920000000002,31.8076,175,75
2026-05-11 17:57:12.633,4,0.54,-0.49,1.74,-26.230400000000003,99.17920000000001,12.167599999999998,175,75
2026-05-11 17:57:12.645,4,0.43,-0.45,1.84,-51.6604,55.819199999999995,-4.042400000000001,175,75
2026-05-11 17:57:12.645,4,0.36,-0.38,1.86,-65.8004,27.5892,-12.522400000000001,175,75
2026-05-11 17:57:12.656,4,0.24,-0.33,1.82,-82.94040000000001,-4.1808000000000005,-21.5424,175,75
2026-05-11 17:57:12.656,4,0.15,-0.34,1.78,-91.8404,-12.3508,-23.9824,175,75
2026-05-11 17:57:12.662,4,0.11,-0.36,1.72,-99.0304,-12.2208,-25.142400000000002,175,75
2026-05-11 17:57:12.693,4,0.12,-0.4,1.8,-116.9004,36.679199999999994,-21.4224,175,75
2026-05-11 17:57:12.707,4,0.23,-0.33,1.92,-108.3604,35.57919999999999,-19.4724,175,75
2026-05-11 17:57:12.707,4,0.32,-0.3,1.98,-95.99040000000001,19.5392,-18.8624,175,75
2026-05-11 17:57:12.713,4,0.44,-0.24,2.04,-80.38040000000001,-13.9908,-22.462400000000002,175,75
2026-05-11 17:57:12.729,4,0.53,0.12,2.09,-74.5204,-56.1908,-30.0224,175,75
2026-05-11 17:57:12.742,4,0.49,1.25,2.25,-106.7204,-70.40079999999999,-37.0324,175,75
2026-05-11 17:57:12.767,4,0.49,1.34,1.9,-82.88040000000001,-114.54079999999999,-39.1124,175,75
2026-05-11 17:57:12.792,4,0.3,1.56,1.93,-99.2204,2.3491999999999997,-19.7824,175,75
2026-05-11 17:57:12.802,4,0.34,1.37,1.97,-87.2704,31.429199999999998,-2.8924000000000003,175,75
2026-05-11 17:57:12.806,4,0.38,1.24,2.11,-83.7904,32.529199999999996,8.147599999999999,175,75
2026-05-11 17:57:12.825,4,0.44,1.17,2.19,-90.6804,7.8392,11.3776,175,75
2026-05-11 17:57:12.849,4,0.67,0.76,2.19,-93.85040000000001,-81.68079999999999,9.737599999999999,175,75
2026-05-11 17:57:12.860,4,0.7,0.39,2.07,-101.0504,-134.2408,-0.692400000000001,175,75
2026-05-11 17:57:12.873,4,0.75,0.22,1.91,-101.1704,-160.70080000000002,-3.7424,175,75
2026-05-11 17:57:12.884,4,0.75,0.13,1.78,-103.6704,-173.5008,-10.4524,175,75
2026-05-11 17:57:12.894,4,0.89,0.05,1.58,-110.9204,-174.1108,-23.6224,175,75
2026-05-11 17:57:12.905,4,0.99,0.1,1.35,-114.6404,-164.4208,-41.9124,175,75
2026-05-11 17:57:12.923,4,1.07,0.26,1.16,-111.9604,-132.2208,-56.912400000000005,175,75
2026-05-11 17:57:12.923,4,1.05,0.55,1.1,-115.8604,-88.1408,-73.7424,175,75
2026-05-11 17:57:12.959,4,0.86,0.9,1.25,-134.7004,-65.4608,-100.4524,175,75
2026-05-11 17:57:12.959,4,0.76,0.95,1.34,-147.9404,-65.0308,-104.5924,175,75
2026-05-11 17:57:12.972,4,0.68,1.08,1.36,-151.66039999999998,-75.6408,-98.9824,175,75
2026-05-11 17:57:13.011,4,0.21,2.01,1.51,-122.0804,58.1992,-28.072400000000002,175,75
2026-05-11 17:57:13.021,4,0.1,1.94,1.71,-92.6904,116.4992,-6.792400000000001,175,75
2026-05-11 17:57:13.044,4,0.17,1.95,2.03,-51.6604,98.7492,7.9076,175,75
2026-05-11 17:57:13.054,4,0.23,1.87,2.11,-35.620400000000004,54.0592,10.2176,175,75
2026-05-11 17:57:13.067,4,0.2,1.77,2.12,-23.000400000000003,-10.8808,11.0176,175,75
2026-05-11 17:57:13.091,4,-0.0,1.4,1.86,14.0796,-41.860800000000005,37.907599999999995,175,75
2026-05-11 17:57:13.117,4,-0.03,1.12,1.85,36.2696,-0.6408000000000003,58.8176,175,75
2026-05-11 17:57:13.128,4,0.01,0.85,1.96,56.75959999999999,32.89919999999999,75.27759999999999,175,75
2026-05-11 17:57:13.128,4,0.09,0.6,2.03,78.0996,32.349199999999996,85.4676,175,75
2026-05-11 17:57:13.195,4,0.02,-0.16,1.85,131.50959999999998,-41.680800000000005,84.9776,175,75
2026-05-11 17:57:13.206,4,-0.06,-0.3,1.82,151.44959999999998,-29.6608,88.1476,175,75
2026-05-11 17:57:13.239,4,-0.11,-0.37,1.85,164.00959999999998,-22.2908,90.88759999999999,175,75
2026-05-11 17:57:13.239,4,-0.21,-0.44,1.91,176.63959999999997,-18.4408,94.7376,175,75
2026-05-11 17:57:13.249,4,-0.33,-0.59,2.03,194.4996,-16.550800000000002,103.6976,175,75
2026-05-11 17:57:13.346,4,-0.38,-0.76,2.11,207.3696,-36.1308,114.2476,175,75
2026-05-11 17:57:13.381,4,-0.49,-1.35,1.79,166.44959999999998,-158.20080000000002,133.20759999999999,175,75
2026-05-11 17:57:13.381,4,-0.75,-1.16,1.53,140.2296,-100.3308,152.1076,175,75
2026-05-11 17:57:13.433,4,-1.25,-1.79,2.25,19.809599999999996,-80.82079999999999,350.3476,175,75
2026-05-11 17:57:13.433,4,-1.27,-1.94,2.07,30.299599999999998,-15.0908,396.31759999999997,175,75
2026-05-11 17:57:13.455,4,-1.28,-2.3,2.29,57.729600000000005,83.92920000000001,478.6976,175,75
2026-05-11 17:57:13.455,4,-1.13,-2.46,2.41,61.449600000000004,78.9992,515.6476,175,75
2026-05-11 17:57:13.466,4,-1.02,-3.26,2.24,84.7496,50.3392,580.2176,175,75
2026-05-11 17:57:13.478,4,-0.81,-3.88,2.12,103.3396,54.849199999999996,605.2176,175,75
2026-05-11 17:57:13.522,4,-0.37,-6.34,3.7,387.3096,9.6692,646.6276,175,75
2026-05-11 17:57:13.532,4,-0.5,-6.93,3.6,198.58960000000002,10.1492,576.3176,175,75
2026-05-11 17:57:13.573,4,-0.27,-6.65,2.5,152.7296,-127.04079999999999,467.1076,175,75
2026-05-11 17:57:13.604,4,-0.1,-6.47,2.31,144.19959999999998,-182.41080000000002,434.1276,175,75
2026-05-11 17:57:13.615,4,0.03,-6.16,2.1,130.5996,-236.4908,382.4176,175,75
2026-05-11 17:57:13.650,4,0.42,-5.11,1.7,132.5496,-288.87080000000003,258.81759999999997,175,75
2026-05-11 17:57:13.739,4,1.32,-0.47,-0.37,44.199600000000004,-720.8208,90.7076,175,75
2026-05-11 17:57:13.751,4,1.0,-0.77,-1.09,26.8196,-553.8108,31.4976,175,75
2026-05-11 17:57:13.765,4,1.06,-1.05,-1.66,6.639599999999998,-188.63080000000002,-36.6724,175,75
2026-05-11 17:57:13.768,4,0.75,-0.7,-1.58,4.929599999999997,-49.180800000000005,-40.3924,175,75
2026-05-11 17:57:13.850,4,0.27,-0.99,-1.09,-83.0604,92.89920000000001,-50.0824,175,75
2026-05-11 17:57:13.850,4,0.09,-1.11,-0.8,-140.1304,147.1692,-53.0724,175,75
2026-05-11 17:57:13.850,4,0.07,-1.23,-0.47,-168.79039999999998,174.9092,-55.3924,175,75
2026-05-11 17:57:13.861,4,0.08,-1.32,-0.17,-190.92040000000003,178.1992,-60.022400000000005,175,75
2026-05-11 17:57:13.874,4,0.06,-1.44,0.11,-218.36040000000003,153.3192,-68.19239999999999,175,75
2026-05-11 17:57:13.886,4,-0.12,-1.68,0.31,-278.1204,36.3692,-81.7324,175,75
2026-05-11 17:57:13.897,4,-0.17,-1.77,0.26,-308.6104,-17.1008,-74.7224,175,75
2026-05-11 17:57:13.908,4,-0.25,-1.89,0.16,-333.79040000000003,-31.1908,-59.7224,175,75
2026-05-11 17:57:13.908,4,-0.31,-2.11,0.07,-351.47040000000004,-7.2208,-44.2924,175,75
2026-05-11 17:57:13.943,4,-0.29,-4.34,0.29,-408.97040000000004,255.5192,-23.1924,175,75
2026-05-11 17:57:13.955,4,0.24,-5.61,0.46,-426.9604,320.3992,-9.4724,175,75
2026-05-11 17:57:13.972,4,0.65,-6.71,1.67,-537.0803999999999,252.58919999999998,-121.00240000000001,175,75
2026-05-11 17:57:13.972,4,0.99,-6.67,1.69,-604.2203999999999,173.2592,-179.1724,175,75
2026-05-11 17:57:13.983,4,0.78,-6.72,1.49,-610.9903999999999,115.9492,-195.8124,175,75
2026-05-11 17:57:14.044,4,0.58,-5.94,2.08,-501.47040000000004,276.9192,-308.0724,175,75
2026-05-11 17:57:14.056,4,0.63,-5.5,2.34,-446.53040000000004,251.55919999999998,-314.9024,175,75
2026-05-11 17:57:14.068,4,0.58,-5.06,2.56,-391.1104,195.39919999999998,-329.4124,175,75
2026-05-11 17:57:14.068,4,0.37,-4.48,2.69,-353.67040000000003,131.9192,-349.2324,175,75
2026-05-11 17:57:14.085,4,0.16,-3.4,2.61,-320.92040000000003,38.319199999999995,-340.5724,175,75
2026-05-11 17:57:14.106,4,0.02,-2.96,2.53,-293.42040000000003,9.1792,-325.3924,175,75
2026-05-11 17:57:14.106,4,-0.29,-2.57,2.51,-253.24040000000002,19.4792,-302.7024,175,75
2026-05-11 17:57:14.119,4,-0.64,-2.24,2.64,-208.73039999999997,84.53920000000001,-280.1424,175,75
2026-05-11 17:57:14.131,4,-0.78,-1.92,2.88,-155.31040000000002,158.4492,-256.6124,175,75
2026-05-11 17:57:14.131,4,-0.89,-1.5,3.1,-109.0904,177.1692,-228.2524,175,75
2026-05-11 17:57:14.183,4,-1.01,-0.88,1.89,-41.4704,-101.7408,-93.0124,175,75
2026-05-11 17:57:14.204,4,-1.41,-0.54,2.12,20.1096,384.4192,-38.0724,175,75
2026-05-11 17:57:14.228,4,-1.31,-0.58,3.26,69.8696,532.9592,36.2576,175,75
2026-05-11 17:57:14.240,4,-1.11,-0.63,3.51,53.2796,325.81919999999997,39.1276,175,75
2026-05-11 17:57:14.252,4,-0.97,-0.62,3.46,52.9196,136.8592,43.5776,175,75
2026-05-11 17:57:14.264,4,-0.84,-0.59,3.08,52.2496,-53.930800000000005,48.38759999999999,175,75
2026-05-11 17:57:14.276,4,-0.76,-0.56,2.57,46.449600000000004,-145.2108,58.99759999999999,175,75
2026-05-11 17:57:14.351,4,-0.63,-0.54,1.77,44.92959999999999,-88.2008,85.7076,175,75
2026-05-11 17:57:14.361,4,-0.41,-0.61,1.91,66.9396,170.45919999999998,126.98759999999999,175,75
2026-05-11 17:57:14.373,4,-0.31,-0.62,2.14,64.4996,170.2792,136.4376,175,75
2026-05-11 17:57:14.385,4,-0.23,-0.63,2.29,60.479600000000005,119.6692,144.9176,175,75
2026-05-11 17:57:14.395,4,-0.28,-0.67,2.22,57.8596,41.1292,157.3576,175,75
2026-05-11 17:57:14.420,4,-0.37,-0.78,2.09,60.4196,14.0592,169.1276,175,75
2026-05-11 17:57:14.430,4,-0.41,-0.93,1.93,64.7496,3.1992000000000003,182.9676,175,75
2026-05-11 17:57:14.470,4,-0.71,-2.39,2.07,68.4096,101.3092,318.4576,175,75
2026-05-11 17:57:14.482,4,-0.9,-2.8,2.06,65.5996,56.0092,352.9076,175,75
2026-05-11 17:57:14.492,4,-0.97,-3.43,2.05,60.9696,17.8392,397.7776,175,75
2026-05-11 17:57:14.515,4,-0.84,-5.24,2.1,105.6596,-77.04079999999999,525.8876,175,75
2026-05-11 17:57:14.534,4,-0.88,-5.45,2.16,128.52960000000002,-172.5908,538.8776,175,75
2026-05-11 17:57:14.546,4,-0.99,-5.62,2.16,125.5396,-230.4008,534.1276,175,75
2026-05-11 17:57:14.557,4,-0.98,-5.77,2.1,129.31959999999998,-265.4608,530.2176,175,75
2026-05-11 17:57:14.572,4,-1.03,-5.92,2.0,156.57959999999997,-307.2908,527.1076,175,75
2026-05-11 17:57:14.582,4,-0.92,-6.3,1.83,255.4796,-366.6108,492.3576,175,75
2026-05-11 17:57:14.635,4,-0.81,-6.38,1.78,292.1196,-393.2008,480.5876,175,75
2026-05-11 17:57:14.635,4,-0.71,-6.22,1.82,381.57959999999997,-466.74080000000004,417.9676,175,75
2026-05-11 17:57:14.647,4,-0.71,-6.02,1.79,408.0996,-509.8508,365.8276,175,75
2026-05-11 17:57:14.660,4,-0.62,-5.33,1.4,430.83959999999996,-663.7507999999999,258.6976,175,75
2026-05-11 17:57:14.679,4,-0.36,-4.46,-0.28,355.9096,-974.3008,210.7676,175,75
2026-05-11 17:57:14.693,4,-2.26,-3.16,-2.42,185.0496,-786.1307999999999,101.8076,175,75
2026-05-11 17:57:14.706,4,0.89,-0.23,-1.8,227.9196,325.5192,167.7176,175,75
2026-05-11 17:57:14.776,4,0.86,-1.93,1.07,328.70959999999997,393.3892,187.2376,175,75
2026-05-11 17:57:14.776,4,1.49,-1.78,1.43,219.8096,241.8592,165.8876,175,75
2026-05-11 17:57:14.803,4,2.25,-0.94,1.31,134.7496,-268.6908,118.9976,175,75
2026-05-11 17:57:14.807,4,2.09,-1.1,0.96,121.44959999999999,-448.6908,84.7976,175,75
2026-05-11 17:57:14.822,4,1.73,-1.18,0.55,91.6396,-568.9907999999999,46.687599999999996,175,75
2026-05-11 17:57:14.834,4,1.15,-1.03,-0.05,52.729600000000005,-616.0007999999999,5.097599999999998,175,75
2026-05-11 17:57:14.834,4,0.62,-0.8,-0.68,14.259599999999999,-559.1808,-33.7424,175,75
2026-05-11 17:57:14.857,4,0.05,-0.51,-1.25,-13.240400000000001,-282.6508,-62.8924,175,75
2026-05-11 17:57:14.871,4,-0.05,-0.34,-1.2,-14.640400000000001,-25.2108,-59.3524,175,75
2026-05-11 17:57:14.882,4,-0.06,-0.36,-0.8,-8.4204,158.86919999999998,-50.632400000000004,175,75
2026-05-11 17:57:14.894,4,0.01,-0.52,-0.21,-16.3504,302.3492,-46.8524,175,75
2026-05-11 17:57:14.904,4,0.15,-0.56,0.37,-36.1104,342.2292,-52.2824,175,75
2026-05-11 17:57:14.904,4,0.19,-0.56,0.68,-53.2404,329.4792,-61.912400000000005,175,75
2026-05-11 17:57:14.918,4,0.29,-0.57,0.92,-75.7404,283.56919999999997,-72.4024,175,75
2026-05-11 17:57:14.929,4,0.25,-0.66,1.2,-118.9104,116.9192,-91.1824,175,75
2026-05-11 17:57:14.940,4,0.12,-0.78,1.26,-141.3504,41.9192,-99.6524,175,75
2026-05-11 17:57:14.954,4,0.06,-0.82,1.27,-159.7004,-10.5808,-101.36240000000001,175,75
2026-05-11 17:57:14.954,4,-0.0,-0.88,1.24,-176.8404,-61.92080000000001,-100.4524,175,75
2026-05-11 17:57:14.954,4,-0.15,-0.96,1.15,-192.3304,-101.1308,-96.1824,175,75
2026-05-11 17:57:14.973,4,-0.38,-1.17,0.89,-239.2804,-98.0208,-70.7524,175,75
2026-05-11 17:57:14.986,4,-0.37,-1.32,0.8,-266.1104,-43.9908,-54.4724,175,75
2026-05-11 17:57:14.999,4,-0.32,-1.58,0.92,-280.9904,39.2992,-40.1424,175,75
2026-05-11 17:57:15.014,4,0.06,-2.06,1.2,-306.5904,122.64920000000001,-17.4024,175,75
2026-05-11 17:57:15.034,4,0.27,-2.27,1.43,-344.9504,113.31920000000001,-7.522400000000001,175,75
2026-05-11 17:57:15.045,4,0.65,-2.6,1.55,-371.78040000000004,85.5192,-4.532400000000001,175,75
2026-05-11 17:57:15.056,4,0.83,-3.37,1.53,-380.6804,15.2092,-33.6824,175,75
2026-05-11 17:57:15.067,4,0.9,-4.21,1.37,-386.78040000000004,-56.860800000000005,-57.952400000000004,175,75
2026-05-11 17:57:15.080,4,0.93,-5.43,1.0,-411.23040000000003,-140.2708,-64.6524,175,75
2026-05-11 17:57:15.103,4,0.55,-7.37,0.75,-532.4504,224.17919999999998,-99.9624,175,75
2026-05-11 17:57:15.128,4,1.09,-8.05,1.5,-449.22040000000004,290.69919999999996,-96.97240000000001,175,75
2026-05-11 17:57:15.144,4,0.82,-8.62,2.03,-396.8404,246.55919999999998,-100.6324,175,75
2026-05-11 17:57:15.172,4,0.07,-8.31,3.33,-451.17040000000003,91.3692,-288.0724,175,75
2026-05-11 17:57:15.186,4,0.28,-7.41,3.26,-488.73040000000003,31.369200000000003,-356.6724,175,75
2026-05-11 17:57:15.198,4,0.7,-6.1,2.77,-490.7404,14.179200000000002,-331.6724,175,75
2026-05-11 17:57:15.209,4,0.49,-4.75,2.44,-371.17040000000003,106.3092,-248.3124,175,75
2026-05-11 17:57:15.231,4,0.44,-4.36,2.76,-302.1404,136.9192,-244.04240000000001,175,75
2026-05-11 17:57:15.238,4,0.29,-3.98,2.91,-282.8804,140.20919999999998,-249.5324,175,75
2026-05-11 17:57:15.253,4,0.16,-3.46,2.97,-265.2504,135.2792,-248.5624,175,75
2026-05-11 17:57:15.253,4,-0.02,-2.84,3.0,-240.5004,125.9492,-236.9124,175,75
2026-05-11 17:57:15.291,4,-0.24,-1.58,2.79,-139.2804,92.03920000000001,-159.5324,175,75
2026-05-11 17:57:15.296,4,-0.23,-1.22,2.78,-104.7004,97.2292,-149.9624,175,75
2026-05-11 17:57:15.316,4,-0.34,-0.8,2.93,-62.690400000000004,44.4192,-136.6124,175,75
2026-05-11 17:57:15.329,4,-0.45,-0.8,2.91,-49.7004,15.699200000000001,-129.6524,175,75
2026-05-11 17:57:15.345,4,-0.82,-0.72,2.86,-40.8604,9.4192,-123.0124,175,75
2026-05-11 17:57:15.355,4,-1.02,-0.6,2.81,-29.520400000000002,35.639199999999995,-115.3324,175,75
2026-05-11 17:57:15.369,4,-1.16,-0.45,2.74,-9.220400000000001,70.8892,-100.2024,175,75
2026-05-11 17:57:15.369,4,-1.27,-0.36,2.73,4.079599999999999,111.9192,-88.3724,175,75
2026-05-11 17:57:15.381,4,-1.25,-0.27,2.8,15.7196,149.5392,-75.08239999999999,175,75
2026-05-11 17:57:15.399,4,-1.17,-0.13,2.94,23.8896,157.4692,-56.1824,175,75
2026-05-11 17:57:15.411,4,-1.16,-0.03,3.12,30.9696,121.9192,-28.3124,175,75
2026-05-11 17:57:15.411,4,-1.16,-0.04,3.17,27.2496,78.1392,-10.8724,175,75
2026-05-11 17:57:15.422,4,-1.21,-0.09,3.17,23.6496,35.7592,7.597599999999998,175,75
2026-05-11 17:57:15.436,4,-1.24,-0.17,3.09,24.199599999999997,0.3991999999999998,26.1376,175,75
2026-05-11 17:57:15.445,4,-1.35,-0.33,2.99,35.169599999999996,-18.6908,50.27759999999999,175,75
2026-05-11 17:57:15.469,4,-1.36,-0.7,2.91,73.4696,-22.6508,96.6276,175,75
2026-05-11 17:57:15.492,4,-1.53,-1.17,2.86,110.7196,-8.870800000000001,141.92759999999998,175,75
2026-05-11 17:57:15.516,4,-1.67,-1.34,2.84,136.44959999999998,33.139199999999995,177.6576,175,75
2026-05-11 17:57:15.516,4,-1.62,-1.64,2.89,164.8096,60.6992,216.6876,175,75
2026-05-11 17:57:15.525,4,-1.59,-1.99,2.89,185.5396,63.68919999999999,250.4676,175,75
2026-05-11 17:57:15.540,4,-1.61,-2.26,2.83,197.5496,58.0192,277.1076,175,75
2026-05-11 17:57:15.551,4,-1.71,-2.89,2.6,215.3596,64.4192,329.8576,175,75
2026-05-11 17:57:15.568,4,-1.7,-3.43,2.53,229.13959999999997,92.70920000000001,364.8576,175,75
2026-05-11 17:57:15.581,4,-1.55,-4.19,2.42,225.77960000000002,106.2492,433.2676,175,75
2026-05-11 17:57:15.598,4,-1.45,-4.59,2.42,225.5996,125.5192,465.7676,175,75
2026-05-11 17:57:15.616,4,-1.19,-5.1,2.42,222.18959999999998,101.3092,512.3576,175,75
2026-05-11 17:57:15.616,4,-1.13,-5.55,2.37,221.9996,68.92920000000001,549.3676,175,75
2026-05-11 17:57:15.649,4,-1.06,-6.1,2.29,204.6196,-1.3708000000000002,562.1676,175,75
2026-05-11 17:57:15.674,4,-0.81,-6.15,2.26,204.8696,-85.5208,553.2676,175,75
2026-05-11 17:57:15.674,4,-0.75,-6.29,2.18,219.9896,-123.93079999999999,561.1976,175,75
2026-05-11 17:57:15.732,4,-0.91,-6.71,1.82,272.8596,-199.2408,495.7676,175,75
2026-05-11 17:57:15.732,4,-0.72,-6.3,1.89,283.0396,-227.29080000000002,435.0376,175,75
2026-05-11 17:57:15.756,4,-0.45,-5.8,1.93,289.2596,-265.5808,382.1076,175,75
2026-05-11 17:57:15.768,4,-0.14,-5.34,1.93,291.02959999999996,-304.6008,351.0176,175,75
2026-05-11 17:57:15.817,4,0.2,-4.65,1.96,296.9396,-371.0008,343.2676,175,75
2026-05-11 17:57:15.817,4,0.2,-4.18,2.05,309.07959999999997,-435.9408,328.81759999999997,175,75
2026-05-11 17:57:15.828,4,0.16,-3.93,2.1,311.9996,-489.8508,304.8576,175,75
2026-05-11 17:57:15.840,4,0.28,-3.65,2.05,298.21959999999996,-572.5308,271.3776,175,75
2026-05-11 17:57:15.850,4,0.38,-3.32,1.73,277.8596,-703.3807999999999,220.2776,175,75
2026-05-11 17:57:15.850,4,0.28,-3.08,1.33,270.5396,-767.6508,166.92759999999998,175,75
2026-05-11 17:57:15.862,4,0.13,-2.83,0.84,258.1596,-783.4408,104.3676,175,75
2026-05-11 17:57:15.862,4,-0.05,-2.55,0.46,230.2296,-736.4907999999999,49.367599999999996,175,75
2026-05-11 17:57:15.874,4,-0.19,-2.37,0.18,205.6596,-646.3108,5.4076,175,75
2026-05-11 17:57:15.878,4,-0.13,-2.21,-0.07,181.9996,-529.4208,-36.9124,175,75
2026-05-11 17:57:15.892,4,-0.01,-1.89,-0.26,159.6196,-412.2208,-74.4124,175,75
2026-05-11 17:57:15.902,4,0.18,-1.54,-0.34,149.25959999999998,-354.7208,-86.2424,175,75
2026-05-11 17:57:15.902,4,0.31,-1.16,-0.42,130.3596,-317.1608,-99.9624,175,75
2026-05-11 17:57:15.914,4,0.33,-0.99,-0.49,105.1096,-307.5908,-108.86240000000001,175,75
2026-05-11 17:57:15.924,4,0.22,-0.87,-0.61,58.2796,-280.2708,-127.0324,175,75
2026-05-11 17:57:15.924,4,0.02,-0.79,-0.74,7.979599999999998,-223.63080000000002,-146.0024,175,75
2026-05-11 17:57:15.937,4,-0.25,-0.73,-0.83,-19.160400000000003,-131.7408,-161.79240000000001,175,75
2026-05-11 17:57:15.937,4,-0.48,-0.84,-0.76,-28.0604,-39.0508,-170.5124,175,75
2026-05-11 17:57:15.945,4,-0.64,-0.9,-0.64,-35.9204,31.799200000000003,-174.5924,175,75
2026-05-11 17:57:15.954,4,-0.74,-0.9,-0.58,-46.050399999999996,63.01919999999999,-171.79240000000001,175,75
2026-05-11 17:57:15.968,4,-0.86,-0.87,-0.58,-73.2404,65.5792,-163.07240000000002,175,75
2026-05-11 17:57:15.974,4,-1.06,-0.87,-0.69,-103.85040000000001,75.2792,-152.6424,175,75
2026-05-11 17:57:15.991,4,-1.28,-0.87,-0.81,-146.1104,128.01919999999998,-130.7524,175,75
2026-05-11 17:57:16.008,4,-1.46,-0.85,-0.74,-177.8804,239.4192,-103.5624,175,75
2026-05-11 17:57:16.019,4,-1.29,-0.95,-0.32,-194.4604,326.8592,-82.7024,175,75
2026-05-11 17:57:16.032,4,-0.8,-1.33,0.63,-235.86040000000003,297.4692,-71.1224,175,75
2026-05-11 17:57:16.080,4,-0.23,-1.53,0.88,-380.8604,-210.2708,-33.8624,175,75
2026-05-11 17:57:16.101,4,-0.26,-1.92,0.27,-453.91040000000004,-294.7208,33.697599999999994,175,75
2026-05-11 17:57:16.117,4,-0.33,-2.65,-0.16,-477.3904,-228.57080000000002,62.10759999999999,175,75
2026-05-11 17:57:16.131,4,-0.39,-3.83,-0.53,-486.1104,-103.93079999999999,61.5676,175,75
2026-05-11 17:57:16.143,4,-0.52,-4.95,-0.7,-509.5804,36.3092,48.99759999999999,175,75
2026-05-11 17:57:16.143,4,-0.76,-6.55,-0.78,-531.1104,216.9192,58.8776,175,75
2026-05-11 17:57:16.157,4,-0.17,-9.08,-0.18,-504.8904,393.44919999999996,143.9976,175,75
2026-05-11 17:57:16.176,4,-0.09,-8.9,1.69,-538.6704,416.9192,99.0676,175,75
2026-05-11 17:57:16.189,4,1.83,-8.24,3.63,-782.0204,150.6392,-59.7224,175,75
2026-05-11 17:57:16.208,4,1.1,-9.0,2.14,-792.5704,-163.7508,-159.8424,175,75
2026-05-11 17:57:16.222,4,1.8,-8.24,1.61,-767.1404,22.5292,-182.3424,175,75
2026-05-11 17:57:16.232,4,2.16,-7.33,1.53,-681.6604,198.5092,-128.92239999999998,175,75
2026-05-11 17:57:16.258,4,2.27,-7.64,2.16,-546.5304,319.1192,-131.9124,175,75
2026-05-11 17:57:16.258,4,2.12,-7.57,2.77,-507.8104,341.9792,-169.2324,175,75
2026-05-11 17:57:16.289,4,1.87,-7.24,3.4,-484.8304,313.19919999999996,-256.7924,175,75
2026-05-11 17:57:16.300,4,1.75,-5.95,3.8,-485.92040000000003,198.86919999999998,-347.8324,175,75
2026-05-11 17:57:16.317,4,0.99,-4.56,3.66,-388.5504,147.4692,-353.3124,175,75
2026-05-11 17:57:16.323,4,0.31,-3.84,3.95,-312.8804,216.9192,-368.9824,175,75
2026-05-11 17:57:16.337,4,-0.13,-2.75,4.36,-239.16039999999998,251.36919999999998,-365.1424,175,75
2026-05-11 17:57:16.351,4,-0.26,-1.49,4.47,-151.35039999999998,128.80919999999998,-279.2924,175,75
2026-05-11 17:57:16.379,4,0.38,-0.22,4.18,11.5796,-258.93080000000003,-217.5224,175,75
2026-05-11 17:57:16.402,4,-1.56,-0.7,3.16,-9.640400000000001,-212.5308,-164.1724,175,75
2026-05-11 17:57:16.416,4,-1.64,-0.7,3.11,29.2596,-83.5008,-121.3024,175,75
2026-05-11 17:57:16.416,4,-1.21,-0.96,3.2,63.5296,-30.7008,-98.9224,175,75
2026-05-11 17:57:16.431,4,-1.11,-1.16,3.21,70.3596,-32.3508,-86.97240000000001,175,75
2026-05-11 17:57:16.438,4,-1.33,-1.18,2.99,67.7296,-21.9808,-81.5424,175,75
2026-05-11 17:57:16.455,4,-1.59,-0.93,2.79,78.7096,47.64919999999999,-70.0224,175,75
2026-05-11 17:57:16.478,4,-1.72,-0.44,3.08,85.2996,151.36919999999998,-21.9724,175,75
2026-05-11 17:57:16.490,4,-1.57,-0.31,3.14,84.4396,130.9492,-1.4824000000000002,175,75
2026-05-11 17:57:16.509,4,-1.34,-0.25,2.96,88.0996,47.64919999999999,44.6676,175,75
2026-05-11 17:57:16.527,4,-1.01,-0.51,2.53,98.2796,11.7992,89.1876,175,75
2026-05-11 17:57:16.541,4,-0.77,-0.61,2.33,106.20960000000001,7.7791999999999994,105.27759999999999,175,75
2026-05-11 17:57:16.575,4,-0.48,-0.75,1.94,114.3796,53.4492,128.45759999999999,175,75
2026-05-11 17:57:16.600,4,-0.35,-0.89,2.03,126.9396,97.95920000000001,140.4076,175,75
2026-05-11 17:57:16.610,4,-0.31,-0.98,2.09,130.4196,90.9492,145.4076,175,75
2026-05-11 17:57:16.622,4,-0.34,-1.16,2.0,134.37959999999998,67.95920000000001,158.1476,175,75
2026-05-11 17:57:16.642,4,-0.36,-1.33,1.89,131.87959999999998,61.499199999999995,169.8576,175,75
2026-05-11 17:57:16.654,4,-0.45,-1.48,1.83,129.8096,72.5292,180.5876,175,75
2026-05-11 17:57:16.689,4,-0.71,-1.83,1.86,132.0596,140.33919999999998,222.1676,175,75
2026-05-11 17:57:16.689,4,-0.87,-2.06,2.03,142.18959999999998,182.89919999999998,256.3776,175,75
2026-05-11 17:57:16.700,4,-0.99,-2.39,2.26,154.13959999999997,183.6292,297.1676,175,75
2026-05-11 17:57:16.711,4,-1.14,-2.87,2.48,157.4896,141.79919999999998,337.2376,175,75
2026-05-11 17:57:16.716,4,-1.28,-3.41,2.65,152.8596,68.0192,376.1976,175,75
2026-05-11 17:57:16.726,4,-1.44,-3.95,2.66,149.07959999999997,12.4092,429.7376,175,75
2026-05-11 17:57:16.740,4,-1.35,-4.98,2.53,151.08960000000002,-67.2208,515.2176,175,75
2026-05-11 17:57:16.751,4,-1.58,-6.04,2.31,160.3596,-116.4908,576.7476,175,75
2026-05-11 17:57:16.762,4,-1.81,-6.27,2.2,162.3096,-138.20080000000002,558.9976,175,75
2026-05-11 17:57:16.762,4,-1.64,-6.03,2.33,127.1896,-118.7508,522.2976,175,75
2026-05-11 17:57:16.778,4,-1.08,-5.8,2.39,89.8696,-143.5008,512.6576,175,75
2026-05-11 17:57:16.797,4,-0.91,-5.85,2.5,130.7196,-234.66080000000002,536.1376,175,75
2026-05-11 17:57:16.815,4,-0.91,-6.1,3.14,197.3096,-342.4708,551.1976,175,75
2026-05-11 17:57:16.815,4,-0.83,-6.54,3.23,236.02959999999996,-557.4108,538.5776,175,75
2026-05-11 17:57:16.828,4,-1.72,-7.37,2.44,341.3896,-675.0908,462.5976,175,75
2026-05-11 17:57:16.901,4,-1.81,-7.59,1.8,454.7496,-894.1808,168.6976,175,75
2026-05-11 17:57:16.911,4,-2.05,-6.91,0.77,454.2596,-953.7507999999999,-18.6224,175,75
2026-05-11 17:57:16.915,4,-2.06,-6.35,-0.17,499.3196,-928.9308,-74.1124,175,75
2026-05-11 17:57:16.938,4,-1.3,-3.3,-2.55,374.6896,-222.7708,-64.3524,175,75
2026-05-11 17:57:16.963,4,-0.91,-0.67,-0.93,351.9996,78.6292,64.60759999999999,175,75
2026-05-11 17:57:16.974,4,-0.76,-1.12,-0.54,332.4296,105.3392,95.5876,175,75
2026-05-11 17:57:16.975,4,-0.36,-1.42,-0.34,256.14959999999996,60.5192,101.6876,175,75
2026-05-11 17:57:16.986,4,0.12,-1.29,-0.43,200.4796,-29.9108,87.5376,175,75
2026-05-11 17:57:16.996,4,0.21,-1.09,-0.58,169.8696,-104.79079999999999,57.477599999999995,175,75
2026-05-11 17:57:17.010,4,0.02,-0.94,-0.66,144.13959999999997,-109.2408,30.647599999999997,175,75
2026-05-11 17:57:17.020,4,-0.08,-0.76,-0.71,116.9396,-92.04079999999999,16.077599999999997,175,75
2026-05-11 17:57:17.032,4,-0.11,-0.46,-0.7,88.0396,-71.43079999999999,14.8576,175,75
2026-05-11 17:57:17.050,4,-0.07,-0.28,-0.58,47.7996,-59.540800000000004,20.217599999999997,175,75
2026-05-11 17:57:17.058,4,-0.11,-0.29,-0.43,1.2095999999999982,-41.5508,25.767599999999995,175,75
2026-05-11 17:57:17.101,4,-0.17,-0.33,-0.29,-30.0104,-2.5308,33.087599999999995,175,75
2026-05-11 17:57:17.112,4,-0.18,-0.37,-0.11,-53.300399999999996,57.89919999999999,43.3276,175,75
2026-05-11 17:57:17.179,4,-0.18,-0.41,0.07,-67.69040000000001,103.4492,50.1576,175,75
2026-05-11 17:57:17.179,4,-0.1,-0.55,0.36,-81.2304,161.2492,52.6576,175,75
2026-05-11 17:57:17.218,4,0.07,-0.62,0.56,-92.0804,166.61919999999998,52.8476,175,75
2026-05-11 17:57:17.218,4,0.18,-0.62,0.74,-114.0904,136.8592,51.0176,175,75
2026-05-11 17:57:17.242,4,0.26,-0.71,0.91,-170.99040000000002,39.789199999999994,41.5676,175,75
2026-05-11 17:57:17.242,4,0.19,-0.74,0.84,-197.6904,10.8192,43.8176,175,75
2026-05-11 17:57:17.252,4,0.13,-0.8,0.8,-213.06040000000002,18.5692,46.3176,175,75
2026-05-11 17:57:17.264,4,0.29,-1.52,0.9,-248.49040000000002,98.0192,44.7376,175,75
2026-05-11 17:57:17.274,4,0.34,-1.89,1.05,-279.8904,114.4792,36.1376,175,75
2026-05-11 17:57:17.274,4,0.42,-2.09,1.19,-308.6104,116.06920000000001,24.3076,175,75
2026-05-11 17:57:17.286,4,0.55,-2.24,1.21,-327.6904,92.4692,16.0176,175,75
2026-05-11 17:57:17.300,4,0.67,-2.95,0.95,-358.97040000000004,5.8192,5.217599999999999,175,75
2026-05-11 17:57:17.318,4,0.49,-5.3,0.13,-410.3804,-11.0708,7.6576,175,75
2026-05-11 17:57:17.339,4,-0.3,-7.79,0.31,-468.42040000000003,311.3092,24.4876,175,75
2026-05-11 17:57:17.352,4,-0.13,-8.46,1.18,-484.5804,439.4192,6.437599999999998,175,75
2026-05-11 17:57:17.363,4,0.28,-8.96,1.86,-482.4504,420.69919999999996,-7.522400000000001,175,75
2026-05-11 17:57:17.440,4,-0.26,-10.8,3.33,-555.1904,151.36919999999998,-118.6824,175,75
2026-05-11 17:57:17.462,4,-0.57,-11.02,3.54,-684.0304,35.0892,-275.8124,175,75
2026-05-11 17:57:17.474,4,0.21,-8.86,2.47,-713.0604,-34.60080000000001,-272.5824,175,75
2026-05-11 17:57:17.490,4,0.07,-7.94,2.35,-600.9204,76.7392,-226.6124,175,75
2026-05-11 17:57:17.490,4,0.33,-7.27,2.79,-543.6103999999999,141.9192,-227.0924,175,75
2026-05-11 17:57:17.500,4,0.06,-2.79,3.46,-264.6404,224.9092,-201.79240000000001,175,75
2026-05-11 17:57:17.511,4,-0.06,-2.0,3.24,-141.8404,261.4992,-140.3924,175,75
2026-05-11 17:57:17.522,4,0.08,-1.19,3.48,-34.4604,174.5392,-153.6224,175,75
2026-05-11 17:57:17.547,4,-0.61,-1.39,2.78,-59.400400000000005,-69.85079999999999,-151.6724,175,75
2026-05-11 17:57:17.565,4,-1.14,-1.03,2.18,-96.6604,37.89919999999999,-171.3024,175,75
2026-05-11 17:57:17.581,4,-1.2,-0.51,2.57,-57.080400000000004,221.0692,-169.7224,175,75
2026-05-11 17:57:17.594,4,-1.07,-0.27,2.98,-29.090400000000002,240.33919999999998,-157.7624,175,75
2026-05-11 17:57:17.605,4,-0.9,-0.08,3.2,-15.740400000000001,188.80919999999998,-139.17239999999998,175,75
2026-05-11 17:57:17.640,4,-1.2,-0.14,2.94,1.5795999999999992,109.17920000000001,-88.4324,175,75
2026-05-11 17:57:17.688,4,-1.06,-0.2,2.93,21.5096,-79.4808,-30.7524,175,75
2026-05-11 17:57:17.701,4,-1.09,-0.3,2.6,25.169599999999996,-108.7508,-17.2224,175,75
2026-05-11 17:57:17.714,4,-1.23,-0.38,2.28,32.2496,-74.0508,-5.1424,175,75
2026-05-11 17:57:17.725,4,-1.15,-0.42,2.17,47.119600000000005,-2.5908,8.327599999999999,175,75
2026-05-11 17:57:17.750,4,-1.01,-0.4,2.3,65.7196,38.929199999999994,27.1676,175,75
2026-05-11 17:57:17.761,4,-0.91,-0.41,2.43,74.0796,40.14919999999999,42.477599999999995,175,75
2026-05-11 17:57:17.761,4,-0.85,-0.46,2.52,80.6596,19.5992,61.9276,175,75
2026-05-11 17:57:17.783,4,-0.61,-0.71,2.32,90.8396,-50.030800000000006,100.88759999999999,175,75
2026-05-11 17:57:17.826,4,-0.41,-1.13,1.92,111.75959999999999,-30.6408,150.5876,175,75
2026-05-11 17:57:17.826,4,-0.28,-1.24,1.89,121.50959999999999,-4.6608,167.3576,175,75
2026-05-11 17:57:17.838,4,-0.18,-1.29,1.87,131.87959999999998,26.6792,182.8476,175,75
2026-05-11 17:57:17.850,4,-0.12,-1.3,1.85,139.68959999999998,59.969199999999994,193.9376,175,75
2026-05-11 17:57:17.860,4,-0.13,-1.41,1.86,153.88959999999997,107.7792,216.6876,175,75
2026-05-11 17:57:17.871,4,-0.17,-1.69,1.97,172.4296,150.7592,235.70759999999999,175,75
2026-05-11 17:57:17.881,4,-0.02,-2.14,2.23,194.9896,201.0092,251.19760000000002,175,75
2026-05-11 17:57:17.938,4,-0.02,-4.52,2.78,206.20960000000002,-119.1108,351.3776,175,75
2026-05-11 17:57:17.938,4,-0.39,-5.09,2.35,202.18959999999998,-191.6108,404.9776,175,75
2026-05-11 17:57:17.961,4,-1.28,-7.66,1.35,242.18959999999998,-53.320800000000006,540.4076,175,75
2026-05-11 17:57:17.972,4,-1.76,-7.88,1.23,279.6896,107.95920000000001,510.21759999999995,175,75
2026-05-11 17:57:17.979,4,-1.16,-7.43,2.04,306.4496,219.7292,470.6476,175,75
2026-05-11 17:57:17.984,4,-0.6,-7.19,2.69,299.07959999999997,161.42919999999998,528.2676,175,75
2026-05-11 17:57:18.020,4,-0.38,-7.11,3.08,284.7496,-32.9608,628.9376,175,75
2026-05-11 17:57:18.031,4,-0.53,-7.2,2.92,277.2496,-259.7908,673.4576,175,75
2026-05-11 17:57:18.043,4,-1.28,-7.56,1.53,282.9196,-463.87080000000003,474.7376,175,75
2026-05-11 17:57:18.056,4,-0.59,-6.89,0.7,319.8096,-413.6308,289.0576,175,75
2026-05-11 17:57:18.072,4,0.02,-6.01,0.46,348.21959999999996,-370.4008,201.4376,175,75
2026-05-11 17:57:18.083,4,0.98,-4.74,0.53,404.1996,-371.37080000000003,215.4676,175,75
2026-05-11 17:57:18.097,4,1.12,-3.83,0.69,447.1896,-434.4808,305.3476,175,75
2026-05-11 17:57:18.108,4,1.57,-3.76,0.39,393.0996,-877.8308,267.2376,175,75
2026-05-11 17:57:18.139,4,-0.74,-3.14,-0.92,157.3696,-1199.8508,117.23759999999999,175,75
2026-05-11 17:57:18.139,4,-2.08,-2.45,-3.38,-48.6104,-756.4907999999999,-88.6824,175,75
2026-05-11 17:57:18.157,4,-0.66,-0.35,-3.81,-80.9204,-322.1008,-65.08239999999999,175,75
2026-05-11 17:57:18.179,4,0.26,-1.0,-1.02,34.4996,-7.2908,101.6276,175,75
2026-05-11 17:57:18.207,4,0.09,-1.1,-0.5,-79.46039999999999,-203.44080000000002,61.2576,175,75
2026-05-11 17:57:18.217,4,-0.06,-1.03,-0.53,-114.7704,-256.7408,52.6576,175,75
2026-05-11 17:57:18.217,4,-0.24,-0.87,-0.64,-150.5004,-268.4408,53.2076,175,75
2026-05-11 17:57:18.242,4,-0.43,-0.72,-0.76,-188.85039999999998,-204.85080000000002,72.8476,175,75
2026-05-11 17:57:18.248,4,-0.48,-0.78,-0.69,-211.11040000000003,-90.5208,97.35759999999999,175,75
2026-05-11 17:57:18.264,4,-0.31,-1.09,-0.4,-229.0904,10.8892,120.4676,175,75
2026-05-11 17:57:18.279,4,0.0,-1.71,0.16,-286.47040000000004,91.9792,135.95759999999999,175,75
2026-05-11 17:57:18.292,4,0.1,-2.03,0.34,-312.7504,92.09920000000001,132.9676,175,75
2026-05-11 17:57:18.303,4,0.2,-2.51,0.48,-339.0904,71.4992,126.6876,175,75
2026-05-11 17:57:18.307,4,0.23,-3.12,0.55,-369.0904,38.389199999999995,117.7776,175,75
2026-05-11 17:57:18.319,4,0.28,-3.48,0.55,-393.3604,20.2792,115.0376,175,75
2026-05-11 17:57:18.332,4,0.47,-3.79,0.54,-426.23040000000003,11.3092,114.30760000000001,175,75
2026-05-11 17:57:18.365,4,0.93,-5.07,0.56,-500.3804,49.4192,98.02759999999999,175,75
2026-05-11 17:57:18.376,4,0.98,-5.23,0.67,-512.8804,98.92920000000001,82.5976,175,75
2026-05-11 17:57:18.390,4,1.38,-5.39,0.76,-517.0204,108.6292,63.1476,175,75
2026-05-11 17:57:18.411,4,1.44,-5.53,0.86,-547.2704,76.9792,-26.7924,175,75
2026-05-11 17:57:18.421,4,1.37,-5.61,0.88,-545.8004,79.78920000000001,-53.312400000000004,175,75
2026-05-11 17:57:18.434,4,1.25,-5.65,0.96,-542.9404,106.1892,-70.5724,175,75
2026-05-11 17:57:18.445,4,1.23,-5.56,1.13,-536.0504,152.95919999999998,-98.1924,175,75
2026-05-11 17:57:18.468,4,1.22,-5.09,1.51,-499.7004,182.0392,-160.0224,175,75
2026-05-11 17:57:18.490,4,0.99,-4.68,1.84,-442.4504,184.9692,-211.6724,175,75
2026-05-11 17:57:18.501,4,0.87,-4.49,2.0,-413.73040000000003,176.79919999999998,-237.0324,175,75
2026-05-11 17:57:18.530,4,0.28,-3.37,2.41,-352.5704,172.2292,-277.2824,175,75
2026-05-11 17:57:18.541,4,0.0,-2.83,2.49,-312.8804,203.3192,-269.9624,175,75
2026-05-11 17:57:18.546,4,-0.06,-2.38,2.59,-251.11040000000003,231.30919999999998,-253.3724,175,75
2026-05-11 17:57:18.570,4,-0.07,-1.78,2.46,-170.0704,202.0992,-228.4424,175,75
2026-05-11 17:57:18.580,4,-0.15,-1.6,2.34,-143.06040000000002,207.4092,-219.6524,175,75
2026-05-11 17:57:18.600,4,-0.45,-1.44,2.26,-111.2904,253.1392,-208.8024,175,75
2026-05-11 17:57:18.600,4,-0.53,-1.32,2.38,-81.8404,302.1692,-199.3524,175,75
2026-05-11 17:57:18.630,4,-0.38,-0.91,2.86,-27.6904,248.80919999999998,-192.4624,175,75
2026-05-11 17:57:18.641,4,-0.27,-0.79,2.91,-4.4604,144.4792,-187.3424,175,75
2026-05-11 17:57:18.653,4,-0.23,-0.8,2.62,8.4696,44.789199999999994,-184.04240000000001,175,75
2026-05-11 17:57:18.664,4,-0.34,-0.81,2.33,10.909599999999998,10.6992,-182.4624,175,75
2026-05-11 17:57:18.679,4,-0.57,-0.73,2.19,20.169599999999996,55.14919999999999,-179.2324,175,75
2026-05-11 17:57:18.690,4,-0.52,-0.59,2.3,31.089599999999997,93.5092,-167.7024,175,75
2026-05-11 17:57:18.701,4,-0.5,-0.5,2.43,32.7296,81.0092,-158.0124,175,75
2026-05-11 17:57:18.714,4,-0.43,-0.39,2.44,29.0096,41.3692,-143.8624,175,75
2026-05-11 17:57:18.714,4,-0.38,-0.32,2.32,22.799599999999998,19.5392,-129.23239999999998,175,75
2026-05-11 17:57:18.726,4,-0.26,-0.28,2.12,14.139600000000002,15.519200000000001,-111.2424,175,75
2026-05-11 17:57:18.737,4,-0.13,-0.27,1.83,9.5596,35.7592,-92.4624,175,75
2026-05-11 17:57:18.749,4,-0.08,-0.33,1.59,19.8696,78.0792,-77.7624,175,75
2026-05-11 17:57:18.760,4,0.19,-0.53,1.38,53.2196,155.9492,-65.7524,175,75
2026-05-11 17:57:18.772,4,0.43,-0.74,1.36,78.0396,205.7592,-69.2924,175,75
2026-05-11 17:57:18.784,4,0.66,-0.87,1.47,90.2296,236.42919999999998,-82.7024,175,75
2026-05-11 17:57:18.784,4,0.86,-0.86,1.63,93.64959999999999,228.6292,-100.6924,175,75
2026-05-11 17:57:18.801,4,0.94,-0.77,1.8,93.5296,163.4492,-123.5624,175,75
2026-05-11 17:57:18.812,4,0.95,-0.69,1.78,92.7996,71.0092,-141.73239999999998,175,75
2026-05-11 17:57:18.824,4,0.83,-0.56,1.56,94.5596,2.9592,-159.3524,175,75
2026-05-11 17:57:18.853,4,0.47,0.57,1.33,51.3296,-29.1108,-171.8524,175,75
2026-05-11 17:57:18.853,4,0.43,1.18,1.22,40.7796,-19.4808,-157.6424,175,75
2026-05-11 17:57:18.910,4,0.59,0.36,1.45,38.6496,-2.4708,-96.9124,175,75
2026-05-11 17:57:18.920,4,0.62,0.47,1.41,33.2196,-85.15079999999999,-97.89240000000001,175,75
2026-05-11 17:57:18.931,4,0.53,0.49,1.23,30.5396,-129.7908,-96.6724,175,75
2026-05-11 17:57:18.954,4,0.35,0.34,0.88,18.2196,-104.4808,-90.5724,175,75
2026-05-11 17:57:18.954,4,0.36,0.24,0.81,12.729599999999998,-51.8008,-87.1524,175,75
2026-05-11 17:57:18.959,4,0.42,0.15,0.81,9.749599999999997,2.4092000000000002,-84.3524,175,75
2026-05-11 17:57:18.969,4,0.49,0.08,0.91,5.479599999999998,49.2392,-84.0424,175,75
2026-05-11 17:57:18.981,4,0.59,0.05,1.05,0.10960000000000036,74.4192,-87.64240000000001,175,75
2026-05-11 17:57:19.004,4,0.69,0.03,1.25,-9.220400000000001,67.7792,-100.2024,175,75
2026-05-11 17:57:19.004,4,0.72,0.06,1.34,-22.5104,36.249199999999995,-112.2824,175,75
2026-05-11 17:57:19.014,4,0.65,0.2,1.33,-42.7504,-9.5408,-123.0124,175,75
2026-05-11 17:57:19.034,4,0.44,0.35,1.21,-75.9204,-54.3008,-126.7324,175,75
2026-05-11 17:57:19.056,4,0.15,0.08,0.97,-104.9504,-53.2008,-111.9124,175,75
2026-05-11 17:57:19.056,4,-0.01,0.07,0.96,-104.7704,-12.7708,-106.7324,175,75
2026-05-11 17:57:19.069,4,-0.11,0.15,1.07,-87.6904,67.1692,-100.14240000000001,175,75
2026-05-11 17:57:19.081,4,-0.17,0.44,1.44,-45.1904,165.08919999999998,-90.0224,175,75
2026-05-11 17:57:19.094,4,-0.13,0.97,1.85,7.6096,198.7492,-66.6124,175,75
2026-05-11 17:57:19.114,4,0.07,1.13,2.18,89.1396,58.6892,-27.0924,175,75
2026-05-11 17:57:19.125,4,0.18,0.93,2.07,101.8796,-65.7008,-14.4124,175,75
2026-05-11 17:57:19.142,4,0.18,0.73,1.65,93.2196,-194.91080000000002,-2.7624000000000013,175,75
2026-05-11 17:57:19.153,4,-0.03,0.72,1.05,84.3796,-215.5808,14.9776,175,75
2026-05-11 17:57:19.165,4,-0.1,0.81,0.65,87.1896,-139.85080000000002,31.7476,175,75
2026-05-11 17:57:19.176,4,-0.1,0.89,0.44,95.5396,-7.6508,45.3476,175,75
2026-05-11 17:57:19.186,4,0.03,0.8,0.53,103.4096,163.5092,56.3176,175,75
2026-05-11 17:57:19.186,4,0.17,0.68,0.82,103.4696,282.2292,61.6276,175,75
2026-05-11 17:57:19.197,4,0.37,0.56,1.21,101.0296,347.2892,65.8276,175,75
2026-05-11 17:57:19.212,4,0.61,0.38,1.54,94.1396,333.25919999999996,68.1476,175,75
2026-05-11 17:57:19.230,4,0.84,0.23,1.76,81.50959999999999,271.5592,62.717600000000004,175,75
2026-05-11 17:57:19.235,4,0.96,0.16,1.89,67.3696,184.8492,49.5476,175,75
2026-05-11 17:57:19.249,4,1.01,0.11,1.92,58.03959999999999,113.56920000000001,37.477599999999995,175,75
2026-05-11 17:57:19.253,4,0.99,0.02,1.8,49.619600000000005,32.8392,23.4576,175,75
2026-05-11 17:57:19.269,4,0.86,-0.08,1.64,44.199600000000004,-5.2108,11.3776,175,75
2026-05-11 17:57:19.283,4,0.82,-0.12,1.54,40.0496,-8.1408,5.277599999999998,175,75
2026-05-11 17:57:19.307,4,0.67,-0.07,1.41,32.489599999999996,27.3492,-0.8124000000000002,175,75
2026-05-11 17:57:19.316,4,0.67,-0.08,1.42,31.3896,48.2592,-0.5724,175,75
2026-05-11 17:57:19.342,4,0.66,-0.16,1.47,32.5496,78.1392,-3.1324000000000005,175,75
2026-05-11 17:57:19.342,4,0.67,-0.22,1.55,33.4096,88.3892,-8.1324,175,75
2026-05-11 17:57:19.353,4,0.67,-0.23,1.64,30.5396,84.59920000000001,-13.682400000000001,175,75
2026-05-11 17:57:19.373,4,0.67,-0.2,1.71,23.339599999999997,62.2292,-20.2024,175,75
2026-05-11 17:57:19.383,4,0.7,-0.17,1.74,15.9696,32.529199999999996,-24.0424,175,75
2026-05-11 17:57:19.398,4,0.71,-0.17,1.68,4.689599999999999,-11.6808,-27.7624,175,75
2026-05-11 17:57:19.404,4,0.69,-0.21,1.58,-1.6604000000000028,-30.8208,-31.3024,175,75
2026-05-11 17:57:19.421,4,0.41,0.42,1.43,-21.840400000000002,-10.2108,-39.0424,175,75
2026-05-11 17:57:19.435,4,0.6,1.08,1.46,-42.4504,13.3192,-21.9124,175,75
2026-05-11 17:57:19.435,4,0.59,1.57,1.49,-54.0904,6.0692,0.7675999999999998,175,75
2026-05-11 17:57:19.450,4,0.57,1.4,1.36,-38.790400000000005,22.0392,33.2076,175,75
2026-05-11 17:57:19.469,4,0.6,0.61,1.26,-18.9704,73.1992,48.9376,175,75
2026-05-11 17:57:19.482,4,0.71,0.28,1.33,-12.690400000000002,145.2792,42.5976,175,75
2026-05-11 17:57:19.531,4,1.27,1.01,1.94,26.3296,2.0392,-6.0024,175,75
2026-05-11 17:57:19.542,4,1.04,0.81,1.1,30.839599999999997,-72.90079999999999,-5.512400000000001,175,75
2026-05-11 17:57:19.559,4,1.14,0.7,1.01,26.5096,-14.9708,-13.1324,175,75
2026-05-11 17:57:19.570,4,1.24,0.65,1.05,29.809599999999996,40.279199999999996,-25.6324,175,75
2026-05-11 17:57:19.612,4,1.23,0.71,1.4,46.0296,92.5892,-56.1224,175,75
2026-05-11 17:57:19.612,4,1.14,0.81,1.49,44.00959999999999,61.7992,-62.4624,175,75
2026-05-11 17:57:19.630,4,1.08,0.84,1.49,41.6396,36.069199999999995,-64.6524,175,75
2026-05-11 17:57:19.641,4,0.98,0.82,1.41,39.809599999999996,15.7592,-66.5424,175,75
2026-05-11 17:57:19.641,4,0.87,0.76,1.32,41.2096,16.3092,-68.7424,175,75
2026-05-11 17:57:19.661,4,0.79,0.73,1.28,42.0596,29.5992,-70.3924,175,75
2026-05-11 17:57:19.725,4,0.65,0.72,1.27,43.589600000000004,56.7392,-70.8124,175,75
2026-05-11 17:57:19.725,4,0.53,0.73,1.34,45.479600000000005,79.78920000000001,-67.6424,175,75
2026-05-11 17:57:19.725,4,0.42,0.73,1.44,45.479600000000005,89.59920000000001,-59.842400000000005,175,75
2026-05-11 17:57:19.749,4,0.24,0.69,1.54,43.589600000000004,85.6992,-35.5124,175,75
2026-05-11 17:57:19.749,4,0.19,0.65,1.55,44.0796,86.0092,-25.4524,175,75
2026-05-11 17:57:19.762,4,0.17,0.56,1.57,45.839600000000004,88.3892,-14.112400000000001,175,75
2026-05-11 17:57:19.773,4,0.23,0.37,1.69,41.6396,76.42920000000001,0.9576000000000011,175,75
2026-05-11 17:57:19.795,4,0.25,0.23,1.75,29.4396,10.0892,2.597599999999998,175,75
2026-05-11 17:57:19.806,4,0.24,0.19,1.73,24.809599999999996,-14.3608,1.3775999999999993,175,75
2026-05-11 17:57:19.817,4,0.17,0.15,1.62,20.7196,-42.290800000000004,2.297600000000001,175,75
2026-05-11 17:57:19.851,4,0.16,0.06,1.54,25.779600000000002,-38.2008,5.957600000000001,175,75
2026-05-11 17:57:19.862,4,0.2,-0.05,1.55,35.7796,-33.6908,7.9076,175,75
2026-05-11 17:57:19.879,4,0.21,-0.08,1.58,40.9096,-39.540800000000004,8.6976,175,75
2026-05-11 17:57:19.900,4,0.23,-0.11,1.59,46.5796,-49.6608,10.8876,175,75
2026-05-11 17:57:19.900,4,0.26,-0.11,1.59,51.3296,-61.7408,14.6076,175,75
2026-05-11 17:57:19.915,4,0.43,-0.04,1.47,65.4796,-89.60079999999999,27.4176,175,75
2026-05-11 17:57:19.943,4,0.68,0.05,1.24,61.209599999999995,-111.5508,22.1676,175,75
2026-05-11 17:57:19.943,4,0.73,0.16,1.13,47.0596,-107.29079999999999,13.027599999999998,175,75
2026-05-11 17:57:19.965,4,0.76,0.33,1.06,32.8596,-94.18079999999999,6.627599999999999,175,75
2026-05-11 17:57:19.965,4,0.8,0.55,1.02,18.339599999999997,-71.0008,5.7676,175,75
2026-05-11 17:57:20.000,4,0.94,0.74,0.99,-9.460400000000002,-27.4108,14.487599999999999,175,75
2026-05-11 17:57:20.011,4,1.0,0.77,1.01,-22.3904,6.9792000000000005,11.077599999999999,175,75
2026-05-11 17:57:20.023,4,1.05,0.85,1.22,-37.3304,45.639199999999995,0.21759999999999913,175,75
2026-05-11 17:57:20.034,4,1.03,0.92,1.32,-40.07040000000001,44.2992,-0.8724000000000007,175,75
2026-05-11 17:57:20.053,4,1.01,0.91,1.38,-38.300399999999996,27.8992,4.057599999999999,175,75
2026-05-11 17:57:20.066,4,1.0,0.7,1.37,-31.050400000000003,13.6292,9.667599999999998,175,75
2026-05-11 17:57:20.066,4,1.03,0.48,1.36,-25.5604,13.1392,7.237599999999999,175,75
2026-05-11 17:57:20.080,4,1.07,0.29,1.36,-22.8104,15.949200000000001,-0.8124000000000002,175,75
2026-05-11 17:57:20.085,4,1.08,0.14,1.4,-23.0604,17.4692,-15.5724,175,75
2026-05-11 17:57:20.100,4,1.05,0.08,1.46,-27.5704,9.7892,-31.0024,175,75
2026-05-11 17:57:20.112,4,0.99,0.1,1.5,-33.7304,-14.3608,-45.3324,175,75
2026-05-11 17:57:20.117,4,0.92,0.08,1.5,-37.510400000000004,-41.9808,-53.4324,175,75
2026-05-11 17:57:20.129,4,0.82,0.02,1.43,-42.6904,-71.6108,-62.6424,175,75
2026-05-11 17:57:20.140,4,0.79,-0.0,1.38,-47.6304,-82.10079999999999,-69.1124,175,75
2026-05-11 17:57:20.159,4,0.7,-0.05,1.34,-53.0604,-85.0908,-81.61240000000001,175,75
2026-05-11 17:57:20.170,4,0.58,-0.07,1.32,-65.44040000000001,-83.1408,-100.9324,175,75
2026-05-11 17:57:20.176,4,0.39,0.08,1.38,-83.6704,-85.8808,-110.5124,175,75
2026-05-11 17:57:20.189,4,0.18,0.25,1.47,-105.0704,-80.46079999999999,-102.5824,175,75
2026-05-11 17:57:20.200,4,0.18,0.37,1.56,-111.6604,-81.68079999999999,-73.1324,175,75
2026-05-11 17:57:20.208,4,0.18,0.62,1.63,-98.6704,-80.8808,-46.3624,175,75
2026-05-11 17:57:20.219,4,0.33,0.85,1.62,-58.7904,-87.29079999999999,-23.6224,175,75
2026-05-11 17:57:20.240,4,0.65,0.69,1.41,1.8195999999999977,-117.65079999999999,-11.3024,175,75
2026-05-11 17:57:20.246,4,0.72,0.71,1.28,6.819599999999998,-133.9908,-19.9024,175,75
2026-05-11 17:57:20.256,4,0.73,0.78,1.13,13.889600000000002,-143.0808,-25.8124,175,75
2026-05-11 17:57:20.267,4,0.73,0.82,0.99,25.229599999999998,-148.9908,-23.4424,175,75
2026-05-11 17:57:20.278,4,0.68,0.8,0.88,36.6996,-152.5908,-16.302400000000002,175,75
2026-05-11 17:57:20.321,4,0.63,0.59,0.4,41.879599999999996,16.9192,7.777599999999998,175,75
2026-05-11 17:57:20.336,4,0.66,0.44,0.65,30.1096,208.92919999999998,5.037599999999999,175,75
2026-05-11 17:57:20.361,4,0.68,0.39,1.27,17.799599999999998,283.44919999999996,-6.852400000000001,175,75
2026-05-11 17:57:20.373,4,0.68,0.35,1.54,13.889600000000002,263.31919999999997,-14.1724,175,75
2026-05-11 17:57:20.383,4,0.69,0.31,1.76,7.919599999999999,206.4992,-22.3424,175,75
2026-05-11 17:57:20.394,4,0.62,0.27,1.83,5.3596,144.8492,-27.642400000000002,175,75
2026-05-11 17:57:20.395,4,0.53,0.21,1.8,5.599599999999999,91.1292,-29.2924,175,75
2026-05-11 17:57:20.414,4,0.46,0.17,1.75,5.7196,53.8092,-29.4724,175,75
2026-05-11 17:57:20.417,4,0.39,0.16,1.69,3.5295999999999985,36.0092,-27.892400000000002,175,75
2026-05-11 17:57:20.426,4,0.35,0.17,1.62,1.9995999999999974,32.469199999999994,-25.0224,175,75
2026-05-11 17:57:20.436,4,0.33,0.17,1.57,0.10960000000000036,36.679199999999994,-20.392400000000002,175,75
2026-05-11 17:57:20.451,4,0.35,0.13,1.53,-0.13040000000000163,50.14919999999999,-16.3624,175,75
2026-05-11 17:57:20.462,4,0.36,0.07,1.54,0.4195999999999991,65.3392,-13.8024,175,75
2026-05-11 17:57:20.475,4,0.39,0.02,1.58,2.429599999999997,79.84920000000001,-12.342400000000001,175,75
2026-05-11 17:57:20.489,4,0.42,0.03,1.63,6.329599999999999,84.7292,-11.002400000000002,175,75
2026-05-11 17:57:20.498,4,0.42,0.03,1.67,10.779600000000002,81.8592,-9.0424,175,75
2026-05-11 17:57:20.513,4,0.43,0.05,1.72,18.339599999999997,73.0192,-6.0024,175,75
2026-05-11 17:57:20.524,4,0.46,0.04,1.75,24.4996,67.03920000000001,-4.782400000000001,175,75
2026-05-11 17:57:20.536,4,0.52,-0.01,1.8,39.8696,40.5192,-4.592400000000001,175,75
2026-05-11 17:57:20.563,4,0.61,-0.07,1.75,54.4996,-3.2008,-7.522400000000001,175,75
2026-05-11 17:57:20.576,4,0.68,-0.14,1.64,56.819599999999994,-32.8308,-13.8024,175,75
2026-05-11 17:57:20.576,4,0.71,-0.18,1.54,55.479600000000005,-51.1908,-19.6524,175,75
2026-05-11 17:57:20.603,4,0.78,-0.2,1.42,53.5296,-62.960800000000006,-28.072400000000002,175,75
2026-05-11 17:57:20.603,4,0.7,0.21,1.28,36.6396,-78.6308,-49.2924,175,75
2026-05-11 17:57:20.618,4,0.69,1.3,1.31,-8.6704,-42.5908,-46.3024,175,75
2026-05-11 17:57:20.654,4,0.55,1.43,1.03,4.869599999999998,-70.3308,-0.942400000000001,175,75
2026-05-11 17:57:20.654,4,0.58,0.91,0.82,24.4396,-24.0508,12.3576,175,75
2026-05-11 17:57:20.678,4,0.68,0.43,0.77,38.3396,66.5592,9.547600000000001,175,75
2026-05-11 17:57:20.678,4,0.78,0.34,1.15,46.819599999999994,183.86919999999998,-25.6924,175,75
2026-05-11 17:57:20.689,4,0.85,0.69,1.37,49.00959999999999,168.4492,-31.422400000000003,175,75
2026-05-11 17:57:20.695,4,0.85,0.89,1.47,52.3096,115.2792,-27.642400000000002,175,75
2026-05-11 17:57:20.714,4,0.8,0.93,1.47,52.489599999999996,50.819199999999995,-20.0224,175,75
2026-05-11 17:57:20.733,4,0.76,0.91,1.36,42.2496,-4.8508000000000004,-14.1724,175,75
2026-05-11 17:57:20.745,4,0.78,0.8,1.2,26.449599999999997,-22.0408,-12.7024,175,75
2026-05-11 17:57:20.755,4,0.96,0.6,1.02,14.869599999999998,34.609199999999994,-24.0424,175,75
2026-05-11 17:57:20.755,4,1.01,0.6,1.1,18.409599999999998,75.0892,-34.1124,175,75
2026-05-11 17:57:20.775,4,0.99,0.66,1.23,20.779600000000002,94.6692,-43.312400000000004,175,75
2026-05-11 17:57:20.775,4,0.94,0.72,1.32,19.7496,91.6192,-45.812400000000004,175,75
2026-05-11 17:57:20.786,4,0.91,0.76,1.36,19.0096,73.5092,-44.9624,175,75
2026-05-11 17:57:20.797,4,0.85,0.81,1.33,14.749600000000001,48.4492,-42.4024,175,75
2026-05-11 17:57:20.820,4,0.77,0.83,1.23,9.619599999999998,41.3092,-38.4424,175,75
2026-05-11 17:57:20.820,4,0.72,0.8,1.15,7.8596,58.929199999999994,-35.4524,175,75
2026-05-11 17:57:20.833,4,0.67,0.76,1.15,4.499599999999997,91.42920000000001,-35.3924,175,75
2026-05-11 17:57:20.844,4,0.64,0.74,1.21,2.729599999999998,114.9092,-35.4524,175,75
2026-05-11 17:57:20.859,4,0.59,0.71,1.27,0.8395999999999972,129.23919999999998,-35.2024,175,75
2026-05-11 17:57:20.869,4,0.52,0.62,1.34,-0.9904000000000011,138.4492,-34.5924,175,75
2026-05-11 17:57:20.881,4,0.46,0.56,1.36,-2.3903999999999996,148.2592,-33.9224,175,75
2026-05-11 17:57:20.888,4,0.4,0.5,1.39,-3.240400000000001,161.1292,-33.1924,175,75
2026-05-11 17:57:20.931,4,0.26,0.27,1.62,-2.6304000000000016,189.3592,-32.0924,175,75
2026-05-11 17:57:20.935,4,0.26,0.21,1.72,1.389599999999998,178.01919999999998,-34.1724,175,75
2026-05-11 17:57:20.955,4,0.22,0.16,1.81,11.639600000000002,136.42919999999998,-38.562400000000004,175,75
2026-05-11 17:57:20.970,4,0.18,0.21,1.81,17.549599999999998,105.3392,-37.8924,175,75
2026-05-11 17:57:20.982,4,0.16,0.23,1.79,24.0796,85.3392,-34.6524,175,75
2026-05-11 17:57:20.992,4,0.16,0.26,1.77,30.9696,68.6892,-31.6124,175,75
2026-05-11 17:57:21.020,4,0.2,0.29,1.73,48.709599999999995,31.009200000000003,-24.412399999999998,175,75
2026-05-11 17:57:21.032,4,0.24,0.28,1.72,55.0496,9.9692,-22.032400000000003,175,75
2026-05-11 17:57:21.037,4,0.27,0.33,1.71,60.1696,-9.360800000000001,-19.8424,175,75
2026-05-11 17:57:21.049,4,0.33,0.41,1.67,62.2496,-34.9108,-16.302400000000002,175,75
2026-05-11 17:57:21.076,4,0.4,0.52,1.49,60.1096,-72.96079999999999,-6.9724,175,75
2026-05-11 17:57:21.076,4,0.42,0.53,1.4,57.0596,-70.6408,-5.202400000000001,175,75
2026-05-11 17:57:21.089,4,0.44,0.56,1.35,52.6696,-59.4808,-5.0824,175,75
2026-05-11 17:57:21.099,4,0.46,0.62,1.35,43.7696,-41.1908,-5.0824,175,75
2026-05-11 17:57:21.111,4,0.47,0.69,1.37,33.3396,-26.3708,-4.6524,175,75
2026-05-11 17:57:21.137,4,0.5,0.8,1.46,16.5096,-17.2908,4.307599999999999,175,75
2026-05-11 17:57:21.150,4,0.49,0.82,1.47,9.319599999999998,-17.7708,11.437599999999998,175,75
2026-05-11 17:57:21.155,4,0.51,0.83,1.47,4.439599999999999,-9.4208,20.037599999999998,175,75
2026-05-11 17:57:21.170,4,0.57,0.79,1.48,1.8195999999999977,2.4692,27.8476,175,75
2026-05-11 17:57:21.181,4,0.66,0.73,1.52,0.9695999999999998,12.6492,31.3176,175,75
2026-05-11 17:57:21.187,4,0.75,0.66,1.57,1.1495999999999995,17.0392,31.197599999999994,175,75
2026-05-11 17:57:21.197,4,0.81,0.56,1.61,2.3095999999999997,15.089200000000002,26.5676,175,75
2026-05-11 17:57:21.220,4,0.85,0.45,1.66,3.5895999999999972,2.0392,16.867599999999996,175,75
2026-05-11 17:57:21.232,4,0.86,0.4,1.66,2.6096000000000004,-14.0508,8.8176,175,75
2026-05-11 17:57:21.288,4,0.86,0.36,1.6,1.0895999999999972,-33.1408,1.3176000000000005,175,75
2026-05-11 17:57:21.288,4,0.79,0.31,1.51,-1.7804000000000002,-41.1908,-6.542400000000001,175,75
2026-05-11 17:57:21.288,4,0.79,0.27,1.44,-4.950400000000002,-40.9408,-11.6724,175,75
2026-05-11 17:57:21.299,4,0.71,0.2,1.32,-9.580400000000001,-13.2608,-24.0424,175,75
2026-05-11 17:57:21.310,4,0.68,0.17,1.33,-12.5104,-0.15080000000000027,-30.392400000000002,175,75
2026-05-11 17:57:21.310,4,0.67,0.14,1.35,-15.560400000000001,10.8892,-36.2424,175,75
2026-05-11 17:57:21.321,4,0.66,0.13,1.38,-20.4404,18.0192,-43.562400000000004,175,75
2026-05-11 17:57:21.324,4,0.63,0.13,1.4,-25.9904,18.5092,-50.3324,175,75
2026-05-11 17:57:21.365,4,0.59,0.15,1.41,-33.2404,15.639199999999999,-56.1224,175,75
2026-05-11 17:57:21.377,4,0.53,0.14,1.43,-42.0204,11.3692,-61.3624,175,75
2026-05-11 17:57:21.377,4,0.47,0.14,1.45,-48.8504,11.0692,-64.2324,175,75
2026-05-11 17:57:21.388,4,0.44,0.23,1.47,-59.0904,9.2992,-66.3624,175,75
2026-05-11 17:57:21.388,4,0.37,0.51,1.53,-82.69040000000001,1.9191999999999998,-65.7524,175,75
2026-05-11 17:57:21.400,4,0.28,0.67,1.58,-100.3804,-3.1408000000000005,-59.6524,175,75
2026-05-11 17:57:21.410,4,0.1,0.52,1.72,-76.7204,22.0992,-16.7924,175,75
2026-05-11 17:57:21.418,4,0.21,0.62,1.83,-45.07040000000001,45.0892,2.967599999999999,175,75
2026-05-11 17:57:21.426,4,0.4,0.85,1.9,-13.1804,28.5092,18.8776,175,75
2026-05-11 17:57:21.457,4,0.49,1.0,1.65,33.7096,-18.9308,41.9876,175,75
2026-05-11 17:57:21.457,4,0.57,0.96,1.51,44.1396,-30.2708,50.7676,175,75
2026-05-11 17:57:21.467,4,0.65,0.92,1.28,50.479600000000005,-30.6408,59.4876,175,75
2026-05-11 17:57:21.500,4,0.72,0.89,1.12,50.4196,-11.8608,63.1476,175,75
2026-05-11 17:57:21.516,4,1.02,0.56,1.04,41.0296,126.55919999999999,47.7776,175,75
2026-05-11 17:57:21.529,4,1.05,0.5,1.22,38.3396,157.5292,31.687599999999996,175,75
2026-05-11 17:57:21.561,4,0.9,0.32,1.71,35.169599999999996,121.06920000000001,-4.292400000000001,175,75
2026-05-11 17:57:21.591,4,0.75,0.18,1.79,41.5796,60.889199999999995,-12.4624,175,75
2026-05-11 17:57:21.601,4,0.66,0.11,1.76,44.379599999999996,34.0592,-13.502400000000002,175,75
2026-05-11 17:57:21.615,4,0.6,0.07,1.69,43.5296,20.4592,-12.1524,175,75
2026-05-11 17:57:21.626,4,0.57,0.09,1.61,40.419599999999996,19.9692,-10.692400000000001,175,75
2026-05-11 17:57:21.640,4,0.56,0.11,1.57,37.6096,24.1192,-9.2324,175,75
2026-05-11 17:57:21.652,4,0.54,0.14,1.54,33.8296,32.1692,-6.9124,175,75
2026-05-11 17:57:21.652,4,0.52,0.15,1.51,30.909599999999998,42.64919999999999,-4.532400000000001,175,75
2026-05-11 17:57:21.696,4,0.47,0.12,1.54,27.1196,79.53920000000001,6.7476,175,75
2026-05-11 17:57:21.717,4,0.5,0.11,1.57,28.099599999999995,82.4092,7.847599999999998,175,75
2026-05-11 17:57:21.743,4,0.54,0.11,1.59,32.2496,73.0192,8.5176,175,75
2026-05-11 17:57:21.743,4,0.58,0.1,1.59,35.0496,66.06920000000001,6.687599999999998,175,75
2026-05-11 17:57:21.770,4,0.68,0.15,1.57,40.0496,40.14919999999999,-3.862400000000001,175,75
2026-05-11 17:57:21.813,4,0.72,0.66,1.56,23.0396,1.4291999999999996,-15.8124,175,75
2026-05-11 17:57:21.830,4,0.73,0.92,1.49,14.559599999999996,-2.2208,-6.0624,175,75
2026-05-11 17:57:21.879,4,0.75,0.98,1.49,13.409599999999998,26.1292,-1.4824000000000002,175,75
2026-05-11 17:57:21.924,4,0.83,0.88,1.7,39.6896,19.2992,2.5375999999999994,175,75
2026-05-11 17:57:21.945,4,0.91,0.9,1.62,44.4996,-12.4108,10.8876,175,75
2026-05-11 17:57:21.945,4,0.97,0.85,1.53,45.7196,-11.8608,11.867599999999998,175,75
2026-05-11 17:57:21.967,4,1.06,0.72,1.45,44.5596,5.2792,2.4776000000000007,175,75
2026-05-11 17:57:21.967,4,1.07,0.74,1.44,41.6996,15.5792,-4.352400000000001,175,75
2026-05-11 17:57:21.978,4,1.06,0.77,1.41,38.5896,22.6492,-10.8724,175,75
2026-05-11 17:57:22.005,4,0.93,0.76,1.38,32.1896,56.3692,-18.1924,175,75
2026-05-11 17:57:22.016,4,0.85,0.76,1.42,28.6496,80.7592,-19.232400000000002,175,75
2026-05-11 17:57:22.027,4,0.79,0.76,1.49,24.1396,95.81920000000001,-18.6224,175,75
2026-05-11 17:57:22.037,4,0.73,0.74,1.55,20.299599999999998,102.89920000000001,-16.6724,175,75
2026-05-11 17:57:22.048,4,0.68,0.69,1.59,19.0796,104.2992,-13.9824,175,75
2026-05-11 17:57:22.072,4,0.6,0.61,1.63,18.8896,103.92920000000001,-10.6324,175,75
2026-05-11 17:57:22.072,4,0.57,0.54,1.65,21.029600000000002,104.7292,-6.792400000000001,175,75
2026-05-11 17:57:22.082,4,0.56,0.47,1.68,23.6496,102.5892,-5.202400000000001,175,75
2026-05-11 17:57:22.131,4,0.52,0.3,1.73,34.0796,88.31920000000001,-10.2624,175,75
2026-05-11 17:57:22.131,4,0.49,0.23,1.75,38.3396,74.0592,-14.842400000000001,175,75
2026-05-11 17:57:22.143,4,0.45,0.18,1.74,41.879599999999996,56.069199999999995,-18.3724,175,75
2026-05-11 17:57:22.158,4,0.41,0.15,1.72,45.479600000000005,40.39919999999999,-19.7224,175,75
2026-05-11 17:57:22.166,4,0.4,0.13,1.68,48.8896,26.0692,-18.9224,175,75
2026-05-11 17:57:22.166,4,0.38,0.13,1.64,50.0496,18.5092,-18.6824,175,75
2026-05-11 17:57:22.191,4,0.43,0.15,1.61,50.1096,14.359200000000001,-14.9024,175,75
2026-05-11 17:57:22.234,4,0.59,0.22,1.55,43.709599999999995,-6.0008,-11.6724,175,75
2026-05-11 17:57:22.245,4,0.64,0.28,1.53,38.8296,-8.440800000000001,-12.9524,175,75
2026-05-11 17:57:22.255,4,0.66,0.36,1.51,32.1896,-8.1408,-14.9024,175,75
2026-05-11 17:57:22.269,4,0.69,0.6,1.49,13.339599999999997,-5.8208,-18.1924,175,75
2026-05-11 17:57:22.303,4,0.63,0.69,1.5,-7.630400000000002,39.0592,0.9576000000000011,175,75
2026-05-11 17:57:22.360,4,0.66,0.64,1.62,-13.790400000000002,59.849199999999996,10.8876,175,75
2026-05-11 17:57:22.373,4,0.66,0.58,1.7,-17.8104,58.5092,17.107599999999998,175,75
2026-05-11 17:57:22.373,4,0.61,0.51,1.71,-20.7404,53.6292,21.7476,175,75
2026-05-11 17:57:22.413,4,0.34,0.26,1.62,-38.7304,62.8392,44.4876,175,75
2026-05-11 17:57:22.452,4,0.1,-0.15,1.38,-140.1904,244.3592,137.7176,175,75
2026-05-11 17:57:22.485,4,0.76,-0.68,2.0,-153.67040000000003,450.81919999999997,67.1676,175,75
2026-05-11 17:57:22.526,4,0.9,-0.51,2.42,-136.2904,454.9692,23.4576,175,75
2026-05-11 17:57:22.539,4,1.29,0.8,3.9,-48.4904,332.2892,-72.5224,175,75
2026-05-11 17:57:22.561,4,0.74,1.22,4.2,55.7796,-458.0808,-194.5324,175,75
2026-05-11 17:57:22.672,4,0.78,0.7,1.58,109.7496,42.779199999999996,-45.3324,175,75
2026-05-11 17:57:22.705,4,0.43,0.24,1.58,43.4696,-34.970800000000004,12.1076,175,75
2026-05-11 17:57:22.719,4,0.36,0.08,1.51,26.9396,9.4792,34.6076,175,75
2026-05-11 17:57:22.731,4,0.32,-0.02,1.54,24.0796,40.819199999999995,42.1676,175,75
2026-05-11 17:57:22.743,4,0.37,-0.13,1.75,12.119599999999998,67.7792,42.907599999999995,175,75
2026-05-11 17:57:22.764,4,0.39,-0.17,1.88,4.009599999999999,48.8692,39.6076,175,75
2026-05-11 17:57:22.775,4,0.41,-0.21,1.95,-5.560400000000001,1.9191999999999998,37.7176,175,75
2026-05-11 17:57:22.786,4,0.38,-0.24,1.91,-18.730400000000003,-49.110800000000005,39.977599999999995,175,75
2026-05-11 17:57:22.797,4,0.4,-0.23,1.82,-30.5004,-75.2708,43.8176,175,75
2026-05-11 17:57:22.807,4,0.37,-0.19,1.71,-42.2704,-84.60079999999999,47.9676,175,75
2026-05-11 17:57:22.852,4,0.54,-0.26,1.55,-59.1604,-42.1608,52.41759999999999,175,75
2026-05-11 17:57:22.905,4,1.12,-0.09,1.41,-91.35040000000001,-51.610800000000005,7.537599999999999,175,75
2026-05-11 17:57:22.905,4,1.21,-0.03,1.42,-106.4104,-51.610800000000005,-0.0823999999999998,175,75
2026-05-11 17:57:22.916,4,1.25,0.07,1.5,-123.7904,-61.1908,-4.042400000000001,175,75
2026-05-11 17:57:22.934,4,1.34,0.19,1.6,-149.5804,-82.71079999999999,-2.8324,175,75
2026-05-11 17:57:22.968,4,1.34,0.35,1.72,-177.3904,-122.4708,-1.1224000000000007,175,75
2026-05-11 17:57:22.968,4,1.38,0.56,1.83,-181.5904,-120.40079999999999,-2.952400000000001,175,75
2026-05-11 17:57:23.010,4,1.08,2.13,2.52,-189.4604,21.3092,19.0676,175,75
2026-05-11 17:57:23.010,4,1.09,1.77,2.74,-103.0004,12.0392,31.017599999999995,175,75
2026-05-11 17:57:23.021,4,1.38,1.87,3.05,-73.91040000000001,4.2992,25.0976,175,75
2026-05-11 17:57:23.035,4,1.56,1.72,3.1,30.779600000000002,-147.5308,-3.1324000000000005,175,75
2026-05-11 17:57:23.057,4,1.12,1.05,2.12,113.5896,-212.6508,-39.1724,175,75
2026-05-11 17:57:23.104,4,0.5,0.47,1.19,153.4696,-86.3708,-40.3924,175,75
2026-05-11 17:57:23.104,4,0.38,0.32,0.99,158.4096,14.729199999999999,-35.1424,175,75
2026-05-11 17:57:23.148,4,0.77,-0.05,1.65,179.5596,311.4992,18.087599999999995,175,75
2026-05-11 17:57:23.159,4,0.97,-0.46,1.91,172.7296,170.6992,14.547600000000001,175,75
2026-05-11 17:57:23.169,4,0.9,-0.64,1.82,140.3596,71.9792,-10.942400000000001,175,75
2026-05-11 17:57:23.186,4,0.86,-0.64,1.71,121.20960000000001,27.5292,-28.8024,175,75
2026-05-11 17:57:23.193,4,0.83,-0.67,1.64,100.7796,7.6492,-43.9824,175,75
2026-05-11 17:57:23.211,4,0.82,-0.65,1.62,83.7096,-21.6808,-57.702400000000004,175,75
2026-05-11 17:57:23.238,4,0.62,-0.47,1.36,57.6096,-65.3308,-74.7824,175,75
2026-05-11 17:57:23.250,4,0.57,-0.39,1.2,53.2196,-68.3808,-77.4024,175,75
2026-05-11 17:57:23.250,4,0.51,-0.28,1.05,47.1896,-51.250800000000005,-77.7624,175,75
2026-05-11 17:57:23.274,4,0.41,0.38,0.88,9.929599999999997,67.34920000000001,-72.7624,175,75
2026-05-11 17:57:23.298,4,0.37,1.23,0.99,-19.2204,155.8892,-63.6224,175,75
2026-05-11 17:57:23.330,4,0.15,1.26,1.61,-13.790400000000002,266.9192,-53.982400000000005,175,75
2026-05-11 17:57:23.336,4,0.28,1.39,2.08,-27.200400000000002,250.6992,-50.5124,175,75
2026-05-11 17:57:23.362,4,0.26,1.47,2.82,-59.7004,14.9692,-42.8924,175,75
2026-05-11 17:57:23.362,4,0.15,1.45,2.78,-60.190400000000004,-140.0908,-27.8324,175,75
2026-05-11 17:57:23.376,4,0.03,1.38,2.43,-55.620400000000004,-224.48080000000002,5.217599999999999,175,75
2026-05-11 17:57:23.408,4,0.29,0.21,1.44,14.689599999999999,-13.9908,98.99759999999999,175,75
2026-05-11 17:57:23.422,4,0.38,-0.03,1.46,28.2196,40.279199999999996,86.3176,175,75
2026-05-11 17:57:23.481,4,0.84,-0.28,1.76,-21.0504,-60.7008,-18.5624,175,75
2026-05-11 17:57:23.498,4,0.19,0.15,1.3,-62.6304,-139.79080000000002,-104.4124,175,75
2026-05-11 17:57:23.512,4,0.28,0.28,1.37,-69.16040000000001,-112.35079999999999,-103.9824,175,75
2026-05-11 17:57:23.522,4,0.43,0.42,1.49,-70.9904,-110.82079999999999,-102.7624,175,75
2026-05-11 17:57:23.527,4,0.54,0.58,1.64,-74.7704,-154.91080000000002,-102.9524,175,75
2026-05-11 17:57:23.543,4,0.59,0.65,1.66,-79.8904,-197.7108,-101.7924,175,75
2026-05-11 17:57:23.564,4,0.53,0.68,1.51,-85.9904,-256.3708,-96.61240000000001,175,75
2026-05-11 17:57:23.576,4,0.42,0.8,1.35,-95.99040000000001,-274.18080000000003,-88.3124,175,75
2026-05-11 17:57:23.576,4,0.38,1.01,1.22,-107.3304,-254.48080000000002,-73.6224,175,75
2026-05-11 17:57:23.609,4,0.54,1.13,1.13,-127.0204,-162.9608,-45.1424,175,75
2026-05-11 17:57:23.644,4,0.63,1.07,1.14,-103.6704,-67.65079999999999,-18.072400000000002,175,75
2026-05-11 17:57:23.644,4,0.54,1.31,1.21,-89.5804,2.9592,-1.612400000000001,175,75
2026-05-11 17:57:23.666,4,0.31,1.48,1.76,-44.0904,181.0692,42.1676,175,75
2026-05-11 17:57:23.666,4,0.34,1.37,2.18,-20.5604,196.1292,65.2176,175,75
2026-05-11 17:57:23.707,4,0.64,1.03,2.56,23.339599999999997,0.6991999999999996,115.4076,175,75
2026-05-11 17:57:23.727,4,0.88,0.53,1.93,62.369600000000005,-65.7608,133.0276,175,75
2026-05-11 17:57:23.738,4,0.81,0.25,1.73,83.0396,-34.970800000000004,131.3776,175,75
2026-05-11 17:57:23.784,4,0.74,-0.5,1.46,99.9896,51.3692,89.9176,175,75
2026-05-11 17:57:23.796,4,0.65,-0.52,1.4,95.7196,68.92920000000001,85.6476,175,75
2026-05-11 17:57:23.808,4,0.58,-0.53,1.36,89.0796,95.39920000000001,79.60759999999999,175,75
2026-05-11 17:57:23.808,4,0.58,-0.55,1.36,82.7996,122.03920000000001,70.8276,175,75
2026-05-11 17:57:23.828,4,0.6,-0.61,1.41,70.5996,158.1392,52.967600000000004,175,75
2026-05-11 17:57:23.839,4,0.62,-0.65,1.48,54.4396,172.3492,32.907599999999995,175,75
2026-05-11 17:57:23.861,4,0.68,-0.7,1.69,17.1196,139.3592,-23.0124,175,75
2026-05-11 17:57:23.862,4,0.62,-0.69,1.75,0.16959999999999908,62.779199999999996,-58.9224,175,75
2026-05-11 17:57:23.912,4,0.52,0.11,1.34,-98.7904,-228.9908,-99.4124,175,75
2026-05-11 17:57:23.926,4,0.46,0.63,1.01,-135.4404,-203.57080000000002,-71.9724,175,75
2026-05-11 17:57:23.939,4,0.57,1.12,0.94,-142.0204,-125.46079999999999,-37.7624,175,75
2026-05-11 17:57:23.968,4,0.9,2.85,2.03,-89.4004,308.9992,38.9976,175,75
2026-05-11 17:57:24.032,4,1.53,2.5,2.97,32.6096,253.1392,81.49759999999999,175,75
2026-05-11 17:57:24.044,4,1.36,1.77,2.64,66.0896,53.0192,43.3276,175,75
2026-05-11 17:57:24.066,4,1.25,0.91,2.12,115.9696,17.7092,19.2476,175,75
2026-05-11 17:57:24.066,4,1.18,0.56,2.02,128.2196,-3.3208,7.297600000000001,175,75
2026-05-11 17:57:24.066,4,1.01,0.27,1.92,134.13959999999997,-21.8008,0.21759999999999913,175,75
2026-05-11 17:57:24.088,4,0.86,0.09,1.86,134.25959999999998,-27.5908,-3.8024000000000004,175,75
2026-05-11 17:57:24.100,4,0.7,-0.05,1.8,127.85959999999999,-26.8608,-5.0824,175,75
2026-05-11 17:57:24.111,4,0.59,-0.06,1.74,119.3796,-31.3708,1.2575999999999983,175,75
2026-05-11 17:57:24.116,4,0.55,-0.04,1.7,112.48960000000001,-39.970800000000004,7.967599999999999,175,75
2026-05-11 17:57:24.132,4,0.48,-0.2,1.55,90.2996,-38.6908,15.4676,175,75
2026-05-11 17:57:24.165,4,0.44,-0.43,1.54,70.8396,-20.0908,11.1376,175,75
2026-05-11 17:57:24.165,4,0.41,-0.5,1.56,56.75959999999999,-23.6908,5.647599999999999,175,75
2026-05-11 17:57:24.175,4,0.36,-0.52,1.58,37.1196,-30.6408,-3.0124000000000013,175,75
2026-05-11 17:57:24.203,4,0.32,-0.36,1.58,-11.660400000000001,-62.220800000000004,-17.8324,175,75
2026-05-11 17:57:24.214,4,0.29,-0.36,1.53,-26.590400000000002,-66.0008,-20.5124,175,75
2026-05-11 17:57:24.222,4,0.27,-0.41,1.46,-43.7304,-60.7008,-23.4424,175,75
2026-05-11 17:57:24.237,4,0.28,-0.41,1.4,-57.690400000000004,-41.610800000000005,-25.6324,175,75
2026-05-11 17:57:24.265,4,0.42,-0.3,1.38,-71.9004,2.0991999999999997,-29.2324,175,75
2026-05-11 17:57:24.265,4,0.5,-0.22,1.39,-77.0204,10.6992,-30.5124,175,75
2026-05-11 17:57:24.337,4,0.6,-0.17,1.37,-80.9204,17.6492,-31.5424,175,75
2026-05-11 17:57:24.342,4,0.79,0.68,1.33,-65.0104,74.4192,-36.3624,175,75
2026-05-11 17:57:24.357,4,0.81,1.25,1.44,-55.1304,117.5292,-33.1924,175,75
2026-05-11 17:57:24.357,4,0.77,1.68,1.62,-49.9504,155.14919999999998,-35.4524,175,75
2026-05-11 17:57:24.448,4,0.75,1.8,1.94,-31.7204,177.7792,-40.0824,175,75
2026-05-11 17:57:24.448,4,0.73,1.58,2.26,-5.6204,126.7392,-42.2224,175,75
2026-05-11 17:57:24.448,4,0.39,2.14,2.59,-37.5704,23.5692,-54.3524,175,75
2026-05-11 17:57:24.459,4,-0.02,1.82,2.59,-39.6404,-83.1408,-28.1924,175,75
2026-05-11 17:57:24.505,4,-0.01,1.45,2.45,-16.050400000000003,-101.07079999999999,1.1975999999999996,175,75
2026-05-11 17:57:24.527,4,0.19,0.28,1.57,44.0796,-6.3708,106.5676,175,75
2026-05-11 17:57:24.527,4,0.23,0.03,1.53,55.1096,26.6792,109.3076,175,75
2026-05-11 17:57:24.527,4,0.37,-0.2,1.54,64.7496,48.1992,102.10759999999999,175,75
2026-05-11 17:57:24.541,4,0.61,-0.43,1.69,52.6696,5.5792,18.3876,175,75
2026-05-11 17:57:24.554,4,0.64,-0.35,1.72,36.5096,-38.2008,-13.3124,175,75
2026-05-11 17:57:24.564,4,0.48,-0.05,1.48,-31.3504,-171.98080000000002,-74.1124,175,75
2026-05-11 17:57:24.575,4,0.3,0.03,1.3,-60.0704,-186.6108,-84.9024,175,75
2026-05-11 17:57:24.575,4,0.25,0.1,1.21,-77.5104,-171.8608,-83.3124,175,75
2026-05-11 17:57:24.587,4,0.35,0.27,1.17,-97.6904,-142.5908,-75.69239999999999,175,75
2026-05-11 17:57:24.600,4,0.47,0.48,1.18,-111.2904,-102.7708,-66.7324,175,75
2026-05-11 17:57:24.624,4,0.59,0.64,1.4,-102.2704,8.5092,-47.8924,175,75
2026-05-11 17:57:24.624,4,0.75,1.0,1.71,-93.9704,50.0892,-33.6224,175,75
2026-05-11 17:57:24.641,4,0.91,1.69,2.12,-94.7704,51.429199999999994,-24.0424,175,75
2026-05-11 17:57:24.651,4,0.96,2.12,2.39,-89.1604,15.4592,-12.2224,175,75
2026-05-11 17:57:24.661,4,1.04,2.18,2.43,-53.180400000000006,-44.0508,6.137600000000001,175,75
2026-05-11 17:57:24.735,4,0.72,1.13,1.57,31.1496,45.279199999999996,-3.2523999999999997,175,75
2026-05-11 17:57:24.735,4,0.7,1.01,1.78,37.919599999999996,65.6992,0.6475999999999988,175,75
2026-05-11 17:57:24.747,4,0.66,0.88,1.94,38.4696,54.789199999999994,5.707600000000001,175,75
2026-05-11 17:57:24.747,4,0.68,0.78,2.07,37.669599999999996,18.8692,15.1576,175,75
2026-05-11 17:57:24.790,4,0.59,0.61,1.93,36.1496,-49.360800000000005,35.157599999999995,175,75
2026-05-11 17:57:24.803,4,0.55,0.29,1.72,53.4096,-37.290800000000004,47.4176,175,75
2026-05-11 17:57:24.832,4,0.56,-0.16,1.65,61.9996,-13.3208,49.66759999999999,175,75
2026-05-11 17:57:24.839,4,0.52,-0.21,1.6,59.00959999999999,-12.4708,49.66759999999999,175,75
2026-05-11 17:57:24.855,4,0.5,-0.27,1.5,53.4696,-0.6408000000000003,47.7776,175,75
2026-05-11 17:57:24.870,4,0.48,-0.32,1.47,44.8096,11.9792,44.977599999999995,175,75
2026-05-11 17:57:24.899,4,0.42,-0.39,1.44,25.839599999999997,26.9792,36.7476,175,75
2026-05-11 17:57:24.904,4,0.34,-0.49,1.45,4.689599999999999,43.2592,28.697599999999994,175,75
2026-05-11 17:57:24.915,4,0.33,-0.53,1.47,-10.190400000000002,54.609199999999994,25.767599999999995,175,75
2026-05-11 17:57:24.927,4,0.37,-0.52,1.47,-22.6304,59.789199999999994,24.547599999999996,175,75
2026-05-11 17:57:24.939,4,0.37,-0.42,1.45,-33.9704,67.34920000000001,24.4876,175,75
2026-05-11 17:57:25.005,4,0.44,-0.25,1.43,-41.900400000000005,82.89920000000001,26.687599999999996,175,75
2026-05-11 17:57:25.005,4,0.57,-0.18,1.43,-47.0204,87.09920000000001,26.3776,175,75
2026-05-11 17:57:25.015,4,0.74,-0.16,1.43,-53.4904,80.45920000000001,21.3176,175,75
2026-05-11 17:57:25.030,4,0.98,-0.11,1.35,-69.3404,55.9492,7.847599999999998,175,75
2026-05-11 17:57:25.030,4,1.02,0.01,1.28,-85.38040000000001,41.6192,-9.2924,175,75
2026-05-11 17:57:25.041,4,1.1,0.29,1.26,-89.6404,51.7992,-26.422400000000003,175,75
2026-05-11 17:57:25.074,4,1.05,2.21,3.04,-71.7204,172.4092,-78.8624,175,75
2026-05-11 17:57:25.074,4,1.27,2.37,3.39,-77.7504,103.0792,-71.7924,175,75
2026-05-11 17:57:25.084,4,1.18,2.1,3.22,-8.120400000000002,-57.650800000000004,-68.6224,175,75
2026-05-11 17:57:25.114,4,0.53,1.76,2.58,17.549599999999998,-75.5808,-82.64240000000001,175,75
2026-05-11 17:57:25.124,4,0.73,1.46,2.68,70.9696,-105.6408,-50.812400000000004,175,75
2026-05-11 17:57:25.138,4,0.59,1.18,2.43,85.8396,-197.41080000000002,-39.8424,175,75
2026-05-11 17:57:25.170,4,0.16,0.8,1.56,105.1096,-293.2008,7.6576,175,75
2026-05-11 17:57:25.170,4,-0.04,0.56,1.12,108.82959999999999,-237.5308,45.7076,175,75
2026-05-11 17:57:25.202,4,0.14,0.03,0.54,105.5996,12.8992,110.4076,175,75
2026-05-11 17:57:25.213,4,0.32,-0.21,0.52,100.7196,124.17920000000001,126.2576,175,75
2026-05-11 17:57:25.224,4,0.85,-0.55,0.84,42.369600000000005,242.5292,116.80760000000001,175,75
2026-05-11 17:57:25.236,4,0.77,-0.49,1.02,10.419599999999996,249.3592,100.0976,175,75
2026-05-11 17:57:25.252,4,0.56,-0.37,1.32,-6.780400000000002,280.0292,88.5176,175,75
2026-05-11 17:57:25.252,4,0.6,-0.32,1.76,-7.880400000000002,285.94919999999996,80.7076,175,75
2026-05-11 17:57:25.282,4,0.81,-0.45,2.65,-17.200400000000002,63.5092,36.5676,175,75
2026-05-11 17:57:25.336,4,0.61,-0.11,1.72,-22.020400000000002,-184.3608,-26.852400000000003,175,75
2026-05-11 17:57:25.346,4,0.64,-0.14,1.55,-9.950400000000002,-139.1108,-34.3524,175,75
2026-05-11 17:57:25.362,4,0.68,-0.14,1.5,-3.8504000000000005,-99.3608,-39.3524,175,75
2026-05-11 17:57:25.368,4,0.73,-0.09,1.49,-1.1704000000000008,-53.750800000000005,-45.632400000000004,175,75
2026-05-11 17:57:25.380,4,0.77,0.02,1.47,-3.4204000000000008,-25.3308,-49.2924,175,75
2026-05-11 17:57:25.387,4,0.78,0.11,1.41,-3.1204,-6.7408,-48.802400000000006,175,75
2026-05-11 17:57:25.388,4,0.76,0.14,1.31,1.759599999999999,17.2292,-44.5924,175,75
2026-05-11 17:57:25.431,4,0.72,0.49,1.35,11.5796,132.95919999999998,-35.3924,175,75
2026-05-11 17:57:25.501,4,0.83,1.47,1.95,-9.520400000000002,190.6992,-27.9524,175,75
2026-05-11 17:57:25.501,4,0.84,1.52,2.25,-7.450400000000002,143.6892,-22.0924,175,75
2026-05-11 17:57:25.514,4,0.83,1.46,2.3,-5.070400000000003,98.6892,-17.892400000000002,175,75
2026-05-11 17:57:25.525,4,0.7,1.62,2.28,-8.8504,56.6192,-13.252400000000002,175,75
2026-05-11 17:57:25.525,4,0.56,1.54,2.21,-8.300400000000002,47.529199999999996,-6.9124,175,75
2026-05-11 17:57:25.536,4,0.42,1.3,2.31,-18.6704,36.429199999999994,-0.3924000000000003,175,75
2026-05-11 17:57:25.541,4,0.42,1.21,2.4,-19.090400000000002,29.2392,8.2676,175,75
2026-05-11 17:57:25.552,4,0.42,1.12,2.48,-13.490400000000001,3.0191999999999997,20.8876,175,75
2026-05-11 17:57:25.561,4,0.4,0.64,2.34,4.499599999999997,-74.0508,41.6276,175,75
2026-05-11 17:57:25.585,4,0.45,-0.09,1.76,31.269599999999997,-83.93079999999999,37.9676,175,75
2026-05-11 17:57:25.613,4,0.55,-0.28,1.55,43.1596,-52.890800000000006,6.0176,175,75
2026-05-11 17:57:25.613,4,0.6,-0.29,1.53,42.9196,-49.2408,-18.072400000000002,175,75
2026-05-11 17:57:25.635,4,0.48,-0.2,1.57,31.269599999999997,-42.470800000000004,-75.8724,175,75
2026-05-11 17:57:25.635,4,0.32,-0.16,1.64,21.6396,-42.890800000000006,-94.4124,175,75
2026-05-11 17:57:25.664,4,0.4,-0.07,1.83,-7.880400000000002,-91.6108,-119.7824,175,75
2026-05-11 17:57:25.681,4,0.48,0.05,1.89,-27.6904,-149.4208,-133.6824,175,75
2026-05-11 17:57:25.688,4,0.56,0.16,1.86,-50.9904,-221.5508,-146.2424,175,75
2026-05-11 17:57:25.706,4,0.64,0.88,1.2,-128.3604,-352.7708,-164.2324,175,75
2026-05-11 17:57:25.752,4,0.54,1.24,0.96,-119.7704,-245.2108,-137.8924,175,75
2026-05-11 17:57:25.752,4,0.62,2.03,1.32,-86.6604,-33.930800000000005,-97.3424,175,75
2026-05-11 17:57:25.809,4,0.61,1.57,1.41,-4.2804,4.5992,-68.8624,175,75
2026-05-11 17:57:25.809,4,0.4,1.63,1.5,4.259599999999999,45.9492,-44.7224,175,75
2026-05-11 17:57:25.819,4,0.1,1.58,1.6,12.979599999999998,98.9992,12.4776,175,75
2026-05-11 17:57:25.826,4,0.03,1.31,1.59,17.729599999999998,144.3592,50.27759999999999,175,75
2026-05-11 17:57:25.860,4,0.12,0.68,2.03,35.3596,227.64919999999998,103.8176,175,75
2026-05-11 17:57:25.873,4,0.17,0.59,2.2,40.2296,210.14919999999998,107.2976,175,75
2026-05-11 17:57:25.886,4,0.24,0.47,2.35,45.2996,153.5092,107.8476,175,75
2026-05-11 17:57:25.907,4,0.29,0.22,2.26,52.9196,50.14919999999999,108.2676,175,75
2026-05-11 17:57:25.907,4,0.32,0.05,2.16,56.9396,19.0592,107.35759999999999,175,75
2026-05-11 17:57:25.926,4,0.37,-0.19,1.99,59.619600000000005,-5.4008,106.0176,175,75
2026-05-11 17:57:25.949,4,0.48,-0.44,1.76,53.949600000000004,-1.1908000000000003,101.2576,175,75
2026-05-11 17:57:25.960,4,0.51,-0.51,1.7,48.2196,6.619199999999999,95.3476,175,75
2026-05-11 17:57:25.992,4,0.62,-0.53,1.68,42.5496,7.709199999999999,89.1876,175,75
2026-05-11 17:57:26.003,4,0.67,-0.58,1.66,33.8896,-4.1808000000000005,75.1576,175,75
2026-05-11 17:57:26.026,4,0.74,-0.6,1.49,-17.8104,-38.570800000000006,-10.2624,175,75
2026-05-11 17:57:26.047,4,0.84,-0.53,1.5,-48.550399999999996,-50.460800000000006,-57.4624,175,75
2026-05-11 17:57:26.058,4,0.87,-0.38,1.53,-66.66040000000001,-63.9908,-82.22240000000001,175,75
2026-05-11 17:57:26.070,4,0.93,-0.2,1.57,-78.85040000000001,-78.8108,-99.0424,175,75
2026-05-11 17:57:26.081,4,0.96,0.0,1.55,-91.1104,-107.1608,-110.75240000000001,175,75
2026-05-11 17:57:26.107,4,0.66,1.06,1.35,-100.3104,-71.3108,-99.5924,175,75
2026-05-11 17:57:26.144,4,0.6,1.73,1.48,-54.2204,54.359199999999994,-43.5024,175,75
2026-05-11 17:57:26.156,4,0.69,1.75,1.6,-36.7804,88.6292,-23.8624,175,75
2026-05-11 17:57:26.167,4,0.67,2.01,1.75,-31.3504,123.1992,-6.612400000000001,175,75
2026-05-11 17:57:26.167,4,0.7,2.36,1.96,-45.5604,164.5992,3.8176000000000005,175,75
2026-05-11 17:57:26.182,4,0.79,2.51,2.17,-50.9204,174.3592,18.757599999999996,175,75
2026-05-11 17:57:26.234,4,0.69,2.09,2.33,12.059599999999996,128.3192,36.2576,175,75
2026-05-11 17:57:26.260,4,0.65,0.87,1.74,92.1196,-63.2008,64.24759999999999,175,75
2026-05-11 17:57:26.265,4,0.5,0.58,1.54,95.5396,-28.2008,65.0976,175,75
2026-05-11 17:57:26.291,4,0.42,0.3,1.48,97.5496,32.89919999999999,66.4376,175,75
2026-05-11 17:57:26.291,4,0.41,0.12,1.55,99.1996,73.6292,67.0476,175,75
2026-05-11 17:57:26.329,4,0.41,0.02,1.64,96.6996,82.5892,63.99759999999999,175,75
2026-05-11 17:57:26.329,4,0.41,-0.1,1.73,91.3296,76.9192,57.2376,175,75
2026-05-11 17:57:26.329,4,0.4,-0.23,1.78,84.5596,57.89919999999999,49.1876,175,75
2026-05-11 17:57:26.375,4,0.36,-0.31,1.75,73.3396,18.7492,37.297599999999996,175,75
2026-05-11 17:57:26.379,4,0.34,-0.34,1.69,52.1896,-1.8608000000000002,19.547599999999996,175,75
2026-05-11 17:57:26.433,4,0.37,-0.4,1.63,-19.160400000000003,-66.9808,-18.5024,175,75
2026-05-11 17:57:26.445,4,0.35,-0.37,1.55,-28.730400000000003,-66.1908,-20.8124,175,75
2026-05-11 17:57:26.445,4,0.36,-0.32,1.45,-42.2704,-59.0508,-24.7224,175,75
2026-05-11 17:57:26.489,4,0.43,-0.23,1.34,-58.2404,-16.1908,-28.5624,175,75
2026-05-11 17:57:26.489,4,0.46,-0.16,1.34,-63.2404,-1.6108000000000002,-31.0024,175,75
2026-05-11 17:57:26.499,4,0.46,0.0,1.31,-66.5904,25.5192,-33.0724,175,75
2026-05-11 17:57:26.512,4,0.49,0.26,1.34,-61.1704,57.4092,-32.9524,175,75
2026-05-11 17:57:26.522,4,0.49,0.62,1.49,-49.9504,99.53920000000001,-32.9524,175,75
2026-05-11 17:57:26.540,4,0.61,2.1,2.33,-54.3404,136.30919999999998,-42.0924,175,75
2026-05-11 17:57:26.594,4,0.54,1.9,2.59,-24.160400000000003,-36.860800000000005,-31.1824,175,75
2026-05-11 17:57:26.594,4,0.34,2.1,2.32,-30.620400000000004,-96.8008,-18.982400000000002,175,75
2026-05-11 17:57:26.645,4,0.18,1.99,2.11,-25.7404,-91.43079999999999,-5.692400000000001,175,75
2026-05-11 17:57:26.657,4,0.15,1.78,2.22,-29.2204,-13.6908,27.657599999999995,175,75
2026-05-11 17:57:26.669,4,0.22,1.55,2.41,-17.9404,-17.5908,50.6476,175,75
2026-05-11 17:57:26.680,4,0.31,1.3,2.45,-3.240400000000001,-49.9108,70.3476,175,75
2026-05-11 17:57:26.680,4,0.34,1.04,2.35,9.009599999999999,-81.07079999999999,84.0676,175,75
2026-05-11 17:57:26.690,4,0.33,0.67,2.1,20.169599999999996,-95.82079999999999,96.9876,175,75
2026-05-11 17:57:26.704,4,0.41,0.4,1.91,26.029600000000002,-86.3708,98.6976,175,75
2026-05-11 17:57:26.715,4,0.52,0.15,1.81,26.089599999999997,-77.65079999999999,92.9076,175,75
2026-05-11 17:57:26.715,4,0.68,-0.11,1.7,22.919599999999996,-76.9808,75.2176,175,75
2026-05-11 17:57:26.726,4,0.77,-0.25,1.65,23.159599999999998,-86.3708,59.60759999999999,175,75
2026-05-11 17:57:26.741,4,0.84,-0.36,1.57,23.279600000000002,-102.4108,38.9976,175,75
2026-05-11 17:57:26.752,4,0.8,-0.45,1.42,18.529600000000002,-128.20080000000002,5.5876,175,75
2026-05-11 17:57:26.763,4,0.66,-0.43,1.23,3.1595999999999975,-150.0908,-33.132400000000004,175,75
2026-05-11 17:57:26.774,4,0.54,-0.38,1.13,-14.400400000000001,-157.5308,-55.5124,175,75
2026-05-11 17:57:26.798,4,0.27,-0.31,1.01,-56.2304,-148.57080000000002,-97.4624,175,75
2026-05-11 17:57:26.798,4,0.3,-0.25,1.1,-72.88040000000001,-155.0308,-113.4324,175,75
2026-05-11 17:57:26.808,4,0.35,-0.03,1.2,-93.3604,-179.9708,-126.00240000000001,175,75
2026-05-11 17:57:26.808,4,0.37,0.36,1.29,-122.9404,-237.5908,-136.3024,175,75
2026-05-11 17:57:26.820,4,0.31,0.64,1.24,-141.9604,-293.2608,-133.01239999999999,175,75
2026-05-11 17:57:26.844,4,0.16,1.13,0.79,-157.9404,-307.2908,-101.7324,175,75
2026-05-11 17:57:26.844,4,0.35,1.46,0.7,-137.5704,-216.9208,-71.2424,175,75
2026-05-11 17:57:26.866,4,0.31,1.72,0.96,-107.2004,-96.9208,-30.6324,175,75
2026-05-11 17:57:26.880,4,0.09,1.75,1.14,-102.2004,-73.0808,-9.7824,175,75
2026-05-11 17:57:26.903,4,0.07,1.39,1.4,-56.1104,-27.1008,75.4076,175,75
2026-05-11 17:57:26.917,4,0.09,1.22,1.36,-43.9104,-6.3108,100.1576,175,75
2026-05-11 17:57:26.929,4,0.26,1.06,1.35,-31.840400000000002,49.2992,122.35759999999999,175,75
2026-05-11 17:57:26.964,4,1.11,0.6,2.62,-3.490400000000001,65.8892,81.2576,175,75
2026-05-11 17:57:26.990,4,1.0,0.55,2.62,16.8196,-66.4908,56.807599999999994,175,75
2026-05-11 17:57:27.035,4,0.61,0.02,1.69,38.099599999999995,-128.20080000000002,40.8276,175,75
2026-05-11 17:57:27.046,4,0.56,-0.19,1.5,39.559599999999996,-91.0008,38.7576,175,75
2026-05-11 17:57:27.096,4,0.61,-0.44,1.56,15.9696,6.4292,21.3176,175,75
2026-05-11 17:57:27.106,4,0.61,-0.47,1.61,0.04959999999999809,-6.6808,10.827599999999999,175,75
2026-05-11 17:57:27.106,4,0.57,-0.5,1.59,-13.8504,-21.6808,4.307599999999999,175,75
2026-05-11 17:57:27.146,4,0.56,-0.51,1.52,-30.2504,-31.6108,-1.612400000000001,175,75
2026-05-11 17:57:27.167,4,0.47,-0.49,1.46,-48.4204,-24.9108,-5.202400000000001,175,75
2026-05-11 17:57:27.167,4,0.53,-0.54,1.43,-63.7304,-14.5408,-7.282400000000001,175,75
2026-05-11 17:57:27.178,4,0.52,-0.56,1.44,-80.19040000000001,0.45919999999999983,-10.2024,175,75
2026-05-11 17:57:27.189,4,0.52,-0.56,1.46,-95.1904,23.0192,-14.4124,175,75
2026-05-11 17:57:27.201,4,0.58,-0.52,1.52,-103.85040000000001,47.89919999999999,-19.7224,175,75
2026-05-11 17:57:27.214,4,0.62,-0.48,1.61,-108.4204,59.9092,-25.142400000000002,175,75
2026-05-11 17:57:27.214,4,0.71,-0.45,1.73,-109.7704,62.109199999999994,-31.6124,175,75
2026-05-11 17:57:27.226,4,0.8,-0.36,1.83,-108.7904,48.2592,-39.5324,175,75
2026-05-11 17:57:27.242,4,0.95,0.09,1.95,-114.4004,9.9692,-59.0424,175,75
2026-05-11 17:57:27.248,4,1.06,0.37,1.99,-115.0104,-11.8608,-62.7624,175,75
2026-05-11 17:57:27.248,4,1.15,0.9,1.99,-111.8404,-40.820800000000006,-61.2424,175,75
2026-05-11 17:57:27.288,4,1.39,1.88,2.01,-50.800399999999996,2.5892,-35.0224,175,75
2026-05-11 17:57:27.319,4,1.39,2.18,2.17,-3.0004000000000026,29.8492,-22.8324,175,75
2026-05-11 17:57:27.342,4,1.07,2.51,2.32,50.0496,-6.1908,0.21759999999999913,175,75
2026-05-11 17:57:27.352,4,0.97,2.27,2.16,63.2196,-17.160800000000002,4.187599999999998,175,75
2026-05-11 17:57:27.352,4,0.91,1.91,1.93,80.2296,3.6292,5.527599999999998,175,75
2026-05-11 17:57:27.377,4,0.95,1.02,1.67,97.3096,49.789199999999994,-7.462400000000001,175,75
2026-05-11 17:57:27.377,4,0.87,0.85,1.7,90.2996,74.1192,-16.0024,175,75
2026-05-11 17:57:27.401,4,0.79,0.77,1.81,91.0896,74.9692,-17.5224,175,75
2026-05-11 17:57:27.401,4,0.69,0.68,1.94,92.5496,63.3192,-16.1224,175,75
2026-05-11 17:57:27.418,4,0.66,0.62,2.0,93.4096,34.4792,-12.5824,175,75
2026-05-11 17:57:27.460,4,0.59,0.56,1.97,98.0396,1.4991999999999999,-6.542400000000001,175,75
2026-05-11 17:57:27.460,4,0.55,0.41,1.86,107.1896,-33.5708,3.3275999999999986,175,75
2026-05-11 17:57:27.474,4,0.44,0.25,1.73,109.92960000000001,-53.750800000000005,10.7676,175,75
2026-05-11 17:57:27.495,4,0.4,0.08,1.61,112.2496,-57.8308,16.687599999999996,175,75
2026-05-11 17:57:27.523,4,0.19,-0.47,1.33,111.75959999999999,-19.8508,24.6676,175,75
2026-05-11 17:57:27.555,4,0.22,-0.56,1.22,49.6896,9.2992,15.647599999999999,175,75
2026-05-11 17:57:27.570,4,0.23,-0.55,1.15,9.439599999999999,68.6892,5.887600000000001,175,75
2026-05-11 17:57:27.591,4,0.21,-0.54,1.32,-25.9904,157.95919999999998,-0.692400000000001,175,75
2026-05-11 17:57:27.606,4,0.24,-0.44,1.41,-31.110400000000002,179.29919999999998,-1.9123999999999999,175,75
2026-05-11 17:57:27.606,4,0.32,-0.27,1.51,-33.7304,187.0392,-1.362400000000001,175,75
2026-05-11 17:57:27.623,4,0.4,-0.08,1.58,-33.4204,180.45919999999998,0.4076000000000004,175,75
2026-05-11 17:57:27.645,4,0.53,0.36,1.65,-24.8904,161.1892,8.027599999999998,175,75
2026-05-11 17:57:27.667,4,0.63,0.69,1.7,-25.1904,159.9692,11.9276,175,75
2026-05-11 17:57:27.678,4,0.71,1.21,1.79,-33.6704,163.7492,16.257599999999996,175,75
2026-05-11 17:57:27.689,4,0.81,2.04,1.94,-42.8804,172.64919999999998,15.8876,175,75
2026-05-11 17:57:27.712,4,0.79,1.98,2.13,-16.110400000000002,144.23919999999998,12.237599999999999,175,75
2026-05-11 17:57:27.727,4,0.54,2.02,2.3,20.909599999999998,109.53920000000001,10.527599999999998,175,75
2026-05-11 17:57:27.738,4,0.42,1.79,2.48,35.419599999999996,75.45920000000001,13.3876,175,75
2026-05-11 17:57:27.768,4,0.2,1.39,2.52,26.7596,-1.6108000000000002,9.2476,175,75
2026-05-11 17:57:27.768,4,0.29,1.23,2.43,33.2796,-29.3008,16.3776,175,75
2026-05-11 17:57:27.768,4,0.34,1.02,2.32,34.6896,-56.000800000000005,24.6676,175,75
2026-05-11 17:57:27.790,4,0.26,0.6,1.97,35.4796,-30.2708,43.937599999999996,175,75
2026-05-11 17:57:27.801,4,0.36,0.21,1.9,44.4996,39.0592,63.5176,175,75
2026-05-11 17:57:27.801,4,0.39,0.02,1.88,54.6896,43.569199999999995,64.9776,175,75
2026-05-11 17:57:27.813,4,0.23,-0.13,1.82,75.6596,58.8092,63.2676,175,75
2026-05-11 17:57:27.841,4,0.31,-0.15,1.91,103.4096,49.539199999999994,48.99759999999999,175,75
2026-05-11 17:57:27.853,4,0.29,-0.1,1.93,101.0896,10.5792,37.297599999999996,175,75
2026-05-11 17:57:27.853,4,0.36,-0.1,1.9,94.00959999999999,-32.1008,25.037599999999998,175,75
2026-05-11 17:57:27.875,4,0.39,-0.12,1.79,74.4396,-101.07079999999999,7.047600000000001,175,75
2026-05-11 17:57:27.885,4,0.45,-0.13,1.65,56.9396,-143.57080000000002,-6.362400000000001,175,75
2026-05-11 17:57:27.939,4,0.43,-0.14,1.06,-1.110400000000002,-186.19080000000002,-38.3724,175,75
2026-05-11 17:57:27.950,4,0.48,-0.1,0.89,-42.8104,-180.6408,-45.3924,175,75
2026-05-11 17:57:27.950,4,0.54,0.02,0.8,-79.0304,-150.88080000000002,-48.5024,175,75
2026-05-11 17:57:27.960,4,0.62,0.21,0.73,-115.6204,-102.5308,-46.4224,175,75
2026-05-11 17:57:27.972,4,0.66,0.52,0.76,-139.3404,-27.1008,-41.4824,175,75
2026-05-11 17:57:28.013,4,1.07,2.1,2.45,-76.5304,198.6892,8.207600000000001,175,75
2026-05-11 17:57:28.034,4,1.06,1.93,2.55,16.9996,-65.5808,29.427599999999998,175,75
2026-05-11 17:57:28.065,4,0.87,1.79,2.24,24.3196,-129.3608,30.407599999999995,175,75
2026-05-11 17:57:28.079,4,0.33,1.01,1.57,37.059599999999996,-122.7708,59.307599999999994,175,75
2026-05-11 17:57:28.099,4,0.42,0.6,1.41,36.9396,-17.4708,87.77759999999999,175,75
2026-05-11 17:57:28.108,4,0.47,0.46,1.42,35.9096,52.039199999999994,97.2976,175,75
2026-05-11 17:57:28.114,4,0.51,0.39,1.56,36.1496,134.5392,101.1976,175,75
2026-05-11 17:57:28.124,4,0.55,0.31,1.78,37.6096,176.4992,100.4676,175,75
2026-05-11 17:57:28.159,4,0.87,0.23,2.45,41.0296,70.20920000000001,89.1276,175,75
2026-05-11 17:57:28.165,4,0.8,0.07,2.34,56.879599999999996,-12.8908,84.5476,175,75
2026-05-11 17:57:28.175,4,0.69,-0.12,2.11,75.5396,-67.7708,79.9776,175,75
2026-05-11 17:57:28.203,4,0.6,-0.28,1.85,92.0596,-86.43079999999999,75.7076,175,75
2026-05-11 17:57:28.203,4,0.5,-0.39,1.71,100.6596,-79.4208,71.3776,175,75
2026-05-11 17:57:28.225,4,0.52,-0.44,1.63,99.0796,-65.7008,66.5676,175,75
2026-05-11 17:57:28.236,4,0.56,-0.43,1.58,90.4796,-66.07079999999999,56.74759999999999,175,75
2026-05-11 17:57:28.247,4,0.62,-0.48,1.49,67.3696,-94.60079999999999,22.047599999999996,175,75
2026-05-11 17:57:28.270,4,0.57,-0.53,1.39,46.819599999999994,-118.2008,-1.612400000000001,175,75
2026-05-11 17:57:28.281,4,0.51,-0.57,1.31,33.4096,-120.2708,-15.3324,175,75
2026-05-11 17:57:28.307,4,0.49,-0.47,1.19,13.279600000000002,-73.6908,-30.6324,175,75
2026-05-11 17:57:28.325,4,0.53,-0.32,1.19,9.1996,-50.390800000000006,-32.4024,175,75
2026-05-11 17:57:28.325,4,0.66,-0.13,1.22,1.8796,-32.1608,-28.2524,175,75
2026-05-11 17:57:28.383,4,0.98,0.37,1.14,-24.700400000000002,-46.7408,-21.2424,175,75
2026-05-11 17:57:28.383,4,1.16,0.51,1.03,-20.9904,-67.29079999999999,-18.7424,175,75
2026-05-11 17:57:28.397,4,1.26,0.71,0.91,-34.7704,-86.3108,-19.3524,175,75
2026-05-11 17:57:28.397,4,1.2,0.99,0.76,-45.3804,-68.2608,-23.4424,175,75
2026-05-11 17:57:28.409,4,1.13,1.01,0.68,-36.8404,-20.7608,-24.532400000000003,175,75
2026-05-11 17:57:28.420,4,1.11,1.01,0.8,-1.5904000000000025,98.4492,-20.6924,175,75
2026-05-11 17:57:28.420,4,1.12,1.14,1.04,30.169599999999996,178.5092,-17.0924,175,75
2026-05-11 17:57:28.432,4,1.07,1.6,1.55,66.9996,255.2792,-11.1224,175,75
2026-05-11 17:57:28.451,4,1.3,1.65,2.4,120.9096,188.3892,17.5976,175,75
2026-05-11 17:57:28.490,4,0.92,1.17,1.53,113.0396,-115.5208,24.7376,175,75
2026-05-11 17:57:28.532,4,0.71,0.1,0.88,135.7196,72.5292,54.4276,175,75
2026-05-11 17:57:28.532,4,0.76,0.01,0.91,125.04960000000001,137.4692,59.24759999999999,175,75
2026-05-11 17:57:28.542,4,0.9,-0.1,1.05,109.3196,189.7292,59.91759999999999,175,75
2026-05-11 17:57:28.548,4,1.0,-0.21,1.29,92.1896,209.5992,54.4876,175,75
2026-05-11 17:57:28.556,4,1.02,-0.32,1.62,62.369600000000005,194.17919999999998,43.4576,175,75
2026-05-11 17:57:28.588,4,1.01,-0.45,1.96,8.2196,81.3692,22.717599999999997,175,75
2026-05-11 17:57:28.614,4,0.94,-0.46,1.94,-16.110400000000002,12.2292,11.987599999999999,175,75
2026-05-11 17:57:28.639,4,0.82,-0.47,1.82,-34.3404,-40.390800000000006,2.047600000000001,175,75
2026-05-11 17:57:28.639,4,0.71,-0.49,1.69,-44.0904,-57.530800000000006,-4.112400000000001,175,75
2026-05-11 17:57:28.650,4,0.54,-0.5,1.58,-53.4904,-35.820800000000006,-13.192400000000001,175,75
2026-05-11 17:57:28.665,4,0.56,-0.4,1.74,-72.0204,-42.890800000000006,-29.7224,175,75
2026-05-11 17:57:28.679,4,0.57,-0.34,1.73,-78.7904,-63.2008,-35.632400000000004,175,75
2026-05-11 17:57:28.679,4,0.57,-0.32,1.68,-84.7704,-82.7708,-41.1224,175,75
2026-05-11 17:57:28.722,4,0.6,-0.29,1.46,-91.2304,-92.2208,-49.7824,175,75
2026-05-11 17:57:28.722,4,0.63,-0.25,1.37,-90.1304,-83.9908,-52.7624,175,75
2026-05-11 17:57:28.733,4,0.7,-0.19,1.29,-86.4704,-70.2708,-55.8724,175,75
2026-05-11 17:57:28.744,4,0.75,-0.09,1.19,-81.5904,-55.7608,-58.6824,175,75
2026-05-11 17:57:28.744,4,0.79,0.03,1.08,-75.44040000000001,-23.3808,-62.5824,175,75
2026-05-11 17:57:28.788,4,0.9,0.12,1.06,-62.7504,31.009200000000003,-65.5124,175,75
2026-05-11 17:57:28.788,4,0.95,0.39,1.16,-57.690400000000004,81.7392,-73.4324,175,75
2026-05-11 17:57:28.808,4,0.89,1.09,1.34,-73.0004,132.83919999999998,-78.9824,175,75
2026-05-11 17:57:28.818,4,0.77,1.62,1.53,-77.2004,160.6392,-75.7524,175,75
2026-05-11 17:57:28.860,4,0.36,1.28,2.22,-29.0304,26.7392,-17.3424,175,75
2026-05-11 17:57:28.895,4,0.26,0.9,2.2,-36.4704,-30.3308,-0.3323999999999998,175,75
2026-05-11 17:57:28.907,4,0.37,0.48,2.03,-41.1104,-92.2208,28.517599999999995,175,75
2026-05-11 17:57:28.930,4,0.48,0.04,1.77,-35.0704,-89.3008,44.8576,175,75
2026-05-11 17:57:28.942,4,0.53,-0.09,1.7,-29.4604,-71.43079999999999,47.047599999999996,175,75
2026-05-11 17:57:28.953,4,0.57,-0.21,1.68,-21.410400000000003,-52.650800000000004,43.9976,175,75
2026-05-11 17:57:28.963,4,0.58,-0.29,1.69,-12.020400000000002,-43.750800000000005,32.3576,175,75
2026-05-11 17:57:28.974,4,0.73,-0.29,1.7,-8.550400000000002,-62.5908,11.9276,175,75
2026-05-11 17:57:29.002,4,0.71,-0.01,1.55,-19.4604,-122.10079999999999,-32.5224,175,75
2026-05-11 17:57:29.012,4,0.71,0.04,1.47,-27.1404,-139.91080000000002,-46.2424,175,75
2026-05-11 17:57:29.017,4,0.73,0.1,1.41,-37.5704,-150.5808,-57.2224,175,75
2026-05-11 17:57:29.032,4,0.76,0.25,1.32,-54.5204,-156.6108,-66.7324,175,75
2026-05-11 17:57:29.033,4,0.8,0.48,1.25,-68.9704,-157.6508,-68.6224,175,75
2026-05-11 17:57:29.050,4,0.82,0.72,1.18,-80.44040000000001,-156.8008,-63.132400000000004,175,75
2026-05-11 17:57:29.065,4,0.85,0.85,1.09,-85.0704,-142.7108,-55.812400000000004,175,75
2026-05-11 17:57:29.078,4,0.89,0.84,1.04,-87.8804,-109.60079999999999,-50.5124,175,75
2026-05-11 17:57:29.091,4,0.93,0.96,1.08,-86.35040000000001,-57.4108,-47.6424,175,75
2026-05-11 17:57:29.114,4,0.92,1.06,1.49,-59.1604,44.1192,-48.802400000000006,175,75
2026-05-11 17:57:29.116,4,0.94,1.16,1.79,-37.0804,74.17920000000001,-47.8924,175,75
2026-05-11 17:57:29.128,4,1.01,1.15,2.2,1.509599999999999,71.67920000000001,-46.062400000000004,175,75
2026-05-11 17:57:29.137,4,1.21,1.03,2.53,31.7596,12.4092,-49.0424,175,75
2026-05-11 17:57:29.163,4,0.9,0.73,2.37,29.199599999999997,-282.9608,-68.9224,175,75
2026-05-11 17:57:29.185,4,0.57,0.76,1.56,6.089599999999997,-373.1408,-71.1224,175,75
2026-05-11 17:57:29.196,4,0.38,0.84,1.15,-0.19040000000000035,-310.6408,-60.8724,175,75
2026-05-11 17:57:29.215,4,0.33,0.81,0.96,7.189599999999999,-221.3708,-46.7324,175,75
2026-05-11 17:57:29.226,4,0.26,0.65,1.01,20.9696,-34.360800000000005,-17.7024,175,75
2026-05-11 17:57:29.238,4,0.29,0.59,1.15,22.919599999999996,29.4192,-1.362400000000001,175,75
2026-05-11 17:57:29.251,4,0.33,0.56,1.24,21.9996,53.6892,12.7176,175,75
2026-05-11 17:57:29.262,4,0.34,0.5,1.31,19.9296,62.469199999999994,26.9876,175,75
2026-05-11 17:57:29.272,4,0.39,0.38,1.34,16.5796,61.069199999999995,44.9176,175,75
2026-05-11 17:57:29.295,4,0.45,0.14,1.25,8.589599999999997,61.9792,64.3076,175,75
2026-05-11 17:57:29.311,4,0.45,-0.03,1.24,0.04959999999999809,83.31920000000001,67.5376,175,75
2026-05-11 17:57:29.322,4,0.42,-0.1,1.26,-6.7204000000000015,106.9192,67.6576,175,75
2026-05-11 17:57:29.346,4,0.6,-0.2,1.63,-15.740400000000001,148.80919999999998,50.7676,175,75
2026-05-11 17:57:29.360,4,0.62,-0.24,1.73,-16.660400000000003,119.9092,40.0976,175,75
2026-05-11 17:57:29.381,4,0.64,-0.3,1.76,-17.5104,84.4192,30.647599999999997,175,75
2026-05-11 17:57:29.393,4,0.59,-0.34,1.73,-22.6904,42.349199999999996,17.4176,175,75
2026-05-11 17:57:29.403,4,0.57,-0.35,1.69,-27.0804,20.5192,6.077599999999999,175,75
2026-05-11 17:57:29.416,4,0.59,-0.32,1.61,-36.5304,-15.8808,-18.3724,175,75
2026-05-11 17:57:29.429,4,0.58,-0.21,1.56,-41.4104,-24.7208,-27.892400000000002,175,75
2026-05-11 17:57:29.439,4,0.64,-0.05,1.53,-42.6304,-24.1108,-34.9024,175,75
2026-05-11 17:57:29.443,4,0.76,0.23,1.53,-40.3104,-31.0708,-41.7324,175,75
2026-05-11 17:57:29.461,4,0.89,0.61,1.51,-30.860400000000002,-49.4808,-47.8924,175,75
2026-05-11 17:57:29.471,4,1.0,0.93,1.46,-18.2404,-74.18079999999999,-51.6124,175,75
2026-05-11 17:57:29.503,4,1.13,1.04,1.33,-1.4704000000000015,-113.2608,-53.8624,175,75
2026-05-11 17:57:29.516,4,1.05,0.82,1.05,-0.0704000000000029,-121.4908,-64.0424,175,75
2026-05-11 17:57:29.517,4,1.09,0.81,0.95,-4.580400000000001,-102.29079999999999,-68.0124,175,75
2026-05-11 17:57:29.526,4,1.12,1.04,0.93,-28.180400000000002,-83.5008,-72.1524,175,75
2026-05-11 17:57:29.545,4,1.08,1.56,0.98,-94.2204,-41.9808,-68.19239999999999,175,75
2026-05-11 17:57:29.574,4,0.91,1.47,0.99,-87.8104,-47.650800000000004,-63.132400000000004,175,75
2026-05-11 17:57:29.574,4,0.65,1.75,1.0,-95.0104,10.7592,-59.592400000000005,175,75
2026-05-11 17:57:29.585,4,0.56,1.85,1.12,-92.1404,86.06920000000001,-52.952400000000004,175,75
2026-05-11 17:57:29.607,4,0.54,1.29,1.86,-25.250400000000003,204.17919999999998,-38.5024,175,75
2026-05-11 17:57:29.607,4,0.57,1.0,2.11,-7.270400000000002,154.6692,-30.2624,175,75
2026-05-11 17:57:29.656,4,0.48,0.6,2.01,-19.2804,-36.860800000000005,-17.7024,175,75
2026-05-11 17:57:29.658,4,0.37,0.52,1.78,-31.110400000000002,-86.4908,-10.4524,175,75
2026-05-11 17:57:29.672,4,0.29,0.43,1.52,-40.7404,-100.7008,0.4076000000000004,175,75
2026-05-11 17:57:29.678,4,0.2,0.38,1.38,-43.120400000000004,-83.4408,11.1976,175,75
2026-05-11 17:57:29.689,4,0.11,0.24,1.28,-32.3904,-12.8908,26.8076,175,75
2026-05-11 17:57:29.706,4,0.09,0.01,1.45,3.3395999999999972,131.79919999999998,52.9076,175,75
2026-05-11 17:57:29.735,4,0.19,-0.22,1.86,28.6496,195.51919999999998,74.1276,175,75
2026-05-11 17:57:29.748,4,0.31,-0.3,2.01,31.699599999999997,158.2592,84.1276,175,75
2026-05-11 17:57:29.760,4,0.41,-0.35,1.9,21.029600000000002,44.2992,98.4576,175,75
2026-05-11 17:57:29.770,4,0.41,-0.34,1.75,15.1096,31.5592,101.9876,175,75
2026-05-11 17:57:29.795,4,0.47,-0.34,1.59,15.779600000000002,102.89920000000001,112.1676,175,75
2026-05-11 17:57:29.805,4,0.54,-0.32,1.63,18.159599999999998,137.7792,114.2476,175,75
2026-05-11 17:57:29.820,4,0.76,-0.29,1.82,24.2596,176.61919999999998,109.9776,175,75
2026-05-11 17:57:29.830,4,0.83,-0.3,1.87,27.669599999999996,176.0092,105.7076,175,75
2026-05-11 17:57:29.840,4,0.92,-0.29,1.9,31.6396,173.80919999999998,97.10759999999999,175,75
2026-05-11 17:57:29.899,4,1.02,-0.17,1.97,36.7596,176.0692,82.1676,175,75
2026-05-11 17:57:29.900,4,1.11,-0.01,2.01,43.5296,174.11919999999998,67.2376,175,75
2026-05-11 17:57:29.911,4,1.22,0.18,2.09,53.7696,165.8192,45.0376,175,75
2026-05-11 17:57:29.921,4,1.32,0.44,2.23,56.2696,144.5392,18.327599999999997,175,75
2026-05-11 17:57:29.932,4,1.37,0.78,2.35,51.75959999999999,115.7592,-2.032400000000001,175,75
2026-05-11 17:57:29.932,4,1.34,1.08,2.42,50.839600000000004,43.6892,-26.7924,175,75
2026-05-11 17:57:29.947,4,1.13,1.18,2.29,56.14959999999999,-22.9608,-46.2424,175,75
2026-05-11 17:57:29.958,4,0.56,1.72,2.05,37.919599999999996,-24.4808,-55.632400000000004,175,75
2026-05-11 17:57:29.958,4,0.32,1.79,2.08,30.9696,-0.5208000000000002,-48.132400000000004,175,75
2026-05-11 17:57:29.992,4,0.43,1.33,2.39,38.8296,1.3692,39.4876,175,75
2026-05-11 17:57:30.002,4,0.5,0.9,2.27,55.479600000000005,-39.180800000000005,65.0976,175,75
2026-05-11 17:57:30.028,4,0.59,0.25,1.87,56.5796,-43.140800000000006,84.60759999999999,175,75
2026-05-11 17:57:30.041,4,0.66,-0.03,1.74,55.6596,-16.070800000000002,82.77759999999999,175,75
2026-05-11 17:57:30.051,4,0.71,-0.22,1.71,58.64959999999999,4.1192,73.6976,175,75
2026-05-11 17:57:30.062,4,0.71,-0.32,1.74,63.099599999999995,5.7592,61.0176,175,75
2026-05-11 17:57:30.084,4,0.68,-0.38,1.79,69.7496,-10.9408,42.7776,175,75
2026-05-11 17:57:30.084,4,0.66,-0.4,1.8,69.9296,-43.140800000000006,20.5276,175,75
2026-05-11 17:57:30.097,4,0.69,-0.36,1.8,58.4696,-91.7408,-7.5824,175,75
2026-05-11 17:57:30.097,4,0.69,-0.29,1.74,42.119600000000005,-133.38080000000002,-30.0224,175,75
2026-05-11 17:57:30.116,4,0.67,-0.2,1.6,16.449599999999997,-178.1408,-56.482400000000005,175,75
2026-05-11 17:57:30.148,4,0.6,0.12,1.06,-58.7304,-180.88080000000002,-105.8124,175,75
2026-05-11 17:57:30.158,4,0.56,0.27,0.95,-82.0804,-152.5308,-110.9324,175,75
2026-05-11 17:57:30.169,4,0.53,0.39,0.93,-97.2004,-100.0908,-110.6924,175,75
2026-05-11 17:57:30.185,4,0.58,0.5,0.99,-106.6604,-37.960800000000006,-108.1924,175,75
2026-05-11 17:57:30.200,4,0.6,0.66,1.19,-106.1704,30.6392,-104.6524,175,75
2026-05-11 17:57:30.212,4,0.67,1.02,1.54,-84.0304,86.2492,-96.36240000000001,175,75
2026-05-11 17:57:30.218,4,0.8,1.37,1.92,-53.7304,84.4792,-83.9224,175,75
2026-05-11 17:57:30.257,4,0.89,1.52,2.11,-10.440400000000002,-166.0008,-52.342400000000005,175,75
2026-05-11 17:57:30.271,4,0.78,1.42,1.72,-3.9104000000000028,-209.2408,-41.3624,175,75
2026-05-11 17:57:30.281,4,0.63,1.36,1.3,-0.6804000000000023,-192.9608,-29.5924,175,75
2026-05-11 17:57:30.318,4,0.55,1.28,1.04,3.4095999999999975,-127.8308,-18.4424,175,75
2026-05-11 17:57:30.330,4,0.44,1.1,1.08,15.299599999999998,101.67920000000001,6.257599999999998,175,75
2026-05-11 17:57:30.355,4,0.52,0.93,1.68,32.9796,212.7792,29.797599999999996,175,75
2026-05-11 17:57:30.456,4,0.68,0.66,2.12,41.0896,53.8692,62.717600000000004,175,75
2026-05-11 17:57:30.479,4,0.55,0.4,1.74,46.699600000000004,13.9292,77.5376,175,75
2026-05-11 17:57:30.479,4,0.55,0.1,1.57,47.9196,51.429199999999994,79.3676,175,75
2026-05-11 17:57:30.479,4,0.57,-0.05,1.58,44.619600000000005,75.5792,74.9776,175,75
2026-05-11 17:57:30.479,4,0.59,-0.14,1.63,41.1496,83.6292,68.2076,175,75
2026-05-11 17:57:30.491,4,0.6,-0.3,1.7,32.489599999999996,64.84920000000001,51.5676,175,75
2026-05-11 17:57:30.503,4,0.61,-0.36,1.7,27.799599999999998,47.64919999999999,41.437599999999996,175,75
2026-05-11 17:57:30.503,4,0.55,-0.43,1.63,10.909599999999998,15.089200000000002,15.0376,175,75
2026-05-11 17:57:30.550,4,0.52,-0.41,1.59,0.2995999999999981,7.6492,2.4776000000000007,175,75
2026-05-11 17:57:30.550,4,0.51,-0.39,1.58,-7.750400000000001,4.3592,-8.3124,175,75
2026-05-11 17:57:30.561,4,0.5,-0.38,1.57,-14.400400000000001,1.7391999999999996,-18.8624,175,75
2026-05-11 17:57:30.572,4,0.49,-0.34,1.54,-24.700400000000002,-6.9808,-34.2324,175,75
2026-05-11 17:57:30.583,4,0.5,-0.28,1.52,-27.450400000000002,-5.5808,-37.8924,175,75
2026-05-11 17:57:30.596,4,0.58,-0.2,1.49,-31.9604,-8.870800000000001,-41.3624,175,75
2026-05-11 17:57:30.596,4,0.68,-0.08,1.47,-42.57040000000001,-24.3008,-44.4724,175,75
2026-05-11 17:57:30.607,4,0.76,0.06,1.41,-56.7804,-46.3708,-45.3924,175,75
2026-05-11 17:57:30.618,4,0.79,0.43,1.11,-90.9204,-64.2408,-45.2024,175,75
2026-05-11 17:57:30.618,4,0.74,0.73,1.11,-90.5004,1.7391999999999996,-39.7824,175,75
2026-05-11 17:57:30.644,4,0.95,1.09,1.49,-57.6304,98.6892,-25.9424,175,75
2026-05-11 17:57:30.655,4,1.14,1.36,1.93,-33.8504,103.8692,-12.6424,175,75
2026-05-11 17:57:30.667,4,1.2,1.75,2.19,-51.290400000000005,83.31920000000001,-8.072400000000002,175,75
2026-05-11 17:57:30.678,4,1.25,1.6,2.25,-43.6704,18.8692,1.687599999999998,175,75
2026-05-11 17:57:30.678,4,1.08,1.71,2.2,-39.2204,-17.410800000000002,7.1076,175,75
2026-05-11 17:57:30.724,4,1.02,1.86,2.17,-49.8304,1.6791999999999996,10.4076,175,75
2026-05-11 17:57:30.734,4,0.93,1.4,2.21,-10.620400000000002,8.3192,25.587599999999995,175,75
2026-05-11 17:57:30.746,4,0.93,1.23,2.18,9.929599999999997,0.08919999999999972,34.7376,175,75
2026-05-11 17:57:30.756,4,0.91,0.93,2.06,28.949599999999997,-19.6008,45.407599999999995,175,75
2026-05-11 17:57:30.783,4,0.79,0.31,1.72,25.169599999999996,83.4492,52.41759999999999,175,75
2026-05-11 17:57:30.832,4,0.84,0.06,1.89,21.449599999999997,-47.890800000000006,8.327599999999999,175,75
2026-05-11 17:57:30.842,4,0.75,-0.04,1.76,28.709600000000002,-65.4608,2.1675999999999984,175,75
2026-05-11 17:57:30.866,4,0.61,-0.16,1.6,41.5796,-51.7408,-3.8024000000000004,175,75
2026-05-11 17:57:30.886,4,0.51,-0.18,1.61,45.839600000000004,-23.2008,-8.5624,175,75
2026-05-11 17:57:30.900,4,0.49,-0.25,1.66,41.9396,-36.8008,-14.4724,175,75
2026-05-11 17:57:30.908,4,0.51,-0.27,1.68,38.6496,-53.750800000000005,-19.2924,175,75
2026-05-11 17:57:30.943,4,0.46,-0.29,1.55,26.7596,-95.21079999999999,-32.8324,175,75
2026-05-11 17:57:30.954,4,0.42,-0.27,1.46,22.549599999999998,-91.9808,-35.4524,175,75
2026-05-11 17:57:30.964,4,0.3,-0.2,1.38,19.559599999999996,-33.8708,-37.2824,175,75
2026-05-11 17:57:30.976,4,0.31,-0.15,1.5,27.1896,19.8492,-35.632400000000004,175,75
2026-05-11 17:57:30.989,4,0.36,-0.11,1.73,38.2796,42.1692,-35.2024,175,75
2026-05-11 17:57:30.994,4,0.42,-0.12,1.86,42.0596,18.5692,-39.3524,175,75
2026-05-11 17:57:31.018,4,0.34,-0.07,1.85,33.4696,-10.2708,-45.8724,175,75
2026-05-11 17:57:31.018,4,0.23,0.07,1.82,17.309599999999996,-15.5208,-49.6524,175,75
2026-05-11 17:57:31.030,4,0.11,0.52,1.88,-15.6204,8.1392,-47.6424,175,75
2026-05-11 17:57:31.046,4,-0.03,0.86,1.96,-36.4104,22.8392,-39.3524,175,75
2026-05-11 17:57:31.089,4,-0.26,0.91,2.05,-44.2204,35.029199999999996,-24.0424,175,75
2026-05-11 17:57:31.102,4,-0.8,0.72,2.5,-36.4104,98.8092,68.8776,175,75
2026-05-11 17:57:31.114,4,-1.01,0.29,2.7,-65.68039999999999,22.1692,139.7376,175,75
2026-05-11 17:57:31.154,4,-1.15,-0.08,2.6,-76.4704,-41.610800000000005,177.7176,175,75
2026-05-11 17:57:31.175,4,-1.17,-0.99,2.06,-23.180400000000002,-65.3308,272.1676,175,75
2026-05-11 17:57:31.176,4,-1.08,-1.34,1.89,26.269599999999997,-23.2608,319.6076,175,75
2026-05-11 17:57:31.204,4,-0.69,-2.61,2.04,98.0396,-158.69080000000002,443.81759999999997,175,75
2026-05-11 17:57:31.216,4,-0.65,-2.73,1.86,119.4996,-261.49080000000004,449.2476,175,75
2026-05-11 17:57:31.219,4,-0.94,-2.68,1.59,156.9996,-298.1408,463.6376,175,75
2026-05-11 17:57:31.233,4,-1.02,-2.76,1.39,195.2296,-292.1608,484.0576,175,75
2026-05-11 17:57:31.246,4,-1.03,-2.94,1.23,232.5496,-266.8608,505.70759999999996,175,75
2026-05-11 17:57:31.265,4,-1.1,-3.18,1.08,256.5096,-224.3608,526.7476,175,75
2026-05-11 17:57:31.277,4,-1.04,-3.5,0.92,285.4796,-153.8108,553.5176,175,75
2026-05-11 17:57:31.290,4,-1.01,-4.7,0.86,359.9896,4.7292,636.4976,175,75
2026-05-11 17:57:31.312,4,-0.78,-6.14,1.15,399.2596,119.9092,728.3276,175,75
2026-05-11 17:57:31.329,4,-0.94,-6.6,1.29,434.8096,138.92919999999998,771.0176,175,75
2026-05-11 17:57:31.339,4,-1.05,-7.24,1.88,423.27959999999996,191.36919999999998,814.6076,175,75
2026-05-11 17:57:31.350,4,-1.11,-7.57,2.4,332.5496,172.3492,806.3176,175,75
2026-05-11 17:57:31.353,4,-1.2,-7.7,2.64,253.46959999999996,92.2292,731.7476,175,75
2026-05-11 17:57:31.379,4,-0.78,-7.23,2.53,112.97959999999999,-197.4708,513.9976,175,75
2026-05-11 17:57:31.391,4,-0.57,-6.8,2.01,90.1696,-302.9608,459.4876,175,75
2026-05-11 17:57:31.428,4,-0.46,-6.6,1.66,111.69959999999999,-339.24080000000004,448.0876,175,75
2026-05-11 17:57:31.428,4,-0.32,-6.42,1.44,149.6196,-353.4408,436.4376,175,75
2026-05-11 17:57:31.428,4,-0.11,-6.2,1.39,181.32959999999997,-363.3808,406.9276,175,75
2026-05-11 17:57:31.446,4,0.09,-5.87,1.42,188.82959999999997,-374.9108,353.5776,175,75
2026-05-11 17:57:31.446,4,0.45,-5.46,1.44,177.4896,-406.68080000000003,255.5276,175,75
2026-05-11 17:57:31.446,4,1.22,-4.7,1.38,146.50959999999998,-443.4408,207.5976,175,75
2026-05-11 17:57:31.460,4,1.55,-3.5,1.18,128.4696,-469.7908,264.2476,175,75
2026-05-11 17:57:31.471,4,0.96,-2.67,1.01,161.63959999999997,-475.8808,235.0376,175,75
2026-05-11 17:57:31.474,4,1.14,-2.43,0.98,185.9696,-437.5308,215.95759999999999,175,75
2026-05-11 17:57:31.483,4,1.18,-2.29,0.96,192.7296,-399.24080000000004,207.1676,175,75
2026-05-11 17:57:31.509,4,1.58,-1.6,0.9,188.2196,-360.6408,137.0476,175,75
2026-05-11 17:57:31.514,4,1.69,-1.4,0.77,193.70960000000002,-396.0708,104.24759999999999,175,75
2026-05-11 17:57:31.529,4,1.62,-1.41,0.49,191.38959999999997,-467.4708,66.1976,175,75
2026-05-11 17:57:31.559,4,1.51,-1.41,0.21,167.2496,-517.8308,38.517599999999995,175,75
2026-05-11 17:57:31.570,4,1.09,-1.4,-0.34,109.3196,-553.3807999999999,-6.3024000000000004,175,75
2026-05-11 17:57:31.570,4,0.81,-1.38,-0.79,51.879599999999996,-540.8208,-31.1224,175,75
2026-05-11 17:57:31.581,4,0.09,-1.2,-1.32,-77.8104,-460.7608,-57.6424,175,75
2026-05-11 17:57:31.592,4,-0.24,-1.01,-1.79,-159.7704,-296.55080000000004,-81.61240000000001,175,75
2026-05-11 17:57:31.592,4,-0.14,-0.72,-2.09,-184.9504,-57.650800000000004,-82.0324,175,75
2026-05-11 17:57:31.605,4,0.03,-0.47,-1.67,-125.9204,203.9992,-46.4824,175,75
2026-05-11 17:57:31.617,4,-0.05,-0.85,-0.96,-102.7504,333.8092,-36.4824,175,75
2026-05-11 17:57:31.629,4,-0.01,-1.32,-0.25,-136.72039999999998,404.2992,-51.5424,175,75
2026-05-11 17:57:31.638,4,0.04,-1.57,0.4,-189.4004,394.1192,-81.7924,175,75
2026-05-11 17:57:31.645,4,0.09,-1.63,0.65,-213.61040000000003,335.6392,-100.0824,175,75
2026-05-11 17:57:31.678,4,-0.01,-1.91,0.77,-277.6904,30.2792,-131.5424,175,75
2026-05-11 17:57:31.689,4,-0.09,-2.15,0.53,-302.4504,-17.5908,-133.1324,175,75
2026-05-11 17:57:31.730,4,-0.67,-3.32,-0.25,-354.4004,111.4992,-131.3024,175,75
2026-05-11 17:57:31.745,4,-0.65,-3.81,-0.39,-375.1304,189.5392,-131.3624,175,75
2026-05-11 17:57:31.788,4,-0.47,-5.27,-0.43,-401.72040000000004,417.0992,-131.67239999999998,175,75
2026-05-11 17:57:31.837,4,0.02,-6.88,0.75,-384.7004,532.1692,-148.6224,175,75
2026-05-11 17:57:31.848,4,-0.04,-7.34,2.73,-390.2504,256.06919999999997,-284.5924,175,75
2026-05-11 17:57:31.870,4,-0.44,-6.94,3.11,-506.0504,-54.4808,-436.6124,175,75
2026-05-11 17:57:31.881,4,0.04,-5.35,2.6,-532.3904,-138.32080000000002,-445.7524,175,75
2026-05-11 17:57:31.881,4,0.19,-4.73,2.32,-488.2404,-150.88080000000002,-395.0824,175,75
2026-05-11 17:57:31.899,4,0.09,-4.39,2.04,-417.4504,-164.66080000000002,-358.7424,175,75
2026-05-11 17:57:31.919,4,-0.17,-4.17,1.85,-377.3304,-114.54079999999999,-334.5924,175,75
2026-05-11 17:57:31.930,4,-0.27,-3.74,1.78,-350.6204,-14.6008,-317.8324,175,75
2026-05-11 17:57:31.930,4,-0.33,-3.31,1.83,-328.1804,69.9692,-307.4624,175,75
2026-05-11 17:57:31.930,4,-0.44,-2.79,1.98,-290.0104,162.70919999999998,-293.9824,175,75
2026-05-11 17:57:31.941,4,-0.67,-2.33,2.31,-242.1404,241.67919999999998,-276.6724,175,75
2026-05-11 17:57:31.952,4,-0.82,-2.02,2.63,-200.2504,291.9792,-260.81239999999997,175,75
2026-05-11 17:57:31.964,4,-0.87,-1.71,2.95,-157.7504,305.81919999999997,-241.1824,175,75
2026-05-11 17:57:31.991,4,-0.73,-1.19,3.15,-115.2504,268.19919999999996,-219.7224,175,75
2026-05-11 17:57:31.991,4,-0.45,-0.39,3.03,-60.620400000000004,42.349199999999996,-192.4624,175,75
2026-05-11 17:57:32.008,4,-0.7,-0.46,2.68,-53.300399999999996,-3.7508,-178.3724,175,75
2026-05-11 17:57:32.008,4,-0.93,-0.58,2.2,-40.680400000000006,42.469199999999994,-159.3524,175,75
2026-05-11 17:57:32.027,4,-1.06,-0.6,2.05,-15.800400000000002,151.1292,-141.67239999999998,175,75
2026-05-11 17:57:32.039,4,-1.03,-0.64,2.27,13.769599999999997,241.1292,-130.8124,175,75
2026-05-11 17:57:32.054,4,-0.95,-0.7,2.55,31.5096,256.06919999999997,-123.25240000000001,175,75
2026-05-11 17:57:32.054,4,-0.91,-0.74,2.81,43.5296,214.05919999999998,-114.1724,175,75
2026-05-11 17:57:32.066,4,-0.86,-0.73,2.89,44.4396,134.7892,-103.50240000000001,175,75
2026-05-11 17:57:32.096,4,-0.96,-0.48,2.35,38.7096,33.8692,-64.9024,175,75
2026-05-11 17:57:32.107,4,-0.94,-0.39,2.24,38.099599999999995,56.1292,-47.4024,175,75
2026-05-11 17:57:32.117,4,-0.9,-0.34,2.23,34.2596,78.31920000000001,-32.1524,175,75
2026-05-11 17:57:32.138,4,-0.83,-0.29,2.28,31.1496,95.0292,-17.0324,175,75
2026-05-11 17:57:32.139,4,-0.76,-0.29,2.35,28.4696,98.0192,-2.702400000000001,175,75
2026-05-11 17:57:32.146,4,-0.67,-0.3,2.43,26.3296,91.67920000000001,11.3776,175,75
2026-05-11 17:57:32.156,4,-0.56,-0.32,2.47,24.6896,76.1292,25.2776,175,75
2026-05-11 17:57:32.176,4,-0.4,-0.45,2.42,27.729599999999998,38.8092,42.047599999999996,175,75
2026-05-11 17:57:32.187,4,-0.33,-0.53,2.33,33.7096,25.2792,46.3176,175,75
2026-05-11 17:57:32.193,4,-0.26,-0.56,2.26,42.6696,21.5592,46.3776,175,75
2026-05-11 17:57:32.216,4,-0.26,-0.52,2.24,50.2996,23.0192,43.1476,175,75
2026-05-11 17:57:32.216,4,-0.31,-0.41,2.25,54.8096,22.5892,42.5376,175,75
2026-05-11 17:57:32.229,4,-0.34,-0.27,2.25,57.5496,15.339200000000002,53.8776,175,75
2026-05-11 17:57:32.236,4,-0.4,-0.29,2.22,62.729600000000005,15.949200000000001,67.10759999999999,175,75
2026-05-11 17:57:32.249,4,-0.46,-0.44,2.17,72.7996,23.0792,82.10759999999999,175,75
2026-05-11 17:57:32.262,4,-0.5,-0.62,2.13,80.5396,31.5592,96.3176,175,75
2026-05-11 17:57:32.268,4,-0.5,-0.85,2.11,80.2296,37.039199999999994,116.2576,175,75
2026-05-11 17:57:32.295,4,-0.51,-1.06,2.09,74.5596,29.5992,135.5876,175,75
2026-05-11 17:57:32.295,4,-0.52,-1.24,2.05,65.9096,16.8592,153.3276,175,75
2026-05-11 17:57:32.307,4,-0.59,-1.56,1.93,51.3296,-4.5408,180.5876,175,75
2026-05-11 17:57:32.321,4,-0.72,-1.81,1.86,44.869600000000005,-12.8308,202.8476,175,75
2026-05-11 17:57:32.336,4,-0.9,-2.28,1.85,52.489599999999996,-19.2408,240.2776,175,75
2026-05-11 17:57:32.343,4,-1.0,-2.62,1.89,71.2096,-34.540800000000004,268.9976,175,75
2026-05-11 17:57:32.343,4,-1.07,-2.91,1.94,96.2696,-47.040800000000004,302.3576,175,75
2026-05-11 17:57:32.362,4,-0.99,-3.5,2.08,136.08960000000002,-95.0308,348.2076,175,75
2026-05-11 17:57:32.376,4,-1.18,-3.96,2.28,189.68959999999998,-159.60080000000002,404.0576,175,75
2026-05-11 17:57:32.376,4,-1.1,-4.31,2.39,234.07959999999997,-268.2608,440.4076,175,75
2026-05-11 17:57:32.453,4,-1.36,-5.41,2.09,388.9496,-613.8707999999999,538.2676,175,75
2026-05-11 17:57:32.453,4,-1.84,-6.2,1.66,471.9396,-670.5208,559.9176,175,75
2026-05-11 17:57:32.464,4,-2.19,-7.09,1.11,548.0396000000001,-637.4108,526.8076,175,75
2026-05-11 17:57:32.464,4,-2.29,-8.14,0.62,626.0896,-512.7708,383.5776,175,75
2026-05-11 17:57:32.464,4,-1.71,-8.22,0.43,632.1196,-367.0408,323.3276,175,75
2026-05-11 17:57:32.474,4,-1.31,-8.04,0.09,658.5896,-68.8108,394.6076,175,75
2026-05-11 17:57:32.484,4,-0.95,-7.91,0.18,692.3096,104.0592,472.7776,175,75
2026-05-11 17:57:32.496,4,-0.23,-7.26,1.19,602.0596,197.83919999999998,515.4076,175,75
2026-05-11 17:57:32.506,4,-0.24,-6.98,1.39,525.5996,152.0992,454.2476,175,75
2026-05-11 17:57:32.523,4,-0.09,-6.41,1.44,421.3896,75.5192,336.31759999999997,175,75
2026-05-11 17:57:32.534,4,0.28,-5.68,1.41,312.7296,13.2592,217.8476,175,75
2026-05-11 17:57:32.544,4,1.36,-4.08,1.29,211.81959999999998,27.4692,306.1376,175,75
2026-05-11 17:57:32.548,4,1.01,-3.13,1.36,208.58960000000002,7.289199999999999,363.2676,175,75
2026-05-11 17:57:32.566,4,1.56,-3.25,1.61,239.9896,-54.110800000000005,367.0476,175,75
2026-05-11 17:57:32.574,4,1.9,-3.4,1.77,234.19959999999998,-227.9608,365.2776,175,75
2026-05-11 17:57:32.603,4,2.08,-3.0,0.93,222.4896,-605.4008,288.3876,175,75
2026-05-11 17:57:32.603,4,1.96,-2.71,0.42,221.69959999999998,-731.4308,243.26760000000002,175,75
2026-05-11 17:57:32.617,4,1.47,-2.17,-0.2,183.58960000000002,-845.5808,158.6976,175,75
2026-05-11 17:57:32.630,4,0.6,-2.25,-1.11,97.6696,-783.6307999999999,55.217600000000004,175,75
2026-05-11 17:57:32.647,4,0.36,-2.4,-2.11,35.4796,-587.4707999999999,-18.5024,175,75
2026-05-11 17:57:32.647,4,0.84,-1.26,-2.56,9.8096,-238.7508,-39.5324,175,75
2026-05-11 17:57:32.664,4,1.1,-0.52,-1.49,76.3896,-101.5508,-17.5824,175,75
2026-05-11 17:57:32.685,4,1.04,-1.1,-0.67,56.9996,-69.2408,-35.3324,175,75
2026-05-11 17:57:32.685,4,0.82,-0.97,-0.34,2.979599999999998,-114.9108,-65.3924,175,75
2026-05-11 17:57:32.707,4,0.52,-0.63,-0.34,-37.3304,-195.0908,-83.6224,175,75
2026-05-11 17:57:32.708,4,0.22,-0.49,-0.49,-64.46039999999999,-242.7708,-87.2824,175,75
2026-05-11 17:57:32.723,4,-0.25,-0.35,-0.8,-105.5004,-245.82080000000002,-84.2924,175,75
2026-05-11 17:57:32.727,4,-0.56,-0.28,-0.99,-133.5504,-175.2708,-76.3024,175,75
2026-05-11 17:57:32.740,4,-0.73,-0.33,-0.97,-163.73039999999997,-7.9008,-64.1124,175,75
2026-05-11 17:57:32.777,4,-0.4,-0.9,0.51,-206.5904,250.08919999999998,-57.4624,175,75
2026-05-11 17:57:32.790,4,-0.39,-1.04,0.98,-226.5904,225.33919999999998,-62.8324,175,75
2026-05-11 17:57:32.801,4,-0.28,-1.1,1.25,-250.3804,164.5392,-60.3924,175,75
2026-05-11 17:57:32.864,4,-0.19,-1.16,1.36,-268.0604,92.5892,-50.632400000000004,175,75
2026-05-11 17:57:32.874,4,-0.1,-1.22,1.43,-292.5104,11.7392,-38.5024,175,75
2026-05-11 17:57:32.885,4,-0.14,-1.34,1.48,-318.0004,-43.500800000000005,-26.3024,175,75
2026-05-11 17:57:32.907,4,0.02,-2.0,1.35,-348.4904,-91.8008,41.8076,175,75
2026-05-11 17:57:32.907,4,0.44,-2.33,1.32,-365.0704,-92.71079999999999,66.8676,175,75
2026-05-11 17:57:32.918,4,0.9,-2.83,1.28,-385.6204,-127.35079999999999,65.27759999999999,175,75
2026-05-11 17:57:32.918,4,0.99,-3.66,1.15,-427.2704,-214.60080000000002,19.857599999999998,175,75
2026-05-11 17:57:32.934,4,0.86,-4.73,0.9,-472.4504,-274.3608,28.757599999999996,175,75
2026-05-11 17:57:32.934,4,0.55,-5.95,0.67,-464.16040000000004,-238.9908,80.4676,175,75
2026-05-11 17:57:32.946,4,0.49,-6.64,0.69,-475.9904,-148.38080000000002,96.8676,175,75
2026-05-11 17:57:32.946,4,0.99,-6.33,0.69,-539.6404,-52.8308,74.7976,175,75
2026-05-11 17:57:32.954,4,1.64,-6.38,0.39,-553.4204,-35.5208,87.35759999999999,175,75
2026-05-11 17:57:32.978,4,1.63,-7.15,0.04,-507.5104,110.81920000000001,29.427599999999998,175,75
2026-05-11 17:57:32.997,4,1.59,-6.91,0.22,-489.8904,200.51919999999998,4.367599999999998,175,75
2026-05-11 17:57:33.027,4,1.88,-6.15,1.53,-422.8804,263.56919999999997,-83.5624,175,75
2026-05-11 17:57:33.034,4,1.96,-5.65,1.73,-428.4904,211.9192,-119.11240000000001,175,75
2026-05-11 17:57:33.046,4,1.93,-5.01,1.79,-411.9004,144.5992,-147.3424,175,75
2026-05-11 17:57:33.096,4,1.11,-3.5,1.86,-323.91040000000004,145.08919999999998,-191.7324,175,75
2026-05-11 17:57:33.096,4,0.93,-3.03,2.03,-290.4404,185.7592,-199.04240000000001,175,75
2026-05-11 17:57:33.119,4,0.46,-2.02,2.6,-196.17040000000003,230.20919999999998,-203.3124,175,75
2026-05-11 17:57:33.119,4,0.35,-1.61,2.78,-152.0804,230.5792,-195.3324,175,75
2026-05-11 17:57:33.130,4,0.04,-1.24,2.96,-102.2704,208.0792,-194.4724,175,75
2026-05-11 17:57:33.154,4,-0.53,-0.97,3.11,-63.6704,163.3192,-186.7324,175,75
2026-05-11 17:57:33.154,4,-1.07,-0.77,3.25,-43.120400000000004,153.1392,-168.1924,175,75
2026-05-11 17:57:33.164,4,-1.18,-0.68,3.41,-25.1304,151.9192,-144.7224,175,75
2026-05-11 17:57:33.187,4,-1.28,-0.82,3.36,9.689599999999999,45.029199999999996,-107.0924,175,75
2026-05-11 17:57:33.218,4,-1.59,-0.63,2.97,25.909599999999998,41.7992,-62.6424,175,75
2026-05-11 17:57:33.232,4,-1.62,-0.46,2.92,26.449599999999997,69.9092,-39.3524,175,75
2026-05-11 17:57:33.264,4,-1.44,-0.3,2.95,30.299599999999998,80.45920000000001,4.737599999999999,175,75
2026-05-11 17:57:33.301,4,-0.85,-0.5,2.66,50.1096,-55.150800000000004,51.3176,175,75
2026-05-11 17:57:33.301,4,-0.7,-0.49,2.38,57.979600000000005,-92.96079999999999,61.4376,175,75
2026-05-11 17:57:33.328,4,-0.59,-0.45,2.24,69.1396,-89.6608,68.6976,175,75
2026-05-11 17:57:33.351,4,-0.41,-0.5,2.11,93.9496,-88.93079999999999,78.5176,175,75
2026-05-11 17:57:33.383,4,-0.26,-0.72,1.86,123.0396,-94.3608,86.13759999999999,175,75
2026-05-11 17:57:33.394,4,-0.24,-0.81,1.78,136.14960000000002,-83.0208,88.99759999999999,175,75
2026-05-11 17:57:33.405,4,-0.22,-0.91,1.77,154.68959999999998,-57.530800000000006,95.2176,175,75
2026-05-11 17:57:33.421,4,-0.04,-1.09,1.81,181.14960000000002,-58.6908,105.0376,175,75
2026-05-11 17:57:33.451,4,0.02,-1.27,1.85,199.25959999999998,-76.1908,109.60759999999999,175,75
2026-05-11 17:57:33.463,4,0.02,-1.39,1.88,205.9096,-95.0308,112.4176,175,75
2026-05-11 17:57:33.463,4,0.04,-1.5,1.83,207.6696,-103.4408,113.7576,175,75
2026-05-11 17:57:33.475,4,0.11,-1.69,1.73,201.57959999999997,-116.0008,113.9376,175,75
2026-05-11 17:57:33.517,4,0.17,-2.58,1.48,163.82959999999997,-49.360800000000005,112.04759999999999,175,75
2026-05-11 17:57:33.532,4,0.17,-3.18,1.49,155.9096,-39.970800000000004,104.7976,175,75
2026-05-11 17:57:33.540,4,0.08,-3.97,1.47,148.58960000000002,-38.3808,104.9176,175,75
2026-05-11 17:57:33.578,4,-0.6,-6.67,1.31,245.4796,51.429199999999994,218.6376,175,75
2026-05-11 17:57:33.589,4,-0.41,-6.92,1.78,304.1996,39.1192,263.8776,175,75
2026-05-11 17:57:33.601,4,-0.13,-6.76,2.1,338.0996,-114.79079999999999,319.5476,175,75
2026-05-11 17:57:33.624,4,-0.41,-6.36,1.62,346.6996,-434.7208,318.5176,175,75
2026-05-11 17:57:33.634,4,-0.64,-5.98,0.56,424.3796,-414.24080000000004,257.6576,175,75
2026-05-11 17:57:33.665,4,-0.04,-5.36,0.1,634.7496,-91.4908,291.8076,175,75
2026-05-11 17:57:33.689,4,0.2,-5.45,0.39,660.7796000000001,-3.3808000000000002,288.5776,175,75
2026-05-11 17:57:33.689,4,0.59,-5.29,0.69,647.0596,11.5592,271.3776,175,75
2026-05-11 17:57:33.701,4,1.04,-4.78,0.9,599.8096,-15.5208,239.1876,175,75
2026-05-11 17:57:33.711,4,1.5,-4.08,0.84,526.6996,-67.2208,216.1376,175,75
2026-05-11 17:57:33.728,4,1.71,-3.37,0.6,470.77959999999996,-107.2208,178.2676,175,75
2026-05-11 17:57:33.752,4,1.86,-2.65,0.52,481.02959999999996,-94.7208,57.967600000000004,175,75
2026-05-11 17:57:33.768,4,2.09,-2.2,0.79,462.8596,-245.82080000000002,-14.7224,175,75
2026-05-11 17:57:33.862,4,-0.38,-1.63,-0.01,26.9996,368.1392,51.077600000000004,175,75
2026-05-11 17:57:33.869,4,-0.21,-1.89,0.44,-236.9004,36.249199999999995,-62.8924,175,75
2026-05-11 17:57:33.885,4,-0.12,-1.39,0.14,-338.1204,-148.1408,-84.11240000000001,175,75
2026-05-11 17:57:33.896,4,-0.34,-1.15,-0.39,-353.0604,-280.2708,-61.1824,175,75
2026-05-11 17:57:33.896,4,-0.78,-1.52,-0.68,-350.0104,-222.5908,-16.0024,175,75
2026-05-11 17:57:33.927,4,-0.76,-1.75,-0.48,-372.5704,-105.8808,17.907599999999995,175,75
2026-05-11 17:57:33.927,4,-0.61,-2.08,0.02,-410.8604,-30.2708,46.197599999999994,175,75
2026-05-11 17:57:33.940,4,-0.45,-2.68,0.36,-444.5204,2.8392,69.24759999999999,175,75
2026-05-11 17:57:33.940,4,-0.33,-3.25,0.52,-464.8304,-17.9008,78.1476,175,75
2026-05-11 17:57:33.965,4,-0.2,-3.61,0.57,-487.6304,-74.9708,82.35759999999999,175,75
2026-05-11 17:57:33.976,4,-0.02,-4.08,0.48,-500.8004,-124.3008,87.10759999999999,175,75
2026-05-11 17:57:33.976,4,0.11,-4.71,0.37,-510.0104,-192.7708,112.10759999999999,175,75
2026-05-11 17:57:33.990,4,0.23,-5.07,0.37,-532.6904,-231.6808,142.5976,175,75
2026-05-11 17:57:34.005,4,0.41,-5.25,0.36,-565.5604,-261.37080000000003,163.9376,175,75
2026-05-11 17:57:34.005,4,0.45,-5.45,0.15,-596.9004,-287.4108,181.2576,175,75
2026-05-11 17:57:34.016,4,0.27,-5.87,-0.21,-607.1404,-263.6908,209.42759999999998,175,75
2026-05-11 17:57:34.030,4,0.08,-6.45,-0.51,-607.3904,-172.5308,242.5976,175,75
2026-05-11 17:57:34.048,4,0.05,-6.79,-0.56,-616.2303999999999,-80.6408,252.2976,175,75
2026-05-11 17:57:34.048,4,-0.04,-7.03,-0.48,-620.6804,17.3492,251.01760000000002,175,75
2026-05-11 17:57:34.110,4,0.85,-6.28,0.95,-557.7504,227.5292,53.9376,175,75
2026-05-11 17:57:34.110,4,0.36,-5.53,1.3,-504.8304,309.9692,-42.4024,175,75
2026-05-11 17:57:34.124,4,0.32,-5.22,1.43,-481.41040000000004,386.9792,-79.2324,175,75
2026-05-11 17:57:34.140,4,0.18,-4.8,1.67,-435.5604,479.7292,-130.26239999999999,175,75
2026-05-11 17:57:34.199,4,-0.56,-3.37,3.02,-262.6904,701.3092,-215.8124,175,75
2026-05-11 17:57:34.234,4,-0.67,-2.78,3.55,-222.4504,618.0192000000001,-241.8524,175,75
2026-05-11 17:57:34.245,4,-0.57,-1.52,3.54,-94.1604,277.2292,-228.3724,175,75
2026-05-11 17:57:34.304,4,-1.34,-0.72,2.51,-8.970400000000001,343.56919999999997,-178.5024,175,75
2026-05-11 17:57:34.304,4,-1.32,-0.58,2.92,22.3696,357.7092,-157.8924,175,75
2026-05-11 17:57:34.336,4,-0.83,-0.22,3.19,75.4196,-55.030800000000006,-126.36240000000001,175,75
2026-05-11 17:57:34.336,4,-0.64,-0.16,2.71,60.0496,-185.76080000000002,-121.7924,175,75
2026-05-11 17:57:34.372,4,-0.86,-0.17,2.25,39.989599999999996,-201.3708,-109.47240000000001,175,75
2026-05-11 17:57:34.381,4,-0.91,-0.21,1.71,34.2596,-87.29079999999999,-82.9524,175,75
2026-05-11 17:57:34.392,4,-0.77,-0.27,1.47,38.8896,62.109199999999994,-53.6224,175,75
2026-05-11 17:57:34.424,4,-0.57,-0.32,2.35,88.0396,393.9292,30.5276,175,75
2026-05-11 17:57:34.431,4,-0.48,-0.4,2.52,87.4896,322.1692,37.5376,175,75
2026-05-11 17:57:34.446,4,-0.39,-0.44,2.38,87.8596,181.9192,44.8576,175,75
2026-05-11 17:57:34.460,4,-0.35,-0.4,2.21,85.4196,129.4192,50.827600000000004,175,75
2026-05-11 17:57:34.495,4,-0.34,-0.39,2.1,84.6896,102.95920000000001,60.467600000000004,175,75
2026-05-11 17:57:34.495,4,-0.28,-0.43,2.09,82.4296,95.14920000000001,66.1976,175,75
2026-05-11 17:57:34.509,4,-0.26,-0.46,2.19,72.7996,73.3892,69.9176,175,75
2026-05-11 17:57:34.532,4,-0.26,-0.4,2.59,32.8596,-62.470800000000004,75.0976,175,75
2026-05-11 17:57:34.544,4,-0.24,-0.49,2.66,10.049599999999998,-176.13080000000002,79.9176,175,75
2026-05-11 17:57:34.544,4,-0.37,-0.73,2.53,-15.800400000000002,-317.5308,86.9276,175,75
2026-05-11 17:57:34.544,4,-0.54,-1.01,2.22,-34.9504,-383.7508,98.2676,175,75
2026-05-11 17:57:34.564,4,-0.59,-1.42,1.89,-44.6404,-402.1608,112.5976,175,75
2026-05-11 17:57:34.576,4,-0.56,-1.79,1.61,-37.1404,-390.9408,124.85759999999999,175,75
2026-05-11 17:57:34.576,4,-0.63,-2.05,1.33,-18.6704,-368.2008,141.4376,175,75
2026-05-11 17:57:34.586,4,-0.71,-2.13,1.1,6.999599999999997,-314.8508,159.7976,175,75
2026-05-11 17:57:34.586,4,-0.69,-2.16,1.0,31.9396,-262.5908,174.9176,175,75
2026-05-11 17:57:34.599,4,-0.69,-2.29,0.97,84.6896,-191.6808,195.2776,175,75
2026-05-11 17:57:34.609,4,-0.64,-2.5,1.04,138.70960000000002,-145.76080000000002,206.7476,175,75
2026-05-11 17:57:34.620,4,-0.52,-2.84,1.17,208.94959999999998,-136.2508,211.1376,175,75
2026-05-11 17:57:34.620,4,-0.62,-3.04,1.23,265.3596,-143.26080000000002,214.7376,175,75
2026-05-11 17:57:34.634,4,-0.69,-3.23,1.38,344.7496,-156.19080000000002,231.3176,175,75
2026-05-11 17:57:34.652,4,-0.68,-3.39,1.49,411.14959999999996,-187.7708,255.2176,175,75
2026-05-11 17:57:34.660,4,-0.65,-3.63,1.54,472.9196,-233.32080000000002,280.0376,175,75
2026-05-11 17:57:34.676,4,-0.77,-4.53,1.27,605.6596000000001,-317.1008,335.8876,175,75
2026-05-11 17:57:34.685,4,-1.03,-5.41,0.79,670.2996,-262.4708,365.9576,175,75
2026-05-11 17:57:34.697,4,-1.08,-6.42,0.31,714.4996,-136.5508,416.9876,175,75
2026-05-11 17:57:34.710,4,-0.92,-7.1,0.09,743.8896000000001,-19.6008,473.4576,175,75
2026-05-11 17:57:34.726,4,-0.66,-7.69,0.45,738.8296,220.8192,581.0176,175,75
2026-05-11 17:57:34.758,4,-0.59,-6.98,1.22,406.02959999999996,337.8392,455.8276,175,75
2026-05-11 17:57:34.781,4,-0.3,-6.49,1.61,316.8196,354.2992,391.5576,175,75
2026-05-11 17:57:34.801,4,0.09,-5.9,2.17,248.88959999999997,338.44919999999996,331.9876,175,75
2026-05-11 17:57:34.804,4,0.77,-5.2,2.97,145.9096,227.5292,296.0176,175,75
2026-05-11 17:57:34.818,4,1.19,-4.37,3.23,67.9196,35.889199999999995,311.6876,175,75
2026-05-11 17:57:34.830,4,1.44,-3.62,3.11,66.0896,-273.4408,327.9676,175,75
2026-05-11 17:57:34.830,4,1.48,-3.31,2.86,113.2796,-515.9408,329.5476,175,75
2026-05-11 17:57:34.874,4,0.68,-3.04,1.86,214.13959999999997,-1014.3607999999999,252.6576,175,75
2026-05-11 17:57:34.877,4,0.21,-2.81,1.24,224.5596,-1127.7108,190.4076,175,75
2026-05-11 17:57:34.886,4,-0.74,-2.31,0.64,200.2996,-1146.4908,126.3176,175,75
2026-05-11 17:57:34.890,4,-0.92,-1.73,-0.41,156.75959999999998,-983.9308,-22.5824,175,75
2026-05-11 17:57:34.914,4,-0.91,-1.53,-1.32,127.3096,-769.1107999999999,-141.6124,175,75
2026-05-11 17:57:34.925,4,-0.64,-0.92,-1.98,153.58960000000002,-489.8508,-208.1924,175,75
2026-05-11 17:57:34.934,4,-0.7,-0.47,-2.03,224.9896,-235.88080000000002,-188.6224,175,75
2026-05-11 17:57:34.950,4,-1.04,-0.55,-1.73,250.0496,-79.79079999999999,-159.4724,175,75
2026-05-11 17:57:34.974,4,-1.06,-0.39,-1.61,189.8696,-16.3708,-100.3324,175,75
2026-05-11 17:57:35.006,4,-1.29,-0.08,-1.78,84.9896,61.7392,-60.2624,175,75
2026-05-11 17:57:35.006,4,-1.32,0.21,-1.7,10.479599999999998,273.8692,-3.0124000000000013,175,75
2026-05-11 17:57:35.016,4,-1.04,-0.03,-0.99,-1.110400000000002,491.9192,46.6276,175,75
2026-05-11 17:57:35.028,4,-0.8,-0.38,-0.29,7.799599999999998,594.1192000000001,67.9076,175,75
2026-05-11 17:57:35.058,4,0.23,-0.57,1.59,-83.91040000000001,356.3092,5.5876,175,75
2026-05-11 17:57:35.070,4,0.43,-0.24,1.77,-130.3804,53.569199999999995,-18.4424,175,75
2026-05-11 17:57:35.144,4,-0.14,-0.3,1.15,-169.6404,-433.81080000000003,-19.0424,175,75
2026-05-11 17:57:35.155,4,-0.79,-0.52,0.16,-209.8304,-293.81080000000003,62.8476,175,75
2026-05-11 17:57:35.166,4,-0.66,-0.7,0.21,-210.80040000000002,-172.16080000000002,88.5776,175,75
2026-05-11 17:57:35.176,4,-0.43,-0.92,0.43,-209.9504,-55.820800000000006,112.8476,175,75
2026-05-11 17:57:35.176,4,-0.2,-1.11,0.71,-218.67040000000003,6.9192,128.9976,175,75
2026-05-11 17:57:35.192,4,0.1,-1.3,0.93,-234.5204,21.7392,138.8776,175,75
2026-05-11 17:57:35.202,4,0.4,-1.83,1.05,-273.5504,-49.42080000000001,149.7376,175,75
2026-05-11 17:57:35.213,4,0.48,-2.17,0.96,-308.4904,-112.4108,154.8576,175,75
2026-05-11 17:57:35.213,4,0.8,-2.57,0.66,-370.6804,-174.66080000000002,150.8876,175,75
2026-05-11 17:57:35.219,4,0.88,-2.96,0.44,-384.4004,-168.0808,151.2576,175,75
2026-05-11 17:57:35.222,4,0.92,-3.42,0.24,-388.0604,-162.04080000000002,154.7976,175,75
2026-05-11 17:57:35.249,4,0.9,-5.84,-0.26,-399.0904,-32.1008,131.3776,175,75
2026-05-11 17:57:35.255,4,0.99,-6.34,-0.31,-419.03040000000004,-18.3208,114.9776,175,75
2026-05-11 17:57:35.268,4,0.9,-6.77,-0.36,-458.3004,17.8992,89.85759999999999,175,75
2026-05-11 17:57:35.280,4,0.82,-7.17,-0.42,-485.0104,51.0092,79.85759999999999,175,75
2026-05-11 17:57:35.290,4,0.68,-7.54,-0.38,-505.3804,101.06920000000001,73.8176,175,75
2026-05-11 17:57:35.302,4,0.6,-7.87,-0.28,-525.3104,142.83919999999998,65.4676,175,75
2026-05-11 17:57:35.326,4,0.54,-7.9,0.43,-571.4703999999999,227.4692,20.647599999999997,175,75
2026-05-11 17:57:35.341,4,0.4,-7.47,0.79,-569.7004,231.1292,-13.0124,175,75
2026-05-11 17:57:35.351,4,0.35,-6.95,1.1,-554.4603999999999,233.80919999999998,-40.4524,175,75
2026-05-11 17:57:35.363,4,0.37,-6.26,1.43,-528.0004,246.9192,-80.0824,175,75
2026-05-11 17:57:35.378,4,0.18,-4.33,2.02,-427.2004,354.8492,-141.8524,175,75
2026-05-11 17:57:35.394,4,0.21,-3.73,2.18,-378.85040000000004,374.0592,-157.4024,175,75
2026-05-11 17:57:35.405,4,0.02,-2.82,2.55,-291.53040000000004,422.2892,-155.0224,175,75
2026-05-11 17:57:35.421,4,0.19,-2.02,2.97,-198.97039999999998,408.3892,-145.5124,175,75
2026-05-11 17:57:35.432,4,0.11,-1.54,3.29,-132.6904,328.1392,-147.7024,175,75
2026-05-11 17:57:35.456,4,0.06,-1.2,3.35,-73.3004,205.8892,-141.42239999999998,175,75
2026-05-11 17:57:35.499,4,-0.1,-1.1,3.2,-34.400400000000005,114.3592,-135.1424,175,75
2026-05-11 17:57:35.510,4,-0.4,-1.19,2.84,-2.3903999999999996,72.5892,-130.51239999999999,175,75
2026-05-11 17:57:35.520,4,-0.69,-1.27,2.55,12.549599999999998,86.06920000000001,-120.39240000000001,175,75
2026-05-11 17:57:35.520,4,-1.08,-1.24,2.42,19.4996,155.14919999999998,-104.9024,175,75
2026-05-11 17:57:35.531,4,-1.35,-1.12,2.59,19.379599999999996,262.1692,-83.3124,175,75
2026-05-11 17:57:35.531,4,-1.29,-0.94,3.0,12.8596,301.06919999999997,-60.0824,175,75
2026-05-11 17:57:35.548,4,-1.02,-0.52,3.45,8.709599999999998,104.9092,-28.922400000000003,175,75
2026-05-11 17:57:35.564,4,-1.07,-0.49,2.8,3.5895999999999972,-67.71079999999999,-7.4024,175,75
2026-05-11 17:57:35.584,4,-1.07,-0.46,2.27,1.389599999999998,6.8591999999999995,37.3576,175,75
2026-05-11 17:57:35.584,4,-0.96,-0.44,2.29,8.409599999999998,38.999199999999995,52.10759999999999,175,75
2026-05-11 17:57:35.604,4,-0.83,-0.46,2.39,19.989599999999996,61.499199999999995,68.2076,175,75
2026-05-11 17:57:35.624,4,-0.63,-0.49,2.43,34.2596,26.7992,82.10759999999999,175,75
2026-05-11 17:57:35.694,4,-0.62,-0.53,2.33,45.1696,3.0792,89.6676,175,75
2026-05-11 17:57:35.694,4,-0.6,-0.58,2.25,53.4696,-1.1308000000000002,95.2176,175,75
2026-05-11 17:57:35.706,4,-0.6,-0.61,2.19,61.2696,1.8591999999999997,100.88759999999999,175,75
2026-05-11 17:57:35.726,4,-0.5,-0.62,2.14,69.6196,8.5692,106.2576,175,75
2026-05-11 17:57:35.740,4,-0.44,-0.64,2.16,73.2196,1.8591999999999997,109.60759999999999,175,75
2026-05-11 17:57:35.740,4,-0.42,-0.65,2.14,75.2996,-10.5208,111.49759999999999,175,75
2026-05-11 17:57:35.750,4,-0.48,-0.67,2.13,79.1996,-12.2208,114.9176,175,75
2026-05-11 17:57:35.761,4,-0.37,-0.76,2.26,107.1896,-34.180800000000005,138.8176,175,75
2026-05-11 17:57:35.783,4,-0.42,-0.87,2.19,129.68959999999998,-93.3808,153.45759999999999,175,75
2026-05-11 17:57:35.783,4,-0.35,-0.99,2.11,149.25959999999998,-112.7708,162.7176,175,75
2026-05-11 17:57:35.796,4,-0.39,-1.16,1.99,164.7496,-134.7208,171.2576,175,75
2026-05-11 17:57:35.796,4,-0.68,-1.29,1.97,181.57959999999997,-112.04079999999999,180.2176,175,75
2026-05-11 17:57:35.806,4,-0.82,-1.46,2.1,216.44959999999998,-39.540800000000004,197.4176,175,75
2026-05-11 17:57:35.830,4,-0.98,-2.51,2.35,284.7496,-13.9308,264.1276,175,75
2026-05-11 17:57:35.840,4,-1.47,-2.57,2.26,270.2996,47.109199999999994,283.0876,175,75
2026-05-11 17:57:35.850,4,-1.84,-2.92,2.27,284.8696,178.5692,335.4676,175,75
2026-05-11 17:57:35.860,4,-1.78,-3.58,2.56,341.6996,267.8392,404.8576,175,75
2026-05-11 17:57:35.873,4,-1.63,-4.6,2.94,415.5996,206.55919999999998,497.6576,175,75
2026-05-11 17:57:35.911,4,-1.65,-6.19,3.23,526.1496000000001,134.4792,689.7976,175,75
2026-05-11 17:57:35.938,4,-2.44,-7.67,3.57,544.1996,-59.42080000000001,849.0676,175,75
2026-05-11 17:57:35.938,4,-4.59,-8.78,3.42,475.77959999999996,-35.820800000000006,705.3475999999999,175,75
2026-05-11 17:57:35.956,4,-3.61,-10.5,3.43,279.07959999999997,96.7992,558.2676,175,75
2026-05-11 17:57:35.967,4,-2.7,-9.56,3.09,183.0996,67.5892,515.4676,175,75
2026-05-11 17:57:35.992,4,-1.71,-8.57,2.47,195.9096,-49.790800000000004,556.1976,175,75
2026-05-11 17:57:35.992,4,-1.35,-7.89,2.51,172.4296,-64.8508,526.1376,175,75
2026-05-11 17:57:36.003,4,-0.81,-7.2,2.54,144.13959999999997,-106.3108,476.7476,175,75
2026-05-11 17:57:36.014,4,-0.41,-6.6,2.5,133.64960000000002,-190.76080000000002,399.0576,175,75
2026-05-11 17:57:36.014,4,0.01,-6.06,2.33,143.64960000000002,-287.5308,303.6376,175,75
2026-05-11 17:57:36.025,4,0.46,-5.55,2.09,140.2296,-391.74080000000004,188.3876,175,75
2026-05-11 17:57:36.053,4,1.85,-3.22,1.32,90.4196,-499.24080000000004,264.6676,175,75
2026-05-11 17:57:36.074,4,1.33,-2.17,0.73,199.00959999999998,-590.7008,185.2776,175,75
2026-05-11 17:57:36.074,4,1.17,-1.86,0.61,202.2496,-625.7607999999999,153.7576,175,75
2026-05-11 17:57:36.074,4,1.15,-1.26,0.34,175.83960000000002,-678.0208,106.6276,175,75
2026-05-11 17:57:36.085,4,0.98,-1.0,-0.33,146.93959999999998,-738.3208,47.8476,175,75
2026-05-11 17:57:36.098,4,0.43,-1.19,-1.05,94.4996,-739.9108,-13.252400000000002,175,75
2026-05-11 17:57:36.123,4,-0.14,-1.15,-1.84,-3.5504,-569.9108,-94.1724,175,75
2026-05-11 17:57:36.138,4,-0.71,0.13,-3.06,-103.7304,61.679199999999994,-75.8124,175,75
2026-05-11 17:57:36.162,4,-0.6,-1.05,-0.97,-139.9504,631.3092,6.0176,175,75
2026-05-11 17:57:36.169,4,-0.12,-1.53,0.21,-154.3404,683.8692000000001,-20.6924,175,75
2026-05-11 17:57:36.180,4,0.19,-2.0,1.16,-179.8904,624.2392000000001,-68.4324,175,75
2026-05-11 17:57:36.199,4,0.31,-2.02,1.81,-217.5104,485.5192,-124.4124,175,75
2026-05-11 17:57:36.210,4,0.6,-1.8,2.0,-246.41039999999998,331.3692,-146.6724,175,75
2026-05-11 17:57:36.232,4,0.7,-1.59,2.19,-293.2404,65.9492,-167.4024,175,75
2026-05-11 17:57:36.242,4,0.75,-1.57,2.07,-318.2404,-186.4908,-169.4124,175,75
2026-05-11 17:57:36.254,4,0.48,-1.71,1.75,-341.47040000000004,-396.8608,-154.6524,175,75
2026-05-11 17:57:36.254,4,0.14,-1.86,1.39,-372.2004,-489.1108,-133.0724,175,75
2026-05-11 17:57:36.259,4,-0.12,-2.2,0.86,-405.9904,-490.6408,-102.4024,175,75
2026-05-11 17:57:36.281,4,-0.23,-2.6,0.53,-424.7004,-422.6508,-75.2624,175,75
2026-05-11 17:57:36.281,4,-0.34,-2.95,0.34,-432.6304,-315.5208,-54.0424,175,75
2026-05-11 17:57:36.292,4,-0.25,-3.34,0.25,-430.9904,-150.82080000000002,-33.0124,175,75
2026-05-11 17:57:36.309,4,0.11,-3.89,0.91,-428.97040000000004,57.2292,-10.5124,175,75
2026-05-11 17:57:36.323,4,0.36,-4.16,1.36,-436.23040000000003,91.1292,-2.3424000000000014,175,75
2026-05-11 17:57:36.343,4,0.59,-4.33,1.65,-465.9904,64.3592,-5.452400000000001,175,75
2026-05-11 17:57:36.346,4,0.75,-4.57,1.69,-487.9404,32.529199999999996,-12.2224,175,75
2026-05-11 17:57:36.356,4,0.79,-4.87,1.74,-505.0104,7.289199999999999,-17.3424,175,75
2026-05-11 17:57:36.402,4,0.87,-5.26,2.05,-525.1904,23.5092,-48.9224,175,75
2026-05-11 17:57:36.413,4,1.33,-4.51,2.39,-496.8404,31.189200000000003,-104.5324,175,75
2026-05-11 17:57:36.424,4,1.37,-4.21,2.25,-454.8904,4.6692,-115.9324,175,75
2026-05-11 17:57:36.424,4,1.33,-4.24,2.05,-426.66040000000004,11.7992,-123.25240000000001,175,75
2026-05-11 17:57:36.446,4,1.02,-4.23,1.93,-389.03040000000004,103.4492,-141.3024,175,75
2026-05-11 17:57:36.461,4,0.92,-3.99,2.11,-371.29040000000003,164.5392,-156.54240000000001,175,75
2026-05-11 17:57:36.467,4,0.85,-3.76,2.21,-352.9404,189.23919999999998,-167.8324,175,75
2026-05-11 17:57:36.480,4,0.73,-3.58,2.3,-327.7504,199.4792,-178.07240000000002,175,75
2026-05-11 17:57:36.500,4,0.66,-3.42,2.37,-290.8004,191.30919999999998,-188.3724,175,75
2026-05-11 17:57:36.500,4,0.57,-3.33,2.35,-264.1604,163.4492,-196.2424,175,75
2026-05-11 17:57:36.529,4,0.58,-3.24,2.29,-247.2704,136.0692,-202.4624,175,75
2026-05-11 17:57:36.529,4,0.42,-3.06,2.19,-234.7704,117.64920000000001,-209.4724,175,75
2026-05-11 17:57:36.565,4,0.27,-2.84,2.07,-226.5904,128.3192,-212.5224,175,75
2026-05-11 17:57:36.565,4,0.13,-2.61,2.01,-213.49040000000002,156.30919999999998,-214.2324,175,75
2026-05-11 17:57:36.578,4,0.02,-2.0,2.09,-172.3904,214.4792,-201.3624,175,75
2026-05-11 17:57:36.589,4,0.05,-1.73,2.16,-154.8304,214.29919999999998,-194.5324,175,75
2026-05-11 17:57:36.589,4,0.06,-1.52,2.19,-140.5004,202.2292,-188.6224,175,75
2026-05-11 17:57:36.604,4,0.06,-1.29,2.19,-127.5704,185.8192,-184.2324,175,75
2026-05-11 17:57:36.648,4,0.06,-1.02,2.18,-117.4504,161.0092,-182.0924,175,75
2026-05-11 17:57:36.671,4,0.04,-0.92,2.14,-111.4104,148.2592,-180.3324,175,75
2026-05-11 17:57:36.683,4,0.01,-0.8,2.08,-101.4104,140.5792,-179.1724,175,75
2026-05-11 17:57:36.683,4,-0.02,-0.69,2.04,-91.5904,142.70919999999998,-178.8024,175,75
2026-05-11 17:57:36.697,4,-0.07,-0.6,2.07,-56.2304,163.3892,-184.29240000000001,175,75
2026-05-11 17:57:36.733,4,-0.04,-0.68,2.16,-41.5304,156.1892,-189.4124,175,75
2026-05-11 17:57:36.743,4,-0.01,-0.74,2.14,-35.8004,72.03920000000001,-199.2324,175,75
2026-05-11 17:57:36.763,4,-0.07,-0.69,1.9,-46.900400000000005,27.5292,-201.6124,175,75
2026-05-11 17:57:36.764,4,-0.09,-0.7,1.79,-49.3404,28.0192,-201.9124,175,75
2026-05-11 17:57:36.814,4,-0.1,-0.78,1.62,-55.8604,48.6892,-198.07240000000002,175,75
2026-05-11 17:57:36.814,4,-0.09,-0.93,1.62,-61.4104,109.1192,-202.4024,175,75
2026-05-11 17:57:36.825,4,-0.08,-0.89,1.79,-56.1704,134.23919999999998,-208.5024,175,75
2026-05-11 17:57:36.850,4,-0.1,-0.66,1.99,-47.0204,141.55919999999998,-213.3724,175,75
2026-05-11 17:57:36.850,4,-0.01,-0.22,2.27,-28.360400000000002,111.4992,-208.3124,175,75
2026-05-11 17:57:36.861,4,0.1,0.29,2.45,-13.360400000000002,27.0992,-190.8724,175,75
2026-05-11 17:57:36.861,4,0.09,0.54,2.43,-6.780400000000002,-46.8008,-175.9424,175,75
2026-05-11 17:57:36.874,4,0.07,0.6,2.21,-0.8003999999999998,-122.1608,-156.1824,175,75
2026-05-11 17:57:36.894,4,0.04,0.87,1.64,-8.550400000000002,-122.04079999999999,-120.8124,175,75
2026-05-11 17:57:36.904,4,0.03,1.02,1.54,-14.220400000000001,-77.5308,-109.5324,175,75
2026-05-11 17:57:36.909,4,0.05,1.0,1.5,-10.5004,-15.8208,-95.4524,175,75
2026-05-11 17:57:36.967,4,0.05,0.9,1.79,12.8596,74.0592,-50.0824,175,75
2026-05-11 17:57:36.967,4,0.05,0.83,1.84,15.779600000000002,75.0292,-31.672400000000003,175,75
2026-05-11 17:57:36.984,4,0.18,0.37,1.82,10.419599999999996,77.28920000000001,3.3275999999999986,175,75
2026-05-11 17:57:36.997,4,0.25,0.13,1.92,13.769599999999997,84.2392,4.737599999999999,175,75
2026-05-11 17:57:37.007,4,0.3,0.07,1.98,22.6096,80.9492,1.4976000000000003,175,75
2026-05-11 17:57:37.010,4,0.39,-0.01,2.05,28.099599999999995,49.539199999999994,-5.3324,175,75
2026-05-11 17:57:37.023,4,0.4,-0.08,2.1,26.5096,-8.5008,-17.8324,175,75
2026-05-11 17:57:37.038,4,0.4,-0.13,2.04,22.6096,-63.8708,-27.642400000000002,175,75
2026-05-11 17:57:37.049,4,0.36,-0.2,1.86,24.2596,-106.1908,-39.7224,175,75
2026-05-11 17:57:37.049,4,0.39,-0.26,1.68,17.729599999999998,-134.4208,-57.702400000000004,175,75
2026-05-11 17:57:37.059,4,0.26,-0.06,1.38,-5.250400000000003,-128.6908,-99.5324,175,75
2026-05-11 17:57:37.081,4,0.17,0.69,1.63,-60.010400000000004,-149.48080000000002,-107.22240000000001,175,75
2026-05-11 17:57:37.092,4,-0.03,1.1,1.67,-85.8604,-200.82080000000002,-92.5224,175,75
2026-05-11 17:57:37.112,4,-0.02,1.09,1.51,-89.1604,-247.8308,-63.6824,175,75
2026-05-11 17:57:37.125,4,0.23,0.89,1.32,-92.6904,-284.5408,-51.0024,175,75
2026-05-11 17:57:37.147,4,0.37,0.84,0.68,-116.5904,-309.24080000000004,-61.482400000000005,175,75
2026-05-11 17:57:37.158,4,0.15,1.08,0.47,-105.8604,-210.2108,-63.312400000000004,175,75
2026-05-11 17:57:37.174,4,-0.05,1.47,0.62,-75.0704,-60.030800000000006,-51.482400000000005,175,75
2026-05-11 17:57:37.194,4,-0.01,1.81,1.0,-36.2304,39.7292,-28.4424,175,75
2026-05-11 17:57:37.206,4,0.21,2.09,1.53,31.7596,64.3592,28.0276,175,75
2026-05-11 17:57:37.217,4,0.36,2.01,1.56,70.8396,43.6292,66.0776,175,75
2026-05-11 17:57:37.230,4,0.47,1.79,1.34,92.7996,25.9492,92.77759999999999,175,75
2026-05-11 17:57:37.245,4,0.47,1.67,1.05,106.1496,47.289199999999994,111.0776,175,75
2026-05-11 17:57:37.256,4,0.51,1.41,0.84,127.91959999999999,124.53920000000001,120.76759999999999,175,75
2026-05-11 17:57:37.256,4,0.57,1.12,0.86,147.3696,202.89919999999998,115.64760000000001,175,75
2026-05-11 17:57:37.267,4,0.65,1.04,0.97,160.1696,266.18919999999997,105.6476,175,75
2026-05-11 17:57:37.281,4,0.74,1.0,1.18,169.00959999999998,322.0992,92.7176,175,75
2026-05-11 17:57:37.318,4,0.78,0.76,1.47,181.9996,338.7492,78.02759999999999,175,75
2026-05-11 17:57:37.330,4,0.64,0.57,1.73,195.2996,330.75919999999996,64.6676,175,75
2026-05-11 17:57:37.330,4,0.14,0.47,2.11,220.77960000000002,343.1392,61.9876,175,75
2026-05-11 17:57:37.401,4,0.67,-0.51,2.96,308.70959999999997,-36.3108,89.1276,175,75
2026-05-11 17:57:37.412,4,0.8,-0.84,2.33,276.08959999999996,-215.82080000000002,62.8476,175,75
2026-05-11 17:57:37.422,4,1.25,-0.78,1.38,172.0596,-459.05080000000004,33.087599999999995,175,75
2026-05-11 17:57:37.423,4,0.31,-0.21,0.51,19.0796,-517.8308,1.1376000000000008,175,75
2026-05-11 17:57:37.440,4,-0.1,-0.05,0.2,-40.3804,169.7892,36.017599999999995,175,75
2026-05-11 17:57:37.457,4,0.33,-0.49,1.83,-20.500400000000003,437.5892,33.8776,175,75
2026-05-11 17:57:37.466,4,0.57,-0.5,2.27,-44.7004,398.7492,18.327599999999997,175,75
2026-05-11 17:57:37.478,4,1.06,-0.57,2.51,-64.8304,46.499199999999995,-10.942400000000001,175,75
2026-05-11 17:57:37.490,4,0.82,-0.59,1.94,-91.6604,-169.85080000000002,-38.5024,175,75
2026-05-11 17:57:37.502,4,0.63,-0.45,1.56,-115.8604,-202.04080000000002,-45.1424,175,75
2026-05-11 17:57:37.515,4,0.52,-0.27,1.27,-123.9704,-160.5208,-38.132400000000004,175,75
2026-05-11 17:57:37.525,4,0.49,-0.24,1.23,-118.7304,-98.7508,-30.0824,175,75
2026-05-11 17:57:37.537,4,0.57,-0.28,1.28,-115.8004,-26.9808,-22.4024,175,75
2026-05-11 17:57:37.549,4,0.7,-0.32,1.39,-111.6604,8.1392,-20.2024,175,75
2026-05-11 17:57:37.561,4,0.83,-0.15,1.51,-111.5304,-12.8908,-33.2524,175,75
2026-05-11 17:57:37.561,4,0.75,0.49,1.53,-135.5004,-68.2008,-43.8624,175,75
2026-05-11 17:57:37.571,4,0.66,0.99,1.48,-146.1704,-92.5308,-34.4724,175,75
2026-05-11 17:57:37.582,4,0.53,1.17,1.45,-135.8604,-85.9408,-15.4524,175,75
2026-05-11 17:57:37.596,4,0.49,1.09,1.45,-106.4704,-24.6008,13.147599999999999,175,75
2026-05-11 17:57:37.600,4,0.67,0.99,1.5,-85.13040000000001,22.9592,30.5276,175,75
2026-05-11 17:57:37.611,4,0.89,0.88,1.58,-64.8304,57.529199999999996,45.8876,175,75
2026-05-11 17:57:37.622,4,1.28,0.6,1.7,-32.0204,57.039199999999994,43.267599999999995,175,75
2026-05-11 17:57:37.647,4,1.34,0.7,1.71,-21.3504,37.64919999999999,31.1376,175,75
2026-05-11 17:57:37.699,4,1.3,0.78,1.71,-17.3904,18.2592,21.687599999999996,175,75
2026-05-11 17:57:37.709,4,1.12,0.86,1.64,5.839599999999997,22.0992,11.987599999999999,175,75
2026-05-11 17:57:37.720,4,1.1,0.82,1.64,25.599599999999995,47.109199999999994,10.277599999999998,175,75
2026-05-11 17:57:37.720,4,1.15,0.71,1.68,36.9996,63.8692,6.137600000000001,175,75
2026-05-11 17:57:37.732,4,1.18,0.61,1.73,44.869600000000005,69.3592,-6.792400000000001,175,75
2026-05-11 17:57:37.744,4,1.12,0.57,1.78,50.599599999999995,65.45920000000001,-19.3524,175,75
2026-05-11 17:57:37.756,4,1.04,0.55,1.77,56.819599999999994,46.1292,-29.9024,175,75
2026-05-11 17:57:37.767,4,0.92,0.51,1.71,62.2496,22.8992,-37.0924,175,75
2026-05-11 17:57:37.809,4,0.53,0.4,1.4,69.8096,41.7392,-40.0824,175,75
2026-05-11 17:57:37.836,4,0.42,0.28,1.35,72.9196,80.39920000000001,-35.5724,175,75
2026-05-11 17:57:37.836,4,0.36,0.22,1.36,68.8896,105.2792,-33.9824,175,75
2026-05-11 17:57:37.859,4,0.36,0.17,1.56,61.089600000000004,131.9792,-32.2224,175,75
2026-05-11 17:57:37.872,4,0.41,0.24,1.7,55.1096,112.5292,-28.1324,175,75
2026-05-11 17:57:37.882,4,0.44,0.33,1.78,45.2996,69.17920000000001,-22.462400000000002,175,75
2026-05-11 17:57:37.893,4,0.49,0.36,1.78,36.3296,19.9692,-15.3324,175,75
2026-05-11 17:57:37.904,4,0.51,0.35,1.73,24.559599999999996,-21.0008,-12.1524,175,75
2026-05-11 17:57:37.904,4,0.52,0.36,1.68,15.479599999999998,-42.710800000000006,-12.0324,175,75
2026-05-11 17:57:37.915,4,0.53,0.37,1.62,7.799599999999998,-57.040800000000004,-11.7924,175,75
2026-05-11 17:57:37.932,4,0.5,0.43,1.46,-2.6904000000000003,-73.3808,-4.7224,175,75
2026-05-11 17:57:37.939,4,0.43,0.41,1.36,-6.590400000000001,-69.2408,-1.7924000000000007,175,75
2026-05-11 17:57:37.961,4,0.36,0.34,1.26,-16.2904,4.9092,5.957600000000001,175,75
2026-05-11 17:57:37.972,4,0.38,0.32,1.32,-21.5304,31.9192,7.237599999999999,175,75
2026-05-11 17:57:37.972,4,0.38,0.27,1.46,-29.4004,54.179199999999994,6.437599999999998,175,75
2026-05-11 17:57:37.984,4,0.41,0.18,1.61,-36.3504,59.1192,3.9976000000000003,175,75
2026-05-11 17:57:37.996,4,0.52,0.1,1.8,-48.3604,36.249199999999995,-2.2224000000000004,175,75
2026-05-11 17:57:37.996,4,0.54,0.1,1.93,-63.8504,-4.1808000000000005,-9.9624,175,75
2026-05-11 17:57:38.005,4,0.55,0.13,2.0,-75.19040000000001,-46.610800000000005,-15.022400000000001,175,75
2026-05-11 17:57:38.031,4,0.4,0.12,1.94,-86.4104,-145.2108,-18.6224,175,75
2026-05-11 17:57:38.044,4,0.39,0.1,1.86,-90.3804,-179.1108,-19.1724,175,75
2026-05-11 17:57:38.054,4,0.39,0.09,1.78,-90.9204,-193.8708,-21.2424,175,75
2026-05-11 17:57:38.054,4,0.42,0.09,1.72,-89.4004,-202.7108,-24.4724,175,75
2026-05-11 17:57:38.071,4,0.53,0.09,1.63,-90.1304,-221.13080000000002,-33.9824,175,75
2026-05-11 17:57:38.084,4,0.61,0.08,1.55,-97.0804,-251.9208,-45.7524,175,75
2026-05-11 17:57:38.097,4,0.56,0.15,1.43,-115.5004,-304.8508,-52.8324,175,75
2026-05-11 17:57:38.108,4,0.39,0.42,1.22,-140.2504,-343.3808,-51.7924,175,75
2026-05-11 17:57:38.118,4,0.35,0.76,1.0,-156.17040000000003,-350.4008,-43.562400000000004,175,75
2026-05-11 17:57:38.129,4,0.51,1.12,0.73,-159.8304,-342.2908,-27.5224,175,75
2026-05-11 17:57:38.139,4,0.8,1.25,0.52,-174.4004,-368.7508,7.597599999999998,175,75
2026-05-11 17:57:38.146,4,1.08,1.31,0.17,-153.30040000000002,-242.7708,2.967599999999999,175,75
2026-05-11 17:57:38.181,4,0.95,2.1,0.36,-38.4904,288.31919999999997,-24.1124,175,75
2026-05-11 17:57:38.205,4,0.35,2.2,1.63,104.5596,513.5092000000001,16.437599999999996,175,75
2026-05-11 17:57:38.227,4,0.57,2.02,1.93,149.43959999999998,493.50919999999996,42.5976,175,75
2026-05-11 17:57:38.227,4,0.88,1.6,2.15,183.27960000000002,408.0792,59.4876,175,75
2026-05-11 17:57:38.263,4,0.67,1.05,1.93,219.07959999999997,202.83919999999998,75.5876,175,75
2026-05-11 17:57:38.263,4,0.46,0.82,1.76,233.4696,197.0992,88.3276,175,75
2026-05-11 17:57:38.286,4,0.48,0.34,1.51,245.96959999999996,251.67919999999998,107.4176,175,75
2026-05-11 17:57:38.297,4,0.44,0.05,1.45,239.43959999999998,317.8392,106.1976,175,75
2026-05-11 17:57:38.308,4,0.5,-0.12,1.53,229.8096,391.00919999999996,93.8176,175,75
2026-05-11 17:57:38.320,4,0.79,-0.19,1.76,219.8096,440.3392,64.7376,175,75
2026-05-11 17:57:38.339,4,0.67,-0.16,2.21,200.2996,382.5892,37.477599999999995,175,75
2026-05-11 17:57:38.339,4,0.26,-0.12,2.5,184.9896,277.5892,19.9176,175,75
2026-05-11 17:57:38.360,4,0.74,-0.19,2.77,164.07959999999997,54.6692,11.867599999999998,175,75
2026-05-11 17:57:38.374,4,0.65,-0.29,2.49,125.04960000000001,-206.98080000000002,-7.8324,175,75
2026-05-11 17:57:38.393,4,-0.04,-0.27,0.81,13.889600000000002,-338.7508,-67.58239999999999,175,75
2026-05-11 17:57:38.414,4,-0.08,-0.1,0.61,0.9095999999999975,-229.79080000000002,-63.982400000000005,175,75
2026-05-11 17:57:38.445,4,-0.26,-0.04,0.84,-55.620400000000004,103.9992,-37.0924,175,75
2026-05-11 17:57:38.468,4,-0.05,-0.18,1.52,-78.6704,167.3492,-20.2024,175,75
2026-05-11 17:57:38.507,4,0.27,-0.31,2.03,-118.24040000000001,-56.7408,-12.5824,175,75
2026-05-11 17:57:38.507,4,0.31,-0.37,1.94,-120.74040000000001,-155.4008,-10.022400000000001,175,75
2026-05-11 17:57:38.520,4,0.29,-0.52,1.69,-121.6604,-230.70080000000002,-14.112400000000001,175,75
2026-05-11 17:57:38.534,4,0.23,-0.36,1.42,-128.12040000000002,-252.2208,-22.642400000000002,175,75
2026-05-11 17:57:38.545,4,0.18,0.29,1.27,-135.1904,-207.9608,-25.4524,175,75
2026-05-11 17:57:38.557,4,0.15,1.37,1.31,-123.6704,-112.29079999999999,-13.3124,175,75
2026-05-11 17:57:38.557,4,0.27,2.14,1.5,-83.9704,-13.3208,5.277599999999998,175,75
2026-05-11 17:57:38.590,4,0.32,1.62,1.77,-13.4204,52.779199999999996,35.157599999999995,175,75
2026-05-11 17:57:38.605,4,0.54,1.21,1.95,27.059599999999996,94.7292,57.5376,175,75
2026-05-11 17:57:38.606,4,0.86,1.05,2.09,37.2496,96.1892,67.7176,175,75
2026-05-11 17:57:38.618,4,1.13,0.64,2.2,48.589600000000004,47.289199999999994,67.9676,175,75
2026-05-11 17:57:38.618,4,1.29,0.36,2.2,56.2696,-4.1808000000000005,68.5776,175,75
2026-05-11 17:57:38.631,4,1.36,0.8,2.0,58.949600000000004,-105.82079999999999,62.9076,175,75
2026-05-11 17:57:38.647,4,1.41,0.94,1.68,76.14959999999999,-127.4108,70.8276,175,75
2026-05-11 17:57:38.647,4,1.51,0.84,1.44,90.4796,-97.96079999999999,74.5476,175,75
2026-05-11 17:57:38.660,4,1.65,0.63,1.3,97.1896,-41.000800000000005,70.52759999999999,175,75
2026-05-11 17:57:38.671,4,1.83,0.53,1.32,96.8196,1.9791999999999998,59.85759999999999,175,75
2026-05-11 17:57:38.681,4,1.94,0.54,1.36,92.2496,19.4792,41.687599999999996,175,75
2026-05-11 17:57:38.710,4,1.55,0.65,1.2,76.8196,-16.2508,-11.4824,175,75
2026-05-11 17:57:38.742,4,1.23,0.7,1.15,66.5796,55.39919999999999,-17.5224,175,75
2026-05-11 17:57:38.742,4,1.19,0.68,1.25,63.7696,80.2792,-16.1824,175,75
2026-05-11 17:57:38.769,4,1.03,0.53,1.42,53.2196,80.6392,-14.6524,175,75
2026-05-11 17:57:38.782,4,0.92,0.42,1.42,49.6896,74.4192,-14.4724,175,75
2026-05-11 17:57:38.792,4,0.81,0.3,1.41,48.5296,76.7992,-13.8024,175,75
2026-05-11 17:57:38.799,4,0.66,0.19,1.46,47.9196,94.84920000000001,-11.7324,175,75
2026-05-11 17:57:38.814,4,0.76,0.1,1.63,47.8596,89.2392,-15.4524,175,75
2026-05-11 17:57:38.818,4,0.78,-0.0,1.75,42.979600000000005,55.5192,-26.7924,175,75
2026-05-11 17:57:38.830,4,0.71,-0.13,1.71,30.659599999999998,-10.6408,-49.232400000000005,175,75
2026-05-11 17:57:38.847,4,0.62,-0.18,1.56,23.949599999999997,-37.960800000000006,-61.732400000000005,175,75
2026-05-11 17:57:38.858,4,0.49,-0.23,1.35,21.449599999999997,-52.1608,-72.5224,175,75
2026-05-11 17:57:38.858,4,0.3,-0.29,1.15,23.279600000000002,-34.3008,-78.1324,175,75
2026-05-11 17:57:38.868,4,0.22,-0.34,1.04,25.479599999999998,7.3492,-78.7424,175,75
2026-05-11 17:57:38.902,4,0.07,-0.29,1.12,20.229599999999998,108.31920000000001,-69.8424,175,75
2026-05-11 17:57:38.902,4,0.15,-0.24,1.23,8.409599999999998,108.0792,-64.1124,175,75
2026-05-11 17:57:38.921,4,0.13,-0.24,1.38,-5.500400000000003,76.3692,-57.2824,175,75
2026-05-11 17:57:38.932,4,0.2,-0.24,1.46,-9.640400000000001,49.609199999999994,-49.0424,175,75
2026-05-11 17:57:38.954,4,0.39,-0.15,1.51,-13.490400000000001,-44.60080000000001,-32.7624,175,75
2026-05-11 17:57:38.964,4,0.52,-0.25,1.43,-15.380400000000002,-87.7708,-34.8424,175,75
2026-05-11 17:57:38.980,4,0.42,0.51,1.14,-46.3504,-129.1108,-51.8524,175,75
2026-05-11 17:57:38.993,4,0.29,1.79,1.03,-55.6804,-91.7408,-39.5924,175,75
2026-05-11 17:57:39.007,4,0.13,1.99,0.97,-31.230400000000003,-23.0808,-14.9024,175,75
2026-05-11 17:57:39.013,4,0.16,1.19,0.99,-2.570400000000003,88.7492,19.0676,175,75
2026-05-11 17:57:39.027,4,0.3,1.15,1.2,-7.690400000000002,164.4192,35.5276,175,75
2026-05-11 17:57:39.062,4,0.69,0.41,1.9,-25.9204,27.2292,31.077599999999997,175,75
2026-05-11 17:57:39.072,4,0.72,0.58,1.88,-33.2404,-65.5808,32.4176,175,75
2026-05-11 17:57:39.103,4,0.79,0.31,1.48,-30.2504,-139.2408,42.657599999999995,175,75
2026-05-11 17:57:39.124,4,0.97,-0.01,1.25,-45.3104,-86.3708,27.907599999999995,175,75
2026-05-11 17:57:39.136,4,1.0,-0.07,1.29,-68.7304,-30.8808,6.807599999999999,175,75
2026-05-11 17:57:39.162,4,0.98,-0.12,1.47,-98.4204,2.0392,-20.572400000000002,175,75
2026-05-11 17:57:39.173,4,1.04,-0.22,1.65,-115.3104,5.7592,-42.2824,175,75
2026-05-11 17:57:39.173,4,1.11,-0.39,1.91,-138.97039999999998,-14.7208,-72.2224,175,75
2026-05-11 17:57:39.194,4,1.14,-0.57,2.12,-182.5104,-94.2408,-100.0824,175,75
2026-05-11 17:57:39.205,4,1.01,-0.64,1.98,-227.8804,-200.76080000000002,-113.0124,175,75
2026-05-11 17:57:39.205,4,0.96,-0.68,1.65,-263.1804,-276.74080000000004,-114.2324,175,75
2026-05-11 17:57:39.216,4,0.74,-0.67,1.11,-306.9604,-348.6308,-106.3024,175,75
2026-05-11 17:57:39.232,4,0.57,-0.54,0.54,-319.8904,-309.4808,-91.7324,175,75
2026-05-11 17:57:39.266,4,0.4,0.64,-0.15,-286.78040000000004,99.2392,-58.312400000000004,175,75
2026-05-11 17:57:39.266,4,0.23,2.05,0.5,-185.1904,514.1792,-53.6824,175,75
2026-05-11 17:57:39.277,4,-0.18,2.53,1.86,-88.5504,806.1292000000001,-65.2624,175,75
2026-05-11 17:57:39.288,4,-0.07,2.7,3.49,-40.680400000000006,902.6492000000001,-55.7524,175,75
2026-05-11 17:57:39.301,4,1.16,3.14,5.61,8.769599999999997,511.5592,-53.562400000000004,175,75
2026-05-11 17:57:39.313,4,0.44,2.6,5.18,72.5496,-141.0008,-66.7924,175,75
2026-05-11 17:57:39.324,4,0.03,2.18,3.53,99.6896,-417.8308,-68.19239999999999,175,75
2026-05-11 17:57:39.341,4,-0.42,2.03,2.18,97.8596,-463.0208,-33.562400000000004,175,75
2026-05-11 17:57:39.353,4,-1.08,1.83,1.31,130.7196,-269.6608,20.217599999999997,175,75
2026-05-11 17:57:39.374,4,-0.81,1.12,1.03,201.08960000000002,214.05919999999998,110.1576,175,75
2026-05-11 17:57:39.374,4,-0.58,0.92,1.48,210.6596,346.2492,150.8276,175,75
2026-05-11 17:57:39.384,4,-0.33,0.55,1.88,197.18959999999998,379.2992,178.6376,175,75
2026-05-11 17:57:39.396,4,-0.19,0.15,2.05,179.4996,338.62919999999997,208.45759999999999,175,75
2026-05-11 17:57:39.426,4,-0.12,-0.31,1.78,162.3696,312.9592,249.05759999999998,175,75
2026-05-11 17:57:39.429,4,0.11,-0.54,1.74,131.02960000000002,312.7092,229.42759999999998,175,75
2026-05-11 17:57:39.441,4,0.23,-0.54,1.8,83.4696,323.31919999999997,188.0876,175,75
2026-05-11 17:57:39.456,4,0.35,-0.51,2.0,60.1696,323.68919999999997,157.4176,175,75
2026-05-11 17:57:39.462,4,0.55,-0.55,2.28,49.869600000000005,279.5392,129.42759999999998,175,75
2026-05-11 17:57:39.470,4,0.73,-0.59,2.54,36.6996,172.89919999999998,97.4176,175,75
2026-05-11 17:57:39.491,4,0.74,-0.59,2.55,18.529600000000002,13.0192,59.1876,175,75
2026-05-11 17:57:39.502,4,0.72,-0.48,2.31,13.4696,-88.6308,38.517599999999995,175,75
2026-05-11 17:57:39.512,4,0.6,-0.36,2.08,17.2496,-134.3008,24.0676,175,75
2026-05-11 17:57:39.512,4,0.61,-0.29,1.86,15.909599999999998,-158.69080000000002,18.757599999999996,175,75
2026-05-11 17:57:39.539,4,0.52,-0.1,1.64,16.699599999999997,-150.5208,0.09759999999999813,175,75
2026-05-11 17:57:39.539,4,0.59,-0.08,1.62,15.3596,-145.2108,-8.442400000000001,175,75
2026-05-11 17:57:39.567,4,0.67,-0.03,1.57,3.4696,-154.4208,-24.352400000000003,175,75
2026-05-11 17:57:39.579,4,0.7,-0.06,1.42,0.7195999999999998,-157.7108,-31.2424,175,75
2026-05-11 17:57:39.590,4,0.73,-0.07,1.34,-1.0503999999999998,-156.0008,-34.0424,175,75
2026-05-11 17:57:39.603,4,0.78,-0.1,1.23,-0.0704000000000029,-143.26080000000002,-41.9724,175,75
2026-05-11 17:57:39.614,4,0.86,-0.15,1.14,6.509599999999999,-118.8108,-60.2624,175,75
2026-05-11 17:57:39.632,4,0.87,-0.17,1.12,11.029600000000002,-106.3708,-89.9024,175,75
2026-05-11 17:57:39.644,4,0.72,-0.0,1.16,-0.31040000000000134,-104.7208,-111.7324,175,75
2026-05-11 17:57:39.644,4,0.44,0.41,1.28,-22.3304,-92.04079999999999,-114.6524,175,75
2026-05-11 17:57:39.661,4,0.26,0.7,1.4,-29.4004,-88.32079999999999,-95.0824,175,75
2026-05-11 17:57:39.674,4,0.17,0.79,1.49,-21.7204,-94.3008,-65.8124,175,75
2026-05-11 17:57:39.686,4,0.26,0.89,1.57,-17.270400000000002,-98.8708,-34.5324,175,75
2026-05-11 17:57:39.686,4,0.48,1.14,1.66,-24.520400000000002,-102.04079999999999,-10.3924,175,75
2026-05-11 17:57:39.708,4,1.03,1.07,1.51,-46.4704,-162.41080000000002,19.4876,175,75
2026-05-11 17:57:39.720,4,1.1,1.16,1.23,-55.190400000000004,-199.79080000000002,4.187599999999998,175,75
2026-05-11 17:57:39.743,4,0.9,1.34,1.07,-64.5204,-201.5508,-6.182400000000001,175,75
2026-05-11 17:57:39.770,4,0.69,1.47,0.88,8.099599999999999,14.359200000000001,22.5976,175,75
2026-05-11 17:57:39.783,4,0.94,1.51,1.11,41.5796,99.17920000000001,36.6276,175,75
2026-05-11 17:57:39.783,4,1.15,1.47,1.36,62.8596,116.7992,42.1076,175,75
2026-05-11 17:57:39.793,4,1.44,1.28,1.57,71.75959999999999,58.8092,37.657599999999995,175,75
2026-05-11 17:57:39.806,4,1.5,1.14,1.55,70.3596,-15.5808,27.717599999999997,175,75
2026-05-11 17:57:39.819,4,1.21,0.97,1.2,68.9496,-91.43079999999999,13.937599999999998,175,75
2026-05-11 17:57:39.844,4,1.04,0.84,1.03,70.1096,-75.0908,12.1076,175,75
2026-05-11 17:57:39.855,4,0.84,0.67,0.98,78.8896,-21.1908,11.4976,175,75
2026-05-11 17:57:39.884,4,0.72,0.31,1.18,88.8896,50.819199999999995,7.477600000000001,175,75
2026-05-11 17:57:39.895,4,0.67,0.18,1.24,86.3296,57.2292,6.7476,175,75
2026-05-11 17:57:39.895,4,0.59,-0.01,1.24,77.4896,63.8692,7.777599999999998,175,75
2026-05-11 17:57:39.910,4,0.46,-0.1,1.14,39.0096,88.56920000000001,14.4276,175,75
2026-05-11 17:57:39.929,4,0.3,-0.14,1.13,17.4296,132.1692,20.467599999999997,175,75
2026-05-11 17:57:39.941,4,0.32,-0.3,1.3,2.8596000000000004,195.51919999999998,24.0676,175,75
2026-05-11 17:57:39.951,4,0.33,-0.41,1.56,-2.450400000000002,226.79919999999998,21.7476,175,75
2026-05-11 17:57:39.962,4,0.49,-0.53,1.89,-10.130400000000002,218.3192,13.147599999999999,175,75
2026-05-11 17:57:39.973,4,0.58,-0.63,2.18,-25.9204,133.3192,-3.442400000000001,175,75
2026-05-11 17:57:39.998,4,0.44,-0.67,1.97,-50.800399999999996,-49.540800000000004,-39.1124,175,75
2026-05-11 17:57:39.998,4,0.39,-0.58,1.78,-61.3504,-76.2508,-45.9424,175,75
2026-05-11 17:57:40.010,4,0.29,-0.4,1.58,-77.0804,-67.65079999999999,-48.2524,175,75
2026-05-11 17:57:40.021,4,0.25,-0.18,1.49,-81.2904,-38.6308,-42.5824,175,75
2026-05-11 17:57:40.032,4,0.28,-0.04,1.48,-73.7904,2.0991999999999997,-29.962400000000002,175,75
2026-05-11 17:57:40.040,4,0.39,0.01,1.58,-63.3604,24.6692,-19.1724,175,75
2026-05-11 17:57:40.064,4,0.49,0.0,1.67,-59.2804,28.2592,-16.2424,175,75
2026-05-11 17:57:40.074,4,0.5,0.16,1.81,-56.1104,31.7392,-21.8524,175,75
2026-05-11 17:57:40.074,4,0.47,0.62,1.97,-55.0704,18.8692,-27.7024,175,75
2026-05-11 17:57:40.091,4,0.41,1.18,2.12,-62.080400000000004,-7.6508,-23.1324,175,75
2026-05-11 17:57:40.103,4,0.26,1.26,2.09,-57.510400000000004,-51.8008,-0.2624000000000013,175,75
2026-05-11 17:57:40.114,4,0.15,1.04,1.82,-44.2804,-61.9808,35.9576,175,75
2026-05-11 17:57:40.147,4,0.37,0.47,1.38,-37.940400000000004,120.20920000000001,95.3476,175,75
2026-05-11 17:57:40.175,4,0.41,0.47,1.45,-46.290400000000005,173.9992,106.4376,175,75
2026-05-11 17:57:40.190,4,0.36,0.41,1.57,-59.0304,197.2292,115.5276,175,75
2026-05-11 17:57:40.200,4,0.27,0.27,1.65,-80.68039999999999,201.79919999999998,126.3776,175,75
2026-05-11 17:57:40.211,4,0.17,-0.21,1.82,-124.8904,201.55919999999998,141.6876,175,75
2026-05-11 17:57:40.223,4,0.25,-0.41,1.93,-145.99040000000002,180.14919999999998,140.4076,175,75
2026-05-11 17:57:40.265,4,0.33,-0.56,2.02,-169.8904,138.7492,136.6876,175,75
2026-05-11 17:57:40.275,4,0.45,-0.62,2.0,-200.99040000000002,55.279199999999996,131.3176,175,75
2026-05-11 17:57:40.275,4,0.48,-0.56,1.96,-205.1304,36.5592,129.6676,175,75
2026-05-11 17:57:40.288,4,0.47,-0.49,1.94,-203.36040000000003,37.1692,130.5876,175,75
2026-05-11 17:57:40.299,4,0.46,-0.49,1.98,-197.6904,43.569199999999995,134.1876,175,75
2026-05-11 17:57:40.311,4,0.56,-0.48,2.02,-193.73039999999997,43.319199999999995,139.4876,175,75
2026-05-11 17:57:40.311,4,0.66,-0.46,2.05,-190.68040000000002,41.1892,147.4776,175,75
2026-05-11 17:57:40.322,4,0.72,-0.48,2.05,-182.9404,34.849199999999996,157.6576,175,75
2026-05-11 17:57:40.351,4,0.8,-0.52,2.06,-182.7504,20.6392,169.8576,175,75
2026-05-11 17:57:40.351,4,0.92,-0.51,2.01,-194.5804,-31.6808,183.45759999999999,175,75
2026-05-11 17:57:40.365,4,1.07,-0.52,1.82,-215.74040000000002,-123.3808,203.5776,175,75
2026-05-11 17:57:40.376,4,0.92,-0.55,1.46,-235.0704,-196.3108,227.2976,175,75
2026-05-11 17:57:40.387,4,0.84,-0.67,1.03,-244.4004,-230.0308,260.8276,175,75
2026-05-11 17:57:40.397,4,0.88,-0.86,0.82,-251.8404,-240.6408,286.7476,175,75
2026-05-11 17:57:40.416,4,1.37,-1.31,0.45,-277.0804,-230.88080000000002,323.0876,175,75
2026-05-11 17:57:40.427,4,1.53,-1.47,0.31,-293.85040000000004,-197.5908,316.4376,175,75
2026-05-11 17:57:40.450,4,1.48,-1.52,0.81,-282.5104,-31.0008,291.1376,175,75
2026-05-11 17:57:40.460,4,1.32,-1.59,1.35,-271.6604,25.1492,272.3576,175,75
2026-05-11 17:57:40.471,4,1.51,-1.74,1.86,-262.8104,11.3092,248.4576,175,75
2026-05-11 17:57:40.486,4,1.68,-1.87,3.06,-191.29039999999998,-407.5908,183.45759999999999,175,75
2026-05-11 17:57:40.516,4,1.1,-1.5,2.25,-119.1604,-744.9108,136.5576,175,75
2026-05-11 17:57:40.527,4,0.83,-1.28,1.54,-64.8904,-811.8008,111.1976,175,75
2026-05-11 17:57:40.527,4,0.55,-1.18,0.96,-5.8004,-826.4308,83.02759999999999,175,75
2026-05-11 17:57:40.539,4,0.35,-1.16,0.59,33.6496,-775.0308,60.587599999999995,175,75
2026-05-11 17:57:40.560,4,0.19,-1.07,0.1,86.75959999999999,-592.6508,30.157599999999995,175,75
2026-05-11 17:57:40.575,4,0.23,-0.85,0.11,119.13959999999999,-422.2908,39.6676,175,75
2026-05-11 17:57:40.586,4,0.33,-0.62,0.36,140.2996,-316.2508,51.74759999999999,175,75
2026-05-11 17:57:40.598,4,0.4,-0.18,0.72,136.32959999999997,-253.38080000000002,70.52759999999999,175,75
2026-05-11 17:57:40.609,4,0.48,0.34,1.0,121.8196,-234.9708,93.4576,175,75
2026-05-11 17:57:40.625,4,0.6,0.57,1.21,104.3796,-261.6108,111.13759999999999,175,75
2026-05-11 17:57:40.636,4,0.74,0.32,1.36,79.3796,-313.0808,115.76759999999999,175,75
2026-05-11 17:57:40.639,4,0.74,0.04,1.38,43.2196,-384.8508,108.63759999999999,175,75
2026-05-11 17:57:40.662,4,0.71,0.08,1.39,18.8896,-397.7708,102.2376,175,75
2026-05-11 17:57:40.666,4,1.32,-0.23,1.48,8.769599999999997,-404.30080000000004,78.3276,175,75
2026-05-11 17:57:40.683,4,1.63,-0.53,1.55,5.419599999999999,-376.55080000000004,50.52759999999999,175,75
2026-05-11 17:57:40.695,4,1.68,-0.97,1.45,1.6996000000000002,-321.8608,4.977600000000001,175,75
2026-05-11 17:57:40.700,4,1.94,-1.57,1.23,9.749599999999997,-246.9208,-41.7324,175,75
2026-05-11 17:57:40.713,4,0.55,-1.74,0.8,20.599599999999995,-141.8008,-45.8724,175,75
2026-05-11 17:57:40.728,4,0.19,-1.43,0.42,17.4296,-81.68079999999999,-31.852400000000003,175,75
2026-05-11 17:57:40.740,4,-0.06,-1.08,0.24,33.6496,-45.030800000000006,-7.522400000000001,175,75
2026-05-11 17:57:40.744,4,-0.24,-1.3,0.16,54.92959999999999,6.619199999999999,15.097599999999998,175,75
2026-05-11 17:57:40.758,4,-0.14,-1.83,0.25,67.7996,13.9292,14.1276,175,75
2026-05-11 17:57:40.771,4,-0.32,-2.3,0.19,58.589600000000004,-1.3708000000000002,2.717599999999999,175,75
2026-05-11 17:57:40.793,4,-1.26,-2.71,-0.24,-0.19040000000000035,-19.4808,-0.7523999999999997,175,75
2026-05-11 17:57:40.805,4,-1.11,-2.94,-0.4,-27.0804,-28.9908,-5.5724,175,75
2026-05-11 17:57:40.805,4,-1.1,-2.99,-0.42,-9.460400000000002,22.2292,18.267599999999995,175,75
2026-05-11 17:57:40.814,4,-1.26,-2.85,-0.19,24.2596,106.9192,54.24759999999999,175,75
2026-05-11 17:57:40.832,4,-0.98,-2.5,0.28,34.4996,119.78920000000001,71.3176,175,75
2026-05-11 17:57:40.844,4,-0.69,-2.27,0.53,33.7696,61.1892,72.9676,175,75
2026-05-11 17:57:40.855,4,-0.46,-2.0,0.55,13.769599999999997,-24.8508,55.6476,175,75
2026-05-11 17:57:40.867,4,-0.33,-1.75,0.43,-8.550400000000002,-73.93079999999999,33.5776,175,75
2026-05-11 17:57:40.890,4,-0.29,-1.58,0.22,-36.1704,-92.4108,5.827599999999999,175,75
2026-05-11 17:57:40.890,4,-0.26,-1.52,0.14,-52.6304,-68.5008,-11.362400000000001,175,75
2026-05-11 17:57:40.905,4,-0.2,-1.42,0.16,-60.9204,-11.5508,-20.9424,175,75
2026-05-11 17:57:40.913,4,-0.15,-1.37,0.33,-72.3904,56.499199999999995,-34.0424,175,75
2026-05-11 17:57:40.938,4,0.17,-1.02,1.05,-65.38040000000001,173.86919999999998,-50.8724,175,75
2026-05-11 17:57:40.949,4,0.24,-0.83,1.38,-56.7804,213.1392,-55.3324,175,75
2026-05-11 17:57:40.963,4,0.23,-0.64,1.71,-47.7504,245.14919999999998,-58.982400000000005,175,75
2026-05-11 17:57:40.973,4,0.16,-0.44,1.91,-44.8304,253.6892,-62.8924,175,75
2026-05-11 17:57:40.985,4,0.1,-0.29,2.06,-36.7204,248.3892,-61.1824,175,75
2026-05-11 17:57:40.995,4,-0.03,-0.2,2.15,-25.3804,222.89919999999998,-52.5824,175,75
2026-05-11 17:57:41.008,4,-0.29,-0.11,2.18,-19.340400000000002,172.58919999999998,-33.8024,175,75
2026-05-11 17:57:41.018,4,-0.52,0.03,2.12,-20.070400000000003,141.1892,-5.452400000000001,175,75
2026-05-11 17:57:41.029,4,-0.73,0.13,2.06,-17.750400000000003,109.0592,27.2376,175,75
2026-05-11 17:57:41.053,4,-0.9,0.09,2.01,-12.5104,68.1392,66.3176,175,75
2026-05-11 17:57:41.058,4,-0.81,-0.06,2.08,-5.500400000000003,46.859199999999994,77.8476,175,75
2026-05-11 17:57:41.096,4,-0.71,-0.27,2.28,3.7095999999999982,28.9292,81.2576,175,75
2026-05-11 17:57:41.107,4,-0.57,-0.44,2.52,11.699599999999997,19.9092,77.1676,175,75
2026-05-11 17:57:41.119,4,-0.4,-0.61,2.68,15.5396,-18.9308,67.2376,175,75
2026-05-11 17:57:41.119,4,-0.22,-0.68,2.73,15.299599999999998,-72.29079999999999,54.7376,175,75
2026-05-11 17:57:41.130,4,-0.01,-0.64,2.57,19.379599999999996,-164.3608,35.8276,175,75
2026-05-11 17:57:41.130,4,0.1,-0.66,2.14,29.0096,-237.7708,15.8876,175,75
2026-05-11 17:57:41.142,4,0.16,-0.84,1.7,42.119600000000005,-296.6108,0.5275999999999978,175,75
2026-05-11 17:57:41.153,4,0.18,-1.25,1.1,54.0796,-360.6408,-21.4224,175,75
2026-05-11 17:57:41.164,4,0.11,-1.62,0.55,58.8896,-394.7208,-43.1924,175,75
2026-05-11 17:57:41.177,4,-0.07,-1.97,-0.01,46.9996,-372.6508,-64.4724,175,75
2026-05-11 17:57:41.185,4,-0.15,-2.08,-0.44,17.1896,-231.5508,-80.14240000000001,175,75
2026-05-11 17:57:41.196,4,-0.19,-2.14,-0.57,9.689599999999999,-100.5808,-85.5124,175,75
2026-05-11 17:57:41.211,4,-0.52,-2.21,-0.61,-5.130400000000002,-36.9808,-79.4724,175,75
2026-05-11 17:57:41.222,4,-0.42,-1.71,-0.64,-37.2704,-36.680800000000005,-80.0824,175,75
2026-05-11 17:57:41.222,4,-0.3,-1.78,-0.61,-44.7004,-42.290800000000004,-83.0124,175,75
2026-05-11 17:57:41.261,4,-0.09,-2.1,-0.36,-48.3604,86.5592,-76.2424,175,75
2026-05-11 17:57:41.261,4,-0.06,-2.08,-0.1,-43.8504,137.4692,-68.9224,175,75
2026-05-11 17:57:41.301,4,-0.02,-2.03,0.21,-36.5304,168.7492,-59.0424,175,75
2026-05-11 17:57:41.302,4,0.04,-1.69,0.67,-28.4204,168.1392,-44.6524,175,75
2026-05-11 17:57:41.326,4,-0.04,-1.03,1.19,-9.950400000000002,159.3592,-14.2924,175,75
2026-05-11 17:57:41.355,4,-0.17,-0.18,1.74,-16.4704,178.3892,30.5276,175,75
2026-05-11 17:57:41.355,4,-0.11,0.25,2.13,-27.8104,199.29919999999998,56.74759999999999,175,75
2026-05-11 17:57:41.390,4,0.03,0.34,2.52,-40.1904,187.4092,74.4276,175,75
2026-05-11 17:57:41.390,4,0.17,0.26,2.73,-50.3104,142.1692,78.9376,175,75
2026-05-11 17:57:41.403,4,0.29,0.21,2.81,-55.7404,84.59920000000001,78.5176,175,75
2026-05-11 17:57:41.415,4,0.36,0.22,2.75,-51.4104,22.5892,75.27759999999999,175,75
2026-05-11 17:57:41.429,4,0.18,-0.06,2.34,-1.3504000000000005,21.2492,52.2976,175,75
2026-05-11 17:57:41.440,4,0.14,-0.31,2.26,7.189599999999999,3.5092,35.5276,175,75
2026-05-11 17:57:41.440,4,-0.01,-0.58,2.03,6.509599999999999,-44.790800000000004,18.937599999999996,175,75
2026-05-11 17:57:41.452,4,-0.16,-0.88,1.63,8.159599999999998,-123.32079999999999,13.207600000000001,175,75
2026-05-11 17:57:41.462,4,-0.62,-1.14,1.0,-2.6904000000000003,-200.2708,15.957600000000001,175,75
2026-05-11 17:57:41.476,4,-1.89,-1.74,-0.5,-41.5304,-133.7508,66.9276,175,75
2026-05-11 17:57:41.486,4,-2.43,-2.04,-0.82,-48.0604,-16.3708,112.35759999999999,175,75
2026-05-11 17:57:41.499,4,-2.24,-2.13,-0.74,-18.2404,122.89920000000001,150.8876,175,75
2026-05-11 17:57:41.516,4,-0.69,-1.92,1.55,79.8096,40.639199999999995,166.1976,175,75
2026-05-11 17:57:41.526,4,-0.15,-1.72,2.04,52.119600000000005,-196.2508,127.29759999999999,175,75
2026-05-11 17:57:41.537,4,-0.03,-1.84,1.36,-7.510400000000001,-439.8508,64.0676,175,75
2026-05-11 17:57:41.550,4,-0.14,-1.87,0.05,-31.590400000000002,-548.1407999999999,3.8775999999999993,175,75
2026-05-11 17:57:41.563,4,-0.56,-2.26,-1.58,-42.2004,-397.7708,-62.6424,175,75
2026-05-11 17:57:41.574,4,-0.36,-2.16,-2.05,-50.680400000000006,-124.7208,-86.5424,175,75
2026-05-11 17:57:41.584,4,-0.13,-1.99,-1.57,-19.770400000000002,70.20920000000001,-92.0924,175,75
2026-05-11 17:57:41.595,4,-0.08,-2.07,-0.23,-17.3304,211.9192,-124.2324,175,75
2026-05-11 17:57:41.668,4,-0.51,-0.83,0.87,-38.180400000000006,180.6992,-160.1424,175,75
2026-05-11 17:57:41.679,4,-0.54,-0.68,1.04,-40.3804,188.92919999999998,-143.6824,175,75
2026-05-11 17:57:41.679,4,-0.55,-0.51,1.24,-45.3804,193.86919999999998,-122.7024,175,75
2026-05-11 17:57:41.707,4,-0.53,-0.24,1.48,-56.4704,200.08919999999998,-90.6924,175,75
2026-05-11 17:57:41.750,4,-0.51,-0.03,1.65,-60.440400000000004,201.0092,-58.8624,175,75
2026-05-11 17:57:41.786,4,-0.33,0.1,2.3,-46.7804,173.1992,59.7376,175,75
2026-05-11 17:57:41.786,4,-0.32,0.08,2.47,-42.1404,165.08919999999998,74.1876,175,75
2026-05-11 17:57:41.797,4,-0.3,0.06,2.61,-35.190400000000004,154.4792,80.5876,175,75
2026-05-11 17:57:41.797,4,-0.26,0.02,2.73,-25.800400000000003,139.23919999999998,83.2676,175,75
2026-05-11 17:57:41.809,4,-0.28,0.03,2.9,-10.860400000000002,103.7492,82.7176,175,75
2026-05-11 17:57:41.821,4,-0.24,0.04,2.99,3.099599999999999,42.529199999999996,77.4176,175,75
2026-05-11 17:57:41.832,4,-0.2,0.08,2.96,10.839599999999997,-26.1308,68.6976,175,75
2026-05-11 17:57:41.832,4,-0.1,0.05,2.76,17.309599999999996,-109.85079999999999,56.807599999999994,175,75
2026-05-11 17:57:41.852,4,-0.08,-0.21,2.16,28.8296,-205.70080000000002,34.187599999999996,175,75
2026-05-11 17:57:41.864,4,-0.07,-0.4,1.92,35.9096,-220.4008,28.0276,175,75
2026-05-11 17:57:41.864,4,-0.07,-0.78,1.61,33.1596,-207.7708,16.7476,175,75
2026-05-11 17:57:41.877,4,0.02,-1.03,1.36,25.299599999999998,-191.3108,4.367599999999998,175,75
2026-05-11 17:57:41.891,4,0.07,-1.33,0.77,20.909599999999998,-131.98080000000002,-15.022400000000001,175,75
2026-05-11 17:57:41.891,4,-0.01,-1.41,0.33,23.8896,-80.7008,-21.5424,175,75
2026-05-11 17:57:41.919,4,0.09,-1.54,0.07,26.9396,-40.640800000000006,-28.1324,175,75
2026-05-11 17:57:41.919,4,0.13,-1.76,-0.14,31.9996,-4.1108,-36.6724,175,75
2026-05-11 17:57:41.932,4,-0.09,-1.89,-0.33,31.449599999999997,44.609199999999994,-47.5224,175,75
2026-05-11 17:57:41.943,4,-0.23,-1.98,-0.19,5.419599999999999,57.109199999999994,-58.2524,175,75
2026-05-11 17:57:41.953,4,0.1,-2.33,-0.54,-20.9204,-92.5908,-106.36240000000001,175,75
2026-05-11 17:57:41.964,4,0.04,-2.59,-0.75,-23.000400000000003,-38.0808,-106.97240000000001,175,75
2026-05-11 17:57:41.975,4,-0.09,-2.73,-0.76,-36.9604,53.139199999999995,-87.9524,175,75
2026-05-11 17:57:41.980,4,-0.15,-2.29,-0.49,-20.250400000000003,108.92920000000001,-54.232400000000005,175,75
2026-05-11 17:57:41.992,4,-0.21,-1.99,-0.12,-4.2804,114.2392,-32.5224,175,75
2026-05-11 17:57:42.005,4,-0.28,-1.75,0.37,7.3096,95.45920000000001,-6.182400000000001,175,75
2026-05-11 17:57:42.016,4,-0.24,-1.53,0.73,13.709600000000002,44.969199999999994,11.3776,175,75
2026-05-11 17:57:42.038,4,0.07,-1.25,1.02,6.4496,-125.0308,13.5176,175,75
2026-05-11 17:57:42.050,4,0.16,-1.1,0.88,-1.230400000000003,-146.0008,7.717599999999999,175,75
2026-05-11 17:57:42.061,4,0.21,-0.94,0.85,-1.9604,-99.0508,3.2676,175,75
2026-05-11 17:57:42.072,4,0.35,-0.83,1.05,3.889599999999998,-50.210800000000006,-0.2624000000000013,175,75
2026-05-11 17:57:42.078,4,0.38,-0.7,1.26,5.5396,-23.6908,-11.8524,175,75
2026-05-11 17:57:42.090,4,0.3,-0.52,1.3,-6.0504,-4.6008000000000004,-29.9024,175,75
2026-05-11 17:57:42.101,4,0.16,-0.41,1.22,-18.2404,18.3192,-38.8024,175,75
2026-05-11 17:57:42.121,4,0.01,-0.21,1.22,-25.4404,71.5592,-38.2524,175,75
2026-05-11 17:57:42.131,4,-0.12,-0.14,1.33,-25.1304,119.84920000000001,-31.7924,175,75
2026-05-11 17:57:42.140,4,-0.31,-0.14,1.66,-23.730400000000003,185.5792,-18.8624,175,75
2026-05-11 17:57:42.151,4,-0.51,-0.16,1.95,-23.7904,210.0292,-5.5724,175,75
2026-05-11 17:57:42.164,4,-0.74,-0.16,2.18,-22.1404,217.2292,8.9976,175,75
2026-05-11 17:57:42.185,4,-0.87,-0.17,2.41,-11.3504,211.73919999999998,30.217599999999997,175,75
2026-05-11 17:57:42.196,4,-0.91,-0.27,2.62,2.6096000000000004,182.95919999999998,48.9376,175,75
2026-05-11 17:57:42.196,4,-0.83,-0.38,2.81,11.699599999999997,121.1892,63.5176,175,75
2026-05-11 17:57:42.218,4,-0.31,-0.71,2.72,0.2295999999999978,-122.29079999999999,63.1476,175,75
2026-05-11 17:57:42.225,4,-0.07,-0.82,2.14,-18.4904,-239.85080000000002,43.697599999999994,175,75
2026-05-11 17:57:42.248,4,0.06,-0.74,1.49,-24.520400000000002,-268.3208,25.037599999999998,175,75
2026-05-11 17:57:42.248,4,0.18,-0.63,1.15,-11.780400000000002,-232.29080000000002,18.8176,175,75
2026-05-11 17:57:42.259,4,0.29,-0.71,0.96,3.5895999999999972,-174.4208,12.9076,175,75
2026-05-11 17:57:42.270,4,0.54,-0.88,0.9,18.6496,-95.5808,3.937599999999998,175,75
2026-05-11 17:57:42.282,4,0.73,-1.07,0.94,33.9496,-42.650800000000004,-14.9624,175,75
2026-05-11 17:57:42.294,4,0.71,-1.19,0.86,35.169599999999996,-16.6808,-35.8724,175,75
2026-05-11 17:57:42.304,4,0.68,-1.26,0.66,37.7296,6.4992,-60.3324,175,75
2026-05-11 17:57:42.315,4,0.53,-1.35,0.49,41.2696,12.8992,-72.0924,175,75
2026-05-11 17:57:42.315,4,0.42,-1.44,0.3,39.4396,28.6292,-77.5224,175,75
2026-05-11 17:57:42.326,4,0.31,-1.49,0.11,33.5896,51.499199999999995,-75.0224,175,75
2026-05-11 17:57:42.341,4,0.25,-1.41,0.02,15.419599999999996,29.2392,-73.4324,175,75
2026-05-11 17:57:42.352,4,0.22,-1.31,-0.03,-5.920400000000001,-22.5308,-71.6724,175,75
2026-05-11 17:57:42.364,4,0.15,-1.46,-0.2,-29.8304,-84.1108,-62.5824,175,75
2026-05-11 17:57:42.374,4,0.31,-1.74,-0.24,-37.2704,-44.0508,-45.0824,175,75
2026-05-11 17:57:42.386,4,0.4,-1.94,-0.08,-35.2504,15.819199999999999,-31.912399999999998,175,75
2026-05-11 17:57:42.399,4,0.45,-1.93,0.33,-29.2204,60.639199999999995,-21.7324,175,75
2026-05-11 17:57:42.417,4,0.04,-1.27,0.87,-8.6704,64.9092,6.1975999999999996,175,75
2026-05-11 17:57:42.440,4,-0.18,-0.88,1.13,-3.360400000000002,82.7792,31.3776,175,75
2026-05-11 17:57:42.452,4,-0.32,-0.41,1.57,-4.8904,88.3892,67.2976,175,75
2026-05-11 17:57:42.473,4,-0.34,0.12,2.33,-30.5604,74.53920000000001,124.1276,175,75
2026-05-11 17:57:42.496,4,-0.21,0.19,2.58,-39.5204,40.9492,131.5576,175,75
2026-05-11 17:57:42.507,4,0.19,0.04,2.68,-23.180400000000002,-46.5508,105.1576,175,75
2026-05-11 17:57:42.519,4,0.31,-0.09,2.45,-11.110400000000002,-68.57079999999999,78.99759999999999,175,75
2026-05-11 17:57:42.519,4,0.43,-0.22,2.2,-2.5104000000000006,-62.8308,50.52759999999999,175,75
2026-05-11 17:57:42.536,4,0.54,-0.36,1.88,-2.9404000000000003,-59.9108,11.257599999999998,175,75
2026-05-11 17:57:42.547,4,0.54,-0.5,1.64,-5.8004,-50.0908,-15.3324,175,75
2026-05-11 17:57:42.575,4,0.17,-1.02,1.1,7.0596,69.2992,-53.982400000000005,175,75
2026-05-11 17:57:42.617,4,0.08,-1.26,0.96,22.309599999999996,78.4492,-51.482400000000005,175,75
2026-05-11 17:57:42.630,4,-0.32,-1.56,0.55,36.9996,83.1392,-31.7324,175,75
2026-05-11 17:57:42.640,4,-1.6,-1.67,-0.15,9.989599999999996,112.64920000000001,32.5976,175,75
2026-05-11 17:57:42.664,4,-1.74,-1.6,-0.16,0.5995999999999988,79.2992,82.77759999999999,175,75
2026-05-11 17:57:42.699,4,0.2,-2.0,-0.4,-4.830400000000001,-433.7508,10.2176,175,75
2026-05-11 17:57:42.699,4,0.47,-2.09,-1.05,11.449599999999997,-369.8508,-26.2424,175,75
2026-05-11 17:57:42.710,4,0.56,-2.18,-1.31,19.6896,-215.88080000000002,-49.842400000000005,175,75
2026-05-11 17:57:42.715,4,0.7,-2.08,-1.17,17.8596,-47.7708,-71.9724,175,75
2026-05-11 17:57:42.750,4,0.61,-1.84,-0.72,15.299599999999998,76.5592,-100.75240000000001,175,75
2026-05-11 17:57:42.789,4,-0.07,-1.11,0.39,12.919599999999996,212.5292,-112.5824,175,75
2026-05-11 17:57:42.789,4,-0.34,-0.53,1.08,-2.270400000000002,178.5692,-71.9724,175,75
2026-05-11 17:57:42.800,4,-0.44,-0.43,1.27,-13.300400000000002,161.4992,-54.6524,175,75
2026-05-11 17:57:42.800,4,-0.48,-0.33,1.46,-24.6404,145.9492,-35.3924,175,75
2026-05-11 17:57:42.810,4,-0.47,-0.22,1.67,-31.7804,126.30919999999999,-13.9824,175,75
2026-05-11 17:57:42.821,4,-0.45,-0.23,1.88,-34.5204,109.59920000000001,5.1576,175,75
2026-05-11 17:57:42.835,4,-0.43,-0.28,2.03,-35.010400000000004,94.4192,17.717599999999997,175,75
2026-05-11 17:57:42.857,4,-0.38,-0.36,2.21,-35.9204,29.3592,39.8576,175,75
2026-05-11 17:57:42.882,4,-0.21,-0.34,2.13,-14.220400000000001,-26.4908,71.8076,175,75
2026-05-11 17:57:42.893,4,-0.03,-0.32,2.24,-8.490400000000001,-34.3008,79.5476,175,75
2026-05-11 17:57:42.928,4,0.24,-0.29,2.1,-5.070400000000003,-82.35079999999999,56.13759999999999,175,75
2026-05-11 17:57:42.938,4,0.21,-0.28,1.98,-6.3504000000000005,-75.9408,43.5776,175,75
2026-05-11 17:57:42.949,4,0.16,-0.29,1.89,-5.380400000000002,-57.290800000000004,34.6076,175,75
2026-05-11 17:57:42.994,4,0.06,-0.5,1.67,16.7596,-34.720800000000004,4.737599999999999,175,75
2026-05-11 17:57:42.994,4,-0.03,-0.58,1.51,27.799599999999998,-27.6508,-4.352400000000001,175,75
2026-05-11 17:57:43.015,4,-0.03,-0.8,1.3,52.119600000000005,-13.0808,-13.5624,175,75
2026-05-11 17:57:43.027,4,0.07,-1.26,1.18,79.6896,-20.0908,-25.0824,175,75
2026-05-11 17:57:43.038,4,0.07,-1.63,1.11,89.8096,-39.3008,-37.1524,175,75
2026-05-11 17:57:43.061,4,-0.85,-2.34,-1.26,-39.400400000000005,-376.68080000000003,-114.1724,175,75
2026-05-11 17:57:43.072,4,-1.03,-2.95,-2.24,-58.6104,-180.6408,-94.3524,175,75
2026-05-11 17:57:43.084,4,-0.75,-3.26,-2.34,-49.0304,56.9192,-52.5824,175,75
2026-05-11 17:57:43.111,4,0.01,-3.83,0.27,11.509599999999999,149.9692,-21.7924,175,75
2026-05-11 17:57:43.122,4,-0.03,-3.22,0.51,-18.0604,44.609199999999994,-30.142400000000002,175,75
2026-05-11 17:57:43.133,4,-0.26,-2.41,0.19,-20.3104,-2.3508000000000004,-27.4024,175,75
2026-05-11 17:57:43.148,4,-0.24,-1.27,0.68,-10.440400000000002,70.9492,2.1075999999999997,175,75
2026-05-11 17:57:43.161,4,-0.16,-0.88,1.0,-9.400400000000001,85.45920000000001,14.667599999999998,175,75
2026-05-11 17:57:43.185,4,-0.13,-0.61,1.4,-13.360400000000002,105.5192,24.547599999999996,175,75
2026-05-11 17:57:43.185,4,0.1,-0.36,1.78,-13.910400000000001,80.2792,22.107599999999998,175,75
2026-05-11 17:57:43.195,4,0.03,-0.24,1.92,-15.6204,25.3392,11.1976,175,75
2026-05-11 17:57:43.223,4,0.02,-0.14,1.84,-28.2404,-33.0808,-2.0924000000000014,175,75
2026-05-11 17:57:43.233,4,-0.07,-0.02,1.71,-38.2404,-54.4808,-7.702400000000001,175,75
2026-05-11 17:57:43.233,4,-0.14,0.07,1.62,-39.400400000000005,-43.2008,-6.4824,175,75
2026-05-11 17:57:43.242,4,-0.27,0.11,1.63,-35.2504,5.5792,3.2676,175,75
2026-05-11 17:57:43.330,4,-0.39,0.04,1.76,-28.610400000000002,64.78920000000001,18.4576,175,75
2026-05-11 17:57:43.330,4,-0.48,-0.05,1.9,-22.020400000000002,100.45920000000001,29.9176,175,75
2026-05-11 17:57:43.385,4,-0.51,-0.16,2.1,-10.620400000000002,130.9492,43.8776,175,75
2026-05-11 17:57:43.385,4,-0.47,-0.27,2.28,0.7795999999999985,129.6692,55.7676,175,75
2026-05-11 17:57:43.396,4,-0.36,-0.4,2.41,9.259599999999999,84.3592,62.717600000000004,175,75
2026-05-11 17:57:43.396,4,-0.19,-0.52,2.46,12.6096,15.819199999999999,62.2976,175,75
2026-05-11 17:57:43.448,4,-0.05,-0.59,2.44,15.779600000000002,-43.8108,57.5376,175,75
2026-05-11 17:57:43.525,4,0.28,-0.83,1.15,42.2496,-122.7708,-8.9224,175,75
2026-05-11 17:57:43.534,4,0.16,-0.96,0.74,35.9696,-100.6408,-37.8324,175,75
2026-05-11 17:57:43.534,4,0.12,-1.13,0.47,32.8596,-72.8308,-52.8324,175,75
2026-05-11 17:57:43.580,4,-0.04,-1.43,0.21,40.2296,-6.5508,-57.4024,175,75
2026-05-11 17:57:43.591,4,-0.47,-2.07,0.04,-48.7304,-87.65079999999999,-44.6524,175,75
2026-05-11 17:57:43.614,4,0.01,-1.46,0.28,-10.6804,11.2492,-8.1324,175,75
2026-05-11 17:57:43.614,4,-0.05,-1.14,0.58,-7.750400000000001,68.92920000000001,7.477600000000001,175,75
2026-05-11 17:57:43.657,4,-0.11,0.12,2.3,-59.2204,102.8392,54.4876,175,75
2026-05-11 17:57:43.675,4,-0.15,0.19,2.4,-50.7404,88.8092,55.4076,175,75
2026-05-11 17:57:43.700,4,-0.07,0.15,2.68,-2.6304000000000016,62.3492,52.5976,175,75
2026-05-11 17:57:43.710,4,0.07,0.05,2.81,14.259599999999999,20.6392,42.047599999999996,175,75
2026-05-11 17:57:43.722,4,0.16,-0.03,2.8,22.059599999999996,-32.220800000000004,30.217599999999997,175,75
2026-05-11 17:57:43.733,4,0.27,-0.14,2.65,25.779600000000002,-99.2408,14.487599999999999,175,75
2026-05-11 17:57:43.733,4,0.32,-0.44,2.23,27.919599999999996,-172.35080000000002,-6.0024,175,75
2026-05-11 17:57:43.776,4,-0.08,-1.41,0.57,19.2596,-257.4708,-48.2524,175,75
2026-05-11 17:57:43.799,4,-2.19,-1.52,-1.03,-28.6704,109.3592,53.02759999999999,175,75
2026-05-11 17:57:43.810,4,-2.31,-1.4,-1.08,-35.5004,246.9792,131.0776,175,75
2026-05-11 17:57:43.810,4,-1.4,-1.75,-0.21,6.4496,145.51919999999998,132.6576,175,75
2026-05-11 17:57:43.837,4,0.37,-2.47,0.57,-46.7804,-390.0908,-38.2524,175,75
2026-05-11 17:57:43.842,4,0.29,-2.64,-0.63,-44.9504,-361.0008,-92.0324,175,75
2026-05-11 17:57:43.873,4,0.13,-2.07,-1.29,-25.860400000000002,30.6992,-133.1924,175,75
2026-05-11 17:57:43.960,4,-0.36,-0.71,1.03,-42.2004,201.1892,-122.2824,175,75
2026-05-11 17:57:43.971,4,-0.44,-0.5,1.27,-47.8104,199.7892,-100.14240000000001,175,75
2026-05-11 17:57:44.000,4,-0.51,-0.34,1.54,-55.440400000000004,196.0092,-68.5024,175,75
2026-05-11 17:57:44.000,4,-0.55,-0.23,1.73,-58.4904,193.6892,-43.562400000000004,175,75
2026-05-11 17:57:44.000,4,-0.6,-0.13,1.97,-56.9604,184.23919999999998,-7.6424,175,75
2026-05-11 17:57:44.009,4,-0.65,-0.08,2.14,-49.5804,174.6692,22.297599999999996,175,75
2026-05-11 17:57:44.019,4,-0.61,-0.08,2.35,-37.5704,141.9792,55.9576,175,75
2026-05-11 17:57:44.034,4,-0.53,-0.13,2.49,-28.300400000000003,91.3692,80.7676,175,75
2026-05-11 17:57:44.046,4,-0.45,-0.14,2.54,-19.950400000000002,39.4192,96.2576,175,75
2026-05-11 17:57:44.046,4,-0.34,-0.14,2.55,-11.900400000000001,11.3692,102.8476,175,75
2026-05-11 17:57:44.046,4,-0.24,-0.12,2.59,-4.700400000000002,-8.3208,104.3076,175,75
2026-05-11 17:57:44.058,4,0.04,-0.12,2.6,10.169599999999996,-83.1408,93.2076,175,75
2026-05-11 17:57:44.101,4,0.18,-0.18,2.16,14.139600000000002,-177.7108,60.587599999999995,175,75
2026-05-11 17:57:44.125,4,0.24,-0.35,1.61,20.909599999999998,-184.1108,36.3776,175,75
2026-05-11 17:57:44.142,4,0.21,-0.7,1.2,23.279600000000002,-104.3608,11.0176,175,75
2026-05-11 17:57:44.152,4,0.27,-1.05,1.13,26.8196,-68.6308,-4.112400000000001,175,75
2026-05-11 17:57:44.152,4,0.32,-1.38,1.0,34.0796,-61.070800000000006,-21.3024,175,75
2026-05-11 17:57:44.177,4,0.28,-1.55,0.74,46.6396,-75.7608,-36.062400000000004,175,75
2026-05-11 17:57:44.191,4,0.11,-2.03,0.19,55.6596,-47.960800000000006,-42.8324,175,75
2026-05-11 17:57:44.202,4,-0.26,-2.21,-0.09,17.549599999999998,-86.2508,-35.8724,175,75
2026-05-11 17:57:44.213,4,-0.58,-2.57,-0.82,-36.8404,-159.1108,-32.2224,175,75
2026-05-11 17:57:44.247,4,-0.12,-2.54,0.17,21.5796,149.7892,31.927599999999998,175,75
2026-05-11 17:57:44.347,4,-0.01,-2.33,0.67,24.0796,68.7492,25.827599999999997,175,75
2026-05-11 17:57:44.347,4,-0.05,-2.06,0.78,6.209599999999998,-23.9308,13.3876,175,75
2026-05-11 17:57:44.370,4,-0.09,-1.51,0.59,-8.910400000000001,-96.5508,2.597599999999998,175,75
2026-05-11 17:57:44.381,4,0.03,-1.27,0.61,-10.990400000000001,-74.0508,3.3275999999999986,175,75
2026-05-11 17:57:44.392,4,-0.02,-0.99,0.68,-11.960400000000002,-32.5908,9.4276,175,75
2026-05-11 17:57:44.403,4,0.05,-0.68,0.89,-6.780400000000002,46.0092,21.867599999999996,175,75
2026-05-11 17:57:44.414,4,-0.52,-0.06,1.79,-9.950400000000002,141.73919999999998,69.7376,175,75
2026-05-11 17:57:44.427,4,-0.55,-0.11,2.03,-12.450400000000002,157.5292,79.4276,175,75
2026-05-11 17:57:44.427,4,-0.56,-0.17,2.28,-15.740400000000001,168.6892,87.9676,175,75
2026-05-11 17:57:44.439,4,-0.54,-0.22,2.55,-12.630400000000002,162.89919999999998,93.63759999999999,175,75
2026-05-11 17:57:44.439,4,-0.52,-0.25,2.71,-0.5604000000000013,149.3592,98.38759999999999,175,75
2026-05-11 17:57:44.453,4,-0.47,-0.33,2.88,15.3596,110.0892,100.52759999999999,175,75
2026-05-11 17:57:44.464,4,-0.33,-0.39,3.03,30.169599999999996,34.2992,94.4876,175,75
2026-05-11 17:57:44.476,4,-0.13,-0.43,3.04,36.2096,-80.21079999999999,78.3276,175,75
2026-05-11 17:57:44.476,4,-0.02,-0.47,2.89,33.0396,-197.2208,56.13759999999999,175,75
2026-05-11 17:57:44.486,4,0.09,-0.53,2.59,23.279600000000002,-290.7608,32.4176,175,75
2026-05-11 17:57:44.497,4,0.19,-0.67,1.64,13.8296,-412.1608,-29.0424,175,75
2026-05-11 17:57:44.549,4,0.13,-0.75,1.21,7.489599999999999,-400.3308,-54.412400000000005,175,75
2026-05-11 17:57:44.560,4,0.09,-0.81,0.83,-1.6604000000000028,-346.68080000000003,-73.0724,175,75
2026-05-11 17:57:44.560,4,-0.04,-0.87,0.5,-13.8504,-241.98080000000002,-88.7424,175,75
2026-05-11 17:57:44.572,4,-0.1,-0.89,0.34,-18.6704,-141.13080000000002,-97.7024,175,75
2026-05-11 17:57:44.575,4,-0.12,-1.1,0.22,-25.4404,-66.68079999999999,-114.72240000000001,175,75
2026-05-11 17:57:44.588,4,-0.58,-1.14,0.28,-21.4704,26.9792,-107.4624,175,75
2026-05-11 17:57:44.599,4,-0.73,-1.45,0.24,-37.2004,21.0692,-101.4224,175,75
2026-05-11 17:57:44.632,4,-0.98,-1.89,0.41,-91.7804,19.5992,-71.4224,175,75
2026-05-11 17:57:44.644,4,-0.59,-2.03,0.65,-93.24040000000001,0.3391999999999997,-75.08239999999999,175,75
2026-05-11 17:57:44.655,4,-0.59,-2.39,0.95,-63.9104,1.7991999999999997,-75.9324,175,75
2026-05-11 17:57:44.678,4,-0.54,-1.92,0.74,-49.5804,-194.48080000000002,-65.8724,175,75
2026-05-11 17:57:44.752,4,-0.31,-0.54,1.69,-84.7704,59.0592,-96.4224,175,75
2026-05-11 17:57:44.768,4,-0.29,-0.3,1.99,-84.2804,57.64919999999999,-102.3424,175,75
2026-05-11 17:57:44.790,4,-0.18,0.22,2.37,-85.7404,18.4492,-119.9024,175,75
2026-05-11 17:57:44.803,4,0.07,0.34,2.54,-65.3104,-59.2408,-132.4624,175,75
2026-05-11 17:57:44.814,4,0.22,0.24,2.6,-55.440400000000004,-149.3608,-149.7824,175,75
2026-05-11 17:57:44.814,4,0.32,0.22,2.49,-64.8304,-217.2208,-174.4124,175,75
2026-05-11 17:57:44.826,4,0.28,0.2,2.3,-69.5804,-238.0208,-193.9824,175,75
2026-05-11 17:57:44.826,4,0.13,0.2,1.99,-67.8104,-230.6408,-211.6124,175,75
2026-05-11 17:57:44.837,4,0.04,0.12,1.71,-65.0704,-214.66080000000002,-223.6824,175,75
2026-05-11 17:57:44.844,4,0.08,-0.21,1.43,-71.41040000000001,-220.5208,-238.8624,175,75
2026-05-11 17:57:44.870,4,-1.5,-1.3,0.37,-127.6304,-317.9008,-216.3024,175,75
2026-05-11 17:57:44.870,4,-3.26,-1.36,-0.33,-163.49040000000002,-305.0308,-132.5224,175,75
2026-05-11 17:57:44.877,4,-2.73,-1.94,-0.79,-162.5104,-213.7508,-122.3424,175,75
2026-05-11 17:57:44.884,4,-1.3,-2.6,-0.47,-130.8604,-137.16080000000002,-140.6924,175,75
2026-05-11 17:57:44.895,4,-1.0,-3.08,-0.1,-103.7304,-27.1008,-106.00240000000001,175,75
2026-05-11 17:57:44.906,4,-1.07,-3.02,0.58,-94.6404,98.2592,-128.6224,175,75
2026-05-11 17:57:44.918,4,-0.89,-2.14,1.12,-113.0004,100.2792,-177.8924,175,75
2026-05-11 17:57:44.933,4,-0.84,-0.82,1.25,-130.2504,19.0592,-243.3124,175,75
2026-05-11 17:57:44.944,4,-0.68,-0.19,1.14,-107.7504,-105.7008,-278.3124,175,75
2026-05-11 17:57:44.955,4,-1.18,-0.85,0.64,-56.6604,-264.05080000000004,-299.9624,175,75
2026-05-11 17:57:44.966,4,-1.05,-0.97,0.47,-87.9404,-222.4708,-320.0224,175,75
2026-05-11 17:57:45.012,4,-1.09,-0.45,0.71,-33.4204,-126.8008,-293.68240000000003,175,75
2026-05-11 17:57:45.018,4,-1.02,-0.25,0.9,-26.660400000000003,-151.8008,-281.3624,175,75
2026-05-11 17:57:45.030,4,-0.95,-0.01,1.04,-25.7404,-188.44080000000002,-271.3024,175,75
2026-05-11 17:57:45.030,4,-0.86,0.15,1.1,-30.6804,-229.4208,-264.7824,175,75
2026-05-11 17:57:45.063,4,-0.81,0.39,0.97,-62.6304,-297.2208,-254.29240000000001,175,75
2026-05-11 17:57:45.077,4,-0.79,0.63,0.97,-81.1704,-249.2408,-231.0024,175,75
2026-05-11 17:57:45.101,4,-0.49,0.67,1.33,-78.18039999999999,-167.4708,-201.0624,175,75
2026-05-11 17:57:45.124,4,-0.2,0.74,1.71,-72.2004,-130.5208,-204.6524,175,75
2026-05-11 17:57:45.137,4,-0.13,0.8,1.9,-71.9004,-115.9408,-219.2324,175,75
2026-05-11 17:57:45.182,4,-0.5,0.77,1.88,-53.7304,-203.0208,-241.54240000000001,175,75
2026-05-11 17:57:45.195,4,-0.6,0.61,1.72,-56.8404,-252.7708,-239.4724,175,75
2026-05-11 17:57:45.199,4,-0.64,0.55,1.5,-58.0004,-281.43080000000003,-239.4124,175,75
2026-05-11 17:57:45.214,4,-0.61,0.45,1.28,-55.190400000000004,-306.74080000000004,-238.9824,175,75
2026-05-11 17:57:45.234,4,-0.54,-0.2,0.63,-37.5704,-351.8608,-240.57240000000002,175,75
2026-05-11 17:57:45.262,4,-0.66,-1.25,-0.19,-59.7004,-463.3808,-259.1724,175,75
2026-05-11 17:57:45.273,4,-1.55,-1.22,-0.82,-102.2704,-435.6408,-246.7324,175,75
2026-05-11 17:57:45.285,4,-1.95,-0.75,-1.18,-125.8604,-350.7608,-203.8624,175,75
2026-05-11 17:57:45.299,4,-0.88,-0.94,-0.94,-109.0304,-269.30080000000004,-154.5324,175,75
2026-05-11 17:57:45.324,4,-0.63,-1.14,-0.63,-117.9404,-211.3108,-143.0724,175,75
2026-05-11 17:57:45.370,4,-0.46,-1.3,-0.77,-137.81040000000002,-143.63080000000002,-165.1424,175,75
2026-05-11 17:57:45.381,4,-0.38,-1.14,-0.39,-130.62040000000002,-82.96079999999999,-158.4424,175,75
2026-05-11 17:57:45.408,4,0.02,-0.91,0.35,-122.9404,-49.0508,-155.6924,175,75
2026-05-11 17:57:45.408,4,0.2,-0.84,0.56,-121.8404,-48.750800000000005,-157.4624,175,75
2026-05-11 17:57:45.462,4,-0.39,-0.34,1.3,-67.2704,141.1292,-112.64240000000001,175,75
2026-05-11 17:57:45.466,4,-0.37,-0.35,1.54,-42.3304,167.70919999999998,-93.4324,175,75
2026-05-11 17:57:45.506,4,-0.33,-0.57,2.25,12.249600000000001,83.1392,-73.6224,175,75
2026-05-11 17:57:45.517,4,-0.37,-0.48,2.31,11.269599999999997,35.3392,-70.69239999999999,175,75
2026-05-11 17:57:45.527,4,-0.22,-0.21,2.31,11.389600000000002,-17.160800000000002,-61.482400000000005,175,75
2026-05-11 17:57:45.556,4,0.33,-0.27,2.04,4.319599999999998,-204.1108,-64.1124,175,75
2026-05-11 17:57:45.588,4,0.41,-0.4,1.07,-33.4204,-275.0308,-108.0724,175,75
2026-05-11 17:57:45.611,4,0.2,-0.6,0.48,-38.550399999999996,-141.6808,-109.3524,175,75
2026-05-11 17:57:45.649,4,0.14,-1.29,0.5,1.2095999999999982,22.8992,-92.3424,175,75
2026-05-11 17:57:45.662,4,-0.05,-1.45,0.42,-2.020400000000002,-7.3508,-83.50240000000001,175,75
2026-05-11 17:57:45.670,4,-0.48,-1.34,0.21,-18.6704,-47.1608,-60.8724,175,75
2026-05-11 17:57:45.727,4,-0.09,-1.75,-0.07,-25.3104,-60.5808,-2.702400000000001,175,75
2026-05-11 17:57:45.737,4,-0.01,-1.49,0.04,-7.200400000000002,85.0892,4.367599999999998,175,75
2026-05-11 17:57:45.746,4,0.01,-1.36,0.49,6.4496,166.2492,-5.872400000000001,175,75
2026-05-11 17:57:45.764,4,-0.2,-1.09,0.95,14.379599999999996,207.70919999999998,-2.3424000000000014,175,75
2026-05-11 17:57:45.785,4,-0.58,-0.3,1.77,22.309599999999996,253.3892,55.4076,175,75
2026-05-11 17:57:45.837,4,0.27,-0.16,2.8,18.339599999999997,39.849199999999996,150.6476,175,75
2026-05-11 17:57:45.848,4,0.46,-0.09,2.55,11.269599999999997,-54.790800000000004,124.9176,175,75
2026-05-11 17:57:45.877,4,0.52,-0.04,2.18,20.1096,-96.8608,90.52759999999999,175,75
2026-05-11 17:57:45.877,4,0.43,-0.04,1.85,24.559599999999996,-76.8008,53.697599999999994,175,75
2026-05-11 17:57:45.948,4,0.28,-0.31,1.59,23.8296,-18.6308,12.6576,175,75
2026-05-11 17:57:45.948,4,-0.21,-0.74,1.38,19.7496,-22.4108,-1.4824000000000002,175,75
2026-05-11 17:57:45.961,4,-0.7,-1.59,0.7,27.549599999999998,-172.2208,16.077599999999997,175,75
2026-05-11 17:57:45.996,4,-2.44,-1.86,-0.39,3.099599999999999,-14.2408,99.4876,175,75
2026-05-11 17:57:46.018,4,-0.91,-1.86,0.54,84.8696,133.92919999999998,158.6976,175,75
2026-05-11 17:57:46.029,4,-0.49,-2.15,0.88,88.7096,48.2592,130.8876,175,75
2026-05-11 17:57:46.039,4,0.03,-2.65,0.1,-5.680400000000002,-321.55080000000004,-38.1924,175,75
2026-05-11 17:57:46.066,4,-0.32,-2.84,-0.86,-29.5804,-354.30080000000004,-99.2324,175,75
2026-05-11 17:57:46.066,4,-0.67,-2.09,-1.36,-63.120400000000004,32.109199999999994,-105.75240000000001,175,75
2026-05-11 17:57:46.076,4,-0.61,-1.48,0.12,-49.8304,254.9092,-86.00240000000001,175,75
2026-05-11 17:57:46.108,4,-0.41,0.04,1.55,-61.2904,310.0892,-45.812400000000004,175,75
2026-05-11 17:57:46.120,4,-0.33,0.13,1.96,-50.1304,296.7392,-27.5824,175,75
2026-05-11 17:57:46.132,4,-0.28,0.03,2.31,-49.5204,249.23919999999998,-19.8424,175,75
2026-05-11 17:57:46.156,4,-0.28,0.03,2.57,-51.4704,145.6392,-13.862400000000001,175,75
2026-05-11 17:57:46.156,4,-0.26,0.01,2.61,-46.5904,84.84920000000001,-8.3124,175,75
2026-05-11 17:57:46.166,4,-0.3,0.01,2.55,-38.8504,16.4292,4.187599999999998,175,75
2026-05-11 17:57:46.185,4,-0.33,-0.06,2.45,-30.2504,-15.7008,18.2076,175,75
2026-05-11 17:57:46.188,4,-0.3,-0.16,2.4,-20.070400000000003,-21.6808,30.587599999999995,175,75
2026-05-11 17:57:46.214,4,-0.2,-0.22,2.42,-11.780400000000002,-19.3008,37.8476,175,75
2026-05-11 17:57:46.214,4,-0.03,-0.27,2.46,-2.8104000000000013,-35.640800000000006,38.267599999999995,175,75
2026-05-11 17:57:46.229,4,0.09,-0.31,2.43,0.5396000000000001,-73.3808,31.3776,175,75
2026-05-11 17:57:46.267,4,0.07,-0.39,1.82,3.5295999999999985,-173.8708,5.4076,175,75
2026-05-11 17:57:46.320,4,-0.21,-0.44,1.38,25.5396,-43.140800000000006,40.767599999999995,175,75
2026-05-11 17:57:46.343,4,0.0,-0.87,1.3,40.5396,-74.4208,46.687599999999996,175,75
2026-05-11 17:57:46.343,4,0.04,-1.19,1.06,41.0896,-127.5908,33.087599999999995,175,75
2026-05-11 17:57:46.355,4,0.13,-1.54,0.68,41.9996,-189.79080000000002,6.867599999999998,175,75
2026-05-11 17:57:46.372,4,-0.25,-1.79,0.21,31.6396,-227.10080000000002,-16.732400000000002,175,75
2026-05-11 17:57:46.383,4,-0.48,-1.85,-0.3,-2.5104000000000006,-229.85080000000002,-34.7824,175,75
2026-05-11 17:57:46.395,4,-0.61,-2.07,-0.64,-23.4904,-230.5208,-50.3924,175,75
2026-05-11 17:57:46.413,4,-0.9,-2.5,-1.3,-46.2304,-155.1508,-67.3424,175,75
2026-05-11 17:57:46.426,4,-1.31,-2.25,-1.67,-70.2504,249.4192,-21.2424,175,75
2026-05-11 17:57:46.451,4,-0.76,-2.58,0.25,-15.070400000000001,336.9192,-6.0024,175,75
2026-05-11 17:57:46.463,4,-0.66,-2.34,0.85,-24.0304,238.3892,-23.6224,175,75
2026-05-11 17:57:46.473,4,-0.61,-1.99,1.1,-35.6804,152.64919999999998,-31.1824,175,75
2026-05-11 17:57:46.485,4,-0.45,-1.46,1.26,-45.5004,28.1392,-36.7324,175,75
2026-05-11 17:57:46.510,4,-0.09,-0.89,1.28,-36.2304,-111.4908,-43.2524,175,75
2026-05-11 17:57:46.533,4,0.12,-0.67,1.16,-51.4104,-151.6108,-60.022400000000005,175,75
2026-05-11 17:57:46.537,4,0.2,-0.48,1.04,-57.2704,-70.9408,-63.802400000000006,175,75
2026-05-11 17:57:46.576,4,-0.19,-0.09,1.44,-33.6704,178.92919999999998,-47.5824,175,75
2026-05-11 17:57:46.576,4,-0.4,0.03,1.7,-27.6904,240.0292,-32.4024,175,75
2026-05-11 17:57:46.596,4,-0.57,0.08,1.99,-17.6304,261.12919999999997,-9.592400000000001,175,75
2026-05-11 17:57:46.611,4,-0.74,0.01,2.19,-6.230400000000001,250.2792,13.8176,175,75
2026-05-11 17:57:46.667,4,-0.6,-0.59,2.83,36.0896,44.7292,112.8476,175,75
2026-05-11 17:57:46.685,4,-0.27,-0.59,2.87,42.1896,-73.8108,107.5976,175,75
2026-05-11 17:57:46.704,4,0.04,-0.47,2.63,37.669599999999996,-289.6608,71.5676,175,75
2026-05-11 17:57:46.727,4,0.11,-0.61,1.8,31.5796,-434.6608,19.547599999999996,175,75
2026-05-11 17:57:46.754,4,0.04,-0.7,0.9,22.3696,-425.6408,-35.5724,175,75
2026-05-11 17:57:46.766,4,-0.1,-1.01,-0.0,7.0596,-273.5708,-75.08239999999999,175,75
2026-05-11 17:57:46.777,4,-0.24,-1.21,-0.29,5.299599999999998,-156.6808,-82.5824,175,75
2026-05-11 17:57:46.777,4,-0.2,-1.51,-0.35,3.0396,16.6792,-83.9224,175,75
2026-05-11 17:57:46.788,4,-0.33,-1.76,-0.19,-11.3504,96.0092,-90.4524,175,75
2026-05-11 17:57:46.792,4,-0.78,-1.85,-0.16,-32.940400000000004,103.7492,-87.4024,175,75
2026-05-11 17:57:46.844,4,-0.45,-2.01,-0.07,-58.1804,34.969199999999994,-97.5824,175,75
2026-05-11 17:57:46.852,4,-0.47,-2.39,-0.21,-61.1704,-51.92080000000001,-121.5424,175,75
2026-05-11 17:57:46.852,4,-0.52,-2.24,-0.28,-71.1704,-26.4308,-106.1224,175,75
2026-05-11 17:57:46.889,4,-0.52,-1.69,0.06,-39.3404,62.1692,-34.3524,175,75
2026-05-11 17:57:46.889,4,-0.48,-1.44,0.34,-28.360400000000002,95.5192,-8.1324,175,75
2026-05-11 17:57:46.889,4,-0.37,-1.14,0.66,-16.1704,123.6292,17.107599999999998,175,75
2026-05-11 17:57:46.909,4,-0.26,-0.47,1.44,-2.8804000000000016,183.7492,62.35759999999999,175,75
2026-05-11 17:57:46.922,4,-0.1,-0.11,1.87,-12.330400000000001,208.4492,79.3676,175,75
2026-05-11 17:57:46.935,4,0.06,0.12,2.19,-18.4904,216.36919999999998,87.2976,175,75
2026-05-11 17:57:46.950,4,0.22,0.26,2.49,-22.200400000000002,204.7292,85.0976,175,75
2026-05-11 17:57:46.960,4,0.43,0.12,2.86,-33.4904,106.8592,53.697599999999994,175,75
2026-05-11 17:57:46.960,4,0.5,0.09,2.86,-30.620400000000004,53.8692,29.797599999999996,175,75
2026-05-11 17:57:46.983,4,0.55,0.22,2.78,-10.310400000000001,20.2092,1.7476000000000003,175,75
2026-05-11 17:57:47.000,4,0.53,0.12,2.64,15.049599999999998,5.9492,-28.7424,175,75
2026-05-11 17:57:47.010,4,0.56,-0.05,2.48,19.379599999999996,-29.3608,-47.4624,175,75
2026-05-11 17:57:47.018,4,0.51,-0.27,2.27,20.479599999999998,-72.7708,-64.2924,175,75
2026-05-11 17:57:47.040,4,0.16,-0.71,1.58,9.319599999999998,-172.8308,-86.9124,175,75
2026-05-11 17:57:47.068,4,-0.96,-1.33,0.35,-15.070400000000001,-313.6308,-49.2924,175,75
2026-05-11 17:57:47.082,4,-1.93,-1.47,-0.39,-33.5504,-270.3308,-11.1224,175,75
2026-05-11 17:57:47.140,4,-0.65,-2.22,1.55,171.14960000000002,384.5392,208.8176,175,75
2026-05-11 17:57:47.152,4,0.26,-2.18,2.17,107.60959999999999,114.2992,146.1376,175,75
2026-05-11 17:57:47.169,4,1.0,-2.02,1.94,32.489599999999996,-260.4608,58.697599999999994,175,75
2026-05-11 17:57:47.185,4,0.14,-2.31,-0.16,-30.9904,-733.0808,-116.9124,175,75
2026-05-11 17:57:47.212,4,-0.51,-2.21,-1.49,-61.1704,-618.3807999999999,-163.2524,175,75
2026-05-11 17:57:47.217,4,-0.83,-1.61,-2.57,-71.7804,-151.6808,-139.8424,175,75
2026-05-11 17:57:47.228,4,-0.87,-1.26,-2.02,-16.4704,235.14919999999998,-81.00240000000001,175,75
2026-05-11 17:57:47.260,4,-0.72,-1.41,-0.45,18.529600000000002,476.6792,-52.1524,175,75
2026-05-11 17:57:47.273,4,-0.68,-1.01,1.18,0.2295999999999978,416.2492,-73.9824,175,75
2026-05-11 17:57:47.310,4,-0.64,-0.57,1.54,-21.840400000000002,342.7092,-67.4024,175,75
2026-05-11 17:57:47.310,4,-0.6,-0.35,1.7,-29.700400000000002,289.4192,-53.9224,175,75
2026-05-11 17:57:47.341,4,-0.55,-0.2,1.91,-33.120400000000004,225.6992,-35.2024,175,75
2026-05-11 17:57:47.400,4,-0.47,-0.14,2.12,-39.8904,150.14919999999998,-17.2224,175,75
2026-05-11 17:57:47.413,4,-0.39,-0.16,2.26,-46.900400000000005,78.1992,-4.042400000000001,175,75
2026-05-11 17:57:47.413,4,-0.36,-0.2,2.3,-49.2204,33.07919999999999,4.917599999999998,175,75
2026-05-11 17:57:47.434,4,-0.36,-0.23,2.27,-47.0204,-22.2908,22.967599999999997,175,75
2026-05-11 17:57:47.445,4,-0.35,-0.16,2.29,-37.8104,-10.4608,35.9576,175,75
2026-05-11 17:57:47.469,4,0.11,-0.2,1.91,5.9696,-174.3608,8.577599999999999,175,75
2026-05-11 17:57:47.478,4,0.09,-0.35,1.49,2.1895999999999987,-175.0308,-8.3124,175,75
2026-05-11 17:57:47.490,4,0.16,-0.44,1.36,2.799599999999998,-159.1108,-16.8524,175,75
2026-05-11 17:57:47.501,4,0.24,-0.91,1.04,16.699599999999997,-83.6908,-44.2924,175,75
2026-05-11 17:57:47.520,4,0.13,-1.07,0.81,26.5096,-45.820800000000006,-63.132400000000004,175,75
2026-05-11 17:57:47.520,4,0.15,-1.21,0.55,33.2796,-19.8508,-72.4024,175,75
2026-05-11 17:57:47.544,4,-0.31,-1.41,-0.01,30.839599999999997,69.9092,-59.592400000000005,175,75
2026-05-11 17:57:47.554,4,-0.21,-1.79,-0.34,-11.660400000000001,8.8092,-66.7924,175,75
2026-05-11 17:57:47.554,4,-0.41,-2.27,-1.08,-58.2404,11.6192,-80.4524,175,75
2026-05-11 17:57:47.606,4,0.23,-3.59,-0.37,-7.750400000000001,291.6792,27.717599999999997,175,75
2026-05-11 17:57:47.622,4,-0.19,-2.32,0.69,-25.0704,58.929199999999994,11.987599999999999,175,75
2026-05-11 17:57:47.623,4,-0.29,-1.75,0.66,-22.5104,18.0192,17.7776,175,75
2026-05-11 17:57:47.626,4,-0.2,-1.24,0.75,-4.580400000000001,2.4692,31.6276,175,75
2026-05-11 17:57:47.655,4,-0.03,-0.85,1.03,10.599599999999995,-8.0808,38.5776,175,75
2026-05-11 17:57:47.695,4,0.35,-0.55,1.41,-16.9604,-76.6108,-2.032400000000001,175,75
2026-05-11 17:57:47.695,4,0.45,-0.36,1.35,-21.3504,-51.1308,-12.4624,175,75
2026-05-11 17:57:47.708,4,0.32,-0.2,1.3,-15.130400000000002,23.0192,-18.1324,175,75
2026-05-11 17:57:47.718,4,0.27,-0.17,1.4,-15.310400000000001,72.95920000000001,-24.8424,175,75
2026-05-11 17:57:47.797,4,-0.56,0.04,1.61,-20.7404,211.8592,10.4676,175,75
2026-05-11 17:57:47.808,4,-0.77,0.03,1.88,-16.110400000000002,239.17919999999998,42.657599999999995,175,75
2026-05-11 17:57:47.822,4,-0.96,-0.14,2.23,-15.680400000000002,223.6292,80.3476,175,75
2026-05-11 17:57:47.822,4,-0.91,-0.55,2.72,-22.020400000000002,61.6192,129.8576,175,75
2026-05-11 17:57:47.834,4,-0.72,-0.7,2.78,-9.830400000000001,-37.1608,138.5176,175,75
2026-05-11 17:57:47.846,4,-0.46,-0.82,2.74,2.6096000000000004,-126.8008,136.2576,175,75
2026-05-11 17:57:47.864,4,0.0,-0.88,2.07,24.3196,-267.4108,106.9276,175,75
2026-05-11 17:57:47.887,4,0.27,-0.95,1.12,44.25959999999999,-300.2108,47.047599999999996,175,75
2026-05-11 17:57:47.887,4,0.29,-1.04,0.59,35.9696,-274.4808,8.6376,175,75
2026-05-11 17:57:47.910,4,0.28,-1.07,0.26,28.159599999999998,-208.5008,-13.252400000000002,175,75
2026-05-11 17:57:47.918,4,0.26,-1.11,0.07,26.029600000000002,-111.07079999999999,-31.7324,175,75
2026-05-11 17:57:47.929,4,0.26,-1.2,0.06,27.309599999999996,-24.5408,-43.8624,175,75
2026-05-11 17:57:47.946,4,0.38,-1.47,0.46,32.1896,54.789199999999994,-77.0324,175,75
2026-05-11 17:57:47.966,4,0.18,-1.59,0.52,20.779600000000002,57.349199999999996,-94.3524,175,75
2026-05-11 17:57:47.977,4,-0.02,-1.56,0.0,-36.4104,-135.5208,-118.4324,175,75
2026-05-11 17:57:48.015,4,0.16,-2.13,-0.59,-57.6304,-12.5308,-100.3324,175,75
2026-05-11 17:57:48.025,4,0.22,-2.19,-0.37,-50.680400000000006,88.8692,-77.83239999999999,175,75
2026-05-11 17:57:48.025,4,0.26,-2.05,0.03,-31.9004,136.61919999999998,-61.4224,175,75
2026-05-11 17:57:48.062,4,-0.24,-0.75,1.24,-10.990400000000001,131.0692,13.6376,175,75
2026-05-11 17:57:48.075,4,-0.31,-0.27,1.6,-17.1404,134.29919999999998,52.41759999999999,175,75
2026-05-11 17:57:48.075,4,-0.3,0.03,1.98,-24.8304,131.1292,86.6876,175,75
2026-05-11 17:57:48.106,4,-0.1,0.2,2.52,-41.5904,83.1992,120.3476,175,75
2026-05-11 17:57:48.106,4,-0.07,0.17,2.69,-42.4504,71.9192,122.5976,175,75
2026-05-11 17:57:48.120,4,0.07,0.17,2.83,-35.8004,46.429199999999994,117.7776,175,75
2026-05-11 17:57:48.179,4,0.49,0.21,2.83,39.559599999999996,-90.0908,54.4276,175,75
2026-05-11 17:57:48.213,4,0.41,-0.38,1.71,43.4096,-222.29080000000002,-23.6824,175,75
2026-05-11 17:57:48.263,4,-0.24,-1.62,0.18,34.7496,-226.4908,-65.1424,175,75
2026-05-11 17:57:48.274,4,-2.63,-2.11,-1.64,-77.8104,-191.19080000000002,-11.4824,175,75
2026-05-11 17:57:48.285,4,-3.79,-1.85,-2.57,-140.9204,44.179199999999994,70.7076,175,75
2026-05-11 17:57:48.308,4,-0.44,-3.95,0.58,140.9096,359.5392,206.3176,175,75
2026-05-11 17:57:48.333,4,0.37,-2.11,0.54,-5.860400000000002,-475.0308,-53.6824,175,75
2026-05-11 17:57:48.345,4,0.07,-2.15,-0.91,-2.080400000000001,-444.8508,-107.4024,175,75
2026-05-11 17:57:48.345,4,-0.1,-1.56,-1.62,-10.990400000000001,-215.1508,-131.8524,175,75
2026-05-11 17:57:48.356,4,-0.07,-1.32,-1.46,-8.120400000000002,74.78920000000001,-112.0324,175,75
2026-05-11 17:57:48.371,4,-0.05,-1.47,-0.75,-0.7404000000000011,251.9192,-100.75240000000001,175,75
2026-05-11 17:57:48.371,4,-0.15,-1.45,0.02,0.5396000000000001,333.50919999999996,-95.6324,175,75
2026-05-11 17:57:48.393,4,-0.28,-1.2,0.95,-8.730400000000001,316.06919999999997,-98.8024,175,75
2026-05-11 17:57:48.393,4,-0.39,-0.94,1.19,-18.180400000000002,273.50919999999996,-91.00240000000001,175,75
2026-05-11 17:57:48.415,4,-0.49,-0.62,1.41,-24.770400000000002,226.55919999999998,-65.69239999999999,175,75
2026-05-11 17:57:48.415,4,-0.58,-0.39,1.6,-28.550400000000003,198.80919999999998,-38.9824,175,75
2026-05-11 17:57:48.431,4,-0.6,-0.25,1.77,-33.8504,181.0692,-15.6324,175,75
2026-05-11 17:57:48.431,4,-0.59,-0.11,1.99,-40.8604,161.73919999999998,9.367599999999998,175,75
2026-05-11 17:57:48.442,4,-0.57,-0.08,2.2,-47.2004,135.45919999999998,32.477599999999995,175,75
2026-05-11 17:57:48.479,4,-0.55,-0.03,2.36,-51.9604,89.53920000000001,45.8276,175,75
2026-05-11 17:57:48.493,4,-0.54,0.01,2.42,-45.010400000000004,47.349199999999996,52.9076,175,75
2026-05-11 17:57:48.494,4,-0.49,0.02,2.43,-32.2004,9.1792,57.2376,175,75
2026-05-11 17:57:48.504,4,-0.43,-0.0,2.45,-19.520400000000002,-12.1008,58.38759999999999,175,75
2026-05-11 17:57:48.534,4,-0.27,-0.07,2.51,-2.9404000000000003,-42.650800000000004,53.2076,175,75
2026-05-11 17:57:48.534,4,-0.08,-0.14,2.5,0.4795999999999978,-92.4708,38.9976,175,75
2026-05-11 17:57:48.566,4,0.14,-0.34,2.09,-6.900400000000001,-192.4708,-4.292400000000001,175,75
2026-05-11 17:57:48.579,4,0.23,-0.55,1.51,-6.230400000000001,-211.6808,-40.8724,175,75
2026-05-11 17:57:48.579,4,0.22,-0.64,1.31,-9.950400000000002,-186.8608,-52.1524,175,75
2026-05-11 17:57:48.589,4,0.23,-0.72,1.14,-15.0104,-132.9608,-60.5124,175,75
2026-05-11 17:57:48.645,4,0.32,-1.18,1.11,44.6896,-4.300800000000001,-95.75240000000001,175,75
2026-05-11 17:57:48.653,4,0.29,-1.38,0.81,50.599599999999995,-67.8308,-102.22240000000001,175,75
2026-05-11 17:57:48.667,4,-0.21,-1.84,-0.11,-16.660400000000003,-268.6308,-96.9124,175,75
2026-05-11 17:57:48.682,4,-0.44,-2.52,-0.87,-64.5204,-335.2708,-108.8024,175,75
2026-05-11 17:57:48.693,4,-0.64,-3.08,-1.92,-85.0104,-128.5708,-69.7224,175,75
2026-05-11 17:57:48.713,4,0.11,-2.34,-0.63,29.0796,339.4192,95.7076,175,75
2026-05-11 17:57:48.725,4,0.22,-2.57,0.64,54.00959999999999,300.1492,108.0876,175,75
2026-05-11 17:57:48.725,4,0.27,-1.79,1.18,17.489599999999996,8.6292,55.827600000000004,175,75
2026-05-11 17:57:48.772,4,0.16,-1.42,0.97,5.9095999999999975,-85.9408,37.9676,175,75
2026-05-11 17:57:48.772,4,0.17,-1.09,0.67,-9.0904,-133.5008,9.2476,175,75
2026-05-11 17:57:48.787,4,0.23,-0.97,0.69,-14.950400000000002,-88.93079999999999,-0.4524000000000008,175,75
2026-05-11 17:57:48.837,4,0.34,-0.66,1.1,-17.750400000000003,48.1992,-14.112400000000001,175,75
2026-05-11 17:57:48.860,4,0.04,-0.43,1.37,-25.1904,89.4192,-38.8024,175,75
2026-05-11 17:57:48.860,4,-0.28,-0.17,1.3,-37.3304,104.9092,-34.7824,175,75
2026-05-11 17:57:48.890,4,-0.79,0.05,1.8,-34.5804,213.3892,48.1476,175,75
2026-05-11 17:57:48.913,4,-0.9,-0.18,2.37,-33.1804,226.1892,94.3076,175,75
2026-05-11 17:57:48.931,4,-0.93,-0.34,2.67,-16.660400000000003,207.58919999999998,116.2576,175,75
2026-05-11 17:57:48.931,4,-0.82,-0.48,2.95,6.579599999999999,154.7892,129.7376,175,75
2026-05-11 17:57:48.952,4,-0.63,-0.56,3.12,19.2596,69.1192,128.6976,175,75
2026-05-11 17:57:48.952,4,-0.37,-0.59,3.15,26.7596,-66.7408,113.57759999999999,175,75
2026-05-11 17:57:48.974,4,0.1,-0.66,2.19,38.9496,-349.7908,45.9576,175,75
2026-05-11 17:57:48.985,4,0.22,-0.79,1.58,46.2696,-408.0208,7.477600000000001,175,75
2026-05-11 17:57:49.000,4,0.31,-0.95,1.11,47.42959999999999,-424.6608,-24.532400000000003,175,75
2026-05-11 17:57:49.021,4,0.33,-1.2,0.48,36.3296,-406.8608,-63.312400000000004,175,75
2026-05-11 17:57:49.037,4,0.19,-1.55,-0.68,3.099599999999999,-153.0208,-108.8024,175,75
2026-05-11 17:57:49.043,4,0.25,-1.65,-0.83,0.9095999999999975,-5.5808,-102.7624,175,75
2026-05-11 17:57:49.105,4,0.07,-1.74,-0.75,-7.270400000000002,110.39920000000001,-93.9824,175,75
2026-05-11 17:57:49.110,4,-0.32,-1.7,-0.57,-19.2804,187.2292,-76.0024,175,75
2026-05-11 17:57:49.127,4,-0.04,-1.84,0.38,-19.950400000000002,101.9792,-58.5024,175,75
2026-05-11 17:57:49.174,4,0.09,-2.21,0.47,-19.8904,13.3892,-56.732400000000005,175,75
2026-05-11 17:57:49.174,4,0.32,-2.33,0.31,-27.270400000000002,-56.610800000000005,-53.9224,175,75
2026-05-11 17:57:49.174,4,0.41,-2.39,-0.02,-23.180400000000002,-106.4908,-44.9024,175,75
2026-05-11 17:57:49.184,4,0.36,-2.41,-0.28,-25.1904,-101.4908,-36.0024,175,75
2026-05-11 17:57:49.227,4,0.08,-1.66,0.15,7.249599999999997,95.6392,14.9776,175,75
2026-05-11 17:57:49.237,4,0.01,-1.39,0.72,10.299599999999998,119.4192,24.3076,175,75
2026-05-11 17:57:49.260,4,0.05,-0.84,1.49,-8.610400000000002,69.4792,22.907599999999995,175,75
2026-05-11 17:57:49.273,4,0.06,-0.34,1.81,-28.000400000000003,34.4192,20.5276,175,75
2026-05-11 17:57:49.285,4,0.07,-0.18,1.93,-29.700400000000002,42.8392,22.8476,175,75
