Time,ID,Ax,Ay,Az,Gx,Gy,Gz,Height,Weight
2026-05-07 18:38:01.783,4,-0.3,-0.06,1.28,30.5074,-19.6664,11.5192,175,75
2026-05-07 18:38:01.819,4,-0.26,0.0,1.15,42.0274,-38.3264,1.9491999999999994,175,75
2026-05-07 18:38:01.908,4,-0.13,-0.41,1.28,80.44739999999999,-59.1764,-11.9508,175,75
2026-05-07 18:38:01.908,4,-0.12,-0.57,1.23,83.97739999999999,-58.136399999999995,-11.400799999999998,175,75
2026-05-07 18:38:01.923,4,-0.15,-0.91,1.16,86.23740000000001,-46.5564,-8.170800000000002,175,75
2026-05-07 18:38:01.955,4,-0.18,-0.94,1.19,78.6774,-46.5564,-10.490799999999998,175,75
2026-05-07 18:38:01.996,4,0.09,-0.16,1.39,52.7674,-102.9564,-45.1208,175,75
2026-05-07 18:38:02.022,4,0.23,-0.16,1.07,57.0874,-16.556399999999996,-55.370799999999996,175,75
2026-05-07 18:38:02.034,4,0.24,-0.06,1.16,61.5474,28.3236,-50.06080000000001,175,75
2026-05-07 18:38:02.047,4,0.35,-0.04,1.2,69.7774,46.863600000000005,-53.3008,175,75
2026-05-07 18:38:02.070,4,0.64,-0.2,1.27,90.7474,52.223600000000005,-65.3108,175,75
2026-05-07 18:38:02.115,4,0.56,-0.52,1.3,108.06739999999999,28.263600000000004,-84.4508,175,75
2026-05-07 18:38:02.177,4,0.55,-0.58,1.04,103.73740000000001,-106.9164,-126.89079999999998,175,75
2026-05-07 18:38:02.177,4,0.36,-0.4,0.77,82.69739999999999,-103.5064,-134.0308,175,75
2026-05-07 18:38:02.177,4,0.39,-0.33,0.67,70.26740000000001,-87.40639999999999,-132.5608,175,75
2026-05-07 18:38:02.188,4,0.37,-0.31,0.6,58.3674,-81.85640000000001,-132.2608,175,75
2026-05-07 18:38:02.201,4,0.25,-0.32,0.58,47.7674,-75.0264,-129.0908,175,75
2026-05-07 18:38:02.211,4,0.17,-0.29,0.6,33.0674,-66.9764,-120.61079999999998,175,75
2026-05-07 18:38:02.224,4,0.12,-0.23,0.59,21.7274,-63.3264,-114.82079999999999,175,75
2026-05-07 18:38:02.224,4,0.17,-0.17,0.55,14.5274,-68.8664,-107.93079999999999,175,75
2026-05-07 18:38:02.248,4,0.27,-0.1,0.41,9.287400000000002,-96.1264,-103.0508,175,75
2026-05-07 18:38:02.255,4,0.29,-0.06,0.18,5.1974,-129.84640000000002,-107.5008,175,75
2026-05-07 18:38:02.283,4,0.0,0.05,-0.12,5.9374,-126.6764,-96.10079999999999,175,75
2026-05-07 18:38:02.283,4,-0.35,0.18,-0.2,7.827400000000001,-54.9664,-65.43079999999999,175,75
2026-05-07 18:38:02.298,4,-0.42,0.23,-0.1,0.19740000000000002,71.2536,-20.800800000000002,175,75
2026-05-07 18:38:02.298,4,-0.09,0.16,0.05,-15.2226,82.8936,-5.800800000000001,175,75
2026-05-07 18:38:02.342,4,-1.71,0.09,-0.32,-74.0026,-53.386399999999995,17.9892,175,75
2026-05-07 18:38:02.377,4,0.79,0.18,2.03,-96.08260000000001,-16.9164,-35.1908,175,75
2026-05-07 18:38:02.388,4,0.45,0.13,1.11,-104.0026,-398.9364,-141.5908,175,75
2026-05-07 18:38:02.456,4,0.18,0.01,0.97,-124.1326,162.8936,-42.3808,175,75
2026-05-07 18:38:02.456,4,0.27,-0.23,1.12,-133.70260000000002,49.113600000000005,-61.470800000000004,175,75
2026-05-07 18:38:02.491,4,0.24,-0.31,0.86,-182.5426,-59.416399999999996,-69.5808,175,75
2026-05-07 18:38:02.502,4,0.35,-0.23,0.91,-197.3026,13.633600000000001,-57.56080000000001,175,75
2026-05-07 18:38:02.517,4,0.5,-0.19,0.96,-204.7426,46.8036,-52.870799999999996,175,75
2026-05-07 18:38:02.546,4,0.62,-0.59,1.14,-201.8726,70.4536,-50.06080000000001,175,75
2026-05-07 18:38:02.565,4,0.28,-0.65,1.33,-206.9926,75.8236,-61.0408,175,75
2026-05-07 18:38:02.611,4,0.16,-0.47,1.52,-209.0626,46.1336,-57.870799999999996,175,75
2026-05-07 18:38:02.638,4,0.15,-0.4,1.56,-207.5426,11.433599999999998,-59.510799999999996,175,75
2026-05-07 18:38:02.638,4,0.08,-0.32,1.57,-207.3026,-29.606399999999997,-58.6608,175,75
2026-05-07 18:38:02.651,4,0.01,-0.25,1.52,-203.2126,-48.0764,-51.34080000000001,175,75
2026-05-07 18:38:02.651,4,0.05,-0.2,1.49,-197.0526,-52.6564,-51.220800000000004,175,75
2026-05-07 18:38:02.660,4,0.22,-0.18,1.46,-197.7226,-65.7564,-53.3008,175,75
2026-05-07 18:38:02.676,4,0.1,-0.17,1.29,-204.8026,-102.5264,-52.20080000000001,175,75
2026-05-07 18:38:02.693,4,-0.21,-0.22,1.12,-210.8326,-88.1964,-54.9408,175,75
2026-05-07 18:38:02.736,4,-0.24,-0.15,1.09,-221.8726,-58.746399999999994,-56.470800000000004,175,75
2026-05-07 18:38:02.748,4,-0.24,-0.15,1.11,-237.0526,-7.776399999999999,-66.7708,175,75
2026-05-07 18:38:02.795,4,-0.01,-0.54,0.95,-253.82260000000002,34.6036,-73.1708,175,75
2026-05-07 18:38:02.810,4,0.06,-0.63,0.96,-255.1626,49.78360000000001,-87.8108,175,75
2026-05-07 18:38:02.810,4,-0.06,-0.66,1.02,-258.6426,58.9936,-93.54079999999999,175,75
2026-05-07 18:38:02.820,4,-0.18,-0.65,1.18,-264.6726,83.6936,-100.43079999999999,175,75
2026-05-07 18:38:02.829,4,-0.18,-0.58,1.36,-271.3826,83.3836,-106.3408,175,75
2026-05-07 18:38:02.930,4,0.14,-0.2,1.12,-255.2826,-67.9564,-97.1408,175,75
2026-05-07 18:38:02.930,4,0.08,-0.18,1.11,-253.45260000000002,-58.5664,-87.5608,175,75
2026-05-07 18:38:02.930,4,0.02,-0.14,1.15,-250.3426,-46.5564,-78.0508,175,75
2026-05-07 18:38:02.949,4,-0.09,-0.07,1.3,-241.5026,-28.6264,-71.1608,175,75
2026-05-07 18:38:02.962,4,-0.19,0.03,1.41,-227.3026,-39.3564,-71.8908,175,75
2026-05-07 18:38:02.962,4,-0.29,0.09,1.51,-209.3726,-58.6864,-79.51079999999999,175,75
2026-05-07 18:38:02.993,4,-0.44,0.18,1.65,-163.2126,-123.8064,-94.5808,175,75
2026-05-07 18:38:03.004,4,-0.62,0.16,1.68,-137.8426,-168.1964,-93.4208,175,75
2026-05-07 18:38:03.027,4,-1.12,-0.06,1.66,-57.2326,-239.9064,-68.8408,175,75
2026-05-07 18:38:03.037,4,-1.5,-0.08,1.74,-14.372599999999998,-252.4664,-51.95080000000001,175,75
2026-05-07 18:38:03.050,4,-1.93,-0.02,1.89,50.5674,-316.7364,-32.8108,175,75
2026-05-07 18:38:03.065,4,-1.89,-0.05,1.9,102.0874,-368.8064,-30.0608,175,75
2026-05-07 18:38:03.076,4,-1.71,-0.12,1.85,144.8974,-414.7264,-29.7008,175,75
2026-05-07 18:38:03.090,4,-1.62,-0.23,1.74,187.3974,-445.3364,-17.8108,175,75
2026-05-07 18:38:03.102,4,-1.57,-0.42,1.53,250.2574,-413.0164,27.379199999999997,175,75
2026-05-07 18:38:03.102,4,-1.41,-0.67,1.39,301.5474,-343.1964,65.3592,175,75
2026-05-07 18:38:03.145,4,-1.13,-1.04,1.37,359.4074,-241.0664,109.01920000000001,175,75
2026-05-07 18:38:03.181,4,-1.13,-1.67,2.04,511.4174,-130.57639999999998,324.74920000000003,175,75
2026-05-07 18:38:03.188,4,-1.24,-2.83,1.75,567.8874,-326.7364,441.0992,175,75
2026-05-07 18:38:03.212,4,-2.63,-7.26,0.92,860.0174,-531.1864,323.1692,175,75
2026-05-07 18:38:03.232,4,-1.54,-8.76,0.45,680.0174,-131.1264,209.32920000000001,175,75
2026-05-07 18:38:03.233,4,-0.25,-8.29,0.43,668.9174,-129.1764,236.7692,175,75
2026-05-07 18:38:03.251,4,0.34,-7.92,0.46,654.8974,-237.4064,323.6592,175,75
2026-05-07 18:38:03.266,4,-0.27,-7.46,0.36,636.4774,-347.3464,328.9592,175,75
2026-05-07 18:38:03.270,4,-1.03,-6.6,-0.04,533.0074,-318.4464,262.8592,175,75
2026-05-07 18:38:03.286,4,-1.01,-5.03,-0.45,366.4774,-270.69640000000004,156.7692,175,75
2026-05-07 18:38:03.286,4,-0.68,-3.55,-0.74,226.9674,-311.9164,67.2492,175,75
2026-05-07 18:38:03.328,4,-0.93,-2.52,-0.67,140.2574,-285.27639999999997,-35.610800000000005,175,75
2026-05-07 18:38:03.328,4,-0.52,-1.8,-0.46,120.8674,-69.6664,-102.5608,175,75
2026-05-07 18:38:03.359,4,0.99,-1.24,0.08,222.1574,-117.8364,-110.1908,175,75
2026-05-07 18:38:03.360,4,0.43,-0.92,0.11,273.6174,-190.75639999999999,-132.9908,175,75
2026-05-07 18:38:03.384,4,0.25,-0.59,-0.14,308.5574,-273.6864,-225.4908,175,75
2026-05-07 18:38:03.384,4,1.76,0.1,0.03,243.1274,-400.5164,-209.64079999999998,175,75
2026-05-07 18:38:03.384,4,-0.41,0.77,-0.89,140.8674,-480.0864,-114.27080000000001,175,75
2026-05-07 18:38:03.395,4,-1.0,0.65,-1.25,140.5074,-370.8264,-242.62079999999997,175,75
2026-05-07 18:38:03.409,4,-0.69,0.53,-1.33,194.7174,33.7536,-125.73079999999999,175,75
2026-05-07 18:38:03.488,4,-0.17,0.71,-0.33,34.1074,-272.1064,-168.11079999999998,175,75
2026-05-07 18:38:03.500,4,-1.21,0.53,-1.29,1.2974000000000006,-288.9364,-160.80079999999998,175,75
2026-05-07 18:38:03.549,4,-1.43,1.04,-0.52,-89.3126,505.58360000000005,-36.5308,175,75
2026-05-07 18:38:03.556,4,-0.81,0.74,0.07,-69.61259999999999,456.1336,-30.6708,175,75
2026-05-07 18:38:03.556,4,-0.1,0.14,0.35,-72.6026,269.2436,-72.26079999999999,175,75
2026-05-07 18:38:03.579,4,-0.74,0.09,0.61,-100.4126,78.6336,-127.3808,175,75
2026-05-07 18:38:03.616,4,-0.9,0.48,0.05,-139.86260000000001,-112.5264,-169.58079999999998,175,75
2026-05-07 18:38:03.626,4,-3.95,0.56,0.23,-143.3326,-211.7964,-30.3108,175,75
2026-05-07 18:38:03.649,4,-1.1,-0.18,1.98,-54.1926,-496.9764,-216.1008,175,75
2026-05-07 18:38:03.660,4,-0.39,0.22,1.9,-172.2426,-619.4164,-130.9808,175,75
2026-05-07 18:38:03.685,4,-0.19,0.02,-0.8,-351.56260000000003,-474.9064,-105.6108,175,75
2026-05-07 18:38:03.718,4,0.92,-1.91,-1.98,-273.2126,-99.0564,94.0792,175,75
2026-05-07 18:38:03.718,4,1.1,-2.67,-1.77,-299.8626,-36.4364,248.8392,175,75
2026-05-07 18:38:03.718,4,0.59,-3.02,-1.24,-350.8326,177.2836,404.0192,175,75
2026-05-07 18:38:03.763,4,0.8,-3.21,-0.42,-398.8826,394.8436,298.8992,175,75
2026-05-07 18:38:03.794,4,0.81,-4.29,0.69,-412.4226,428.5636,180.2992,175,75
2026-05-07 18:38:03.815,4,0.18,-5.99,0.66,-434.00260000000003,366.1336,-20.430800000000005,175,75
2026-05-07 18:38:03.827,4,0.18,-6.83,0.99,-481.56260000000003,397.8936,-200.2508,175,75
2026-05-07 18:38:03.839,4,0.06,-6.24,1.43,-507.84260000000006,482.95360000000005,-253.05079999999998,175,75
2026-05-07 18:38:03.839,4,-0.11,-5.62,1.87,-465.7126,530.8836,-305.3708,175,75
2026-05-07 18:38:03.880,4,0.32,-4.45,3.27,-363.5826,170.1536,-380.1208,175,75
2026-05-07 18:38:03.890,4,0.3,-3.99,3.12,-428.6426,25.523600000000002,-346.5908,175,75
2026-05-07 18:38:03.901,4,0.12,-3.44,2.55,-524.6726,-106.6164,-294.5108,175,75
2026-05-07 18:38:03.923,4,-0.69,-2.66,1.37,-576.1426,-71.4964,-223.17079999999999,175,75
2026-05-07 18:38:03.923,4,-0.83,-2.22,1.03,-546.8126,58.9336,-203.9008,175,75
2026-05-07 18:38:03.947,4,-0.75,-1.55,1.18,-444.1326,238.3836,-179.9408,175,75
2026-05-07 18:38:03.947,4,-0.72,-1.3,1.41,-388.3326,251.3736,-175.4908,175,75
2026-05-07 18:38:03.949,4,-0.68,-1.06,1.6,-331.9326,218.7536,-181.4008,175,75
2026-05-07 18:38:03.984,4,-0.88,-0.4,1.72,-230.95260000000002,-4.0564,-246.1008,175,75
2026-05-07 18:38:04.006,4,-1.38,0.44,1.36,-218.76260000000002,-65.15639999999999,-22.3808,175,75
2026-05-07 18:38:04.011,4,-1.38,0.31,1.21,-185.95260000000002,-41.0064,-57.9308,175,75
2026-05-07 18:38:04.041,4,-1.26,0.4,1.32,-133.76260000000002,-25.4564,-39.6408,175,75
2026-05-07 18:38:04.045,4,-1.34,0.46,1.36,-123.27260000000001,-11.436399999999999,-29.0908,175,75
2026-05-07 18:38:04.069,4,-1.34,0.47,1.4,-117.30260000000001,-9.476399999999998,-35.9808,175,75
2026-05-07 18:38:04.082,4,-1.29,0.47,1.42,-109.3126,-13.136399999999998,-43.110800000000005,175,75
2026-05-07 18:38:04.094,4,-1.23,0.34,1.35,-74.80260000000001,-19.056399999999996,-54.510799999999996,175,75
2026-05-07 18:38:04.109,4,-1.19,0.33,1.35,-51.1426,-1.5564,-63.480799999999995,175,75
2026-05-07 18:38:04.121,4,-1.19,0.36,1.38,-34.9826,7.893599999999999,-68.4208,175,75
2026-05-07 18:38:04.144,4,-1.16,0.4,1.41,-23.0926,8.383600000000001,-71.5308,175,75
2026-05-07 18:38:04.168,4,-1.1,0.43,1.4,0.6274000000000002,-10.156399999999998,-80.98079999999999,175,75
2026-05-07 18:38:04.178,4,-1.07,0.41,1.38,9.7774,-16.8564,-84.4508,175,75
2026-05-07 18:38:04.178,4,-1.01,0.38,1.36,20.3274,-20.7564,-87.6908,175,75
2026-05-07 18:38:04.190,4,-1.0,0.36,1.32,25.5674,-33.5664,-93.1708,175,75
2026-05-07 18:38:04.213,4,-1.06,0.33,1.18,46.9674,-46.3064,-98.3608,175,75
2026-05-07 18:38:04.226,4,-1.08,0.32,1.17,58.9774,-42.526399999999995,-94.82079999999999,175,75
2026-05-07 18:38:04.284,4,-1.08,0.3,1.27,79.9574,-34.1764,-75.3108,175,75
2026-05-07 18:38:04.310,4,-0.54,0.05,1.08,254.1674,-69.60640000000001,-2.7508,175,75
2026-05-07 18:38:04.344,4,-0.47,-0.12,1.06,297.7674,-92.8964,2.0092,175,75
2026-05-07 18:38:04.356,4,-0.63,-0.38,1.07,351.2374,-121.43639999999999,12.799199999999999,175,75
2026-05-07 18:38:04.378,4,-0.8,-0.54,1.12,443.6174,-202.3464,39.0192,175,75
2026-05-07 18:38:04.378,4,-0.88,-0.65,1.13,514.0474,-286.9164,71.0292,175,75
2026-05-07 18:38:04.388,4,-0.68,-1.35,1.04,665.5074,-452.7164,201.5192,175,75
2026-05-07 18:38:04.425,4,-0.66,-3.25,1.02,782.0874,-632.2264,335.6692,175,75
2026-05-07 18:38:04.440,4,-1.31,-5.08,1.16,896.9073999999999,-837.5864,140.1192,175,75
2026-05-07 18:38:04.485,4,-2.6,-5.55,-1.19,629.2874,-606.5564,-395.6708,175,75
2026-05-07 18:38:04.495,4,-0.63,-5.41,-1.22,812.8274,-277.1064,-298.7208,175,75
2026-05-07 18:38:04.506,4,-0.75,-5.13,-0.74,828.3674,-277.1664,-257.2608,175,75
2026-05-07 18:38:04.506,4,-0.64,-4.69,-0.17,781.2974,-268.8664,-234.0308,175,75
2026-05-07 18:38:04.517,4,0.29,-4.27,0.05,662.3974,-252.7164,-177.4408,175,75
2026-05-07 18:38:04.535,4,0.91,-3.98,-0.22,559.1674,-332.4664,-140.67079999999999,175,75
2026-05-07 18:38:04.555,4,-0.72,-3.72,-0.9,405.4474,-388.0764,-219.58079999999998,175,75
2026-05-07 18:38:04.584,4,-1.16,-0.96,-0.12,107.88740000000001,343.6336,-161.5308,175,75
2026-05-07 18:38:04.592,4,0.04,-0.41,0.45,154.2274,400.3336,-77.26079999999999,175,75
2026-05-07 18:38:04.604,4,0.75,-0.52,1.26,256.6074,271.4336,27.9892,175,75
2026-05-07 18:38:04.623,4,0.42,-1.64,1.57,274.2874,-79.5464,12.8592,175,75
2026-05-07 18:38:04.639,4,0.24,-1.81,1.05,202.0874,-191.4364,-13.420800000000002,175,75
2026-05-07 18:38:04.647,4,-0.19,-1.44,0.29,128.7974,-305.0864,-39.150800000000004,175,75
2026-05-07 18:38:04.688,4,-0.65,-0.94,-0.2,116.47739999999999,-347.7164,-55.4908,175,75
2026-05-07 18:38:04.699,4,-1.31,-0.44,-0.63,141.9074,-336.3664,-136.1008,175,75
2026-05-07 18:38:04.699,4,-1.62,-0.2,-0.78,177.4574,-262.52639999999997,-243.30079999999998,175,75
2026-05-07 18:38:04.710,4,0.57,0.33,-0.17,156.7874,-160.6364,-194.2108,175,75
2026-05-07 18:38:04.717,4,-0.86,1.25,-0.41,55.1974,-170.6364,-8.4808,175,75
2026-05-07 18:38:04.732,4,-0.45,1.12,-0.13,56.7274,-136.6164,-74.2708,175,75
2026-05-07 18:38:04.732,4,-0.35,0.88,-0.26,35.1374,-133.25639999999999,-9.2108,175,75
2026-05-07 18:38:04.752,4,-0.19,0.35,-0.52,37.3374,-143.8064,-24.8208,175,75
2026-05-07 18:38:04.752,4,-0.82,0.51,-0.63,5.2574000000000005,-67.40639999999999,-9.880799999999999,175,75
2026-05-07 18:38:04.763,4,-0.92,0.79,-0.68,-21.6926,45.2736,-1.8908000000000005,175,75
2026-05-07 18:38:04.784,4,-0.54,0.91,-0.82,-46.3826,177.8936,18.839199999999998,175,75
2026-05-07 18:38:04.831,4,-2.26,0.57,0.07,-46.7526,288.9936,89.8092,175,75
2026-05-07 18:38:04.834,4,-1.18,0.78,0.94,-44.7326,761.0036,76.0992,175,75
2026-05-07 18:38:04.897,4,-0.93,0.79,-0.55,-58.5226,-58.8064,-109.8808,175,75
2026-05-07 18:38:04.921,4,-1.05,0.26,0.61,-47.6026,287.3436,11.0292,175,75
2026-05-07 18:38:04.921,4,-0.03,-0.54,1.69,-100.77260000000001,309.4836,41.3992,175,75
2026-05-07 18:38:04.938,4,0.73,-0.21,2.66,-144.86260000000001,-139.78640000000001,-55.31080000000001,175,75
2026-05-07 18:38:04.955,4,0.96,0.1,2.04,-127.6626,-139.7264,-37.2008,175,75
2026-05-07 18:38:04.978,4,1.0,0.17,1.59,-121.3226,-82.5864,-30.6708,175,75
2026-05-07 18:38:05.063,4,0.27,0.5,2.02,-102.17259999999999,268.5036,56.5192,175,75
2026-05-07 18:38:05.087,4,0.08,-0.36,2.43,-45.2226,-86.9764,-31.470800000000004,175,75
2026-05-07 18:38:05.113,4,0.1,0.35,1.69,-39.3726,-317.9564,-96.65079999999999,175,75
2026-05-07 18:38:05.128,4,0.31,0.12,1.14,-42.3026,-172.1664,-75.73079999999999,175,75
2026-05-07 18:38:05.144,4,0.12,0.14,1.01,-67.11259999999999,-73.93639999999999,-80.9208,175,75
2026-05-07 18:38:05.144,4,-0.08,0.26,1.08,-81.6326,23.3836,-88.23079999999999,175,75
2026-05-07 18:38:05.155,4,-0.16,0.35,1.23,-79.49260000000001,115.58359999999999,-79.82079999999999,175,75
2026-05-07 18:38:05.178,4,-0.14,0.21,1.33,-68.8226,149.9736,-71.5308,175,75
2026-05-07 18:38:05.237,4,-0.08,-0.38,1.52,-56.812599999999996,160.3336,-73.54079999999999,175,75
2026-05-07 18:38:05.259,4,-0.04,-0.52,1.79,-97.8426,9.913600000000002,-180.80079999999998,175,75
2026-05-07 18:38:05.332,4,-0.05,-0.16,1.59,-121.93260000000001,-97.4664,-158.8408,175,75
2026-05-07 18:38:05.349,4,-0.06,-0.26,1.52,-137.8426,-79.90639999999999,-146.2208,175,75
2026-05-07 18:38:05.356,4,0.02,-0.16,1.56,-161.0826,-70.7564,-147.08079999999998,175,75
2026-05-07 18:38:05.367,4,0.36,0.09,1.6,-182.36260000000001,-70.4564,-143.9708,175,75
2026-05-07 18:38:05.447,4,0.4,0.08,1.4,-178.0326,-120.6964,-114.0308,175,75
2026-05-07 18:38:05.463,4,0.24,0.22,1.4,-182.9126,-99.9664,-102.9908,175,75
2026-05-07 18:38:05.463,4,0.1,0.18,1.28,-187.7226,-69.4164,-57.9908,175,75
2026-05-07 18:38:05.475,4,-0.11,0.15,1.36,-190.89260000000002,-56.5564,-64.0308,175,75
2026-05-07 18:38:05.500,4,-0.39,0.39,1.61,-174.3726,-89.5464,-78.60079999999999,175,75
2026-05-07 18:38:05.511,4,-1.11,0.59,1.25,-87.7826,-217.9564,-108.1108,175,75
2026-05-07 18:38:05.535,4,-1.9,0.27,1.51,-25.2226,-256.6764,-184.8208,175,75
2026-05-07 18:38:05.535,4,-2.44,0.43,1.62,-2.422599999999999,-287.5264,-210.55079999999998,175,75
2026-05-07 18:38:05.576,4,-2.16,0.06,1.75,153.9774,-302.7764,-194.5108,175,75
2026-05-07 18:38:05.576,4,-2.04,-0.13,1.7,197.1574,-326.4364,-173.7808,175,75
2026-05-07 18:38:05.586,4,-1.78,-0.28,1.58,238.79739999999998,-326.6764,-158.30079999999998,175,75
2026-05-07 18:38:05.586,4,-1.47,-0.42,1.41,291.4174,-325.39639999999997,-144.4508,175,75
2026-05-07 18:38:05.597,4,-1.22,-0.6,1.22,363.9174,-328.1964,-117.01079999999999,175,75
2026-05-07 18:38:05.617,4,-1.06,-0.92,0.99,470.3274,-330.1564,-48.6608,175,75
2026-05-07 18:38:05.638,4,-0.64,-3.55,0.77,718.2474,-484.3564,406.6992,175,75
2026-05-07 18:38:05.649,4,-2.88,-7.0,0.78,1004.9574,-977.1664,-114.39079999999998,175,75
2026-05-07 18:38:05.675,4,0.06,-9.46,-0.83,715.9374,-188.50639999999999,-164.7608,175,75
2026-05-07 18:38:05.688,4,0.76,-7.87,-1.16,686.2974,-391.1864,-92.62079999999999,175,75
2026-05-07 18:38:05.703,4,-0.98,-8.49,-1.46,941.9674,-523.8664,-26.830800000000004,175,75
2026-05-07 18:38:05.708,4,-2.5,-9.32,-1.2,945.5674,-364.8464,-14.3908,175,75
2026-05-07 18:38:05.731,4,-0.8,-7.6,-0.17,709.7774,-263.8664,-178.05079999999998,175,75
2026-05-07 18:38:05.743,4,0.32,-6.32,-0.34,563.6174,-435.8264,-62.010799999999996,175,75
2026-05-07 18:38:05.755,4,-0.63,-5.48,-0.49,528.6774,-691.2464,-83.4208,175,75
2026-05-07 18:38:05.761,4,-1.94,-4.78,-1.22,363.18739999999997,-791.5564,-122.6908,175,75
2026-05-07 18:38:05.776,4,-3.02,-3.49,-1.29,114.9574,-502.7164,-207.3208,175,75
2026-05-07 18:38:05.801,4,-0.43,-1.46,-1.17,-57.3626,-159.1164,-249.5808,175,75
2026-05-07 18:38:05.811,4,-0.76,-1.11,-1.3,3.1874000000000002,-271.6164,-243.4808,175,75
2026-05-07 18:38:05.835,4,-2.05,-0.61,-1.8,106.8474,-110.2164,-318.3008,175,75
2026-05-07 18:38:05.856,4,-2.2,-0.02,-1.2,206.60739999999998,356.0636,-411.2808,175,75
2026-05-07 18:38:05.867,4,-1.75,0.42,-0.53,261.5474,475.3336,-413.3608,175,75
2026-05-07 18:38:05.877,4,-0.44,1.69,0.58,91.8474,403.6336,22.6792,175,75
2026-05-07 18:38:05.888,4,-1.28,1.61,0.03,132.4574,323.8736,-146.3408,175,75
2026-05-07 18:38:05.910,4,-0.47,0.75,0.3,203.5574,93.1436,-88.3608,175,75
2026-05-07 18:38:05.936,4,-1.32,-0.27,-0.03,184.1674,-254.9064,-169.5108,175,75
2026-05-07 18:38:05.977,4,-1.84,1.12,-0.73,-65.71260000000001,-295.7564,-165.67079999999999,175,75
2026-05-07 18:38:05.988,4,-1.86,1.35,-0.8,-44.4326,-221.1264,-117.4408,175,75
2026-05-07 18:38:05.999,4,-1.9,1.18,-0.81,-44.1926,-129.84640000000002,-77.62079999999999,175,75
2026-05-07 18:38:06.009,4,-1.94,0.89,-0.72,-62.97259999999999,-4.116399999999999,-45.4908,175,75
2026-05-07 18:38:06.019,4,-1.47,0.68,-0.65,-92.30260000000001,106.9236,-32.0108,175,75
2026-05-07 18:38:06.036,4,-1.19,0.63,-0.54,-112.6026,146.9236,-30.000800000000005,175,75
2026-05-07 18:38:06.047,4,-1.15,0.55,-0.28,-131.20260000000002,182.7736,-26.2808,175,75
2026-05-07 18:38:06.047,4,-1.15,0.56,-0.25,-141.6326,185.0936,-27.620800000000003,175,75
2026-05-07 18:38:06.058,4,-1.43,0.54,-0.03,-150.95260000000002,199.24360000000001,-13.720799999999999,175,75
2026-05-07 18:38:06.068,4,-1.09,0.42,0.15,-158.3326,220.1536,13.1092,175,75
2026-05-07 18:38:06.080,4,-0.78,0.32,0.29,-152.48260000000002,152.7736,1.6991999999999994,175,75
2026-05-07 18:38:06.101,4,-1.04,0.17,0.36,-154.1926,-18.3264,-29.510800000000003,175,75
2026-05-07 18:38:06.112,4,-3.67,0.42,-0.24,-182.11260000000001,56.4336,57.6792,175,75
2026-05-07 18:38:06.134,4,3.09,-1.2,0.04,-159.5526,651.0636,-228.17079999999999,175,75
2026-05-07 18:38:06.134,4,3.2,-0.21,1.63,-288.2726,-439.2364,-77.9908,175,75
2026-05-07 18:38:06.173,4,0.62,0.12,0.46,-319.6726,-588.8664,-121.89079999999998,175,75
2026-05-07 18:38:06.173,4,0.16,-0.34,-0.37,-301.1426,-589.7864,-109.76079999999999,175,75
2026-05-07 18:38:06.186,4,0.38,-0.78,-1.14,-263.5226,-400.7564,28.1092,175,75
2026-05-07 18:38:06.210,4,1.31,-1.73,-1.09,-293.9426,26.983600000000003,208.7192,175,75
2026-05-07 18:38:06.221,4,1.84,-1.98,-0.58,-342.7826,161.8036,199.9392,175,75
2026-05-07 18:38:06.243,4,2.66,-2.43,0.18,-432.5426,254.36360000000002,164.8792,175,75
2026-05-07 18:38:06.266,4,2.37,-2.7,0.25,-494.9826,290.5836,199.9392,175,75
2026-05-07 18:38:06.276,4,1.96,-3.25,0.11,-521.6326,307.6536,199.2692,175,75
2026-05-07 18:38:06.287,4,1.01,-4.14,-0.14,-489.6726,320.4536,98.28920000000001,175,75
2026-05-07 18:38:06.297,4,0.59,-4.75,0.03,-420.1626,347.7136,-12.080800000000002,175,75
2026-05-07 18:38:06.319,4,-0.08,-4.57,1.11,-369.25260000000003,396.9236,-73.4208,175,75
2026-05-07 18:38:06.332,4,-0.39,-4.1,1.61,-360.7126,429.9136,-150.0008,175,75
2026-05-07 18:38:06.334,4,-0.33,-3.71,1.91,-357.3626,426.2536,-202.6208,175,75
2026-05-07 18:38:06.349,4,-0.3,-3.28,2.15,-352.3026,382.8336,-236.4008,175,75
2026-05-07 18:38:06.376,4,-0.28,-2.43,2.36,-347.7226,253.8736,-268.9008,175,75
2026-05-07 18:38:06.387,4,-0.34,-2.03,2.35,-358.4526,198.6336,-274.3308,175,75
2026-05-07 18:38:06.387,4,-0.43,-1.6,2.26,-359.9826,132.5936,-282.3808,175,75
2026-05-07 18:38:06.397,4,-0.57,-1.27,2.16,-349.8026,77.1036,-288.1108,175,75
2026-05-07 18:38:06.424,4,-0.89,-0.43,1.87,-262.7826,-23.8664,-312.6208,175,75
2026-05-07 18:38:06.449,4,-0.96,-0.04,1.72,-179.2526,-85.8264,-310.19079999999997,175,75
2026-05-07 18:38:06.460,4,-0.47,0.2,1.71,-166.0226,-102.9564,-247.87079999999997,175,75
2026-05-07 18:38:06.471,4,-0.46,0.56,1.65,-198.76260000000002,-133.32639999999998,-87.32079999999999,175,75
2026-05-07 18:38:06.482,4,-1.16,0.6,1.29,-203.5226,-106.9164,-4.700799999999999,175,75
2026-05-07 18:38:06.492,4,-1.33,0.22,1.08,-179.61260000000001,-35.886399999999995,-25.190800000000003,175,75
2026-05-07 18:38:06.517,4,-1.23,0.02,1.27,-118.0326,30.763600000000004,-45.8008,175,75
2026-05-07 18:38:06.517,4,-1.2,0.1,1.45,-94.86259999999999,33.9336,-49.8208,175,75
2026-05-07 18:38:06.538,4,-1.15,0.22,1.62,-78.33260000000001,-3.3263999999999996,-68.48079999999999,175,75
2026-05-07 18:38:06.555,4,-1.27,0.31,1.34,-63.1526,-62.4064,-85.1908,175,75
2026-05-07 18:38:06.565,4,-1.33,0.3,1.21,-51.4426,-51.5564,-87.87079999999999,175,75
2026-05-07 18:38:06.577,4,-1.35,0.29,1.13,-34.3726,-15.216399999999998,-93.3008,175,75
2026-05-07 18:38:06.611,4,-1.28,0.39,1.28,-10.102599999999999,31.0636,-93.54079999999999,175,75
2026-05-07 18:38:06.611,4,-1.32,0.41,1.38,-2.9125999999999994,24.843600000000002,-89.8808,175,75
2026-05-07 18:38:06.624,4,-1.38,0.41,1.47,4.957400000000001,13.933599999999998,-87.9908,175,75
2026-05-07 18:38:06.634,4,-1.42,0.41,1.53,10.1974,-3.2563999999999993,-89.9408,175,75
2026-05-07 18:38:06.646,4,-1.4,0.42,1.57,15.2574,-23.2564,-97.26079999999999,175,75
2026-05-07 18:38:06.660,4,-1.32,0.46,1.52,19.837400000000002,-47.776399999999995,-106.4108,175,75
2026-05-07 18:38:06.673,4,-1.24,0.48,1.43,26.4774,-75.0864,-113.60079999999999,175,75
2026-05-07 18:38:06.683,4,-1.2,0.49,1.33,32.9474,-89.7264,-118.17079999999999,175,75
2026-05-07 18:38:06.706,4,-1.16,0.46,1.21,44.7174,-87.40639999999999,-125.55079999999998,175,75
2026-05-07 18:38:06.716,4,-1.13,0.44,1.15,52.4574,-81.9164,-124.58079999999998,175,75
2026-05-07 18:38:06.727,4,-1.06,0.4,1.1,62.1574,-71.5564,-118.7808,175,75
2026-05-07 18:38:06.739,4,-0.93,0.34,1.0,79.10740000000001,-55.6964,-100.6108,175,75
2026-05-07 18:38:06.750,4,-0.89,0.29,0.95,108.1874,-32.526399999999995,-81.4708,175,75
2026-05-07 18:38:06.761,4,-0.65,0.28,0.97,152.2774,-0.4563999999999986,-67.32079999999999,175,75
2026-05-07 18:38:06.784,4,-0.26,0.08,1.05,274.5274,3.1435999999999993,-43.3008,175,75
2026-05-07 18:38:06.796,4,-0.39,-0.07,1.11,333.49739999999997,-15.636399999999998,-31.3408,175,75
2026-05-07 18:38:06.808,4,-0.63,-0.14,1.24,383.0674,-40.3364,-12.010800000000001,175,75
2026-05-07 18:38:06.822,4,-0.81,-0.15,1.33,449.3474,-101.3064,27.6192,175,75
2026-05-07 18:38:06.832,4,-0.9,-0.28,1.32,524.8374,-213.3264,95.6692,175,75
2026-05-07 18:38:06.843,4,-0.92,-0.71,1.27,629.4073999999999,-358.3864,209.5092,175,75
2026-05-07 18:38:06.850,4,-0.76,-1.34,1.35,709.2274,-491.9764,347.7992,175,75
2026-05-07 18:38:06.868,4,-0.52,-2.39,1.52,762.5174,-655.9464,513.1092,175,75
2026-05-07 18:38:06.879,4,-0.87,-5.78,2.21,975.9974,-1058.7464,133.4692,175,75
2026-05-07 18:38:06.891,4,-2.59,-7.55,1.81,1063.1874,-1062.7764000000002,-8.780800000000001,175,75
2026-05-07 18:38:06.908,4,-1.3,-7.89,0.33,867.3374,-784.2964,11.9492,175,75
2026-05-07 18:38:06.920,4,-2.03,-7.2,-0.26,726.8474,-880.9464,-105.4908,175,75
2026-05-07 18:38:06.931,4,-3.75,-6.78,-1.16,784.2874,-713.3264,-284.0908,175,75
2026-05-07 18:38:06.931,4,-3.82,-7.64,-1.8,874.2874,-493.5064,-384.8208,175,75
2026-05-07 18:38:06.946,4,-2.88,-8.83,-2.19,933.3074,-291.3664,-400.7308,175,75
2026-05-07 18:38:06.966,4,0.12,-6.04,-1.54,820.0174,-81.12639999999999,-163.9008,175,75
2026-05-07 18:38:06.976,4,0.15,-4.94,-0.94,790.7474,-215.75639999999999,-158.7808,175,75
2026-05-07 18:38:06.994,4,0.15,-4.12,-0.8,669.8974,-243.8064,-102.5608,175,75
2026-05-07 18:38:28.306,4,-0.66,-0.85,0.67,-226.9926,122.71360000000001,-96.9508,175,75
2026-05-07 18:38:28.344,4,-0.68,-0.52,0.82,-208.1526,95.3936,-75.6108,175,75
2026-05-07 18:38:28.356,4,-0.72,-0.46,0.77,-179.7426,68.0836,-68.9708,175,75
2026-05-07 18:38:28.405,4,-0.72,-0.43,0.68,-154.2526,61.983599999999996,-58.84080000000001,175,75
2026-05-07 18:38:28.413,4,-0.72,-0.38,0.69,-131.7526,64.42360000000001,-53.84080000000001,175,75
2026-05-07 18:38:28.423,4,-0.72,-0.34,0.74,-117.9726,59.363600000000005,-52.750800000000005,175,75
2026-05-07 18:38:28.434,4,-0.7,-0.29,0.78,-106.6926,50.333600000000004,-51.7708,175,75
2026-05-07 18:38:28.446,4,-0.68,-0.21,0.84,-92.23259999999999,28.083600000000004,-46.5308,175,75
2026-05-07 18:38:28.458,4,-0.67,-0.17,0.87,-85.1026,13.503599999999999,-42.500800000000005,175,75
2026-05-07 18:38:28.481,4,-0.67,-0.13,0.87,-70.5926,-10.7564,-34.0308,175,75
2026-05-07 18:38:28.515,4,-0.64,-0.08,0.85,-45.4726,-41.1864,-18.480800000000002,175,75
2026-05-07 18:38:28.529,4,-0.61,-0.05,0.84,-38.0326,-43.5064,-16.040799999999997,175,75
2026-05-07 18:38:28.529,4,-0.59,-0.02,0.84,-29.552599999999998,-47.2264,-11.7108,175,75
2026-05-07 18:38:28.541,4,-0.59,0.0,0.84,-23.0926,-50.636399999999995,-7.440800000000001,175,75
2026-05-07 18:38:28.561,4,-0.6,0.02,0.84,-12.662600000000001,-52.8364,-2.1408000000000005,175,75
2026-05-07 18:38:28.564,4,-0.6,0.03,0.82,-1.5025999999999993,-54.4764,3.8392,175,75
2026-05-07 18:38:28.576,4,-0.6,0.03,0.82,11.6674,-55.9464,10.6092,175,75
2026-05-07 18:38:28.594,4,-0.59,0.03,0.82,22.2774,-56.9764,16.0992,175,75
2026-05-07 18:38:28.594,4,-0.6,0.02,0.8,34.407399999999996,-57.4664,22.3792,175,75
2026-05-07 18:38:28.603,4,-0.58,0.01,0.8,47.0274,-57.0464,28.1092,175,75
2026-05-07 18:38:28.617,4,-0.56,0.01,0.8,60.2674,-57.106399999999994,34.0192,175,75
2026-05-07 18:38:28.667,4,-0.49,-0.18,0.74,133.85739999999998,-60.3964,58.0492,175,75
2026-05-07 18:38:28.667,4,-0.5,-0.26,0.72,161.9074,-60.6964,67.3092,175,75
2026-05-07 18:38:28.685,4,-0.5,-0.35,0.71,189.2274,-62.1064,77.3092,175,75
2026-05-07 18:38:28.706,4,-0.44,-0.6,0.65,244.9574,-75.15639999999999,100.1192,175,75
2026-05-07 18:38:28.775,4,-0.52,-0.83,0.59,317.2774,-118.8664,70.4892,175,75
2026-05-07 18:38:28.786,4,-0.53,-0.84,0.62,315.5074,-119.9664,61.7692,175,75
2026-05-07 18:38:28.830,4,-0.51,-0.82,0.57,274.2874,-97.8364,56.5192,175,75
2026-05-07 18:38:28.863,4,-0.35,-0.94,0.47,246.0574,-37.9564,52.7392,175,75
2026-05-07 18:38:28.881,4,-0.38,-0.98,0.43,228.2474,-21.8564,48.0492,175,75
2026-05-07 18:38:28.891,4,-0.53,-0.92,0.38,185.8674,12.833600000000004,27.9192,175,75
2026-05-07 18:38:28.942,4,-0.6,-0.58,0.45,99.9574,41.4936,14.9992,175,75
2026-05-07 18:38:28.961,4,-0.61,-0.54,0.5,70.26740000000001,66.7436,24.139200000000002,175,75
2026-05-07 18:38:28.971,4,-0.61,-0.53,0.53,59.0474,76.4336,25.6092,175,75
2026-05-07 18:38:28.983,4,-0.63,-0.51,0.57,47.5174,84.1136,24.569200000000002,175,75
2026-05-07 18:38:29.009,4,-0.61,-0.42,0.65,28.1274,84.2436,19.3292,175,75
2026-05-07 18:38:29.039,4,-0.54,-0.26,0.71,6.3574,49.2436,10.6692,175,75
2026-05-07 18:38:29.048,4,-0.53,-0.23,0.7,0.6874000000000002,36.7436,7.2492,175,75
2026-05-07 18:38:29.060,4,-0.53,-0.2,0.69,-4.8026,27.9536,4.0792,175,75
2026-05-07 18:38:29.073,4,-0.52,-0.16,0.67,-12.842600000000001,19.2436,-0.4307999999999996,175,75
2026-05-07 18:38:29.083,4,-0.52,-0.13,0.65,-19.2526,16.193600000000004,-3.0508000000000006,175,75
2026-05-07 18:38:29.094,4,-0.52,-0.12,0.64,-24.3726,16.0036,-5.310799999999999,175,75
2026-05-07 18:38:29.103,4,-0.52,-0.11,0.63,-27.782600000000002,18.083600000000004,-7.9308,175,75
2026-05-07 18:38:29.116,4,-0.52,-0.12,0.63,-30.4726,19.913600000000002,-9.940800000000001,175,75
2026-05-07 18:38:29.154,4,-0.56,-0.19,0.62,-34.4326,26.2536,-18.360800000000005,175,75
2026-05-07 18:38:29.165,4,-0.57,-0.22,0.61,-34.4326,27.7136,-20.730800000000002,175,75
2026-05-07 18:38:29.177,4,-0.58,-0.26,0.6,-34.4326,30.0336,-23.1708,175,75
2026-05-07 18:38:29.177,4,-0.58,-0.31,0.59,-32.9726,33.3236,-26.1008,175,75
2026-05-07 18:38:29.188,4,-0.58,-0.34,0.58,-31.632599999999996,35.1536,-28.6008,175,75
2026-05-07 18:38:29.223,4,-0.58,-0.44,0.58,-31.812599999999996,40.333600000000004,-42.5608,175,75
2026-05-07 18:38:29.235,4,-0.59,-0.45,0.59,-33.7026,37.593599999999995,-48.3008,175,75
2026-05-07 18:38:29.235,4,-0.61,-0.45,0.61,-35.9526,34.723600000000005,-53.3008,175,75
2026-05-07 18:38:29.246,4,-0.62,-0.45,0.64,-39.312599999999996,30.4536,-60.000800000000005,175,75
2026-05-07 18:38:29.258,4,-0.62,-0.45,0.67,-43.2726,24.4236,-64.2708,175,75
2026-05-07 18:38:29.271,4,-0.64,-0.44,0.7,-50.0426,12.8936,-67.01079999999999,175,75
2026-05-07 18:38:29.282,4,-0.66,-0.44,0.73,-56.562599999999996,-1.436399999999999,-67.93079999999999,175,75
2026-05-07 18:38:29.294,4,-0.66,-0.47,0.73,-61.8726,-14.786399999999999,-68.7808,175,75
2026-05-07 18:38:29.302,4,-0.65,-0.51,0.72,-66.3226,-25.696399999999997,-69.5808,175,75
2026-05-07 18:38:29.381,4,-0.65,-0.65,0.64,-112.9126,-49.0564,-70.2508,175,75
2026-05-07 18:38:29.391,4,-0.66,-0.64,0.64,-121.6926,-49.8464,-69.0308,175,75
2026-05-07 18:38:29.400,4,-0.67,-0.63,0.63,-127.9126,-49.2964,-67.3808,175,75
2026-05-07 18:38:29.426,4,-0.7,-0.6,0.63,-139.98260000000002,-42.5864,-61.220800000000004,175,75
2026-05-07 18:38:29.433,4,-0.7,-0.58,0.63,-144.67260000000002,-36.7964,-56.280800000000006,175,75
2026-05-07 18:38:29.476,4,-0.69,-0.57,0.62,-151.26260000000002,-14.476399999999998,-40.1208,175,75
2026-05-07 18:38:29.487,4,-0.68,-0.56,0.63,-151.9926,-6.796399999999998,-36.7708,175,75
2026-05-07 18:38:29.499,4,-0.66,-0.55,0.64,-152.2426,-0.8863999999999983,-33.970800000000004,175,75
2026-05-07 18:38:29.510,4,-0.65,-0.54,0.64,-151.8126,3.9936000000000007,-30.550800000000002,175,75
2026-05-07 18:38:29.517,4,-0.65,-0.52,0.65,-150.2226,9.303600000000003,-26.650800000000004,175,75
2026-05-07 18:38:29.545,4,-0.58,-0.57,0.66,-140.95260000000002,15.6436,-18.8408,175,75
2026-05-07 18:38:29.552,4,-0.56,-0.64,0.68,-134.67260000000002,13.873600000000003,-17.690800000000003,175,75
2026-05-07 18:38:29.594,4,-0.61,-0.69,0.71,-109.55260000000001,-0.4563999999999986,-27.260800000000003,175,75
2026-05-07 18:38:29.605,4,-0.66,-0.62,0.73,-96.08260000000001,-13.386399999999998,-32.500800000000005,175,75
2026-05-07 18:38:29.605,4,-0.67,-0.53,0.74,-86.14259999999999,-24.726399999999998,-37.5608,175,75
2026-05-07 18:38:29.670,4,-0.36,0.02,0.73,-55.0426,-40.276399999999995,-14.7008,175,75
2026-05-07 18:38:29.683,4,-0.33,0.08,0.72,-46.2626,-17.5264,-5.2508,175,75
2026-05-07 18:38:29.693,4,-0.33,0.09,0.73,-39.312599999999996,2.223600000000001,-0.9208000000000016,175,75
2026-05-07 18:38:29.708,4,-0.34,0.07,0.73,-33.8226,16.3136,3.2292000000000005,175,75
2026-05-07 18:38:29.720,4,-0.37,0.03,0.74,-26.9926,31.9236,8.4092,175,75
2026-05-07 18:38:29.729,4,-0.42,-0.04,0.75,-20.1626,44.78360000000001,14.0792,175,75
2026-05-07 18:38:29.748,4,-0.49,-0.19,0.75,-6.262599999999999,54.843599999999995,21.0292,175,75
2026-05-07 18:38:29.754,4,-0.52,-0.27,0.75,1.9674000000000005,55.8836,22.5592,175,75
2026-05-07 18:38:29.768,4,-0.53,-0.34,0.76,12.6974,55.643600000000006,24.199199999999998,175,75
2026-05-07 18:38:29.798,4,-0.52,-0.46,0.76,33.1274,44.483599999999996,25.6692,175,75
2026-05-07 18:38:29.822,4,-0.49,-0.47,0.75,46.2374,33.3236,19.8092,175,75
2026-05-07 18:38:29.834,4,-0.47,-0.43,0.76,50.0774,27.343600000000002,16.3992,175,75
2026-05-07 18:38:29.861,4,-0.44,-0.21,0.79,51.7874,3.4436000000000035,19.8792,175,75
2026-05-07 18:38:29.882,4,-0.48,-0.16,0.76,55.1974,0.45360000000000156,27.129199999999997,175,75
2026-05-07 18:38:29.906,4,-0.48,-0.16,0.77,58.7374,7.5336,33.0492,175,75
2026-05-07 18:38:29.916,4,-0.49,-0.16,0.79,61.0574,9.543599999999998,35.1192,175,75
2026-05-07 18:38:29.939,4,-0.5,-0.2,0.81,69.4074,1.803600000000003,38.5292,175,75
2026-05-07 18:38:29.951,4,-0.5,-0.22,0.81,72.82740000000001,-6.6763999999999974,39.1392,175,75
2026-05-07 18:38:29.962,4,-0.51,-0.25,0.8,77.0274,-19.1764,39.9392,175,75
2026-05-07 18:38:29.974,4,-0.53,-0.28,0.77,81.47739999999999,-30.086399999999998,39.8092,175,75
2026-05-07 18:38:29.996,4,-0.55,-0.3,0.7,90.6274,-41.6164,39.9992,175,75
2026-05-07 18:38:30.010,4,-0.55,-0.31,0.68,95.7474,-40.4564,41.5192,175,75
2026-05-07 18:38:30.021,4,-0.53,-0.34,0.68,99.5874,-36.5564,42.2492,175,75
2026-05-07 18:38:30.032,4,-0.49,-0.35,0.7,101.9074,-36.0664,42.9192,175,75
2026-05-07 18:38:30.038,4,-0.5,-0.36,0.71,103.1874,-38.0164,43.2892,175,75
2026-05-07 18:38:30.054,4,-0.5,-0.39,0.72,105.13740000000001,-40.886399999999995,43.0492,175,75
2026-05-07 18:38:30.064,4,-0.5,-0.41,0.72,106.1174,-44.666399999999996,42.4392,175,75
2026-05-07 18:38:30.079,4,-0.5,-0.43,0.72,107.94739999999999,-54.9664,41.0292,175,75
2026-05-07 18:38:30.114,4,-0.46,-0.44,0.71,109.5274,-58.9364,39.9992,175,75
2026-05-07 18:38:30.125,4,-0.43,-0.45,0.71,108.85740000000001,-60.1564,39.3292,175,75
2026-05-07 18:38:30.141,4,-0.43,-0.45,0.71,106.1174,-65.15639999999999,34.8792,175,75
2026-05-07 18:38:30.152,4,-0.43,-0.44,0.72,105.01740000000001,-67.10640000000001,32.4992,175,75
2026-05-07 18:38:30.165,4,-0.42,-0.43,0.72,103.4374,-69.90639999999999,30.6692,175,75
2026-05-07 18:38:30.185,4,-0.42,-0.41,0.7,99.7774,-73.7464,28.4692,175,75
2026-05-07 18:38:30.197,4,-0.43,-0.41,0.67,97.1574,-71.9764,27.7392,175,75
2026-05-07 18:38:30.207,4,-0.42,-0.4,0.67,95.01740000000001,-68.13640000000001,26.519199999999998,175,75
2026-05-07 18:38:30.219,4,-0.42,-0.4,0.67,92.63740000000001,-62.776399999999995,26.3992,175,75
2026-05-07 18:38:30.229,4,-0.4,-0.39,0.67,89.3474,-57.4664,25.5492,175,75
2026-05-07 18:38:30.240,4,-0.39,-0.4,0.68,86.9674,-54.2364,25.2992,175,75
2026-05-07 18:38:30.247,4,-0.37,-0.41,0.68,83.4974,-50.8264,23.9592,175,75
2026-05-07 18:38:30.264,4,-0.37,-0.41,0.68,80.01740000000001,-49.2964,21.769199999999998,175,75
2026-05-07 18:38:30.278,4,-0.37,-0.42,0.69,75.44739999999999,-48.6864,17.9892,175,75
2026-05-07 18:38:30.302,4,-0.36,-0.4,0.7,68.06739999999999,-50.4564,13.049199999999999,175,75
2026-05-07 18:38:30.322,4,-0.38,-0.4,0.7,59.7774,-52.8964,9.8092,175,75
2026-05-07 18:38:30.333,4,-0.39,-0.41,0.7,55.8674,-53.5664,7.8591999999999995,175,75
2026-05-07 18:38:30.335,4,-0.39,-0.42,0.71,51.5474,-55.026399999999995,5.969200000000001,175,75
2026-05-07 18:38:30.376,4,-0.41,-0.38,0.7,35.7474,-60.9464,-0.4307999999999996,175,75
2026-05-07 18:38:30.387,4,-0.42,-0.37,0.68,32.0874,-60.8264,-0.5508000000000006,175,75
2026-05-07 18:38:30.399,4,-0.43,-0.35,0.66,29.107400000000002,-58.4464,-0.4307999999999996,175,75
2026-05-07 18:38:30.427,4,-0.47,-0.35,0.61,24.2874,-45.2164,7.0092,175,75
2026-05-07 18:38:30.438,4,-0.47,-0.37,0.58,23.6774,-36.6164,11.8292,175,75
2026-05-07 18:38:30.446,4,-0.48,-0.4,0.57,23.1274,-28.8664,14.7492,175,75
2026-05-07 18:38:30.481,4,-0.44,-0.58,0.45,25.197400000000002,8.9936,29.449199999999998,175,75
2026-05-07 18:38:30.511,4,-0.39,-0.63,0.37,17.3974,65.1536,12.6192,175,75
2026-05-07 18:38:30.522,4,-0.41,-0.51,0.4,7.157400000000001,84.9736,3.3491999999999997,175,75
2026-05-07 18:38:30.529,4,-0.4,-0.36,0.49,-7.5426,103.87360000000001,-3.4208000000000016,175,75
2026-05-07 18:38:30.552,4,-0.43,-0.18,0.6,-26.3226,114.4836,-5.610799999999999,175,75
2026-05-07 18:38:30.552,4,-0.47,-0.08,0.67,-40.5326,116.06360000000001,-5.9808,175,75
2026-05-07 18:38:30.561,4,-0.52,-0.05,0.72,-53.5226,115.0336,-7.1408000000000005,175,75
2026-05-07 18:38:30.580,4,-0.56,-0.06,0.77,-65.6526,110.27359999999999,-10.490799999999998,175,75
2026-05-07 18:38:30.591,4,-0.59,-0.11,0.8,-79.98259999999999,104.84360000000001,-15.190800000000001,175,75
2026-05-07 18:38:30.602,4,-0.63,-0.16,0.82,-93.58260000000001,102.83359999999999,-18.050800000000002,175,75
2026-05-07 18:38:30.612,4,-0.64,-0.21,0.82,-101.14259999999999,101.80359999999999,-20.0608,175,75
2026-05-07 18:38:30.616,4,-0.65,-0.26,0.81,-107.17259999999999,100.9436,-21.5908,175,75
2026-05-07 18:38:30.637,4,-0.65,-0.35,0.81,-111.14259999999999,99.24360000000001,-24.150800000000004,175,75
2026-05-07 18:38:30.637,4,-0.65,-0.44,0.81,-113.8226,96.5536,-27.080800000000004,175,75
2026-05-07 18:38:30.646,4,-0.64,-0.53,0.81,-116.4426,92.5336,-30.370800000000003,175,75
2026-05-07 18:38:30.662,4,-0.65,-0.61,0.8,-119.2526,88.0836,-34.4508,175,75
2026-05-07 18:38:30.684,4,-0.69,-0.76,0.79,-121.6926,75.4536,-47.5608,175,75
2026-05-07 18:38:30.684,4,-0.7,-0.78,0.8,-122.23259999999999,65.5236,-55.860800000000005,175,75
2026-05-07 18:38:30.706,4,-0.69,-0.77,0.79,-121.8726,28.023600000000002,-80.8608,175,75
2026-05-07 18:38:30.716,4,-0.69,-0.74,0.77,-120.4726,10.153600000000004,-86.8308,175,75
2026-05-07 18:38:30.745,4,-0.67,-0.63,0.71,-118.27260000000001,-28.996399999999998,-92.87079999999999,175,75
2026-05-07 18:38:30.745,4,-0.68,-0.58,0.68,-119.3726,-37.2264,-90.98079999999999,175,75
2026-05-07 18:38:30.764,4,-0.68,-0.53,0.65,-120.2226,-40.2164,-87.26079999999999,175,75
2026-05-07 18:38:30.769,4,-0.68,-0.49,0.64,-120.2226,-40.6964,-82.26079999999999,175,75
2026-05-07 18:38:30.789,4,-0.67,-0.45,0.64,-119.55260000000001,-40.3964,-76.5308,175,75
2026-05-07 18:38:30.821,4,-0.68,-0.38,0.69,-120.77260000000001,-41.9764,-62.4408,175,75
2026-05-07 18:38:30.831,4,-0.71,-0.36,0.69,-119.55260000000001,-40.4564,-56.0408,175,75
2026-05-07 18:38:30.851,4,-0.74,-0.33,0.69,-117.05260000000001,-37.6564,-49.70080000000001,175,75
2026-05-07 18:38:30.851,4,-0.77,-0.3,0.69,-113.39259999999999,-33.1964,-42.500800000000005,175,75
2026-05-07 18:38:30.868,4,-0.8,-0.27,0.71,-105.71260000000001,-23.446399999999997,-32.500800000000005,175,75
2026-05-07 18:38:30.881,4,-0.81,-0.26,0.71,-96.5626,-13.9964,-25.430800000000005,175,75
2026-05-07 18:38:30.885,4,-0.85,-0.26,0.75,-86.8726,-4.7864,-15.7308,175,75
2026-05-07 18:38:30.900,4,-0.88,-0.26,0.78,-78.0326,1.313600000000001,-6.530800000000001,175,75
2026-05-07 18:38:30.912,4,-0.88,-0.26,0.81,-69.80260000000001,1.313600000000001,-2.380799999999999,175,75
2026-05-07 18:38:30.923,4,-0.85,-0.25,0.82,-61.752599999999994,-4.476399999999998,0.4192,175,75
2026-05-07 18:38:30.959,4,-0.81,-0.18,0.74,-30.412599999999998,-3.8064,16.8892,175,75
2026-05-07 18:38:30.969,4,-0.81,-0.16,0.76,-19.4326,12.163600000000002,26.0292,175,75
2026-05-07 18:38:30.991,4,-0.77,-0.14,0.85,-1.5625999999999998,29.543599999999998,38.5292,175,75
2026-05-07 18:38:31.002,4,-0.75,-0.14,0.87,5.9374,25.6436,42.1292,175,75
2026-05-07 18:38:31.019,4,-0.77,-0.16,0.83,20.9974,6.863599999999998,46.5792,175,75
2026-05-07 18:38:31.039,4,-0.76,-0.17,0.74,34.3474,-1.3663999999999987,48.4092,175,75
2026-05-07 18:38:31.081,4,-0.74,-0.17,0.71,47.3974,26.3136,69.2692,175,75
2026-05-07 18:38:31.096,4,-0.73,-0.19,0.69,49.6574,28.263600000000004,72.0092,175,75
2026-05-07 18:38:31.096,4,-0.72,-0.2,0.65,53.9174,33.5636,76.8292,175,75
2026-05-07 18:38:31.108,4,-0.73,-0.21,0.63,59.4074,42.7136,84.7492,175,75
2026-05-07 18:38:31.129,4,-0.7,-0.23,0.62,63.2474,60.8236,95.4192,175,75
2026-05-07 18:38:31.140,4,-0.63,-0.28,0.62,64.4674,73.6336,99.4492,175,75
2026-05-07 18:38:31.140,4,-0.59,-0.3,0.64,65.6874,79.2436,100.7292,175,75
2026-05-07 18:38:31.151,4,-0.57,-0.32,0.65,65.50739999999999,84.42360000000001,103.89920000000001,175,75
2026-05-07 18:38:31.166,4,-0.54,-0.33,0.68,63.2474,87.1036,104.6892,175,75
2026-05-07 18:38:31.166,4,-0.55,-0.34,0.7,61.1174,81.9836,103.4692,175,75
2026-05-07 18:38:31.186,4,-0.56,-0.36,0.72,59.8974,76.0036,102.5592,175,75
2026-05-07 18:38:31.212,4,-0.58,-0.46,0.74,64.28739999999999,54.17360000000001,103.6592,175,75
2026-05-07 18:38:31.225,4,-0.53,-0.58,0.72,72.82740000000001,36.1336,99.9992,175,75
2026-05-07 18:38:31.236,4,-0.55,-0.6,0.7,74.4674,37.223600000000005,101.45920000000001,175,75
2026-05-07 18:38:31.247,4,-0.56,-0.59,0.7,73.6174,45.093599999999995,101.9492,175,75
2026-05-07 18:38:31.257,4,-0.52,-0.57,0.71,70.32740000000001,44.973600000000005,103.34920000000001,175,75
2026-05-07 18:38:31.276,4,-0.48,-0.57,0.76,65.4474,26.4936,99.3292,175,75
2026-05-07 18:38:31.287,4,-0.44,-0.54,0.78,53.9774,-17.836399999999998,88.1092,175,75
2026-05-07 18:38:31.305,4,-0.51,-0.5,0.72,45.7474,-38.9964,83.5892,175,75
2026-05-07 18:38:31.310,4,-0.6,-0.47,0.67,37.3374,-41.8564,80.48920000000001,175,75
2026-05-07 18:38:31.365,4,0.78,-0.72,0.79,-10.5326,-138.6864,-23.050800000000002,175,75
2026-05-07 18:38:31.373,4,-0.09,-0.66,0.52,-46.1426,-169.1764,-51.7708,175,75
2026-05-07 18:38:31.393,4,-0.18,-0.45,0.58,-67.11259999999999,29.843600000000002,-7.0108000000000015,175,75
2026-05-07 18:38:31.407,4,-0.13,-0.74,0.67,-72.7826,-46.5564,-35.1908,175,75
2026-05-07 18:38:31.412,4,-0.5,-0.74,0.77,-65.77260000000001,-58.8664,-18.720800000000004,175,75
2026-05-07 18:38:31.429,4,-0.84,-0.66,0.83,-73.1526,-41.0064,-16.220800000000004,175,75
2026-05-07 18:38:31.452,4,-1.01,-0.38,0.9,-71.26259999999999,-13.0764,-7.0108000000000015,175,75
2026-05-07 18:38:31.452,4,-1.0,-0.31,0.88,-57.9126,-26.4364,-4.7608000000000015,175,75
2026-05-07 18:38:31.465,4,-1.06,-0.29,0.85,-48.1526,-45.7564,-5.4308,175,75
2026-05-07 18:38:31.491,4,-1.16,-0.24,0.76,-37.6626,-51.496399999999994,-1.7707999999999995,175,75
2026-05-07 18:38:31.515,4,-1.22,-0.16,0.73,-19.1326,-43.4464,6.889200000000001,175,75
2026-05-07 18:38:31.542,4,-1.14,-0.18,0.59,-14.802599999999998,-51.6164,15.9092,175,75
2026-05-07 18:38:31.543,4,-1.15,-0.19,0.48,-18.5826,-55.886399999999995,22.249200000000002,175,75
2026-05-07 18:38:31.578,4,-1.22,-0.08,0.49,-7.3026,52.4136,69.0792,175,75
2026-05-07 18:38:31.594,4,-1.19,-0.1,0.69,5.747400000000001,78.1436,84.7492,175,75
2026-05-07 18:38:31.609,4,-1.14,-0.12,0.9,12.7574,81.31360000000001,96.5792,175,75
2026-05-07 18:38:31.618,4,-1.08,-0.14,1.03,14.0474,61.373599999999996,99.87920000000001,175,75
2026-05-07 18:38:31.634,4,-1.06,-0.11,1.1,19.5274,25.273600000000002,99.9992,175,75
2026-05-07 18:38:31.646,4,-1.11,-0.05,1.11,29.2874,0.8236000000000026,102.4992,175,75
2026-05-07 18:38:31.660,4,-1.13,-0.04,1.07,38.9774,-3.0763999999999996,105.5492,175,75
2026-05-07 18:38:31.670,4,-1.12,-0.05,1.03,49.9574,3.9335999999999984,110.9692,175,75
2026-05-07 18:38:31.686,4,-1.1,-0.08,1.0,61.2974,15.2136,117.4992,175,75
2026-05-07 18:38:31.712,4,-0.79,-0.35,0.82,77.94739999999999,5.643599999999999,106.9492,175,75
2026-05-07 18:38:31.735,4,-0.66,-0.47,0.64,76.41739999999999,-19.906399999999998,90.4192,175,75
2026-05-07 18:38:31.735,4,-0.52,-0.65,0.41,67.6374,-41.0664,69.2692,175,75
2026-05-07 18:38:31.753,4,-0.47,-0.79,0.24,55.9974,-53.3264,49.569199999999995,175,75
2026-05-07 18:38:31.768,4,-0.49,-0.89,0.1,37.1574,-56.6164,31.0292,175,75
2026-05-07 18:38:31.784,4,-0.68,-0.82,0.06,13.737400000000001,-40.886399999999995,24.0792,175,75
2026-05-07 18:38:31.784,4,-0.98,-0.7,0.25,8.307400000000001,26.7436,34.3292,175,75
2026-05-07 18:38:31.820,4,-0.88,-0.66,1.21,18.0674,26.2536,44.2692,175,75
2026-05-07 18:38:31.834,4,-0.97,-0.69,1.05,16.5474,-43.386399999999995,28.6592,175,75
2026-05-07 18:38:31.872,4,-1.04,-0.58,0.52,2.2174000000000005,51.613600000000005,27.1892,175,75
2026-05-07 18:38:31.882,4,-0.98,-0.59,0.71,4.8974,71.4336,28.4092,175,75
2026-05-07 18:38:31.892,4,-0.95,-0.63,0.9,6.7874,61.31360000000001,20.6092,175,75
2026-05-07 18:38:31.914,4,-0.88,-0.63,1.1,-1.0825999999999993,-43.386399999999995,-18.7808,175,75
2026-05-07 18:38:31.925,4,-0.91,-0.58,0.97,-8.522599999999999,-86.6164,-36.400800000000004,175,75
2026-05-07 18:38:31.936,4,-0.97,-0.54,0.76,-13.762599999999999,-88.3264,-44.3308,175,75
2026-05-07 18:38:31.951,4,-0.97,-0.47,0.68,-17.482599999999998,-61.5564,-42.2008,175,75
2026-05-07 18:38:31.965,4,-0.92,-0.42,0.72,-17.5426,-42.2264,-39.7008,175,75
2026-05-07 18:38:31.976,4,-0.93,-0.36,0.83,-18.4526,-37.0464,-36.9508,175,75
2026-05-07 18:38:31.986,4,-0.98,-0.31,0.91,-20.7126,-39.236399999999996,-35.3708,175,75
2026-05-07 18:38:31.986,4,-1.02,-0.24,0.91,-21.9926,-43.9964,-32.8108,175,75
2026-05-07 18:38:32.009,4,-1.06,-0.16,0.88,-19.552599999999998,-45.7564,-28.660800000000002,175,75
2026-05-07 18:38:32.034,4,-1.1,-0.08,0.83,-14.0626,-42.526399999999995,-21.830800000000004,175,75
2026-05-07 18:38:32.073,4,-1.11,0.15,0.89,18.977400000000003,-27.4664,11.699200000000001,175,75
2026-05-07 18:38:32.086,4,-1.4,0.26,0.92,38.7374,-27.1064,35.1192,175,75
2026-05-07 18:38:32.108,4,-1.35,0.13,0.74,56.4774,-28.0764,47.5592,175,75
2026-05-07 18:38:32.133,4,-1.2,-0.48,0.21,41.8474,-95.3964,10.8492,175,75
2026-05-07 18:38:32.161,4,-1.4,-0.65,-0.07,-24.4326,-12.586399999999998,12.5592,175,75
2026-05-07 18:38:32.171,4,-1.5,-0.12,0.35,-14.192599999999999,147.1036,49.139199999999995,175,75
2026-05-07 18:38:32.181,4,-1.22,-0.1,0.81,10.3874,200.7036,65.9092,175,75
2026-05-07 18:38:32.192,4,-0.94,-0.33,1.24,32.397400000000005,161.9836,64.7492,175,75
2026-05-07 18:38:32.202,4,-0.77,-0.62,1.43,19.3474,-42.4664,10.9092,175,75
2026-05-07 18:38:32.218,4,-0.85,-0.55,1.14,5.327400000000001,-100.1564,-8.2308,175,75
2026-05-07 18:38:32.229,4,-0.96,-0.45,0.82,1.4174000000000002,-115.0264,-14.580800000000002,175,75
2026-05-07 18:38:32.246,4,-1.09,-0.3,0.46,10.1974,-52.106399999999994,-5.550800000000001,175,75
2026-05-07 18:38:32.259,4,-1.08,-0.33,0.52,13.737400000000001,-13.7464,2.9892000000000003,175,75
2026-05-07 18:38:32.263,4,-1.07,-0.33,0.67,10.8674,-6.496399999999998,6.949199999999999,175,75
2026-05-07 18:38:32.277,4,-1.06,-0.36,0.77,-0.8325999999999993,-26.976399999999998,1.9491999999999994,175,75
2026-05-07 18:38:32.288,4,-1.1,-0.35,0.75,-7.662599999999999,-44.7264,-1.4007999999999985,175,75
2026-05-07 18:38:32.305,4,-1.14,-0.31,0.64,-12.7226,-50.6964,-2.0808000000000018,175,75
2026-05-07 18:38:32.307,4,-1.19,-0.25,0.54,-15.342600000000001,-36.0064,2.0092,175,75
2026-05-07 18:38:32.330,4,-1.19,-0.2,0.52,-11.3226,-2.106399999999997,9.0792,175,75
2026-05-07 18:38:32.330,4,-1.15,-0.18,0.58,-5.832599999999999,12.653600000000004,13.1692,175,75
2026-05-07 18:38:32.355,4,-1.1,-0.18,0.67,-1.5025999999999993,13.383600000000001,14.6292,175,75
2026-05-07 18:38:32.369,4,-1.03,-0.2,0.64,-8.762599999999999,-10.026399999999999,6.219200000000001,175,75
2026-05-07 18:38:32.382,4,-1.08,-0.19,0.64,0.0774000000000008,-22.406399999999998,4.2692,175,75
2026-05-07 18:38:32.393,4,-1.1,-0.21,0.6,-1.9325999999999999,-16.6764,3.4692000000000007,175,75
2026-05-07 18:38:32.397,4,-1.08,-0.21,0.59,0.19740000000000002,-13.196399999999997,3.2292000000000005,175,75
2026-05-07 18:38:32.423,4,-1.11,-0.25,0.64,2.9474000000000005,-10.946399999999997,4.199199999999999,175,75
2026-05-07 18:38:32.430,4,-1.09,-0.28,0.68,1.9674000000000005,-9.8464,4.449199999999999,175,75
2026-05-07 18:38:32.449,4,-1.05,-0.33,0.67,-1.5025999999999993,-21.976399999999998,1.3392,175,75
2026-05-07 18:38:32.460,4,-1.08,-0.35,0.67,-4.9826,-28.1364,0.6091999999999995,175,75
2026-05-07 18:38:32.473,4,-1.1,-0.33,0.64,-7.662599999999999,-19.4164,1.3392,175,75
2026-05-07 18:38:32.485,4,-1.08,-0.35,0.66,-6.262599999999999,-10.516399999999997,2.3092000000000006,175,75
2026-05-07 18:38:32.496,4,-1.07,-0.39,0.72,-2.6026,-4.0564,2.3092000000000006,175,75
2026-05-07 18:38:32.511,4,-1.02,-0.36,0.72,-8.5826,-16.976399999999998,-0.0007999999999999119,175,75
2026-05-07 18:38:32.533,4,-1.11,-0.35,0.72,-11.5626,-44.5464,-8.900799999999998,175,75
2026-05-07 18:38:32.544,4,-1.17,-0.3,0.69,-11.5626,-44.236399999999996,-7.990799999999998,175,75
2026-05-07 18:38:32.548,4,-1.18,-0.25,0.66,-9.432599999999999,-39.6064,-6.280800000000001,175,75
2026-05-07 18:38:32.562,4,-1.17,-0.24,0.62,-8.272599999999999,-36.3064,-4.5108000000000015,175,75
2026-05-07 18:38:32.572,4,-1.16,-0.25,0.6,-6.6326,-33.7464,-3.1708000000000016,175,75
2026-05-07 18:38:32.585,4,-1.17,-0.24,0.56,-4.9826,-28.3264,-0.8607999999999993,175,75
2026-05-07 18:38:32.602,4,-1.16,-0.23,0.55,-3.2725999999999997,-19.906399999999998,2.0692000000000004,175,75
2026-05-07 18:38:32.602,4,-1.14,-0.23,0.57,-1.5625999999999998,-12.656399999999998,3.8992000000000004,175,75
2026-05-07 18:38:32.618,4,-1.14,-0.24,0.6,0.2574000000000005,-8.136399999999998,6.5792,175,75
2026-05-07 18:38:32.644,4,-1.1,-0.27,0.68,2.8874000000000004,-10.156399999999998,6.639200000000001,175,75
2026-05-07 18:38:32.655,4,-1.1,-0.27,0.67,4.0474000000000006,-16.066399999999998,5.6692,175,75
2026-05-07 18:38:32.667,4,-1.11,-0.27,0.65,4.4674000000000005,-17.5264,5.299200000000001,175,75
2026-05-07 18:38:32.670,4,-1.1,-0.27,0.65,4.5274,-15.3364,4.809200000000001,175,75
2026-05-07 18:38:32.679,4,-1.1,-0.29,0.66,4.587400000000001,-13.016399999999997,5.1792,175,75
2026-05-07 18:38:32.693,4,-1.09,-0.28,0.67,2.3974,-13.7464,4.629199999999999,175,75
2026-05-07 18:38:32.707,4,-1.09,-0.29,0.69,1.2374000000000005,-14.6664,3.8992000000000004,175,75
2026-05-07 18:38:32.722,4,-1.09,-0.3,0.69,0.017400000000000304,-15.026399999999999,3.7192000000000007,175,75
2026-05-07 18:38:32.736,4,-1.08,-0.29,0.7,-0.3426,-13.5064,3.7791999999999994,175,75
2026-05-07 18:38:32.770,4,-1.08,-0.29,0.71,-1.6326,-18.7464,1.1592000000000002,175,75
2026-05-07 18:38:32.770,4,-1.09,-0.29,0.7,-1.4425999999999997,-16.6164,0.1791999999999998,175,75
2026-05-07 18:38:32.787,4,-1.08,-0.3,0.69,-1.2626,-19.4164,-1.040799999999999,175,75
2026-05-07 18:38:32.807,4,-1.1,-0.27,0.65,-1.3826,-21.1864,-2.200799999999999,175,75
2026-05-07 18:38:32.830,4,-1.12,-0.26,0.64,0.9974000000000003,-14.966399999999998,-0.2507999999999999,175,75
2026-05-07 18:38:32.844,4,-1.1,-0.25,0.65,0.5074000000000005,-14.356399999999999,-0.8607999999999993,175,75
2026-05-07 18:38:32.855,4,-1.12,-0.24,0.64,0.7474000000000003,-15.946399999999999,-0.3708000000000009,175,75
2026-05-07 18:38:32.873,4,-1.14,-0.25,0.65,1.6674000000000002,-15.946399999999999,-0.3708000000000009,175,75
2026-05-07 18:38:32.877,4,-1.14,-0.25,0.65,1.6674000000000002,-13.2564,0.2992000000000008,175,75
2026-05-07 18:38:32.877,4,-1.14,-0.25,0.66,0.9374000000000002,-11.7364,0.1791999999999998,175,75
2026-05-07 18:38:32.888,4,-1.14,-0.25,0.67,0.9974000000000003,-12.7164,0.2392000000000003,175,75
2026-05-07 18:38:32.911,4,-1.12,-0.24,0.67,2.0874000000000006,-11.796399999999998,-1.1008000000000013,175,75
2026-05-07 18:38:32.933,4,-1.15,-0.23,0.62,0.3274000000000008,-18.196399999999997,-4.030800000000001,175,75
2026-05-07 18:38:32.933,4,-1.06,-0.26,0.6,1.3574000000000002,-6.1264,-3.0508000000000006,175,75
2026-05-07 18:38:32.945,4,-1.1,-0.29,0.64,-0.5926,-11.616399999999999,-3.4808000000000003,175,75
2026-05-07 18:38:32.958,4,-1.14,-0.29,0.68,0.6874000000000002,-7.7164,-2.2608000000000015,175,75
2026-05-07 18:38:32.981,4,-1.06,-0.26,0.69,-0.5926,-4.1763999999999974,-3.4208000000000016,175,75
2026-05-07 18:38:32.991,4,-1.02,-0.27,0.65,-1.4425999999999997,-23.3864,-7.7508,175,75
2026-05-07 18:38:32.991,4,-1.12,-0.28,0.62,-0.1625999999999994,-26.6164,-7.440800000000001,175,75
2026-05-07 18:38:33.003,4,-1.15,-0.3,0.61,0.3874000000000004,-14.606399999999999,-4.450799999999999,175,75
2026-05-07 18:38:33.023,4,-1.06,-0.3,0.66,-1.0825999999999993,-6.616399999999999,-1.8308000000000018,175,75
2026-05-07 18:38:33.049,4,-1.1,-0.31,0.67,-0.4125999999999994,-17.656399999999998,-4.6408000000000005,175,75
2026-05-07 18:38:33.062,4,-1.1,-0.29,0.66,-1.6326,-18.016399999999997,-4.6408000000000005,175,75
2026-05-07 18:38:33.062,4,-1.09,-0.27,0.65,-1.8125999999999998,-17.8964,-3.780800000000001,175,75
2026-05-07 18:38:33.089,4,-1.1,-0.24,0.65,-0.4725999999999999,-15.3364,-2.3208,175,75
2026-05-07 18:38:33.099,4,-1.08,-0.24,0.64,0.3874000000000004,-12.7164,-1.1008000000000013,175,75
2026-05-07 18:38:33.099,4,-1.08,-0.24,0.64,1.7274000000000003,-14.966399999999998,-1.530800000000001,175,75
2026-05-07 18:38:33.111,4,-1.09,-0.25,0.64,1.7874000000000003,-17.5264,-1.530800000000001,175,75
2026-05-07 18:38:33.122,4,-1.11,-0.25,0.64,0.3874000000000004,-18.016399999999997,-1.7108000000000008,175,75
2026-05-07 18:38:33.122,4,-1.15,-0.24,0.64,0.2574000000000005,-15.5764,-0.1908000000000012,175,75
2026-05-07 18:38:33.133,4,-1.15,-0.21,0.65,1.4774000000000003,-10.516399999999997,2.2492,175,75
2026-05-07 18:38:33.155,4,-1.09,-0.21,0.65,2.9474000000000005,-11.796399999999998,2.3092000000000006,175,75
2026-05-07 18:38:33.188,4,-1.13,-0.25,0.62,4.1074,-9.7864,2.9192,175,75
2026-05-07 18:38:33.199,4,-1.1,-0.25,0.62,3.3074000000000003,-12.586399999999998,1.8292000000000002,175,75
2026-05-07 18:38:33.199,4,-1.12,-0.26,0.63,4.3474,-15.3364,1.2192000000000007,175,75
2026-05-07 18:38:33.210,4,-1.13,-0.26,0.63,4.7774,-12.526399999999999,1.6392000000000007,175,75
2026-05-07 18:38:33.222,4,-1.1,-0.27,0.63,4.287400000000001,-10.636399999999998,1.8292000000000002,175,75
2026-05-07 18:38:33.236,4,-1.1,-0.27,0.63,4.837400000000001,-12.3464,1.1592000000000002,175,75
2026-05-07 18:38:33.251,4,-1.09,-0.27,0.64,5.2574000000000005,-13.7464,0.059200000000000585,175,75
2026-05-07 18:38:33.275,4,-1.1,-0.26,0.6,4.0474000000000006,-14.056399999999998,0.1191999999999993,175,75
2026-05-07 18:38:33.275,4,-1.12,-0.29,0.63,7.2774,-4.296399999999998,0.7891999999999992,175,75
2026-05-07 18:38:33.300,4,-1.1,-0.26,0.58,1.6074000000000002,-12.526399999999999,-0.49079999999999835,175,75
2026-05-07 18:38:33.302,4,-1.07,-0.23,0.65,9.8374,-7.4664,1.6991999999999994,175,75
2026-05-07 18:38:33.330,4,-1.05,-0.23,0.63,7.6974,-16.1864,-2.0108000000000015,175,75
2026-05-07 18:38:33.336,4,-1.05,-0.27,0.61,4.837400000000001,-20.696399999999997,-4.0908,175,75
2026-05-07 18:38:33.370,4,-1.14,-0.26,0.6,4.2274,-11.976399999999998,0.059200000000000585,175,75
2026-05-07 18:38:33.377,4,-1.11,-0.26,0.63,5.8074,-9.0564,1.6991999999999994,175,75
2026-05-07 18:38:33.385,4,-1.1,-0.28,0.63,5.6874,-12.586399999999998,2.0692000000000004,175,75
2026-05-07 18:38:33.393,4,-1.11,-0.29,0.63,4.0474000000000006,-14.966399999999998,1.3392,175,75
2026-05-07 18:38:33.405,4,-1.12,-0.26,0.62,3.7374000000000005,-14.296399999999998,2.6191999999999993,175,75
2026-05-07 18:38:33.422,4,-1.12,-0.25,0.63,4.3474,-11.366399999999999,4.3292,175,75
2026-05-07 18:38:33.434,4,-1.11,-0.23,0.64,6.417400000000001,-9.0564,5.3591999999999995,175,75
2026-05-07 18:38:33.445,4,-1.1,-0.23,0.64,7.337400000000001,-10.5764,4.9392,175,75
2026-05-07 18:38:33.445,4,-1.09,-0.23,0.63,7.6374,-13.3264,4.629199999999999,175,75
2026-05-07 18:38:33.456,4,-1.1,-0.24,0.63,7.6374,-15.636399999999998,3.5991999999999997,175,75
2026-05-07 18:38:33.467,4,-1.13,-0.23,0.61,7.3974,-14.4164,4.5092,175,75
2026-05-07 18:38:33.490,4,-1.14,-0.22,0.62,7.577400000000001,-9.176399999999997,5.8492,175,75
2026-05-07 18:38:33.503,4,-1.14,-0.24,0.64,9.5874,-6.246399999999998,6.699199999999999,175,75
2026-05-07 18:38:33.507,4,-1.14,-0.26,0.65,9.1074,-9.2364,6.5792,175,75
2026-05-07 18:38:33.530,4,-1.13,-0.25,0.65,7.9474,-11.186399999999999,5.969200000000001,175,75
2026-05-07 18:38:33.541,4,-1.13,-0.25,0.62,6.8474,-12.2864,5.6692,175,75
2026-05-07 18:38:33.541,4,-1.13,-0.25,0.63,7.577400000000001,-9.8464,6.5792,175,75
2026-05-07 18:38:33.559,4,-1.12,-0.25,0.64,7.6374,-9.476399999999998,6.2791999999999994,175,75
2026-05-07 18:38:33.569,4,-1.12,-0.26,0.66,7.827400000000001,-13.016399999999997,5.3591999999999995,175,75
2026-05-07 18:38:33.593,4,-1.13,-0.25,0.64,7.2774,-18.0764,4.449199999999999,175,75
2026-05-07 18:38:33.604,4,-1.12,-0.24,0.62,8.4974,-16.3664,5.059200000000001,175,75
2026-05-07 18:38:33.617,4,-1.12,-0.24,0.62,9.657399999999999,-14.476399999999998,5.1792,175,75
2026-05-07 18:38:33.628,4,-1.11,-0.24,0.63,10.0774,-16.1864,5.2392,175,75
2026-05-07 18:38:33.641,4,-1.12,-0.24,0.63,9.717400000000001,-18.9364,4.5692,175,75
2026-05-07 18:38:33.650,4,-1.14,-0.24,0.62,9.5874,-20.946399999999997,4.879199999999999,175,75
2026-05-07 18:38:33.656,4,-1.15,-0.23,0.61,9.1674,-19.236399999999996,5.8492,175,75
2026-05-07 18:38:33.669,4,-1.14,-0.22,0.62,9.1674,-17.2864,7.379199999999999,175,75
2026-05-07 18:38:33.679,4,-1.14,-0.22,0.62,9.7774,-14.966399999999998,8.9592,175,75
2026-05-07 18:38:33.705,4,-1.14,-0.22,0.63,9.5874,-15.886399999999998,10.549199999999999,175,75
2026-05-07 18:38:33.718,4,-1.13,-0.22,0.63,8.7974,-13.446399999999997,11.889199999999999,175,75
2026-05-07 18:38:33.741,4,-1.13,-0.22,0.64,8.307400000000001,-14.236399999999998,12.1892,175,75
2026-05-07 18:38:33.741,4,-1.12,-0.21,0.66,10.1974,-11.186399999999999,13.2292,175,75
2026-05-07 18:38:33.773,4,-1.16,-0.22,0.64,8.8574,-22.5264,9.8792,175,75
2026-05-07 18:38:33.800,4,-1.18,-0.23,0.64,8.6774,-29.2364,7.379199999999999,175,75
2026-05-07 18:38:33.813,4,-1.25,-0.21,0.62,13.067400000000001,-13.386399999999998,10.4892,175,75
2026-05-07 18:38:33.841,4,-1.21,-0.28,0.65,8.4974,-7.586399999999998,12.1892,175,75
2026-05-07 18:38:33.869,4,-1.14,-0.3,0.71,2.2174000000000005,-12.7164,8.4092,175,75
2026-05-07 18:38:33.879,4,-1.16,-0.29,0.72,2.3974,-19.7864,5.789199999999999,175,75
2026-05-07 18:38:33.891,4,-1.14,-0.28,0.7,-0.2825999999999995,-24.3564,3.5991999999999997,175,75
2026-05-07 18:38:33.894,4,-1.15,-0.25,0.67,-0.8925999999999998,-26.4364,1.7691999999999997,175,75
2026-05-07 18:38:33.916,4,-1.16,-0.25,0.64,-0.1625999999999994,-28.016399999999997,-0.0007999999999999119,175,75
2026-05-07 18:38:33.941,4,-1.16,-0.23,0.62,2.6374000000000004,-24.726399999999998,0.9092000000000002,175,75
2026-05-07 18:38:33.963,4,-1.16,-0.23,0.62,4.1074,-23.016399999999997,1.7691999999999997,175,75
2026-05-07 18:38:33.963,4,-1.14,-0.24,0.61,3.8574,-22.406399999999998,1.7691999999999997,175,75
2026-05-07 18:38:33.988,4,-1.17,-0.25,0.61,4.167400000000001,-22.226399999999998,2.4391999999999996,175,75
2026-05-07 18:38:34.001,4,-1.18,-0.25,0.64,3.7374000000000005,-18.5064,2.6792,175,75
2026-05-07 18:38:34.012,4,-1.18,-0.23,0.67,3.9174,-20.6364,2.799200000000001,175,75
2026-05-07 18:38:34.029,4,-1.16,-0.21,0.65,4.5274,-24.906399999999998,1.0991999999999997,175,75
2026-05-07 18:38:34.064,4,-1.15,-0.21,0.6,5.1374,-24.2364,0.8491999999999997,175,75
2026-05-07 18:38:34.064,4,-1.17,-0.22,0.6,5.0174,-21.8564,1.6392000000000007,175,75
2026-05-07 18:38:34.086,4,-1.17,-0.22,0.65,3.8574,-18.1364,2.9192,175,75
2026-05-07 18:38:34.097,4,-1.15,-0.23,0.65,3.6174000000000004,-20.336399999999998,2.6191999999999993,175,75
2026-05-07 18:38:34.111,4,-1.16,-0.24,0.64,2.6974000000000005,-23.446399999999997,2.1891999999999996,175,75
2026-05-07 18:38:34.151,4,-1.15,-0.22,0.64,4.587400000000001,-24.2364,1.3392,175,75
2026-05-07 18:38:34.161,4,-1.17,-0.23,0.62,5.327400000000001,-25.6364,0.4892000000000003,175,75
2026-05-07 18:38:34.161,4,-1.19,-0.24,0.61,4.6574,-23.6864,0.4892000000000003,175,75
2026-05-07 18:38:34.174,4,-1.19,-0.23,0.62,4.6574,-19.726399999999998,0.9692000000000007,175,75
2026-05-07 18:38:34.191,4,-1.19,-0.23,0.63,5.0174,-19.2964,1.2192000000000007,175,75
2026-05-07 18:38:34.202,4,-1.18,-0.23,0.64,5.6874,-19.6664,0.8491999999999997,175,75
2026-05-07 18:38:34.213,4,-1.16,-0.23,0.64,4.587400000000001,-23.016399999999997,-0.49079999999999835,175,75
2026-05-07 18:38:34.224,4,-1.16,-0.22,0.63,5.2574000000000005,-24.5464,-1.1608,175,75
2026-05-07 18:38:34.243,4,-1.16,-0.23,0.6,4.587400000000001,-24.7864,-1.9507999999999992,175,75
2026-05-07 18:38:34.255,4,-1.17,-0.22,0.61,4.0474000000000006,-22.9564,-2.0108000000000015,175,75
2026-05-07 18:38:34.264,4,-1.18,-0.23,0.64,3.1274000000000006,-20.946399999999997,-1.7108000000000008,175,75
2026-05-07 18:38:34.291,4,-1.17,-0.21,0.65,2.6974000000000005,-22.1064,-2.8107999999999986,175,75
2026-05-07 18:38:34.291,4,-1.17,-0.22,0.64,2.6974000000000005,-24.5464,-3.8407999999999998,175,75
2026-05-07 18:38:34.304,4,-1.19,-0.22,0.62,3.3074000000000003,-24.5464,-3.6608,175,75
2026-05-07 18:38:34.314,4,-1.2,-0.21,0.63,2.2774000000000005,-22.3464,-3.8407999999999998,175,75
2026-05-07 18:38:34.342,4,-1.21,-0.2,0.65,3.4374000000000002,-20.5764,-3.9007999999999985,175,75
2026-05-07 18:38:34.355,4,-1.22,-0.21,0.67,4.2274,-21.9164,-4.2707999999999995,175,75
2026-05-07 18:38:34.375,4,-1.19,-0.2,0.68,4.7774,-27.656399999999998,-5.9808,175,75
2026-05-07 18:38:34.387,4,-1.2,-0.2,0.65,4.7774,-31.7964,-7.1408000000000005,175,75
2026-05-07 18:38:34.415,4,-1.22,-0.2,0.62,7.157400000000001,-22.836399999999998,-3.780800000000001,175,75
2026-05-07 18:38:34.439,4,-1.24,-0.23,0.66,7.2174000000000005,-21.1864,-1.8908000000000005,175,75
2026-05-07 18:38:34.451,4,-1.2,-0.24,0.65,6.0574,-21.7964,-1.4007999999999985,175,75
2026-05-07 18:38:34.451,4,-1.22,-0.24,0.65,4.7174000000000005,-24.4164,-1.3407999999999998,175,75
2026-05-07 18:38:34.463,4,-1.2,-0.21,0.64,5.5674,-17.5264,0.6692,175,75
2026-05-07 18:38:34.492,4,-1.14,-0.22,0.63,5.747400000000001,-19.906399999999998,0.6091999999999995,175,75
2026-05-07 18:38:34.492,4,-1.15,-0.22,0.62,5.6874,-21.2464,0.2392000000000003,175,75
2026-05-07 18:38:34.509,4,-1.16,-0.22,0.63,4.837400000000001,-19.7864,-0.2507999999999999,175,75
2026-05-07 18:38:34.517,4,-1.16,-0.23,0.63,4.287400000000001,-19.3564,-0.9208000000000016,175,75
2026-05-07 18:38:34.532,4,-1.17,-0.24,0.64,3.6774000000000004,-20.696399999999997,-2.200799999999999,175,75
2026-05-07 18:38:34.562,4,-1.18,-0.26,0.64,2.6974000000000005,-18.626399999999997,-2.690800000000001,175,75
2026-05-07 18:38:34.573,4,-1.18,-0.25,0.64,2.5774000000000004,-17.7764,-2.9307999999999996,175,75
2026-05-07 18:38:34.585,4,-1.16,-0.25,0.64,1.8474000000000004,-19.1164,-4.1507999999999985,175,75
2026-05-07 18:38:34.593,4,-1.16,-0.25,0.63,1.1774000000000004,-21.9164,-5.550800000000001,175,75
2026-05-07 18:38:34.611,4,-1.18,-0.24,0.64,0.3874000000000004,-20.2764,-6.040799999999999,175,75
2026-05-07 18:38:34.633,4,-1.18,-0.22,0.66,0.4474,-19.2964,-6.530800000000001,175,75
2026-05-07 18:38:34.652,4,-1.19,-0.23,0.63,1.4174000000000002,-24.0564,-7.620800000000001,175,75
2026-05-07 18:38:34.652,4,-1.2,-0.22,0.62,1.5474000000000006,-20.5764,-7.0108000000000015,175,75
2026-05-07 18:38:34.683,4,-1.18,-0.22,0.64,2.2174000000000005,-18.2564,-5.9808,175,75
2026-05-07 18:38:34.688,4,-1.19,-0.22,0.65,2.5174000000000003,-21.0064,-6.470799999999999,175,75
2026-05-07 18:38:34.713,4,-1.2,-0.22,0.65,2.0874000000000006,-19.476399999999998,-5.800800000000001,175,75
2026-05-07 18:38:34.724,4,-1.19,-0.22,0.66,4.4074,-19.3564,-4.940800000000001,175,75
2026-05-07 18:38:34.749,4,-1.19,-0.22,0.65,3.7374000000000005,-20.946399999999997,-4.5108000000000015,175,75
2026-05-07 18:38:34.761,4,-1.18,-0.21,0.64,4.1074,-19.1164,-3.9707999999999988,175,75
2026-05-07 18:38:34.773,4,-1.18,-0.21,0.65,5.2574000000000005,-17.4664,-3.1107999999999993,175,75
2026-05-07 18:38:34.773,4,-1.18,-0.23,0.66,5.1974,-17.406399999999998,-2.7508,175,75
2026-05-07 18:38:34.784,4,-1.17,-0.23,0.66,5.5074000000000005,-19.5464,-2.9307999999999996,175,75
2026-05-07 18:38:34.795,4,-1.16,-0.23,0.66,5.327400000000001,-21.7964,-3.540799999999999,175,75
2026-05-07 18:38:34.811,4,-1.16,-0.22,0.64,5.997400000000001,-23.3864,-4.330800000000002,175,75
2026-05-07 18:38:34.816,4,-1.17,-0.22,0.63,6.3574,-23.5064,-4.210800000000001,175,75
2026-05-07 18:38:34.829,4,-1.21,-0.2,0.64,7.2174000000000005,-20.3964,-2.380799999999999,175,75
2026-05-07 18:38:34.840,4,-1.13,-0.18,0.65,10.807400000000001,-14.236399999999998,-2.9907999999999983,175,75
2026-05-07 18:38:34.854,4,-1.11,-0.26,0.64,9.287400000000002,-28.566399999999998,-6.280800000000001,175,75
2026-05-07 18:38:34.870,4,-1.2,-0.23,0.64,11.2974,-19.476399999999998,-4.5108000000000015,175,75
2026-05-07 18:38:34.882,4,-1.18,-0.23,0.63,8.4974,-29.2964,-5.860799999999999,175,75
2026-05-07 18:38:34.894,4,-1.18,-0.18,0.64,14.1674,-11.066399999999998,-3.3607999999999993,175,75
2026-05-07 18:38:34.936,4,-1.24,-0.25,0.61,7.0274,-5.336399999999998,-1.4707999999999988,175,75
2026-05-07 18:38:34.944,4,-1.17,-0.24,0.63,5.077400000000001,0.5836000000000006,-0.06080000000000041,175,75
2026-05-07 18:38:34.956,4,-1.16,-0.23,0.66,5.997400000000001,-2.656399999999998,-0.4307999999999996,175,75
2026-05-07 18:38:34.983,4,-1.17,-0.24,0.68,5.2574000000000005,-11.976399999999998,-2.8107999999999986,175,75
2026-05-07 18:38:34.994,4,-1.2,-0.24,0.68,6.0574,-10.336399999999998,-2.1408000000000005,175,75
2026-05-07 18:38:35.004,4,-1.21,-0.24,0.69,7.2774,-5.886399999999998,-0.7308000000000003,175,75
2026-05-07 18:38:35.008,4,-1.19,-0.23,0.68,9.2274,-4.296399999999998,-0.6107999999999993,175,75
2026-05-07 18:38:35.040,4,-1.16,-0.25,0.65,12.397400000000001,-10.7564,-1.9507999999999992,175,75
2026-05-07 18:38:35.049,4,-1.17,-0.24,0.67,13.307400000000001,-9.6664,-1.530800000000001,175,75
2026-05-07 18:38:35.057,4,-1.16,-0.22,0.67,15.2574,-9.476399999999998,-1.4007999999999985,175,75
2026-05-07 18:38:35.071,4,-1.15,-0.23,0.65,17.157400000000003,-15.5764,-2.3208,175,75
2026-05-07 18:38:35.088,4,-1.17,-0.23,0.64,18.2474,-16.0064,-2.3208,175,75
2026-05-07 18:38:35.099,4,-1.19,-0.22,0.65,19.587400000000002,-12.836399999999998,-1.040799999999999,175,75
2026-05-07 18:38:35.111,4,-1.2,-0.21,0.66,20.017400000000002,-11.246399999999998,0.7891999999999992,175,75
2026-05-07 18:38:35.111,4,-1.2,-0.21,0.67,21.5474,-7.226399999999998,1.6392000000000007,175,75
2026-05-07 18:38:35.150,4,-1.19,-0.23,0.64,23.6174,-12.526399999999999,0.4192,175,75
2026-05-07 18:38:35.161,4,-1.21,-0.23,0.64,22.947400000000002,-8.0764,1.1592000000000002,175,75
2026-05-07 18:38:35.170,4,-1.19,-0.22,0.64,23.2474,-3.8064,2.129199999999999,175,75
2026-05-07 18:38:35.191,4,-1.17,-0.23,0.65,24.0474,-5.5764,1.5191999999999997,175,75
2026-05-07 18:38:35.202,4,-1.17,-0.25,0.65,25.197400000000002,-5.8264,1.0291999999999994,175,75
2026-05-07 18:38:35.219,4,-1.18,-0.29,0.7,24.0474,-2.106399999999997,0.6091999999999995,175,75
2026-05-07 18:38:35.232,4,-1.16,-0.29,0.72,22.5774,-3.5063999999999993,-0.1208000000000009,175,75
2026-05-07 18:38:35.267,4,-1.13,-0.27,0.72,23.7374,-6.006399999999999,-2.870800000000001,175,75
2026-05-07 18:38:35.267,4,-1.11,-0.27,0.72,23.4974,-8.686399999999999,-3.6008000000000013,175,75
2026-05-07 18:38:35.282,4,-1.09,-0.27,0.7,22.947400000000002,-13.0764,-4.8208,175,75
2026-05-07 18:38:35.296,4,-1.09,-0.27,0.69,21.1774,-17.1064,-6.280800000000001,175,75
2026-05-07 18:38:35.296,4,-1.13,-0.27,0.68,20.197400000000002,-17.406399999999998,-6.040799999999999,175,75
2026-05-07 18:38:35.306,4,-1.15,-0.26,0.67,18.7974,-13.386399999999998,-6.530800000000001,175,75
2026-05-07 18:38:35.326,4,-1.12,-0.24,0.68,20.7474,-8.136399999999998,-4.3908000000000005,175,75
2026-05-07 18:38:35.349,4,-1.14,-0.28,0.71,18.6774,-9.296399999999998,-3.6008000000000013,175,75
2026-05-07 18:38:35.360,4,-1.14,-0.28,0.7,18.2474,-8.566399999999998,-3.7207999999999988,175,75
2026-05-07 18:38:35.375,4,-1.15,-0.27,0.72,20.5674,-8.996399999999998,-3.4808000000000003,175,75
2026-05-07 18:38:35.387,4,-1.15,-0.27,0.72,20.9374,-8.016399999999997,-4.580800000000002,175,75
2026-05-07 18:38:35.397,4,-1.17,-0.27,0.72,22.697400000000002,-2.1663999999999994,-3.6608,175,75
2026-05-07 18:38:35.409,4,-1.16,-0.27,0.75,25.1374,0.5236000000000018,-3.8407999999999998,175,75
2026-05-07 18:38:35.419,4,-1.18,-0.28,0.77,27.2174,-0.8263999999999996,-4.210800000000001,175,75
2026-05-07 18:38:35.431,4,-1.12,-0.27,0.7,22.8874,-11.496399999999998,-6.040799999999999,175,75
2026-05-07 18:38:35.447,4,-1.15,-0.27,0.7,23.4374,-17.836399999999998,-7.560799999999999,175,75
2026-05-07 18:38:35.447,4,-1.21,-0.28,0.69,25.5074,-10.156399999999998,-5.190800000000001,175,75
2026-05-07 18:38:35.458,4,-1.22,-0.27,0.71,23.5574,-0.8263999999999996,-2.9907999999999983,175,75
2026-05-07 18:38:35.470,4,-1.17,-0.24,0.73,22.6374,4.243600000000001,-2.620800000000001,175,75
2026-05-07 18:38:35.478,4,-1.13,-0.25,0.72,24.3474,1.9236000000000004,-2.440800000000001,175,75
2026-05-07 18:38:35.484,4,-1.16,-0.28,0.73,23.5574,-3.1363999999999983,-2.200799999999999,175,75
2026-05-07 18:38:35.506,4,-1.22,-0.28,0.76,21.9674,0.9436,-0.2507999999999999,175,75
2026-05-07 18:38:35.531,4,-1.18,-0.24,0.76,15.1374,-10.5764,-0.1908000000000012,175,75
2026-05-07 18:38:35.552,4,-1.16,-0.24,0.77,12.9474,-7.046399999999998,-0.2507999999999999,175,75
2026-05-07 18:38:35.552,4,-1.12,-0.24,0.76,10.5674,-12.7164,-2.8107999999999986,175,75
2026-05-07 18:38:35.566,4,-1.06,-0.2,0.77,9.1074,-17.5264,-4.330800000000002,175,75
2026-05-07 18:38:35.577,4,-1.13,-0.18,0.76,8.4374,-29.906399999999998,-7.200799999999999,175,75
2026-05-07 18:38:35.608,4,-1.15,-0.26,0.72,9.9574,-10.636399999999998,-2.7508,175,75
2026-05-07 18:38:35.634,4,-1.27,-0.35,0.73,5.8074,-3.196399999999997,-0.6107999999999993,175,75
2026-05-07 18:38:35.648,4,-1.21,-0.38,0.82,-1.1425999999999998,-0.6363999999999983,2.0692000000000004,175,75
2026-05-07 18:38:35.670,4,-1.13,-0.35,0.83,0.017400000000000304,-4.416399999999999,2.4391999999999996,175,75
2026-05-07 18:38:35.685,4,-1.11,-0.33,0.84,-0.6525999999999996,-13.0764,1.5191999999999997,175,75
2026-05-07 18:38:35.721,4,-1.09,-0.21,0.72,-3.522599999999999,-49.9664,-5.610799999999999,175,75
2026-05-07 18:38:35.747,4,-1.16,-0.24,0.72,3.4374000000000002,-23.5064,-1.040799999999999,175,75
2026-05-07 18:38:35.771,4,-1.17,-0.26,0.8,5.8674,-32.5864,-3.780800000000001,175,75
2026-05-07 18:38:35.781,4,-1.17,-0.28,0.79,4.5274,-44.1164,-6.470799999999999,175,75
2026-05-07 18:38:35.793,4,-1.17,-0.28,0.77,3.0674,-54.7864,-9.0908,175,75
2026-05-07 18:38:35.806,4,-1.17,-0.27,0.72,1.6674000000000002,-61.246399999999994,-10.8008,175,75
2026-05-07 18:38:35.808,4,-1.21,-0.26,0.67,1.2374000000000005,-59.8464,-9.8208,175,75
2026-05-07 18:38:35.813,4,-1.21,-0.25,0.64,1.6674000000000002,-49.2364,-7.5008,175,75
2026-05-07 18:38:35.857,4,-1.17,-0.26,0.72,4.0474000000000006,-33.8664,-3.6008000000000013,175,75
2026-05-07 18:38:35.868,4,-1.14,-0.27,0.72,0.7474000000000003,-42.8364,-6.280800000000001,175,75
2026-05-07 18:38:35.901,4,-1.18,-0.25,0.69,4.1074,-35.6964,-4.330800000000002,175,75
2026-05-07 18:38:35.916,4,-1.16,-0.27,0.7,6.0574,-26.976399999999998,-2.9907999999999983,175,75
2026-05-07 18:38:35.926,4,-1.13,-0.29,0.73,8.3674,-20.6364,-1.4707999999999988,175,75
2026-05-07 18:38:35.926,4,-1.12,-0.3,0.76,8.9774,-19.1764,-2.200799999999999,175,75
2026-05-07 18:38:35.995,4,-1.14,-0.3,0.78,8.1274,-42.8364,-6.8908000000000005,175,75
2026-05-07 18:38:36.010,4,-1.17,-0.31,0.77,8.3674,-39.7264,-5.4308,175,75
2026-05-07 18:38:36.028,4,-1.14,-0.32,0.81,7.3974,-35.7564,-5.9808,175,75
2026-05-07 18:38:36.041,4,-1.14,-0.31,0.81,6.2974000000000006,-40.5164,-7.620800000000001,175,75
2026-05-07 18:38:36.053,4,-1.13,-0.32,0.83,8.0074,-42.8964,-9.030800000000001,175,75
2026-05-07 18:38:36.053,4,-1.09,-0.33,0.82,9.287400000000002,-49.1164,-11.220799999999999,175,75
2026-05-07 18:38:36.080,4,-1.14,-0.28,0.81,9.1674,-62.4664,-12.2008,175,75
2026-05-07 18:38:36.080,4,-1.11,-0.32,0.77,9.1674,-51.246399999999994,-13.3608,175,75
2026-05-07 18:38:36.085,4,-1.1,-0.3,0.73,8.067400000000001,-52.4664,-12.9308,175,75
2026-05-07 18:38:36.099,4,-1.14,-0.29,0.76,11.7274,-44.5464,-9.940800000000001,175,75
2026-05-07 18:38:36.121,4,-1.13,-0.33,0.8,9.2274,-38.0764,-8.3608,175,75
2026-05-07 18:38:36.121,4,-1.13,-0.3,0.82,8.9174,-38.9964,-7.560799999999999,175,75
2026-05-07 18:38:36.139,4,-1.13,-0.29,0.79,10.0174,-37.9564,-7.440800000000001,175,75
2026-05-07 18:38:36.150,4,-1.15,-0.29,0.79,10.807400000000001,-35.3364,-5.670800000000002,175,75
2026-05-07 18:38:36.162,4,-1.16,-0.29,0.81,12.7574,-29.1164,-2.9907999999999983,175,75
2026-05-07 18:38:36.172,4,-1.16,-0.31,0.84,12.6374,-26.066399999999998,-1.7707999999999995,175,75
2026-05-07 18:38:36.182,4,-1.14,-0.32,0.87,12.4574,-28.6264,-2.5008,175,75
2026-05-07 18:38:36.182,4,-1.12,-0.32,0.88,11.5474,-38.0764,-5.370800000000001,175,75
2026-05-07 18:38:36.193,4,-1.16,-0.3,0.87,11.967400000000001,-47.166399999999996,-7.9308,175,75
2026-05-07 18:38:36.205,4,-1.18,-0.29,0.84,12.157399999999999,-47.8364,-8.8408,175,75
2026-05-07 18:38:36.218,4,-1.17,-0.28,0.82,12.5174,-43.8064,-8.2308,175,75
2026-05-07 18:38:36.230,4,-1.14,-0.25,0.85,13.6174,-33.1964,-5.120800000000001,175,75
2026-05-07 18:38:36.244,4,-1.17,-0.28,0.84,13.4374,-33.3264,-5.2508,175,75
2026-05-07 18:38:36.255,4,-1.17,-0.31,0.86,11.8474,-42.4664,-6.950799999999999,175,75
2026-05-07 18:38:36.278,4,-1.16,-0.28,0.85,10.4474,-45.5764,-8.170800000000002,175,75
2026-05-07 18:38:36.289,4,-1.17,-0.27,0.85,12.397400000000001,-44.416399999999996,-8.900799999999998,175,75
2026-05-07 18:38:36.302,4,-1.08,-0.21,0.9,15.8674,-37.8964,-6.6507999999999985,175,75
2026-05-07 18:38:36.337,4,-1.2,-0.35,0.8,10.627400000000002,-35.3364,-3.6608,175,75
2026-05-07 18:38:36.346,4,-1.17,-0.28,0.84,11.6674,-37.1064,-2.9907999999999983,175,75
2026-05-07 18:38:36.359,4,-1.19,-0.29,0.86,14.2874,-36.2464,-3.8407999999999998,175,75
2026-05-07 18:38:36.379,4,-1.21,-0.28,0.87,10.807400000000001,-33.7464,-6.100800000000001,175,75
2026-05-07 18:38:36.391,4,-1.22,-0.31,0.86,10.3274,-30.0264,-5.060799999999999,175,75
2026-05-07 18:38:36.395,4,-1.2,-0.32,0.87,9.9574,-26.5564,-2.8107999999999986,175,75
2026-05-07 18:38:36.406,4,-1.18,-0.3,0.87,10.0774,-24.906399999999998,-1.280800000000001,175,75
2026-05-07 18:38:36.423,4,-1.15,-0.29,0.87,10.5674,-25.156399999999998,-0.1908000000000012,175,75
2026-05-07 18:38:36.433,4,-1.14,-0.29,0.89,10.9974,-25.4564,0.7891999999999992,175,75
2026-05-07 18:38:36.433,4,-1.15,-0.3,0.89,10.0774,-26.1864,-0.31079999999999863,175,75
2026-05-07 18:38:36.466,4,-1.15,-0.31,0.88,9.0474,-31.5564,-2.380799999999999,175,75
2026-05-07 18:38:36.477,4,-1.16,-0.33,0.88,10.9374,-29.9664,-1.9507999999999992,175,75
2026-05-07 18:38:36.494,4,-1.15,-0.33,0.89,11.7274,-21.4364,-1.1008000000000013,175,75
2026-05-07 18:38:36.505,4,-1.15,-0.32,0.92,12.4574,-23.016399999999997,-1.1008000000000013,175,75
2026-05-07 18:38:36.522,4,-1.16,-0.33,0.93,12.7574,-25.516399999999997,-2.0108000000000015,175,75
2026-05-07 18:38:36.532,4,-1.13,-0.32,0.91,11.8474,-30.336399999999998,-3.7207999999999988,175,75
2026-05-07 18:38:36.548,4,-1.13,-0.31,0.9,11.3574,-32.346399999999996,-4.580800000000002,175,75
2026-05-07 18:38:36.559,4,-1.15,-0.28,0.89,10.9974,-31.5564,-3.3607999999999993,175,75
2026-05-07 18:38:36.571,4,-1.15,-0.26,0.88,10.3874,-29.726399999999998,-2.7508,175,75
2026-05-07 18:38:36.573,4,-1.15,-0.28,0.88,9.1674,-27.226399999999998,-3.540799999999999,175,75
2026-05-07 18:38:36.589,4,-1.18,-0.31,0.88,8.6174,-25.086399999999998,-3.8407999999999998,175,75
2026-05-07 18:38:36.601,4,-1.21,-0.32,0.92,8.7974,-19.9664,-2.3208,175,75
2026-05-07 18:38:36.612,4,-1.2,-0.33,0.93,8.737400000000001,-19.2964,-2.0108000000000015,175,75
2026-05-07 18:38:36.624,4,-1.18,-0.33,0.93,9.407399999999999,-20.946399999999997,-2.2608000000000015,175,75
2026-05-07 18:38:36.635,4,-1.15,-0.31,0.91,9.407399999999999,-22.5264,-2.5607999999999986,175,75
2026-05-07 18:38:36.662,4,-1.17,-0.28,0.91,5.3874,-21.066399999999998,-4.030800000000001,175,75
2026-05-07 18:38:36.679,4,-1.19,-0.29,0.93,4.6574,-19.1164,-3.6608,175,75
2026-05-07 18:38:36.694,4,-1.18,-0.3,0.94,4.7174000000000005,-19.6064,-3.4208000000000016,175,75
2026-05-07 18:38:36.694,4,-1.16,-0.3,0.95,5.1974,-19.1764,-2.870800000000001,175,75
2026-05-07 18:38:36.708,4,-1.14,-0.3,0.93,6.907400000000001,-17.406399999999998,-3.8407999999999998,175,75
2026-05-07 18:38:36.718,4,-1.13,-0.27,0.95,8.4974,-15.636399999999998,-1.530800000000001,175,75
2026-05-07 18:38:36.728,4,-1.15,-0.29,0.94,9.1074,-20.2764,-5.550800000000001,175,75
2026-05-07 18:38:36.742,4,-1.21,-0.31,0.91,7.2174000000000005,-25.946399999999997,-6.4007999999999985,175,75
2026-05-07 18:38:36.754,4,-1.23,-0.33,0.91,6.7274,-23.0764,-4.700799999999999,175,75
2026-05-07 18:38:36.766,4,-1.2,-0.31,0.92,5.747400000000001,-17.3464,-2.440800000000001,175,75
2026-05-07 18:38:36.802,4,-1.18,-0.31,0.94,3.9174,-18.196399999999997,-2.7508,175,75
2026-05-07 18:38:36.814,4,-1.16,-0.31,0.93,3.3674000000000004,-21.126399999999997,-4.700799999999999,175,75
2026-05-07 18:38:36.825,4,-1.17,-0.31,0.92,3.1874000000000002,-24.4164,-5.550800000000001,175,75
2026-05-07 18:38:36.870,4,-1.12,-0.3,0.92,4.287400000000001,-19.2964,-0.9208000000000016,175,75
2026-05-07 18:38:36.881,4,-1.12,-0.31,0.91,5.9374,-24.5464,-1.6507999999999985,175,75
2026-05-07 18:38:36.910,4,-1.14,-0.31,0.9,6.4774,-27.0464,-1.8308000000000018,175,75
2026-05-07 18:38:36.926,4,-1.17,-0.31,0.9,6.7274,-25.946399999999997,-1.9507999999999992,175,75
2026-05-07 18:38:36.972,4,-1.17,-0.32,0.93,8.9774,-23.3264,-1.8908000000000005,175,75
2026-05-07 18:38:36.985,4,-1.17,-0.31,0.94,8.557400000000001,-21.2464,-1.280800000000001,175,75
2026-05-07 18:38:36.985,4,-1.13,-0.31,0.93,7.9474,-23.2564,-2.0808000000000018,175,75
2026-05-07 18:38:37.003,4,-1.14,-0.31,0.92,8.4974,-23.8064,-2.0808000000000018,175,75
2026-05-07 18:38:37.021,4,-1.17,-0.31,0.95,6.2974000000000006,-21.066399999999998,-1.9507999999999992,175,75
2026-05-07 18:38:37.033,4,-1.17,-0.32,0.95,5.997400000000001,-20.336399999999998,-1.3407999999999998,175,75
2026-05-07 18:38:37.060,4,-1.17,-0.31,0.96,7.3974,-24.5464,-1.4007999999999985,175,75
2026-05-07 18:38:37.073,4,-1.19,-0.31,0.95,7.4574,-24.906399999999998,-1.7707999999999995,175,75
2026-05-07 18:38:37.092,4,-1.15,-0.3,0.94,8.0074,-26.0064,-1.8908000000000005,175,75
2026-05-07 18:38:37.118,4,-1.17,-0.31,0.94,9.467400000000001,-19.476399999999998,-0.06080000000000041,175,75
2026-05-07 18:38:37.129,4,-1.17,-0.31,0.95,9.467400000000001,-19.236399999999996,0.1191999999999993,175,75
2026-05-07 18:38:37.159,4,-1.17,-0.29,0.93,10.5674,-23.6864,-0.6708000000000016,175,75
2026-05-07 18:38:37.189,4,-1.19,-0.27,0.91,8.557400000000001,-19.236399999999996,0.4892000000000003,175,75
2026-05-07 18:38:37.213,4,-1.2,-0.29,0.92,8.0074,-16.0064,0.9692000000000007,175,75
2026-05-07 18:38:37.213,4,-1.19,-0.31,0.93,7.6974,-14.606399999999999,1.0291999999999994,175,75
2026-05-07 18:38:37.236,4,-1.19,-0.31,0.96,6.7274,-17.1664,-0.1208000000000009,175,75
2026-05-07 18:38:37.259,4,-1.18,-0.32,0.97,5.077400000000001,-20.2764,-1.7707999999999995,175,75
2026-05-07 18:38:37.271,4,-1.19,-0.32,0.97,4.6574,-19.8464,-1.8908000000000005,175,75
2026-05-07 18:38:37.285,4,-1.18,-0.31,0.97,3.8574,-19.726399999999998,-2.2608000000000015,175,75
2026-05-07 18:38:37.285,4,-1.18,-0.3,0.97,3.4374000000000002,-20.7564,-1.8908000000000005,175,75
2026-05-07 18:38:37.305,4,-1.18,-0.31,0.97,3.4974000000000003,-19.5464,-1.7108000000000008,175,75
2026-05-07 18:38:37.330,4,-1.16,-0.32,0.98,3.8574,-19.4164,-3.0508000000000006,175,75
2026-05-07 18:38:37.340,4,-1.16,-0.32,0.97,3.6174000000000004,-21.8564,-3.7207999999999988,175,75
2026-05-07 18:38:37.351,4,-1.17,-0.32,0.96,4.0474000000000006,-22.8964,-4.450799999999999,175,75
2026-05-07 18:38:37.355,4,-1.18,-0.31,0.96,4.1074,-20.516399999999997,-3.2308000000000003,175,75
2026-05-07 18:38:37.369,4,-1.16,-0.31,0.96,4.287400000000001,-17.9564,-2.0808000000000018,175,75
2026-05-07 18:38:37.395,4,-1.16,-0.31,0.95,5.077400000000001,-20.7564,-2.5607999999999986,175,75
2026-05-07 18:38:37.407,4,-1.17,-0.29,0.95,5.4474,-22.4664,-3.4808000000000003,175,75
2026-05-07 18:38:37.422,4,-1.18,-0.3,0.93,5.077400000000001,-19.8464,-2.8107999999999986,175,75
2026-05-07 18:38:37.435,4,-1.19,-0.3,0.94,5.077400000000001,-16.126399999999997,-1.6507999999999985,175,75
2026-05-07 18:38:37.445,4,-1.19,-0.31,0.96,5.5074000000000005,-13.446399999999997,-0.6708000000000016,175,75
2026-05-07 18:38:37.483,4,-1.19,-0.3,0.95,4.8974,-21.4964,-2.9307999999999996,175,75
2026-05-07 18:38:37.487,4,-1.19,-0.3,0.94,4.4074,-21.066399999999998,-2.870800000000001,175,75
2026-05-07 18:38:37.509,4,-1.19,-0.3,0.96,4.2274,-16.7964,-1.4007999999999985,175,75
2026-05-07 18:38:37.523,4,-1.18,-0.3,0.96,3.7374000000000005,-18.9364,-2.380799999999999,175,75
2026-05-07 18:38:37.563,4,-1.18,-0.31,0.94,3.7974000000000006,-18.8664,-3.2308000000000003,175,75
2026-05-07 18:38:37.578,4,-1.18,-0.31,0.97,4.0474000000000006,-12.106399999999997,-0.2507999999999999,175,75
2026-05-07 18:38:37.602,4,-1.14,-0.3,0.95,4.7774,-19.4164,-1.7108000000000008,175,75
2026-05-07 18:38:37.617,4,-1.15,-0.3,0.94,4.8974,-21.066399999999998,-1.5907999999999998,175,75
2026-05-07 18:38:37.631,4,-1.18,-0.28,0.94,4.5274,-19.2964,-0.8607999999999993,175,75
2026-05-07 18:38:37.642,4,-1.19,-0.28,0.95,3.9174,-17.7164,-0.4307999999999996,175,75
2026-05-07 18:38:37.668,4,-1.2,-0.3,0.95,3.6174000000000004,-19.1764,-1.3407999999999998,175,75
2026-05-07 18:38:37.692,4,-1.19,-0.3,0.96,3.7374000000000005,-18.5064,-0.9808000000000003,175,75
2026-05-07 18:38:37.692,4,-1.19,-0.31,0.94,3.8574,-17.226399999999998,-0.6107999999999993,175,75
2026-05-07 18:38:37.716,4,-1.18,-0.31,0.95,3.0074000000000005,-17.7164,-1.2207999999999988,175,75
2026-05-07 18:38:37.745,4,-1.16,-0.3,0.94,2.6374000000000004,-19.9664,-1.9507999999999992,175,75
2026-05-07 18:38:37.770,4,-1.17,-0.31,0.95,3.4374000000000002,-19.3564,-1.4707999999999988,175,75
2026-05-07 18:38:37.772,4,-1.17,-0.31,0.94,3.9774000000000003,-20.696399999999997,-2.0808000000000018,175,75
2026-05-07 18:38:37.790,4,-1.17,-0.3,0.94,3.7974000000000006,-21.0064,-1.530800000000001,175,75
2026-05-07 18:38:37.800,4,-1.17,-0.29,0.94,4.1074,-18.806399999999996,-0.49079999999999835,175,75
2026-05-07 18:38:37.826,4,-1.17,-0.29,0.93,4.7174000000000005,-17.5264,0.2992000000000008,175,75
2026-05-07 18:38:37.826,4,-1.18,-0.29,0.93,5.0174,-17.7764,0.3591999999999995,175,75
2026-05-07 18:38:37.835,4,-1.18,-0.3,0.93,4.6574,-17.406399999999998,-0.0007999999999999119,175,75
2026-05-07 18:38:37.854,4,-1.2,-0.29,0.94,4.287400000000001,-14.966399999999998,0.9692000000000007,175,75
2026-05-07 18:38:37.869,4,-1.19,-0.3,0.95,4.167400000000001,-15.026399999999999,0.7891999999999992,175,75
2026-05-07 18:38:37.904,4,-1.19,-0.3,0.95,4.8974,-17.5264,0.059200000000000585,175,75
2026-05-07 18:38:37.916,4,-1.19,-0.31,0.96,4.6574,-16.7964,0.2392000000000003,175,75
2026-05-07 18:38:37.930,4,-1.18,-0.31,0.96,4.957400000000001,-17.656399999999998,-0.06080000000000041,175,75
2026-05-07 18:38:37.938,4,-1.18,-0.3,0.97,5.2574000000000005,-18.2564,-0.1908000000000012,175,75
2026-05-07 18:38:37.947,4,-1.17,-0.3,0.96,5.1974,-19.1164,-0.4307999999999996,175,75
2026-05-07 18:38:37.958,4,-1.17,-0.3,0.94,5.1374,-20.5764,-0.6107999999999993,175,75
2026-05-07 18:38:37.983,4,-1.18,-0.3,0.94,4.957400000000001,-17.226399999999998,-0.31079999999999863,175,75
2026-05-07 18:38:37.997,4,-1.19,-0.3,0.95,4.837400000000001,-17.4664,-0.1208000000000009,175,75
2026-05-07 18:38:38.011,4,-1.18,-0.3,0.94,5.1374,-18.7464,-0.06080000000000041,175,75
2026-05-07 18:38:38.023,4,-1.18,-0.3,0.93,5.327400000000001,-20.156399999999998,-0.5508000000000006,175,75
2026-05-07 18:38:38.036,4,-1.19,-0.3,0.93,4.8974,-18.9964,-0.5508000000000006,175,75
2026-05-07 18:38:38.049,4,-1.2,-0.3,0.94,4.4074,-15.3364,-0.1208000000000009,175,75
2026-05-07 18:38:38.094,4,-1.2,-0.29,0.96,4.3474,-18.5064,-1.6507999999999985,175,75
2026-05-07 18:38:38.108,4,-1.19,-0.29,0.95,3.9174,-19.236399999999996,-1.280800000000001,175,75
2026-05-07 18:38:38.108,4,-1.19,-0.31,0.95,3.7974000000000006,-18.566399999999998,-0.7308000000000003,175,75
2026-05-07 18:38:38.119,4,-1.19,-0.3,0.95,3.1274000000000006,-17.656399999999998,-0.8607999999999993,175,75
2026-05-07 18:38:38.139,4,-1.18,-0.31,0.96,3.0674,-17.836399999999998,-1.1008000000000013,175,75
2026-05-07 18:38:38.149,4,-1.19,-0.31,0.96,2.6374000000000004,-18.6864,-1.8308000000000018,175,75
2026-05-07 18:38:38.157,4,-1.18,-0.31,0.95,3.1274000000000006,-19.6664,-2.5008,175,75
2026-05-07 18:38:38.163,4,-1.19,-0.3,0.96,3.6174000000000004,-18.566399999999998,-2.5607999999999986,175,75
2026-05-07 18:38:38.177,4,-1.18,-0.3,0.96,3.1874000000000002,-17.836399999999998,-2.9907999999999983,175,75
2026-05-07 18:38:38.191,4,-1.18,-0.3,0.96,3.4374000000000002,-19.7864,-3.540799999999999,175,75
2026-05-07 18:38:38.210,4,-1.19,-0.3,0.95,3.8574,-20.2764,-3.4808000000000003,175,75
2026-05-07 18:38:38.210,4,-1.18,-0.3,0.94,3.5574000000000003,-18.2564,-2.9307999999999996,175,75
2026-05-07 18:38:38.232,4,-1.19,-0.3,0.94,4.167400000000001,-16.8564,-2.200799999999999,175,75
2026-05-07 18:38:38.247,4,-1.2,-0.3,0.94,4.0474000000000006,-17.586399999999998,-2.620800000000001,175,75
2026-05-07 18:38:38.247,4,-1.2,-0.29,0.95,3.9174,-18.2564,-2.3208,175,75
2026-05-07 18:38:38.267,4,-1.19,-0.29,0.94,4.5274,-18.7464,-2.3208,175,75
2026-05-07 18:38:38.293,4,-1.2,-0.28,0.94,5.5674,-16.9164,-1.4007999999999985,175,75
2026-05-07 18:38:38.304,4,-1.2,-0.29,0.94,4.7774,-18.1364,-1.8908000000000005,175,75
2026-05-07 18:38:38.316,4,-1.21,-0.29,0.96,4.6574,-18.0764,-2.3208,175,75
2026-05-07 18:38:38.327,4,-1.21,-0.29,0.96,3.7974000000000006,-18.3864,-2.5008,175,75
2026-05-07 18:38:38.335,4,-1.21,-0.29,0.96,3.8574,-18.2564,-2.9307999999999996,175,75
2026-05-07 18:38:38.350,4,-1.22,-0.3,0.96,3.9174,-18.0764,-2.690800000000001,175,75
2026-05-07 18:38:38.358,4,-1.2,-0.3,0.96,3.9174,-15.516399999999999,-1.7108000000000008,175,75
2026-05-07 18:38:38.384,4,-1.18,-0.29,0.95,4.7174000000000005,-21.4364,-2.620800000000001,175,75
2026-05-07 18:38:38.398,4,-1.19,-0.28,0.93,4.7174000000000005,-20.3964,-2.0808000000000018,175,75
2026-05-07 18:38:38.407,4,-1.2,-0.28,0.92,5.1374,-18.3264,-1.530800000000001,175,75
2026-05-07 18:38:38.416,4,-1.2,-0.29,0.92,5.1974,-16.1864,-0.8008000000000006,175,75
2026-05-07 18:38:38.424,4,-1.21,-0.29,0.94,4.7774,-14.966399999999998,-0.6708000000000016,175,75
2026-05-07 18:38:38.435,4,-1.2,-0.29,0.95,4.8974,-15.156399999999998,-0.8008000000000006,175,75
2026-05-07 18:38:38.459,4,-1.2,-0.3,0.96,4.7174000000000005,-16.066399999999998,-1.4007999999999985,175,75
2026-05-07 18:38:38.481,4,-1.21,-0.28,0.95,4.0474000000000006,-20.946399999999997,-3.0508000000000006,175,75
2026-05-07 18:38:38.481,4,-1.21,-0.29,0.95,4.0474000000000006,-18.2564,-2.7508,175,75
2026-05-07 18:38:38.495,4,-1.2,-0.3,0.94,3.2474000000000003,-18.626399999999997,-3.0508000000000006,175,75
2026-05-07 18:38:38.528,4,-1.21,-0.29,0.94,2.2774000000000005,-16.306399999999996,-2.620800000000001,175,75
2026-05-07 18:38:38.539,4,-1.19,-0.3,0.94,2.2774000000000005,-15.7564,-2.0808000000000018,175,75
2026-05-07 18:38:38.539,4,-1.18,-0.3,0.97,2.7574000000000005,-15.216399999999998,-1.8908000000000005,175,75
2026-05-07 18:38:38.547,4,-1.19,-0.3,0.97,2.5174000000000003,-15.636399999999998,-2.2608000000000015,175,75
2026-05-07 18:38:38.568,4,-1.19,-0.31,0.96,3.5574000000000003,-23.3864,-4.7608000000000015,175,75
2026-05-07 18:38:38.582,4,-1.19,-0.3,0.94,3.3074000000000003,-24.9664,-5.4308,175,75
2026-05-07 18:38:38.615,4,-1.2,-0.29,0.92,4.0474000000000006,-19.1764,-4.7608000000000015,175,75
2026-05-07 18:38:38.633,4,-1.21,-0.29,0.92,3.5574000000000003,-17.0464,-4.210800000000001,175,75
2026-05-07 18:38:38.644,4,-1.2,-0.29,0.93,3.4374000000000002,-16.4364,-3.9707999999999988,175,75
2026-05-07 18:38:38.656,4,-1.19,-0.28,0.93,3.7974000000000006,-19.476399999999998,-4.210800000000001,175,75
2026-05-07 18:38:38.656,4,-1.19,-0.29,0.93,4.4674000000000005,-20.5764,-4.3908000000000005,175,75
2026-05-07 18:38:38.672,4,-1.18,-0.29,0.91,4.837400000000001,-20.5764,-3.780800000000001,175,75
2026-05-07 18:38:38.720,4,-1.18,-0.29,0.95,6.1774000000000004,-17.4664,-1.9507999999999992,175,75
2026-05-07 18:38:38.742,4,-1.18,-0.29,0.95,6.2374,-17.2864,-1.9507999999999992,175,75
2026-05-07 18:38:38.742,4,-1.19,-0.3,0.95,6.3574,-17.406399999999998,-1.7108000000000008,175,75
2026-05-07 18:38:38.769,4,-1.19,-0.29,0.95,6.1774000000000004,-16.4364,-1.280800000000001,175,75
2026-05-07 18:38:38.780,4,-1.19,-0.29,0.95,6.907400000000001,-18.446399999999997,-1.8908000000000005,175,75
2026-05-07 18:38:38.791,4,-1.2,-0.3,0.95,6.5474000000000006,-19.056399999999996,-2.440800000000001,175,75
2026-05-07 18:38:38.801,4,-1.22,-0.3,0.96,5.5074000000000005,-19.056399999999996,-2.690800000000001,175,75
2026-05-07 18:38:38.833,4,-1.19,-0.29,0.96,4.4674000000000005,-20.516399999999997,-3.6008000000000013,175,75
2026-05-07 18:38:38.839,4,-1.17,-0.28,0.96,5.1374,-22.3464,-4.450799999999999,175,75
2026-05-07 18:38:38.849,4,-1.2,-0.31,0.95,4.0474000000000006,-23.6864,-5.310799999999999,175,75
2026-05-07 18:38:38.859,4,-1.2,-0.31,0.95,2.6374000000000004,-19.1164,-4.7608000000000015,175,75
2026-05-07 18:38:38.871,4,-1.19,-0.3,0.95,1.9074000000000004,-17.586399999999998,-4.2707999999999995,175,75
2026-05-07 18:38:38.899,4,-1.15,-0.29,0.96,2.8274000000000004,-19.4164,-4.880799999999999,175,75
2026-05-07 18:38:38.932,4,-1.19,-0.32,0.92,3.4374000000000002,-20.8264,-4.5108000000000015,175,75
2026-05-07 18:38:38.956,4,-1.19,-0.28,0.93,2.8274000000000004,-16.066399999999998,-2.9307999999999996,175,75
2026-05-07 18:38:38.956,4,-1.19,-0.29,0.93,3.3674000000000004,-18.3864,-3.0508000000000006,175,75
2026-05-07 18:38:38.980,4,-1.2,-0.3,0.94,4.167400000000001,-17.7164,-1.7707999999999995,175,75
2026-05-07 18:38:38.991,4,-1.2,-0.3,0.95,3.1274000000000006,-15.7564,-1.280800000000001,175,75
2026-05-07 18:38:38.991,4,-1.18,-0.29,0.95,3.3674000000000004,-16.306399999999996,-1.4007999999999985,175,75
2026-05-07 18:38:39.015,4,-1.2,-0.31,0.93,3.4974000000000003,-21.4364,-3.7207999999999988,175,75
2026-05-07 18:38:39.015,4,-1.2,-0.3,0.93,2.1574000000000004,-18.9964,-4.1507999999999985,175,75
2026-05-07 18:38:39.025,4,-1.2,-0.29,0.94,2.0874000000000006,-18.196399999999997,-4.2707999999999995,175,75
2026-05-07 18:38:39.039,4,-1.21,-0.29,0.95,2.6374000000000004,-16.556399999999996,-3.2308000000000003,175,75
2026-05-07 18:38:39.060,4,-1.18,-0.29,0.95,2.8874000000000004,-16.2464,-2.9307999999999996,175,75
2026-05-07 18:38:39.073,4,-1.17,-0.3,0.94,3.4974000000000003,-17.9564,-2.3208,175,75
2026-05-07 18:38:39.073,4,-1.17,-0.29,0.94,3.8574,-18.1364,-2.200799999999999,175,75
2026-05-07 18:38:39.102,4,-1.17,-0.29,0.94,4.287400000000001,-19.3564,-1.6507999999999985,175,75
2026-05-07 18:38:39.116,4,-1.18,-0.29,0.93,4.7174000000000005,-18.9964,-1.1608,175,75
2026-05-07 18:38:39.126,4,-1.2,-0.28,0.95,4.957400000000001,-15.5764,0.1191999999999993,175,75
2026-05-07 18:38:39.126,4,-1.21,-0.29,0.96,5.5074000000000005,-14.056399999999998,0.2992000000000008,175,75
2026-05-07 18:38:39.139,4,-1.2,-0.3,0.97,5.3874,-15.8264,-0.3708000000000009,175,75
2026-05-07 18:38:39.166,4,-1.19,-0.3,0.96,4.167400000000001,-22.1664,-2.440800000000001,175,75
2026-05-07 18:38:39.177,4,-1.19,-0.3,0.94,3.3074000000000003,-22.2864,-2.620800000000001,175,75
2026-05-07 18:38:39.184,4,-1.2,-0.3,0.93,3.0074000000000005,-20.516399999999997,-2.1408000000000005,175,75
2026-05-07 18:38:39.200,4,-1.2,-0.29,0.93,2.6374000000000004,-16.736399999999996,-1.3407999999999998,175,75
2026-05-07 18:38:39.224,4,-1.19,-0.3,0.94,2.9474000000000005,-18.806399999999996,-1.9507999999999992,175,75
2026-05-07 18:38:39.244,4,-1.19,-0.29,0.92,2.6974000000000005,-20.336399999999998,-3.1107999999999993,175,75
2026-05-07 18:38:39.255,4,-1.2,-0.29,0.93,2.9474000000000005,-17.3464,-1.7707999999999995,175,75
2026-05-07 18:38:39.266,4,-1.19,-0.29,0.94,3.4974000000000003,-15.696399999999999,-0.6708000000000016,175,75
2026-05-07 18:38:39.279,4,-1.16,-0.29,0.94,4.2274,-17.2864,-0.3708000000000009,175,75
2026-05-07 18:38:39.286,4,-1.17,-0.29,0.93,5.5074000000000005,-20.2764,-0.9808000000000003,175,75
2026-05-07 18:38:39.319,4,-1.2,-0.3,0.91,6.1174,-18.446399999999997,-0.0007999999999999119,175,75
2026-05-07 18:38:39.340,4,-1.21,-0.3,0.93,6.7874,-12.7164,1.5792000000000002,175,75
2026-05-07 18:38:39.352,4,-1.21,-0.31,0.94,8.2474,-11.496399999999998,1.9491999999999994,175,75
2026-05-07 18:38:39.358,4,-1.2,-0.32,0.95,8.8574,-12.776399999999999,2.0092,175,75
2026-05-07 18:38:39.373,4,-1.19,-0.3,0.96,8.1874,-17.2864,0.1191999999999993,175,75
2026-05-07 18:38:39.407,4,-1.22,-0.28,0.97,7.3974,-18.566399999999998,0.9092000000000002,175,75
2026-05-07 18:38:39.407,4,-1.21,-0.27,0.97,7.2174000000000005,-18.0764,1.1592000000000002,175,75
2026-05-07 18:38:39.422,4,-1.2,-0.26,0.98,6.417400000000001,-20.5764,1.0291999999999994,175,75
2026-05-07 18:38:39.433,4,-1.21,-0.25,0.98,5.627400000000001,-22.586399999999998,0.1191999999999993,175,75
2026-05-07 18:38:39.443,4,-1.23,-0.25,0.96,4.2274,-22.8964,-1.280800000000001,175,75
2026-05-07 18:38:39.458,4,-1.25,-0.26,0.96,2.7574000000000005,-21.3664,-1.8908000000000005,175,75
2026-05-07 18:38:39.479,4,-1.25,-0.24,0.97,-0.1625999999999994,-19.726399999999998,-0.3708000000000009,175,75
2026-05-07 18:38:39.502,4,-1.21,-0.25,0.99,-3.522599999999999,-18.0764,1.9491999999999994,175,75
2026-05-07 18:38:39.513,4,-1.21,-0.25,0.99,-4.192599999999999,-21.126399999999997,2.0692000000000004,175,75
2026-05-07 18:38:39.533,4,-1.17,-0.26,0.96,-2.8426,-26.066399999999998,1.9491999999999994,175,75
2026-05-07 18:38:39.545,4,-1.17,-0.26,0.92,-0.1625999999999994,-24.8464,2.8591999999999995,175,75
2026-05-07 18:38:39.557,4,-1.18,-0.17,1.0,6.8474,0.33360000000000056,12.3792,175,75
2026-05-07 18:38:39.562,4,-1.04,-0.15,0.84,-5.5326,-30.696399999999997,-1.4707999999999988,175,75
2026-05-07 18:38:39.590,4,-1.21,-0.33,0.76,4.957400000000001,-0.08639999999999759,9.9992,175,75
2026-05-07 18:38:39.602,4,-1.21,-0.26,0.86,-4.0626,26.803600000000003,15.1792,175,75
2026-05-07 18:38:39.627,4,-1.08,-0.28,0.91,-1.8725999999999994,16.803600000000003,6.459199999999999,175,75
2026-05-07 18:38:39.640,4,-1.08,-0.31,0.86,-8.272599999999999,20.7036,1.2791999999999994,175,75
2026-05-07 18:38:39.654,4,-0.93,-0.28,0.8,-17.7226,44.363600000000005,-3.2308000000000003,175,75
2026-05-07 18:38:39.666,4,-0.8,-0.2,0.79,-28.6426,63.6936,-12.690800000000001,175,75
2026-05-07 18:38:39.688,4,-0.74,-0.17,0.86,-51.6326,101.1936,-32.6908,175,75
2026-05-07 18:38:39.699,4,-0.52,-0.19,0.87,-62.912600000000005,98.4436,-48.6608,175,75
2026-05-07 18:38:39.724,4,-0.52,-0.19,0.91,-88.45259999999999,8.023600000000002,-106.5308,175,75
2026-05-07 18:38:39.724,4,-0.7,-0.13,0.94,-86.3826,5.453600000000002,-114.0908,175,75
2026-05-07 18:38:39.737,4,-0.93,-0.07,0.97,-79.86259999999999,6.493600000000001,-108.1108,175,75
2026-05-07 18:38:39.751,4,-1.12,-0.06,0.96,-58.7626,21.1336,-93.3008,175,75
2026-05-07 18:38:39.784,4,-1.11,-0.02,0.98,-15.712599999999998,24.053600000000003,-76.4708,175,75
2026-05-07 18:38:39.784,4,-1.22,0.05,1.01,-8.0926,14.483600000000003,-67.7508,175,75
2026-05-07 18:38:39.807,4,-1.01,-0.05,0.87,17.6374,-38.0764,-72.3808,175,75
2026-05-07 18:38:39.819,4,-0.92,-0.17,0.71,20.6274,-92.8964,-77.5608,175,75
2026-05-07 18:38:39.845,4,-1.18,-0.42,0.41,7.3974,-121.0664,-68.60079999999999,175,75
2026-05-07 18:38:39.853,4,-1.2,-0.5,0.32,7.087400000000001,-61.246399999999994,-58.720800000000004,175,75
2026-05-07 18:38:39.863,4,-1.21,-0.53,0.35,-2.172599999999999,-26.1864,-56.280800000000006,175,75
2026-05-07 18:38:39.905,4,-1.2,-0.22,0.48,-66.4426,77.8936,-82.1408,175,75
2026-05-07 18:38:39.926,4,-1.1,-0.08,0.62,-62.97259999999999,99.4836,-40.610800000000005,175,75
2026-05-07 18:38:39.950,4,-1.22,-0.1,0.71,-53.5826,119.7836,-24.8208,175,75
2026-05-07 18:38:39.962,4,-1.26,-0.11,0.87,-37.8426,114.84360000000001,-5.310799999999999,175,75
2026-05-07 18:38:39.985,4,-1.26,-0.09,1.0,-7.7226,60.2736,7.9192,175,75
2026-05-07 18:38:39.996,4,-1.11,-0.09,1.03,5.1974,6.253599999999999,11.0992,175,75
2026-05-07 18:38:39.996,4,-1.05,-0.06,1.08,12.217400000000001,-61.1864,15.299199999999999,175,75
2026-05-07 18:38:40.007,4,-1.07,-0.06,1.03,26.1774,-110.57639999999999,18.9592,175,75
2026-05-07 18:38:40.027,4,-0.97,-0.14,0.92,40.5674,-158.0764,9.6892,175,75
2026-05-07 18:38:40.053,4,-1.0,-0.21,0.51,45.5074,-213.7464,14.1992,175,75
2026-05-07 18:38:40.063,4,-1.02,-0.24,0.39,45.8074,-195.8264,21.4592,175,75
2026-05-07 18:38:40.076,4,-1.05,-0.28,0.33,45.0774,-173.3264,25.1792,175,75
2026-05-07 18:38:40.087,4,-0.99,-0.34,0.3,42.8274,-125.82639999999999,32.6792,175,75
2026-05-07 18:38:40.118,4,-0.76,-0.49,0.5,32.8274,-36.0064,36.1592,175,75
2026-05-07 18:38:40.131,4,-0.85,-0.5,0.6,22.6374,-38.2564,32.7992,175,75
2026-05-07 18:38:40.144,4,-0.94,-0.49,0.68,14.7174,-46.7364,27.1892,175,75
2026-05-07 18:38:40.181,4,-1.05,-0.52,0.84,4.287400000000001,-88.0764,16.2792,175,75
2026-05-07 18:38:40.194,4,-1.02,-0.58,0.86,3.9774000000000003,-110.1564,6.3392,175,75
2026-05-07 18:38:40.205,4,-1.08,-0.61,0.85,1.3574000000000002,-134.1764,-2.690800000000001,175,75
2026-05-07 18:38:40.215,4,-1.13,-0.59,0.81,-4.192599999999999,-142.28640000000001,-7.690800000000001,175,75
2026-05-07 18:38:40.226,4,-1.2,-0.55,0.77,-12.4226,-139.2964,-14.150799999999998,175,75
2026-05-07 18:38:40.226,4,-1.22,-0.49,0.7,-15.532599999999999,-134.3564,-18.050800000000002,175,75
2026-05-07 18:38:40.240,4,-1.25,-0.41,0.64,-11.752600000000001,-119.9664,-15.0008,175,75
2026-05-07 18:38:40.248,4,-1.17,-0.37,0.63,-0.4125999999999994,-80.15639999999999,-4.580800000000002,175,75
2026-05-07 18:38:40.258,4,-1.16,-0.38,0.63,2.8874000000000004,-60.6964,6.3392,175,75
2026-05-07 18:38:40.270,4,-1.24,-0.43,0.63,2.7574000000000005,-26.4364,18.5992,175,75
2026-05-07 18:38:40.284,4,-1.25,-0.51,0.64,0.8674000000000004,20.4536,24.269199999999998,175,75
2026-05-07 18:38:40.296,4,-1.19,-0.52,0.66,-0.1025999999999998,41.8036,26.949199999999998,175,75
2026-05-07 18:38:40.321,4,-1.2,-0.57,0.71,-0.5325999999999995,64.6636,30.7292,175,75
2026-05-07 18:38:40.328,4,-1.24,-0.57,0.73,-3.7026000000000003,67.6536,30.1192,175,75
2026-05-07 18:38:40.351,4,-1.23,-0.56,0.82,-9.7426,57.53360000000001,31.339199999999998,175,75
2026-05-07 18:38:40.370,4,-1.32,-0.62,0.88,-8.1526,26.863599999999998,34.5692,175,75
2026-05-07 18:38:40.418,4,-1.28,-0.62,0.71,-1.6925999999999997,-34.666399999999996,21.1592,175,75
2026-05-07 18:38:40.430,4,-1.26,-0.55,0.73,4.4074,-30.2764,23.6592,175,75
2026-05-07 18:38:40.473,4,-1.02,-0.6,1.06,18.2474,-68.4464,16.2192,175,75
2026-05-07 18:38:40.501,4,-0.8,-0.57,0.99,12.5174,-137.7764,-8.4808,175,75
2026-05-07 18:38:40.523,4,-1.04,-0.38,0.74,7.3974,-126.18639999999999,-10.120800000000001,175,75
2026-05-07 18:38:40.559,4,-1.05,-0.42,0.82,16.967399999999998,-92.5864,-1.530800000000001,175,75
2026-05-07 18:38:40.570,4,-0.99,-0.42,0.84,15.6274,-100.6964,-7.200799999999999,175,75
2026-05-07 18:38:40.624,4,-1.33,-0.22,0.52,3.9774000000000003,-62.8964,-4.580800000000002,175,75
2026-05-07 18:38:40.641,4,-1.29,-0.16,0.57,19.1074,-3.686399999999999,5.4192,175,75
2026-05-07 18:38:40.679,4,-1.01,-0.3,0.97,10.4474,-89.2364,-9.580800000000002,175,75
2026-05-07 18:38:40.683,4,-1.15,-0.18,0.9,6.8474,-121.3664,-9.760800000000001,175,75
2026-05-07 18:38:40.694,4,-1.21,-0.12,0.79,6.7874,-114.6664,-17.2008,175,75
2026-05-07 18:38:40.715,4,-1.12,-0.14,0.79,3.6174000000000004,-104.6064,-4.8208,175,75
2026-05-07 18:38:40.739,4,-1.1,-0.24,0.82,5.2574000000000005,-76.6764,-7.870800000000001,175,75
2026-05-07 18:38:40.794,4,-1.12,-0.22,0.84,-0.7725999999999997,37.6536,10.3592,175,75
2026-05-07 18:38:40.822,4,-1.0,-0.27,0.93,5.077400000000001,99.7836,18.6592,175,75
2026-05-07 18:38:40.842,4,-1.01,-0.28,0.92,5.077400000000001,108.6336,20.6692,175,75
2026-05-07 18:38:40.842,4,-1.05,-0.29,0.83,2.9474000000000005,125.8236,19.0192,175,75
2026-05-07 18:38:40.854,4,-1.04,-0.3,0.72,1.1774000000000004,154.3036,18.8992,175,75
2026-05-07 18:38:40.884,4,-1.11,-0.32,0.63,3.1874000000000002,235.5836,24.9392,175,75
2026-05-07 18:38:40.894,4,-1.14,-0.34,0.67,6.0574,277.7736,26.0292,175,75
2026-05-07 18:38:40.894,4,-1.18,-0.33,0.71,4.8974,289.1136,25.5492,175,75
2026-05-07 18:38:40.919,4,-1.29,-0.33,0.82,2.5774000000000004,308.1436,19.3892,175,75
2026-05-07 18:38:40.937,4,-1.28,-0.36,0.96,6.1174,309.4836,21.0292,175,75
2026-05-07 18:38:40.950,4,-1.25,-0.36,0.92,7.337400000000001,265.4536,15.6692,175,75
2026-05-07 18:38:40.974,4,-1.23,-0.38,0.86,14.4674,204.1736,1.6991999999999994,175,75
2026-05-07 18:38:40.997,4,-1.13,-0.4,0.7,23.857400000000002,152.4736,5.8492,175,75
2026-05-07 18:38:41.020,4,-1.13,-0.35,0.72,21.8474,150.0936,17.4992,175,75
2026-05-07 18:38:41.036,4,-0.96,-0.3,0.56,9.0474,108.5036,18.1692,175,75
2026-05-07 18:38:41.050,4,-0.94,-0.27,0.44,3.1874000000000002,100.64359999999999,19.1992,175,75
2026-05-07 18:38:41.058,4,-0.96,-0.27,0.35,0.3274000000000008,135.2736,23.5292,175,75
2026-05-07 18:38:41.095,4,-1.02,-0.2,0.38,-13.8826,234.17360000000002,34.7492,175,75
2026-05-07 18:38:41.145,4,-0.76,-0.32,0.66,8.737400000000001,-69.7864,-18.8408,175,75
2026-05-07 18:38:41.156,4,-0.83,-0.31,0.5,14.0474,-133.07639999999998,-36.470800000000004,175,75
2026-05-07 18:38:41.187,4,-0.94,-0.13,0.21,8.067400000000001,-136.1864,-35.860800000000005,175,75
2026-05-07 18:38:41.194,4,-1.0,-0.1,0.15,8.1874,-97.3464,-25.0608,175,75
2026-05-07 18:38:41.211,4,-1.02,-0.07,0.16,10.9374,-29.0564,-7.620800000000001,175,75
2026-05-07 18:38:41.216,4,-0.96,-0.08,0.28,11.967400000000001,27.163600000000002,8.049199999999999,175,75
2026-05-07 18:38:41.253,4,-0.82,-0.12,0.57,6.8474,-48.5064,-6.040799999999999,175,75
2026-05-07 18:38:41.286,4,-0.87,-0.15,0.45,1.9674000000000005,-102.2264,-20.190800000000003,175,75
2026-05-07 18:38:41.300,4,-0.94,-0.15,0.43,-2.2425999999999995,-98.6264,-19.510800000000003,175,75
2026-05-07 18:38:41.311,4,-1.0,-0.16,0.44,-3.0926,-84.9664,-15.0008,175,75
2026-05-07 18:38:41.321,4,-0.96,-0.2,0.47,-3.762599999999999,-82.7164,-15.670800000000002,175,75
2026-05-07 18:38:41.332,4,-0.96,-0.25,0.51,-3.0325999999999995,-105.6364,-21.3408,175,75
2026-05-07 18:38:41.345,4,-1.03,-0.26,0.54,0.2574000000000005,-129.4764,-23.900800000000004,175,75
2026-05-07 18:38:41.356,4,-1.04,-0.27,0.57,1.1174000000000004,-152.40640000000002,-27.3208,175,75
2026-05-07 18:38:41.367,4,-1.05,-0.27,0.62,-0.3426,-176.6764,-29.760800000000003,175,75
2026-05-07 18:38:41.382,4,-0.97,-0.26,0.76,-5.832599999999999,-253.6264,-35.8008,175,75
2026-05-07 18:38:41.393,4,-0.98,-0.26,0.81,-5.8926,-296.1264,-39.7608,175,75
2026-05-07 18:38:41.405,4,-0.98,-0.25,0.82,-5.412599999999999,-338.5664,-45.250800000000005,175,75
2026-05-07 18:38:41.430,4,-1.1,-0.24,0.7,-1.4425999999999997,-388.8064,-49.390800000000006,175,75
2026-05-07 18:38:41.461,4,-1.28,-0.24,0.39,4.0474000000000006,-305.6964,-45.4908,175,75
2026-05-07 18:38:41.475,4,-1.37,-0.24,0.48,2.4574000000000003,-207.7164,-21.1008,175,75
2026-05-07 18:38:41.484,4,-1.24,-0.27,0.61,3.4974000000000003,-181.4964,-18.110800000000005,175,75
2026-05-07 18:38:41.502,4,-1.11,-0.28,0.73,2.5774000000000004,-190.5764,-17.930800000000005,175,75
2026-05-07 18:38:41.514,4,-1.11,-0.29,0.77,-0.5325999999999995,-208.9364,-16.040799999999997,175,75
2026-05-07 18:38:41.514,4,-1.15,-0.33,0.75,-4.1326,-212.6564,-19.2708,175,75
2026-05-07 18:38:41.533,4,-1.13,-0.37,0.66,-10.8926,-198.50639999999999,-20.000800000000005,175,75
2026-05-07 18:38:41.543,4,-1.18,-0.38,0.57,-15.712599999999998,-179.6064,-14.0908,175,75
2026-05-07 18:38:41.560,4,-1.19,-0.41,0.41,-19.8626,-150.0264,-12.9308,175,75
2026-05-07 18:38:41.571,4,-1.24,-0.46,0.37,-17.052599999999998,-64.1164,-16.3408,175,75
2026-05-07 18:38:41.582,4,-1.02,-0.4,0.52,0.19740000000000002,35.7636,4.199199999999999,175,75
2026-05-07 18:38:41.592,4,-0.85,-0.41,0.91,14.4074,86.7436,23.4692,175,75
2026-05-07 18:38:41.598,4,-0.87,-0.47,1.18,17.0274,79.2436,17.3092,175,75
2026-05-07 18:38:41.611,4,-0.87,-0.52,1.31,16.2374,38.2636,5.7292000000000005,175,75
2026-05-07 18:38:41.618,4,-0.99,-0.49,1.26,17.087400000000002,-38.8064,-12.2008,175,75
2026-05-07 18:38:41.634,4,-1.11,-0.43,1.13,20.8074,-79.4764,-24.8208,175,75
2026-05-07 18:38:41.650,4,-1.25,-0.29,0.76,21.7274,-100.2764,-22.3808,175,75
2026-05-07 18:38:41.672,4,-1.37,-0.24,0.64,15.8674,-71.6764,-9.150799999999998,175,75
2026-05-07 18:38:41.709,4,-1.19,-0.28,0.76,11.057400000000001,-18.2564,-1.7707999999999995,175,75
2026-05-07 18:38:41.709,4,-1.15,-0.26,0.82,12.397400000000001,-14.606399999999999,-4.450799999999999,175,75
2026-05-07 18:38:41.731,4,-1.09,-0.21,0.89,15.9374,-17.9564,-3.7207999999999988,175,75
2026-05-07 18:38:41.755,4,-1.21,-0.18,0.8,9.3474,-39.416399999999996,-5.190800000000001,175,75
2026-05-07 18:38:41.765,4,-1.23,-0.16,0.7,9.2274,-29.476399999999998,-2.1408000000000005,175,75
2026-05-07 18:38:41.780,4,-1.26,-0.17,0.68,17.087400000000002,0.27360000000000184,7.1892,175,75
2026-05-07 18:38:41.803,4,-1.23,-0.22,0.84,14.227400000000001,6.6736,5.6091999999999995,175,75
2026-05-07 18:38:41.816,4,-1.28,-0.21,0.89,15.9974,-0.8863999999999983,4.389200000000001,175,75
2026-05-07 18:38:41.831,4,-1.27,-0.2,0.89,16.3574,-9.476399999999998,2.2492,175,75
2026-05-07 18:38:41.856,4,-1.25,-0.17,0.73,11.8474,-11.436399999999999,-1.8908000000000005,175,75
2026-05-07 18:38:41.895,4,-1.14,-0.18,0.84,7.2174000000000005,32.4136,7.0092,175,75
2026-05-07 18:38:41.907,4,-1.13,-0.19,0.9,5.4474,26.613599999999998,6.949199999999999,175,75
2026-05-07 18:38:41.919,4,-1.12,-0.22,0.97,6.5474000000000006,20.153600000000004,4.139200000000001,175,75
2026-05-07 18:38:41.930,4,-1.07,-0.25,0.99,3.6174000000000004,3.7535999999999987,0.8491999999999997,175,75
2026-05-07 18:38:41.941,4,-1.08,-0.26,0.96,0.3274000000000008,-10.886399999999998,-2.200799999999999,175,75
2026-05-07 18:38:41.950,4,-1.14,-0.26,0.9,-0.9525999999999994,-19.7864,-3.3607999999999993,175,75
2026-05-07 18:38:41.974,4,-1.2,-0.32,0.87,3.9774000000000003,-3.3263999999999996,-2.200799999999999,175,75
2026-05-07 18:38:41.985,4,-1.17,-0.38,0.86,3.1274000000000006,2.593600000000002,-5.670800000000002,175,75
2026-05-07 18:38:41.997,4,-1.13,-0.4,0.87,5.327400000000001,6.003599999999999,-11.470799999999999,175,75
2026-05-07 18:38:42.007,4,-1.08,-0.39,0.89,6.5474000000000006,3.6936000000000035,-12.3208,175,75
2026-05-07 18:38:42.029,4,-1.14,-0.34,0.89,8.4974,8.693600000000004,-9.760800000000001,175,75
2026-05-07 18:38:42.029,4,-1.13,-0.35,0.87,9.717400000000001,15.583600000000004,-5.800800000000001,175,75
2026-05-07 18:38:42.043,4,-1.11,-0.38,0.84,9.9574,19.663600000000002,-2.3208,175,75
2026-05-07 18:38:42.054,4,-1.11,-0.39,0.78,12.157399999999999,34.42360000000001,4.449199999999999,175,75
2026-05-07 18:38:42.069,4,-1.14,-0.39,0.76,13.2474,51.67360000000001,12.7392,175,75
2026-05-07 18:38:42.082,4,-1.19,-0.39,0.72,11.6074,65.8236,15.1792,175,75
2026-05-07 18:38:42.092,4,-1.23,-0.39,0.75,11.4774,80.8836,16.2792,175,75
2026-05-07 18:38:42.105,4,-1.03,-0.42,0.9,18.1874,82.5936,11.3992,175,75
2026-05-07 18:38:42.131,4,-1.05,-0.37,0.84,2.8874000000000004,-2.8363999999999976,-0.9808000000000003,175,75
2026-05-07 18:38:42.155,4,-1.06,-0.3,0.61,10.6874,20.273600000000002,4.9392,175,75
2026-05-07 18:38:42.194,4,-1.07,-0.34,0.66,12.6974,85.7636,16.5192,175,75
2026-05-07 18:38:42.217,4,-1.08,-0.28,0.71,7.9474,48.56360000000001,11.0292,175,75
2026-05-07 18:38:42.243,4,-1.1,-0.28,0.68,11.7274,37.593599999999995,7.9192,175,75
2026-05-07 18:38:42.260,4,-1.09,-0.28,0.75,8.067400000000001,41.983599999999996,2.7392000000000003,175,75
2026-05-07 18:38:42.272,4,-1.03,-0.25,0.79,7.4574,30.8236,2.0092,175,75
2026-05-07 18:38:42.290,4,-1.08,-0.26,0.64,11.1174,23.1436,6.0992,175,75
2026-05-07 18:38:42.327,4,-1.07,-0.27,0.69,12.3374,48.81360000000001,8.049199999999999,175,75
2026-05-07 18:38:42.358,4,-1.08,-0.25,0.67,5.747400000000001,20.2136,2.8591999999999995,175,75
2026-05-07 18:38:42.394,4,-1.1,-0.25,0.6,-5.832599999999999,2.4136000000000024,-6.040799999999999,175,75
2026-05-07 18:38:42.408,4,-1.08,-0.21,0.61,-4.432599999999999,6.863599999999998,-4.330800000000002,175,75
2026-05-07 18:38:42.415,4,-1.1,-0.21,0.63,-4.3726,6.613599999999998,-3.4208000000000016,175,75
2026-05-07 18:38:42.427,4,-1.16,-0.24,0.66,-3.4526000000000003,8.9936,-3.3008000000000006,175,75
2026-05-07 18:38:42.462,4,-1.15,-0.22,0.78,4.0474000000000006,5.823599999999999,-0.5508000000000006,175,75
2026-05-07 18:38:42.467,4,-1.14,-0.23,0.82,8.1874,-1.6163999999999987,-0.31079999999999863,175,75
2026-05-07 18:38:42.490,4,-1.14,-0.32,0.77,7.8874,-21.0064,-2.5008,175,75
2026-05-07 18:38:42.513,4,-1.12,-0.32,0.66,5.9374,-25.4564,-4.0908,175,75
2026-05-07 18:38:42.526,4,-1.2,-0.31,0.62,5.9374,-11.366399999999999,0.9092000000000002,175,75
2026-05-07 18:38:42.540,4,-1.2,-0.33,0.65,8.6774,6.9236,3.5991999999999997,175,75
2026-05-07 18:38:42.550,4,-1.15,-0.33,0.72,8.6774,12.833600000000004,5.549200000000001,175,75
2026-05-07 18:38:42.561,4,-1.13,-0.33,0.76,6.2974000000000006,5.643599999999999,7.4992,175,75
2026-05-07 18:38:42.566,4,-1.15,-0.33,0.77,5.4474,-1.9163999999999994,7.799200000000001,175,75
2026-05-07 18:38:42.580,4,-1.14,-0.34,0.74,5.8674,-8.8064,7.8591999999999995,175,75
2026-05-07 18:38:42.614,4,-1.16,-0.33,0.66,5.0174,-13.566399999999998,9.139199999999999,175,75
2026-05-07 18:38:42.625,4,-1.14,-0.33,0.65,5.1374,-14.476399999999998,7.2492,175,75
2026-05-07 18:38:42.636,4,-1.15,-0.31,0.64,3.6774000000000004,-19.8464,6.1592,175,75
2026-05-07 18:38:42.647,4,-1.18,-0.3,0.66,2.3974,-21.3664,5.119199999999999,175,75
2026-05-07 18:38:42.662,4,-1.13,-0.3,0.65,-1.2626,-26.5564,1.3392,175,75
2026-05-07 18:38:42.672,4,-1.12,-0.28,0.61,-3.1525999999999996,-34.236399999999996,-3.3607999999999993,175,75
2026-05-07 18:38:42.683,4,-1.13,-0.25,0.57,-3.0926,-28.996399999999998,-2.440800000000001,175,75
2026-05-07 18:38:42.696,4,-1.13,-0.23,0.57,-2.9125999999999994,-18.446399999999997,1.0991999999999997,175,75
2026-05-07 18:38:42.711,4,-1.11,-0.23,0.57,-3.4526000000000003,-11.366399999999999,2.7392000000000003,175,75
2026-05-07 18:38:42.732,4,-1.08,-0.25,0.63,-2.4825999999999997,4.4236,5.7292000000000005,175,75
2026-05-07 18:38:42.732,4,-1.07,-0.25,0.66,-1.2025999999999994,-0.6363999999999983,3.4092000000000002,175,75
2026-05-07 18:38:42.751,4,-1.07,-0.24,0.69,1.7874000000000003,-6.246399999999998,3.1091999999999995,175,75
2026-05-07 18:38:42.763,4,-1.05,-0.26,0.71,2.9474000000000005,-15.696399999999999,1.6991999999999994,175,75
2026-05-07 18:38:42.763,4,-1.04,-0.26,0.69,2.1574000000000004,-27.4664,-1.280800000000001,175,75
2026-05-07 18:38:42.776,4,-1.06,-0.26,0.66,1.2374000000000005,-33.1964,-1.8908000000000005,175,75
2026-05-07 18:38:42.786,4,-1.1,-0.25,0.63,-0.1625999999999994,-31.066399999999998,-2.0108000000000015,175,75
2026-05-07 18:38:42.804,4,-1.08,-0.24,0.61,-0.9525999999999994,-29.7864,-2.0108000000000015,175,75
2026-05-07 18:38:42.826,4,-1.06,-0.28,0.71,-1.6925999999999997,-21.306399999999996,-2.380799999999999,175,75
2026-05-07 18:38:42.855,4,-1.05,-0.24,0.7,2.2174000000000005,-44.0564,-6.710800000000001,175,75
2026-05-07 18:38:42.866,4,-1.05,-0.23,0.66,5.5674,-43.9364,-4.450799999999999,175,75
2026-05-07 18:38:42.890,4,-1.06,-0.23,0.65,10.5674,-31.496399999999998,1.1592000000000002,175,75
2026-05-07 18:38:42.906,4,-1.05,-0.27,0.69,9.1674,-23.8664,0.2392000000000003,175,75
2026-05-07 18:38:42.916,4,-1.03,-0.28,0.77,5.9374,-24.7864,-5.120800000000001,175,75
2026-05-07 18:38:42.931,4,-1.03,-0.28,0.75,2.2174000000000005,-43.136399999999995,-10.310799999999999,175,75
2026-05-07 18:38:42.954,4,-1.18,-0.28,0.55,-0.9525999999999994,-43.0764,-11.280800000000001,175,75
2026-05-07 18:38:42.972,4,-1.23,-0.25,0.56,0.1374000000000004,-21.4964,-5.490799999999998,175,75
2026-05-07 18:38:42.983,4,-1.26,-0.23,0.61,0.6874000000000002,-6.066399999999998,0.5492000000000008,175,75
2026-05-07 18:38:42.984,4,-1.27,-0.23,0.68,1.9074000000000004,0.21359999999999957,4.3292,175,75
2026-05-07 18:38:42.998,4,-1.27,-0.24,0.76,3.9774000000000003,-0.02639999999999887,7.8591999999999995,175,75
2026-05-07 18:38:43.010,4,-1.24,-0.27,0.78,4.587400000000001,-17.836399999999998,9.449200000000001,175,75
2026-05-07 18:38:43.033,4,-1.21,-0.26,0.63,3.2474000000000003,-54.8464,2.799200000000001,175,75
2026-05-07 18:38:43.033,4,-1.22,-0.22,0.55,3.9174,-58.626400000000004,3.2891999999999992,175,75
2026-05-07 18:38:43.043,4,-1.27,-0.21,0.48,7.8874,-39.8464,4.2692,175,75
2026-05-07 18:38:43.053,4,-1.27,-0.23,0.53,11.787400000000002,-5.2164,11.0992,175,75
2026-05-07 18:38:43.063,4,-1.23,-0.26,0.62,9.3474,14.7836,17.0092,175,75
2026-05-07 18:38:43.073,4,-1.17,-0.29,0.7,5.997400000000001,13.933599999999998,12.1892,175,75
2026-05-07 18:38:43.097,4,-1.09,-0.32,0.79,3.0674,-20.2764,2.9192,175,75
2026-05-07 18:38:43.114,4,-1.1,-0.32,0.8,4.837400000000001,-19.236399999999996,0.7292000000000005,175,75
2026-05-07 18:38:43.114,4,-1.13,-0.29,0.84,6.1174,-14.786399999999999,4.7492,175,75
2026-05-07 18:38:43.125,4,-1.09,-0.31,0.87,7.5174,-25.4564,3.4092000000000002,175,75
2026-05-07 18:38:43.136,4,-1.02,-0.33,0.87,7.157400000000001,-49.7264,-4.330800000000002,175,75
2026-05-07 18:38:43.151,4,-1.03,-0.32,0.83,7.087400000000001,-60.9464,-8.0508,175,75
2026-05-07 18:38:43.163,4,-1.03,-0.27,0.68,4.1074,-57.8364,-10.7308,175,75
2026-05-07 18:38:43.200,4,-1.01,-0.24,0.68,12.5174,-26.976399999999998,1.4591999999999992,175,75
2026-05-07 18:38:43.213,4,-1.02,-0.31,0.67,5.327400000000001,-25.516399999999997,-1.1608,175,75
2026-05-07 18:38:43.225,4,-1.09,-0.26,0.63,2.2774000000000005,-30.086399999999998,-11.470799999999999,175,75
2026-05-07 18:38:43.239,4,-1.1,-0.21,0.58,3.4374000000000002,-28.746399999999998,-9.6408,175,75
2026-05-07 18:38:43.250,4,-1.09,-0.22,0.51,0.6874000000000002,-15.456399999999999,-6.830800000000002,175,75
2026-05-07 18:38:43.261,4,-1.06,-0.27,0.49,-0.9525999999999994,5.093600000000002,-2.380799999999999,175,75
2026-05-07 18:38:43.283,4,-1.12,-0.31,0.57,-5.5326,17.593600000000002,-1.9507999999999992,175,75
2026-05-07 18:38:43.297,4,-1.12,-0.33,0.6,-9.1326,20.583600000000004,-3.4208000000000016,175,75
2026-05-07 18:38:43.315,4,-1.05,-0.33,0.6,-14.8626,8.693600000000004,-8.4808,175,75
2026-05-07 18:38:43.325,4,-1.33,-0.24,0.65,-9.6126,22.7136,-2.2608000000000015,175,75
2026-05-07 18:38:43.362,4,-1.16,-0.2,0.69,-9.3726,48.81360000000001,2.799200000000001,175,75
2026-05-07 18:38:43.374,4,-1.07,-0.25,0.71,-7.9726,39.6636,3.7791999999999994,175,75
2026-05-07 18:38:43.388,4,-1.04,-0.29,0.67,-5.2226,0.7636000000000003,-3.9707999999999988,175,75
2026-05-07 18:38:43.399,4,-1.12,-0.25,0.69,-1.5625999999999998,-12.7164,-10.060799999999999,175,75
2026-05-07 18:38:43.413,4,-0.98,-0.26,0.64,-4.4925999999999995,-36.4964,-17.500800000000005,175,75
2026-05-07 18:38:43.429,4,-1.21,-0.2,0.61,-7.842599999999999,-53.8664,-20.0608,175,75
2026-05-07 18:38:43.452,4,-1.21,-0.12,0.54,-3.8826,-12.4664,-5.800800000000001,175,75
2026-05-07 18:38:43.466,4,-1.21,-0.14,0.56,-1.5025999999999993,4.053600000000003,-1.7707999999999995,175,75
2026-05-07 18:38:43.470,4,-1.21,-0.16,0.61,0.7474000000000003,19.663600000000002,2.6191999999999993,175,75
2026-05-07 18:38:43.486,4,-1.19,-0.22,0.79,7.6974,18.083600000000004,10.2392,175,75
2026-05-07 18:38:43.513,4,-1.25,-0.26,0.83,20.3274,-10.3964,12.9892,175,75
2026-05-07 18:38:43.532,4,-1.21,-0.3,0.82,31.1774,-44.3564,9.199200000000001,175,75
2026-05-07 18:38:43.532,4,-1.19,-0.33,0.76,32.2774,-75.8264,0.7292000000000005,175,75
2026-05-07 18:38:43.544,4,-1.2,-0.34,0.66,26.1774,-97.9564,-9.330800000000002,175,75
2026-05-07 18:38:43.555,4,-1.24,-0.29,0.54,18.977400000000003,-100.0264,-15.310799999999999,175,75
2026-05-07 18:38:43.585,4,-1.27,-0.14,0.57,22.8274,-6.3064,13.6592,175,75
2026-05-07 18:38:43.599,4,-1.16,-0.28,0.87,26.2974,4.363599999999998,23.9592,175,75
2026-05-07 18:38:43.612,4,-1.13,-0.31,0.97,28.3674,-23.9364,17.3792,175,75
2026-05-07 18:38:43.621,4,-1.08,-0.33,0.99,31.7874,-66.3664,9.5692,175,75
2026-05-07 18:38:43.644,4,-1.16,-0.29,0.72,34.1674,-143.6264,-14.580800000000002,175,75
2026-05-07 18:38:43.655,4,-1.15,-0.24,0.59,32.8874,-137.7164,-16.3408,175,75
2026-05-07 18:38:43.666,4,-1.16,-0.22,0.51,29.1674,-115.3364,-11.1608,175,75
2026-05-07 18:38:43.676,4,-1.2,-0.22,0.46,22.3974,-78.9964,-3.0508000000000006,175,75
2026-05-07 18:38:43.690,4,-1.25,-0.23,0.51,19.3474,-39.1164,4.5092,175,75
2026-05-07 18:38:43.702,4,-1.18,-0.24,0.64,17.7574,-4.606399999999997,12.6792,175,75
2026-05-07 18:38:43.708,4,-1.13,-0.26,0.79,17.3974,9.1736,19.0192,175,75
2026-05-07 18:38:43.740,4,-1.14,-0.32,0.9,19.717399999999998,-49.2364,7.2492,175,75
2026-05-07 18:38:43.753,4,-1.27,-0.29,0.76,21.4774,-75.2764,1.0291999999999994,175,75
2026-05-07 18:38:43.776,4,-1.26,-0.3,0.66,20.5674,-61.9764,8.5292,175,75
2026-05-07 18:38:43.776,4,-1.28,-0.28,0.6,18.9174,-46.0664,9.9992,175,75
2026-05-07 18:38:43.789,4,-1.22,-0.26,0.56,15.1374,-33.4464,8.1692,175,75
2026-05-07 18:38:43.806,4,-1.19,-0.2,0.61,11.787400000000002,-18.5064,4.5692,175,75
2026-05-07 18:38:43.821,4,-1.07,-0.2,0.68,6.1174,-8.136399999999998,6.3992,175,75
2026-05-07 18:38:43.831,4,-0.99,-0.27,0.73,1.6674000000000002,1.1936,6.889200000000001,175,75
2026-05-07 18:38:43.849,4,-1.2,-0.36,0.58,1.3574000000000002,33.9336,31.2192,175,75
2026-05-07 18:38:43.884,4,-1.79,-0.28,0.55,2.9474000000000005,224.5436,77.0092,175,75
2026-05-07 18:38:43.922,4,-0.86,-0.47,1.12,-10.2226,-72.2264,2.1891999999999996,175,75
2026-05-07 18:38:43.933,4,-0.66,-0.35,0.87,7.7574000000000005,-223.1364,-61.34080000000001,175,75
2026-05-07 18:38:43.938,4,-0.57,-0.15,0.7,18.3674,-277.2264,-73.7208,175,75
2026-05-07 18:38:43.960,4,-0.82,0.02,0.45,20.6874,-256.7364,-41.1008,175,75
2026-05-07 18:38:43.991,4,-1.06,-0.26,0.55,20.3874,39.483599999999996,6.219200000000001,175,75
2026-05-07 18:38:43.998,4,-1.02,-0.29,0.83,17.517400000000002,52.593599999999995,12.1292,175,75
2026-05-07 18:38:44.023,4,-0.9,-0.45,0.97,23.1874,-105.7564,-20.730800000000002,175,75
2026-05-07 18:38:44.037,4,-0.97,-0.45,0.76,4.6574,-200.5764,-59.2108,175,75
2026-05-07 18:38:44.061,4,-0.96,-0.4,0.65,-6.932599999999999,-200.8264,-64.51079999999999,175,75
2026-05-07 18:38:44.067,4,-0.99,-0.37,0.57,-12.302599999999998,-189.0564,-65.8608,175,75
2026-05-07 18:38:44.093,4,-1.09,-0.36,0.52,-18.3326,-167.1664,-63.970800000000004,175,75
2026-05-07 18:38:44.121,4,-1.5,-0.4,0.46,-42.0526,-94.6664,-45.4908,175,75
2026-05-07 18:38:44.153,4,-0.95,-0.5,0.72,-34.8626,0.27360000000000184,-50.8008,175,75
2026-05-07 18:38:44.153,4,-0.89,-0.51,0.8,-46.3826,-36.6164,-48.6608,175,75
2026-05-07 18:38:44.176,4,-1.26,-0.49,0.36,-97.8426,-51.4364,-38.4808,175,75
2026-05-07 18:38:44.220,4,-1.4,-0.76,0.4,-137.2426,-23.626399999999997,-3.1107999999999993,175,75
2026-05-07 18:38:44.284,4,-1.59,-0.69,0.41,-180.89260000000002,19.843600000000002,45.1192,175,75
2026-05-07 18:38:44.296,4,-1.52,-0.55,0.27,-174.61260000000001,48.203599999999994,57.249199999999995,175,75
2026-05-07 18:38:44.323,4,-1.42,-0.36,0.47,-161.9326,80.0936,65.4192,175,75
2026-05-07 18:38:44.334,4,-1.31,-0.29,0.6,-153.45260000000002,75.4536,62.8592,175,75
2026-05-07 18:38:44.344,4,-1.29,-0.2,0.68,-142.6026,55.1536,60.0592,175,75
2026-05-07 18:38:44.360,4,-1.35,-0.12,0.71,-130.95260000000002,32.1636,58.4092,175,75
2026-05-07 18:38:44.371,4,-1.46,-0.03,0.73,-120.5926,24.2436,61.3392,175,75
2026-05-07 18:38:44.375,4,-1.52,0.04,0.76,-103.76259999999999,33.8136,66.2792,175,75
2026-05-07 18:38:44.390,4,-1.45,0.09,0.81,-83.70259999999999,49.843599999999995,68.8392,175,75
2026-05-07 18:38:44.394,4,-0.98,0.05,1.04,-36.6326,142.4136,41.5792,175,75
2026-05-07 18:38:44.407,4,0.3,0.21,2.15,18.3674,164.6036,29.199199999999998,175,75
2026-05-07 18:38:44.419,4,0.02,0.41,2.53,56.2974,-22.656399999999998,27.9892,175,75
2026-05-07 18:38:44.433,4,-0.9,0.38,2.12,96.1174,-231.4964,-47.3808,175,75
2026-05-07 18:38:44.449,4,-1.39,0.24,0.85,85.50739999999999,-269.3564,-83.48079999999999,175,75
2026-05-07 18:38:44.466,4,-1.23,0.08,-0.09,118.85740000000001,-121.43639999999999,-49.3308,175,75
2026-05-07 18:38:44.486,4,-1.39,-0.06,-0.19,134.4674,-18.9364,-15.920800000000002,175,75
2026-05-07 18:38:44.501,4,-1.27,-0.23,-0.1,123.6774,43.2636,8.8392,175,75
2026-05-07 18:38:44.511,4,-1.15,-0.37,0.01,97.63740000000001,18.693600000000004,10.1792,175,75
2026-05-07 18:38:44.571,4,-1.24,-0.01,-0.24,-4.672599999999999,-11.0064,16.3992,175,75
2026-05-07 18:38:44.582,4,-1.4,0.08,-0.12,-14.6126,56.8036,28.9592,175,75
2026-05-07 18:38:44.592,4,-1.36,0.11,-0.08,-22.9726,66.67360000000001,36.6992,175,75
2026-05-07 18:38:44.615,4,-1.49,0.23,0.06,-29.062599999999996,106.86359999999999,47.5592,175,75
2026-05-07 18:38:44.629,4,-1.48,0.24,0.18,-28.3326,111.1336,56.8292,175,75
2026-05-07 18:38:44.654,4,-1.37,0.21,0.44,-13.942599999999999,127.1636,63.2292,175,75
2026-05-07 18:38:44.700,4,-1.31,0.1,0.38,10.3274,206.9836,58.779199999999996,175,75
2026-05-07 18:38:44.717,4,-0.92,0.09,0.96,23.857400000000002,244.30360000000002,62.7392,175,75
2026-05-07 18:38:44.733,4,-0.83,0.03,1.09,28.1274,195.2736,55.4192,175,75
2026-05-07 18:38:44.744,4,-0.79,-0.09,1.14,48.187400000000004,105.58359999999999,33.8992,175,75
2026-05-07 18:38:44.755,4,-0.62,-0.2,1.06,66.8474,23.6336,17.9892,175,75
2026-05-07 18:38:44.766,4,-0.59,-0.25,0.92,70.6274,-46.6764,5.6692,175,75
2026-05-07 18:38:44.779,4,-0.81,-0.26,0.69,74.7774,-99.3564,-8.3008,175,75
2026-05-07 18:38:44.790,4,-0.92,-0.23,0.34,80.07740000000001,-102.3464,-5.9808,175,75
2026-05-07 18:38:44.804,4,-0.95,-0.23,0.21,77.76740000000001,-84.5464,-0.3708000000000009,175,75
2026-05-07 18:38:44.829,4,-0.95,-0.31,0.05,67.0874,-10.946399999999997,14.3892,175,75
2026-05-07 18:38:44.851,4,-0.8,-0.38,0.13,63.6774,48.9336,13.1692,175,75
2026-05-07 18:38:44.864,4,-0.68,-0.34,0.39,51.2374,62.473600000000005,1.0291999999999994,175,75
2026-05-07 18:38:44.882,4,-0.59,-0.35,0.45,48.0074,41.06360000000001,-14.7008,175,75
2026-05-07 18:38:44.894,4,-0.55,-0.36,0.43,46.6674,13.9936,-36.040800000000004,175,75
2026-05-07 18:38:44.906,4,-0.61,-0.36,0.37,43.9174,9.113599999999998,-46.8908,175,75
2026-05-07 18:38:44.929,4,-0.78,-0.36,0.27,40.3274,26.3136,-67.7508,175,75
2026-05-07 18:38:44.954,4,-0.84,-0.36,0.32,44.8974,50.8236,-75.0008,175,75
2026-05-07 18:38:44.954,4,-0.84,-0.35,0.41,47.4574,60.453599999999994,-78.1708,175,75
2026-05-07 18:38:44.958,4,-0.82,-0.34,0.5,50.0774,56.31360000000001,-81.5908,175,75
2026-05-07 18:38:44.974,4,-0.8,-0.37,0.57,53.7974,27.223600000000005,-88.54079999999999,175,75
2026-05-07 18:38:44.986,4,-0.84,-0.39,0.57,60.1974,-17.3464,-99.0908,175,75
2026-05-07 18:38:44.998,4,-0.91,-0.38,0.53,66.0574,-43.0764,-105.0608,175,75
2026-05-07 18:38:45.021,4,-1.1,-0.32,0.42,82.88740000000001,-43.8664,-107.2008,175,75
2026-05-07 18:38:45.036,4,-1.12,-0.31,0.42,92.3374,-22.0464,-103.60079999999999,175,75
2026-05-07 18:38:45.060,4,-1.1,-0.31,0.44,101.29740000000001,-2.406399999999998,-98.6608,175,75
2026-05-07 18:38:45.072,4,-1.07,-0.32,0.54,119.28739999999999,21.803600000000003,-84.2708,175,75
2026-05-07 18:38:45.103,4,-1.03,-0.33,0.73,116.72739999999999,16.553600000000003,-81.71079999999999,175,75
2026-05-07 18:38:45.112,4,-0.93,-0.28,0.77,119.4074,-24.6064,-82.2008,175,75
2026-05-07 18:38:45.138,4,-0.89,-0.3,0.79,124.4074,-69.1164,-82.93079999999999,175,75
2026-05-07 18:38:45.138,4,-0.86,-0.34,0.79,121.60740000000001,-111.7364,-87.32079999999999,175,75
2026-05-07 18:38:45.149,4,-0.85,-0.37,0.78,116.1774,-143.0164,-92.8108,175,75
2026-05-07 18:38:45.160,4,-0.84,-0.39,0.75,108.3074,-175.5764,-100.12079999999999,175,75
2026-05-07 18:38:45.171,4,-0.82,-0.39,0.73,98.73740000000001,-208.9364,-109.2708,175,75
2026-05-07 18:38:45.184,4,-0.79,-0.39,0.68,89.10740000000001,-238.0764,-120.86079999999998,175,75
2026-05-07 18:38:45.194,4,-0.78,-0.37,0.63,76.47739999999999,-260.02639999999997,-132.3208,175,75
2026-05-07 18:38:45.205,4,-0.79,-0.33,0.57,62.9474,-265.6364,-137.5008,175,75
2026-05-07 18:38:45.227,4,-0.8,-0.29,0.53,50.5674,-253.9364,-137.9308,175,75
2026-05-07 18:38:45.227,4,-0.8,-0.26,0.51,42.4574,-237.3464,-137.5008,175,75
2026-05-07 18:38:45.237,4,-0.8,-0.24,0.52,33.9774,-219.1764,-137.08079999999998,175,75
2026-05-07 18:38:45.260,4,-0.85,-0.19,0.56,18.7974,-180.5764,-130.61079999999998,175,75
2026-05-07 18:38:45.273,4,-0.86,-0.14,0.6,11.907399999999999,-158.6864,-125.0008,175,75
2026-05-07 18:38:45.283,4,-0.86,-0.08,0.65,6.1774000000000004,-140.2764,-119.82079999999999,175,75
2026-05-07 18:38:45.298,4,-0.85,-0.05,0.67,3.0674,-128.38639999999998,-114.0908,175,75
2026-05-07 18:38:45.298,4,-0.83,-0.03,0.68,1.7274000000000003,-119.2364,-108.1108,175,75
2026-05-07 18:38:45.310,4,-0.81,-0.03,0.69,0.5074000000000005,-109.6664,-100.8008,175,75
2026-05-07 18:38:45.321,4,-0.8,-0.02,0.68,-0.2225999999999999,-101.3064,-95.5508,175,75
2026-05-07 18:38:45.334,4,-0.78,-0.03,0.68,-1.2626,-91.5564,-91.10079999999999,175,75
2026-05-07 18:38:45.345,4,-0.76,-0.05,0.68,-2.4825999999999997,-80.4564,-83.3608,175,75
2026-05-07 18:38:45.356,4,-0.73,-0.08,0.69,-3.0926,-72.7764,-77.32079999999999,175,75
2026-05-07 18:38:45.370,4,-0.72,-0.1,0.69,-3.4526000000000003,-67.34639999999999,-72.87079999999999,175,75
2026-05-07 18:38:45.370,4,-0.71,-0.11,0.69,-3.8225999999999996,-63.3264,-69.0908,175,75
2026-05-07 18:38:45.391,4,-0.69,-0.12,0.7,-3.5825999999999993,-59.356399999999994,-64.4508,175,75
2026-05-07 18:38:45.391,4,-0.67,-0.13,0.7,-2.1125999999999996,-58.386399999999995,-60.250800000000005,175,75
2026-05-07 18:38:45.403,4,-0.66,-0.14,0.7,-0.5325999999999995,-58.8664,-54.9408,175,75
2026-05-07 18:38:45.413,4,-0.65,-0.15,0.71,2.2774000000000005,-59.1764,-50.120799999999996,175,75
2026-05-07 18:38:45.425,4,-0.64,-0.17,0.71,7.087400000000001,-60.7564,-43.1708,175,75
2026-05-07 18:38:45.448,4,-0.64,-0.19,0.7,16.1174,-65.15639999999999,-32.4408,175,75
2026-05-07 18:38:45.459,4,-0.63,-0.19,0.7,21.7874,-66.85640000000001,-24.760800000000003,175,75
2026-05-07 18:38:45.471,4,-0.61,-0.17,0.7,27.3974,-69.60640000000001,-16.220800000000004,175,75
2026-05-07 18:38:45.483,4,-0.61,-0.15,0.69,32.8274,-71.5564,-9.880799999999999,175,75
2026-05-07 18:38:45.512,4,-0.55,-0.12,0.65,51.7274,-66.9164,14.1392,175,75
2026-05-07 18:38:45.531,4,-0.53,-0.1,0.64,58.3674,-60.3364,22.3792,175,75
2026-05-07 18:38:45.536,4,-0.51,-0.09,0.64,65.6274,-52.5864,31.8292,175,75
2026-05-07 18:38:45.545,4,-0.49,-0.09,0.64,72.82740000000001,-44.8464,41.3392,175,75
2026-05-07 18:38:45.567,4,-0.48,-0.13,0.64,86.23740000000001,-28.996399999999998,56.5192,175,75
2026-05-07 18:38:45.578,4,-0.46,-0.15,0.63,91.1774,-21.3664,62.1292,175,75
2026-05-07 18:38:45.604,4,-0.44,-0.17,0.62,99.3474,-8.0764,71.1592,175,75
2026-05-07 18:38:45.613,4,-0.42,-0.17,0.63,102.2174,-1.5564,74.6892,175,75
2026-05-07 18:38:45.624,4,-0.43,-0.19,0.63,104.7774,5.9436000000000035,77.9892,175,75
2026-05-07 18:38:45.638,4,-0.43,-0.21,0.63,107.0874,12.773600000000002,80.2992,175,75
2026-05-07 18:38:45.651,4,-0.42,-0.27,0.6,108.85740000000001,24.303600000000003,75.4892,175,75
2026-05-07 18:38:45.661,4,-0.41,-0.27,0.6,106.78739999999999,32.4136,77.0692,175,75
2026-05-07 18:38:45.672,4,-0.42,-0.26,0.59,103.85740000000001,41.06360000000001,79.6292,175,75
2026-05-07 18:38:45.684,4,-0.43,-0.27,0.59,98.79740000000001,54.723600000000005,81.2192,175,75
2026-05-07 18:38:45.709,4,-0.42,-0.32,0.64,87.76740000000001,69.5436,81.0892,175,75
2026-05-07 18:38:45.720,4,-0.4,-0.36,0.67,82.0274,71.06360000000001,79.3292,175,75
2026-05-07 18:38:45.743,4,-0.39,-0.49,0.71,68.6174,63.3236,71.4592,175,75
2026-05-07 18:38:45.761,4,-0.38,-0.6,0.71,63.0074,56.4336,66.8292,175,75
2026-05-07 18:38:45.774,4,-0.39,-0.68,0.71,57.7674,48.9936,61.639199999999995,175,75
2026-05-07 18:38:45.778,4,-0.42,-0.76,0.7,50.9974,38.143600000000006,51.7692,175,75
2026-05-07 18:38:45.818,4,-0.46,-0.63,0.74,17.3974,7.593600000000002,10.1792,175,75
2026-05-07 18:38:45.845,4,-0.45,-0.25,0.75,-19.9226,-31.976399999999998,-9.760800000000001,175,75
2026-05-07 18:38:45.868,4,-0.5,-0.13,0.72,-40.1626,-23.9364,-10.370800000000001,175,75
2026-05-07 18:38:45.891,4,-0.51,-0.1,0.71,-54.8026,-4.116399999999999,-6.710800000000001,175,75
2026-05-07 18:38:45.901,4,-0.52,-0.11,0.7,-60.282599999999995,8.633600000000001,-4.6408000000000005,175,75
2026-05-07 18:38:45.906,4,-0.53,-0.15,0.69,-63.4526,18.083600000000004,-3.8407999999999998,175,75
2026-05-07 18:38:45.918,4,-0.54,-0.21,0.68,-66.3226,28.7536,-2.7508,175,75
2026-05-07 18:38:45.934,4,-0.55,-0.27,0.66,-67.42259999999999,39.843599999999995,-3.3607999999999993,175,75
2026-05-07 18:38:45.946,4,-0.55,-0.35,0.61,-65.1626,53.203599999999994,-4.580800000000002,175,75
2026-05-07 18:38:45.970,4,-0.56,-0.5,0.5,-49.7326,83.9936,-5.670800000000002,175,75
2026-05-07 18:38:45.997,4,-0.54,-0.6,0.43,-35.2826,117.2236,-16.7708,175,75
2026-05-07 18:38:46.008,4,-0.54,-0.62,0.43,-31.202599999999997,127.1036,-21.650800000000004,175,75
2026-05-07 18:38:46.018,4,-0.54,-0.62,0.44,-27.052599999999998,134.24360000000001,-25.860800000000005,175,75
2026-05-07 18:38:46.030,4,-0.5,-0.64,0.49,-21.4426,137.7736,-34.5808,175,75
2026-05-07 18:38:46.041,4,-0.45,-0.66,0.56,-16.8726,130.5236,-47.2608,175,75
2026-05-07 18:38:46.052,4,-0.46,-0.68,0.67,-11.0826,109.5436,-65.0008,175,75
2026-05-07 18:38:46.085,4,-0.65,-0.61,0.91,-11.8126,2.773600000000002,-104.21079999999999,175,75
2026-05-07 18:38:46.096,4,-0.66,-0.53,0.96,-8.6426,-53.0764,-120.1208,175,75
2026-05-07 18:38:46.110,4,-0.67,-0.5,1.0,-2.7226,-97.2864,-126.2208,175,75
2026-05-07 18:38:46.123,4,-0.68,-0.52,1.06,1.6674000000000002,-174.2364,-130.4908,175,75
2026-05-07 18:38:46.136,4,-0.82,-0.58,1.04,-1.6326,-268.5664,-138.5408,175,75
2026-05-07 18:38:46.198,4,-1.5,-0.53,0.38,-76.6326,-466.3064,-103.23079999999999,175,75
2026-05-07 18:38:46.228,4,-1.15,-0.34,0.24,-113.0326,-364.4764,-75.6108,175,75
2026-05-07 18:38:46.286,4,-0.77,-0.36,0.45,-173.5226,-43.5064,41.8892,175,75
2026-05-07 18:38:46.301,4,-0.77,-0.34,0.5,-175.0426,1.7436000000000007,51.9492,175,75
2026-05-07 18:38:46.314,4,-0.77,-0.33,0.52,-175.7126,30.6436,58.1692,175,75
2026-05-07 18:38:46.314,4,-0.78,-0.35,0.53,-173.8826,58.6936,63.959199999999996,175,75
2026-05-07 18:38:46.330,4,-0.81,-0.38,0.52,-165.6526,92.2836,69.2692,175,75
2026-05-07 18:38:46.341,4,-0.82,-0.4,0.52,-152.48260000000002,130.6436,74.1992,175,75
2026-05-07 18:38:46.352,4,-0.82,-0.42,0.54,-140.5926,161.6136,79.1992,175,75
2026-05-07 18:38:46.364,4,-0.81,-0.44,0.56,-126.5026,183.3836,83.34920000000001,175,75
2026-05-07 18:38:46.400,4,-0.73,-0.37,0.59,-74.98259999999999,199.6036,85.84920000000001,175,75
2026-05-07 18:38:46.422,4,-0.46,-0.28,0.59,-40.8326,186.8036,85.5492,175,75
2026-05-07 18:38:46.441,4,-0.34,-0.28,0.62,-17.9726,187.3436,80.2992,175,75
2026-05-07 18:38:46.452,4,-0.29,-0.25,0.67,-5.162599999999999,193.6336,74.6892,175,75
2026-05-07 18:38:46.466,4,-0.29,-0.22,0.73,2.3374000000000006,197.5336,71.39920000000001,175,75
2026-05-07 18:38:46.476,4,-0.3,-0.17,0.78,10.9374,200.8836,69.4492,175,75
2026-05-07 18:38:46.490,4,-0.31,-0.11,0.86,20.8074,203.4436,72.2492,175,75
2026-05-07 18:38:46.490,4,-0.32,-0.08,0.92,30.0774,197.7136,76.0292,175,75
2026-05-07 18:38:46.502,4,-0.33,-0.09,0.96,36.297399999999996,188.0836,78.8392,175,75
2026-05-07 18:38:46.520,4,-0.3,-0.14,0.99,46.0574,170.7636,81.6392,175,75
2026-05-07 18:38:46.528,4,-0.27,-0.18,1.03,52.6974,155.7036,82.4992,175,75
2026-05-07 18:38:46.546,4,-0.24,-0.24,1.09,67.1574,101.43360000000001,81.0892,175,75
2026-05-07 18:38:46.558,4,-0.23,-0.28,1.11,74.5874,67.5936,80.4192,175,75
2026-05-07 18:38:46.578,4,-0.22,-0.34,1.08,81.0574,27.1036,78.3492,175,75
2026-05-07 18:38:46.591,4,-0.24,-0.4,1.04,86.29740000000001,-6.5564,76.1592,175,75
2026-05-07 18:38:46.591,4,-0.26,-0.44,0.99,90.32740000000001,-29.356399999999997,73.6592,175,75
2026-05-07 18:38:46.604,4,-0.26,-0.48,0.95,93.6174,-47.8964,70.6692,175,75
2026-05-07 18:38:46.614,4,-0.26,-0.5,0.88,94.8974,-62.8964,67.1892,175,75
2026-05-07 18:38:46.636,4,-0.26,-0.51,0.81,94.7174,-73.3264,63.0492,175,75
2026-05-07 18:38:46.651,4,-0.31,-0.47,0.7,93.00739999999999,-59.356399999999994,53.8392,175,75
2026-05-07 18:38:46.661,4,-0.33,-0.44,0.66,90.8074,-45.0864,50.849199999999996,175,75
2026-05-07 18:38:46.670,4,-0.36,-0.4,0.65,87.4574,-31.246399999999998,48.959199999999996,175,75
2026-05-07 18:38:46.696,4,-0.4,-0.36,0.65,82.76740000000001,-12.3464,46.4592,175,75
2026-05-07 18:38:46.696,4,-0.44,-0.32,0.66,78.85740000000001,4.303600000000003,45.7892,175,75
2026-05-07 18:38:46.708,4,-0.47,-0.29,0.67,76.1774,15.823599999999999,45.8492,175,75
2026-05-07 18:38:46.718,4,-0.5,-0.27,0.7,72.63740000000001,26.1336,46.2792,175,75
2026-05-07 18:38:46.741,4,-0.56,-0.26,0.75,66.4174,36.06360000000001,46.3992,175,75
2026-05-07 18:38:46.750,4,-0.57,-0.26,0.76,64.5274,34.3636,45.2992,175,75
2026-05-07 18:38:46.761,4,-0.58,-0.26,0.79,62.7674,28.9336,44.3892,175,75
2026-05-07 18:38:46.773,4,-0.58,-0.26,0.8,63.0074,21.553600000000003,44.4492,175,75
2026-05-07 18:38:46.783,4,-0.58,-0.27,0.8,63.6774,13.9936,44.4492,175,75
2026-05-07 18:38:46.794,4,-0.57,-0.28,0.8,64.4674,5.883600000000001,43.2292,175,75
2026-05-07 18:38:46.811,4,-0.55,-0.32,0.78,65.26740000000001,-13.686399999999999,39.8092,175,75
2026-05-07 18:38:46.819,4,-0.54,-0.32,0.76,64.9574,-23.3264,37.0092,175,75
2026-05-07 18:38:46.830,4,-0.53,-0.32,0.76,64.4674,-32.4064,34.8792,175,75
2026-05-07 18:38:46.852,4,-0.51,-0.31,0.76,63.9174,-43.4464,32.2492,175,75
2026-05-07 18:38:46.863,4,-0.5,-0.32,0.75,63.5574,-51.496399999999994,30.5492,175,75
2026-05-07 18:38:46.863,4,-0.49,-0.32,0.75,63.187400000000004,-58.4464,28.3492,175,75
2026-05-07 18:38:46.888,4,-0.47,-0.36,0.77,61.0574,-72.0464,22.1892,175,75
2026-05-07 18:38:46.901,4,-0.46,-0.37,0.77,59.6574,-79.5464,19.3892,175,75
2026-05-07 18:38:46.911,4,-0.47,-0.37,0.78,58.5574,-85.88640000000001,15.5492,175,75
2026-05-07 18:38:46.936,4,-0.45,-0.38,0.79,58.3674,-102.7164,8.049199999999999,175,75
2026-05-07 18:38:46.947,4,-0.47,-0.38,0.78,57.8874,-114.6664,5.969200000000001,175,75
2026-05-07 18:38:46.947,4,-0.48,-0.39,0.75,57.7674,-119.4164,4.9992,175,75
2026-05-07 18:38:46.961,4,-0.49,-0.38,0.71,57.6974,-120.8864,3.7192000000000007,175,75
2026-05-07 18:38:46.981,4,-0.48,-0.37,0.68,58.1274,-116.1264,4.0792,175,75
2026-05-07 18:38:47.007,4,-0.42,-0.34,0.66,57.7674,-90.9464,12.2492,175,75
2026-05-07 18:38:47.020,4,-0.4,-0.35,0.65,57.8274,-84.2964,13.5292,175,75
2026-05-07 18:38:47.033,4,-0.39,-0.36,0.66,58.1274,-78.13640000000001,14.9992,175,75
2026-05-07 18:38:47.044,4,-0.39,-0.37,0.66,59.5274,-74.1764,16.2192,175,75
2026-05-07 18:38:47.058,4,-0.39,-0.38,0.65,60.5674,-72.0464,16.339199999999998,175,75
2026-05-07 18:38:47.068,4,-0.41,-0.38,0.64,61.9674,-69.4164,16.4592,175,75
2026-05-07 18:38:47.083,4,-0.42,-0.38,0.64,64.1674,-65.3964,17.1892,175,75
2026-05-07 18:38:47.093,4,-0.43,-0.39,0.65,66.1174,-64.5464,18.6592,175,75
2026-05-07 18:38:47.103,4,-0.44,-0.44,0.65,69.8974,-64.84639999999999,21.2792,175,75
2026-05-07 18:38:47.103,4,-0.45,-0.51,0.64,73.3674,-64.90639999999999,22.9892,175,75
2026-05-07 18:38:47.127,4,-0.45,-0.59,0.61,77.0874,-65.0864,24.199199999999998,175,75
2026-05-07 18:38:47.138,4,-0.48,-0.64,0.57,79.5274,-63.6264,22.3092,175,75
2026-05-07 18:38:47.150,4,-0.49,-0.63,0.54,80.07740000000001,-59.1764,14.4492,175,75
2026-05-07 18:38:47.150,4,-0.49,-0.56,0.52,77.76740000000001,-55.1564,5.1792,175,75
2026-05-07 18:38:47.183,4,-0.47,-0.41,0.53,71.66739999999999,-49.2964,-4.580800000000002,175,75
2026-05-07 18:38:47.183,4,-0.44,-0.31,0.54,63.7374,-43.3264,-6.830800000000002,175,75
2026-05-07 18:38:47.186,4,-0.48,-0.28,0.54,53.437400000000004,-40.9464,-7.380799999999999,175,75
2026-05-07 18:38:47.199,4,-0.6,-0.27,0.52,39.4674,-33.8664,-9.510800000000001,175,75
2026-05-07 18:38:47.210,4,-0.69,-0.25,0.54,23.0674,-27.656399999999998,-11.1608,175,75
2026-05-07 18:38:47.219,4,-0.73,-0.21,0.55,7.157400000000001,-20.156399999999998,-9.760800000000001,175,75
2026-05-07 18:38:47.233,4,-0.69,-0.2,0.54,-8.3326,-15.3364,-7.440800000000001,175,75
2026-05-07 18:38:47.243,4,-0.68,-0.24,0.51,-17.5426,-16.976399999999998,-5.0008,175,75
2026-05-07 18:38:47.255,4,-0.7,-0.3,0.49,-25.6526,-13.016399999999997,-3.7207999999999988,175,75
2026-05-07 18:38:47.276,4,-0.7,-0.42,0.55,-59.4926,9.663600000000002,-8.720799999999999,175,75
2026-05-07 18:38:47.290,4,-0.72,-0.43,0.69,-78.0926,9.973600000000005,-12.1408,175,75
2026-05-07 18:38:47.315,4,-0.69,-0.43,0.87,-107.9126,-37.7164,-25.120800000000003,175,75
2026-05-07 18:38:47.325,4,-0.64,-0.38,0.82,-127.7826,-107.4664,-37.8708,175,75
2026-05-07 18:38:47.337,4,-0.65,-0.35,0.69,-133.2726,-133.8064,-37.3808,175,75
2026-05-07 18:38:47.350,4,-0.65,-0.37,0.58,-139.3126,-134.1764,-32.6208,175,75
2026-05-07 18:38:47.360,4,-0.64,-0.43,0.48,-154.86260000000001,-113.5064,-23.050800000000002,175,75
2026-05-07 18:38:47.370,4,-0.64,-0.48,0.43,-165.7126,-89.4764,-17.080800000000004,175,75
2026-05-07 18:38:47.391,4,-0.65,-0.52,0.43,-176.5026,-55.1564,-10.8608,175,75
2026-05-07 18:38:47.402,4,-0.64,-0.55,0.46,-181.8726,-27.656399999999998,-6.470799999999999,175,75
2026-05-07 18:38:47.414,4,-0.65,-0.55,0.49,-185.7726,-14.726399999999998,-3.6008000000000013,175,75
2026-05-07 18:38:47.414,4,-0.67,-0.54,0.51,-190.5326,-4.666399999999999,-3.3607999999999993,175,75
2026-05-07 18:38:47.426,4,-0.67,-0.54,0.51,-196.8726,8.263600000000004,-0.31079999999999863,175,75
2026-05-07 18:38:47.440,4,-0.68,-0.54,0.5,-200.95260000000002,18.3236,3.4692000000000007,175,75
2026-05-07 18:38:47.451,4,-0.71,-0.54,0.47,-203.5226,33.5636,8.1092,175,75
2026-05-07 18:38:47.463,4,-0.75,-0.57,0.45,-202.6626,55.703599999999994,15.6692,175,75
2026-05-07 18:38:47.485,4,-0.77,-0.6,0.48,-199.4926,111.6736,26.3992,175,75
2026-05-07 18:38:47.498,4,-0.77,-0.6,0.52,-197.17260000000002,127.71360000000001,28.7792,175,75
2026-05-07 18:38:47.506,4,-0.75,-0.58,0.57,-192.11260000000001,142.8936,30.0592,175,75
2026-05-07 18:38:47.509,4,-0.75,-0.57,0.61,-185.3426,149.5436,29.6892,175,75
2026-05-07 18:38:47.524,4,-0.74,-0.53,0.64,-176.3826,154.5436,28.0492,175,75
2026-05-07 18:38:47.537,4,-0.72,-0.5,0.66,-168.2126,155.0936,24.449199999999998,175,75
2026-05-07 18:38:47.562,4,-0.71,-0.41,0.7,-152.0526,152.5336,13.8992,175,75
2026-05-07 18:38:47.573,4,-0.72,-0.34,0.73,-141.9926,147.7736,9.3292,175,75
2026-05-07 18:38:47.584,4,-0.71,-0.25,0.75,-130.3426,139.7236,9.8092,175,75
2026-05-07 18:38:47.594,4,-0.7,-0.2,0.78,-120.89259999999999,131.74360000000001,9.6292,175,75
2026-05-07 18:38:47.619,4,-0.67,-0.15,0.81,-107.23259999999999,116.55359999999999,9.139199999999999,175,75
2026-05-07 18:38:47.619,4,-0.65,-0.13,0.81,-96.5026,103.87360000000001,9.389199999999999,175,75
2026-05-07 18:38:47.640,4,-0.58,-0.1,0.84,-64.3726,62.7736,10.9092,175,75
2026-05-07 18:38:47.652,4,-0.55,-0.12,0.81,-49.8026,46.4936,13.1092,175,75
2026-05-07 18:38:47.666,4,-0.54,-0.16,0.79,-38.0326,36.613600000000005,14.6292,175,75
2026-05-07 18:38:47.673,4,-0.53,-0.2,0.76,-23.8826,29.4236,16.339199999999998,175,75
2026-05-07 18:38:47.704,4,-0.5,-0.32,0.73,6.1774000000000004,20.8836,16.339199999999998,175,75
2026-05-07 18:38:47.716,4,-0.5,-0.35,0.74,18.8574,14.303600000000003,14.7492,175,75
2026-05-07 18:38:47.727,4,-0.49,-0.39,0.75,32.2174,6.133600000000001,13.049199999999999,175,75
2026-05-07 18:38:47.727,4,-0.47,-0.44,0.75,42.7674,0.21359999999999957,13.7792,175,75
2026-05-07 18:38:47.738,4,-0.44,-0.56,0.73,62.8274,-11.0064,17.6792,175,75
2026-05-07 18:38:47.761,4,-0.48,-0.63,0.71,76.29740000000001,-17.4664,19.749200000000002,175,75
2026-05-07 18:38:47.761,4,-0.5,-0.7,0.7,91.78739999999999,-19.726399999999998,22.1892,175,75
2026-05-07 18:38:47.772,4,-0.5,-0.75,0.7,105.8674,-20.516399999999997,22.9192,175,75
2026-05-07 18:38:47.783,4,-0.49,-0.78,0.73,120.13740000000001,-22.5264,21.769199999999998,175,75
2026-05-07 18:38:47.797,4,-0.39,-0.72,0.75,129.2874,-29.4164,13.8992,175,75
2026-05-07 18:38:47.814,4,0.03,-0.4,0.77,123.85740000000001,-48.136399999999995,9.6892,175,75
2026-05-07 18:38:47.823,4,0.31,-0.28,0.66,113.97739999999999,-57.8364,24.019199999999998,175,75
2026-05-07 18:38:47.840,4,0.39,-0.38,0.45,117.76740000000001,-45.7564,22.8592,175,75
2026-05-07 18:38:47.850,4,0.37,-0.61,0.31,121.66739999999999,-10.516399999999997,12.3792,175,75
2026-05-07 18:38:47.856,4,0.32,-0.83,0.29,113.06739999999999,29.303600000000003,-1.7108000000000008,175,75
2026-05-07 18:38:47.874,4,0.21,-0.95,0.37,92.69739999999999,68.56360000000001,-22.260800000000003,175,75
2026-05-07 18:38:47.898,4,0.23,-0.76,0.68,50.0174,69.9136,-87.62079999999999,175,75
2026-05-07 18:38:47.919,4,0.18,-0.72,0.72,41.0574,0.39360000000000284,-108.1108,175,75
2026-05-07 18:38:47.929,4,0.22,-0.72,0.73,21.7874,-60.5764,-138.9708,175,75
2026-05-07 18:38:47.934,4,0.27,-0.68,0.68,4.4074,-99.7264,-159.5108,175,75
2026-05-07 18:38:47.948,4,0.32,-0.58,0.57,-9.6726,-135.82639999999998,-178.7808,175,75
2026-05-07 18:38:47.961,4,0.28,-0.5,0.4,-21.2626,-165.8864,-195.0008,175,75
2026-05-07 18:38:47.973,4,0.13,-0.44,0.17,-36.9326,-171.8564,-210.7308,175,75
2026-05-07 18:38:47.984,4,-0.06,-0.39,0.01,-58.0326,-140.0864,-221.1008,175,75
2026-05-07 18:38:47.993,4,-0.18,-0.32,-0.08,-73.1526,-99.7864,-224.33079999999998,175,75
2026-05-07 18:38:48.004,4,-0.24,-0.24,-0.09,-81.8126,-57.8964,-224.7008,175,75
2026-05-07 18:38:48.020,4,-0.25,-0.16,-0.01,-86.20259999999999,-12.7164,-221.0408,175,75
2026-05-07 18:38:48.049,4,-0.38,-0.01,0.31,-89.61259999999999,12.593600000000002,-221.83079999999998,175,75
2026-05-07 18:38:48.061,4,-0.44,0.07,0.39,-87.8426,1.553600000000003,-222.5608,175,75
2026-05-07 18:38:48.071,4,-0.52,0.16,0.45,-83.52260000000001,-10.026399999999999,-221.2208,175,75
2026-05-07 18:38:48.092,4,-0.6,0.24,0.49,-78.64259999999999,-16.9164,-215.4308,175,75
2026-05-07 18:38:48.092,4,-0.63,0.29,0.51,-74.49260000000001,-16.6164,-210.1208,175,75
2026-05-07 18:38:48.104,4,-0.64,0.35,0.55,-68.21260000000001,-17.1664,-202.6908,175,75
2026-05-07 18:38:48.136,4,-0.77,0.48,0.63,-53.7026,-14.476399999999998,-182.6208,175,75
2026-05-07 18:38:48.148,4,-0.81,0.53,0.66,-46.2626,-9.546399999999998,-172.3808,175,75
2026-05-07 18:38:48.148,4,-0.83,0.59,0.7,-39.4926,-7.406399999999998,-158.9008,175,75
2026-05-07 18:38:48.163,4,-0.85,0.62,0.73,-32.5426,-7.346399999999999,-144.33079999999998,175,75
2026-05-07 18:38:48.177,4,-0.87,0.63,0.75,-26.3826,-9.116399999999999,-132.3808,175,75
2026-05-07 18:38:48.187,4,-0.88,0.63,0.77,-17.1726,-12.956399999999999,-116.3408,175,75
2026-05-07 18:38:48.211,4,-0.88,0.62,0.81,1.5474000000000006,-30.6364,-82.93079999999999,175,75
2026-05-07 18:38:48.222,4,-0.88,0.61,0.83,9.3474,-40.6964,-68.8408,175,75
2026-05-07 18:38:48.233,4,-0.91,0.61,0.82,19.587400000000002,-52.106399999999994,-50.4308,175,75
2026-05-07 18:38:48.244,4,-0.92,0.62,0.81,29.2274,-56.3064,-34.6408,175,75
2026-05-07 18:38:48.256,4,-0.93,0.62,0.8,38.9774,-58.136399999999995,-17.080800000000004,175,75
2026-05-07 18:38:48.268,4,-0.93,0.62,0.79,49.1674,-58.136399999999995,2.5592000000000006,175,75
2026-05-07 18:38:48.279,4,-0.94,0.61,0.78,60.0174,-57.4664,20.9092,175,75
2026-05-07 18:38:48.279,4,-0.94,0.6,0.77,74.10740000000001,-55.6964,45.2992,175,75
2026-05-07 18:38:48.292,4,-0.92,0.57,0.76,87.69739999999999,-53.9364,68.9592,175,75
2026-05-07 18:38:48.302,4,-0.9,0.54,0.75,100.44739999999999,-52.2264,90.48920000000001,175,75
2026-05-07 18:38:48.314,4,-0.88,0.5,0.75,113.2474,-50.276399999999995,111.6392,175,75
2026-05-07 18:38:48.326,4,-0.82,0.43,0.74,127.1574,-51.246399999999994,133.7792,175,75
2026-05-07 18:38:48.360,4,-0.61,0.12,0.63,173.85739999999998,-66.3064,196.0292,175,75
2026-05-07 18:38:48.374,4,-0.49,-0.01,0.55,191.6674,-61.8564,216.5192,175,75
2026-05-07 18:38:48.389,4,-0.24,-0.29,0.39,225.5074,-30.336399999999998,248.2292,175,75
2026-05-07 18:38:48.409,4,-0.17,-0.44,0.36,238.2474,-16.976399999999998,257.8592,175,75
2026-05-07 18:38:48.416,4,-0.13,-0.67,0.34,250.5674,1.313600000000001,262.9192,175,75
2026-05-07 18:38:48.441,4,-0.19,-0.85,0.27,260.0774,28.3236,268.7192,175,75
2026-05-07 18:38:48.452,4,-0.17,-0.95,0.22,264.7174,57.473600000000005,272.9192,175,75
2026-05-07 18:38:48.462,4,-0.09,-1.04,0.19,263.3674,86.0036,272.6792,175,75
2026-05-07 18:38:48.470,4,0.06,-1.16,0.12,254.10739999999998,114.6636,270.9092,175,75
2026-05-07 18:38:48.499,4,-0.72,-1.27,0.27,210.07739999999998,252.8936,302.0692,175,75
2026-05-07 18:38:48.522,4,-1.02,-1.23,0.57,179.9574,333.2636,281.5192,175,75
2026-05-07 18:38:48.531,4,-1.04,-1.23,0.88,147.0874,365.3336,235.8492,175,75
2026-05-07 18:38:48.533,4,-0.93,-1.24,1.15,122.88740000000001,340.8236,181.69920000000002,175,75
2026-05-07 18:38:48.547,4,-0.76,-1.24,1.39,97.94739999999999,276.7436,112.0092,175,75
2026-05-07 18:38:48.566,4,-0.58,-1.18,1.59,67.6374,181.0036,27.249200000000002,175,75
2026-05-07 18:38:48.586,4,0.27,-0.61,1.81,-15.532599999999999,-43.6264,-35.610800000000005,175,75
2026-05-07 18:38:48.601,4,0.02,-0.14,1.7,-50.2826,-136.9164,70.7292,175,75
2026-05-07 18:38:48.611,4,-0.57,-0.16,1.38,-46.3826,-152.40640000000002,88.2292,175,75
2026-05-07 18:38:48.621,4,-0.52,-0.5,1.19,-26.3226,-131.7964,65.2392,175,75
2026-05-07 18:38:48.632,4,-0.34,-0.68,1.19,-21.0226,-125.9464,69.7492,175,75
2026-05-07 18:38:48.645,4,-0.33,-0.63,1.2,-24.6126,-127.4064,64.1392,175,75
2026-05-07 18:38:48.657,4,-0.23,-0.47,1.21,-29.312599999999996,-136.2464,43.4092,175,75
2026-05-07 18:38:48.693,4,0.05,-0.18,1.0,-19.3126,-245.75639999999999,27.129199999999997,175,75
2026-05-07 18:38:48.702,4,-0.04,-0.21,0.83,-24.0026,-268.44640000000004,12.8592,175,75
2026-05-07 18:38:48.713,4,-0.16,-0.27,0.63,-44.7326,-258.7464,-2.5008,175,75
2026-05-07 18:38:48.742,4,-0.3,-0.08,0.18,-63.642599999999995,-171.1264,-19.940800000000003,175,75
2026-05-07 18:38:48.753,4,-0.29,0.05,0.09,-39.5526,-114.2364,-8.780800000000001,175,75
2026-05-07 18:38:48.765,4,-0.36,0.09,0.19,-10.3426,-42.2264,13.3492,175,75
2026-05-07 18:38:48.767,4,-0.41,0.04,0.31,-6.442599999999999,13.323599999999999,25.4892,175,75
2026-05-07 18:38:48.780,4,-0.43,-0.02,0.42,-13.392599999999998,52.6536,28.8992,175,75
2026-05-07 18:38:48.811,4,-0.38,-0.1,0.68,-4.002599999999999,93.4436,19.749200000000002,175,75
2026-05-07 18:38:48.822,4,-0.41,-0.12,0.72,6.2974000000000006,92.3436,16.8292,175,75
2026-05-07 18:38:48.832,4,-0.43,-0.16,0.72,11.6074,95.3336,14.1992,175,75
2026-05-07 18:38:48.856,4,-0.48,-0.31,0.7,15.9374,104.84360000000001,7.4392,175,75
2026-05-07 18:38:48.871,4,-0.5,-0.35,0.7,18.8574,108.08359999999999,1.8892000000000007,175,75
2026-05-07 18:38:48.877,4,-0.51,-0.38,0.73,19.837400000000002,106.61359999999999,-5.800800000000001,175,75
2026-05-07 18:38:48.884,4,-0.52,-0.39,0.76,18.4374,101.9836,-10.670800000000002,175,75
2026-05-07 18:38:48.911,4,-0.51,-0.47,0.81,13.557400000000001,77.2836,-21.5908,175,75
2026-05-07 18:38:48.922,4,-0.52,-0.52,0.83,13.067400000000001,63.6936,-23.300800000000002,175,75
2026-05-07 18:38:48.934,4,-0.54,-0.58,0.83,12.5174,49.483599999999996,-25.610800000000005,175,75
2026-05-07 18:38:48.947,4,-0.59,-0.66,0.83,9.467400000000001,30.583600000000004,-32.0808,175,75
2026-05-07 18:38:48.958,4,-0.61,-0.69,0.84,6.6074,19.053600000000003,-38.6608,175,75
2026-05-07 18:38:48.980,4,-0.57,-0.69,0.86,-0.6525999999999996,-14.1764,-52.140800000000006,175,75
2026-05-07 18:38:49.006,4,-0.53,-0.65,0.84,-3.3926,-50.3964,-58.84080000000001,175,75
2026-05-07 18:38:49.016,4,-0.51,-0.63,0.81,-5.412599999999999,-66.12639999999999,-60.92080000000001,175,75
2026-05-07 18:38:49.016,4,-0.5,-0.61,0.78,-8.2126,-76.85640000000001,-62.750800000000005,175,75
2026-05-07 18:38:49.034,4,-0.48,-0.62,0.74,-11.0826,-83.8064,-63.780800000000006,175,75
2026-05-07 18:38:49.048,4,-0.47,-0.63,0.7,-14.1326,-87.2864,-63.6008,175,75
2026-05-07 18:38:49.048,4,-0.47,-0.66,0.66,-17.9726,-88.62639999999999,-63.360800000000005,175,75
2026-05-07 18:38:49.070,4,-0.49,-0.71,0.63,-23.9426,-86.9164,-64.3308,175,75
2026-05-07 18:38:49.078,4,-0.53,-0.74,0.61,-30.6526,-83.93639999999999,-66.2208,175,75
2026-05-07 18:38:49.086,4,-0.55,-0.74,0.6,-37.4226,-79.84639999999999,-69.5808,175,75
2026-05-07 18:38:49.100,4,-0.56,-0.66,0.61,-47.9726,-73.0164,-77.6908,175,75
2026-05-07 18:38:49.107,4,-0.55,-0.55,0.63,-60.162600000000005,-64.2964,-81.2808,175,75
2026-05-07 18:38:49.121,4,-0.5,-0.43,0.67,-75.1026,-52.2264,-76.4708,175,75
2026-05-07 18:38:49.132,4,-0.48,-0.39,0.69,-83.58260000000001,-44.3564,-70.6708,175,75
2026-05-07 18:38:49.149,4,-0.43,-0.49,0.74,-98.64259999999999,-25.336399999999998,-62.9308,175,75
2026-05-07 18:38:49.161,4,-0.44,-0.58,0.76,-108.21260000000001,-16.6764,-63.17080000000001,175,75
2026-05-07 18:38:49.175,4,-0.47,-0.64,0.79,-118.70259999999999,-7.406399999999998,-65.9208,175,75
2026-05-07 18:38:49.190,4,-0.5,-0.68,0.79,-126.3826,1.3735999999999997,-69.0308,175,75
2026-05-07 18:38:49.204,4,-0.52,-0.71,0.81,-133.9426,8.1436,-72.26079999999999,175,75
2026-05-07 18:38:49.209,4,-0.54,-0.7,0.84,-137.6026,8.9936,-73.60079999999999,175,75
2026-05-07 18:38:49.220,4,-0.57,-0.69,0.84,-137.7226,7.413600000000002,-75.2508,175,75
2026-05-07 18:38:49.230,4,-0.59,-0.65,0.85,-135.89260000000002,3.813600000000001,-77.9908,175,75
2026-05-07 18:38:49.241,4,-0.59,-0.6,0.85,-132.7826,-1.186399999999999,-80.0008,175,75
2026-05-07 18:38:49.270,4,-0.56,-0.43,0.88,-125.6526,-11.976399999999998,-82.9908,175,75
2026-05-07 18:38:49.282,4,-0.55,-0.31,0.9,-120.2226,-19.3564,-81.2808,175,75
2026-05-07 18:38:49.292,4,-0.54,-0.2,0.91,-112.48259999999999,-28.5064,-78.4208,175,75
2026-05-07 18:38:49.310,4,-0.53,-0.13,0.92,-106.26259999999999,-34.5464,-76.4708,175,75
2026-05-07 18:38:49.310,4,-0.52,-0.06,0.93,-98.33260000000001,-43.8664,-73.4208,175,75
2026-05-07 18:38:49.322,4,-0.52,-0.01,0.93,-91.3226,-51.3664,-71.4108,175,75
2026-05-07 18:38:49.336,4,-0.52,0.05,0.94,-82.9726,-59.356399999999994,-67.5008,175,75
2026-05-07 18:38:49.357,4,-0.53,0.11,0.94,-68.70259999999999,-71.7964,-59.2108,175,75
2026-05-07 18:38:49.369,4,-0.53,0.12,0.91,-56.812599999999996,-77.9564,-52.6908,175,75
2026-05-07 18:38:49.382,4,-0.54,0.13,0.9,-46.7526,-80.5764,-48.230799999999995,175,75
2026-05-07 18:38:49.382,4,-0.54,0.13,0.89,-37.7226,-81.3664,-44.0908,175,75
2026-05-07 18:38:49.394,4,-0.54,0.13,0.88,-28.6426,-81.18639999999999,-40.5508,175,75
2026-05-07 18:38:49.415,4,-0.55,0.18,0.87,-4.8626000000000005,-79.7264,-30.120800000000003,175,75
2026-05-07 18:38:49.425,4,-0.54,0.2,0.86,7.8874,-77.8964,-23.4208,175,75
2026-05-07 18:38:49.436,4,-0.53,0.23,0.84,19.8974,-74.4164,-15.370800000000001,175,75
2026-05-07 18:38:49.446,4,-0.53,0.25,0.83,32.157399999999996,-69.60640000000001,-7.620800000000001,175,75
2026-05-07 18:38:49.470,4,-0.49,0.28,0.82,53.9774,-57.106399999999994,8.1692,175,75
2026-05-07 18:38:49.483,4,-0.47,0.28,0.82,61.7274,-53.8664,14.4492,175,75
2026-05-07 18:38:49.495,4,-0.46,0.25,0.81,71.8474,-49.666399999999996,22.069200000000002,175,75
2026-05-07 18:38:49.509,4,-0.45,0.21,0.79,81.9074,-44.416399999999996,29.749200000000002,175,75
2026-05-07 18:38:49.520,4,-0.44,0.16,0.77,93.2474,-37.8364,36.3392,175,75
2026-05-07 18:38:49.531,4,-0.44,0.12,0.76,101.9674,-31.4364,42.3092,175,75
2026-05-07 18:38:49.542,4,-0.45,0.09,0.77,109.6574,-26.6164,47.1892,175,75
2026-05-07 18:38:49.552,4,-0.45,0.06,0.77,119.4674,-21.556399999999996,53.779199999999996,175,75
2026-05-07 18:38:49.555,4,-0.47,0.02,0.77,129.8974,-18.806399999999996,61.1592,175,75
2026-05-07 18:38:49.572,4,-0.48,-0.03,0.77,142.4574,-19.056399999999996,69.6292,175,75
2026-05-07 18:38:49.576,4,-0.48,-0.1,0.76,153.9174,-21.3664,76.7692,175,75
2026-05-07 18:38:49.589,4,-0.48,-0.17,0.75,164.2274,-24.7864,82.4992,175,75
2026-05-07 18:38:49.600,4,-0.46,-0.27,0.72,175.2574,-29.4164,87.9192,175,75
2026-05-07 18:38:49.611,4,-0.45,-0.37,0.68,184.2274,-33.3864,92.3092,175,75
2026-05-07 18:38:49.622,4,-0.44,-0.52,0.65,194.3474,-36.5564,96.76920000000001,175,75
2026-05-07 18:38:49.632,4,-0.43,-0.62,0.63,199.8974,-37.8964,99.01920000000001,175,75
2026-05-07 18:38:49.644,4,-0.41,-0.75,0.64,204.5274,-41.6764,101.1592,175,75
2026-05-07 18:38:49.655,4,-0.39,-0.88,0.63,207.6974,-51.126400000000004,102.3092,175,75
2026-05-07 18:38:49.680,4,-0.42,-1.23,0.62,202.1574,-92.2264,111.6992,175,75
2026-05-07 18:38:49.693,4,-0.44,-1.32,0.59,192.51739999999998,-104.2364,117.9192,175,75
2026-05-07 18:38:49.715,4,-0.53,-1.39,0.52,168.5574,-116.9164,108.1692,175,75
2026-05-07 18:38:49.726,4,-0.63,-1.36,0.47,152.63739999999999,-113.6264,66.7692,175,75
2026-05-07 18:38:49.742,4,-0.68,-1.26,0.46,138.0674,-103.9964,6.459199999999999,175,75
2026-05-07 18:38:49.762,4,-0.61,-0.98,0.53,120.13740000000001,-89.4764,-102.01079999999999,175,75
2026-05-07 18:38:49.773,4,-0.22,-0.74,0.71,106.0574,-86.0664,-130.9808,175,75
2026-05-07 18:38:49.783,4,-0.0,-0.18,0.86,48.5574,-97.7764,-32.0108,175,75
2026-05-07 18:38:49.783,4,-0.29,0.06,0.8,18.6774,-97.1664,18.839199999999998,175,75
2026-05-07 18:38:49.799,4,-0.49,-0.06,0.72,11.787400000000002,-73.5064,20.9692,175,75
2026-05-07 18:38:49.824,4,-0.44,-0.68,0.79,10.627400000000002,-40.3364,10.9092,175,75
2026-05-07 18:38:49.834,4,-0.53,-0.69,0.83,-14.4326,-37.2864,-6.3408,175,75
2026-05-07 18:38:49.855,4,-0.51,-0.49,0.83,-38.1526,-47.8964,-39.0908,175,75
2026-05-07 18:38:49.866,4,-0.5,-0.39,0.79,-38.3926,-63.8664,-37.1408,175,75
2026-05-07 18:38:49.880,4,-0.54,-0.39,0.77,-39.2526,-72.7164,-35.000800000000005,175,75
2026-05-07 18:38:49.891,4,-0.6,-0.45,0.73,-46.6926,-74.7864,-37.930800000000005,175,75
2026-05-07 18:38:49.903,4,-0.62,-0.49,0.7,-56.8726,-71.4964,-45.0608,175,75
2026-05-07 18:38:49.915,4,-0.63,-0.49,0.68,-62.2326,-69.2364,-52.0808,175,75
2026-05-07 18:38:49.926,4,-0.61,-0.45,0.67,-63.7026,-70.15639999999999,-59.8808,175,75
2026-05-07 18:38:49.937,4,-0.56,-0.35,0.69,-61.382600000000004,-77.7164,-67.87079999999999,175,75
2026-05-07 18:38:49.948,4,-0.55,-0.31,0.69,-61.8726,-82.8364,-69.2708,175,75
2026-05-07 18:38:49.960,4,-0.55,-0.28,0.7,-62.97259999999999,-87.2864,-71.5908,175,75
2026-05-07 18:38:49.972,4,-0.54,-0.26,0.71,-64.73259999999999,-90.8264,-74.5808,175,75
2026-05-07 18:38:49.983,4,-0.54,-0.24,0.7,-66.6326,-93.9964,-78.23079999999999,175,75
2026-05-07 18:38:49.983,4,-0.54,-0.22,0.69,-67.42259999999999,-94.7264,-79.82079999999999,175,75
2026-05-07 18:38:50.008,4,-0.54,-0.19,0.7,-69.80260000000001,-90.2764,-81.9508,175,75
2026-05-07 18:38:50.018,4,-0.55,-0.18,0.7,-71.3826,-84.7264,-81.1608,175,75
2026-05-07 18:38:50.053,4,-0.56,-0.2,0.71,-71.6926,-73.5064,-79.9408,175,75
2026-05-07 18:38:50.063,4,-0.56,-0.23,0.72,-70.95259999999999,-67.9564,-79.4508,175,75
2026-05-07 18:38:50.074,4,-0.56,-0.26,0.72,-70.4126,-64.4164,-79.3908,175,75
2026-05-07 18:38:50.074,4,-0.57,-0.29,0.74,-69.86259999999999,-61.916399999999996,-78.9708,175,75
2026-05-07 18:38:50.084,4,-0.58,-0.31,0.75,-69.43260000000001,-61.126400000000004,-79.5808,175,75
2026-05-07 18:38:50.094,4,-0.61,-0.33,0.75,-68.39259999999999,-61.126400000000004,-80.43079999999999,175,75
2026-05-07 18:38:50.108,4,-0.64,-0.33,0.75,-66.5626,-61.126400000000004,-79.5808,175,75
2026-05-07 18:38:50.121,4,-0.7,-0.34,0.78,-63.332600000000006,-58.8664,-74.6408,175,75
2026-05-07 18:38:50.129,4,-0.69,-0.36,0.83,-60.5926,-63.3264,-70.37079999999999,175,75
2026-05-07 18:38:50.138,4,-0.64,-0.37,0.88,-57.4226,-77.34639999999999,-69.9408,175,75
2026-05-07 18:38:50.176,4,-0.68,-0.33,0.83,-38.0926,-149.6664,-74.6408,175,75
2026-05-07 18:38:50.191,4,-0.65,-0.3,0.78,-31.5026,-162.2864,-75.73079999999999,175,75
2026-05-07 18:38:50.191,4,-0.64,-0.26,0.72,-24.0026,-168.5664,-73.48079999999999,175,75
2026-05-07 18:38:50.213,4,-0.61,-0.27,0.63,-13.092600000000001,-156.5564,-70.8608,175,75
2026-05-07 18:38:50.241,4,-0.57,-0.31,0.54,-0.2825999999999995,-119.3564,-72.1408,175,75
2026-05-07 18:38:50.252,4,-0.57,-0.33,0.52,8.6774,-98.0164,-73.7208,175,75
2026-05-07 18:38:50.284,4,-0.58,-0.36,0.55,24.4674,-56.246399999999994,-74.5808,175,75
2026-05-07 18:38:50.284,4,-0.57,-0.37,0.58,27.2174,-36.8564,-76.1608,175,75
2026-05-07 18:38:50.296,4,-0.58,-0.38,0.61,31.2374,-20.516399999999997,-78.0508,175,75
2026-05-07 18:38:50.322,4,-0.6,-0.37,0.66,45.937400000000004,4.6036,-77.93079999999999,175,75
2026-05-07 18:38:50.322,4,-0.61,-0.36,0.69,53.9174,12.953600000000002,-76.65079999999999,175,75
2026-05-07 18:38:50.345,4,-0.61,-0.35,0.77,74.9574,24.053600000000003,-71.4108,175,75
2026-05-07 18:38:50.365,4,-0.62,-0.37,0.8,86.23740000000001,21.4936,-66.71079999999999,175,75
2026-05-07 18:38:50.365,4,-0.62,-0.39,0.81,97.82740000000001,16.4336,-62.010799999999996,175,75
2026-05-07 18:38:50.373,4,-0.63,-0.43,0.82,110.6874,7.413600000000002,-56.6508,175,75
2026-05-07 18:38:50.386,4,-0.62,-0.48,0.83,127.2774,-5.696399999999997,-48.110800000000005,175,75
2026-05-07 18:38:50.396,4,-0.6,-0.54,0.83,143.1874,-22.586399999999998,-39.7608,175,75
2026-05-07 18:38:50.421,4,-0.54,-0.61,0.82,173.0674,-62.8964,-28.4208,175,75
2026-05-07 18:38:50.432,4,-0.5,-0.6,0.8,183.5574,-84.4164,-24.3908,175,75
2026-05-07 18:38:50.463,4,-0.29,-0.38,0.71,205.5674,-124.1764,-3.6608,175,75
2026-05-07 18:38:50.481,4,-0.17,-0.25,0.61,209.3474,-105.6964,25.3592,175,75
2026-05-07 18:38:50.503,4,-0.14,-0.23,0.6,207.82739999999998,-76.9764,42.6792,175,75
2026-05-07 18:38:50.516,4,-0.12,-0.25,0.68,196.35739999999998,-9.296399999999998,78.2292,175,75
2026-05-07 18:38:50.528,4,-0.08,-0.29,0.77,190.5674,10.6436,89.56920000000001,175,75
2026-05-07 18:38:50.540,4,-0.02,-0.38,0.9,180.5074,15.523600000000002,99.4492,175,75
2026-05-07 18:38:50.550,4,-0.01,-0.44,0.98,173.2474,2.8935999999999993,100.7292,175,75
2026-05-07 18:38:50.561,4,-0.03,-0.51,1.06,164.4074,-15.216399999999998,97.1892,175,75
2026-05-07 18:38:50.573,4,-0.09,-0.56,1.1,154.4074,-39.6064,88.5292,175,75
2026-05-07 18:38:50.585,4,-0.14,-0.58,1.13,145.5074,-70.4564,74.4492,175,75
2026-05-07 18:38:50.595,4,-0.21,-0.58,1.13,137.1574,-105.6964,56.099199999999996,175,75
2026-05-07 18:38:50.608,4,-0.27,-0.49,1.0,120.13740000000001,-168.6864,17.6192,175,75
2026-05-07 18:38:50.648,4,-0.23,-0.23,0.73,65.26740000000001,-147.40640000000002,-23.230800000000002,175,75
2026-05-07 18:38:50.691,4,-0.28,-0.11,0.87,29.1674,-114.3564,-31.830800000000004,175,75
2026-05-07 18:38:50.718,4,-0.3,-0.06,0.87,13.8574,-110.3964,-31.7108,175,75
2026-05-07 18:38:50.737,4,-0.32,-0.07,0.8,4.2274,-78.2564,-22.500800000000005,175,75
2026-05-07 18:38:50.775,4,-0.28,-0.04,0.85,-5.102599999999999,-38.9364,-13.8408,175,75
2026-05-07 18:38:50.775,4,-0.27,-0.02,0.87,-8.8226,-29.4164,-10.7308,175,75
2026-05-07 18:38:50.780,4,-0.29,-0.02,0.93,-12.4226,-19.3564,-7.0108000000000015,175,75
2026-05-07 18:38:50.792,4,-0.3,-0.04,0.97,-14.9226,-13.9964,-4.580800000000002,175,75
2026-05-07 18:38:50.792,4,-0.31,-0.05,1.01,-17.5426,-12.1664,-3.6008000000000013,175,75
2026-05-07 18:38:50.807,4,-0.32,-0.06,1.04,-20.4726,-12.956399999999999,-3.3008000000000006,175,75
2026-05-07 18:38:50.817,4,-0.34,-0.07,1.07,-22.8426,-15.156399999999998,-3.8407999999999998,175,75
2026-05-07 18:38:50.829,4,-0.36,-0.08,1.09,-23.9426,-19.056399999999996,-2.9907999999999983,175,75
2026-05-07 18:38:50.841,4,-0.38,-0.11,1.12,-24.802599999999998,-24.0564,-1.9507999999999992,175,75
2026-05-07 18:38:50.852,4,-0.41,-0.15,1.17,-25.2226,-30.2764,-1.530800000000001,175,75
2026-05-07 18:38:50.878,4,-0.42,-0.2,1.2,-25.5326,-37.3464,-1.4707999999999988,175,75
2026-05-07 18:38:50.896,4,-0.53,-0.25,1.34,-21.6926,-52.106399999999994,0.2392000000000003,175,75
2026-05-07 18:38:50.919,4,-0.55,-0.24,1.77,2.6974000000000005,-98.5064,9.139199999999999,175,75
2026-05-07 18:38:50.935,4,-0.45,-0.4,1.84,29.9574,-247.8364,-0.1208000000000009,175,75
2026-05-07 18:38:50.960,4,-0.67,-0.62,1.35,22.5774,-311.2464,-23.480800000000002,175,75
2026-05-07 18:38:50.978,4,-0.59,-0.49,0.86,20.6874,-260.6364,-40.4908,175,75
2026-05-07 18:38:51.001,4,-0.47,-0.34,0.8,51.9074,-206.2464,-20.4908,175,75
2026-05-07 18:38:51.013,4,-0.45,-0.31,0.84,66.1174,-164.3564,-1.4707999999999988,175,75
2026-05-07 18:38:51.033,4,-0.37,-0.47,1.01,51.4174,-67.5864,15.8492,175,75
2026-05-07 18:38:51.045,4,-0.38,-0.47,1.01,59.6574,-66.3064,13.3492,175,75
2026-05-07 18:38:51.070,4,-0.45,-0.44,0.97,66.29740000000001,-64.4164,9.0192,175,75
2026-05-07 18:38:51.075,4,-0.48,-0.42,0.95,62.2174,-56.126400000000004,10.4892,175,75
2026-05-07 18:38:51.098,4,-0.49,-0.39,0.93,57.6374,-46.0664,12.3792,175,75
2026-05-07 18:38:51.098,4,-0.52,-0.36,0.93,57.0874,-43.4464,14.2692,175,75
2026-05-07 18:38:51.110,4,-0.55,-0.34,0.97,56.0574,-41.6764,16.8292,175,75
2026-05-07 18:38:51.129,4,-0.52,-0.32,1.01,53.3674,-44.3564,17.0692,175,75
2026-05-07 18:38:51.141,4,-0.49,-0.3,1.03,49.5874,-57.6564,16.6392,175,75
2026-05-07 18:38:51.152,4,-0.49,-0.29,1.03,46.7874,-71.9764,15.6692,175,75
2026-05-07 18:38:51.158,4,-0.47,-0.27,1.0,45.5674,-87.40639999999999,13.7792,175,75
2026-05-07 18:38:51.171,4,-0.47,-0.26,0.95,44.4674,-101.0064,12.2492,175,75
2026-05-07 18:38:51.182,4,-0.47,-0.25,0.91,41.7274,-111.6164,11.2792,175,75
2026-05-07 18:38:51.192,4,-0.48,-0.24,0.88,39.6574,-115.82639999999999,11.3992,175,75
2026-05-07 18:38:51.217,4,-0.47,-0.22,0.85,33.5574,-120.4564,12.8592,175,75
2026-05-07 18:38:51.227,4,-0.46,-0.21,0.84,30.5074,-125.4564,13.8992,175,75
2026-05-07 18:38:51.227,4,-0.45,-0.21,0.83,28.5574,-130.0864,13.7792,175,75
2026-05-07 18:38:51.241,4,-0.44,-0.22,0.82,26.5474,-136.9764,13.6592,175,75
2026-05-07 18:38:51.262,4,-0.43,-0.23,0.81,25.017400000000002,-142.9564,12.6792,175,75
2026-05-07 18:38:51.267,4,-0.43,-0.23,0.77,23.0674,-148.32639999999998,11.0992,175,75
2026-05-07 18:38:51.278,4,-0.43,-0.24,0.75,20.8074,-149.5464,9.6892,175,75
2026-05-07 18:38:51.290,4,-0.43,-0.24,0.72,19.837400000000002,-146.7964,9.5092,175,75
2026-05-07 18:38:51.302,4,-0.44,-0.25,0.7,17.697400000000002,-142.34640000000002,10.3592,175,75
2026-05-07 18:38:51.313,4,-0.44,-0.26,0.69,15.2574,-135.57639999999998,11.0992,175,75
2026-05-07 18:38:51.341,4,-0.43,-0.28,0.71,10.7474,-129.2364,11.5792,175,75
2026-05-07 18:38:51.350,4,-0.43,-0.28,0.72,8.3674,-127.2264,11.639199999999999,175,75
2026-05-07 18:38:51.362,4,-0.41,-0.28,0.73,6.667400000000001,-125.1564,11.7692,175,75
2026-05-07 18:38:51.407,4,-0.38,-0.31,0.74,1.5474000000000006,-120.2164,20.3592,175,75
2026-05-07 18:38:51.428,4,-0.34,-0.33,0.73,0.5674000000000001,-122.2864,23.4092,175,75
2026-05-07 18:38:51.438,4,-0.32,-0.34,0.72,1.6674000000000002,-122.3464,25.3592,175,75
2026-05-07 18:38:51.451,4,-0.3,-0.37,0.69,4.3474,-119.9064,28.8992,175,75
2026-05-07 18:38:51.451,4,-0.27,-0.42,0.67,8.1874,-113.5064,32.1292,175,75
2026-05-07 18:38:51.462,4,-0.24,-0.48,0.64,12.6374,-105.0264,33.2292,175,75
2026-05-07 18:38:51.473,4,-0.21,-0.53,0.61,16.727400000000003,-95.3364,32.2492,175,75
2026-05-07 18:38:51.479,4,-0.2,-0.57,0.59,20.197400000000002,-85.0264,27.069200000000002,175,75
2026-05-07 18:38:51.510,4,-0.25,-0.48,0.63,15.5074,-70.63640000000001,8.5292,175,75
2026-05-07 18:38:51.528,4,-0.31,-0.32,0.68,4.7774,-75.3964,-2.380799999999999,175,75
2026-05-07 18:38:51.538,4,-0.35,-0.26,0.7,0.4474,-78.93639999999999,-4.450799999999999,175,75
2026-05-07 18:38:51.550,4,-0.37,-0.22,0.71,-3.8225999999999996,-80.3364,-4.8208,175,75
2026-05-07 18:38:51.745,4,-0.49,-0.51,0.58,-33.0926,-11.246399999999998,-22.500800000000005,175,75
2026-05-07 18:38:51.782,4,-0.5,-0.52,0.6,-33.7026,-1.5564,-23.8408,175,75
2026-05-07 18:38:51.811,4,-0.49,-0.54,0.62,-34.6126,-1.6163999999999987,-29.510800000000003,175,75
2026-05-07 18:38:51.838,4,-0.51,-0.5,0.64,-40.2226,-8.566399999999998,-39.8808,175,75
2026-05-07 18:38:51.868,4,-0.51,-0.46,0.68,-45.7126,-14.726399999999998,-43.6008,175,75
2026-05-07 18:38:51.895,4,-0.54,-0.36,0.74,-56.562599999999996,-29.356399999999997,-50.370799999999996,175,75
2026-05-07 18:38:51.905,4,-0.55,-0.33,0.74,-58.8826,-33.1364,-49.760799999999996,175,75
2026-05-07 18:38:51.918,4,-0.56,-0.31,0.74,-60.0426,-36.0064,-48.480799999999995,175,75
2026-05-07 18:38:51.928,4,-0.57,-0.3,0.74,-60.5926,-38.5064,-47.4408,175,75
2026-05-07 18:38:51.940,4,-0.58,-0.29,0.73,-61.142599999999995,-39.7264,-45.860800000000005,175,75
2026-05-07 18:38:51.970,4,-0.59,-0.28,0.7,-60.0426,-36.6164,-43.1708,175,75
2026-05-07 18:38:51.993,4,-0.59,-0.28,0.68,-50.4726,-28.5064,-36.650800000000004,175,75
2026-05-07 18:38:52.007,4,-0.59,-0.28,0.67,-46.562599999999996,-25.5764,-35.860800000000005,175,75
2026-05-07 18:38:52.019,4,-0.59,-0.26,0.67,-39.6126,-22.3464,-35.3708,175,75
2026-05-07 18:38:52.019,4,-0.57,-0.24,0.68,-34.6126,-21.1864,-35.250800000000005,175,75
2026-05-07 18:38:52.054,4,-0.55,-0.29,0.71,-23.5826,-24.906399999999998,-34.8208,175,75
2026-05-07 18:38:52.076,4,-0.55,-0.32,0.72,-13.7026,-32.1064,-37.930800000000005,175,75
2026-05-07 18:38:52.076,4,-0.55,-0.32,0.74,-8.3326,-36.9764,-40.1208,175,75
2026-05-07 18:38:52.086,4,-0.53,-0.35,0.75,-4.1326,-43.0764,-41.040800000000004,175,75
2026-05-07 18:38:52.097,4,-0.53,-0.38,0.75,-1.2025999999999994,-49.2364,-41.040800000000004,175,75
2026-05-07 18:38:52.110,4,-0.55,-0.43,0.75,2.7574000000000005,-54.416399999999996,-42.3208,175,75
2026-05-07 18:38:52.122,4,-0.57,-0.49,0.76,9.8374,-66.5564,-44.0908,175,75
2026-05-07 18:38:52.122,4,-0.58,-0.51,0.76,13.3674,-73.5064,-44.8208,175,75
2026-05-07 18:38:52.142,4,-0.58,-0.56,0.76,23.7374,-88.1964,-45.7308,175,75
2026-05-07 18:38:52.173,4,-0.55,-0.59,0.77,41.0574,-97.3464,-53.970800000000004,175,75
2026-05-07 18:38:52.195,4,-0.51,-0.49,0.85,45.937400000000004,-113.7464,-60.250800000000005,175,75
2026-05-07 18:38:52.198,4,-0.5,-0.43,0.88,42.3974,-136.8564,-59.760799999999996,175,75
2026-05-07 18:38:52.212,4,-0.54,-0.41,0.84,39.2874,-164.6064,-59.3308,175,75
2026-05-07 18:38:52.225,4,-0.58,-0.4,0.77,39.8374,-179.3564,-56.7108,175,75
2026-05-07 18:38:52.230,4,-0.63,-0.41,0.69,42.7674,-181.8564,-53.230799999999995,175,75
2026-05-07 18:38:52.243,4,-0.63,-0.39,0.63,45.2674,-169.0564,-48.9108,175,75
2026-05-07 18:38:52.258,4,-0.6,-0.35,0.61,45.7474,-150.5164,-41.9508,175,75
2026-05-07 18:38:52.270,4,-0.55,-0.32,0.62,46.2374,-133.6864,-32.3808,175,75
2026-05-07 18:38:52.292,4,-0.49,-0.31,0.63,54.1674,-105.6964,-14.150799999999998,175,75
2026-05-07 18:38:52.303,4,-0.47,-0.3,0.64,59.7174,-95.57639999999999,-11.100800000000001,175,75
2026-05-07 18:38:52.312,4,-0.48,-0.27,0.65,63.4974,-87.40639999999999,-9.940800000000001,175,75
2026-05-07 18:38:52.329,4,-0.47,-0.23,0.66,67.8274,-79.6664,-8.2308,175,75
2026-05-07 18:38:52.340,4,-0.48,-0.18,0.68,73.91739999999999,-72.7164,-6.100800000000001,175,75
2026-05-07 18:38:52.352,4,-0.48,-0.15,0.7,79.28739999999999,-68.2564,-4.330800000000002,175,75
2026-05-07 18:38:52.364,4,-0.48,-0.14,0.72,84.04740000000001,-65.0264,-3.0508000000000006,175,75
2026-05-07 18:38:52.374,4,-0.49,-0.11,0.73,90.9374,-61.126400000000004,-1.8308000000000018,175,75
2026-05-07 18:38:52.374,4,-0.49,-0.1,0.77,96.9674,-57.776399999999995,-1.280800000000001,175,75
2026-05-07 18:38:52.386,4,-0.47,-0.09,0.81,104.5274,-59.1764,0.8491999999999997,175,75
2026-05-07 18:38:52.408,4,-0.45,-0.09,0.83,109.7174,-68.13640000000001,3.2292000000000005,175,75
2026-05-07 18:38:52.408,4,-0.46,-0.11,0.83,114.3474,-81.4964,3.8992000000000004,175,75
2026-05-07 18:38:52.433,4,-0.48,-0.13,0.79,119.7174,-93.2564,4.6892,175,75
2026-05-07 18:38:52.433,4,-0.5,-0.15,0.77,124.8974,-99.7864,5.6692,175,75
2026-05-07 18:38:52.444,4,-0.5,-0.18,0.75,130.0174,-102.8364,7.309200000000001,175,75
2026-05-07 18:38:52.467,4,-0.51,-0.19,0.73,134.5274,-104.2964,9.9992,175,75
2026-05-07 18:38:52.467,4,-0.5,-0.21,0.72,137.2174,-105.5164,12.2492,175,75
2026-05-07 18:38:52.483,4,-0.5,-0.23,0.71,139.8974,-107.8964,14.5692,175,75
2026-05-07 18:38:52.498,4,-0.5,-0.24,0.69,142.7574,-110.1564,17.1292,175,75
2026-05-07 18:38:52.511,4,-0.47,-0.32,0.64,148.73739999999998,-112.4064,21.5792,175,75
2026-05-07 18:38:52.534,4,-0.43,-0.42,0.58,150.4474,-106.7964,22.9892,175,75
2026-05-07 18:38:52.547,4,-0.42,-0.46,0.55,149.04739999999998,-101.9764,21.8892,175,75
2026-05-07 18:38:52.555,4,-0.42,-0.49,0.53,146.29739999999998,-90.5764,19.5692,175,75
2026-05-07 18:38:52.571,4,-0.42,-0.5,0.53,140.7474,-78.4464,16.6992,175,75
2026-05-07 18:38:52.582,4,-0.41,-0.47,0.54,133.79739999999998,-69.6664,15.2392,175,75
2026-05-07 18:38:52.592,4,-0.42,-0.43,0.59,122.63740000000001,-59.4764,14.0792,175,75
2026-05-07 18:38:52.603,4,-0.41,-0.41,0.62,115.07740000000001,-56.7964,14.9392,175,75
2026-05-07 18:38:52.611,4,-0.4,-0.41,0.66,104.04740000000001,-57.166399999999996,16.5792,175,75
2026-05-07 18:38:52.632,4,-0.4,-0.42,0.68,90.6274,-62.166399999999996,15.9692,175,75
2026-05-07 18:38:52.643,4,-0.39,-0.44,0.68,76.1774,-65.15639999999999,13.9592,175,75
2026-05-07 18:38:52.653,4,-0.38,-0.44,0.67,65.0774,-65.5164,13.6592,175,75
2026-05-07 18:38:52.664,4,-0.37,-0.45,0.67,53.9174,-63.8064,13.5292,175,75
2026-05-07 18:38:52.681,4,-0.36,-0.45,0.69,44.4074,-63.2564,11.889199999999999,175,75
2026-05-07 18:38:52.701,4,-0.34,-0.42,0.72,23.2474,-66.18639999999999,6.2791999999999994,175,75
2026-05-07 18:38:52.712,4,-0.35,-0.41,0.73,16.477400000000003,-70.0864,4.9992,175,75
2026-05-07 18:38:52.744,4,-0.33,-0.46,0.7,3.0074000000000005,-84.6664,1.9491999999999994,175,75
2026-05-07 18:38:52.755,4,-0.34,-0.49,0.65,0.9374000000000002,-86.9164,-0.8008000000000006,175,75
2026-05-07 18:38:52.771,4,-0.34,-0.52,0.6,-0.3426,-82.65639999999999,-2.870800000000001,175,75
2026-05-07 18:38:52.781,4,-0.32,-0.53,0.54,-1.4425999999999997,-76.5564,-4.330800000000002,175,75
2026-05-07 18:38:52.792,4,-0.32,-0.52,0.49,-3.5825999999999993,-67.9564,-7.7508,175,75
2026-05-07 18:38:52.792,4,-0.33,-0.47,0.47,-8.4526,-54.606399999999994,-14.150799999999998,175,75
2026-05-07 18:38:52.804,4,-0.32,-0.39,0.48,-16.2626,-39.666399999999996,-19.7008,175,75
2026-05-07 18:38:52.817,4,-0.32,-0.28,0.52,-28.7626,-22.836399999999998,-20.370800000000003,175,75
2026-05-07 18:38:52.845,4,-0.36,-0.27,0.58,-48.0926,1.313600000000001,-15.060799999999999,175,75
2026-05-07 18:38:52.865,4,-0.37,-0.37,0.62,-69.0026,26.7436,-19.330800000000004,175,75
2026-05-07 18:38:52.884,4,-0.4,-0.37,0.63,-78.0326,39.113600000000005,-21.470800000000004,175,75
2026-05-07 18:38:52.884,4,-0.42,-0.35,0.65,-85.1626,52.953599999999994,-22.500800000000005,175,75
2026-05-07 18:38:52.894,4,-0.44,-0.35,0.66,-89.1326,63.873599999999996,-22.440800000000003,175,75
2026-05-07 18:38:52.906,4,-0.46,-0.37,0.68,-93.21260000000001,72.4136,-22.1408,175,75
2026-05-07 18:38:52.936,4,-0.48,-0.42,0.7,-96.6326,78.9336,-25.430800000000005,175,75
2026-05-07 18:38:52.947,4,-0.49,-0.45,0.7,-97.6626,78.9336,-27.9908,175,75
2026-05-07 18:38:52.986,4,-0.51,-0.5,0.68,-96.14259999999999,78.8736,-37.500800000000005,175,75
2026-05-07 18:38:52.996,4,-0.52,-0.5,0.67,-96.08260000000001,77.4736,-40.8008,175,75
2026-05-07 18:38:53.007,4,-0.53,-0.5,0.67,-97.11259999999999,73.9336,-44.9408,175,75
2026-05-07 18:38:53.034,4,-0.55,-0.49,0.67,-99.3126,68.2036,-51.7708,175,75
2026-05-07 18:38:53.045,4,-0.55,-0.49,0.67,-100.5326,67.5336,-53.780800000000006,175,75
2026-05-07 18:38:53.057,4,-0.56,-0.49,0.68,-103.33260000000001,66.9836,-55.860800000000005,175,75
2026-05-07 18:38:53.067,4,-0.56,-0.5,0.7,-105.95259999999999,65.3936,-57.620799999999996,175,75
2026-05-07 18:38:53.105,4,-0.58,-0.49,0.75,-109.67259999999999,50.643600000000006,-61.8308,175,75
2026-05-07 18:38:53.117,4,-0.58,-0.47,0.75,-109.86259999999999,36.67360000000001,-61.890800000000006,175,75
2026-05-07 18:38:53.152,4,-0.56,-0.45,0.74,-104.2526,19.2436,-61.890800000000006,175,75
2026-05-07 18:38:53.160,4,-0.55,-0.43,0.74,-104.1326,15.273600000000002,-63.110800000000005,175,75
2026-05-07 18:38:53.171,4,-0.54,-0.4,0.74,-104.0026,10.523600000000002,-64.3908,175,75
2026-05-07 18:38:53.182,4,-0.53,-0.37,0.76,-102.9726,6.6736,-64.7008,175,75
2026-05-07 18:38:53.220,4,-0.56,-0.29,0.79,-98.1526,-13.7464,-63.720800000000004,175,75
2026-05-07 18:38:53.233,4,-0.56,-0.25,0.79,-96.5626,-17.406399999999998,-61.8308,175,75
2026-05-07 18:38:53.246,4,-0.56,-0.22,0.77,-94.0626,-18.016399999999997,-58.3008,175,75
2026-05-07 18:38:53.246,4,-0.55,-0.19,0.77,-90.71260000000001,-16.9164,-53.5408,175,75
2026-05-07 18:38:53.271,4,-0.54,-0.18,0.76,-81.6926,-13.136399999999998,-43.2308,175,75
2026-05-07 18:38:53.284,4,-0.53,-0.19,0.74,-75.71260000000001,-10.156399999999998,-37.750800000000005,175,75
2026-05-07 18:38:53.301,4,-0.52,-0.21,0.74,-68.1526,-8.2564,-32.0108,175,75
2026-05-07 18:38:53.326,4,-0.49,-0.24,0.74,-43.6426,-4.906399999999998,-19.0308,175,75
2026-05-07 18:38:53.338,4,-0.48,-0.25,0.75,-36.6926,-5.946399999999997,-15.8008,175,75
2026-05-07 18:38:53.373,4,-0.47,-0.23,0.78,-11.3226,-19.906399999999998,-8.4808,175,75
2026-05-07 18:38:53.402,4,-0.45,-0.18,0.79,5.997400000000001,-28.016399999999997,-0.1208000000000009,175,75
2026-05-07 18:38:53.402,4,-0.43,-0.17,0.79,16.727400000000003,-30.946399999999997,5.1792,175,75
2026-05-07 18:38:53.424,4,-0.42,-0.19,0.79,29.4074,-34.416399999999996,11.699200000000001,175,75
2026-05-07 18:38:53.446,4,-0.41,-0.28,0.77,54.5274,-40.636399999999995,20.9092,175,75
2026-05-07 18:38:53.457,4,-0.42,-0.32,0.76,65.6274,-44.0564,23.7192,175,75
2026-05-07 18:38:53.457,4,-0.43,-0.34,0.76,74.7774,-47.8364,24.449199999999998,175,75
2026-05-07 18:38:53.486,4,-0.42,-0.31,0.76,90.50739999999999,-58.1964,21.769199999999998,175,75
2026-05-07 18:38:53.486,4,-0.4,-0.28,0.78,96.1774,-65.6964,23.1692,175,75
2026-05-07 18:38:53.509,4,-0.41,-0.28,0.78,103.6774,-74.6664,25.0592,175,75
2026-05-07 18:38:53.543,4,-0.42,-0.38,0.74,120.26740000000001,-85.7564,32.0092,175,75
2026-05-07 18:38:53.571,4,-0.42,-0.45,0.72,125.38740000000001,-83.13640000000001,36.0292,175,75
2026-05-07 18:38:53.582,4,-0.42,-0.48,0.72,126.0574,-81.18639999999999,35.9092,175,75
2026-05-07 18:38:53.613,4,-0.41,-0.49,0.71,122.4574,-88.38640000000001,32.4992,175,75
2026-05-07 18:38:53.625,4,-0.41,-0.46,0.7,119.7174,-89.2364,31.2792,175,75
2026-05-07 18:38:53.636,4,-0.42,-0.42,0.69,115.8674,-86.5564,29.879199999999997,175,75
2026-05-07 18:38:53.650,4,-0.42,-0.39,0.68,112.88740000000001,-82.0464,29.8092,175,75
2026-05-07 18:38:53.662,4,-0.42,-0.34,0.7,109.4074,-75.8264,30.1192,175,75
2026-05-07 18:38:53.672,4,-0.43,-0.31,0.72,106.0574,-71.2464,29.9392,175,75
2026-05-07 18:38:53.683,4,-0.43,-0.29,0.73,103.1274,-70.0264,30.6692,175,75
2026-05-07 18:38:53.690,4,-0.44,-0.28,0.75,101.78739999999999,-71.5564,30.7292,175,75
2026-05-07 18:38:53.700,4,-0.44,-0.29,0.75,101.23740000000001,-73.62639999999999,30.7292,175,75
2026-05-07 18:38:53.711,4,-0.44,-0.3,0.75,100.50739999999999,-77.0464,30.1792,175,75
2026-05-07 18:38:53.726,4,-0.45,-0.32,0.75,100.6874,-82.5264,29.139200000000002,175,75
2026-05-07 18:38:53.767,4,-0.45,-0.38,0.68,103.91739999999999,-97.8964,26.5792,175,75
2026-05-07 18:38:53.794,4,-0.44,-0.4,0.64,105.6874,-98.8064,24.8092,175,75
2026-05-07 18:38:53.804,4,-0.43,-0.41,0.63,105.8674,-97.7764,24.3292,175,75
2026-05-07 18:38:53.804,4,-0.42,-0.41,0.63,105.9374,-96.4964,24.019199999999998,175,75
2026-05-07 18:38:53.814,4,-0.41,-0.4,0.62,104.9574,-93.93639999999999,22.9892,175,75
2026-05-07 18:38:53.840,4,-0.37,-0.36,0.61,99.7174,-84.4164,21.769199999999998,175,75
2026-05-07 18:38:53.854,4,-0.36,-0.34,0.6,97.88740000000001,-80.2164,21.3992,175,75
2026-05-07 18:38:53.866,4,-0.35,-0.32,0.6,94.6574,-73.2564,20.4892,175,75
2026-05-07 18:38:53.874,4,-0.35,-0.31,0.61,91.72739999999999,-68.62639999999999,20.3592,175,75
2026-05-07 18:38:53.911,4,-0.36,-0.33,0.62,80.26740000000001,-54.9664,18.4092,175,75
2026-05-07 18:38:53.942,4,-0.34,-0.33,0.65,71.9674,-50.886399999999995,14.6292,175,75
2026-05-07 18:38:53.977,4,-0.33,-0.35,0.64,62.3374,-51.3664,13.1692,175,75
2026-05-07 18:38:53.991,4,-0.32,-0.4,0.62,51.2974,-47.7164,9.0192,175,75
2026-05-07 18:38:53.994,4,-0.33,-0.4,0.59,44.9574,-43.6264,6.8292,175,75
2026-05-07 18:38:54.007,4,-0.34,-0.4,0.57,39.3474,-37.8364,5.6091999999999995,175,75
2026-05-07 18:38:54.007,4,-0.34,-0.4,0.56,34.7174,-32.9564,4.6892,175,75
2026-05-07 18:38:54.019,4,-0.35,-0.41,0.57,28.3674,-27.1664,3.8392,175,75
2026-05-07 18:38:54.031,4,-0.35,-0.41,0.58,20.3874,-21.126399999999997,1.8892000000000007,175,75
2026-05-07 18:38:54.041,4,-0.35,-0.43,0.59,14.1674,-18.1364,1.6991999999999994,175,75
2026-05-07 18:38:54.084,4,-0.33,-0.57,0.57,-18.2726,-13.806399999999998,-5.0008,175,75
2026-05-07 18:38:54.095,4,-0.33,-0.58,0.54,-25.4126,-10.946399999999997,-8.1108,175,75
2026-05-07 18:38:54.119,4,-0.35,-0.44,0.55,-46.3826,6.743600000000001,-22.500800000000005,175,75
2026-05-07 18:38:54.130,4,-0.35,-0.32,0.6,-58.0326,14.303600000000003,-24.4508,175,75
2026-05-07 18:38:54.174,4,-0.42,-0.26,0.63,-73.64259999999999,21.1336,-22.080800000000004,175,75
2026-05-07 18:38:54.183,4,-0.45,-0.3,0.6,-79.67259999999999,28.023600000000002,-21.2808,175,75
2026-05-07 18:38:54.195,4,-0.48,-0.36,0.56,-85.1626,39.723600000000005,-22.010800000000003,175,75
2026-05-07 18:38:54.195,4,-0.51,-0.39,0.53,-89.3126,53.0236,-23.050800000000002,175,75
2026-05-07 18:38:54.201,4,-0.53,-0.42,0.52,-94.3126,73.2036,-23.360800000000005,175,75
2026-05-07 18:38:54.212,4,-0.55,-0.45,0.53,-97.6626,90.7636,-22.620800000000003,175,75
2026-05-07 18:38:54.222,4,-0.56,-0.49,0.54,-99.73259999999999,104.9736,-22.3808,175,75
2026-05-07 18:38:54.290,4,-0.6,-0.64,0.63,-106.14259999999999,126.61359999999999,-38.7808,175,75
2026-05-07 18:38:54.290,4,-0.6,-0.65,0.64,-107.6026,124.4836,-43.2308,175,75
2026-05-07 18:38:54.305,4,-0.6,-0.65,0.65,-109.43260000000001,121.86359999999999,-46.9508,175,75
2026-05-07 18:38:54.318,4,-0.6,-0.63,0.67,-111.26259999999999,117.1636,-50.1908,175,75
2026-05-07 18:38:54.336,4,-0.62,-0.6,0.71,-115.2826,103.6336,-57.4408,175,75
2026-05-07 18:38:54.364,4,-0.61,-0.54,0.77,-121.14259999999999,79.4836,-63.970800000000004,175,75
2026-05-07 18:38:54.376,4,-0.61,-0.52,0.79,-124.74260000000001,62.7136,-65.98079999999999,175,75
2026-05-07 18:38:54.389,4,-0.61,-0.49,0.79,-129.0026,36.31360000000001,-69.2708,175,75
2026-05-07 18:38:54.414,4,-0.62,-0.47,0.77,-131.6326,19.113599999999998,-70.1908,175,75
2026-05-07 18:38:54.432,4,-0.63,-0.44,0.77,-133.0926,2.1636000000000024,-69.4508,175,75
2026-05-07 18:38:54.449,4,-0.64,-0.4,0.74,-130.6526,-11.7364,-68.60079999999999,175,75
2026-05-07 18:38:54.536,4,-0.59,-0.17,0.74,-110.1026,-21.676399999999997,-50.980799999999995,175,75
2026-05-07 18:38:54.536,4,-0.57,-0.12,0.75,-106.4426,-21.4964,-47.500800000000005,175,75
2026-05-07 18:38:54.582,4,-0.53,-0.03,0.74,-79.0026,-14.4164,-24.580800000000004,175,75
2026-05-07 18:38:54.638,4,-0.47,-0.13,0.73,-29.132599999999996,6.313600000000001,2.799200000000001,175,75
2026-05-07 18:38:54.655,4,-0.46,-0.14,0.74,-20.5326,7.653600000000004,6.5792,175,75
2026-05-07 18:38:54.693,4,-0.41,-0.19,0.78,18.4374,3.083600000000004,21.339199999999998,175,75
2026-05-07 18:38:54.721,4,-0.32,-0.25,0.77,51.0574,0.7636000000000003,29.389200000000002,175,75
2026-05-07 18:38:54.747,4,-0.3,-0.35,0.78,75.19739999999999,0.21359999999999957,34.2692,175,75
2026-05-07 18:38:54.758,4,-0.31,-0.39,0.79,85.9974,-5.946399999999997,34.2692,175,75
2026-05-07 18:38:54.785,4,-0.36,-0.4,0.82,99.28739999999999,-22.656399999999998,28.1692,175,75
2026-05-07 18:38:54.814,4,-0.38,-0.35,0.86,112.63740000000001,-65.6964,28.7792,175,75
2026-05-07 18:38:54.824,4,-0.4,-0.38,0.84,119.5274,-78.0764,30.5492,175,75
2026-05-07 18:38:54.835,4,-0.4,-0.44,0.82,124.8374,-88.38640000000001,29.6892,175,75
2026-05-07 18:38:54.845,4,-0.41,-0.47,0.8,126.1774,-94.6664,29.0792,175,75
2026-05-07 18:38:54.857,4,-0.42,-0.48,0.78,127.2174,-97.2864,29.199199999999998,175,75
2026-05-07 18:38:54.881,4,-0.43,-0.52,0.74,132.0874,-95.3364,31.949199999999998,175,75
2026-05-07 18:38:54.894,4,-0.42,-0.54,0.73,133.1274,-96.9164,33.2292,175,75
2026-05-07 18:38:54.905,4,-0.42,-0.55,0.72,131.9674,-99.7264,33.1692,175,75
2026-05-07 18:38:54.930,4,-0.41,-0.53,0.67,129.8374,-105.0264,32.4392,175,75
2026-05-07 18:38:54.942,4,-0.4,-0.5,0.64,128.4974,-102.4664,31.339199999999998,175,75
2026-05-07 18:38:54.950,4,-0.4,-0.46,0.63,126.78739999999999,-94.8464,29.9392,175,75
2026-05-07 18:38:55.022,4,-0.42,-0.3,0.67,121.78739999999999,-65.2764,33.3492,175,75
2026-05-07 18:38:55.043,4,-0.47,-0.33,0.7,122.2174,-69.84639999999999,33.9592,175,75
2026-05-07 18:38:55.043,4,-0.47,-0.36,0.68,122.76740000000001,-74.9664,32.9192,175,75
2026-05-07 18:38:55.055,4,-0.47,-0.37,0.67,123.06739999999999,-78.38640000000001,31.769199999999998,175,75
2026-05-07 18:38:55.068,4,-0.47,-0.39,0.65,122.2774,-81.85640000000001,29.9392,175,75
2026-05-07 18:38:55.080,4,-0.46,-0.41,0.64,121.0574,-83.7464,28.8992,175,75
2026-05-07 18:38:55.089,4,-0.45,-0.43,0.64,119.7774,-84.0564,27.7992,175,75
2026-05-07 18:38:55.112,4,-0.42,-0.46,0.64,112.76740000000001,-86.3064,24.449199999999998,175,75
2026-05-07 18:38:55.126,4,-0.38,-0.44,0.66,103.97739999999999,-90.0864,18.2292,175,75
2026-05-07 18:38:55.131,4,-0.36,-0.4,0.66,99.3474,-93.68639999999999,14.9992,175,75
2026-05-07 18:38:55.143,4,-0.35,-0.38,0.66,95.56739999999999,-96.9764,13.6592,175,75
2026-05-07 18:38:55.156,4,-0.37,-0.37,0.65,89.28739999999999,-98.93639999999999,14.0792,175,75
2026-05-07 18:38:55.207,4,-0.37,-0.35,0.6,71.72739999999999,-78.2564,9.199200000000001,175,75
2026-05-07 18:38:55.229,4,-0.4,-0.42,0.62,65.26740000000001,-72.8364,8.229199999999999,175,75
2026-05-07 18:38:55.241,4,-0.43,-0.45,0.64,61.9674,-75.0864,5.9092,175,75
2026-05-07 18:38:55.254,4,-0.43,-0.46,0.64,56.5474,-79.5464,1.4591999999999992,175,75
2026-05-07 18:38:55.265,4,-0.41,-0.44,0.63,52.8274,-84.4764,-2.0108000000000015,175,75
2026-05-07 18:38:55.277,4,-0.39,-0.39,0.6,49.4674,-88.5664,-2.690800000000001,175,75
2026-05-07 18:38:55.299,4,-0.39,-0.34,0.5,40.5074,-76.0664,1.0991999999999997,175,75
2026-05-07 18:38:55.299,4,-0.39,-0.34,0.49,36.4174,-65.0264,2.9892000000000003,175,75
2026-05-07 18:38:55.312,4,-0.4,-0.33,0.48,31.357400000000002,-49.356399999999994,5.2392,175,75
2026-05-07 18:38:55.332,4,-0.37,-0.36,0.49,23.1874,-29.176399999999997,11.5792,175,75
2026-05-07 18:38:55.343,4,-0.36,-0.4,0.5,19.1074,-22.836399999999998,14.0192,175,75
2026-05-07 18:38:55.374,4,-0.34,-0.52,0.43,1.7274000000000003,-3.3863999999999983,12.7392,175,75
2026-05-07 18:38:55.400,4,-0.38,-0.46,0.39,-17.302599999999998,25.4536,4.629199999999999,175,75
2026-05-07 18:38:55.414,4,-0.39,-0.33,0.43,-31.1426,44.9136,-1.040799999999999,175,75
2026-05-07 18:38:55.426,4,-0.4,-0.23,0.47,-43.2726,57.953599999999994,-1.1008000000000013,175,75
2026-05-07 18:38:55.437,4,-0.41,-0.18,0.51,-53.2126,66.67360000000001,-0.0007999999999999119,175,75
2026-05-07 18:38:55.453,4,-0.47,-0.25,0.54,-69.67259999999999,82.1636,0.3591999999999995,175,75
2026-05-07 18:38:55.466,4,-0.49,-0.34,0.55,-78.76259999999999,92.1036,-0.5508000000000006,175,75
2026-05-07 18:38:55.478,4,-0.54,-0.4,0.54,-86.5026,101.6736,-2.8107999999999986,175,75
2026-05-07 18:38:55.493,4,-0.58,-0.45,0.53,-94.61259999999999,115.09360000000001,-5.860799999999999,175,75
2026-05-07 18:38:55.505,4,-0.6,-0.49,0.53,-101.02260000000001,129.4236,-7.9308,175,75
2026-05-07 18:38:55.505,4,-0.61,-0.52,0.54,-106.02260000000001,140.6436,-9.6408,175,75
2026-05-07 18:38:55.523,4,-0.63,-0.56,0.56,-112.30260000000001,154.4836,-12.260800000000001,175,75
2026-05-07 18:38:55.535,4,-0.64,-0.59,0.58,-116.5026,162.8336,-14.6408,175,75
2026-05-07 18:38:55.546,4,-0.63,-0.63,0.64,-121.8126,173.4436,-22.930800000000005,175,75
2026-05-07 18:38:55.562,4,-0.63,-0.64,0.68,-124.67260000000002,171.8036,-29.330800000000004,175,75
2026-05-07 18:38:55.587,4,-0.61,-0.66,0.74,-128.76260000000002,152.8336,-39.6408,175,75
2026-05-07 18:38:55.598,4,-0.61,-0.67,0.76,-129.0626,136.0036,-47.9908,175,75
2026-05-07 18:38:55.598,4,-0.6,-0.65,0.76,-130.1026,119.4236,-55.250800000000005,175,75
2026-05-07 18:38:55.633,4,-0.59,-0.58,0.75,-131.8726,86.9836,-64.51079999999999,175,75
2026-05-07 18:38:55.650,4,-0.6,-0.54,0.74,-134.0026,60.093599999999995,-69.2708,175,75
2026-05-07 18:38:55.662,4,-0.59,-0.52,0.74,-135.3426,47.893600000000006,-71.71079999999999,175,75
2026-05-07 18:38:55.669,4,-0.6,-0.5,0.75,-136.3826,38.81360000000001,-73.0508,175,75
2026-05-07 18:38:55.689,4,-0.62,-0.46,0.75,-137.3026,16.983600000000003,-74.0308,175,75
2026-05-07 18:38:55.708,4,-0.64,-0.43,0.74,-136.6326,4.4236,-73.6608,175,75
2026-05-07 18:38:55.719,4,-0.65,-0.42,0.72,-135.6526,-2.106399999999997,-73.1108,175,75
2026-05-07 18:38:55.719,4,-0.67,-0.4,0.7,-134.4326,-5.516399999999997,-71.5908,175,75
2026-05-07 18:38:55.744,4,-0.69,-0.36,0.68,-127.9126,-5.516399999999997,-66.1608,175,75
2026-05-07 18:38:55.754,4,-0.69,-0.34,0.69,-124.86260000000001,-4.296399999999998,-63.84080000000001,175,75
2026-05-07 18:38:55.777,4,-0.68,-0.31,0.7,-119.1326,-2.5863999999999976,-60.31080000000001,175,75
2026-05-07 18:38:55.783,4,-0.68,-0.28,0.7,-113.8826,-2.346399999999999,-57.20080000000001,175,75
2026-05-07 18:38:55.822,4,-0.65,-0.21,0.72,-96.6326,-5.5764,-47.5608,175,75
2026-05-07 18:38:55.822,4,-0.63,-0.2,0.72,-92.17259999999999,-6.856399999999997,-44.5808,175,75
2026-05-07 18:38:55.836,4,-0.62,-0.18,0.73,-88.39259999999999,-8.686399999999999,-42.5608,175,75
2026-05-07 18:38:55.872,4,-0.58,-0.11,0.73,-71.93260000000001,-2.346399999999999,-22.080800000000004,175,75
2026-05-07 18:38:55.884,4,-0.56,-0.13,0.72,-63.7026,2.343600000000002,-15.060799999999999,175,75
2026-05-07 18:38:55.895,4,-0.55,-0.18,0.71,-54.6726,7.2836,-9.6408,175,75
2026-05-07 18:38:55.915,4,-0.54,-0.24,0.71,-46.0226,14.543599999999998,-5.060799999999999,175,75
2026-05-07 18:38:55.928,4,-0.54,-0.27,0.73,-37.3026,21.9236,-0.8607999999999993,175,75
2026-05-07 18:38:55.936,4,-0.54,-0.27,0.76,-28.5826,27.163600000000002,2.799200000000001,175,75
2026-05-07 18:38:55.936,4,-0.53,-0.27,0.81,-18.2726,28.443600000000004,5.299200000000001,175,75
2026-05-07 18:38:55.967,4,-0.53,-0.25,0.88,1.7874000000000003,10.093600000000002,10.4192,175,75
2026-05-07 18:38:55.967,4,-0.52,-0.23,0.89,9.5874,-2.226399999999998,11.7692,175,75
2026-05-07 18:38:55.990,4,-0.51,-0.22,0.89,21.2374,-18.1364,16.8892,175,75
2026-05-07 18:38:56.025,4,-0.5,-0.36,0.77,66.8474,-57.4064,36.6392,175,75
2026-05-07 18:38:56.025,4,-0.5,-0.38,0.72,78.79740000000001,-59.7864,37.4392,175,75
2026-05-07 18:38:56.037,4,-0.47,-0.36,0.7,88.79740000000001,-57.4664,38.4692,175,75
2026-05-07 18:38:56.048,4,-0.44,-0.32,0.7,95.01740000000001,-53.8064,40.5492,175,75
2026-05-07 18:38:56.064,4,-0.4,-0.27,0.7,102.4574,-50.3364,44.5692,175,75
2026-05-07 18:38:56.072,4,-0.4,-0.26,0.7,108.06739999999999,-47.4664,48.2892,175,75
2026-05-07 18:38:56.093,4,-0.4,-0.34,0.71,120.8074,-41.0064,54.5092,175,75
2026-05-07 18:38:56.105,4,-0.41,-0.38,0.7,124.7174,-37.0464,55.3592,175,75
2026-05-07 18:38:56.121,4,-0.42,-0.42,0.71,128.3674,-33.3864,56.8292,175,75
2026-05-07 18:38:56.132,4,-0.42,-0.47,0.73,132.0274,-30.4564,58.779199999999996,175,75
2026-05-07 18:38:56.143,4,-0.43,-0.52,0.73,135.5674,-30.086399999999998,61.6992,175,75
2026-05-07 18:38:56.152,4,-0.45,-0.57,0.74,138.0674,-33.0764,64.0192,175,75
2026-05-07 18:38:56.167,4,-0.47,-0.62,0.75,139.8374,-38.8064,64.4492,175,75
2026-05-07 18:38:56.167,4,-0.46,-0.65,0.75,140.8074,-46.6164,62.8592,175,75
2026-05-07 18:38:56.191,4,-0.43,-0.63,0.73,139.5274,-64.35640000000001,55.4192,175,75
2026-05-07 18:38:56.208,4,-0.41,-0.57,0.7,136.54739999999998,-70.2164,51.7692,175,75
2026-05-07 18:38:56.224,4,-0.4,-0.53,0.69,133.5574,-69.6664,51.099199999999996,175,75
2026-05-07 18:38:56.231,4,-0.4,-0.47,0.69,129.0474,-64.60640000000001,50.1792,175,75
2026-05-07 18:38:56.242,4,-0.39,-0.42,0.7,124.5274,-59.666399999999996,49.5092,175,75
2026-05-07 18:38:56.260,4,-0.41,-0.4,0.71,120.9374,-58.3264,48.6592,175,75
2026-05-07 18:38:56.277,4,-0.42,-0.37,0.74,113.5574,-61.3664,44.6292,175,75
2026-05-07 18:38:56.288,4,-0.43,-0.36,0.76,110.13740000000001,-66.9164,42.1892,175,75
2026-05-07 18:38:56.300,4,-0.44,-0.38,0.76,107.76740000000001,-74.5464,39.7492,175,75
2026-05-07 18:38:56.314,4,-0.45,-0.4,0.76,104.9574,-81.6164,36.9492,175,75
2026-05-07 18:38:56.327,4,-0.47,-0.42,0.74,102.4574,-88.13640000000001,34.1392,175,75
2026-05-07 18:38:56.327,4,-0.47,-0.43,0.73,100.56739999999999,-92.8964,30.6692,175,75
2026-05-07 18:38:56.350,4,-0.45,-0.4,0.7,97.63740000000001,-101.8564,23.2292,175,75
2026-05-07 18:38:56.361,4,-0.44,-0.38,0.7,94.9574,-105.0264,20.0592,175,75
2026-05-07 18:38:56.377,4,-0.42,-0.36,0.68,91.9074,-106.2464,17.6792,175,75
2026-05-07 18:38:56.390,4,-0.4,-0.34,0.66,89.10740000000001,-105.6964,15.3592,175,75
2026-05-07 18:38:56.401,4,-0.4,-0.33,0.64,86.47739999999999,-103.8064,14.2692,175,75
2026-05-07 18:38:56.401,4,-0.41,-0.33,0.63,84.28739999999999,-100.2164,14.3892,175,75
2026-05-07 18:38:56.425,4,-0.41,-0.34,0.61,81.41739999999999,-93.3264,13.7792,175,75
2026-05-07 18:38:56.438,4,-0.38,-0.33,0.6,78.85740000000001,-84.35640000000001,10.549199999999999,175,75
2026-05-07 18:38:56.438,4,-0.37,-0.31,0.59,76.29740000000001,-75.6964,9.0792,175,75
2026-05-07 18:38:56.451,4,-0.36,-0.27,0.58,74.3474,-67.5264,8.049199999999999,175,75
2026-05-07 18:38:56.464,4,-0.36,-0.25,0.59,72.51740000000001,-56.916399999999996,8.289200000000001,175,75
2026-05-07 18:38:56.484,4,-0.36,-0.26,0.6,70.44739999999999,-49.5464,9.0192,175,75
2026-05-07 18:38:56.484,4,-0.37,-0.28,0.61,68.73740000000001,-44.6064,8.229199999999999,175,75
2026-05-07 18:38:56.497,4,-0.38,-0.29,0.61,66.9074,-40.2164,7.619199999999999,175,75
2026-05-07 18:38:56.507,4,-0.38,-0.32,0.6,65.4474,-36.8564,6.7692,175,75
2026-05-07 18:38:56.523,4,-0.38,-0.34,0.57,64.1074,-32.9564,6.8292,175,75
2026-05-07 18:38:56.550,4,-0.38,-0.38,0.55,59.5874,-20.2764,4.5692,175,75
2026-05-07 18:38:56.569,4,-0.4,-0.37,0.55,51.2974,-12.776399999999999,3.4692000000000007,175,75
2026-05-07 18:38:56.580,4,-0.4,-0.38,0.55,45.0774,-12.586399999999998,3.7192000000000007,175,75
2026-05-07 18:38:56.618,4,-0.4,-0.4,0.53,21.9074,-19.8464,-0.9808000000000003,175,75
2026-05-07 18:38:56.643,4,-0.37,-0.41,0.48,1.3574000000000002,-16.1864,-3.4208000000000016,175,75
2026-05-07 18:38:56.650,4,-0.36,-0.46,0.44,-8.762599999999999,-9.7864,-3.540799999999999,175,75
2026-05-07 18:38:56.666,4,-0.39,-0.52,0.36,-28.1526,10.523600000000002,-8.170800000000002,175,75
2026-05-07 18:38:56.682,4,-0.42,-0.49,0.34,-42.4826,28.9336,-13.170800000000002,175,75
2026-05-07 18:38:56.691,4,-0.45,-0.45,0.34,-55.7126,46.863600000000005,-15.8008,175,75
2026-05-07 18:38:56.700,4,-0.48,-0.41,0.35,-69.3126,66.9836,-14.580800000000002,175,75
2026-05-07 18:38:56.708,4,-0.53,-0.42,0.38,-82.9126,88.9336,-11.650799999999998,175,75
2026-05-07 18:38:56.720,4,-0.57,-0.49,0.44,-97.5426,113.08359999999999,-10.0008,175,75
2026-05-07 18:38:56.732,4,-0.6,-0.55,0.49,-107.7826,127.2236,-11.400799999999998,175,75
2026-05-07 18:38:56.749,4,-0.61,-0.59,0.52,-118.45259999999999,139.3036,-14.030800000000001,175,75
2026-05-07 18:38:56.771,4,-0.63,-0.65,0.56,-135.89260000000002,155.0336,-21.650800000000004,175,75
2026-05-07 18:38:56.782,4,-0.65,-0.7,0.55,-141.8126,161.74360000000001,-25.250800000000005,175,75
2026-05-07 18:38:56.794,4,-0.68,-0.75,0.55,-147.42260000000002,173.6336,-28.300800000000002,175,75
2026-05-07 18:38:56.805,4,-0.69,-0.79,0.57,-151.4426,185.7636,-30.860800000000005,175,75
2026-05-07 18:38:56.816,4,-0.69,-0.82,0.6,-155.4126,193.6336,-34.6408,175,75
2026-05-07 18:38:56.827,4,-0.68,-0.84,0.64,-158.3326,195.1536,-40.1908,175,75
2026-05-07 18:38:56.827,4,-0.67,-0.85,0.68,-159.92260000000002,190.4536,-45.6708,175,75
2026-05-07 18:38:56.838,4,-0.65,-0.85,0.72,-161.6926,179.7236,-55.730799999999995,175,75
2026-05-07 18:38:56.852,4,-0.64,-0.85,0.74,-164.0026,167.0436,-65.2508,175,75
2026-05-07 18:38:56.863,4,-0.61,-0.8,0.78,-168.45260000000002,148.3836,-76.71079999999999,175,75
2026-05-07 18:38:56.875,4,-0.58,-0.74,0.8,-171.26260000000002,124.7236,-84.8808,175,75
2026-05-07 18:38:56.890,4,-0.59,-0.68,0.8,-173.3326,87.4136,-90.73079999999999,175,75
2026-05-07 18:38:56.900,4,-0.61,-0.65,0.8,-175.4726,64.5436,-94.76079999999999,175,75
2026-05-07 18:38:56.913,4,-0.62,-0.63,0.79,-177.5426,49.5436,-96.5908,175,75
2026-05-07 18:38:56.928,4,-0.65,-0.59,0.78,-178.64260000000002,32.5336,-98.0508,175,75
2026-05-07 18:38:56.938,4,-0.65,-0.56,0.77,-179.0026,19.6036,-97.87079999999999,175,75
2026-05-07 18:38:56.950,4,-0.67,-0.53,0.76,-177.9126,8.813600000000001,-95.98079999999999,175,75
2026-05-07 18:38:56.950,4,-0.69,-0.51,0.74,-175.8326,0.39360000000000284,-93.3008,175,75
2026-05-07 18:38:56.964,4,-0.69,-0.48,0.73,-173.2126,-5.696399999999997,-90.37079999999999,175,75
2026-05-07 18:38:56.983,4,-0.7,-0.43,0.68,-165.7126,-9.176399999999997,-83.6608,175,75
2026-05-07 18:38:57.006,4,-0.71,-0.37,0.65,-155.7126,-1.6763999999999974,-76.8908,175,75
2026-05-07 18:38:57.016,4,-0.71,-0.34,0.65,-150.8326,2.9536000000000016,-72.87079999999999,175,75
2026-05-07 18:38:57.029,4,-0.71,-0.3,0.66,-144.5526,8.9936,-68.23079999999999,175,75
2026-05-07 18:38:57.041,4,-0.71,-0.27,0.67,-138.39260000000002,13.753599999999999,-63.84080000000001,175,75
2026-05-07 18:38:57.053,4,-0.7,-0.24,0.69,-132.7226,16.4936,-59.9408,175,75
2026-05-07 18:38:57.065,4,-0.7,-0.21,0.71,-127.42260000000002,17.1036,-56.890800000000006,175,75
2026-05-07 18:38:57.076,4,-0.68,-0.18,0.73,-120.6526,17.223600000000005,-52.56080000000001,175,75
2026-05-07 18:38:57.091,4,-0.65,-0.16,0.76,-113.76259999999999,15.273600000000002,-46.9508,175,75
2026-05-07 18:38:57.099,4,-0.65,-0.14,0.77,-105.4726,13.263600000000004,-41.650800000000004,175,75
2026-05-07 18:38:57.113,4,-0.63,-0.14,0.77,-96.08260000000001,11.433599999999998,-37.0108,175,75
2026-05-07 18:38:57.136,4,-0.6,-0.16,0.79,-76.8126,12.163600000000002,-26.1008,175,75
2026-05-07 18:38:57.149,4,-0.6,-0.18,0.81,-56.4426,12.043599999999998,-15.7308,175,75
2026-05-07 18:38:57.166,4,-0.59,-0.19,0.83,-44.5526,10.2136,-10.2508,175,75
2026-05-07 18:38:57.177,4,-0.59,-0.2,0.85,-34.1926,5.093600000000002,-5.060799999999999,175,75
2026-05-07 18:38:57.187,4,-0.59,-0.2,0.86,-24.9226,-2.406399999999998,-0.31079999999999863,175,75
2026-05-07 18:38:57.199,4,-0.58,-0.2,0.87,-16.0226,-10.026399999999999,3.959199999999999,175,75
2026-05-07 18:38:57.199,4,-0.57,-0.22,0.89,-3.0325999999999995,-20.086399999999998,9.199200000000001,175,75
2026-05-07 18:38:57.223,4,-0.54,-0.25,0.87,23.3074,-41.8564,21.1592,175,75
2026-05-07 18:38:57.233,4,-0.51,-0.26,0.86,34.897400000000005,-46.6164,24.199199999999998,175,75
2026-05-07 18:38:57.245,4,-0.47,-0.27,0.83,50.7474,-50.3964,27.7392,175,75
2026-05-07 18:38:57.275,4,-0.42,-0.3,0.81,77.2774,-54.356399999999994,37.1292,175,75
2026-05-07 18:38:57.286,4,-0.45,-0.36,0.78,91.60740000000001,-58.5064,43.0492,175,75
2026-05-07 18:38:57.290,4,-0.48,-0.41,0.76,102.3374,-62.7164,45.7892,175,75
2026-05-07 18:38:57.333,4,-0.56,-0.45,0.76,133.5574,-78.7464,52.249199999999995,175,75
2026-05-07 18:38:57.333,4,-0.55,-0.46,0.76,142.2174,-83.62639999999999,56.5192,175,75
2026-05-07 18:38:57.348,4,-0.51,-0.49,0.75,154.5274,-88.3264,63.4092,175,75
2026-05-07 18:38:57.363,4,-0.48,-0.56,0.73,164.2874,-92.4664,68.5992,175,75
2026-05-07 18:38:57.407,4,-0.42,-0.7,0.69,182.63739999999999,-91.6164,73.28920000000001,175,75
2026-05-07 18:38:57.407,4,-0.41,-0.72,0.68,186.1774,-91.3064,73.2292,175,75
2026-05-07 18:38:57.407,4,-0.41,-0.73,0.67,188.6774,-92.8364,72.1292,175,75
2026-05-07 18:38:57.434,4,-0.42,-0.71,0.66,190.5674,-95.0864,67.4992,175,75
2026-05-07 18:38:57.456,4,-0.46,-0.63,0.64,183.79739999999998,-88.93639999999999,63.779199999999996,175,75
2026-05-07 18:38:57.478,4,-0.5,-0.55,0.64,175.8074,-76.12639999999999,64.5692,175,75
2026-05-07 18:38:57.490,4,-0.52,-0.51,0.64,170.6874,-69.4164,66.7692,175,75
2026-05-07 18:38:57.504,4,-0.53,-0.47,0.66,165.5674,-62.526399999999995,69.5692,175,75
2026-05-07 18:38:57.511,4,-0.55,-0.44,0.67,161.1174,-54.416399999999996,72.67920000000001,175,75
2026-05-07 18:38:57.522,4,-0.55,-0.42,0.66,157.2174,-46.7364,76.1592,175,75
2026-05-07 18:38:57.534,4,-0.55,-0.42,0.66,153.79739999999998,-40.2164,80.0592,175,75
2026-05-07 18:38:57.549,4,-0.55,-0.44,0.66,151.54739999999998,-36.2464,82.9192,175,75
2026-05-07 18:38:57.549,4,-0.54,-0.46,0.65,149.4074,-33.4464,84.26920000000001,175,75
2026-05-07 18:38:57.583,4,-0.49,-0.54,0.64,137.7574,-37.166399999999996,79.6892,175,75
2026-05-07 18:38:57.599,4,-0.47,-0.54,0.63,134.2274,-41.9764,75.3592,175,75
2026-05-07 18:38:57.613,4,-0.46,-0.53,0.65,130.8674,-47.8964,70.78920000000001,175,75
2026-05-07 18:38:57.624,4,-0.46,-0.52,0.68,126.1174,-58.8664,66.0292,175,75
2026-05-07 18:38:57.649,4,-0.48,-0.5,0.7,117.76740000000001,-85.4564,55.2992,175,75
2026-05-07 18:38:57.661,4,-0.47,-0.45,0.69,112.2174,-114.4764,44.1992,175,75
2026-05-07 18:38:57.673,4,-0.47,-0.42,0.67,107.2174,-125.82639999999999,39.6892,175,75
2026-05-07 18:38:57.681,4,-0.47,-0.39,0.65,102.88740000000001,-130.3964,36.2792,175,75
2026-05-07 18:38:57.700,4,-0.46,-0.36,0.63,96.8474,-131.6164,32.4992,175,75
2026-05-07 18:38:57.700,4,-0.43,-0.31,0.61,90.38740000000001,-130.0264,28.6592,175,75
2026-05-07 18:38:57.710,4,-0.4,-0.27,0.6,84.7774,-127.7164,27.499200000000002,175,75
2026-05-07 18:38:57.721,4,-0.38,-0.24,0.59,77.51740000000001,-123.5064,26.0992,175,75
2026-05-07 18:38:57.740,4,-0.35,-0.24,0.58,68.91739999999999,-116.8564,24.569200000000002,175,75
2026-05-07 18:38:57.760,4,-0.32,-0.29,0.57,55.1974,-104.7864,21.0992,175,75
2026-05-07 18:38:57.773,4,-0.31,-0.38,0.55,40.3274,-94.7864,14.9992,175,75
2026-05-07 18:38:57.790,4,-0.32,-0.42,0.55,31.4174,-89.84639999999999,10.9692,175,75
2026-05-07 18:38:57.790,4,-0.35,-0.46,0.54,20.5074,-86.0664,6.2791999999999994,175,75
2026-05-07 18:38:57.814,4,-0.38,-0.48,0.55,8.1274,-82.10640000000001,1.6991999999999994,175,75
2026-05-07 18:38:57.825,4,-0.42,-0.49,0.55,-4.5526,-77.8964,-2.440800000000001,175,75
2026-05-07 18:38:57.847,4,-0.42,-0.51,0.57,-13.642599999999998,-74.60640000000001,-4.8208,175,75
2026-05-07 18:38:57.847,4,-0.42,-0.52,0.6,-24.552599999999998,-71.6164,-6.040799999999999,175,75
2026-05-07 18:38:57.858,4,-0.42,-0.54,0.63,-36.6326,-68.68639999999999,-6.950799999999999,175,75
2026-05-07 18:38:57.893,4,-0.36,-0.65,0.59,-60.0426,-69.7864,-15.490799999999998,175,75
2026-05-07 18:38:57.903,4,-0.36,-0.64,0.55,-66.3826,-65.3364,-21.040800000000004,175,75
2026-05-07 18:38:57.915,4,-0.33,-0.52,0.5,-86.08260000000001,-42.8364,-30.9208,175,75
2026-05-07 18:38:57.941,4,-0.34,-0.38,0.54,-107.9726,-16.1864,-35.7308,175,75
2026-05-07 18:38:57.954,4,-0.35,-0.35,0.56,-119.49260000000001,-4.546399999999998,-35.3108,175,75
2026-05-07 18:38:57.979,4,-0.37,-0.5,0.59,-144.1926,23.8136,-35.000800000000005,175,75
2026-05-07 18:38:57.979,4,-0.4,-0.56,0.59,-152.0526,35.8836,-37.3208,175,75
2026-05-07 18:38:57.989,4,-0.42,-0.62,0.61,-162.17260000000002,52.7136,-41.470800000000004,175,75
2026-05-07 18:38:58.021,4,-0.45,-0.72,0.67,-178.1526,77.8336,-47.2608,175,75
2026-05-07 18:38:58.041,4,-0.51,-0.8,0.71,-185.1026,91.0036,-52.870799999999996,175,75
2026-05-07 18:38:58.054,4,-0.54,-0.81,0.72,-185.2826,93.2636,-56.7708,175,75
2026-05-07 18:38:58.065,4,-0.54,-0.81,0.73,-184.3726,95.3336,-61.6508,175,75
2026-05-07 18:38:58.065,4,-0.54,-0.79,0.75,-182.17260000000002,95.4536,-67.32079999999999,175,75
2026-05-07 18:38:58.077,4,-0.53,-0.75,0.77,-179.0026,92.1036,-71.71079999999999,175,75
2026-05-07 18:38:58.095,4,-0.53,-0.7,0.77,-175.0426,86.2536,-73.9108,175,75
2026-05-07 18:38:58.114,4,-0.52,-0.58,0.76,-163.2126,68.0236,-80.6708,175,75
2026-05-07 18:38:58.129,4,-0.51,-0.54,0.75,-158.8826,61.06360000000001,-81.7708,175,75
2026-05-07 18:38:58.140,4,-0.5,-0.49,0.74,-153.39260000000002,53.2636,-81.8308,175,75
2026-05-07 18:38:58.140,4,-0.51,-0.46,0.72,-149.0626,49.42360000000001,-82.1408,175,75
2026-05-07 18:38:58.153,4,-0.51,-0.44,0.72,-145.5926,46.613600000000005,-80.6708,175,75
2026-05-07 18:38:58.174,4,-0.52,-0.42,0.7,-141.14260000000002,45.03360000000001,-79.2708,175,75
2026-05-07 18:38:58.185,4,-0.55,-0.39,0.71,-136.5626,45.8836,-78.3608,175,75
2026-05-07 18:38:58.196,4,-0.57,-0.37,0.72,-132.7226,46.863600000000005,-77.1408,175,75
2026-05-07 18:38:58.208,4,-0.59,-0.35,0.73,-127.6626,47.343599999999995,-74.51079999999999,175,75
2026-05-07 18:38:58.228,4,-0.65,-0.27,0.74,-116.6926,50.393600000000006,-66.04079999999999,175,75
2026-05-07 18:38:58.266,4,-0.68,-0.14,0.77,-99.1326,58.203599999999994,-51.7708,175,75
2026-05-07 18:38:58.267,4,-0.68,-0.11,0.79,-91.6926,58.203599999999994,-46.400800000000004,175,75
2026-05-07 18:38:58.287,4,-0.68,-0.09,0.8,-83.52260000000001,57.1036,-41.9508,175,75
2026-05-07 18:38:58.295,4,-0.68,-0.06,0.82,-72.11259999999999,52.0436,-36.040800000000004,175,75
2026-05-07 18:38:58.314,4,-0.67,-0.02,0.83,-52.6026,36.4936,-27.9908,175,75
2026-05-07 18:38:58.325,4,-0.66,-0.0,0.82,-40.4726,25.153600000000004,-24.580800000000004,175,75
2026-05-07 18:38:58.336,4,-0.66,0.0,0.81,-30.162599999999998,15.453600000000002,-20.550800000000002,175,75
2026-05-07 18:38:58.347,4,-0.66,0.01,0.8,-21.142599999999998,7.2836,-17.080800000000004,175,75
2026-05-07 18:38:58.361,4,-0.67,0.01,0.79,-10.1626,-0.27639999999999887,-12.260800000000001,175,75
2026-05-07 18:38:58.373,4,-0.67,0.0,0.79,-1.9925999999999995,-4.606399999999997,-8.600800000000001,175,75
2026-05-07 18:38:58.386,4,-0.65,-0.04,0.77,10.9374,-11.066399999999998,-2.3208,175,75
2026-05-07 18:38:58.410,4,-0.65,-0.19,0.74,36.4174,-24.4164,9.9392,175,75
2026-05-07 18:38:58.427,4,-0.65,-0.27,0.72,48.1274,-30.7564,14.2692,175,75
2026-05-07 18:38:58.427,4,-0.66,-0.36,0.7,60.3274,-36.8564,17.8592,175,75
2026-05-07 18:38:58.441,4,-0.67,-0.39,0.69,69.3474,-41.916399999999996,21.339199999999998,175,75
2026-05-07 18:38:58.453,4,-0.66,-0.42,0.69,80.44739999999999,-49.666399999999996,27.3092,175,75
2026-05-07 18:38:58.470,4,-0.66,-0.43,0.68,88.91739999999999,-55.9464,33.0492,175,75
2026-05-07 18:38:58.470,4,-0.65,-0.44,0.66,98.2474,-61.6764,42.0092,175,75
2026-05-07 18:38:58.494,4,-0.63,-0.48,0.62,109.5874,-59.8464,58.349199999999996,175,75
2026-05-07 18:38:58.505,4,-0.61,-0.54,0.61,115.6874,-55.0864,68.28920000000001,175,75
2026-05-07 18:38:58.520,4,-0.58,-0.61,0.61,122.1574,-52.2264,78.7792,175,75
2026-05-07 18:38:58.530,4,-0.56,-0.71,0.6,129.8374,-52.4064,88.4692,175,75
2026-05-07 18:38:58.543,4,-0.56,-0.8,0.61,135.6874,-53.8064,93.28920000000001,175,75
2026-05-07 18:38:58.554,4,-0.54,-0.82,0.6,137.82739999999998,-52.106399999999994,89.1992,175,75
2026-05-07 18:38:58.564,4,-0.49,-0.77,0.62,136.4774,-49.7864,84.01920000000001,175,75
2026-05-07 18:38:58.575,4,-0.41,-0.69,0.66,133.3074,-49.4764,81.0892,175,75
2026-05-07 18:38:58.587,4,-0.36,-0.64,0.67,130.2674,-51.7964,83.4692,175,75
2026-05-07 18:38:58.599,4,-0.34,-0.63,0.67,126.66739999999999,-54.4764,86.45920000000001,175,75
2026-05-07 18:38:58.599,4,-0.35,-0.65,0.66,122.3374,-53.5064,85.4192,175,75
2026-05-07 18:38:58.645,4,-0.42,-0.57,0.76,80.56739999999999,-34.2964,63.6592,175,75
2026-05-07 18:38:58.654,4,-0.47,-0.52,0.79,72.1574,-36.0664,61.5192,175,75
2026-05-07 18:38:58.688,4,-0.54,-0.44,0.83,57.1574,-46.496399999999994,58.959199999999996,175,75
2026-05-07 18:38:58.699,4,-0.56,-0.33,0.83,47.8274,-55.7564,54.4492,175,75
2026-05-07 18:38:58.710,4,-0.55,-0.27,0.83,46.9674,-56.916399999999996,52.7992,175,75
2026-05-07 18:38:58.723,4,-0.53,-0.22,0.84,47.0874,-59.2364,51.3992,175,75
2026-05-07 18:38:58.731,4,-0.5,-0.17,0.87,48.4974,-66.6164,47.0092,175,75
2026-05-07 18:38:58.749,4,-0.48,-0.15,0.87,50.0174,-76.4964,44.1392,175,75
2026-05-07 18:38:58.761,4,-0.48,-0.14,0.88,52.0274,-87.4664,41.8292,175,75
2026-05-07 18:38:58.761,4,-0.48,-0.14,0.87,55.5074,-101.0664,38.5992,175,75
2026-05-07 18:38:58.789,4,-0.49,-0.16,0.83,67.3974,-137.8364,30.2992,175,75
2026-05-07 18:38:58.800,4,-0.5,-0.18,0.79,73.3074,-151.1264,27.6792,175,75
2026-05-07 18:38:58.800,4,-0.51,-0.19,0.74,79.04740000000001,-161.0664,26.339199999999998,175,75
2026-05-07 18:38:58.813,4,-0.53,-0.21,0.68,86.35740000000001,-167.9564,24.879199999999997,175,75
2026-05-07 18:38:58.834,4,-0.52,-0.25,0.6,96.41739999999999,-167.1664,23.3492,175,75
2026-05-07 18:38:58.845,4,-0.5,-0.28,0.56,100.9974,-161.9764,22.9892,175,75
2026-05-07 18:38:58.858,4,-0.47,-0.3,0.53,105.50739999999999,-152.0464,23.3492,175,75
2026-05-07 18:38:58.893,4,-0.37,-0.32,0.51,107.2774,-121.0064,23.2292,175,75
2026-05-07 18:38:58.904,4,-0.35,-0.33,0.52,103.91739999999999,-108.8664,23.8992,175,75
2026-05-07 18:38:58.915,4,-0.34,-0.35,0.53,100.8074,-99.3564,24.9392,175,75
2026-05-07 18:38:58.926,4,-0.33,-0.37,0.53,95.07740000000001,-86.6764,25.6692,175,75
2026-05-07 18:38:58.939,4,-0.33,-0.37,0.54,88.6174,-74.84639999999999,24.3292,175,75
2026-05-07 18:38:58.953,4,-0.32,-0.36,0.55,80.32740000000001,-62.8964,23.5292,175,75
2026-05-07 18:38:58.975,4,-0.3,-0.4,0.58,61.1174,-35.7564,26.639200000000002,175,75
2026-05-07 18:38:58.989,4,-0.29,-0.46,0.6,51.4774,-23.566399999999998,25.9092,175,75
2026-05-07 18:38:59.004,4,-0.29,-0.52,0.62,40.1974,-13.686399999999999,22.499200000000002,175,75
2026-05-07 18:38:59.011,4,-0.31,-0.56,0.65,28.3074,-8.866399999999999,17.9892,175,75
2026-05-07 18:38:59.035,4,-0.36,-0.62,0.7,10.6874,-11.796399999999998,8.4092,175,75
2026-05-07 18:38:59.046,4,-0.39,-0.65,0.73,0.4474,-19.9664,1.5792000000000002,175,75
2026-05-07 18:38:59.057,4,-0.42,-0.65,0.75,-9.8626,-30.5764,-6.100800000000001,175,75
2026-05-07 18:38:59.073,4,-0.42,-0.65,0.78,-21.2626,-43.6264,-14.7008,175,75
2026-05-07 18:38:59.085,4,-0.4,-0.66,0.79,-28.5826,-55.1564,-19.150800000000004,175,75
2026-05-07 18:38:59.100,4,-0.37,-0.66,0.78,-35.6526,-69.60640000000001,-24.8208,175,75
2026-05-07 18:38:59.110,4,-0.37,-0.66,0.74,-39.7326,-78.13640000000001,-30.800800000000002,175,75
2026-05-07 18:38:59.110,4,-0.37,-0.62,0.69,-45.6526,-82.2264,-39.8808,175,75
2026-05-07 18:38:59.120,4,-0.37,-0.56,0.64,-53.3926,-77.2264,-46.040800000000004,175,75
2026-05-07 18:38:59.134,4,-0.39,-0.46,0.61,-64.0626,-65.2164,-50.000800000000005,175,75
2026-05-07 18:38:59.147,4,-0.41,-0.4,0.61,-73.27260000000001,-53.5664,-49.70080000000001,175,75
2026-05-07 18:38:59.178,4,-0.43,-0.43,0.62,-89.49260000000001,-35.5764,-45.8008,175,75
2026-05-07 18:38:59.178,4,-0.47,-0.47,0.62,-96.6926,-29.176399999999997,-45.610800000000005,175,75
2026-05-07 18:38:59.195,4,-0.5,-0.53,0.63,-106.93260000000001,-18.7464,-48.360800000000005,175,75
2026-05-07 18:38:59.207,4,-0.51,-0.55,0.63,-115.77260000000001,-6.7364,-52.140800000000006,175,75
2026-05-07 18:38:59.207,4,-0.51,-0.54,0.63,-123.52260000000001,6.553600000000003,-52.140800000000006,175,75
2026-05-07 18:38:59.228,4,-0.52,-0.55,0.64,-129.2526,20.943600000000004,-50.610800000000005,175,75
2026-05-07 18:38:59.238,4,-0.52,-0.56,0.65,-132.9726,32.653600000000004,-49.640800000000006,175,75
2026-05-07 18:38:59.249,4,-0.53,-0.57,0.66,-136.26260000000002,43.3236,-50.370799999999996,175,75
2026-05-07 18:38:59.272,4,-0.57,-0.57,0.71,-139.7426,49.5436,-55.610800000000005,175,75
2026-05-07 18:38:59.301,4,-0.58,-0.52,0.71,-140.2226,46.613600000000005,-58.9108,175,75
2026-05-07 18:38:59.327,4,-0.59,-0.47,0.69,-139.67260000000002,46.06360000000001,-58.360800000000005,175,75
2026-05-07 18:38:59.337,4,-0.59,-0.44,0.69,-138.70260000000002,46.863600000000005,-58.230799999999995,175,75
2026-05-07 18:38:59.349,4,-0.6,-0.41,0.69,-137.9126,48.6936,-57.56080000000001,175,75
2026-05-07 18:38:59.361,4,-0.64,-0.37,0.7,-137.9726,50.393600000000006,-54.8208,175,75
2026-05-07 18:38:59.373,4,-0.69,-0.34,0.69,-137.36260000000001,53.9336,-51.8308,175,75
2026-05-07 18:38:59.385,4,-0.77,-0.31,0.73,-134.0626,61.1936,-45.610800000000005,175,75
2026-05-07 18:38:59.416,4,-0.88,-0.2,1.01,-115.0426,60.03360000000001,-26.160800000000002,175,75
2026-05-07 18:38:59.427,4,-0.94,-0.14,1.1,-100.4726,40.1536,-21.400800000000004,175,75
2026-05-07 18:38:59.461,4,-0.91,-0.07,1.07,-55.0426,-18.1364,-1.1008000000000013,175,75
2026-05-07 18:38:59.461,4,-0.92,-0.11,1.0,-42.4826,-24.9664,3.5991999999999997,175,75
2026-05-07 18:38:59.473,4,-0.96,-0.16,0.91,-28.092599999999997,-27.406399999999998,8.6592,175,75
2026-05-07 18:38:59.494,4,-1.01,-0.17,0.87,-16.2626,-16.126399999999997,13.5292,175,75
2026-05-07 18:38:59.498,4,-1.02,-0.13,0.87,-4.8626000000000005,-3.5063999999999993,18.5992,175,75
2026-05-07 18:38:59.511,4,-1.02,-0.08,0.89,5.627400000000001,2.6536000000000044,24.9392,175,75
2026-05-07 18:38:59.524,4,-1.01,-0.05,0.92,20.3274,3.5035999999999987,33.4092,175,75
2026-05-07 18:38:59.546,4,-0.98,-0.12,0.93,46.1774,-9.2364,45.2992,175,75
2026-05-07 18:38:59.552,4,-0.96,-0.2,0.89,59.2874,-15.8264,49.1992,175,75
2026-05-07 18:38:59.580,4,-0.91,-0.31,0.83,81.0574,-26.246399999999998,53.2892,175,75
2026-05-07 18:38:59.591,4,-0.9,-0.39,0.8,94.10740000000001,-34.666399999999996,59.0192,175,75
2026-05-07 18:38:59.604,4,-0.89,-0.47,0.76,107.3374,-41.0064,65.4892,175,75
2026-05-07 18:38:59.611,4,-0.87,-0.56,0.72,119.4074,-46.916399999999996,70.9092,175,75
2026-05-07 18:38:59.623,4,-0.88,-0.62,0.69,128.3074,-54.1764,76.3392,175,75
2026-05-07 18:38:59.637,4,-0.86,-0.69,0.68,139.2274,-58.3264,80.84920000000001,175,75
2026-05-07 18:38:59.648,4,-0.78,-0.73,0.61,143.85739999999998,-69.35640000000001,78.7192,175,75
2026-05-07 18:38:59.648,4,-0.87,-0.77,0.61,148.1274,-63.2564,81.8292,175,75
2026-05-07 18:38:59.682,4,-0.78,-0.85,0.64,153.85739999999998,-83.5064,81.45920000000001,175,75
2026-05-07 18:38:59.699,4,-0.78,-0.94,0.67,153.6774,-106.9164,85.23920000000001,175,75
2026-05-07 18:38:59.719,4,-0.79,-0.98,0.66,153.79739999999998,-118.6264,89.8092,175,75
2026-05-07 18:38:59.731,4,-0.78,-1.0,0.61,153.1874,-127.8964,87.67920000000001,175,75
2026-05-07 18:38:59.741,4,-0.79,-0.99,0.58,146.1774,-127.1064,79.3292,175,75
2026-05-07 18:38:59.753,4,-0.68,-0.96,0.55,134.6574,-119.4764,72.2492,175,75
2026-05-07 18:38:59.764,4,-0.57,-0.88,0.55,118.79740000000001,-107.2864,75.6092,175,75
2026-05-07 18:38:59.801,4,-0.43,-0.74,0.66,53.1274,-49.5464,73.2292,175,75
2026-05-07 18:38:59.813,4,-0.43,-0.72,0.72,37.6974,-37.166399999999996,68.89920000000001,175,75
2026-05-07 18:38:59.828,4,-0.43,-0.68,0.79,21.0574,-28.996399999999998,58.2292,175,75
2026-05-07 18:38:59.837,4,-0.45,-0.63,0.84,11.057400000000001,-28.446399999999997,47.8592,175,75
2026-05-07 18:38:59.862,4,-0.59,-0.41,0.97,-8.2126,-61.6164,8.7792,175,75
2026-05-07 18:38:59.888,4,-0.65,-0.15,1.01,-11.2026,-103.8064,-9.940800000000001,175,75
2026-05-07 18:38:59.898,4,-0.67,-0.05,1.01,-10.5326,-122.5264,-12.870800000000001,175,75
2026-05-07 18:38:59.907,4,-0.7,0.03,1.0,-8.522599999999999,-138.44639999999998,-13.420800000000002,175,75
2026-05-07 18:38:59.934,4,-0.7,0.15,0.96,1.5474000000000006,-162.5264,-9.8208,175,75
2026-05-07 18:38:59.945,4,-0.68,0.15,0.93,6.9674000000000005,-170.6364,-8.970799999999999,175,75
2026-05-07 18:38:59.958,4,-0.65,0.15,0.89,12.217400000000001,-174.7864,-8.970799999999999,175,75
2026-05-07 18:38:59.965,4,-0.65,0.15,0.85,17.0274,-178.9964,-8.0508,175,75
2026-05-07 18:38:59.987,4,-0.66,0.14,0.81,21.1174,-179.5464,-6.3408,175,75
2026-05-07 18:38:59.990,4,-0.67,0.11,0.77,25.3874,-177.4064,-3.7207999999999988,175,75
2026-05-07 18:39:00.006,4,-0.66,0.05,0.73,29.1674,-173.6864,-1.3407999999999998,175,75
2026-05-07 18:39:00.017,4,-0.66,-0.0,0.69,30.5074,-172.5264,1.2192000000000007,175,75
2026-05-07 18:39:00.034,4,-0.67,-0.11,0.59,31.2374,-158.0164,7.309200000000001,175,75
2026-05-07 18:39:00.048,4,-0.67,-0.16,0.56,30.6274,-146.6164,10.9092,175,75
2026-05-07 18:39:00.062,4,-0.62,-0.25,0.52,25.6274,-112.4064,21.5792,175,75
2026-05-07 18:39:00.073,4,-0.59,-0.29,0.52,21.7274,-86.85640000000001,27.6192,175,75
2026-05-07 18:39:00.087,4,-0.55,-0.32,0.54,18.0674,-67.5864,32.6792,175,75
2026-05-07 18:39:00.092,4,-0.53,-0.35,0.58,11.4774,-46.0064,39.0192,175,75
2026-05-07 18:39:00.115,4,-0.53,-0.39,0.69,-3.5825999999999993,-8.566399999999998,50.0592,175,75
2026-05-07 18:39:00.126,4,-0.52,-0.39,0.76,-9.9826,7.2836,54.139199999999995,175,75
2026-05-07 18:39:00.139,4,-0.51,-0.4,0.84,-14.9226,19.663600000000002,58.7192,175,75
2026-05-07 18:39:00.151,4,-0.51,-0.43,0.91,-19.1926,26.1336,63.7192,175,75
2026-05-07 18:39:00.173,4,-0.59,-0.51,0.96,-26.6926,19.2436,65.1192,175,75
2026-05-07 18:39:00.179,4,-0.59,-0.51,0.97,-29.132599999999996,11.7436,60.2992,175,75
2026-05-07 18:39:00.206,4,-0.64,-0.44,0.96,-29.492600000000003,-12.7164,46.4592,175,75
2026-05-07 18:39:00.221,4,-0.65,-0.36,0.96,-21.5026,-36.0664,37.9192,175,75
2026-05-07 18:39:00.234,4,-0.69,-0.34,0.97,-17.8426,-49.0564,34.6292,175,75
2026-05-07 18:39:00.244,4,-0.72,-0.32,0.96,-13.032599999999999,-63.9964,29.629199999999997,175,75
2026-05-07 18:39:00.255,4,-0.74,-0.31,0.95,-7.662599999999999,-75.7564,24.8092,175,75
2026-05-07 18:39:00.275,4,-0.76,-0.31,0.94,0.1374000000000004,-90.88640000000001,18.7192,175,75
2026-05-07 18:39:00.275,4,-0.76,-0.31,0.93,6.2374,-100.5164,15.0592,175,75
2026-05-07 18:39:00.281,4,-0.77,-0.31,0.91,12.397400000000001,-107.0464,11.2192,175,75
2026-05-07 18:39:00.314,4,-0.74,-0.36,0.85,25.5674,-112.8964,3.1692,175,75
2026-05-07 18:39:00.325,4,-0.78,-0.39,0.81,28.0074,-110.9464,-0.2507999999999999,175,75
2026-05-07 18:39:00.330,4,-0.81,-0.41,0.79,28.3674,-98.5064,-8.4808,175,75
2026-05-07 18:39:00.347,4,-0.85,-0.38,0.8,23.3074,-82.8964,-14.6408,175,75
2026-05-07 18:39:00.356,4,-0.91,-0.3,0.85,14.7774,-64.7264,-16.7708,175,75
2026-05-07 18:39:00.368,4,-0.99,-0.2,0.94,1.7274000000000003,-34.416399999999996,-12.620800000000001,175,75
2026-05-07 18:39:00.368,4,-1.11,-0.08,1.1,-11.692599999999999,9.913600000000002,-2.620800000000001,175,75
2026-05-07 18:39:00.392,4,-1.2,0.01,1.33,-21.2626,42.953599999999994,-0.4307999999999996,175,75
2026-05-07 18:39:00.429,4,-1.76,-0.7,1.82,-25.5926,-6.246399999999998,18.7192,175,75
2026-05-07 18:39:00.450,4,-2.04,-1.17,1.93,-7.422599999999999,-121.5564,10.789200000000001,175,75
2026-05-07 18:39:00.463,4,-2.21,-1.34,1.79,0.6874000000000002,-209.2364,-26.830800000000004,175,75
2026-05-07 18:39:00.481,4,-2.25,-1.21,1.67,0.5074000000000005,-227.7764,-66.71079999999999,175,75
2026-05-07 18:39:00.494,4,-2.11,-0.91,1.5,5.3874,-218.9364,-104.4508,175,75
2026-05-07 18:39:00.506,4,-1.66,-0.59,1.41,20.9374,-209.8464,-98.9708,175,75
2026-05-07 18:39:00.506,4,-1.29,-0.32,1.45,35.3874,-217.1664,-38.540800000000004,175,75
2026-05-07 18:39:00.518,4,-1.48,-0.21,1.41,51.7274,-210.1564,28.0492,175,75
2026-05-07 18:39:00.527,4,-1.61,-0.47,1.36,63.6774,-173.4464,35.4192,175,75
2026-05-07 18:39:00.537,4,-1.53,-0.75,1.36,65.6274,-142.5264,29.019199999999998,175,75
2026-05-07 18:39:00.548,4,-1.44,-0.82,1.37,70.50739999999999,-122.6564,28.7192,175,75
2026-05-07 18:39:00.559,4,-1.4,-0.7,1.37,79.4674,-121.0664,25.3592,175,75
2026-05-07 18:39:00.571,4,-1.35,-0.57,1.36,91.47739999999999,-125.2164,17.3092,175,75
2026-05-07 18:39:00.584,4,-1.3,-0.49,1.34,99.3474,-129.90640000000002,16.7692,175,75
2026-05-07 18:39:00.594,4,-1.31,-0.46,1.34,103.3074,-130.63639999999998,22.499200000000002,175,75
2026-05-07 18:39:00.611,4,-1.31,-0.47,1.32,105.9974,-128.44639999999998,25.7892,175,75
2026-05-07 18:39:00.626,4,-1.32,-0.5,1.29,109.04740000000001,-131.9764,25.7292,175,75
2026-05-07 18:39:00.626,4,-1.33,-0.52,1.26,111.8474,-134.4164,24.269199999999998,175,75
2026-05-07 18:39:00.637,4,-1.3,-0.52,1.22,112.88740000000001,-132.9564,20.9092,175,75
2026-05-07 18:39:00.661,4,-1.23,-0.48,1.18,112.82740000000001,-130.2764,17.2492,175,75
2026-05-07 18:39:00.661,4,-1.17,-0.44,1.17,113.4974,-128.6264,18.0492,175,75
2026-05-07 18:39:00.680,4,-1.14,-0.42,1.16,113.3674,-126.6764,19.9392,175,75
2026-05-07 18:39:00.698,4,-1.16,-0.41,1.17,105.9974,-140.3364,15.3592,175,75
2026-05-07 18:39:00.724,4,-1.16,-0.37,1.17,101.78739999999999,-143.8664,12.4992,175,75
2026-05-07 18:39:00.745,4,-1.11,-0.21,1.18,91.54740000000001,-146.1864,11.1592,175,75
2026-05-07 18:39:00.755,4,-1.08,-0.08,1.18,78.2474,-147.8364,15.4192,175,75
2026-05-07 18:39:00.772,4,-1.08,-0.05,1.19,73.06739999999999,-143.7464,16.339199999999998,175,75
2026-05-07 18:39:00.785,4,-1.06,-0.03,1.22,68.4974,-136.5564,18.6592,175,75
2026-05-07 18:39:00.785,4,-1.04,-0.02,1.25,64.7774,-130.2164,22.0092,175,75
2026-05-07 18:39:00.807,4,-1.03,-0.03,1.28,61.1774,-128.8064,24.3292,175,75
2026-05-07 18:39:00.826,4,-1.02,-0.05,1.28,59.8974,-115.57639999999999,29.569200000000002,175,75
2026-05-07 18:39:00.838,4,-1.0,-0.05,1.28,60.3274,-108.8064,31.639200000000002,175,75
2026-05-07 18:39:00.844,4,-0.97,-0.06,1.28,60.8674,-101.1264,35.1792,175,75
2026-05-07 18:39:00.866,4,-0.94,-0.05,1.28,61.2374,-91.0064,39.3892,175,75
2026-05-07 18:39:00.879,4,-0.94,-0.03,1.27,57.9474,-83.8664,44.5092,175,75
2026-05-07 18:39:00.891,4,-0.93,-0.01,1.3,52.2774,-75.63640000000001,50.5492,175,75
2026-05-07 18:39:00.904,4,-0.91,0.01,1.33,46.9674,-62.5864,58.529199999999996,175,75
2026-05-07 18:39:00.904,4,-0.86,0.03,1.36,41.3574,-45.636399999999995,67.0092,175,75
2026-05-07 18:39:00.916,4,-0.8,0.02,1.41,36.6074,-26.496399999999998,74.0192,175,75
2026-05-07 18:39:00.938,4,-0.69,-0.09,1.54,26.9674,14.7836,89.87920000000001,175,75
2026-05-07 18:39:00.948,4,-0.65,-0.16,1.57,18.977400000000003,24.1736,91.1592,175,75
2026-05-07 18:39:00.979,4,-0.6,-0.18,1.6,-4.8626000000000005,57.7736,85.2992,175,75
2026-05-07 18:39:00.979,4,-0.61,-0.12,1.67,-17.2426,73.9336,83.8392,175,75
2026-05-07 18:39:00.995,4,-0.62,-0.07,1.81,-28.882599999999996,98.87360000000001,82.7992,175,75
2026-05-07 18:39:01.007,4,-0.66,-0.06,1.93,-35.5326,110.39359999999999,84.0792,175,75
2026-05-07 18:39:01.015,4,-0.69,-0.06,2.05,-40.1026,118.2036,82.12920000000001,175,75
2026-05-07 18:39:01.030,4,-0.75,-0.12,2.27,-46.562599999999996,99.6036,71.0992,175,75
2026-05-07 18:39:01.040,4,-0.76,-0.15,2.33,-47.9726,70.4536,60.4192,175,75
2026-05-07 18:39:01.059,4,-0.79,-0.16,2.37,-47.3026,18.693600000000004,40.4892,175,75
2026-05-07 18:39:01.075,4,-0.8,-0.16,2.38,-43.8226,-14.356399999999999,27.3092,175,75
2026-05-07 18:39:01.075,4,-0.8,-0.18,2.35,-38.8226,-56.6764,11.3992,175,75
2026-05-07 18:39:01.096,4,-0.83,-0.19,2.29,-35.2226,-88.4464,-1.4707999999999988,175,75
2026-05-07 18:39:01.099,4,-0.9,-0.18,2.2,-31.7526,-117.9564,-16.5308,175,75
2026-05-07 18:39:01.114,4,-0.95,-0.13,2.16,-28.9426,-126.43639999999999,-27.5608,175,75
2026-05-07 18:39:01.133,4,-0.92,-0.06,2.11,-27.782600000000002,-129.84640000000002,-34.3308,175,75
2026-05-07 18:39:01.133,4,-0.9,-0.01,2.04,-28.1526,-138.25639999999999,-39.5808,175,75
2026-05-07 18:39:01.156,4,-0.9,0.02,1.92,-29.2526,-141.0664,-43.1708,175,75
2026-05-07 18:39:01.167,4,-0.92,0.02,1.83,-31.3226,-133.5664,-45.610800000000005,175,75
2026-05-07 18:39:01.182,4,-0.94,0.07,1.73,-38.1526,-104.9064,-48.3008,175,75
2026-05-07 18:39:01.192,4,-0.94,0.1,1.74,-41.0226,-90.8264,-47.6208,175,75
2026-05-07 18:39:01.203,4,-0.92,0.13,1.74,-43.3926,-82.34639999999999,-46.220800000000004,175,75
2026-05-07 18:39:01.215,4,-0.9,0.12,1.73,-45.9526,-85.4564,-46.470800000000004,175,75
2026-05-07 18:39:01.225,4,-0.93,0.1,1.69,-47.7826,-91.9164,-48.110800000000005,175,75
2026-05-07 18:39:01.233,4,-0.95,0.1,1.65,-49.6126,-93.8664,-49.8808,175,75
2026-05-07 18:39:01.245,4,-0.96,0.11,1.63,-53.7626,-94.0564,-51.1008,175,75
2026-05-07 18:39:01.276,4,-1.04,0.19,1.62,-63.032599999999995,-91.3664,-47.4408,175,75
2026-05-07 18:39:01.282,4,-1.06,0.22,1.66,-66.3826,-92.2264,-45.4908,175,75
2026-05-07 18:39:01.294,4,-1.09,0.24,1.7,-69.3726,-101.3064,-43.1708,175,75
2026-05-07 18:39:01.311,4,-1.14,0.24,1.72,-72.11259999999999,-118.5064,-41.400800000000004,175,75
2026-05-07 18:39:01.311,4,-1.15,0.23,1.71,-73.0926,-132.1664,-39.9408,175,75
2026-05-07 18:39:01.348,4,-1.2,0.14,1.58,-79.0026,-165.1564,-34.3308,175,75
2026-05-07 18:39:01.348,4,-1.24,0.13,1.56,-79.86259999999999,-165.3364,-31.5308,175,75
2026-05-07 18:39:01.360,4,-1.25,0.13,1.58,-80.2226,-161.4964,-26.7708,175,75
2026-05-07 18:39:01.375,4,-1.21,0.13,1.63,-80.95259999999999,-160.3964,-18.970800000000004,175,75
2026-05-07 18:39:01.437,4,-1.14,-0.26,1.57,-69.92259999999999,-199.3564,6.3392,175,75
2026-05-07 18:39:01.450,4,-1.09,-0.39,1.47,-64.1926,-218.1964,17.4992,175,75
2026-05-07 18:39:01.460,4,-1.07,-0.45,1.42,-62.052600000000005,-221.7964,23.3492,175,75
2026-05-07 18:39:01.482,4,-0.93,-0.62,1.31,-56.2026,-215.3964,35.2392,175,75
2026-05-07 18:39:01.516,4,-0.76,-0.72,1.18,-51.1426,-218.4464,43.7792,175,75
2026-05-07 18:39:01.587,4,-0.37,-0.85,0.83,-26.5026,-152.5264,54.0192,175,75
2026-05-07 18:39:01.602,4,-0.3,-0.72,0.89,-28.7626,-123.8664,48.779199999999996,175,75
2026-05-07 18:39:01.615,4,-0.26,-0.64,0.92,-30.712600000000002,-118.9964,47.5592,175,75
2026-05-07 18:39:01.651,4,-0.23,-0.39,0.94,-33.6426,-126.18639999999999,45.6692,175,75
2026-05-07 18:39:01.661,4,-0.25,-0.33,0.93,-31.7526,-131.4964,43.8992,175,75
2026-05-07 18:39:01.675,4,-0.27,-0.3,0.91,-29.0026,-137.4664,42.3792,175,75
2026-05-07 18:39:01.690,4,-0.33,-0.33,0.88,-22.6626,-147.4664,37.5592,175,75
2026-05-07 18:39:01.703,4,-0.35,-0.37,0.88,-20.3426,-153.25639999999999,33.4092,175,75
2026-05-07 18:39:01.751,4,-0.44,-0.21,0.76,-18.2726,-186.6764,-3.3607999999999993,175,75
2026-05-07 18:39:01.762,4,-0.44,-0.17,0.71,-17.3626,-183.9364,-4.030800000000001,175,75
2026-05-07 18:39:01.762,4,-0.46,-0.19,0.66,-15.592600000000001,-174.6664,-2.5607999999999986,175,75
2026-05-07 18:39:01.783,4,-0.45,-0.27,0.59,-13.822600000000001,-151.6764,-1.4007999999999985,175,75
2026-05-07 18:39:01.795,4,-0.41,-0.38,0.55,-13.942599999999999,-129.7264,-1.4007999999999985,175,75
2026-05-07 18:39:01.816,4,-0.38,-0.56,0.53,-18.2726,-83.93639999999999,-11.8908,175,75
2026-05-07 18:39:01.827,4,-0.37,-0.62,0.54,-20.6526,-70.15639999999999,-19.940800000000003,175,75
2026-05-07 18:39:01.862,4,-0.46,-0.63,0.66,-39.9826,-62.166399999999996,-46.470800000000004,175,75
2026-05-07 18:39:01.886,4,-0.48,-0.47,0.75,-58.5826,-69.35640000000001,-68.48079999999999,175,75
2026-05-07 18:39:01.900,4,-0.49,-0.38,0.81,-64.3726,-68.0164,-70.37079999999999,175,75
2026-05-07 18:39:01.913,4,-0.5,-0.23,0.93,-74.0026,-62.776399999999995,-65.12079999999999,175,75
2026-05-07 18:39:01.926,4,-0.51,-0.19,0.96,-76.14259999999999,-64.35640000000001,-62.500800000000005,175,75
2026-05-07 18:39:01.937,4,-0.5,-0.17,0.98,-76.8726,-71.0664,-60.610800000000005,175,75
2026-05-07 18:39:01.957,4,-0.53,-0.18,0.94,-79.2526,-90.15639999999999,-57.56080000000001,175,75
2026-05-07 18:39:01.968,4,-0.55,-0.19,0.9,-81.4426,-94.7864,-56.6508,175,75
2026-05-07 18:39:01.979,4,-0.56,-0.19,0.83,-83.52260000000001,-95.5164,-57.0808,175,75
2026-05-07 18:39:01.979,4,-0.57,-0.19,0.79,-84.73259999999999,-91.9764,-56.4108,175,75
2026-05-07 18:39:02.012,4,-0.56,-0.23,0.68,-86.6326,-69.5464,-51.280800000000006,175,75
2026-05-07 18:39:02.012,4,-0.57,-0.24,0.66,-87.5426,-56.246399999999994,-49.45080000000001,175,75
2026-05-07 18:39:02.026,4,-0.59,-0.24,0.64,-88.21260000000001,-41.3064,-47.930800000000005,175,75
2026-05-07 18:39:02.039,4,-0.59,-0.24,0.64,-86.93260000000001,-25.7564,-46.5308,175,75
2026-05-07 18:39:02.054,4,-0.57,-0.24,0.64,-84.3126,-12.956399999999999,-45.3108,175,75
2026-05-07 18:39:02.054,4,-0.56,-0.24,0.66,-81.20259999999999,-2.4664,-43.110800000000005,175,75
2026-05-07 18:39:02.068,4,-0.56,-0.23,0.67,-76.4426,7.653600000000004,-39.7008,175,75
2026-05-07 18:39:02.082,4,-0.56,-0.24,0.67,-69.61259999999999,17.773600000000002,-36.7708,175,75
2026-05-07 18:39:02.105,4,-0.55,-0.29,0.69,-56.812599999999996,27.223600000000005,-32.8108,175,75
2026-05-07 18:39:02.140,4,-0.57,-0.36,0.69,-39.062599999999996,33.8736,-29.8808,175,75
2026-05-07 18:39:02.177,4,-0.54,-0.4,0.74,-22.482599999999998,23.9936,-26.470800000000004,175,75
2026-05-07 18:39:02.202,4,-0.55,-0.59,0.72,-6.1426,3.263600000000004,-22.3208,175,75
2026-05-07 18:39:02.236,4,-0.58,-0.64,0.72,3.3074000000000003,-18.1364,-30.9208,175,75
2026-05-07 18:39:02.257,4,-0.57,-0.59,0.74,5.2574000000000005,-29.6664,-34.3908,175,75
2026-05-07 18:39:02.257,4,-0.57,-0.51,0.75,6.8474,-40.1564,-35.3708,175,75
2026-05-07 18:39:02.282,4,-0.56,-0.35,0.76,7.157400000000001,-54.356399999999994,-32.3808,175,75
2026-05-07 18:39:02.301,4,-0.55,-0.28,0.75,9.2274,-54.1164,-27.3808,175,75
2026-05-07 18:39:02.304,4,-0.53,-0.22,0.75,11.6674,-51.7964,-20.000800000000005,175,75
2026-05-07 18:39:02.322,4,-0.51,-0.21,0.74,13.557400000000001,-50.9464,-13.1108,175,75
2026-05-07 18:39:02.323,4,-0.52,-0.26,0.72,16.1774,-49.7264,-5.4308,175,75
2026-05-07 18:39:02.342,4,-0.55,-0.31,0.68,18.7974,-48.0764,-0.9808000000000003,175,75
2026-05-07 18:39:02.373,4,-0.57,-0.36,0.63,23.3074,-34.5464,6.0992,175,75
2026-05-07 18:39:02.448,4,-0.39,-0.65,0.49,40.1974,60.1536,43.5992,175,75
2026-05-07 18:39:02.461,4,-0.39,-0.61,0.55,32.4574,82.8336,36.3992,175,75
2026-05-07 18:39:02.478,4,-0.4,-0.56,0.6,25.6274,90.3936,31.639200000000002,175,75
2026-05-07 18:39:02.492,4,-0.45,-0.44,0.7,5.9374,91.0036,19.3292,175,75
2026-05-07 18:39:02.506,4,-0.48,-0.39,0.73,-1.3225999999999996,88.7536,13.7192,175,75
2026-05-07 18:39:02.575,4,-0.55,-0.17,0.89,-30.2226,41.1336,-1.3407999999999998,175,75
2026-05-07 18:39:02.605,4,-0.53,-0.15,0.85,-28.9426,-8.386399999999998,-10.120800000000001,175,75
2026-05-07 18:39:02.622,4,-0.52,-0.15,0.83,-28.032600000000002,-15.7564,-10.120800000000001,175,75
2026-05-07 18:39:02.632,4,-0.52,-0.14,0.81,-24.6726,-24.3564,-10.670800000000002,175,75
2026-05-07 18:39:02.643,4,-0.51,-0.14,0.8,-21.3826,-31.976399999999998,-11.280800000000001,175,75
2026-05-07 18:39:02.657,4,-0.51,-0.12,0.78,-17.5426,-39.236399999999996,-11.1608,175,75
2026-05-07 18:39:02.667,4,-0.51,-0.1,0.76,-14.4326,-46.0664,-11.7108,175,75
2026-05-07 18:39:02.678,4,-0.51,-0.08,0.73,-12.602599999999999,-48.5064,-11.7108,175,75
2026-05-07 18:39:02.723,4,-0.5,-0.09,0.66,-8.8826,-24.4164,-5.9808,175,75
2026-05-07 18:39:02.772,4,-0.52,-0.21,0.71,-8.2126,4.363599999999998,1.2791999999999994,175,75
2026-05-07 18:39:02.774,4,-0.53,-0.24,0.73,-7.3026,7.343600000000002,2.0092,175,75
2026-05-07 18:39:02.811,4,-0.52,-0.28,0.75,-6.3225999999999996,-4.356399999999997,1.4591999999999992,175,75
2026-05-07 18:39:02.821,4,-0.52,-0.29,0.74,-5.5326,-12.046399999999998,0.9092000000000002,175,75
2026-05-07 18:39:02.832,4,-0.52,-0.3,0.74,-3.7026000000000003,-18.2564,0.4892000000000003,175,75
2026-05-07 18:39:02.855,4,-0.52,-0.32,0.74,-1.8125999999999998,-30.696399999999997,1.2192000000000007,175,75
2026-05-07 18:39:02.866,4,-0.54,-0.33,0.74,-1.1425999999999998,-37.4664,1.3392,175,75
2026-05-07 18:39:02.921,4,-0.58,-0.45,0.68,12.9474,-69.35640000000001,9.139199999999999,175,75
2026-05-07 18:39:02.932,4,-0.58,-0.45,0.66,18.3674,-84.84639999999999,8.4092,175,75
2026-05-07 18:39:02.945,4,-0.58,-0.42,0.65,19.717399999999998,-92.9564,9.9992,175,75
2026-05-07 18:39:02.957,4,-0.59,-0.4,0.65,20.5074,-98.1964,13.5992,175,75
2026-05-07 18:39:02.997,4,-0.59,-0.45,0.62,23.7374,-116.5564,27.249200000000002,175,75
2026-05-07 18:39:03.018,4,-0.62,-0.52,0.6,25.7474,-122.5864,32.7992,175,75
2026-05-07 18:39:03.032,4,-0.6,-0.55,0.59,26.1774,-123.1364,35.8492,175,75
2026-05-07 18:39:03.032,4,-0.6,-0.58,0.58,27.5774,-124.6664,36.8892,175,75
2026-05-07 18:39:03.072,4,-0.55,-0.58,0.61,36.4174,-97.7164,42.5592,175,75
2026-05-07 18:39:03.078,4,-0.57,-0.6,0.6,36.4174,-95.0864,41.5792,175,75
2026-05-07 18:39:03.123,4,-0.64,-0.43,0.63,19.837400000000002,-4.7864,40.6092,175,75
2026-05-07 18:39:03.174,4,-0.57,-0.61,1.11,9.897400000000001,45.7636,34.0792,175,75
2026-05-07 18:39:03.195,4,-0.58,-0.58,1.19,6.5474000000000006,-6.856399999999997,13.049199999999999,175,75
2026-05-07 18:39:03.207,4,-0.59,-0.5,1.16,3.7974000000000006,-39.236399999999996,1.6392000000000007,175,75
2026-05-07 18:39:03.214,4,-0.63,-0.42,1.12,2.5174000000000003,-58.6864,-3.8407999999999998,175,75
2026-05-07 18:39:03.270,4,-0.8,-0.16,0.97,2.0874000000000006,-59.0564,0.059200000000000585,175,75
2026-05-07 18:39:03.283,4,-0.79,-0.17,0.91,7.3974,-47.8364,3.7791999999999994,175,75
2026-05-07 18:39:03.340,4,-0.79,-0.31,0.77,9.9574,-3.3863999999999983,-1.4007999999999985,175,75
2026-05-07 18:39:03.351,4,-0.77,-0.31,0.79,7.2174000000000005,-4.356399999999997,-5.370800000000001,175,75
2026-05-07 18:39:03.367,4,-0.78,-0.28,0.83,3.1274000000000006,-8.016399999999997,-8.780800000000001,175,75
2026-05-07 18:39:03.378,4,-0.77,-0.31,0.91,1.8474000000000004,-18.1364,-9.760800000000001,175,75
2026-05-07 18:39:03.396,4,-0.77,-0.41,0.91,2.6974000000000005,-36.8564,-11.7108,175,75
2026-05-07 18:39:03.396,4,-0.78,-0.52,0.9,5.3874,-48.6864,-14.0908,175,75
2026-05-07 18:39:03.408,4,-0.73,-0.61,0.86,7.8874,-60.5764,-17.620800000000003,175,75
2026-05-07 18:39:03.422,4,-0.7,-0.64,0.83,6.667400000000001,-71.12639999999999,-23.4208,175,75
2026-05-07 18:39:03.456,4,-0.73,-0.42,0.86,0.3274000000000008,-92.2264,-29.3908,175,75
2026-05-07 18:39:03.466,4,-0.66,-0.37,0.86,5.2574000000000005,-94.5464,-24.7008,175,75
2026-05-07 18:39:03.487,4,-0.64,-0.39,0.85,5.997400000000001,-101.8564,-25.0608,175,75
2026-05-07 18:39:03.487,4,-0.67,-0.37,0.83,5.077400000000001,-101.7964,-24.510800000000003,175,75
2026-05-07 18:39:03.512,4,-0.64,-0.27,0.83,7.2174000000000005,-87.2864,-20.730800000000002,175,75
2026-05-07 18:39:03.549,4,-0.64,-0.26,0.91,12.4574,-69.60640000000001,-14.580800000000002,175,75
2026-05-07 18:39:03.586,4,-0.57,-0.35,0.85,17.6374,-103.9964,-20.000800000000005,175,75
2026-05-07 18:39:03.616,4,-0.64,-0.42,0.6,13.307400000000001,-55.026399999999995,-10.190800000000001,175,75
2026-05-07 18:39:03.628,4,-0.63,-0.46,0.59,12.0274,-30.946399999999997,-4.7608000000000015,175,75
2026-05-07 18:39:03.641,4,-0.63,-0.49,0.62,11.2974,-12.226399999999998,-0.6708000000000016,175,75
2026-05-07 18:39:03.652,4,-0.64,-0.49,0.69,11.967400000000001,5.883600000000001,2.9192,175,75
2026-05-07 18:39:03.663,4,-0.6,-0.47,0.76,14.1074,13.563600000000001,3.7791999999999994,175,75
2026-05-07 18:39:03.678,4,-0.57,-0.44,0.82,16.6674,6.313600000000001,1.0291999999999994,175,75
2026-05-07 18:39:03.693,4,-0.6,-0.39,0.83,16.2374,1.0036000000000023,-1.1008000000000013,175,75
2026-05-07 18:39:03.707,4,-0.62,-0.36,0.82,15.3274,-0.3363999999999976,-1.280800000000001,175,75
2026-05-07 18:39:03.773,4,-0.69,-0.3,0.8,12.7574,7.413600000000002,1.8292000000000002,175,75
2026-05-07 18:39:03.838,4,-0.72,-0.39,0.72,8.9174,-13.936399999999999,-0.4307999999999996,175,75
2026-05-07 18:39:03.862,4,-0.75,-0.42,0.68,2.5174000000000003,-7.776399999999999,0.6091999999999995,175,75
2026-05-07 18:39:03.862,4,-0.76,-0.4,0.7,0.9974000000000003,1.063600000000001,2.6792,175,75
2026-05-07 18:39:03.888,4,-0.7,-0.38,0.76,0.9374000000000002,11.4936,6.459199999999999,175,75
2026-05-07 18:39:03.899,4,-0.68,-0.38,0.77,0.9374000000000002,12.593600000000002,6.889200000000001,175,75
2026-05-07 18:39:03.909,4,-0.66,-0.38,0.78,2.0274000000000005,13.503599999999999,6.459199999999999,175,75
2026-05-07 18:39:03.942,4,-0.64,-0.36,0.8,5.6874,16.0036,6.1592,175,75
2026-05-07 18:39:03.942,4,-0.63,-0.35,0.82,6.907400000000001,18.693600000000004,7.309200000000001,175,75
2026-05-07 18:39:04.818,4,-0.63,-0.34,0.83,-2.9618,-1.318400000000004,-0.7280000000000015,175,75
2026-05-07 18:39:04.829,4,-0.62,-0.35,0.82,-2.1718,-7.718400000000003,-3.048000000000002,175,75
2026-05-07 18:39:04.840,4,-0.64,-0.35,0.78,-2.3518,-10.648400000000002,-4.638000000000002,175,75
2026-05-07 18:39:04.866,4,-0.66,-0.32,0.76,-4.9718,-1.1284000000000027,-4.148,175,75
2026-05-07 18:39:04.866,4,-0.64,-0.31,0.79,-5.6418,3.4415999999999976,-3.3580000000000005,175,75
2026-05-07 18:39:04.880,4,-0.6,-0.3,0.81,-5.7718,-0.708400000000001,-4.698,175,75
2026-05-07 18:39:04.891,4,-0.61,-0.3,0.8,-5.9517999999999995,-6.988400000000002,-6.708000000000002,175,75
2026-05-07 18:39:04.917,4,-0.59,-0.3,0.79,-6.5618,-11.128400000000003,-7.688000000000002,175,75
2026-05-07 18:39:04.929,4,-0.61,-0.3,0.76,-7.8418,-14.368400000000003,-9.758000000000003,175,75
2026-05-07 18:39:04.940,4,-0.62,-0.32,0.74,-7.231800000000001,-11.318400000000002,-9.028000000000002,175,75
2026-05-07 18:39:04.951,4,-0.62,-0.33,0.74,-7.051799999999999,-8.568400000000002,-8.598000000000003,175,75
2026-05-07 18:39:04.962,4,-0.62,-0.35,0.74,-7.7818,-5.8884000000000025,-7.318000000000001,175,75
2026-05-07 18:39:04.962,4,-0.62,-0.39,0.73,-6.7418,-4.918400000000002,-7.748000000000001,175,75
2026-05-07 18:39:04.978,4,-0.65,-0.44,0.75,-6.6818,-2.478400000000004,-6.588000000000001,175,75
2026-05-07 18:39:04.988,4,-0.65,-0.49,0.76,-7.901800000000001,-1.318400000000004,-5.6080000000000005,175,75
2026-05-07 18:39:04.999,4,-0.65,-0.49,0.77,-5.3418,-3.0184000000000033,-8.168000000000003,175,75
2026-05-07 18:39:05.010,4,-0.6,-0.5,0.78,-5.2218,-7.478400000000002,-5.9780000000000015,175,75
2026-05-07 18:39:05.026,4,-0.62,-0.5,0.78,-5.6418,-12.838400000000004,-8.048000000000002,175,75
2026-05-07 18:39:05.037,4,-0.63,-0.48,0.77,-6.2518,-11.558400000000002,-6.708000000000002,175,75
2026-05-07 18:39:05.048,4,-0.63,-0.46,0.78,-6.5018,-9.488400000000002,-5.118000000000002,175,75
2026-05-07 18:39:05.060,4,-0.62,-0.42,0.79,-6.6218,-9.058400000000002,-4.818000000000001,175,75
2026-05-07 18:39:05.072,4,-0.62,-0.39,0.79,-6.4418,-7.838400000000004,-3.048000000000002,175,75
2026-05-07 18:39:05.072,4,-0.6,-0.36,0.82,-5.3418,-7.228400000000002,-2.748000000000001,175,75
2026-05-07 18:39:05.097,4,-0.56,-0.33,0.83,-4.9718,-11.498400000000002,-3.2280000000000015,175,75
2026-05-07 18:39:05.110,4,-0.58,-0.32,0.83,-5.0918,-15.218400000000003,-4.698,175,75
2026-05-07 18:39:05.121,4,-0.58,-0.3,0.82,-5.5218,-15.648400000000002,-5.548000000000002,175,75
2026-05-07 18:39:05.135,4,-0.58,-0.3,0.79,-5.9517999999999995,-13.998400000000004,-5.798000000000002,175,75
2026-05-07 18:39:05.170,4,-0.61,-0.32,0.78,-3.0818000000000003,-9.788400000000003,-4.818000000000001,175,75
2026-05-07 18:39:05.170,4,-0.6,-0.34,0.78,-2.9618,-9.238400000000002,-4.028000000000002,175,75
2026-05-07 18:39:05.227,4,-0.62,-0.37,0.75,-0.5218,-20.338400000000004,-7.138000000000002,175,75
2026-05-07 18:39:05.237,4,-0.61,-0.38,0.75,-0.7718,-19.1184,-6.588000000000001,175,75
2026-05-07 18:39:05.271,4,-0.61,-0.38,0.73,-1.2517999999999998,-13.268400000000003,-3.418000000000003,175,75
2026-05-07 18:39:05.295,4,-0.61,-0.38,0.73,-1.5617999999999999,-13.388400000000003,-3.838000000000001,175,75
2026-05-07 18:39:05.313,4,-0.6,-0.38,0.72,-2.9018,-13.628400000000003,-3.2280000000000015,175,75
2026-05-07 18:39:05.325,4,-0.62,-0.37,0.72,-4.0618,-13.268400000000003,-3.2280000000000015,175,75
2026-05-07 18:39:05.359,4,-0.58,-0.34,0.76,-7.5318,-16.0084,-3.5380000000000003,175,75
2026-05-07 18:39:05.388,4,-0.58,-0.33,0.75,-6.7418,-23.998400000000004,-5.308,175,75
2026-05-07 18:39:05.398,4,-0.58,-0.32,0.72,-7.051799999999999,-23.268400000000003,-4.878,175,75
2026-05-07 18:39:05.410,4,-0.59,-0.33,0.72,-7.4118,-20.2784,-3.6580000000000013,175,75
2026-05-07 18:39:05.438,4,-0.57,-0.33,0.72,-7.721799999999999,-13.818400000000002,-3.1080000000000005,175,75
2026-05-07 18:39:05.457,4,-0.59,-0.35,0.7,-9.791799999999999,-10.888400000000003,-2.558,175,75
2026-05-07 18:39:05.468,4,-0.58,-0.35,0.7,-10.6418,-7.538400000000003,-2.1980000000000004,175,75
2026-05-07 18:39:05.536,4,-0.56,-0.36,0.74,-9.421800000000001,-4.1784000000000034,-6.468,175,75
2026-05-07 18:39:05.536,4,-0.55,-0.36,0.75,-8.5718,-6.068400000000002,-6.468,175,75
2026-05-07 18:39:05.583,4,-0.56,-0.37,0.7,-11.3718,-26.198400000000003,-12.618000000000002,175,75
2026-05-07 18:39:05.591,4,-0.56,-0.36,0.67,-13.1418,-26.558400000000002,-13.358,175,75
2026-05-07 18:39:05.625,4,-0.58,-0.34,0.68,-16.3718,-15.458400000000003,-12.438000000000002,175,75
2026-05-07 18:39:05.646,4,-0.57,-0.32,0.7,-17.2318,-19.608400000000003,-12.618000000000002,175,75
2026-05-07 18:39:05.657,4,-0.56,-0.32,0.7,-17.2318,-21.4384,-12.808,175,75
2026-05-07 18:39:05.680,4,-0.57,-0.3,0.71,-15.2818,-22.418400000000002,-13.168000000000003,175,75
2026-05-07 18:39:05.706,4,-0.55,-0.3,0.75,-11.1918,-31.198400000000003,-12.438000000000002,175,75
2026-05-07 18:39:05.724,4,-0.54,-0.3,0.72,-9.1218,-39.308400000000006,-13.478000000000002,175,75
2026-05-07 18:39:05.746,4,-0.54,-0.29,0.7,-7.901800000000001,-38.8784,-13.478000000000002,175,75
2026-05-07 18:39:05.746,4,-0.55,-0.29,0.7,-5.7718,-37.168400000000005,-12.438000000000002,175,75
2026-05-07 18:39:05.777,4,-0.51,-0.31,0.66,-0.5817999999999999,-36.4384,-10.548000000000002,175,75
2026-05-07 18:39:05.800,4,-0.52,-0.31,0.6,1.3082,-36.318400000000004,-9.448,175,75
2026-05-07 18:39:05.810,4,-0.56,-0.32,0.58,3.4982,-27.658400000000004,-7.748000000000001,175,75
2026-05-07 18:39:05.822,4,-0.57,-0.32,0.57,3.1982,-19.918400000000002,-5.118000000000002,175,75
2026-05-07 18:39:05.836,4,-0.59,-0.32,0.58,3.8082000000000003,-0.7684000000000033,-0.7280000000000015,175,75
2026-05-07 18:39:05.861,4,-0.57,-0.31,0.6,4.2982,8.741599999999998,3.1119999999999983,175,75
2026-05-07 18:39:05.869,4,-0.57,-0.32,0.59,6.3082,19.411599999999996,5.491999999999999,175,75
2026-05-07 18:39:05.897,4,-0.59,-0.32,0.58,8.2582,42.581599999999995,10.671999999999999,175,75
2026-05-07 18:39:05.908,4,-0.62,-0.33,0.58,7.6482,56.491600000000005,13.291999999999998,175,75
2026-05-07 18:39:05.908,4,-0.64,-0.34,0.6,6.4282,75.0816,17.442,175,75
2026-05-07 18:39:05.942,4,-0.62,-0.34,0.68,8.2582,100.5116,23.532,175,75
2026-05-07 18:39:05.942,4,-0.57,-0.34,0.76,10.1482,101.1216,24.942,175,75
2026-05-07 18:39:05.952,4,-0.53,-0.35,0.82,9.168199999999999,90.2716,26.032,175,75
2026-05-07 18:39:05.966,4,-0.52,-0.35,0.84,6.8582,72.7116,24.942,175,75
2026-05-07 18:39:05.998,4,-0.58,-0.33,0.79,4.8382000000000005,45.27160000000001,20.002,175,75
2026-05-07 18:39:06.028,4,-0.53,-0.29,0.82,6.3682,32.77159999999999,26.032,175,75
2026-05-07 18:39:06.028,4,-0.53,-0.29,0.82,7.2782,23.741599999999995,27.862,175,75
2026-05-07 18:39:06.042,4,-0.52,-0.32,0.82,8.318200000000001,10.761599999999998,28.112,175,75
2026-05-07 18:39:06.055,4,-0.51,-0.33,0.8,9.6582,-0.708400000000001,27.442,175,75
2026-05-07 18:39:06.067,4,-0.51,-0.33,0.78,11.1282,-12.958400000000003,26.101999999999997,175,75
2026-05-07 18:39:06.080,4,-0.5,-0.32,0.76,11.548200000000001,-21.128400000000003,25.732,175,75
2026-05-07 18:39:06.114,4,-0.51,-0.32,0.68,14.298200000000001,-29.238400000000002,26.162,175,75
2026-05-07 18:39:06.125,4,-0.51,-0.32,0.67,14.168199999999999,-26.558400000000002,25.971999999999998,175,75
2026-05-07 18:39:06.146,4,-0.51,-0.31,0.67,14.228200000000001,-22.228400000000004,26.032,175,75
2026-05-07 18:39:06.146,4,-0.51,-0.31,0.67,13.988199999999999,-18.998400000000004,25.912,175,75
2026-05-07 18:39:06.163,4,-0.51,-0.31,0.67,14.048200000000001,-14.978400000000002,26.892,175,75
2026-05-07 18:39:06.176,4,-0.51,-0.31,0.68,14.478200000000001,-12.658400000000002,26.642,175,75
2026-05-07 18:39:06.181,4,-0.5,-0.31,0.69,14.228200000000001,-12.168400000000002,26.162,175,75
2026-05-07 18:39:06.194,4,-0.5,-0.31,0.7,13.688199999999998,-10.768400000000003,25.552,175,75
2026-05-07 18:39:06.215,4,-0.5,-0.32,0.7,13.078199999999999,-11.558400000000002,25.732,175,75
2026-05-07 18:39:06.239,4,-0.51,-0.33,0.7,12.9482,-10.518400000000003,24.392,175,75
2026-05-07 18:39:06.252,4,-0.49,-0.33,0.69,12.9482,-9.848400000000003,24.201999999999998,175,75
2026-05-07 18:39:06.264,4,-0.48,-0.34,0.7,13.3782,-10.768400000000003,23.662,175,75
2026-05-07 18:39:06.288,4,-0.47,-0.35,0.69,13.0182,-12.478400000000002,21.951999999999998,175,75
2026-05-07 18:39:06.310,4,-0.46,-0.36,0.69,12.5882,-12.838400000000004,18.471999999999998,175,75
2026-05-07 18:39:06.320,4,-0.46,-0.37,0.7,11.4282,-12.958400000000003,17.012,175,75
2026-05-07 18:39:06.332,4,-0.47,-0.37,0.7,9.9682,-13.208400000000003,15.001999999999999,175,75
2026-05-07 18:39:06.342,4,-0.48,-0.37,0.71,8.6882,-13.998400000000004,13.351999999999999,175,75
2026-05-07 18:39:06.358,4,-0.48,-0.37,0.72,7.5282,-14.978400000000002,11.581999999999999,175,75
2026-05-07 18:39:06.369,4,-0.48,-0.36,0.72,6.7282,-17.288400000000003,10.421999999999999,175,75
2026-05-07 18:39:06.390,4,-0.48,-0.38,0.73,4.168200000000001,-21.198400000000003,9.081999999999999,175,75
2026-05-07 18:39:06.407,4,-0.48,-0.39,0.73,3.2582,-22.228400000000004,8.052,175,75
2026-05-07 18:39:06.418,4,-0.47,-0.4,0.73,2.8282,-24.1184,7.071999999999999,175,75
2026-05-07 18:39:06.443,4,-0.47,-0.39,0.74,6.3082,-25.588400000000004,5.671999999999999,175,75
2026-05-07 18:39:06.454,4,-0.47,-0.4,0.75,7.8882,-26.738400000000002,5.491999999999999,175,75
2026-05-07 18:39:06.490,4,-0.48,-0.44,0.74,13.988199999999999,-29.9784,3.6019999999999985,175,75
2026-05-07 18:39:06.513,4,-0.49,-0.45,0.72,16.4882,-33.568400000000004,0.1819999999999986,175,75
2026-05-07 18:39:06.513,4,-0.51,-0.47,0.71,17.0382,-33.9384,-0.7980000000000018,175,75
2026-05-07 18:39:06.525,4,-0.53,-0.47,0.69,16.6682,-30.038400000000003,-2.2580000000000027,175,75
2026-05-07 18:39:06.552,4,-0.52,-0.43,0.68,15.328199999999999,-18.568400000000004,-4.148,175,75
2026-05-07 18:39:06.555,4,-0.52,-0.42,0.68,14.9682,-13.328400000000002,-3.968,175,75
2026-05-07 18:39:06.580,4,-0.54,-0.37,0.7,11.4282,-1.068400000000004,-5.8580000000000005,175,75
2026-05-07 18:39:06.611,4,-0.58,-0.29,0.72,3.9282,3.931599999999996,-11.038,175,75
2026-05-07 18:39:06.650,4,-0.63,-0.23,0.72,-3.3318000000000003,3.931599999999996,-16.098,175,75
2026-05-07 18:39:06.650,4,-0.64,-0.19,0.72,-5.9517999999999995,4.481599999999997,-16.648000000000003,175,75
2026-05-07 18:39:06.686,4,-0.62,-0.17,0.69,-7.721799999999999,9.171599999999998,-12.808,175,75
2026-05-07 18:39:06.702,4,-0.61,-0.18,0.67,-6.981800000000001,12.8916,-11.948,175,75
2026-05-07 18:39:06.702,4,-0.6,-0.2,0.65,-5.4018,16.491599999999995,-11.828000000000003,175,75
2026-05-07 18:39:06.714,4,-0.57,-0.23,0.64,-3.3318000000000003,20.271599999999996,-11.528000000000002,175,75
2026-05-07 18:39:06.729,4,-0.56,-0.28,0.63,-0.8917999999999999,23.621599999999997,-11.828000000000003,175,75
2026-05-07 18:39:06.740,4,-0.55,-0.34,0.62,0.9382,25.451599999999996,-14.817999999999998,175,75
2026-05-07 18:39:06.766,4,-0.55,-0.43,0.62,0.32820000000000005,27.8916,-23.538000000000004,175,75
2026-05-07 18:39:06.777,4,-0.56,-0.47,0.63,-2.1118,26.241599999999995,-28.478,175,75
2026-05-07 18:39:06.848,4,-0.62,-0.41,0.7,-34.1218,-7.418400000000002,-54.08800000000001,175,75
2026-05-07 18:39:06.858,4,-0.63,-0.41,0.69,-39.3618,-6.738400000000002,-54.08800000000001,175,75
2026-05-07 18:39:06.870,4,-0.63,-0.41,0.69,-43.3318,-4.548400000000004,-53.358000000000004,175,75
2026-05-07 18:39:06.870,4,-0.63,-0.41,0.68,-46.131800000000005,-3.2684000000000033,-52.748000000000005,175,75
2026-05-07 18:39:06.895,4,-0.63,-0.44,0.67,-50.951800000000006,-0.5184000000000033,-49.388000000000005,175,75
2026-05-07 18:39:06.948,4,-0.64,-0.47,0.63,-55.281800000000004,-2.8384000000000036,-46.408,175,75
2026-05-07 18:39:06.958,4,-0.64,-0.46,0.63,-55.521800000000006,-2.7784000000000013,-45.548,175,75
2026-05-07 18:39:06.980,4,-0.64,-0.4,0.64,-57.8418,-0.038400000000002876,-41.278,175,75
2026-05-07 18:39:06.992,4,-0.63,-0.38,0.64,-58.631800000000005,1.9115999999999964,-39.328,175,75
2026-05-07 18:39:07.005,4,-0.64,-0.33,0.67,-60.2218,4.781599999999997,-36.038000000000004,175,75
2026-05-07 18:39:07.026,4,-0.64,-0.29,0.68,-61.2518,7.461599999999997,-27.438000000000002,175,75
2026-05-07 18:39:07.051,4,-0.64,-0.27,0.7,-60.031800000000004,8.741599999999998,-19.938000000000002,175,75
2026-05-07 18:39:07.062,4,-0.64,-0.25,0.69,-59.0018,11.301599999999997,-16.278,175,75
2026-05-07 18:39:07.087,4,-0.63,-0.24,0.66,-51.561800000000005,19.351599999999994,-5.118000000000002,175,75
2026-05-07 18:39:07.116,4,-0.64,-0.25,0.66,-41.8018,27.831599999999998,1.4019999999999975,175,75
2026-05-07 18:39:07.141,4,-0.64,-0.26,0.68,-32.171800000000005,29.2916,5.121999999999998,175,75
2026-05-07 18:39:07.187,4,-0.64,-0.24,0.71,-7.471799999999999,14.901599999999998,12.561999999999998,175,75
2026-05-07 18:39:07.192,4,-0.64,-0.24,0.71,-3.4517999999999995,11.731599999999997,14.392,175,75
2026-05-07 18:39:07.205,4,-0.64,-0.24,0.72,0.32820000000000005,8.191599999999998,16.032,175,75
2026-05-07 18:39:07.218,4,-0.64,-0.23,0.72,4.168200000000001,4.481599999999997,17.991999999999997,175,75
2026-05-07 18:39:07.240,4,-0.63,-0.23,0.72,8.138200000000001,0.3315999999999981,20.122,175,75
2026-05-07 18:39:07.240,4,-0.61,-0.23,0.72,12.1582,-4.788400000000003,22.561999999999998,175,75
2026-05-07 18:39:07.279,4,-0.6,-0.26,0.68,22.5882,-13.388400000000003,30.122,175,75
2026-05-07 18:39:07.295,4,-0.58,-0.28,0.68,28.1382,-14.058400000000002,32.682,175,75
2026-05-07 18:39:07.326,4,-0.54,-0.29,0.67,33.438199999999995,-11.868400000000003,36.581999999999994,175,75
2026-05-07 18:39:07.327,4,-0.55,-0.3,0.67,35.938199999999995,-11.318400000000002,37.742,175,75
2026-05-07 18:39:07.338,4,-0.54,-0.32,0.67,38.1982,-10.588400000000004,38.412,175,75
2026-05-07 18:39:07.371,4,-0.54,-0.34,0.68,41.8582,-9.608400000000003,39.331999999999994,175,75
2026-05-07 18:39:07.371,4,-0.53,-0.34,0.68,44.298199999999994,-9.608400000000003,40.732,175,75
2026-05-07 18:39:07.400,4,-0.51,-0.37,0.67,47.2782,-9.848400000000003,42.501999999999995,175,75
2026-05-07 18:39:07.422,4,-0.5,-0.39,0.66,50.6382,-8.268400000000003,44.022,175,75
2026-05-07 18:39:07.436,4,-0.47,-0.43,0.66,53.3182,-6.198400000000003,45.001999999999995,175,75
2026-05-07 18:39:07.469,4,-0.46,-0.52,0.65,56.798199999999994,-3.6284000000000027,40.001999999999995,175,75
2026-05-07 18:39:07.480,4,-0.45,-0.52,0.66,57.038199999999996,-3.818400000000004,36.221999999999994,175,75
2026-05-07 18:39:07.480,4,-0.45,-0.52,0.68,56.6082,-6.318400000000002,33.842,175,75
2026-05-07 18:39:07.503,4,-0.46,-0.52,0.68,55.758199999999995,-10.338400000000004,30.241999999999997,175,75
2026-05-07 18:39:07.534,4,-0.5,-0.64,0.7,54.048199999999994,-31.128400000000003,24.272,175,75
2026-05-07 18:39:07.589,4,-0.49,-0.53,0.74,43.3182,-71.1284,-4.998000000000001,175,75
2026-05-07 18:39:07.613,4,-0.46,-0.33,0.73,32.9482,-90.3384,-11.218,175,75
2026-05-07 18:39:07.638,4,-0.46,-0.14,0.72,9.228200000000001,-84.0584,-14.207999999999998,175,75
2026-05-07 18:39:07.652,4,-0.46,-0.1,0.73,-1.9817999999999998,-71.8084,-12.808,175,75
2026-05-07 18:39:07.691,4,-0.48,-0.19,0.72,-17.3518,-50.58840000000001,-11.948,175,75
2026-05-07 18:39:07.709,4,-0.49,-0.28,0.72,-25.221799999999998,-38.818400000000004,-14.758000000000003,175,75
2026-05-07 18:39:07.720,4,-0.5,-0.32,0.72,-28.0218,-34.4884,-17.078000000000003,175,75
2026-05-07 18:39:07.742,4,-0.52,-0.41,0.76,-34.241800000000005,-32.778400000000005,-24.328000000000003,175,75
2026-05-07 18:39:07.757,4,-0.54,-0.44,0.77,-35.6418,-39.7884,-28.778,175,75
2026-05-07 18:39:07.767,4,-0.54,-0.47,0.79,-35.8918,-49.4884,-34.208,175,75
2026-05-07 18:39:07.773,4,-0.55,-0.44,0.8,-35.461800000000004,-60.278400000000005,-39.698,175,75
2026-05-07 18:39:07.789,4,-0.54,-0.4,0.81,-34.671800000000005,-70.2784,-43.538000000000004,175,75
2026-05-07 18:39:07.802,4,-0.53,-0.31,0.81,-33.3918,-83.8784,-44.578,175,75
2026-05-07 18:39:07.821,4,-0.53,-0.26,0.79,-31.2518,-89.4284,-42.868,175,75
2026-05-07 18:39:07.831,4,-0.52,-0.22,0.79,-29.7918,-92.0484,-39.878,175,75
2026-05-07 18:39:07.853,4,-0.5,-0.18,0.76,-24.241799999999998,-90.6484,-29.387999999999998,175,75
2026-05-07 18:39:07.865,4,-0.5,-0.19,0.74,-20.3418,-86.0084,-25.798000000000002,175,75
2026-05-07 18:39:07.877,4,-0.48,-0.2,0.72,-16.741799999999998,-80.9484,-23.718000000000004,175,75
2026-05-07 18:39:07.896,4,-0.47,-0.22,0.7,-12.8418,-71.9884,-20.668,175,75
2026-05-07 18:39:07.908,4,-0.47,-0.23,0.69,-9.8518,-62.418400000000005,-18.048000000000002,175,75
2026-05-07 18:39:07.921,4,-0.48,-0.24,0.69,-7.721799999999999,-51.808400000000006,-15.608000000000004,175,75
2026-05-07 18:39:07.921,4,-0.49,-0.25,0.7,-5.5818,-44.4884,-13.478000000000002,175,75
2026-05-07 18:39:07.933,4,-0.5,-0.26,0.7,-3.2718,-37.418400000000005,-10.428,175,75
2026-05-07 18:39:07.945,4,-0.5,-0.27,0.72,-0.4618,-30.768400000000003,-8.358,175,75
2026-05-07 18:39:07.958,4,-0.5,-0.29,0.73,2.5882,-25.158400000000004,-5.548000000000002,175,75
2026-05-07 18:39:07.992,4,-0.5,-0.33,0.74,8.8082,-14.308400000000002,1.9519999999999982,175,75
2026-05-07 18:39:08.016,4,-0.49,-0.3,0.76,9.478200000000001,-12.048400000000003,4.691999999999998,175,75
2026-05-07 18:39:08.038,4,-0.49,-0.28,0.77,9.228200000000001,-12.348400000000003,6.831999999999999,175,75
2026-05-07 18:39:08.065,4,-0.5,-0.25,0.76,8.2582,-13.878400000000003,12.311999999999998,175,75
2026-05-07 18:39:08.071,4,-0.5,-0.24,0.75,8.1982,-12.718400000000003,14.881999999999998,175,75
2026-05-07 18:39:08.085,4,-0.52,-0.24,0.73,8.7482,-10.158400000000002,18.412,175,75
2026-05-07 18:39:08.121,4,-0.54,-0.22,0.7,14.298200000000001,3.0715999999999966,29.392,175,75
2026-05-07 18:39:08.139,4,-0.53,-0.21,0.69,17.828200000000002,7.041599999999999,33.902,175,75
2026-05-07 18:39:08.165,4,-0.52,-0.24,0.65,26.6082,17.281599999999994,42.132,175,75
2026-05-07 18:39:08.181,4,-0.52,-0.27,0.65,30.0882,22.951599999999996,45.062,175,75
2026-05-07 18:39:08.181,4,-0.51,-0.28,0.64,33.4982,27.7116,47.012,175,75
2026-05-07 18:39:08.193,4,-0.52,-0.29,0.64,37.1582,32.10159999999999,48.962,175,75
2026-05-07 18:39:08.207,4,-0.51,-0.29,0.64,41.4282,36.4316,50.912,175,75
2026-05-07 18:39:08.217,4,-0.5,-0.3,0.65,44.718199999999996,39.4816,52.562,175,75
2026-05-07 18:39:08.220,4,-0.5,-0.31,0.65,48.3782,41.91159999999999,54.022,175,75
2026-05-07 18:39:08.238,4,-0.5,-0.31,0.66,50.578199999999995,43.6216,54.082,175,75
2026-05-07 18:39:08.250,4,-0.5,-0.31,0.66,52.5882,43.8716,53.842,175,75
2026-05-07 18:39:08.286,4,-0.49,-0.31,0.68,54.6582,44.8416,50.792,175,75
2026-05-07 18:39:08.307,4,-0.48,-0.32,0.68,53.9882,43.9316,49.751999999999995,175,75
2026-05-07 18:39:08.319,4,-0.47,-0.38,0.67,52.8882,41.7916,47.562,175,75
2026-05-07 18:39:08.343,4,-0.46,-0.44,0.66,48.688199999999995,39.35159999999999,40.302,175,75
2026-05-07 18:39:08.350,4,-0.47,-0.47,0.67,45.328199999999995,36.7916,36.522,175,75
2026-05-07 18:39:08.368,4,-0.47,-0.52,0.67,42.8882,34.2916,33.662,175,75
2026-05-07 18:39:08.384,4,-0.46,-0.66,0.64,39.718199999999996,25.2116,26.032,175,75
2026-05-07 18:39:08.408,4,-0.47,-0.7,0.62,36.2482,22.581599999999998,17.072,175,75
2026-05-07 18:39:08.421,4,-0.43,-0.7,0.64,23.8682,17.101599999999994,-2.0080000000000027,175,75
2026-05-07 18:39:08.430,4,-0.45,-0.64,0.67,12.278200000000002,7.461599999999997,-15.368000000000002,175,75
2026-05-07 18:39:08.443,4,-0.48,-0.57,0.7,2.3382,-1.1284000000000027,-26.098,175,75
2026-05-07 18:39:08.454,4,-0.5,-0.45,0.76,-12.5918,-16.0084,-39.818,175,75
2026-05-07 18:39:08.470,4,-0.5,-0.32,0.8,-28.4518,-32.7184,-49.08800000000001,175,75
2026-05-07 18:39:08.481,4,-0.51,-0.23,0.8,-41.2518,-44.7884,-53.477999999999994,175,75
2026-05-07 18:39:08.492,4,-0.55,-0.18,0.77,-62.5918,-49.918400000000005,-54.938,175,75
2026-05-07 18:39:08.513,4,-0.57,-0.29,0.75,-85.5818,-31.378400000000003,-54.147999999999996,175,75
2026-05-07 18:39:08.524,4,-0.58,-0.35,0.75,-94.00179999999999,-24.178400000000003,-55.248000000000005,175,75
2026-05-07 18:39:08.541,4,-0.59,-0.42,0.76,-103.2618,-18.388400000000004,-58.598,175,75
2026-05-07 18:39:08.551,4,-0.6,-0.48,0.77,-110.4018,-18.628400000000003,-63.168000000000006,175,75
2026-05-07 18:39:08.565,4,-0.6,-0.55,0.77,-114.5518,-21.2584,-66.94800000000001,175,75
2026-05-07 18:39:08.568,4,-0.6,-0.62,0.75,-117.9618,-25.218400000000003,-70.608,175,75
2026-05-07 18:39:08.581,4,-0.62,-0.69,0.74,-121.1918,-30.1584,-74.69800000000001,175,75
2026-05-07 18:39:08.598,4,-0.64,-0.73,0.72,-123.75179999999999,-34.4284,-80.368,175,75
2026-05-07 18:39:08.615,4,-0.65,-0.76,0.69,-127.9618,-41.1284,-92.438,175,75
2026-05-07 18:39:08.627,4,-0.65,-0.74,0.68,-128.6318,-43.8784,-96.828,175,75
2026-05-07 18:39:08.627,4,-0.64,-0.69,0.68,-129.48180000000002,-46.6784,-100.728,175,75
2026-05-07 18:39:08.635,4,-0.63,-0.65,0.68,-129.79180000000002,-48.568400000000004,-102.318,175,75
2026-05-07 18:39:08.649,4,-0.61,-0.56,0.68,-130.58180000000002,-51.318400000000004,-101.468,175,75
2026-05-07 18:39:08.660,4,-0.61,-0.51,0.67,-129.79180000000002,-51.1284,-98.228,175,75
2026-05-07 18:39:08.682,4,-0.57,-0.45,0.65,-124.1218,-40.2184,-88.358,175,75
2026-05-07 18:39:08.707,4,-0.56,-0.48,0.66,-122.23179999999999,-33.9384,-81.528,175,75
2026-05-07 18:39:08.717,4,-0.56,-0.51,0.65,-119.9118,-27.0484,-77.988,175,75
2026-05-07 18:39:08.718,4,-0.57,-0.52,0.66,-117.4118,-21.498400000000004,-77.258,175,75
2026-05-07 18:39:08.730,4,-0.57,-0.51,0.67,-114.1218,-16.558400000000002,-76.708,175,75
2026-05-07 18:39:08.741,4,-0.58,-0.47,0.68,-110.95179999999999,-13.938400000000001,-74.878,175,75
2026-05-07 18:39:08.756,4,-0.61,-0.43,0.68,-107.2918,-10.158400000000002,-72.008,175,75
2026-05-07 18:39:08.767,4,-0.63,-0.42,0.69,-102.7218,-2.958400000000001,-67.868,175,75
2026-05-07 18:39:08.839,4,-0.66,-0.39,0.79,-61.561800000000005,-1.9284000000000034,-62.138000000000005,175,75
2026-05-07 18:39:08.849,4,-0.66,-0.36,0.79,-52.2318,-8.758400000000004,-61.94800000000001,175,75
2026-05-07 18:39:08.868,4,-0.64,-0.36,0.77,-32.781800000000004,-20.0984,-62.378,175,75
2026-05-07 18:39:08.879,4,-0.62,-0.36,0.75,-22.3518,-24.788400000000003,-63.908,175,75
2026-05-07 18:39:08.896,4,-0.62,-0.38,0.77,-10.701799999999999,-32.4784,-66.278,175,75
2026-05-07 18:39:08.912,4,-0.63,-0.38,0.77,0.6382000000000001,-39.97840000000001,-70.798,175,75
2026-05-07 18:39:08.924,4,-0.64,-0.34,0.78,17.4682,-55.33840000000001,-77.378,175,75
2026-05-07 18:39:08.987,4,-0.68,-0.29,0.75,65.0282,-93.5084,-88.538,175,75
2026-05-07 18:39:09.003,4,-0.67,-0.27,0.73,86.4882,-106.4384,-92.498,175,75
2026-05-07 18:39:09.026,4,-0.66,-0.26,0.71,97.9482,-111.8084,-93.478,175,75
2026-05-07 18:39:09.048,4,-0.66,-0.28,0.66,119.71820000000001,-120.0384,-95.858,175,75
2026-05-07 18:39:09.071,4,-0.67,-0.32,0.64,139.5982,-124.8484,-97.988,175,75
2026-05-07 18:39:09.106,4,-0.69,-0.37,0.61,166.48819999999998,-135.6484,-102.008,175,75
2026-05-07 18:39:09.119,4,-0.7,-0.37,0.6,173.4382,-139.4884,-102.498,175,75
2026-05-07 18:39:09.134,4,-0.71,-0.39,0.58,186.1282,-145.7684,-102.438,175,75
2026-05-07 18:39:09.148,4,-0.72,-0.39,0.57,190.57819999999998,-149.54840000000002,-102.19800000000001,175,75
2026-05-07 18:39:09.192,4,-0.74,-0.47,0.55,198.3782,-165.7084,-100.548,175,75
2026-05-07 18:39:09.203,4,-0.75,-0.48,0.54,197.6482,-169.6084,-100.308,175,75
2026-05-07 18:39:09.204,4,-0.75,-0.49,0.53,196.79819999999998,-173.4484,-99.028,175,75
